1,0,3461
2,3462,2390
3,5853,249
4,6103,3270
5,9374,256
6,9631,1454
7,11086,435
8,11522,3697
9,15220,2194
10,17415,1010
11,18426,317
12,18744,2936
13,21681,2185
14,23867,1113
15,24981,1516
16,26498,1088
17,27587,1225
18,28813,1587
19,30401,2755
20,33157,2830
21,35988,3583
22,39572,1160
23,40733,6885
24,47619,121
25,47741,1012
26,48754,268
27,49023,706
28,49730,2356
29,52087,114
30,52202,2752
31,54955,67
32,55023,478
33,55502,1009
34,56512,746
35,57259,392
36,57652,93
37,57746,278
38,58025,457
39,58483,173
40,58657,56
41,58714,356
42,59071,37
43,59109,7285
44,66395,6340
45,72736,629
46,73366,3216
47,76583,309
48,76893,86
49,76980,26
50,77007,3510
51,80518,330
52,80849,1727
53,82577,630
54,83208,11286
55,94495,5569
56,100065,299
57,100365,3964
58,104330,625
59,104956,484
60,105441,733
61,106175,1930
62,108106,1289
63,109396,1007
64,110404,2260
65,112665,2610
66,115276,1455
67,116732,1810
68,118543,2620
69,121164,711
70,121876,2751
71,124628,2112
72,126741,1499
73,128241,4979
74,133221,2803
75,136025,3429
76,139455,274
77,139730,594
78,140325,172
79,140498,366
80,140865,4163
81,145029,2299
82,147329,26
83,147356,1279
84,148636,1629
85,150266,2159
86,152426,106
87,152533,243
88,152777,916
89,153694,180
90,153875,1818
91,155694,121
92,155816,91
93,155908,83
94,155992,2438
95,158431,231
96,158663,49
97,158713,425
98,159139,249
99,159389,326
100,159716,68
101,159785,529
102,160315,2243
103,162559,1200
104,163760,409
105,164170,368
106,164539,2121
107,166661,58
108,166720,18
109,166739,1890
110,168630,2014
111,170645,1267
112,171913,3274
113,175188,3014
114,178203,665
115,178869,1153
116,180023,46
117,180070,179
118,180250,1866
119,182117,602
120,182720,302
121,183023,1212
122,184236,3470
123,187707,3522
124,191230,7765
125,198996,979
126,199976,1886
127,201863,2673
128,204537,3079
129,207617,1900
130,209518,1345
131,210864,1116
132,211981,4447
133,216429,334
134,216764,240
135,217005,647
136,217653,1117
137,218771,1374
138,220146,3242
139,223389,1100
140,224490,2726
141,227217,413
142,227631,3980
143,231612,493
144,232106,237
145,232344,155
146,232500,680
147,233181,1066
148,234248,94
149,234343,1415
150,235759,472
151,236232,288
152,236521,126
153,236648,70
154,236719,116
155,236836,4000
156,240837,218
157,241056,1190
158,242247,1609
159,243857,984
160,244842,2570
161,247413,644
162,248058,814
163,248873,2080
164,250954,28
165,250983,571
166,251555,98
167,251654,44
168,251699,26
169,251726,21
170,251748,168
171,251917,3469
172,255387,113
173,255501,219
174,255721,1170
175,256892,293
176,257186,105
177,257292,1607
178,258900,1142
179,260043,1616
180,261660,38
181,261699,669
182,262369,2257
183,264627,3521
184,268149,958
185,269108,398
186,269507,1565
187,271073,4742
188,275816,372
189,276189,1489
190,277679,2098
191,279778,4252
192,284031,28
193,284060,520
194,284581,92
195,284674,112
196,284787,144
197,284932,591
198,285524,1521
199,287046,3533
200,290580,1968
201,292549,955
202,293505,284
203,293790,399
204,294190,1479
205,295670,2087
206,297758,2214
207,299973,153
208,300127,263
209,300391,66
210,300458,83
211,300542,75
212,300618,225
213,300844,166
214,301011,216
215,301228,39
216,301268,1345
217,302614,5523
218,308138,2899
219,311038,26
220,311065,40
221,311106,25
222,311132,439
223,311572,70
224,311643,380
225,312024,494
226,312519,80
227,312600,2672
228,315273,6624
229,321898,891
230,322790,276
231,323067,2046
232,325114,1916
233,327031,761
234,327793,46
235,327840,79
236,327920,41
237,327962,299
238,328262,518
239,328781,229
240,329011,18
241,329030,47
242,329078,120
243,329199,1821
244,331021,491
245,331513,351
246,331865,74
247,331940,28
248,331969,26
249,331996,812
250,332809,448
251,333258,429
252,333688,1125
253,334814,65
254,334880,624
255,335505,247
256,335753,18
257,335772,126
258,335899,18
259,335918,698
260,336617,372
261,336990,272
262,337263,816
263,338080,1045
264,339126,41
265,339168,797
266,339966,229
267,340196,252
268,340449,98
269,340548,481
270,341030,301
271,341332,403
272,341736,314
273,342051,195
274,342247,827
275,343075,38
276,343114,959
277,344074,1907
278,345982,274
279,346257,148
280,346406,26
281,346433,830
282,347264,2548
283,349813,149
284,349963,358
285,350322,303
286,350626,1504
287,352131,27
288,352159,548
289,352708,1965
290,354674,1121
291,355796,705
292,356502,84
293,356587,357
294,356945,179
295,357125,164
296,357290,3026
297,360317,1122
298,361440,2158
299,363599,145
300,363745,645
301,364391,112
302,364504,50
303,364555,39
304,364595,138
305,364734,161
306,364896,104
307,365001,133
308,365135,38
309,365174,295
310,365470,644
311,366115,86
312,366202,97
313,366300,57
314,366358,170
315,366529,17
316,366547,17
317,366565,2708
318,369274,27
319,369302,1388
320,370691,1957
321,372649,961
322,373611,207
323,373819,17
324,373837,1487
325,375325,292
326,375618,208
327,375827,310
328,376138,1440
329,377579,742
330,378322,342
331,378665,28
332,378694,37
333,378732,432
334,379165,765
335,379931,147
336,380079,134
337,380214,2206
338,382421,1940
339,384362,238
340,384601,426
341,385028,1776
342,386805,337
343,387143,2362
344,389506,718
345,390225,1061
346,391287,18
347,391306,66
348,391373,627
349,392001,134
350,392136,253
351,392390,318
352,392709,1746
353,394456,688
354,395145,28
355,395174,326
356,395501,147
357,395649,238
358,395888,141
359,396030,334
360,396365,720
361,397086,1468
362,398555,757
363,399313,444
364,399758,51
365,399810,124
366,399935,604
367,400540,1909
368,402450,225
369,402676,1594
370,404271,1014
371,405286,38
372,405325,358
373,405684,18
374,405703,439
375,406143,632
376,406776,196
377,406973,851
378,407825,3156
379,410982,1129
380,412112,122
381,412235,163
382,412399,151
383,412551,168
384,412720,1022
385,413743,122
386,413866,492
387,414359,1179
388,415539,1339
389,416879,635
390,417515,1711
391,419227,420
392,419648,66
393,419715,757
394,420473,446
395,420920,75
396,420996,239
397,421236,590
398,421827,1785
399,423613,37
400,423651,239
401,423891,25
402,423917,1048
403,424966,214
404,425181,174
405,425356,749
406,426106,1328
407,427435,1815
408,429251,1073
409,430325,195
410,430521,15
411,430537,44
412,430582,337
413,430920,45
414,430966,178
415,431145,587
416,431733,472
417,432206,597
418,432804,16
419,432821,16
420,432838,418
421,433257,17
422,433275,408
423,433684,1700
424,435385,15
425,435401,403
426,435805,1447
427,437253,930
428,438184,192
429,438377,72
430,438450,372
431,438823,26
432,438850,350
433,439201,171
434,439373,24
435,439398,157
436,439556,704
437,440261,62
438,440324,116
439,440441,36
440,440478,26
441,440505,34
442,440540,465
443,441006,544
444,441551,34
445,441586,447
446,442034,3098
447,445133,704
448,445838,424
449,446263,301
450,446565,493
451,447059,1032
452,448092,28
453,448121,16
454,448138,1668
455,449807,16
456,449824,27
457,449852,125
458,449978,398
459,450377,16
460,450394,279
461,450674,462
462,451137,637
463,451775,141
464,451917,38
465,451956,344
466,452301,1865
467,454167,1047
468,455215,1139
469,456355,2225
470,458581,85
471,458667,262
472,458930,144
473,459075,296
474,459372,441
475,459814,876
476,460691,887
477,461579,1741
478,463321,1219
479,464541,118
480,464660,63
481,464724,966
482,465691,164
483,465856,1099
484,466956,67
485,467024,468
486,467493,520
487,468014,1145
488,469160,127
489,469288,195
490,469484,346
491,469831,27
492,469859,1354
493,471214,28
494,471243,504
495,471748,185
496,471934,875
497,472810,58
498,472869,19
499,472889,192
500,473082,543
501,473626,1042
502,474669,254
503,474924,269
504,475194,74
505,475269,558
506,475828,255
507,476084,1815
508,477900,1202
509,479103,450
510,479554,934
511,480489,17
512,480507,541
513,481049,1715
514,482765,86
515,482852,413
516,483266,49
517,483316,126
518,483443,413
519,483857,952
520,484810,40
521,484851,37
522,484889,201
523,485091,194
524,485286,187
525,485474,3314
526,488789,124
527,488914,556
528,489471,117
529,489589,57
530,489647,332
531,489980,115
532,490096,1554
533,491651,188
534,491840,1389
535,493230,274
536,493505,1280
537,494786,220
538,495007,416
539,495424,984
540,496409,1270
541,497680,18
542,497699,220
543,497920,892
544,498813,106
545,498920,125
546,499046,1181
547,500228,388
548,500617,271
549,500889,2053
550,502943,920
551,503864,240
552,504105,1161
553,505267,377
554,505645,1373
555,507019,1112
556,508132,701
557,508834,18
558,508853,385
559,509239,202
560,509442,86
561,509529,110
562,509640,70
563,509711,767
564,510479,682
565,511162,1554
566,512717,53
567,512771,409
568,513181,39
569,513221,229
570,513451,57
571,513509,45
572,513555,203
573,513759,145
574,513905,594
575,514500,193
576,514694,189
577,514884,753
578,515638,186
579,515825,192
580,516018,56
581,516075,153
582,516229,209
583,516439,226
584,516666,921
585,517588,170
586,517759,212
587,517972,363
588,518336,57
589,518394,887
590,519282,1269
591,520552,121
592,520674,173
593,520848,18
594,520867,436
595,521304,18
596,521323,150
597,521474,162
598,521637,136
599,521774,67
600,521842,47
601,521890,484
602,522375,149
603,522525,37
604,522563,365
605,522929,151
606,523081,229
607,523311,492
608,523804,78
609,523883,328
610,524212,38
611,524251,234
612,524486,691
613,525178,89
614,525268,51
615,525320,640
616,525961,257
617,526219,124
618,526344,17
619,526362,1206
620,527569,440
621,528010,17
622,528028,897
623,528926,185
624,529112,64
625,529177,555
626,529733,31
627,529765,47
628,529813,1299
629,531113,532
630,531646,880
631,532527,197
632,532725,848
633,533574,2152
634,535727,297
635,536025,115
636,536141,162
637,536304,609
638,536914,798
639,537713,46
640,537760,98
641,537859,112
642,537972,44
643,538017,328
644,538346,227
645,538574,424
646,538999,391
647,539391,293
648,539685,176
649,539862,1870
650,541733,58
651,541792,520
652,542313,205
653,542519,889
654,543409,36
655,543446,496
656,543943,620
657,544564,105
658,544670,400
659,545071,17
660,545089,232
661,545322,724
662,546047,17
663,546065,836
664,546902,195
665,547098,53
666,547152,1451
667,548604,441
668,549046,82
669,549129,1373
670,550503,210
671,550714,438
672,551153,45
673,551199,295
674,551495,162
675,551658,37
676,551696,960
677,552657,238
678,552896,82
679,552979,97
680,553077,1711
681,554789,208
682,554998,157
683,555156,836
684,555993,2168
685,558162,304
686,558467,213
687,558681,510
688,559192,52
689,559245,157
690,559403,15
691,559419,84
692,559504,317
693,559822,585
694,560408,95
695,560504,749
696,561254,209
697,561464,25
698,561490,184
699,561675,2997
700,564673,496
701,565170,72
702,565243,1519
703,566763,93
704,566857,34
705,566892,309
706,567202,267
707,567470,608
708,568079,373
709,568453,39
710,568493,412
711,568906,292
712,569199,1029
713,570229,164
714,570394,114
715,570509,20
716,570530,141
717,570672,65
718,570738,27
719,570766,1639
720,572406,580
721,572987,94
722,573082,37
723,573120,68
724,573189,75
725,573265,143
726,573409,272
727,573682,1814
728,575497,252
729,575750,3262
730,579013,1509
731,580523,157
732,580681,27
733,580709,161
734,580871,824
735,581696,894
736,582591,535
737,583127,776
738,583904,275
739,584180,45
740,584226,166
741,584393,1551
742,585945,53
743,585999,751
744,586751,669
745,587421,109
746,587531,578
747,588110,471
748,588582,25
749,588608,19
750,588628,52
751,588681,17
752,588699,61
753,588761,17
754,588779,1453
755,590233,218
756,590452,393
757,590846,37
758,590884,70
759,590955,17
760,590973,32
761,591006,35
762,591042,1423
763,592466,17
764,592484,497
765,592982,17
766,593000,933
767,593934,298
768,594233,73
769,594307,77
770,594385,217
771,594603,27
772,594631,534
773,595166,604
774,595771,1064
775,596836,18
776,596855,297
777,597153,170
778,597324,73
779,597398,36
780,597435,28
781,597464,756
782,598221,18
783,598240,244
784,598485,189
785,598675,213
786,598889,349
787,599239,17
788,599257,36
789,599294,732
790,600027,384
791,600412,1089
792,601502,519
793,602022,184
794,602207,669
795,602877,86
796,602964,455
797,603420,116
798,603537,260
799,603798,448
800,604247,17
801,604265,466
802,604732,120
803,604853,26
804,604880,17
805,604898,183
806,605082,85
807,605168,17
808,605186,35
809,605222,17
810,605240,648
811,605889,48
812,605938,67
813,606006,1899
814,607906,76
815,607983,690
816,608674,551
817,609226,92
818,609319,210
819,609530,127
820,609658,585
821,610244,1076
822,611321,760
823,612082,619
824,612702,18
825,612721,348
826,613070,101
827,613172,575
828,613748,311
829,614060,111
830,614172,57
831,614230,188
832,614419,853
833,615273,394
834,615668,87
835,615756,157
836,615914,925
837,616840,118
838,616959,576
839,617536,414
840,617951,504
841,618456,405
842,618862,181
843,619044,47
844,619092,134
845,619227,35
846,619263,1066
847,620330,1902
848,622233,241
849,622475,847
850,623323,277
851,623601,304
852,623906,295
853,624202,46
854,624249,531
855,624781,22
856,624804,28
857,624833,2027
858,626861,878
859,627740,168
860,627909,95
861,628005,857
862,628863,86
863,628950,410
864,629361,27
865,629389,604
866,629994,550
867,630545,425
868,630971,231
869,631203,87
870,631291,377
871,631669,415
872,632085,192
873,632278,479
874,632758,76
875,632835,479
876,633315,70
877,633386,1222
878,634609,375
879,634985,360
880,635346,1271
881,636618,2059
882,638678,635
883,639314,340
884,639655,124
885,639780,95
886,639876,329
887,640206,315
888,640522,26
889,640549,53
890,640603,341
891,640945,197
892,641143,74
893,641218,183
894,641402,150
895,641553,146
896,641700,179
897,641880,274
898,642155,15
899,642171,16
900,642188,25
901,642214,16
902,642231,25
903,642257,501
904,642759,945
905,643705,876
906,644582,503
907,645086,378
908,645465,319
909,645785,96
910,645882,408
911,646291,273
912,646565,981
913,647547,323
914,647871,212
915,648084,464
916,648549,38
917,648588,305
918,648894,277
919,649172,748
920,649921,265
921,650187,176
922,650364,54
923,650419,471
924,650891,356
925,651248,612
926,651861,525
927,652387,477
928,652865,598
929,653464,202
930,653667,96
931,653764,17
932,653782,491
933,654274,218
934,654493,17
935,654511,55
936,654567,57
937,654625,461
938,655087,248
939,655336,130
940,655467,336
941,655804,769
942,656574,412
943,656987,264
944,657252,206
945,657459,174
946,657634,175
947,657810,86
948,657897,433
949,658331,65
950,658397,22
951,658420,59
952,658480,426
953,658907,18
954,658926,301
955,659228,18
956,659247,1660
957,660908,38
958,660947,232
959,661180,251
960,661432,157
961,661590,162
962,661753,732
963,662486,99
964,662586,49
965,662636,1531
966,664168,593
967,664762,819
968,665582,778
969,666361,123
970,666485,296
971,666782,205
972,666988,34
973,667023,229
974,667253,258
975,667512,308
976,667821,134
977,667956,287
978,668244,658
979,668903,25
980,668929,99
981,669029,813
982,669843,32
983,669876,82
984,669959,530
985,670490,224
986,670715,201
987,670917,200
988,671118,459
989,671578,1224
990,672803,489
991,673293,16
992,673310,172
993,673483,84
994,673568,58
995,673627,1008
996,674636,1202
997,675839,1448
998,677288,62
999,677351,40
1000,677392,40
1001,677433,651
1002,678085,127
1003,678213,281
1004,678495,106
1005,678602,190
1006,678793,43
1007,678837,47
1008,678885,660
1009,679546,446
1010,679993,77
1011,680071,31
1012,680103,352
1013,680456,274
1014,680731,108
1015,680840,67
1016,680908,512
1017,681421,1891
1018,683313,1698
1019,685012,471
1020,685484,18
1021,685503,253
1022,685757,211
1023,685969,972
1024,686942,785
1025,687728,52
1026,687781,704
1027,688486,259
1028,688746,387
1029,689134,246
1030,689381,571
1031,689953,104
1032,690058,123
1033,690182,268
1034,690451,168
1035,690620,169
1036,690790,145
1037,690936,595
1038,691532,18
1039,691551,412
1040,691964,79
1041,692044,750
1042,692795,431
1043,693227,461
1044,693689,550
1045,694240,58
1046,694299,1129
1047,695429,531
1048,695961,19
1049,695981,84
1050,696066,250
1051,696317,381
1052,696699,639
1053,697339,80
1054,697420,250
1055,697671,249
1056,697921,284
1057,698206,18
1058,698225,301
1059,698527,38
1060,698566,150
1061,698717,651
1062,699369,548
1063,699918,119
1064,700038,92
1065,700131,19
1066,700151,57
1067,700209,262
1068,700472,176
1069,700649,56
1070,700706,32
1071,700739,111
1072,700851,204
1073,701056,1348
1074,702405,125
1075,702531,58
1076,702590,174
1077,702765,464
1078,703230,177
1079,703408,39
1080,703448,151
1081,703600,48
1082,703649,168
1083,703818,94
1084,703913,19
1085,703933,285
1086,704219,19
1087,704239,415
1088,704655,153
1089,704809,79
1090,704889,28
1091,704918,548
1092,705467,19
1093,705487,157
1094,705645,19
1095,705665,19
1096,705685,100
1097,705786,350
1098,706137,104
1099,706242,18
1100,706261,41
1101,706303,38
1102,706342,205
1103,706548,138
1104,706687,81
1105,706769,18
1106,706788,37
1107,706826,31
1108,706858,37
1109,706896,444
1110,707341,38
1111,707380,19
1112,707400,218
1113,707619,127
1114,707747,122
1115,707870,584
1116,708455,136
1117,708592,372
1118,708965,31
1119,708997,502
1120,709500,666
1121,710167,88
1122,710256,458
1123,710715,82
1124,710798,417
1125,711216,19
1126,711236,83
1127,711320,397
1128,711718,664
1129,712383,395
1130,712779,258
1131,713038,56
1132,713095,160
1133,713256,201
1134,713458,187
1135,713646,197
1136,713844,245
1137,714090,306
1138,714397,37
1139,714435,595
1140,715031,393
1141,715425,111
1142,715537,228
1143,715766,74
1144,715841,170
1145,716012,232
1146,716245,101
1147,716347,79
1148,716427,156
1149,716584,117
1150,716702,692
1151,717395,161
1152,717557,380
1153,717938,29
1154,717968,63
1155,718032,164
1156,718197,181
1157,718379,628
1158,719008,731
1159,719740,254
1160,719995,19
1161,720015,19
1162,720035,47
1163,720083,1379
1164,721463,133
1165,721597,157
1166,721755,442
1167,722198,519
1168,722718,690
1169,723409,626
1170,724036,163
1171,724200,263
1172,724464,198
1173,724663,383
1174,725047,74
1175,725122,417
1176,725540,136
1177,725677,20
1178,725698,129
1179,725828,131
1180,725960,82
1181,726043,881
1182,726925,139
1183,727065,27
1184,727093,288
1185,727382,114
1186,727497,811
1187,728309,423
1188,728733,499
1189,729233,435
1190,729669,97
1191,729767,78
1192,729846,259
1193,730106,1088
1194,731195,214
1195,731410,615
1196,732026,338
1197,732365,287
1198,732653,65
1199,732719,43
1200,732763,29
1201,732793,745
1202,733539,1835
1203,735375,43
1204,735419,251
1205,735671,1297
1206,736969,188
1207,737158,459
1208,737618,96
1209,737715,434
1210,738150,648
1211,738799,27
1212,738827,417
1213,739245,562
1214,739808,27
1215,739836,30
1216,739867,248
1217,740116,39
1218,740156,53
1219,740210,29
1220,740240,177
1221,740418,270
1222,740689,750
1223,741440,449
1224,741890,358
1225,742249,38
1226,742288,313
1227,742602,46
1228,742649,205
1229,742855,327
1230,743183,177
1231,743361,285
1232,743647,242
1233,743890,259
1234,744150,28
1235,744179,163
1236,744343,30
1237,744374,315
1238,744690,194
1239,744885,228
1240,745114,401
1241,745516,38
1242,745555,209
1243,745765,63
1244,745829,17
1245,745847,48
1246,745896,106
1247,746003,162
1248,746166,30
1249,746197,33
1250,746231,70
1251,746302,181
1252,746484,65
1253,746550,563
1254,747114,239
1255,747354,26
1256,747381,17
1257,747399,390
1258,747790,164
1259,747955,594
1260,748550,279
1261,748830,405
1262,749236,262
1263,749499,18
1264,749518,70
1265,749589,143
1266,749733,18
1267,749752,286
1268,750039,373
1269,750413,176
1270,750590,54
1271,750645,183
1272,750829,480
1273,751310,197
1274,751508,26
1275,751535,407
1276,751943,401
1277,752345,47
1278,752393,100
1279,752494,112
1280,752607,159
1281,752767,365
1282,753133,284
1283,753418,185
1284,753604,38
1285,753643,87
1286,753731,289
1287,754021,152
1288,754174,192
1289,754367,151
1290,754519,90
1291,754610,37
1292,754648,151
1293,754800,108
1294,754909,117
1295,755027,305
1296,755333,18
1297,755352,19
1298,755372,143
1299,755516,163
1300,755680,28
1301,755709,68
1302,755778,167
1303,755946,299
1304,756246,20
1305,756267,18
1306,756286,358
1307,756645,53
1308,756699,18
1309,756718,297
1310,757016,109
1311,757126,222
1312,757349,331
1313,757681,48
1314,757730,95
1315,757826,378
1316,758205,46
1317,758252,317
1318,758570,138
1319,758709,230
1320,758940,38
1321,758979,82
1322,759062,118
1323,759181,58
1324,759240,316
1325,759557,446
1326,760004,29
1327,760034,403
1328,760438,19
1329,760458,89
1330,760548,373
1331,760922,785
1332,761708,283
1333,761992,28
1334,762021,390
1335,762412,235
1336,762648,190
1337,762839,301
1338,763141,379
1339,763521,659
1340,764181,68
1341,764250,130
1342,764381,287
1343,764669,249
1344,764919,60
1345,764980,239
1346,765220,71
1347,765292,29
1348,765322,117
1349,765440,71
1350,765512,265
1351,765778,36
1352,765815,263
1353,766079,62
1354,766142,27
1355,766170,68
1356,766239,196
1357,766436,178
1358,766615,136
1359,766752,140
1360,766893,48
1361,766942,600
1362,767543,509
1363,768053,72
1364,768126,82
1365,768209,82
1366,768292,29
1367,768322,333
1368,768656,93
1369,768750,36
1370,768787,27
1371,768815,63
1372,768879,361
1373,769241,28
1374,769270,28
1375,769299,54
1376,769354,27
1377,769382,148
1378,769531,37
1379,769569,786
1380,770356,230
1381,770587,960
1382,771548,66
1383,771615,81
1384,771697,93
1385,771791,269
1386,772061,89
1387,772151,29
1388,772181,149
1389,772331,37
1390,772369,17
1391,772387,124
1392,772512,76
1393,772589,37
1394,772627,661
1395,773289,291
1396,773581,60
1397,773642,116
1398,773759,427
1399,774187,142
1400,774330,286
1401,774617,956
1402,775574,27
1403,775602,79
1404,775682,364
1405,776047,58
1406,776106,90
1407,776197,28
1408,776226,553
1409,776780,129
1410,776910,251
1411,777162,257
1412,777420,290
1413,777711,219
1414,777931,147
1415,778079,46
1416,778126,302
1417,778429,175
1418,778605,18
1419,778624,102
1420,778727,47
1421,778775,458
1422,779234,346
1423,779581,89
1424,779671,735
1425,780407,107
1426,780515,18
1427,780534,524
1428,781059,493
1429,781553,719
1430,782273,147
1431,782421,19
1432,782441,1103
1433,783545,364
1434,783910,57
1435,783968,49
1436,784018,156
1437,784175,322
1438,784498,191
1439,784690,95
1440,784786,55
1441,784842,260
1442,785103,348
1443,785452,127
1444,785580,80
1445,785661,110
1446,785772,79
1447,785852,29
1448,785882,54
1449,785937,19
1450,785957,189
1451,786147,48
1452,786196,47
1453,786244,39
1454,786284,19
1455,786304,520
1456,786825,100
1457,786926,351
1458,787278,211
1459,787490,49
1460,787540,299
1461,787840,49
1462,787890,58
1463,787949,19
1464,787969,234
1465,788204,1653
1466,789858,147
1467,790006,262
1468,790269,48
1469,790318,143
1470,790462,37
1471,790500,580
1472,791081,159
1473,791241,19
1474,791261,258
1475,791520,593
1476,792114,37
1477,792152,29
1478,792182,66
1479,792249,66
1480,792316,60
1481,792377,39
1482,792417,110
1483,792528,197
1484,792726,63
1485,792790,111
1486,792902,177
1487,793080,166
1488,793247,497
1489,793745,81
1490,793827,74
1491,793902,39
1492,793942,573
1493,794516,651
1494,795168,76
1495,795245,103
1496,795349,245
1497,795595,211
1498,795807,456
1499,796264,45
1500,796310,184
1501,796495,1278
1502,797774,160
1503,797935,55
1504,797991,144
1505,798136,35
1506,798172,17
1507,798190,17
1508,798208,678
1509,798887,227
1510,799115,40
1511,799156,213
1512,799370,182
1513,799553,298
1514,799852,428
1515,800281,366
1516,800648,478
1517,801127,148
1518,801276,119
1519,801396,27
1520,801424,605
1521,802030,57
1522,802088,606
1523,802695,28
1524,802724,209
1525,802934,254
1526,803189,820
1527,804010,434
1528,804445,38
1529,804484,158
1530,804643,54
1531,804698,247
1532,804946,19
1533,804966,294
1534,805261,88
1535,805350,128
1536,805479,195
1537,805675,262
1538,805938,225
1539,806164,1172
1540,807337,121
1541,807459,173
1542,807633,365
1543,807999,172
1544,808172,48
1545,808221,134
1546,808356,335
1547,808692,472
1548,809165,301
1549,809467,130
1550,809598,189
1551,809788,125
1552,809914,18
1553,809933,47
1554,809981,427
1555,810409,278
1556,810688,29
1557,810718,231
1558,810950,67
1559,811018,19
1560,811038,384
1561,811423,833
1562,812257,19
1563,812277,134
1564,812412,617
1565,813030,484
1566,813515,586
1567,814102,20
1568,814123,273
1569,814397,781
1570,815179,156
1571,815336,148
1572,815485,36
1573,815522,218
1574,815741,506
1575,816248,18
1576,816267,81
1577,816349,78
1578,816428,807
1579,817236,108
1580,817345,270
1581,817616,18
1582,817635,96
1583,817732,72
1584,817805,119
1585,817925,30
1586,817956,19
1587,817976,78
1588,818055,211
1589,818267,523
1590,818791,57
1591,818849,244
1592,819094,59
1593,819154,37
1594,819192,434
1595,819627,246
1596,819874,161
1597,820036,99
1598,820136,124
1599,820261,248
1600,820510,413
1601,820924,64
1602,820989,153
1603,821143,945
1604,822089,278
1605,822368,67
1606,822436,75
1607,822512,84
1608,822597,28
1609,822626,649
1610,823276,178
1611,823455,764
1612,824220,430
1613,824651,656
1614,825308,253
1615,825562,94
1616,825657,28
1617,825686,80
1618,825767,37
1619,825805,202
1620,826008,28
1621,826037,679
1622,826717,129
1623,826847,65
1624,826913,91
1625,827005,156
1626,827162,66
1627,827229,19
1628,827249,29
1629,827279,410
1630,827690,97
1631,827788,292
1632,828081,29
1633,828111,46
1634,828158,98
1635,828257,27
1636,828285,44
1637,828330,18
1638,828349,18
1639,828368,113
1640,828482,294
1641,828777,58
1642,828836,101
1643,828938,68
1644,829007,201
1645,829209,33
1646,829243,241
1647,829485,97
1648,829583,499
1649,830083,22
1650,830106,161
1651,830268,32
1652,830301,67
1653,830369,302
1654,830672,37
1655,830710,629
1656,831340,54
1657,831395,151
1658,831547,27
1659,831575,77
1660,831653,174
1661,831828,56
1662,831885,89
1663,831975,39
1664,832015,114
1665,832130,18
1666,832149,495
1667,832645,352
1668,832998,77
1669,833076,125
1670,833202,445
1671,833648,27
1672,833676,102
1673,833779,18
1674,833798,29
1675,833828,161
1676,833990,379
1677,834370,280
1678,834651,246
1679,834898,267
1680,835166,97
1681,835264,59
1682,835324,40
1683,835365,62
1684,835428,102
1685,835531,181
1686,835713,27
1687,835741,45
1688,835787,18
1689,835806,46
1690,835853,156
1691,836010,38
1692,836049,57
1693,836107,194
1694,836302,206
1695,836509,41
1696,836551,60
1697,836612,220
1698,836833,105
1699,836939,37
1700,836977,585
1701,837563,69
1702,837633,40
1703,837674,18
1704,837693,463
1705,838157,439
1706,838597,26
1707,838624,85
1708,838710,46
1709,838757,241
1710,838999,276
1711,839276,559
1712,839836,17
1713,839854,38
1714,839893,85
1715,839979,392
1716,840372,51
1717,840424,286
1718,840711,235
1719,840947,21
1720,840969,233
1721,841203,314
1722,841518,117
1723,841636,85
1724,841722,84
1725,841807,18
1726,841826,32
1727,841859,61
1728,841921,168
1729,842090,28
1730,842119,205
1731,842325,258
1732,842584,82
1733,842667,444
1734,843112,57
1735,843170,306
1736,843477,517
1737,843995,94
1738,844090,77
1739,844168,38
1740,844207,310
1741,844518,284
1742,844803,49
1743,844853,424
1744,845278,111
1745,845390,414
1746,845805,29
1747,845835,36
1748,845872,115
1749,845988,19
1750,846008,1012
1751,847021,19
1752,847041,161
1753,847203,93
1754,847297,47
1755,847345,59
1756,847405,19
1757,847425,39
1758,847465,19
1759,847485,46
1760,847532,36
1761,847569,17
1762,847587,180
1763,847768,193
1764,847962,362
1765,848325,58
1766,848384,18
1767,848403,175
1768,848579,253
1769,848833,106
1770,848940,71
1771,849012,354
1772,849367,170
1773,849538,47
1774,849586,304
1775,849891,228
1776,850120,50
1777,850171,156
1778,850328,212
1779,850541,149
1780,850691,135
1781,850827,64
1782,850892,71
1783,850964,32
1784,850997,46
1785,851044,235
1786,851280,210
1787,851491,560
1788,852052,281
1789,852334,38
1790,852373,69
1791,852443,151
1792,852595,19
1793,852615,299
1794,852915,19
1795,852935,535
1796,853471,104
1797,853576,77
1798,853654,21
1799,853676,218
1800,853895,57
1801,853953,442
1802,854396,48
1803,854445,171
1804,854617,41
1805,854659,156
1806,854816,89
1807,854906,102
1808,855009,380
1809,855390,19
1810,855410,98
1811,855509,297
1812,855807,80
1813,855888,19
1814,855908,83
1815,855992,30
1816,856023,148
1817,856172,503
1818,856676,237
1819,856914,135
1820,857050,29
1821,857080,33
1822,857114,19
1823,857134,129
1824,857264,451
1825,857716,28
1826,857745,227
1827,857973,68
1828,858042,167
1829,858210,615
1830,858826,83
1831,858910,78
1832,858989,65
1833,859055,19
1834,859075,19
1835,859095,29
1836,859125,152
1837,859278,27
1838,859306,180
1839,859487,59
1840,859547,241
1841,859789,29
1842,859819,22
1843,859842,448
1844,860291,510
1845,860802,54
1846,860857,47
1847,860905,271
1848,861177,17
1849,861195,173
1850,861369,17
1851,861387,57
1852,861445,248
1853,861694,26
1854,861721,17
1855,861739,532
1856,862272,113
1857,862386,80
1858,862467,185
1859,862653,30
1860,862684,69
1861,862754,39
1862,862794,179
1863,862974,46
1864,863021,131
1865,863153,18
1866,863172,37
1867,863210,264
1868,863475,18
1869,863494,515
1870,864010,205
1871,864216,18
1872,864235,18
1873,864254,302
1874,864557,40
1875,864598,367
1876,864966,275
1877,865242,18
1878,865261,27
1879,865289,19
1880,865309,156
1881,865466,19
1882,865486,19
1883,865506,76
1884,865583,93
1885,865677,433
1886,866111,165
1887,866277,148
1888,866426,42
1889,866469,48
1890,866518,158
1891,866677,221
1892,866899,29
1893,866929,61
1894,866991,19
1895,867011,249
1896,867261,89
1897,867351,63
1898,867415,70
1899,867486,28
1900,867515,79
1901,867595,176
1902,867772,87
1903,867860,22
1904,867883,18
1905,867902,57
1906,867960,19
1907,867980,19
1908,868000,413
1909,868414,157
1910,868572,47
1911,868620,50
1912,868671,19
1913,868691,49
1914,868741,28
1915,868770,29
1916,868800,49
1917,868850,37
1918,868888,114
1919,869003,58
1920,869062,58
1921,869121,49
1922,869171,118
1923,869290,54
1924,869345,29
1925,869375,47
1926,869423,79
1927,869503,28
1928,869532,129
1929,869662,24
1930,869687,32
1931,869720,84
1932,869805,32
1933,869838,40
1934,869879,21
1935,869901,39
1936,869941,18
1937,869960,38
1938,869999,18
1939,870018,118
1940,870137,36
1941,870174,26
1942,870201,127
1943,870329,39
1944,870369,47
1945,870417,268
1946,870686,28
1947,870715,18
1948,870734,51
1949,870786,147
1950,870934,144
1951,871079,18
1952,871098,631
1953,871730,42
1954,871773,128
1955,871902,64
1956,871967,19
1957,871987,122
1958,872110,38
1959,872149,39
1960,872189,64
1961,872254,49
1962,872304,40
1963,872345,39
1964,872385,29
1965,872415,50
1966,872466,48
1967,872515,28
1968,872544,123
1969,872668,164
1970,872833,19
1971,872853,49
1972,872903,29
1973,872933,56
1974,872990,135
1975,873126,50
1976,873177,304
1977,873482,19
1978,873502,19
1979,873522,60
1980,873583,304
1981,873888,42
1982,873931,59
1983,873991,19
1984,874011,23
1985,874035,130
1986,874166,39
1987,874206,336
1988,874543,54
1989,874598,308
1990,874907,98
1991,875006,51
1992,875058,50
1993,875109,39
1994,875149,44
1995,875194,40
1996,875235,48
1997,875284,35
1998,875320,27
1999,875348,60
2000,875409,42
2001,875452,113
2002,875566,45
2003,875612,18
2004,875631,23
2005,875655,98
2006,875754,28
2007,875783,97
2008,875881,346
2009,876228,302
2010,876531,39
2011,876571,36
2012,876608,107
2013,876716,49
2014,876766,179
2015,876946,65
2016,877012,600
2017,877613,38
2018,877652,40
2019,877693,29
2020,877723,111
2021,877835,337
2022,878173,19
2023,878193,97
2024,878291,310
2025,878602,29
2026,878632,101
2027,878734,19
2028,878754,391
2029,879146,133
2030,879280,405
2031,879686,202
2032,879889,58
2033,879948,41
2034,879990,292
2035,880283,104
2036,880388,509
2037,880898,67
2038,880966,55
2039,881022,121
2040,881144,18
2041,881163,39
2042,881203,137
2043,881341,304
2044,881646,28
2045,881675,293
2046,881969,45
2047,882015,87
2048,882103,239
2049,882343,106
2050,882450,52
2051,882503,18
2052,882522,27
2053,882550,38
2054,882589,28
2055,882618,285
2056,882904,19
2057,882924,76
2058,883001,910
2059,883912,22
2060,883935,28
2061,883964,240
2062,884205,111
2063,884317,198
2064,884516,165
2065,884682,23
2066,884706,272
2067,884979,34
2068,885014,68
2069,885083,29
2070,885113,19
2071,885133,117
2072,885251,34
2073,885286,199
2074,885486,48
2075,885535,19
2076,885555,39
2077,885595,19
2078,885615,28
2079,885644,47
2080,885692,29
2081,885722,38
2082,885761,669
2083,886431,154
2084,886586,19
2085,886606,19
2086,886626,19
2087,886646,246
2088,886893,108
2089,887002,87
2090,887090,85
2091,887176,46
2092,887223,45
2093,887269,28
2094,887298,18
2095,887317,82
2096,887400,280
2097,887681,38
2098,887720,60
2099,887781,19
2100,887801,55
2101,887857,18
2102,887876,142
2103,888019,320
2104,888340,141
2105,888482,28
2106,888511,28
2107,888540,18
2108,888559,28
2109,888588,129
2110,888718,69
2111,888788,29
2112,888818,37
2113,888856,225
2114,889082,137
2115,889220,124
2116,889345,86
2117,889432,76
2118,889509,61
2119,889571,18
2120,889590,28
2121,889619,18
2122,889638,18
2123,889657,140
2124,889798,18
2125,889817,275
2126,890093,150
2127,890244,29
2128,890274,57
2129,890332,56
2130,890389,37
2131,890427,47
2132,890475,102
2133,890578,50
2134,890629,19
2135,890649,62
2136,890712,19
2137,890732,131
2138,890864,105
2139,890970,287
2140,891258,38
2141,891297,19
2142,891317,90
2143,891408,19
2144,891428,38
2145,891467,222
2146,891690,828
2147,892519,70
2148,892590,256
2149,892847,69
2150,892917,226
2151,893144,47
2152,893192,76
2153,893269,45
2154,893315,178
2155,893494,124
2156,893619,55
2157,893675,245
2158,893921,365
2159,894287,18
2160,894306,213
2161,894520,58
2162,894579,76
2163,894656,161
2164,894818,19
2165,894838,59
2166,894898,398
2167,895297,19
2168,895317,72
2169,895390,19
2170,895410,60
2171,895471,60
2172,895532,416
2173,895949,80
2174,896030,46
2175,896077,19
2176,896097,208
2177,896306,267
2178,896574,48
2179,896623,39
2180,896663,18
2181,896682,68
2182,896751,31
2183,896783,101
2184,896885,199
2185,897085,277
2186,897363,18
2187,897382,66
2188,897449,18
2189,897468,132
2190,897601,19
2191,897621,19
2192,897641,49
2193,897691,101
2194,897793,68
2195,897862,41
2196,897904,59
2197,897964,127
2198,898092,96
2199,898189,107
2200,898297,50
2201,898348,266
2202,898615,523
2203,899139,50
2204,899190,29
2205,899220,56
2206,899277,489
2207,899767,160
2208,899928,312
2209,900241,109
2210,900351,48
2211,900400,79
2212,900480,36
2213,900517,33
2214,900551,99
2215,900651,117
2216,900769,65
2217,900835,48
2218,900884,18
2219,900903,36
2220,900940,18
2221,900959,18
2222,900978,18
2223,900997,56
2224,901054,131
2225,901186,35
2226,901222,146
2227,901369,99
2228,901469,90
2229,901560,172
2230,901733,18
2231,901752,145
2232,901898,59
2233,901958,47
2234,902006,150
2235,902157,31
2236,902189,18
2237,902208,18
2238,902227,18
2239,902246,18
2240,902265,237
2241,902503,46
2242,902550,19
2243,902570,24
2244,902595,73
2245,902669,54
2246,902724,84
2247,902809,131
2248,902941,250
2249,903192,18
2250,903211,21
2251,903233,18
2252,903252,18
2253,903271,85
2254,903357,19
2255,903377,19
2256,903397,19
2257,903417,63
2258,903481,19
2259,903501,19
2260,903521,19
2261,903541,49
2262,903591,29
2263,903621,29
2264,903651,406
2265,904058,192
2266,904251,173
2267,904425,130
2268,904556,233
2269,904790,160
2270,904951,401
2271,905353,122
2272,905476,18
2273,905495,92
2274,905588,26
2275,905615,84
2276,905700,65
2277,905766,89
2278,905856,40
2279,905897,182
2280,906080,18
2281,906099,154
2282,906254,47
2283,906302,811
2284,907114,28
2285,907143,68
2286,907212,194
2287,907407,18
2288,907426,39
2289,907466,99
2290,907566,27
2291,907594,21
2292,907616,21
2293,907638,48
2294,907687,20
2295,907708,17
2296,907726,18
2297,907745,18
2298,907764,37
2299,907802,66
2300,907869,39
2301,907909,33
2302,907943,178
2303,908122,148
2304,908271,78
2305,908350,36
2306,908387,23
2307,908411,18
2308,908430,73
2309,908504,18
2310,908523,248
2311,908772,18
2312,908791,39
2313,908831,19
2314,908851,119
2315,908971,18
2316,908990,28
2317,909019,147
2318,909167,212
2319,909380,74
2320,909455,78
2321,909534,28
2322,909563,226
2323,909790,28
2324,909819,37
2325,909857,47
2326,909905,92
2327,909998,52
2328,910051,51
2329,910103,363
2330,910467,18
2331,910486,18
2332,910505,18
2333,910524,196
2334,910721,18
2335,910740,18
2336,910759,47
2337,910807,18
2338,910826,87
2339,910914,145
2340,911060,88
2341,911149,100
2342,911250,206
2343,911457,18
2344,911476,51
2345,911528,22
2346,911551,29
2347,911581,34
2348,911616,316
2349,911933,402
2350,912336,57
2351,912394,19
2352,912414,29
2353,912444,287
2354,912732,28
2355,912761,470
2356,913232,188
2357,913421,48
2358,913470,19
2359,913490,61
2360,913552,19
2361,913572,49
2362,913622,116
2363,913739,18
2364,913758,123
2365,913882,38
2366,913921,18
2367,913940,98
2368,914039,74
2369,914114,107
2370,914222,126
2371,914349,337
2372,914687,184
2373,914872,19
2374,914892,38
2375,914931,248
2376,915180,28
2377,915209,19
2378,915229,19
2379,915249,39
2380,915289,98
2381,915388,122
2382,915511,235
2383,915747,49
2384,915797,49
2385,915847,19
2386,915867,66
2387,915934,125
2388,916060,68
2389,916129,132
2390,916262,46
2391,916309,28
2392,916338,18
2393,916357,18
2394,916376,28
2395,916405,31
2396,916437,32
2397,916470,181
2398,916652,17
2399,916670,656
2400,917327,30
2401,917358,17
2402,917376,201
2403,917578,327
2404,917906,38
2405,917945,41
2406,917987,25
2407,918013,51
2408,918065,154
2409,918220,55
2410,918276,22
2411,918299,22
2412,918322,18
2413,918341,27
2414,918369,24
2415,918394,18
2416,918413,117
2417,918531,95
2418,918627,18
2419,918646,101
2420,918748,36
2421,918785,157
2422,918943,38
2423,918982,18
2424,919001,29
2425,919031,40
2426,919072,40
2427,919113,20
2428,919134,20
2429,919155,18
2430,919174,56
2431,919231,18
2432,919250,271
2433,919522,19
2434,919542,38
2435,919581,65
2436,919647,27
2437,919675,17
2438,919693,65
2439,919759,102
2440,919862,17
2441,919880,351
2442,920232,170
2443,920403,18
2444,920422,18
2445,920441,27
2446,920469,172
2447,920642,58
2448,920701,380
2449,921082,131
2450,921214,35
2451,921250,47
2452,921298,97
2453,921396,165
2454,921562,206
2455,921769,42
2456,921812,301
2457,922114,18
2458,922133,228
2459,922362,40
2460,922403,225
2461,922629,28
2462,922658,57
2463,922716,1136
2464,923853,18
2465,923872,27
2466,923900,27
2467,923928,28
2468,923957,38
2469,923996,29
2470,924026,18
2471,924045,28
2472,924074,253
2473,924328,75
2474,924404,73
2475,924478,80
2476,924559,29
2477,924589,99
2478,924689,46
2479,924736,19
2480,924756,19
2481,924776,40
2482,924817,143
2483,924961,127
2484,925089,18
2485,925108,29
2486,925138,27
2487,925166,18
2488,925185,29
2489,925215,49
2490,925265,18
2491,925284,63
2492,925348,18
2493,925367,46
2494,925414,18
2495,925433,68
2496,925502,18
2497,925521,83
2498,925605,228
2499,925834,163
2500,925998,170
2501,926169,58
2502,926228,94
2503,926323,75
2504,926399,26
2505,926426,41
2506,926468,73
2507,926542,108
2508,926651,19
2509,926671,19
2510,926691,105
2511,926797,28
2512,926826,19
2513,926846,38
2514,926885,27
2515,926913,203
2516,927117,17
2517,927135,17
2518,927153,26
2519,927180,93
2520,927274,29
2521,927304,70
2522,927375,47
2523,927423,85
2524,927509,116
2525,927626,141
2526,927768,18
2527,927787,18
2528,927806,87
2529,927894,19
2530,927914,128
2531,928043,202
2532,928246,139
2533,928386,88
2534,928475,70
2535,928546,108
2536,928655,232
2537,928888,167
2538,929056,137
2539,929194,144
2540,929339,249
2541,929589,55
2542,929645,94
2543,929740,556
2544,930297,61
2545,930359,139
2546,930499,43
2547,930543,98
2548,930642,19
2549,930662,120
2550,930783,166
2551,930950,40
2552,930991,436
2553,931428,28
2554,931457,22
2555,931480,64
2556,931545,18
2557,931564,18
2558,931583,73
2559,931657,140
2560,931798,201
2561,932000,38
2562,932039,30
2563,932070,81
2564,932152,69
2565,932222,19
2566,932242,311
2567,932554,159
2568,932714,351
2569,933066,18
2570,933085,417
2571,933503,38
2572,933542,27
2573,933570,312
2574,933883,88
2575,933972,116
2576,934089,37
2577,934127,28
2578,934156,30
2579,934187,39
2580,934227,133
2581,934361,18
2582,934380,18
2583,934399,60
2584,934460,77
2585,934538,254
2586,934793,116
2587,934910,19
2588,934930,61
2589,934992,60
2590,935053,57
2591,935111,259
2592,935371,29
2593,935401,56
2594,935458,19
2595,935478,49
2596,935528,38
2597,935567,34
2598,935602,19
2599,935622,28
2600,935651,18
2601,935670,109
2602,935780,46
2603,935827,18
2604,935846,18
2605,935865,90
2606,935956,231
2607,936188,19
2608,936208,146
2609,936355,76
2610,936432,100
2611,936533,105
2612,936639,28
2613,936668,158
2614,936827,310
2615,937138,27
2616,937166,22
2617,937189,22
2618,937212,231
2619,937444,76
2620,937521,29
2621,937551,77
2622,937629,38
2623,937668,72
2624,937741,29
2625,937771,38
2626,937810,23
2627,937834,19
2628,937854,19
2629,937874,115
2630,937990,28
2631,938019,29
2632,938049,113
2633,938163,81
2634,938245,176
2635,938422,39
2636,938462,19
2637,938482,19
2638,938502,19
2639,938522,28
2640,938551,98
2641,938650,94
2642,938745,99
2643,938845,205
2644,939051,303
2645,939355,58
2646,939414,19
2647,939434,18
2648,939453,67
2649,939521,87
2650,939609,46
2651,939656,19
2652,939676,121
2653,939798,118
2654,939917,84
2655,940002,21
2656,940024,18
2657,940043,144
2658,940188,299
2659,940488,167
2660,940656,46
2661,940703,73
2662,940777,124
2663,940902,86
2664,940989,150
2665,941140,22
2666,941163,49
2667,941213,291
2668,941505,390
2669,941896,73
2670,941970,102
2671,942073,77
2672,942151,123
2673,942275,18
2674,942294,18
2675,942313,19
2676,942333,50
2677,942384,19
2678,942404,81
2679,942486,40
2680,942527,56
2681,942584,19
2682,942604,374
2683,942979,38
2684,943018,253
2685,943272,245
2686,943518,80
2687,943599,19
2688,943619,19
2689,943639,28
2690,943668,168
2691,943837,47
2692,943885,17
2693,943903,26
2694,943930,89
2695,944020,71
2696,944092,454
2697,944547,88
2698,944636,29
2699,944666,79
2700,944746,127
2701,944874,18
2702,944893,78
2703,944972,22
2704,944995,68
2705,945064,28
2706,945093,122
2707,945216,31
2708,945248,86
2709,945335,28
2710,945364,27
2711,945392,52
2712,945445,18
2713,945464,18
2714,945483,28
2715,945512,27
2716,945540,132
2717,945673,57
2718,945731,42
2719,945774,18
2720,945793,18
2721,945812,27
2722,945840,58
2723,945899,301
2724,946201,47
2725,946249,35
2726,946285,157
2727,946443,104
2728,946548,17
2729,946566,106
2730,946673,39
2731,946713,172
2732,946886,21
2733,946908,52
2734,946961,59
2735,947021,67
2736,947089,18
2737,947108,28
2738,947137,46
2739,947184,29
2740,947214,180
2741,947395,23
2742,947419,18
2743,947438,128
2744,947567,27
2745,947595,48
2746,947644,37
2747,947682,77
2748,947760,19
2749,947780,132
2750,947913,79
2751,947993,200
2752,948194,59
2753,948254,78
2754,948333,64
2755,948398,28
2756,948427,38
2757,948466,19
2758,948486,121
2759,948608,196
2760,948805,18
2761,948824,306
2762,949131,304
2763,949436,18
2764,949455,38
2765,949494,254
2766,949749,38
2767,949788,170
2768,949959,66
2769,950026,155
2770,950182,29
2771,950212,28
2772,950241,111
2773,950353,28
2774,950382,28
2775,950411,19
2776,950431,116
2777,950548,130
2778,950679,66
2779,950746,18
2780,950765,57
2781,950823,121
2782,950945,194
2783,951140,178
2784,951319,68
2785,951388,29
2786,951418,154
2787,951573,72
2788,951646,38
2789,951685,19
2790,951705,18
2791,951724,27
2792,951752,144
2793,951897,18
2794,951916,63
2795,951980,145
2796,952126,18
2797,952145,18
2798,952164,28
2799,952193,172
2800,952366,32
2801,952399,69
2802,952469,30
2803,952500,50
2804,952551,19
2805,952571,47
2806,952619,27
2807,952647,39
2808,952687,18
2809,952706,19
2810,952726,27
2811,952754,40
2812,952795,37
2813,952833,30
2814,952864,19
2815,952884,111
2816,952996,57
2817,953054,39
2818,953094,48
2819,953143,18
2820,953162,18
2821,953181,30
2822,953212,18
2823,953231,36
2824,953268,72
2825,953341,28
2826,953370,44
2827,953415,87
2828,953503,103
2829,953607,19
2830,953627,88
2831,953716,202
2832,953919,59
2833,953979,58
2834,954038,34
2835,954073,60
2836,954134,18
2837,954153,26
2838,954180,17
2839,954198,27
2840,954226,17
2841,954244,74
2842,954319,116
2843,954436,26
2844,954463,28
2845,954492,18
2846,954511,37
2847,954549,67
2848,954617,63
2849,954681,19
2850,954701,100
2851,954802,40
2852,954843,68
2853,954912,29
2854,954942,65
2855,955008,89
2856,955098,29
2857,955128,53
2858,955182,148
2859,955331,70
2860,955402,97
2861,955500,294
2862,955795,105
2863,955901,17
2864,955919,104
2865,956024,32
2866,956057,71
2867,956129,83
2868,956213,36
2869,956250,76
2870,956327,18
2871,956346,58
2872,956405,181
2873,956587,38
2874,956626,18
2875,956645,18
2876,956664,48
2877,956713,39
2878,956753,49
2879,956803,32
2880,956836,18
2881,956855,28
2882,956884,26
2883,956911,19
2884,956931,168
2885,957100,45
2886,957146,45
2887,957192,77
2888,957270,39
2889,957310,19
2890,957330,32
2891,957363,38
2892,957402,59
2893,957462,53
2894,957516,72
2895,957589,183
2896,957773,29
2897,957803,19
2898,957823,56
2899,957880,18
2900,957899,47
2901,957947,29
2902,957977,164
2903,958142,182
2904,958325,178
2905,958504,18
2906,958523,49
2907,958573,211
2908,958785,27
2909,958813,58
2910,958872,80
2911,958953,240
2912,959194,28
2913,959223,120
2914,959344,27
2915,959372,388
2916,959761,108
2917,959870,19
2918,959890,28
2919,959919,76
2920,959996,132
2921,960129,150
2922,960280,338
2923,960619,132
2924,960752,40
2925,960793,42
2926,960836,27
2927,960864,53
2928,960918,49
2929,960968,19
2930,960988,33
2931,961022,19
2932,961042,19
2933,961062,19
2934,961082,78
2935,961161,112
2936,961274,67
2937,961342,65
2938,961408,77
2939,961486,230
2940,961717,88
2941,961806,115
2942,961922,27
2943,961950,114
2944,962065,140
2945,962206,37
2946,962244,45
2947,962290,45
2948,962336,38
2949,962375,146
2950,962522,37
2951,962560,65
2952,962626,18
2953,962645,18
2954,962664,41
2955,962706,48
2956,962755,29
2957,962785,43
2958,962829,29
2959,962859,23
2960,962883,82
2961,962966,88
2962,963055,74
2963,963130,465
2964,963596,37
2965,963634,229
2966,963864,55
2967,963920,58
2968,963979,19
2969,963999,57
2970,964057,33
2971,964091,19
2972,964111,46
2973,964158,103
2974,964262,36
2975,964299,19
2976,964319,30
2977,964350,72
2978,964423,29
2979,964453,98
2980,964552,84
2981,964637,29
2982,964667,19
2983,964687,19
2984,964707,19
2985,964727,29
2986,964757,30
2987,964788,39
2988,964828,19
2989,964848,19
2990,964868,38
2991,964907,96
2992,965004,18
2993,965023,22
2994,965046,18
2995,965065,18
2996,965084,18
2997,965103,90
2998,965194,19
2999,965214,50
3000,965265,45
3001,965311,42
3002,965354,19
3003,965374,49
3004,965424,158
3005,965583,31
3006,965615,72
3007,965688,19
3008,965708,105
3009,965814,19
3010,965834,19
3011,965854,19
3012,965874,19
3013,965894,19
3014,965914,23
3015,965938,19
3016,965958,19
3017,965978,19
3018,965998,54
3019,966053,99
3020,966153,219
3021,966373,19
3022,966393,51
3023,966445,19
3024,966465,19
3025,966485,85
3026,966571,76
3027,966648,97
3028,966746,141
3029,966888,18
3030,966907,143
3031,967051,225
3032,967277,98
3033,967376,39
3034,967416,76
3035,967493,19
3036,967513,19
3037,967533,115
3038,967649,76
3039,967726,126
3040,967853,123
3041,967977,48
3042,968026,70
3043,968097,49
3044,968147,25
3045,968173,44
3046,968218,58
3047,968277,44
3048,968322,50
3049,968373,21
3050,968395,97
3051,968493,18
3052,968512,18
3053,968531,18
3054,968550,99
3055,968650,28
3056,968679,71
3057,968751,61
3058,968813,130
3059,968944,254
3060,969199,18
3061,969218,156
3062,969375,347
3063,969723,42
3064,969766,59
3065,969826,39
3066,969866,26
3067,969893,106
3068,970000,22
3069,970023,67
3070,970091,18
3071,970110,18
3072,970129,53
3073,970183,17
3074,970201,17
3075,970219,17
3076,970237,85
3077,970323,66
3078,970390,39
3079,970430,21
3080,970452,18
3081,970471,28
3082,970500,101
3083,970602,56
3084,970659,38
3085,970698,19
3086,970718,19
3087,970738,38
3088,970777,29
3089,970807,105
3090,970913,48
3091,970962,45
3092,971008,47
3093,971056,98
3094,971155,19
3095,971175,19
3096,971195,17
3097,971213,146
3098,971360,130
3099,971491,187
3100,971679,88
3101,971768,82
3102,971851,38
3103,971890,56
3104,971947,36
3105,971984,45
3106,972030,72
3107,972103,66
3108,972170,48
3109,972219,51
3110,972271,37
3111,972309,19
3112,972329,19
3113,972349,394
3114,972744,49
3115,972794,28
3116,972823,19
3117,972843,155
3118,972999,122
3119,973122,91
3120,973214,17
3121,973232,34
3122,973267,164
3123,973432,26
3124,973459,49
3125,973509,44
3126,973554,39
3127,973594,65
3128,973660,88
3129,973749,52
3130,973802,20
3131,973823,72
3132,973896,50
3133,973947,18
3134,973966,176
3135,974143,158
3136,974302,97
3137,974400,98
3138,974499,87
3139,974587,90
3140,974678,39
3141,974718,27
3142,974746,255
3143,975002,18
3144,975021,27
3145,975049,57
3146,975107,114
3147,975222,109
3148,975332,30
3149,975363,32
3150,975396,41
3151,975438,17
3152,975456,46
3153,975503,53
3154,975557,28
3155,975586,18
3156,975605,48
3157,975654,114
3158,975769,48
3159,975818,78
3160,975897,91
3161,975989,33
3162,976023,29
3163,976053,28
3164,976082,65
3165,976148,18
3166,976167,89
3167,976257,18
3168,976276,35
3169,976312,19
3170,976332,19
3171,976352,19
3172,976372,19
3173,976392,72
3174,976465,28
3175,976494,39
3176,976534,120
3177,976655,19
3178,976675,19
3179,976695,33
3180,976729,86
3181,976816,39
3182,976856,19
3183,976876,19
3184,976896,50
3185,976947,132
3186,977080,28
3187,977109,19
3188,977129,17
3189,977147,17
3190,977165,37
3191,977203,70
3192,977274,29
3193,977304,18
3194,977323,17
3195,977341,650
3196,977992,79
3197,978072,48
3198,978121,26
3199,978148,114
3200,978263,17
3201,978281,17
3202,978299,27
3203,978327,17
3204,978345,238
3205,978584,28
3206,978613,18
3207,978632,18
3208,978651,28
3209,978680,57
3210,978738,79
3211,978818,77
3212,978896,80
3213,978977,95
3214,979073,48
3215,979122,18
3216,979141,18
3217,979160,128
3218,979289,17
3219,979307,17
3220,979325,27
3221,979353,56
3222,979410,48
3223,979459,54
3224,979514,17
3225,979532,39
3226,979572,41
3227,979614,48
3228,979663,37
3229,979701,47
3230,979749,18
3231,979768,168
3232,979937,66
3233,980004,49
3234,980054,55
3235,980110,18
3236,980129,103
3237,980233,38
3238,980272,19
3239,980292,17
3240,980310,110
3241,980421,17
3242,980439,69
3243,980509,37
3244,980547,18
3245,980566,50
3246,980617,182
3247,980800,88
3248,980889,37
3249,980927,28
3250,980956,38
3251,980995,18
3252,981014,77
3253,981092,39
3254,981132,259
3255,981392,29
3256,981422,19
3257,981442,28
3258,981471,65
3259,981537,50
3260,981588,17
3261,981606,18
3262,981625,18
3263,981644,342
3264,981987,45
3265,982033,75
3266,982109,18
3267,982128,34
3268,982163,114
3269,982278,163
3270,982442,47
3271,982490,18
3272,982509,42
3273,982552,33
3274,982586,44
3275,982631,109
3276,982741,29
3277,982771,227
3278,982999,40
3279,983040,42
3280,983083,49
3281,983133,38
3282,983172,28
3283,983201,49
3284,983251,19
3285,983271,89
3286,983361,19
3287,983381,29
3288,983411,68
3289,983480,159
3290,983640,141
3291,983782,19
3292,983802,154
3293,983957,82
3294,984040,194
3295,984235,176
3296,984412,29
3297,984442,29
3298,984472,95
3299,984568,40
3300,984609,19
3301,984629,29
3302,984659,90
3303,984750,100
3304,984851,50
3305,984902,19
3306,984922,55
3307,984978,18
3308,984997,286
3309,985284,171
3310,985456,68
3311,985525,128
3312,985654,19
3313,985674,50
3314,985725,29
3315,985755,135
3316,985891,19
3317,985911,55
3318,985967,153
3319,986121,18
3320,986140,90
3321,986231,78
3322,986310,93
3323,986404,47
3324,986452,19
3325,986472,19
3326,986492,19
3327,986512,19
3328,986532,19
3329,986552,30
3330,986583,27
3331,986611,107
3332,986719,17
3333,986737,36
3334,986774,26
3335,986801,104
3336,986906,17
3337,986924,67
3338,986992,17
3339,987010,26
3340,987037,66
3341,987104,18
3342,987123,27
3343,987151,49
3344,987201,38
3345,987240,37
3346,987278,18
3347,987297,232
3348,987530,18
3349,987549,117
3350,987667,48
3351,987716,36
3352,987753,18
3353,987772,28
3354,987801,28
3355,987830,46
3356,987877,226
3357,988104,17
3358,988122,86
3359,988209,26
3360,988236,387
3361,988624,272
3362,988897,28
3363,988926,252
3364,989179,19
3365,989199,19
3366,989219,19
3367,989239,19
3368,989259,29
3369,989289,46
3370,989336,29
3371,989366,18
3372,989385,19
3373,989405,43
3374,989449,215
3375,989665,19
3376,989685,19
3377,989705,47
3378,989753,19
3379,989773,69
3380,989843,53
3381,989897,19
3382,989917,27
3383,989945,61
3384,990007,28
3385,990036,18
3386,990055,17
3387,990073,137
3388,990211,38
3389,990250,244
3390,990495,27
3391,990523,37
3392,990561,59
3393,990621,98
3394,990720,28
3395,990749,27
3396,990777,137
3397,990915,18
3398,990934,28
3399,990963,49
3400,991013,29
3401,991043,19
3402,991063,18
3403,991082,18
3404,991101,18
3405,991120,93
3406,991214,28
3407,991243,18
3408,991262,32
3409,991295,37
3410,991333,33
3411,991367,29
3412,991397,68
3413,991466,111
3414,991578,64
3415,991643,38
3416,991682,29
3417,991712,28
3418,991741,57
3419,991799,19
3420,991819,143
3421,991963,18
3422,991982,79
3423,992062,93
3424,992156,18
3425,992175,18
3426,992194,46
3427,992241,217
3428,992459,37
3429,992497,196
3430,992694,288
3431,992983,28
3432,993012,30
3433,993043,34
3434,993078,19
3435,993098,55
3436,993154,53
3437,993208,19
3438,993228,19
3439,993248,110
3440,993359,118
3441,993478,19
3442,993498,18
3443,993517,18
3444,993536,40
3445,993577,19
3446,993597,136
3447,993734,35
3448,993770,58
3449,993829,201
3450,994031,57
3451,994089,37
3452,994127,17
3453,994145,17
3454,994163,17
3455,994181,31
3456,994213,18
3457,994232,18
3458,994251,28
3459,994280,37
3460,994318,32
3461,994351,37
3462,994389,48
3463,994438,27
3464,994466,87
3465,994554,57
3466,994612,203
3467,994816,26
3468,994843,18
3469,994862,130
3470,994993,338
3471,995332,126
3472,995459,18
3473,995478,38
3474,995517,18
3475,995536,29
3476,995566,19
3477,995586,146
3478,995733,39
3479,995773,188
3480,995962,19
3481,995982,19
3482,996002,59
3483,996062,83
3484,996146,58
3485,996205,73
3486,996279,90
3487,996370,26
3488,996397,47
3489,996445,307
3490,996753,374
3491,997128,113
3492,997242,28
3493,997271,17
3494,997289,17
3495,997307,164
3496,997472,17
3497,997490,17
3498,997508,25
3499,997534,17
3500,997552,18
3501,997571,65
3502,997637,49
3503,997687,18
3504,997706,57
3505,997764,28
3506,997793,79
3507,997873,64
3508,997938,37
3509,997976,89
3510,998066,18
3511,998085,242
3512,998328,29
3513,998358,30
3514,998389,19
3515,998409,19
3516,998429,19
3517,998449,31
3518,998481,40
3519,998522,68
3520,998591,43
3521,998635,19
3522,998655,38
3523,998694,19
3524,998714,59
3525,998774,28
3526,998803,139
3527,998943,84
3528,999028,23
3529,999052,19
3530,999072,19
3531,999092,19
3532,999112,93
3533,999206,138
3534,999345,76
3535,999422,57
3536,999480,37
3537,999518,71
3538,999590,17
3539,999608,40
3540,999649,75
3541,999725,115
3542,999841,28
3543,999870,18
3544,999889,76
3545,999966,18
3546,999985,42
3547,1000028,18
3548,1000047,40
3549,1000088,28
3550,1000117,72
3551,1000190,35
3552,1000226,98
3553,1000325,82
3554,1000408,463
3555,1000872,81
3556,1000954,52
3557,1001007,18
3558,1001026,46
3559,1001073,223
3560,1001297,27
3561,1001325,56
3562,1001382,229
3563,1001612,45
3564,1001658,193
3565,1001852,18
3566,1001871,86
3567,1001958,27
3568,1001986,18
3569,1002005,102
3570,1002108,28
3571,1002137,27
3572,1002165,38
3573,1002204,28
3574,1002233,18
3575,1002252,155
3576,1002408,32
3577,1002441,17
3578,1002459,18
3579,1002478,18
3580,1002497,110
3581,1002608,29
3582,1002638,158
3583,1002797,87
3584,1002885,19
3585,1002905,33
3586,1002939,19
3587,1002959,19
3588,1002979,116
3589,1003096,19
3590,1003116,28
3591,1003145,75
3592,1003221,19
3593,1003241,72
3594,1003314,43
3595,1003358,69
3596,1003428,40
3597,1003469,63
3598,1003533,21
3599,1003555,97
3600,1003653,132
3601,1003786,57
3602,1003844,306
3603,1004151,18
3604,1004170,82
3605,1004253,38
3606,1004292,75
3607,1004368,38
3608,1004407,73
3609,1004481,18
3610,1004500,130
3611,1004631,18
3612,1004650,99
3613,1004750,29
3614,1004780,51
3615,1004832,21
3616,1004854,142
3617,1004997,18
3618,1005016,191
3619,1005208,18
3620,1005227,18
3621,1005246,18
3622,1005265,39
3623,1005305,29
3624,1005335,18
3625,1005354,40
3626,1005395,47
3627,1005443,45
3628,1005489,18
3629,1005508,78
3630,1005587,201
3631,1005789,112
3632,1005902,79
3633,1005982,69
3634,1006052,79
3635,1006132,48
3636,1006181,60
3637,1006242,21
3638,1006264,86
3639,1006351,29
3640,1006381,72
3641,1006454,87
3642,1006542,18
3643,1006561,61
3644,1006623,18
3645,1006642,18
3646,1006661,22
3647,1006684,29
3648,1006714,89
3649,1006804,29
3650,1006834,18
3651,1006853,18
3652,1006872,18
3653,1006891,176
3654,1007068,23
3655,1007092,76
3656,1007169,19
3657,1007189,19
3658,1007209,48
3659,1007258,32
3660,1007291,45
3661,1007337,29
3662,1007367,18
3663,1007386,18
3664,1007405,150
3665,1007556,28
3666,1007585,142
3667,1007728,18
3668,1007747,70
3669,1007818,28
3670,1007847,50
3671,1007898,36
3672,1007935,77
3673,1008013,33
3674,1008047,28
3675,1008076,29
3676,1008106,18
3677,1008125,18
3678,1008144,39
3679,1008184,18
3680,1008203,27
3681,1008231,41
3682,1008273,43
3683,1008317,98
3684,1008416,19
3685,1008436,19
3686,1008456,27
3687,1008484,147
3688,1008632,96
3689,1008729,38
3690,1008768,73
3691,1008842,59
3692,1008902,104
3693,1009007,41
3694,1009049,27
3695,1009077,19
3696,1009097,23
3697,1009121,19
3698,1009141,29
3699,1009171,39
3700,1009211,19
3701,1009231,19
3702,1009251,19
3703,1009271,29
3704,1009301,142
3705,1009444,44
3706,1009489,29
3707,1009519,19
3708,1009539,28
3709,1009568,33
3710,1009602,19
3711,1009622,19
3712,1009642,29
3713,1009672,19
3714,1009692,19
3715,1009712,30
3716,1009743,105
3717,1009849,19
3718,1009869,140
3719,1010010,40
3720,1010051,19
3721,1010071,38
3722,1010110,152
3723,1010263,19
3724,1010283,19
3725,1010303,265
3726,1010569,17
3727,1010587,90
3728,1010678,18
3729,1010697,18
3730,1010716,18
3731,1010735,30
3732,1010766,144
3733,1010911,19
3734,1010931,57
3735,1010989,87
3736,1011077,143
3737,1011221,18
3738,1011240,185
3739,1011426,19
3740,1011446,44
3741,1011491,33
3742,1011525,18
3743,1011544,98
3744,1011643,28
3745,1011672,143
3746,1011816,33
3747,1011850,27
3748,1011878,32
3749,1011911,26
3750,1011938,48
3751,1011987,17
3752,1012005,158
3753,1012164,30
3754,1012195,119
3755,1012315,127
3756,1012443,39
3757,1012483,19
3758,1012503,56
3759,1012560,19
3760,1012580,63
3761,1012644,72
3762,1012717,29
3763,1012747,46
3764,1012794,27
3765,1012822,26
3766,1012849,48
3767,1012898,86
3768,1012985,18
3769,1013004,93
3770,1013098,57
3771,1013156,83
3772,1013240,49
3773,1013290,19
3774,1013310,29
3775,1013340,39
3776,1013380,28
3777,1013409,64
3778,1013474,135
3779,1013610,23
3780,1013634,19
3781,1013654,133
3782,1013788,19
3783,1013808,19
3784,1013828,37
3785,1013866,18
3786,1013885,39
3787,1013925,138
3788,1014064,91
3789,1014156,18
3790,1014175,54
3791,1014230,99
3792,1014330,23
3793,1014354,72
3794,1014427,18
3795,1014446,24
3796,1014471,54
3797,1014526,152
3798,1014679,18
3799,1014698,18
3800,1014717,96
3801,1014814,18
3802,1014833,19
3803,1014853,109
3804,1014963,28
3805,1014992,19
3806,1015012,23
3807,1015036,19
3808,1015056,19
3809,1015076,62
3810,1015139,46
3811,1015186,93
3812,1015280,19
3813,1015300,19
3814,1015320,32
3815,1015353,37
3816,1015391,17
3817,1015409,27
3818,1015437,17
3819,1015455,17
3820,1015473,86
3821,1015560,17
3822,1015578,28
3823,1015607,35
3824,1015643,17
3825,1015661,17
3826,1015679,131
3827,1015811,22
3828,1015834,52
3829,1015887,28
3830,1015916,18
3831,1015935,29
3832,1015965,18
3833,1015984,18
3834,1016003,18
3835,1016022,29
3836,1016052,18
3837,1016071,65
3838,1016137,27
3839,1016165,18
3840,1016184,18
3841,1016203,18
3842,1016222,32
3843,1016255,28
3844,1016284,18
3845,1016303,18
3846,1016322,18
3847,1016341,18
3848,1016360,128
3849,1016489,95
3850,1016585,51
3851,1016637,19
3852,1016657,18
3853,1016676,18
3854,1016695,51
3855,1016747,45
3856,1016793,27
3857,1016821,23
3858,1016845,30
3859,1016876,87
3860,1016964,29
3861,1016994,19
3862,1017014,42
3863,1017057,38
3864,1017096,50
3865,1017147,90
3866,1017238,60
3867,1017299,19
3868,1017319,125
3869,1017445,39
3870,1017485,120
3871,1017606,70
3872,1017677,62
3873,1017740,98
3874,1017839,18
3875,1017858,19
3876,1017878,19
3877,1017898,19
3878,1017918,19
3879,1017938,19
3880,1017958,17
3881,1017976,119
3882,1018096,37
3883,1018134,18
3884,1018153,47
3885,1018201,18
3886,1018220,47
3887,1018268,62
3888,1018331,28
3889,1018360,29
3890,1018390,23
3891,1018414,23
3892,1018438,19
3893,1018458,89
3894,1018548,72
3895,1018621,19
3896,1018641,157
3897,1018799,68
3898,1018868,28
3899,1018897,42
3900,1018940,109
3901,1019050,31
3902,1019082,18
3903,1019101,18
3904,1019120,18
3905,1019139,18
3906,1019158,18
3907,1019177,19
3908,1019197,19
3909,1019217,33
3910,1019251,29
3911,1019281,108
3912,1019390,21
3913,1019412,29
3914,1019442,27
3915,1019470,18
3916,1019489,205
3917,1019695,205
3918,1019901,58
3919,1019960,54
3920,1020015,38
3921,1020054,48
3922,1020103,77
3923,1020181,52
3924,1020234,126
3925,1020361,91
3926,1020453,82
3927,1020536,48
3928,1020585,18
3929,1020604,29
3930,1020634,50
3931,1020685,29
3932,1020715,29
3933,1020745,18
3934,1020764,18
3935,1020783,28
3936,1020812,21
3937,1020834,46
3938,1020881,19
3939,1020901,19
3940,1020921,31
3941,1020953,21
3942,1020975,88
3943,1021064,40
3944,1021105,74
3945,1021180,88
3946,1021269,18
3947,1021288,20
3948,1021309,17
3949,1021327,17
3950,1021345,17
3951,1021363,18
3952,1021382,150
3953,1021533,18
3954,1021552,29
3955,1021582,18
3956,1021601,38
3957,1021640,38
3958,1021679,18
3959,1021698,101
3960,1021800,56
3961,1021857,18
3962,1021876,29
3963,1021906,351
3964,1022258,27
3965,1022286,28
3966,1022315,18
3967,1022334,17
3968,1022352,132
3969,1022485,51
3970,1022537,39
3971,1022577,69
3972,1022647,19
3973,1022667,49
3974,1022717,64
3975,1022782,37
3976,1022820,38
3977,1022859,18
3978,1022878,58
3979,1022937,40
3980,1022978,18
3981,1022997,18
3982,1023016,21
3983,1023038,55
3984,1023094,32
3985,1023127,28
3986,1023156,151
3987,1023308,58
3988,1023367,30
3989,1023398,89
3990,1023488,27
3991,1023516,18
3992,1023535,123
3993,1023659,70
3994,1023730,70
3995,1023801,19
3996,1023821,18
3997,1023840,29
3998,1023870,58
3999,1023929,19
4000,1023949,19
4001,1023969,17
4002,1023987,17
4003,1024005,105
4004,1024111,49
4005,1024161,17
4006,1024179,31
4007,1024211,22
4008,1024234,18
4009,1024253,60
4010,1024314,82
4011,1024397,104
4012,1024502,47
4013,1024550,19
4014,1024570,39
4015,1024610,28
4016,1024639,19
4017,1024659,150
4018,1024810,51
4019,1024862,29
4020,1024892,38
4021,1024931,19
4022,1024951,29
4023,1024981,37
4024,1025019,23
4025,1025043,19
4026,1025063,28
4027,1025092,39
4028,1025132,39
4029,1025172,39
4030,1025212,19
4031,1025232,28
4032,1025261,19
4033,1025281,19
4034,1025301,33
4035,1025335,155
4036,1025491,18
4037,1025510,116
4038,1025627,18
4039,1025646,18
4040,1025665,19
4041,1025685,39
4042,1025725,28
4043,1025754,71
4044,1025826,18
4045,1025845,57
4046,1025903,49
4047,1025953,18
4048,1025972,29
4049,1026002,48
4050,1026051,129
4051,1026181,18
4052,1026200,38
4053,1026239,17
4054,1026257,75
4055,1026333,39
4056,1026373,18
4057,1026392,74
4058,1026467,29
4059,1026497,39
4060,1026537,19
4061,1026557,29
4062,1026587,18
4063,1026606,43
4064,1026650,18
4065,1026669,66
4066,1026736,33
4067,1026770,19
4068,1026790,37
4069,1026828,19
4070,1026848,19
4071,1026868,18
4072,1026887,110
4073,1026998,27
4074,1027026,28
4075,1027055,94
4076,1027150,73
4077,1027224,30
4078,1027255,83
4079,1027339,30
4080,1027370,19
4081,1027390,38
4082,1027429,171
4083,1027601,19
4084,1027621,32
4085,1027654,84
4086,1027739,50
4087,1027790,39
4088,1027830,70
4089,1027901,57
4090,1027959,29
4091,1027989,19
4092,1028009,74
4093,1028084,158
4094,1028243,47
4095,1028291,19
4096,1028311,18
4097,1028330,18
4098,1028349,18
4099,1028368,18
4100,1028387,18
4101,1028406,18
4102,1028425,18
4103,1028444,28
4104,1028473,54
4105,1028528,19
4106,1028548,44
4107,1028593,18
4108,1028612,38
4109,1028651,87
4110,1028739,31
4111,1028771,18
4112,1028790,28
4113,1028819,38
4114,1028858,51
4115,1028910,30
4116,1028941,47
4117,1028989,81
4118,1029071,18
4119,1029090,18
4120,1029109,39
4121,1029149,18
4122,1029168,18
4123,1029187,65
4124,1029253,18
4125,1029272,18
4126,1029291,18
4127,1029310,23
4128,1029334,30
4129,1029365,29
4130,1029395,99
4131,1029495,42
4132,1029538,23
4133,1029562,50
4134,1029613,75
4135,1029689,19
4136,1029709,19
4137,1029729,20
4138,1029750,18
4139,1029769,60
4140,1029830,103
4141,1029934,27
4142,1029962,18
4143,1029981,19
4144,1030001,19
4145,1030021,19
4146,1030041,34
4147,1030076,19
4148,1030096,54
4149,1030151,46
4150,1030198,19
4151,1030218,76
4152,1030295,50
4153,1030346,28
4154,1030375,54
4155,1030430,102
4156,1030533,18
4157,1030552,18
4158,1030571,27
4159,1030599,28
4160,1030628,29
4161,1030658,17
4162,1030676,17
4163,1030694,34
4164,1030729,17
4165,1030747,27
4166,1030775,17
4167,1030793,61
4168,1030855,102
4169,1030958,42
4170,1031001,49
4171,1031051,145
4172,1031197,57
4173,1031255,38
4174,1031294,18
4175,1031313,55
4176,1031369,163
4177,1031533,28
4178,1031562,18
4179,1031581,47
4180,1031629,17
4181,1031647,155
4182,1031803,56
4183,1031860,18
4184,1031879,18
4185,1031898,28
4186,1031927,27
4187,1031955,167
4188,1032123,32
4189,1032156,20
4190,1032177,71
4191,1032249,18
4192,1032268,68
4193,1032337,135
4194,1032473,62
4195,1032536,19
4196,1032556,19
4197,1032576,29
4198,1032606,96
4199,1032703,18
4200,1032722,27
4201,1032750,17
4202,1032768,17
4203,1032786,28
4204,1032815,18
4205,1032834,18
4206,1032853,28
4207,1032882,48
4208,1032931,18
4209,1032950,18
4210,1032969,18
4211,1032988,18
4212,1033007,29
4213,1033037,18
4214,1033056,18
4215,1033075,37
4216,1033113,18
4217,1033132,18
4218,1033151,18
4219,1033170,18
4220,1033189,18
4221,1033208,18
4222,1033227,18
4223,1033246,18
4224,1033265,100
4225,1033366,18
4226,1033385,18
4227,1033404,18
4228,1033423,18
4229,1033442,18
4230,1033461,18
4231,1033480,18
4232,1033499,18
4233,1033518,22
4234,1033541,18
4235,1033560,18
4236,1033579,18
4237,1033598,39
4238,1033638,18
4239,1033657,18
4240,1033676,18
4241,1033695,17
4242,1033713,18
4243,1033732,18
4244,1033751,17
4245,1033769,18
4246,1033788,31
4247,1033820,18
4248,1033839,77
4249,1033917,19
4250,1033937,19
4251,1033957,19
4252,1033977,18
4253,1033996,20
4254,1034017,23
4255,1034041,30
4256,1034072,18
4257,1034091,18
4258,1034110,28
4259,1034139,65
4260,1034205,39
4261,1034245,19
4262,1034265,18
4263,1034284,18
4264,1034303,31
4265,1034335,18
4266,1034354,58
4267,1034413,39
4268,1034453,50
4269,1034504,128
4270,1034633,17
4271,1034651,17
4272,1034669,27
4273,1034697,89
4274,1034787,56
4275,1034844,18
4276,1034863,29
4277,1034893,88
4278,1034982,34
4279,1035017,77
4280,1035095,18
4281,1035114,50
4282,1035165,28
4283,1035194,18
4284,1035213,28
4285,1035242,19
4286,1035262,28
4287,1035291,36
4288,1035328,41
4289,1035370,18
4290,1035389,18
4291,1035408,21
4292,1035430,21
4293,1035452,28
4294,1035481,18
4295,1035500,27
4296,1035528,18
4297,1035547,28
4298,1035576,37
4299,1035614,37
4300,1035652,230
4301,1035883,18
4302,1035902,29
4303,1035932,18
4304,1035951,74
4305,1036026,53
4306,1036080,19
4307,1036100,29
4308,1036130,19
4309,1036150,20
4310,1036171,18
4311,1036190,27
4312,1036218,28
4313,1036247,85
4314,1036333,19
4315,1036353,19
4316,1036373,28
4317,1036402,19
4318,1036422,29
4319,1036452,30
4320,1036483,39
4321,1036523,18
4322,1036542,18
4323,1036561,27
4324,1036589,18
4325,1036608,18
4326,1036627,18
4327,1036646,18
4328,1036665,37
4329,1036703,18
4330,1036722,18
4331,1036741,18
4332,1036760,18
4333,1036779,19
4334,1036799,27
4335,1036827,27
4336,1036855,18
4337,1036874,28
4338,1036903,18
4339,1036922,113
4340,1037036,69
4341,1037106,34
4342,1037141,40
4343,1037182,18
4344,1037201,28
4345,1037230,18
4346,1037249,18
4347,1037268,27
4348,1037296,38
4349,1037335,18
4350,1037354,18
4351,1037373,18
4352,1037392,23
4353,1037416,23
4354,1037440,19
4355,1037460,19
4356,1037480,38
4357,1037519,19
4358,1037539,30
4359,1037570,19
4360,1037590,39
4361,1037630,59
4362,1037690,33
4363,1037724,30
4364,1037755,29
4365,1037785,19
4366,1037805,28
4367,1037834,113
4368,1037948,50
4369,1037999,19
4370,1038019,48
4371,1038068,30
4372,1038099,19
4373,1038119,23
4374,1038143,18
4375,1038162,22
4376,1038185,38
4377,1038224,56
4378,1038281,18
4379,1038300,18
4380,1038319,29
4381,1038349,43
4382,1038393,31
4383,1038425,18
4384,1038444,46
4385,1038491,19
4386,1038511,19
4387,1038531,39
4388,1038571,18
4389,1038590,18
4390,1038609,22
4391,1038632,17
4392,1038650,234
4393,1038885,31
4394,1038917,35
4395,1038953,66
4396,1039020,18
4397,1039039,56
4398,1039096,44
4399,1039141,38
4400,1039180,18
4401,1039199,18
4402,1039218,19
4403,1039238,46
4404,1039285,78
4405,1039364,46
4406,1039411,61
4407,1039473,47
4408,1039521,49
4409,1039571,40
4410,1039612,93
4411,1039706,59
4412,1039766,85
4413,1039852,98
4414,1039951,18
4415,1039970,47
4416,1040018,37
4417,1040056,32
4418,1040089,29
4419,1040119,18
4420,1040138,18
4421,1040157,18
4422,1040176,21
4423,1040198,18
4424,1040217,18
4425,1040236,28
4426,1040265,48
4427,1040314,19
4428,1040334,28
4429,1040363,29
4430,1040393,19
4431,1040413,19
4432,1040433,27
4433,1040461,28
4434,1040490,487
4435,1040978,18
4436,1040997,426
4437,1041424,38
4438,1041463,59
4439,1041523,40
4440,1041564,58
4441,1041623,47
4442,1041671,77
4443,1041749,27
4444,1041777,18
4445,1041796,18
4446,1041815,18
4447,1041834,27
4448,1041862,28
4449,1041891,18
4450,1041910,18
4451,1041929,27
4452,1041957,18
4453,1041976,18
4454,1041995,133
4455,1042129,85
4456,1042215,19
4457,1042235,79
4458,1042315,110
4459,1042426,19
4460,1042446,39
4461,1042486,31
4462,1042518,28
4463,1042547,28
4464,1042576,80
4465,1042657,18
4466,1042676,18
4467,1042695,38
4468,1042734,54
4469,1042789,37
4470,1042827,23
4471,1042851,59
4472,1042911,60
4473,1042972,68
4474,1043041,34
4475,1043076,28
4476,1043105,29
4477,1043135,52
4478,1043188,40
4479,1043229,18
4480,1043248,18
4481,1043267,18
4482,1043286,18
4483,1043305,18
4484,1043324,18
4485,1043343,29
4486,1043373,18
4487,1043392,18
4488,1043411,48
4489,1043460,19
4490,1043480,80
4491,1043561,71
4492,1043633,61
4493,1043695,18
4494,1043714,128
4495,1043843,80
4496,1043924,86
4497,1044011,18
4498,1044030,18
4499,1044049,18
4500,1044068,18
4501,1044087,19
4502,1044107,40
4503,1044148,29
4504,1044178,32
4505,1044211,18
4506,1044230,19
4507,1044250,19
4508,1044270,17
4509,1044288,17
4510,1044306,39
4511,1044346,18
4512,1044365,19
4513,1044385,20
4514,1044406,17
4515,1044424,17
4516,1044442,17
4517,1044460,97
4518,1044558,18
4519,1044577,31
4520,1044609,19
4521,1044629,18
4522,1044648,18
4523,1044667,18
4524,1044686,51
4525,1044738,18
4526,1044757,18
4527,1044776,20
4528,1044797,18
4529,1044816,63
4530,1044880,33
4531,1044914,18
4532,1044933,106
4533,1045040,18
4534,1045059,19
4535,1045079,54
4536,1045134,58
4537,1045193,39
4538,1045233,19
4539,1045253,39
4540,1045293,40
4541,1045334,29
4542,1045364,19
4543,1045384,67
4544,1045452,79
4545,1045532,78
4546,1045611,18
4547,1045630,29
4548,1045660,18
4549,1045679,18
4550,1045698,18
4551,1045717,29
4552,1045747,18
4553,1045766,74
4554,1045841,18
4555,1045860,91
4556,1045952,50
4557,1046003,39
4558,1046043,23
4559,1046067,69
4560,1046137,23
4561,1046161,19
4562,1046181,19
4563,1046201,78
4564,1046280,19
4565,1046300,19
4566,1046320,181
4567,1046502,59
4568,1046562,307
4569,1046870,19
4570,1046890,26
4571,1046917,50
4572,1046968,28
4573,1046997,18
4574,1047016,17
4575,1047034,48
4576,1047083,27
4577,1047111,39
4578,1047151,28
4579,1047180,18
4580,1047199,19
4581,1047219,19
4582,1047239,17
4583,1047257,17
4584,1047275,17
4585,1047293,18
4586,1047312,18
4587,1047331,18
4588,1047350,18
4589,1047369,38
4590,1047408,29
4591,1047438,18
4592,1047457,39
4593,1047497,37
4594,1047535,31
4595,1047567,89
4596,1047657,29
4597,1047687,79
4598,1047767,17
4599,1047785,17
4600,1047803,17
4601,1047821,26
4602,1047848,17
4603,1047866,17
4604,1047884,17
4605,1047902,50
4606,1047953,17
4607,1047971,35
4608,1048007,42
4609,1048050,148
4610,1048199,18
4611,1048218,70
4612,1048289,19
4613,1048309,19
4614,1048329,18
4615,1048348,21
4616,1048370,33
4617,1048404,94
4618,1048499,42
4619,1048542,41
4620,1048584,33
4621,1048618,49
4622,1048668,18
4623,1048687,18
4624,1048706,80
4625,1048787,19
4626,1048807,132
4627,1048940,57
4628,1048998,51
4629,1049050,29
4630,1049080,40
4631,1049121,19
4632,1049141,19
4633,1049161,19
4634,1049181,33
4635,1049215,29
4636,1049245,131
4637,1049377,19
4638,1049397,38
4639,1049436,18
4640,1049455,18
4641,1049474,28
4642,1049503,19
4643,1049523,28
4644,1049552,18
4645,1049571,18
4646,1049590,18
4647,1049609,18
4648,1049628,18
4649,1049647,29
4650,1049677,84
4651,1049762,56
4652,1049819,49
4653,1049869,28
4654,1049898,37
4655,1049936,38
4656,1049975,18
4657,1049994,18
4658,1050013,18
4659,1050032,18
4660,1050051,38
4661,1050090,46
4662,1050137,41
4663,1050179,28
4664,1050208,27
4665,1050236,18
4666,1050255,18
4667,1050274,19
4668,1050294,40
4669,1050335,19
4670,1050355,19
4671,1050375,86
4672,1050462,19
4673,1050482,18
4674,1050501,23
4675,1050525,28
4676,1050554,140
4677,1050695,29
4678,1050725,48
4679,1050774,22
4680,1050797,80
4681,1050878,123
4682,1051002,30
4683,1051033,29
4684,1051063,50
4685,1051114,27
4686,1051142,29
4687,1051172,25
4688,1051198,80
4689,1051279,19
4690,1051299,27
4691,1051327,19
4692,1051347,18
4693,1051366,18
4694,1051385,31
4695,1051417,32
4696,1051450,18
4697,1051469,27
4698,1051497,19
4699,1051517,19
4700,1051537,28
4701,1051566,86
4702,1051653,38
4703,1051692,23
4704,1051716,179
4705,1051896,19
4706,1051916,21
4707,1051938,18
4708,1051957,18
4709,1051976,29
4710,1052006,19
4711,1052026,19
4712,1052046,28
4713,1052075,19
4714,1052095,18
4715,1052114,41
4716,1052156,202
4717,1052359,18
4718,1052378,18
4719,1052397,18
4720,1052416,77
4721,1052494,37
4722,1052532,19
4723,1052552,19
4724,1052572,29
4725,1052602,26
4726,1052629,19
4727,1052649,29
4728,1052679,18
4729,1052698,29
4730,1052728,19
4731,1052748,19
4732,1052768,19
4733,1052788,37
4734,1052826,19
4735,1052846,19
4736,1052866,19
4737,1052886,89
4738,1052976,50
4739,1053027,19
4740,1053047,27
4741,1053075,37
4742,1053113,19
4743,1053133,18
4744,1053152,38
4745,1053191,52
4746,1053244,39
4747,1053284,19
4748,1053304,18
4749,1053323,19
4750,1053343,28
4751,1053372,39
4752,1053412,19
4753,1053432,28
4754,1053461,28
4755,1053490,18
4756,1053509,39
4757,1053549,19
4758,1053569,26
4759,1053596,18
4760,1053615,27
4761,1053643,18
4762,1053662,47
4763,1053710,28
4764,1053739,121
4765,1053861,101
4766,1053963,18
4767,1053982,78
4768,1054061,54
4769,1054116,18
4770,1054135,18
4771,1054154,18
4772,1054173,39
4773,1054213,18
4774,1054232,37
4775,1054270,18
4776,1054289,18
4777,1054308,37
4778,1054346,45
4779,1054392,53
4780,1054446,18
4781,1054465,48
4782,1054514,45
4783,1054560,18
4784,1054579,19
4785,1054599,226
4786,1054826,34
4787,1054861,22
4788,1054884,30
4789,1054915,19
4790,1054935,70
4791,1055006,90
4792,1055097,73
4793,1055171,27
4794,1055199,18
4795,1055218,18
4796,1055237,37
4797,1055275,59
4798,1055335,21
4799,1055357,18
4800,1055376,29
4801,1055406,28
4802,1055435,21
4803,1055457,22
4804,1055480,31
4805,1055512,61
4806,1055574,19
4807,1055594,18
4808,1055613,27
4809,1055641,19
4810,1055661,37
4811,1055699,18
4812,1055718,18
4813,1055737,18
4814,1055756,39
4815,1055796,49
4816,1055846,18
4817,1055865,38
4818,1055904,23
4819,1055928,19
4820,1055948,19
4821,1055968,19
4822,1055988,18
4823,1056007,30
4824,1056038,19
4825,1056058,19
4826,1056078,19
4827,1056098,61
4828,1056160,18
4829,1056179,18
4830,1056198,24
4831,1056223,42
4832,1056266,18
4833,1056285,18
4834,1056304,18
4835,1056323,18
4836,1056342,18
4837,1056361,18
4838,1056380,18
4839,1056399,18
4840,1056418,18
4841,1056437,18
4842,1056456,30
4843,1056487,29
4844,1056517,19
4845,1056537,40
4846,1056578,18
4847,1056597,39
4848,1056637,20
4849,1056658,18
4850,1056677,40
4851,1056718,19
4852,1056738,28
4853,1056767,28
4854,1056796,19
4855,1056816,28
4856,1056845,40
4857,1056886,29
4858,1056916,50
4859,1056967,157
4860,1057125,19
4861,1057145,33
4862,1057179,40
4863,1057220,42
4864,1057263,19
4865,1057283,19
4866,1057303,18
4867,1057322,18
4868,1057341,58
4869,1057400,18
4870,1057419,18
4871,1057438,28
4872,1057467,19
4873,1057487,19
4874,1057507,19
4875,1057527,19
4876,1057547,19
4877,1057567,19
4878,1057587,29
4879,1057617,49
4880,1057667,19
4881,1057687,19
4882,1057707,18
4883,1057726,18
4884,1057745,28
4885,1057774,27
4886,1057802,18
4887,1057821,18
4888,1057840,19
4889,1057860,19
4890,1057880,19
4891,1057900,28
4892,1057929,19
4893,1057949,19
4894,1057969,19
4895,1057989,19
4896,1058009,19
4897,1058029,18
4898,1058048,19
4899,1058068,19
4900,1058088,60
4901,1058149,68
4902,1058218,19
4903,1058238,29
4904,1058268,19
4905,1058288,19
4906,1058308,19
4907,1058328,20
4908,1058349,38
4909,1058388,44
4910,1058433,32
4911,1058466,24
4912,1058491,37
4913,1058529,37
4914,1058567,70
4915,1058638,40
4916,1058679,19
4917,1058699,91
4918,1058791,75
4919,1058867,97
4920,1058965,18
4921,1058984,18
4922,1059003,19
4923,1059023,61
4924,1059085,19
4925,1059105,40
4926,1059146,19
4927,1059166,19
4928,1059186,40
4929,1059227,19
4930,1059247,29
4931,1059277,28
4932,1059306,19
4933,1059326,41
4934,1059368,19
4935,1059388,19
4936,1059408,29
4937,1059438,19
4938,1059458,19
4939,1059478,19
4940,1059498,19
4941,1059518,19
4942,1059538,19
4943,1059558,19
4944,1059578,19
4945,1059598,51
4946,1059650,19
4947,1059670,29
4948,1059700,18
4949,1059719,18
4950,1059738,28
4951,1059767,18
4952,1059786,18
4953,1059805,18
4954,1059824,22
4955,1059847,29
4956,1059877,28
4957,1059906,18
4958,1059925,39
4959,1059965,31
4960,1059997,19
4961,1060017,39
4962,1060057,18
4963,1060076,24
4964,1060101,18
4965,1060120,18
4966,1060139,18
4967,1060158,40
4968,1060199,18
4969,1060218,18
4970,1060237,36
4971,1060274,19
4972,1060294,18
4973,1060313,91
4974,1060405,18
4975,1060424,46
4976,1060471,36
4977,1060508,20
4978,1060529,34
4979,1060564,18
4980,1060583,41
4981,1060625,18
4982,1060644,48
4983,1060693,51
4984,1060745,19
4985,1060765,55
4986,1060821,50
4987,1060872,21
4988,1060894,68
4989,1060963,44
4990,1061008,18
4991,1061027,18
4992,1061046,18
4993,1061065,29
4994,1061095,21
4995,1061117,33
4996,1061151,42
4997,1061194,25
4998,1061220,18
4999,1061239,18
5000,1061258,48
5001,1061307,59
5002,1061367,44
5003,1061412,19
5004,1061432,29
5005,1061462,19
5006,1061482,35
5007,1061518,47
5008,1061566,40
5009,1061607,35
5010,1061643,48
5011,1061692,19
5012,1061712,18
5013,1061731,19
5014,1061751,19
5015,1061771,19
5016,1061791,43
5017,1061835,38
5018,1061874,18
5019,1061893,43
5020,1061937,19
5021,1061957,29
5022,1061987,40
5023,1062028,23
5024,1062052,18
5025,1062071,18
5026,1062090,23
5027,1062114,21
5028,1062136,21
5029,1062158,18
5030,1062177,18
5031,1062196,18
5032,1062215,19
5033,1062235,18
5034,1062254,142
5035,1062397,19
5036,1062417,19
5037,1062437,23
5038,1062461,19
5039,1062481,19
5040,1062501,19
5041,1062521,28
5042,1062550,19
5043,1062570,29
5044,1062600,31
5045,1062632,19
5046,1062652,29
5047,1062682,19
5048,1062702,38
5049,1062741,19
5050,1062761,19
5051,1062781,31
5052,1062813,29
5053,1062843,39
5054,1062883,40
5055,1062924,18
5056,1062943,18
5057,1062962,19
5058,1062982,18
5059,1063001,27
5060,1063029,18
5061,1063048,27
5062,1063076,18
5063,1063095,59
5064,1063155,18
5065,1063174,38
5066,1063213,67
5067,1063281,18
5068,1063300,18
5069,1063319,37
5070,1063357,19
5071,1063377,36
5072,1063414,40
5073,1063455,66
5074,1063522,19
5075,1063542,27
5076,1063570,23
5077,1063594,23
5078,1063618,19
5079,1063638,20
5080,1063659,18
5081,1063678,18
5082,1063697,19
5083,1063717,19
5084,1063737,37
5085,1063775,20
5086,1063796,18
5087,1063815,49
5088,1063865,32
5089,1063898,104
5090,1064003,29
5091,1064033,45
5092,1064079,28
5093,1064108,18
5094,1064127,19
5095,1064147,50
5096,1064198,86
5097,1064285,38
5098,1064324,18
5099,1064343,37
5100,1064381,23
5101,1064405,18
5102,1064424,28
5103,1064453,19
5104,1064473,46
5105,1064520,21
5106,1064542,103
5107,1064646,18
5108,1064665,18
5109,1064684,19
5110,1064704,90
5111,1064795,19
5112,1064815,50
5113,1064866,52
5114,1064919,71
5115,1064991,18
5116,1065010,18
5117,1065029,28
5118,1065058,18
5119,1065077,593
5120,1065671,18
5121,1065690,43
5122,1065734,18
5123,1065753,39
5124,1065793,23
5125,1065817,60
5126,1065878,39
5127,1065918,51
5128,1065970,90
5129,1066061,28
5130,1066090,19
5131,1066110,20
5132,1066131,20
5133,1066152,18
5134,1066171,18
5135,1066190,70
5136,1066261,28
5137,1066290,19
5138,1066310,18
5139,1066329,18
5140,1066348,20
5141,1066369,22
5142,1066392,18
5143,1066411,22
5144,1066434,18
5145,1066453,32
5146,1066486,29
5147,1066516,28
5148,1066545,38
5149,1066584,18
5150,1066603,47
5151,1066651,19
5152,1066671,19
5153,1066691,19
5154,1066711,18
5155,1066730,29
5156,1066760,72
5157,1066833,29
5158,1066863,29
5159,1066893,19
5160,1066913,28
5161,1066942,18
5162,1066961,18
5163,1066980,27
5164,1067008,64
5165,1067073,48
5166,1067122,19
5167,1067142,57
5168,1067200,18
5169,1067219,28
5170,1067248,49
5171,1067298,18
5172,1067317,39
5173,1067357,48
5174,1067406,19
5175,1067426,34
5176,1067461,18
5177,1067480,18
5178,1067499,18
5179,1067518,34
5180,1067553,27
5181,1067581,18
5182,1067600,19
5183,1067620,19
5184,1067640,19
5185,1067660,18
5186,1067679,19
5187,1067699,19
5188,1067719,19
5189,1067739,19
5190,1067759,28
5191,1067788,53
5192,1067842,34
5193,1067877,49
5194,1067927,18
5195,1067946,19
5196,1067966,97
5197,1068064,19
5198,1068084,27
5199,1068112,83
5200,1068196,97
5201,1068294,38
5202,1068333,27
5203,1068361,18
5204,1068380,18
5205,1068399,18
5206,1068418,18
5207,1068437,18
5208,1068456,18
5209,1068475,19
5210,1068495,40
5211,1068536,19
5212,1068556,55
5213,1068612,30
5214,1068643,18
5215,1068662,37
5216,1068700,33
5217,1068734,19
5218,1068754,19
5219,1068774,18
5220,1068793,27
5221,1068821,18
5222,1068840,18
5223,1068859,18
5224,1068878,19
5225,1068898,19
5226,1068918,18
5227,1068937,18
5228,1068956,28
5229,1068985,18
5230,1069004,39
5231,1069044,74
5232,1069119,51
5233,1069171,33
5234,1069205,19
5235,1069225,99
5236,1069325,29
5237,1069355,19
5238,1069375,50
5239,1069426,77
5240,1069504,29
5241,1069534,71
5242,1069606,23
5243,1069630,193
5244,1069824,18
5245,1069843,18
5246,1069862,18
5247,1069881,18
5248,1069900,18
5249,1069919,18
5250,1069938,56
5251,1069995,49
5252,1070045,19
5253,1070065,37
5254,1070103,20
5255,1070124,60
5256,1070185,32
5257,1070218,18
5258,1070237,18
5259,1070256,28
5260,1070285,28
5261,1070314,32
5262,1070347,18
5263,1070366,18
5264,1070385,34
5265,1070420,18
5266,1070439,63
5267,1070503,18
5268,1070522,19
5269,1070542,40
5270,1070583,19
5271,1070603,19
5272,1070623,19
5273,1070643,45
5274,1070689,28
5275,1070718,53
5276,1070772,18
5277,1070791,18
5278,1070810,18
5279,1070829,18
5280,1070848,18
5281,1070867,18
5282,1070886,33
5283,1070920,23
5284,1070944,19
5285,1070964,19
5286,1070984,19
5287,1071004,19
5288,1071024,30
5289,1071055,19
5290,1071075,29
5291,1071105,19
5292,1071125,18
5293,1071144,18
5294,1071163,18
5295,1071182,18
5296,1071201,30
5297,1071232,18
5298,1071251,18
5299,1071270,19
5300,1071290,29
5301,1071320,39
5302,1071360,18
5303,1071379,57
5304,1071437,18
5305,1071456,27
5306,1071484,18
5307,1071503,28
5308,1071532,19
5309,1071552,29
5310,1071582,39
5311,1071622,44
5312,1071667,40
5313,1071708,27
5314,1071736,18
5315,1071755,18
5316,1071774,18
5317,1071793,18
5318,1071812,41
5319,1071854,28
5320,1071883,18
5321,1071902,18
5322,1071921,18
5323,1071940,28
5324,1071969,19
5325,1071989,28
5326,1072018,19
5327,1072038,60
5328,1072099,28
5329,1072128,18
5330,1072147,19
5331,1072167,19
5332,1072187,19
5333,1072207,19
5334,1072227,19
5335,1072247,19
5336,1072267,19
5337,1072287,58
5338,1072346,18
5339,1072365,18
5340,1072384,37
5341,1072422,60
5342,1072483,18
5343,1072502,18
5344,1072521,18
5345,1072540,19
5346,1072560,19
5347,1072580,33
5348,1072614,18
5349,1072633,43
5350,1072677,91
5351,1072769,83
5352,1072853,18
5353,1072872,27
5354,1072900,18
5355,1072919,18
5356,1072938,22
5357,1072961,18
5358,1072980,22
5359,1073003,27
5360,1073031,19
5361,1073051,40
5362,1073092,42
5363,1073135,19
5364,1073155,43
5365,1073199,19
5366,1073219,28
5367,1073248,19
5368,1073268,19
5369,1073288,29
5370,1073318,19
5371,1073338,29
5372,1073368,19
5373,1073388,19
5374,1073408,19
5375,1073428,19
5376,1073448,23
5377,1073472,35
5378,1073508,21
5379,1073530,18
5380,1073549,29
5381,1073579,18
5382,1073598,18
5383,1073617,38
5384,1073656,19
5385,1073676,19
5386,1073696,18
5387,1073715,18
5388,1073734,18
5389,1073753,18
5390,1073772,18
5391,1073791,84
5392,1073876,19
5393,1073896,19
5394,1073916,19
5395,1073936,32
5396,1073969,19
5397,1073989,19
5398,1074009,29
5399,1074039,18
5400,1074058,18
5401,1074077,18
5402,1074096,18
5403,1074115,18
5404,1074134,18
5405,1074153,18
5406,1074172,18
5407,1074191,18
5408,1074210,18
5409,1074229,19
5410,1074249,33
5411,1074283,19
5412,1074303,65
5413,1074369,21
5414,1074391,93
5415,1074485,67
5416,1074553,19
5417,1074573,19
5418,1074593,18
5419,1074612,62
5420,1074675,29
5421,1074705,18
5422,1074724,18
5423,1074743,19
5424,1074763,19
5425,1074783,19
5426,1074803,19
5427,1074823,60
5428,1074884,29
5429,1074914,28
5430,1074943,18
5431,1074962,19
5432,1074982,18
5433,1075001,18
5434,1075020,18
5435,1075039,18
5436,1075058,18
5437,1075077,75
5438,1075153,18
5439,1075172,171
5440,1075344,46
5441,1075391,121
5442,1075513,18
5443,1075532,32
5444,1075565,18
5445,1075584,28
5446,1075613,65
5447,1075679,43
5448,1075723,214
5449,1075938,19
5450,1075958,48
5451,1076007,55
5452,1076063,38
5453,1076102,63
5454,1076166,49
5455,1076216,29
5456,1076246,28
5457,1076275,73
5458,1076349,18
5459,1076368,18
5460,1076387,21
5461,1076409,23
5462,1076433,27
5463,1076461,47
5464,1076509,38
5465,1076548,33
5466,1076582,19
5467,1076602,23
5468,1076626,61
5469,1076688,19
5470,1076708,33
5471,1076742,23
5472,1076766,30
5473,1076797,405
5474,1077203,23
5475,1077227,19
5476,1077247,23
5477,1077271,19
5478,1077291,19
5479,1077311,19
5480,1077331,19
5481,1077351,29
5482,1077381,141
5483,1077523,21
5484,1077545,61
5485,1077607,30
5486,1077638,47
5487,1077686,18
5488,1077705,18
5489,1077724,70
5490,1077795,18
5491,1077814,81
5492,1077896,19
5493,1077916,38
5494,1077955,19
5495,1077975,19
5496,1077995,19
5497,1078015,19
5498,1078035,18
5499,1078054,28
5500,1078083,39
5501,1078123,28
5502,1078152,19
5503,1078172,29
5504,1078202,41
5505,1078244,39
5506,1078284,18
5507,1078303,18
5508,1078322,18
5509,1078341,18
5510,1078360,29
5511,1078390,29
5512,1078420,67
5513,1078488,18
5514,1078507,21
5515,1078529,18
5516,1078548,27
5517,1078576,28
5518,1078605,49
5519,1078655,28
5520,1078684,18
5521,1078703,43
5522,1078747,18
5523,1078766,21
5524,1078788,22
5525,1078811,22
5526,1078834,22
5527,1078857,22
5528,1078880,27
5529,1078908,27
5530,1078936,19
5531,1078956,29
5532,1078986,19
5533,1079006,19
5534,1079026,19
5535,1079046,49
5536,1079096,18
5537,1079115,30
5538,1079146,47
5539,1079194,18
5540,1079213,37
5541,1079251,39
5542,1079291,18
5543,1079310,18
5544,1079329,18
5545,1079348,18
5546,1079367,18
5547,1079386,18
5548,1079405,19
5549,1079425,38
5550,1079464,18
5551,1079483,19
5552,1079503,18
5553,1079522,18
5554,1079541,18
5555,1079560,57
5556,1079618,19
5557,1079638,18
5558,1079657,19
5559,1079677,28
5560,1079706,18
5561,1079725,19
5562,1079745,19
5563,1079765,29
5564,1079795,43
5565,1079839,40
5566,1079880,30
5567,1079911,19
5568,1079931,19
5569,1079951,30
5570,1079982,19
5571,1080002,19
5572,1080022,19
5573,1080042,19
5574,1080062,19
5575,1080082,19
5576,1080102,19
5577,1080122,19
5578,1080142,23
5579,1080166,19
5580,1080186,19
5581,1080206,18
5582,1080225,28
5583,1080254,18
5584,1080273,19
5585,1080293,19
5586,1080313,29
5587,1080343,18
5588,1080362,18
5589,1080381,18
5590,1080400,30
5591,1080431,18
5592,1080450,18
5593,1080469,43
5594,1080513,19
5595,1080533,18
5596,1080552,18
5597,1080571,18
5598,1080590,28
5599,1080619,40
5600,1080660,19
5601,1080680,19
5602,1080700,19
5603,1080720,64
5604,1080785,40
5605,1080826,19
5606,1080846,45
5607,1080892,54
5608,1080947,19
5609,1080967,34
5610,1081002,18
5611,1081021,18
5612,1081040,18
5613,1081059,18
5614,1081078,19
5615,1081098,28
5616,1081127,53
5617,1081181,19
5618,1081201,48
5619,1081250,27
5620,1081278,18
5621,1081297,52
5622,1081350,36
5623,1081387,19
5624,1081407,19
5625,1081427,19
5626,1081447,19
5627,1081467,19
5628,1081487,19
5629,1081507,19
5630,1081527,19
5631,1081547,19
5632,1081567,19
5633,1081587,22
5634,1081610,18
5635,1081629,39
5636,1081669,23
5637,1081693,27
5638,1081721,18
5639,1081740,18
5640,1081759,29
5641,1081789,42
5642,1081832,42
5643,1081875,135
5644,1082011,28
5645,1082040,18
5646,1082059,18
5647,1082078,18
5648,1082097,19
5649,1082117,19
5650,1082137,23
5651,1082161,30
5652,1082192,19
5653,1082212,19
5654,1082232,59
5655,1082292,19
5656,1082312,19
5657,1082332,19
5658,1082352,30
5659,1082383,32
5660,1082416,19
5661,1082436,31
5662,1082468,32
5663,1082501,18
5664,1082520,18
5665,1082539,18
5666,1082558,18
5667,1082577,28
5668,1082606,18
5669,1082625,37
5670,1082663,50
5671,1082714,19
5672,1082734,29
5673,1082764,19
5674,1082784,29
5675,1082814,29
5676,1082844,18
5677,1082863,29
5678,1082893,19
5679,1082913,30
5680,1082944,24
5681,1082969,19
5682,1082989,19
5683,1083009,67
5684,1083077,43
5685,1083121,19
5686,1083141,18
5687,1083160,18
5688,1083179,19
5689,1083199,19
5690,1083219,19
5691,1083239,19
5692,1083259,20
5693,1083280,35
5694,1083316,29
5695,1083346,40
5696,1083387,28
5697,1083416,34
5698,1083451,45
5699,1083497,18
5700,1083516,19
5701,1083536,91
5702,1083628,33
5703,1083662,103
5704,1083766,68
5705,1083835,39
5706,1083875,19
5707,1083895,19
5708,1083915,197
5709,1084113,19
5710,1084133,57
5711,1084191,36
5712,1084228,19
5713,1084248,19
5714,1084268,23
5715,1084292,19
5716,1084312,19
5717,1084332,30
5718,1084363,28
5719,1084392,19
5720,1084412,19
5721,1084432,37
5722,1084470,28
5723,1084499,19
5724,1084519,19
5725,1084539,42
5726,1084582,58
5727,1084641,74
5728,1084716,29
5729,1084746,29
5730,1084776,88
5731,1084865,18
5732,1084884,18
5733,1084903,18
5734,1084922,28
5735,1084951,19
5736,1084971,19
5737,1084991,18
5738,1085010,18
5739,1085029,18
5740,1085048,28
5741,1085077,104
5742,1085182,33
5743,1085216,19
5744,1085236,29
5745,1085266,29
5746,1085296,19
5747,1085316,19
5748,1085336,19
5749,1085356,49
5750,1085406,19
5751,1085426,19
5752,1085446,19
5753,1085466,20
5754,1085487,32
5755,1085520,18
5756,1085539,28
5757,1085568,69
5758,1085638,18
5759,1085657,21
5760,1085679,18
5761,1085698,19
5762,1085718,28
5763,1085747,19
5764,1085767,125
5765,1085893,57
5766,1085951,28
5767,1085980,31
5768,1086012,18
5769,1086031,25
5770,1086057,51
5771,1086109,47
5772,1086157,30
5773,1086188,18
5774,1086207,18
5775,1086226,19
5776,1086246,19
5777,1086266,29
5778,1086296,19
5779,1086316,19
5780,1086336,19
5781,1086356,28
5782,1086385,19
5783,1086405,76
5784,1086482,19
5785,1086502,33
5786,1086536,47
5787,1086584,18
5788,1086603,21
5789,1086625,29
5790,1086655,30
5791,1086686,22
5792,1086709,48
5793,1086758,19
5794,1086778,19
5795,1086798,29
5796,1086828,24
5797,1086853,63
5798,1086917,54
5799,1086972,24
5800,1086997,29
5801,1087027,29
5802,1087057,23
5803,1087081,19
5804,1087101,19
5805,1087121,19
5806,1087141,19
5807,1087161,41
5808,1087203,34
5809,1087238,18
5810,1087257,148
5811,1087406,22
5812,1087429,33
5813,1087463,23
5814,1087487,19
5815,1087507,19
5816,1087527,19
5817,1087547,29
5818,1087577,19
5819,1087597,38
5820,1087636,19
5821,1087656,19
5822,1087676,23
5823,1087700,25
5824,1087726,18
5825,1087745,18
5826,1087764,18
5827,1087783,18
5828,1087802,18
5829,1087821,18
5830,1087840,18
5831,1087859,18
5832,1087878,18
5833,1087897,18
5834,1087916,29
5835,1087946,19
5836,1087966,19
5837,1087986,19
5838,1088006,19
5839,1088026,18
5840,1088045,18
5841,1088064,29
5842,1088094,19
5843,1088114,205
5844,1088320,28
5845,1088349,33
5846,1088383,19
5847,1088403,28
5848,1088432,48
5849,1088481,19
5850,1088501,49
5851,1088551,28
5852,1088580,75
5853,1088656,23
5854,1088680,19
5855,1088700,19
5856,1088720,55
5857,1088776,79
5858,1088856,39
5859,1088896,29
5860,1088926,91
5861,1089018,19
5862,1089038,19
5863,1089058,19
5864,1089078,29
5865,1089108,50
5866,1089159,19
5867,1089179,19
5868,1089199,19
5869,1089219,54
5870,1089274,122
5871,1089397,27
5872,1089425,18
5873,1089444,18
5874,1089463,29
5875,1089493,18
5876,1089512,27
5877,1089540,19
5878,1089560,19
5879,1089580,40
5880,1089621,18
5881,1089640,18
5882,1089659,39
5883,1089699,18
5884,1089718,18
5885,1089737,53
5886,1089791,18
5887,1089810,18
5888,1089829,177
5889,1090007,173
5890,1090181,19
5891,1090201,29
5892,1090231,18
5893,1090250,18
5894,1090269,29
5895,1090299,19
5896,1090319,18
5897,1090338,38
5898,1090377,33
5899,1090411,46
5900,1090458,18
5901,1090477,23
5902,1090501,19
5903,1090521,34
5904,1090556,27
5905,1090584,19
5906,1090604,19
5907,1090624,24
5908,1090649,18
5909,1090668,289
5910,1090958,19
5911,1090978,19
5912,1090998,29
5913,1091028,19
5914,1091048,29
5915,1091078,38
5916,1091117,61
5917,1091179,66
5918,1091246,31
5919,1091278,18
5920,1091297,18
5921,1091316,18
5922,1091335,31
5923,1091367,29
5924,1091397,19
5925,1091417,19
5926,1091437,18
5927,1091456,18
5928,1091475,27
5929,1091503,18
5930,1091522,29
5931,1091552,38
5932,1091591,23
5933,1091615,45
5934,1091661,18
5935,1091680,24
5936,1091705,58
5937,1091764,19
5938,1091784,19
5939,1091804,48
5940,1091853,19
5941,1091873,1255
5942,1093129,39
5943,1093169,18
5944,1093188,124
5945,1093313,48
5946,1093362,19
5947,1093382,19
5948,1093402,30
5949,1093433,391
5950,1093825,152
5951,1093978,19
5952,1093998,19
5953,1094018,19
5954,1094038,32
5955,1094071,18
5956,1094090,18
5957,1094109,38
5958,1094148,19
5959,1094168,70
5960,1094239,66
5961,1094306,296
5962,1094603,19
5963,1094623,165
5964,1094789,87
5965,1094877,245
5966,1095123,38
5967,1095162,18
5968,1095181,19
5969,1095201,19
5970,1095221,71
5971,1095293,40
5972,1095334,18
5973,1095353,165
5974,1095519,19
5975,1095539,37
5976,1095577,19
5977,1095597,19
5978,1095617,19
5979,1095637,18
5980,1095656,29
5981,1095686,29
5982,1095716,19
5983,1095736,19
5984,1095756,20
5985,1095777,19
5986,1095797,19
5987,1095817,29
5988,1095847,22
5989,1095870,18
5990,1095889,26
5991,1095916,23
5992,1095940,19
5993,1095960,18
5994,1095979,18
5995,1095998,18
5996,1096017,54
5997,1096072,19
5998,1096092,58
5999,1096151,19
6000,1096171,21
6001,1096193,18
6002,1096212,18
6003,1096231,18
6004,1096250,28
6005,1096279,18
6006,1096298,18
6007,1096317,19
6008,1096337,19
6009,1096357,19
6010,1096377,19
6011,1096397,19
6012,1096417,33
6013,1096451,197
6014,1096649,28
6015,1096678,38
6016,1096717,34
6017,1096752,18
6018,1096771,27
6019,1096799,87
6020,1096887,40
6021,1096928,19
6022,1096948,84
6023,1097033,19
6024,1097053,135
6025,1097189,146
6026,1097336,50
6027,1097387,18
6028,1097406,19
6029,1097426,32
6030,1097459,28
6031,1097488,19
6032,1097508,40
6033,1097549,19
6034,1097569,38
6035,1097608,46
6036,1097655,18
6037,1097674,41
6038,1097716,19
6039,1097736,29
6040,1097766,19
6041,1097786,19
6042,1097806,19
6043,1097826,180
6044,1098007,40
6045,1098048,19
6046,1098068,48
6047,1098117,21
6048,1098139,18
6049,1098158,29
6050,1098188,37
6051,1098226,60
6052,1098287,47
6053,1098335,18
6054,1098354,19
6055,1098374,29
6056,1098404,23
6057,1098428,23
6058,1098452,19
6059,1098472,56
6060,1098529,19
6061,1098549,59
6062,1098609,19
6063,1098629,23
6064,1098653,33
6065,1098687,18
6066,1098706,63
6067,1098770,18
6068,1098789,38
6069,1098828,21
6070,1098850,18
6071,1098869,18
6072,1098888,29
6073,1098918,18
6074,1098937,19
6075,1098957,18
6076,1098976,42
6077,1099019,95
6078,1099115,19
6079,1099135,19
6080,1099155,19
6081,1099175,19
6082,1099195,19
6083,1099215,19
6084,1099235,29
6085,1099265,23
6086,1099289,20
6087,1099310,42
6088,1099353,27
6089,1099381,19
6090,1099401,18
6091,1099420,18
6092,1099439,18
6093,1099458,18
6094,1099477,40
6095,1099518,18
6096,1099537,18
6097,1099556,47
6098,1099604,73
6099,1099678,48
6100,1099727,19
6101,1099747,24
6102,1099772,28
6103,1099801,40
6104,1099842,40
6105,1099883,19
6106,1099903,19
6107,1099923,42
6108,1099966,49
6109,1100016,18
6110,1100035,32
6111,1100068,19
6112,1100088,19
6113,1100108,19
6114,1100128,29
6115,1100158,19
6116,1100178,19
6117,1100198,29
6118,1100228,29
6119,1100258,18
6120,1100277,19
6121,1100297,20
6122,1100318,19
6123,1100338,29
6124,1100368,19
6125,1100388,19
6126,1100408,19
6127,1100428,19
6128,1100448,18
6129,1100467,19
6130,1100487,19
6131,1100507,19
6132,1100527,44
6133,1100572,18
6134,1100591,29
6135,1100621,19
6136,1100641,18
6137,1100660,28
6138,1100689,29
6139,1100719,18
6140,1100738,18
6141,1100757,19
6142,1100777,19
6143,1100797,19
6144,1100817,19
6145,1100837,19
6146,1100857,19
6147,1100877,33
6148,1100911,19
6149,1100931,19
6150,1100951,19
6151,1100971,19
6152,1100991,19
6153,1101011,19
6154,1101031,30
6155,1101062,19
6156,1101082,54
6157,1101137,19
6158,1101157,27
6159,1101185,27
6160,1101213,27
6161,1101241,18
6162,1101260,20
6163,1101281,18
6164,1101300,39
6165,1101340,20
6166,1101361,20
6167,1101382,20
6168,1101403,18
6169,1101422,18
6170,1101441,18
6171,1101460,18
6172,1101479,32
6173,1101512,19
6174,1101532,43
6175,1101576,23
6176,1101600,19
6177,1101620,19
6178,1101640,28
6179,1101669,19
6180,1101689,19
6181,1101709,19
6182,1101729,19
6183,1101749,19
6184,1101769,19
6185,1101789,27
6186,1101817,29
6187,1101847,18
6188,1101866,28
6189,1101895,50
6190,1101946,18
6191,1101965,18
6192,1101984,18
6193,1102003,19
6194,1102023,19
6195,1102043,19
6196,1102063,18
6197,1102082,29
6198,1102112,18
6199,1102131,18
6200,1102150,18
6201,1102169,18
6202,1102188,18
6203,1102207,19
6204,1102227,19
6205,1102247,19
6206,1102267,19
6207,1102287,19
6208,1102307,19
6209,1102327,18
6210,1102346,28
6211,1102375,18
6212,1102394,28
6213,1102423,19
6214,1102443,29
6215,1102473,63
6216,1102537,42
6217,1102580,19
6218,1102600,19
6219,1102620,28
6220,1102649,47
6221,1102697,23
6222,1102721,59
6223,1102781,28
6224,1102810,23
6225,1102834,18
6226,1102853,18
6227,1102872,18
6228,1102891,33
6229,1102925,19
6230,1102945,19
6231,1102965,19
6232,1102985,23
6233,1103009,59
6234,1103069,18
6235,1103088,29
6236,1103118,105
6237,1103224,19
6238,1103244,18
6239,1103263,30
6240,1103294,20
6241,1103315,20
6242,1103336,21
6243,1103358,19
6244,1103378,19
6245,1103398,31
6246,1103430,19
6247,1103450,19
6248,1103470,19
6249,1103490,19
6250,1103510,19
6251,1103530,18
6252,1103549,23
6253,1103573,37
6254,1103611,18
6255,1103630,18
6256,1103649,18
6257,1103668,32
6258,1103701,18
6259,1103720,18
6260,1103739,18
6261,1103758,18
6262,1103777,18
6263,1103796,65
6264,1103862,40
6265,1103903,18
6266,1103922,18
6267,1103941,21
6268,1103963,19
6269,1103983,23
6270,1104007,30
6271,1104038,19
6272,1104058,29
6273,1104088,18
6274,1104107,18
6275,1104126,18
6276,1104145,19
6277,1104165,19
6278,1104185,28
6279,1104214,29
6280,1104244,53
6281,1104298,38
6282,1104337,28
6283,1104366,27
6284,1104394,34
6285,1104429,99
6286,1104529,28
6287,1104558,18
6288,1104577,19
6289,1104597,19
6290,1104617,19
6291,1104637,19
6292,1104657,29
6293,1104687,34
6294,1104722,76
6295,1104799,28
6296,1104828,34
6297,1104863,18
6298,1104882,18
6299,1104901,30
6300,1104932,19
6301,1104952,23
6302,1104976,28
6303,1105005,19
6304,1105025,29
6305,1105055,30
6306,1105086,18
6307,1105105,19
6308,1105125,19
6309,1105145,58
6310,1105204,18
6311,1105223,18
6312,1105242,29
6313,1105272,19
6314,1105292,18
6315,1105311,28
6316,1105340,29
6317,1105370,50
6318,1105421,20
6319,1105442,29
6320,1105472,18
6321,1105491,18
6322,1105510,18
6323,1105529,27
6324,1105557,32
6325,1105590,18
6326,1105609,18
6327,1105628,18
6328,1105647,21
6329,1105669,50
6330,1105720,19
6331,1105740,18
6332,1105759,19
6333,1105779,19
6334,1105799,34
6335,1105834,19
6336,1105854,42
6337,1105897,43
6338,1105941,19
6339,1105961,29
6340,1105991,32
6341,1106024,61
6342,1106086,43
6343,1106130,30
6344,1106161,25
6345,1106187,18
6346,1106206,18
6347,1106225,37
6348,1106263,18
6349,1106282,44
6350,1106327,18
6351,1106346,62
6352,1106409,27
6353,1106437,59
6354,1106497,29
6355,1106527,42
6356,1106570,18
6357,1106589,39
6358,1106629,19
6359,1106649,48
6360,1106698,37
6361,1106736,19
6362,1106756,44
6363,1106801,18
6364,1106820,18
6365,1106839,18
6366,1106858,26
6367,1106885,39
6368,1106925,29
6369,1106955,36
6370,1106992,18
6371,1107011,18
6372,1107030,21
6373,1107052,18
6374,1107071,36
6375,1107108,19
6376,1107128,19
6377,1107148,19
6378,1107168,19
6379,1107188,18
6380,1107207,33
6381,1107241,19
6382,1107261,18
6383,1107280,18
6384,1107299,46
6385,1107346,19
6386,1107366,29
6387,1107396,29
6388,1107426,21
6389,1107448,18
6390,1107467,49
6391,1107517,23
6392,1107541,19
6393,1107561,18
6394,1107580,18
6395,1107599,18
6396,1107618,19
6397,1107638,19
6398,1107658,30
6399,1107689,19
6400,1107709,19
6401,1107729,18
6402,1107748,18
6403,1107767,23
6404,1107791,39
6405,1107831,38
6406,1107870,18
6407,1107889,18
6408,1107908,19
6409,1107928,28
6410,1107957,18
6411,1107976,19
6412,1107996,19
6413,1108016,19
6414,1108036,19
6415,1108056,18
6416,1108075,18
6417,1108094,18
6418,1108113,29
6419,1108143,23
6420,1108167,18
6421,1108186,18
6422,1108205,29
6423,1108235,18
6424,1108254,19
6425,1108274,18
6426,1108293,18
6427,1108312,46
6428,1108359,19
6429,1108379,19
6430,1108399,63
6431,1108463,28
6432,1108492,40
6433,1108533,19
6434,1108553,58
6435,1108612,29
6436,1108642,28
6437,1108671,18
6438,1108690,18
6439,1108709,18
6440,1108728,18
6441,1108747,18
6442,1108766,18
6443,1108785,40
6444,1108826,41
6445,1108868,18
6446,1108887,18
6447,1108906,18
6448,1108925,18
6449,1108944,18
6450,1108963,18
6451,1108982,28
6452,1109011,18
6453,1109030,18
6454,1109049,18
6455,1109068,19
6456,1109088,18
6457,1109107,18
6458,1109126,29
6459,1109156,18
6460,1109175,26
6461,1109202,23
6462,1109226,24
6463,1109251,18
6464,1109270,18
6465,1109289,18
6466,1109308,18
6467,1109327,19
6468,1109347,19
6469,1109367,58
6470,1109426,36
6471,1109463,31
6472,1109495,18
6473,1109514,19
6474,1109534,19
6475,1109554,29
6476,1109584,19
6477,1109604,18
6478,1109623,19
6479,1109643,19
6480,1109663,18
6481,1109682,18
6482,1109701,18
6483,1109720,29
6484,1109750,18
6485,1109769,18
6486,1109788,18
6487,1109807,18
6488,1109826,18
6489,1109845,18
6490,1109864,19
6491,1109884,19
6492,1109904,19
6493,1109924,18
6494,1109943,18
6495,1109962,18
6496,1109981,18
6497,1110000,18
6498,1110019,18
6499,1110038,29
6500,1110068,19
6501,1110088,19
6502,1110108,19
6503,1110128,19
6504,1110148,19
6505,1110168,19
6506,1110188,19
6507,1110208,19
6508,1110228,18
6509,1110247,18
6510,1110266,18
6511,1110285,19
6512,1110305,18
6513,1110324,18
6514,1110343,19
6515,1110363,29
6516,1110393,29
6517,1110423,19
6518,1110443,34
6519,1110478,44
6520,1110523,18
6521,1110542,18
6522,1110561,18
6523,1110580,29
6524,1110610,18
6525,1110629,19
6526,1110649,19
6527,1110669,19
6528,1110689,19
6529,1110709,19
6530,1110729,18
6531,1110748,18
6532,1110767,18
6533,1110786,18
6534,1110805,18
6535,1110824,18
6536,1110843,28
6537,1110872,18
6538,1110891,19
6539,1110911,19
6540,1110931,19
6541,1110951,19
6542,1110971,19
6543,1110991,19
6544,1111011,19
6545,1111031,22
6546,1111054,18
6547,1111073,28
6548,1111102,18
6549,1111121,18
6550,1111140,18
6551,1111159,18
6552,1111178,18
6553,1111197,28
6554,1111226,18
6555,1111245,19
6556,1111265,19
6557,1111285,29
6558,1111315,39
6559,1111355,18
6560,1111374,20
6561,1111395,29
6562,1111425,18
6563,1111444,19
6564,1111464,40
6565,1111505,19
6566,1111525,19
6567,1111545,19
6568,1111565,19
6569,1111585,18
6570,1111604,22
6571,1111627,18
6572,1111646,18
6573,1111665,19
6574,1111685,18
6575,1111704,50
6576,1111755,18
6577,1111774,18
6578,1111793,18
6579,1111812,18
6580,1111831,18
6581,1111850,18
6582,1111869,18
6583,1111888,23
6584,1111912,18
6585,1111931,18
6586,1111950,18
6587,1111969,18
6588,1111988,19
6589,1112008,30
6590,1112039,19
6591,1112059,19
6592,1112079,19
6593,1112099,19
6594,1112119,19
6595,1112139,19
6596,1112159,29
6597,1112189,33
6598,1112223,18
6599,1112242,19
6600,1112262,20
6601,1112283,20
6602,1112304,18
6603,1112323,18
6604,1112342,29
6605,1112372,19
6606,1112392,18
6607,1112411,52
6608,1112464,19
6609,1112484,19
6610,1112504,51
6611,1112556,28
6612,1112585,19
6613,1112605,51
6614,1112657,94
6615,1112752,95
6616,1112848,33
6617,1112882,18
6618,1112901,19
6619,1112921,19
6620,1112941,19
6621,1112961,30
6622,1112992,54
6623,1113047,19
6624,1113067,33
6625,1113101,20
6626,1113122,29
6627,1113152,18
6628,1113171,36
6629,1113208,35
6630,1113244,28
6631,1113273,21
6632,1113295,18
6633,1113314,18
6634,1113333,123
6635,1113457,18
6636,1113476,28
6637,1113505,40
6638,1113546,33
6639,1113580,54
6640,1113635,18
6641,1113654,18
6642,1113673,18
6643,1113692,20
6644,1113713,50
6645,1113764,45
6646,1113810,20
6647,1113831,18
6648,1113850,19
6649,1113870,18
6650,1113889,48
6651,1113938,18
6652,1113957,19
6653,1113977,28
6654,1114006,18
6655,1114025,18
6656,1114044,39
6657,1114084,22
6658,1114107,18
6659,1114126,18
6660,1114145,18
6661,1114164,19
6662,1114184,19
6663,1114204,19
6664,1114224,19
6665,1114244,29
6666,1114274,19
6667,1114294,19
6668,1114314,19
6669,1114334,29
6670,1114364,19
6671,1114384,19
6672,1114404,19
6673,1114424,19
6674,1114444,30
6675,1114475,24
6676,1114500,21
6677,1114522,18
6678,1114541,32
6679,1114574,19
6680,1114594,19
6681,1114614,19
6682,1114634,21
6683,1114656,18
6684,1114675,18
6685,1114694,18
6686,1114713,53
6687,1114767,53
6688,1114821,29
6689,1114851,18
6690,1114870,18
6691,1114889,39
6692,1114929,19
6693,1114949,19
6694,1114969,21
6695,1114991,18
6696,1115010,18
6697,1115029,19
6698,1115049,30
6699,1115080,19
6700,1115100,18
6701,1115119,37
6702,1115157,18
6703,1115176,29
6704,1115206,18
6705,1115225,19
6706,1115245,19
6707,1115265,19
6708,1115285,23
6709,1115309,19
6710,1115329,19
6711,1115349,20
6712,1115370,75
6713,1115446,19
6714,1115466,19
6715,1115486,29
6716,1115516,18
6717,1115535,18
6718,1115554,18
6719,1115573,38
6720,1115612,19
6721,1115632,44
6722,1115677,19
6723,1115697,18
6724,1115716,18
6725,1115735,75
6726,1115811,29
6727,1115841,19
6728,1115861,29
6729,1115891,20
6730,1115912,21
6731,1115934,22
6732,1115957,45
6733,1116003,33
6734,1116037,29
6735,1116067,31
6736,1116099,19
6737,1116119,19
6738,1116139,19
6739,1116159,19
6740,1116179,23
6741,1116203,19
6742,1116223,19
6743,1116243,19
6744,1116263,19
6745,1116283,19
6746,1116303,21
6747,1116325,18
6748,1116344,18
6749,1116363,18
6750,1116382,30
6751,1116413,18
6752,1116432,43
6753,1116476,18
6754,1116495,18
6755,1116514,24
6756,1116539,24
6757,1116564,24
6758,1116589,19
6759,1116609,19
6760,1116629,19
6761,1116649,19
6762,1116669,19
6763,1116689,19
6764,1116709,27
6765,1116737,19
6766,1116757,24
6767,1116782,21
6768,1116804,19
6769,1116824,23
6770,1116848,19
6771,1116868,20
6772,1116889,18
6773,1116908,18
6774,1116927,39
6775,1116967,20
6776,1116988,49
6777,1117038,18
6778,1117057,23
6779,1117081,19
6780,1117101,19
6781,1117121,19
6782,1117141,19
6783,1117161,29
6784,1117191,41
6785,1117233,18
6786,1117252,18
6787,1117271,18
6788,1117290,48
6789,1117339,40
6790,1117380,77
6791,1117458,30
6792,1117489,20
6793,1117510,19
6794,1117530,20
6795,1117551,19
6796,1117571,19
6797,1117591,19
6798,1117611,19
6799,1117631,19
6800,1117651,19
6801,1117671,31
6802,1117703,20
6803,1117724,19
6804,1117744,20
6805,1117765,19
6806,1117785,19
6807,1117805,19
6808,1117825,19
6809,1117845,29
6810,1117875,19
6811,1117895,19
6812,1117915,31
6813,1117947,50
6814,1117998,19
6815,1118018,53
6816,1118072,19
6817,1118092,19
6818,1118112,19
6819,1118132,32
6820,1118165,19
6821,1118185,19
6822,1118205,19
6823,1118225,19
6824,1118245,19
6825,1118265,19
6826,1118285,19
6827,1118305,40
6828,1118346,20
6829,1118367,29
6830,1118397,19
6831,1118417,19
6832,1118437,30
6833,1118468,20
6834,1118489,19
6835,1118509,41
6836,1118551,29
6837,1118581,24
6838,1118606,19
6839,1118626,19
6840,1118646,19
6841,1118666,41
6842,1118708,19
6843,1118728,20
6844,1118749,35
6845,1118785,19
6846,1118805,19
6847,1118825,19
6848,1118845,20
6849,1118866,31
6850,1118898,20
6851,1118919,29
6852,1118949,29
6853,1118979,19
6854,1118999,19
6855,1119019,19
6856,1119039,19
6857,1119059,35
6858,1119095,27
6859,1119123,65
6860,1119189,30
6861,1119220,20
6862,1119241,20
6863,1119262,20
6864,1119283,20
6865,1119304,19
6866,1119324,19
6867,1119344,20
6868,1119365,19
6869,1119385,19
6870,1119405,19
6871,1119425,20
6872,1119446,29
6873,1119476,29
6874,1119506,23
6875,1119530,19
6876,1119550,19
6877,1119570,19
6878,1119590,25
6879,1119616,19
6880,1119636,19
6881,1119656,19
6882,1119676,19
6883,1119696,31
6884,1119728,30
6885,1119759,20
6886,1119780,20
6887,1119801,31
6888,1119833,20
6889,1119854,24
6890,1119879,20
6891,1119900,20
6892,1119921,20
6893,1119942,20
6894,1119963,20
6895,1119984,19
6896,1120004,19
6897,1120024,24
6898,1120049,30
6899,1120080,22
6900,1120103,19
6901,1120123,19
6902,1120143,19
6903,1120163,19
6904,1120183,19
6905,1120203,19
6906,1120223,20
6907,1120244,20
6908,1120265,19
6909,1120285,20
6910,1120306,20
6911,1120327,20
6912,1120348,20
6913,1120369,19
6914,1120389,19
6915,1120409,19
6916,1120429,19
6917,1120449,31
6918,1120481,19
6919,1120501,19
6920,1120521,20
6921,1120542,29
6922,1120572,41
6923,1120614,20
6924,1120635,20
6925,1120656,20
6926,1120677,24
6927,1120702,20
6928,1120723,20
6929,1120744,24
6930,1120769,30
6931,1120800,19
6932,1120820,57
6933,1120878,156
6934,1121035,22
6935,1121058,19
6936,1121078,19
6937,1121098,22
6938,1121121,19
6939,1121141,20
6940,1121162,20
6941,1121183,32
6942,1121216,22
6943,1121239,30
6944,1121270,20
6945,1121291,24
6946,1121316,20
6947,1121337,20
6948,1121358,20
6949,1121379,30
6950,1121410,19
6951,1121430,19
6952,1121450,65
6953,1121516,70
6954,1121587,19
6955,1121607,78
6956,1121686,29
6957,1121716,20
6958,1121737,20
6959,1121758,31
6960,1121790,20
6961,1121811,20
6962,1121832,20
6963,1121853,19
6964,1121873,30
6965,1121904,20
6966,1121925,20
6967,1121946,20
6968,1121967,20
6969,1121988,20
6970,1122009,20
6971,1122030,20
6972,1122051,22
6973,1122074,19
6974,1122094,20
6975,1122115,19
6976,1122135,20
6977,1122156,20
6978,1122177,19
6979,1122197,22
6980,1122220,19
6981,1122240,20
6982,1122261,20
6983,1122282,20
6984,1122303,20
6985,1122324,19
6986,1122344,19
6987,1122364,19
6988,1122384,19
6989,1122404,19
6990,1122424,19
6991,1122444,20
6992,1122465,20
6993,1122486,20
6994,1122507,24
6995,1122532,20
6996,1122553,23
6997,1122577,45
6998,1122623,19
6999,1122643,22
7000,1122666,35
7001,1122702,32
7002,1122735,19
7003,1122755,19
7004,1122775,19
7005,1122795,19
7006,1122815,20
7007,1122836,19
7008,1122856,19
7009,1122876,20
7010,1122897,20
7011,1122918,30
7012,1122949,19
7013,1122969,31
7014,1123001,25
7015,1123027,43
7016,1123071,30
7017,1123102,31
7018,1123134,19
7019,1123154,28
7020,1123183,39
7021,1123223,20
7022,1123244,30
7023,1123275,29
7024,1123305,19
7025,1123325,29
7026,1123355,29
7027,1123385,29
7028,1123415,29
7029,1123445,59
7030,1123505,29
7031,1123535,29
7032,1123565,19
7033,1123585,20
7034,1123606,20
7035,1123627,51
7036,1123679,20
7037,1123700,19
7038,1123720,19
7039,1123740,19
7040,1123760,19
7041,1123780,22
7042,1123803,19
7043,1123823,20
7044,1123844,20
7045,1123865,20
7046,1123886,23
7047,1123910,19
7048,1123930,19
7049,1123950,19
7050,1123970,19
7051,1123990,19
7052,1124010,24
7053,1124035,19
7054,1124055,35
7055,1124091,19
7056,1124111,22
7057,1124134,29
7058,1124164,19
7059,1124184,19
7060,1124204,20
7061,1124225,20
7062,1124246,20
7063,1124267,19
7064,1124287,34
7065,1124322,19
7066,1124342,37
7067,1124380,19
7068,1124400,20
7069,1124421,20
7070,1124442,31
7071,1124474,19
7072,1124494,22
7073,1124517,22
7074,1124540,19
7075,1124560,20
7076,1124581,20
7077,1124602,20
7078,1124623,20
7079,1124644,20
7080,1124665,19
7081,1124685,19
7082,1124705,19
7083,1124725,19
7084,1124745,29
7085,1124775,20
7086,1124796,20
7087,1124817,20
7088,1124838,22
7089,1124861,20
7090,1124882,26
7091,1124909,19
7092,1124929,19
7093,1124949,20
7094,1124970,19
7095,1124990,19
7096,1125010,19
7097,1125030,19
7098,1125050,20
7099,1125071,20
7100,1125092,20
7101,1125113,20
7102,1125134,31
7103,1125166,19
7104,1125186,19
7105,1125206,19
7106,1125226,19
7107,1125246,30
7108,1125277,19
7109,1125297,19
7110,1125317,19
7111,1125337,19
7112,1125357,19
7113,1125377,19
7114,1125397,19
7115,1125417,20
7116,1125438,24
7117,1125463,20
7118,1125484,19
7119,1125504,19
7120,1125524,32
7121,1125557,19
7122,1125577,20
7123,1125598,31
7124,1125630,20
7125,1125651,21
7126,1125673,21
7127,1125695,20
7128,1125716,20
7129,1125737,19
7130,1125757,22
7131,1125780,29
7132,1125810,19
7133,1125830,19
7134,1125850,19
7135,1125870,30
7136,1125901,24
7137,1125926,21
7138,1125948,19
7139,1125968,29
7140,1125998,19
7141,1126018,20
7142,1126039,20
7143,1126060,20
7144,1126081,20
7145,1126102,20
7146,1126123,20
7147,1126144,19
7148,1126164,38
7149,1126203,20
7150,1126224,40
7151,1126265,20
7152,1126286,24
7153,1126311,19
7154,1126331,20
7155,1126352,20
7156,1126373,20
7157,1126394,20
7158,1126415,20
7159,1126436,20
7160,1126457,19
7161,1126477,19
7162,1126497,19
7163,1126517,20
7164,1126538,20
7165,1126559,20
7166,1126580,20
7167,1126601,30
7168,1126632,20
7169,1126653,19
7170,1126673,19
7171,1126693,19
7172,1126713,20
7173,1126734,34
7174,1126769,19
7175,1126789,19
7176,1126809,19
7177,1126829,57
7178,1126887,70
7179,1126958,20
7180,1126979,30
7181,1127010,62
7182,1127073,20
7183,1127094,20
7184,1127115,20
7185,1127136,20
7186,1127157,31
7187,1127189,31
7188,1127221,20
7189,1127242,24
7190,1127267,24
7191,1127292,20
7192,1127313,69
7193,1127383,23
7194,1127407,20
7195,1127428,20
7196,1127449,20
7197,1127470,20
7198,1127491,20
7199,1127512,20
7200,1127533,20
7201,1127554,24
7202,1127579,22
7203,1127602,19
7204,1127622,19
7205,1127642,20
7206,1127663,20
7207,1127684,19
7208,1127704,19
7209,1127724,19
7210,1127744,19
7211,1127764,19
7212,1127784,20
7213,1127805,19
7214,1127825,19
7215,1127845,19
7216,1127865,34
7217,1127900,31
7218,1127932,20
7219,1127953,19
7220,1127973,19
7221,1127993,20
7222,1128014,42
7223,1128057,34
7224,1128092,19
7225,1128112,20
7226,1128133,31
7227,1128165,20
7228,1128186,50
7229,1128237,22
7230,1128260,32
7231,1128293,19
7232,1128313,40
7233,1128354,20
7234,1128375,20
7235,1128396,36
7236,1128433,19
7237,1128453,20
7238,1128474,20
7239,1128495,55
7240,1128551,34
7241,1128586,39
7242,1128626,20
7243,1128647,20
7244,1128668,19
7245,1128688,19
7246,1128708,19
7247,1128728,24
7248,1128753,20
7249,1128774,31
7250,1128806,20
7251,1128827,31
7252,1128859,20
7253,1128880,21
7254,1128902,21
7255,1128924,19
7256,1128944,19
7257,1128964,19
7258,1128984,23
7259,1129008,34
7260,1129043,19
7261,1129063,31
7262,1129095,20
7263,1129116,19
7264,1129136,20
7265,1129157,20
7266,1129178,20
7267,1129199,34
7268,1129234,19
7269,1129254,23
7270,1129278,19
7271,1129298,19
7272,1129318,20
7273,1129339,20
7274,1129360,19
7275,1129380,19
7276,1129400,19
7277,1129420,19
7278,1129440,22
7279,1129463,19
7280,1129483,29
7281,1129513,19
7282,1129533,19
7283,1129553,19
7284,1129573,20
7285,1129594,20
7286,1129615,24
7287,1129640,20
7288,1129661,20
7289,1129682,19
7290,1129702,20
7291,1129723,20
7292,1129744,47
7293,1129792,19
7294,1129812,29
7295,1129842,20
7296,1129863,35
7297,1129899,20
7298,1129920,20
7299,1129941,20
7300,1129962,19
7301,1129982,19
7302,1130002,30
7303,1130033,20
7304,1130054,19
7305,1130074,20
7306,1130095,20
7307,1130116,19
7308,1130136,23
7309,1130160,23
7310,1130184,24
7311,1130209,45
7312,1130255,19
7313,1130275,31
7314,1130307,19
7315,1130327,20
7316,1130348,19
7317,1130368,19
7318,1130388,20
7319,1130409,20
7320,1130430,19
7321,1130450,28
7322,1130479,49
7323,1130529,19
7324,1130549,20
7325,1130570,22
7326,1130593,19
7327,1130613,19
7328,1130633,19
7329,1130653,20
7330,1130674,70
7331,1130745,19
7332,1130765,19
7333,1130785,20
7334,1130806,19
7335,1130826,19
7336,1130846,20
7337,1130867,19
7338,1130887,20
7339,1130908,20
7340,1130929,20
7341,1130950,20
7342,1130971,20
7343,1130992,19
7344,1131012,19
7345,1131032,20
7346,1131053,20
7347,1131074,20
7348,1131095,20
7349,1131116,20
7350,1131137,20
7351,1131158,20
7352,1131179,31
7353,1131211,23
7354,1131235,20
7355,1131256,20
7356,1131277,31
7357,1131309,23
7358,1131333,20
7359,1131354,20
7360,1131375,19
7361,1131395,19
7362,1131415,20
7363,1131436,31
7364,1131468,20
7365,1131489,20
7366,1131510,22
7367,1131533,31
7368,1131565,20
7369,1131586,20
7370,1131607,30
7371,1131638,20
7372,1131659,40
7373,1131700,19
7374,1131720,19
7375,1131740,20
7376,1131761,20
7377,1131782,22
7378,1131805,19
7379,1131825,19
7380,1131845,20
7381,1131866,36
7382,1131903,19
7383,1131923,19
7384,1131943,20
7385,1131964,20
7386,1131985,19
7387,1132005,19
7388,1132025,20
7389,1132046,20
7390,1132067,20
7391,1132088,19
7392,1132108,20
7393,1132129,30
7394,1132160,21
7395,1132182,19
7396,1132202,23
7397,1132226,20
7398,1132247,20
7399,1132268,20
7400,1132289,20
7401,1132310,19
7402,1132330,19
7403,1132350,19
7404,1132370,30
7405,1132401,20
7406,1132422,30
7407,1132453,20
7408,1132474,20
7409,1132495,22
7410,1132518,19
7411,1132538,19
7412,1132558,19
7413,1132578,19
7414,1132598,20
7415,1132619,20
7416,1132640,20
7417,1132661,20
7418,1132682,21
7419,1132704,70
7420,1132775,19
7421,1132795,20
7422,1132816,20
7423,1132837,19
7424,1132857,19
7425,1132877,20
7426,1132898,20
7427,1132919,19
7428,1132939,19
7429,1132959,19
7430,1132979,19
7431,1132999,21
7432,1133021,19
7433,1133041,20
7434,1133062,20
7435,1133083,20
7436,1133104,20
7437,1133125,20
7438,1133146,20
7439,1133167,20
7440,1133188,19
7441,1133208,20
7442,1133229,19
7443,1133249,19
7444,1133269,20
7445,1133290,20
7446,1133311,20
7447,1133332,19
7448,1133352,29
7449,1133382,23
7450,1133406,19
7451,1133426,19
7452,1133446,19
7453,1133466,19
7454,1133486,19
7455,1133506,19
7456,1133526,19
7457,1133546,21
7458,1133568,20
7459,1133589,24
7460,1133614,19
7461,1133634,20
7462,1133655,34
7463,1133690,20
7464,1133711,19
7465,1133731,30
7466,1133762,20
7467,1133783,20
7468,1133804,20
7469,1133825,20
7470,1133846,20
7471,1133867,20
7472,1133888,20
7473,1133909,20
7474,1133930,20
7475,1133951,20
7476,1133972,20
7477,1133993,23
7478,1134017,19
7479,1134037,19
7480,1134057,20
7481,1134078,20
7482,1134099,20
7483,1134120,30
7484,1134151,30
7485,1134182,20
7486,1134203,20
7487,1134224,20
7488,1134245,20
7489,1134266,20
7490,1134287,20
7491,1134308,20
7492,1134329,20
7493,1134350,20
7494,1134371,20
7495,1134392,20
7496,1134413,21
7497,1134435,19
7498,1134455,19
7499,1134475,20
7500,1134496,20
7501,1134517,24
7502,1134542,19
7503,1134562,19
7504,1134582,19
7505,1134602,19
7506,1134622,20
7507,1134643,20
7508,1134664,24
7509,1134689,20
7510,1134710,19
7511,1134730,29
7512,1134760,20
7513,1134781,19
7514,1134801,19
7515,1134821,19
7516,1134841,20
7517,1134862,20
7518,1134883,20
7519,1134904,29
7520,1134934,19
7521,1134954,19
7522,1134974,20
7523,1134995,20
7524,1135016,20
7525,1135037,19
7526,1135057,20
7527,1135078,20
7528,1135099,19
7529,1135119,19
7530,1135139,20
7531,1135160,20
7532,1135181,20
7533,1135202,19
7534,1135222,20
7535,1135243,20
7536,1135264,20
7537,1135285,19
7538,1135305,19
7539,1135325,20
7540,1135346,20
7541,1135367,20
7542,1135388,20
7543,1135409,19
7544,1135429,19
7545,1135449,19
7546,1135469,20
7547,1135490,20
7548,1135511,19
7549,1135531,19
7550,1135551,20
7551,1135572,20
7552,1135593,20
7553,1135614,20
7554,1135635,19
7555,1135655,20
7556,1135676,21
7557,1135698,19
7558,1135718,31
7559,1135750,20
7560,1135771,20
7561,1135792,20
7562,1135813,20
7563,1135834,20
7564,1135855,19
7565,1135875,19
7566,1135895,20
7567,1135916,20
7568,1135937,19
7569,1135957,19
7570,1135977,20
7571,1135998,20
7572,1136019,20
7573,1136040,20
7574,1136061,20
7575,1136082,20
7576,1136103,19
7577,1136123,19
7578,1136143,21
7579,1136165,19
7580,1136185,20
7581,1136206,19
7582,1136226,21
7583,1136248,19
7584,1136268,20
7585,1136289,19
7586,1136309,20
7587,1136330,22
7588,1136353,20
7589,1136374,20
7590,1136395,20
7591,1136416,20
7592,1136437,69
7593,1136507,30
7594,1136538,35
7595,1136574,24
7596,1136599,33
7597,1136633,23
7598,1136657,24
7599,1136682,20
7600,1136703,20
7601,1136724,24
7602,1136749,31
7603,1136781,19
7604,1136801,32
7605,1136834,32
7606,1136867,24
7607,1136892,20
7608,1136913,19
7609,1136933,19
7610,1136953,19
7611,1136973,20
7612,1136994,20
7613,1137015,19
7614,1137035,30
7615,1137066,20
7616,1137087,20
7617,1137108,20
7618,1137129,20
7619,1137150,20
7620,1137171,34
7621,1137206,19
7622,1137226,19
7623,1137246,20
7624,1137267,19
7625,1137287,19
7626,1137307,20
7627,1137328,20
7628,1137349,20
7629,1137370,22
7630,1137393,19
7631,1137413,39
7632,1137453,20
7633,1137474,19
7634,1137494,19
7635,1137514,19
7636,1137534,21
7637,1137556,20
7638,1137577,20
7639,1137598,20
7640,1137619,23
7641,1137643,19
7642,1137663,19
7643,1137683,19
7644,1137703,19
7645,1137723,19
7646,1137743,20
7647,1137764,20
7648,1137785,20
7649,1137806,20
7650,1137827,20
7651,1137848,20
7652,1137869,20
7653,1137890,19
7654,1137910,19
7655,1137930,19
7656,1137950,19
7657,1137970,19
7658,1137990,20
7659,1138011,20
7660,1138032,20
7661,1138053,19
7662,1138073,19
7663,1138093,19
7664,1138113,30
7665,1138144,20
7666,1138165,20
7667,1138186,20
7668,1138207,21
7669,1138229,20
7670,1138250,20
7671,1138271,19
7672,1138291,19
7673,1138311,19
7674,1138331,20
7675,1138352,19
7676,1138372,19
7677,1138392,19
7678,1138412,23
7679,1138436,20
7680,1138457,20
7681,1138478,20
7682,1138499,20
7683,1138520,20
7684,1138541,19
7685,1138561,26
7686,1138588,19
7687,1138608,20
7688,1138629,20
7689,1138650,20
7690,1138671,24
7691,1138696,24
7692,1138721,20
7693,1138742,20
7694,1138763,24
7695,1138788,19
7696,1138808,19
7697,1138828,19
7698,1138848,19
7699,1138868,24
7700,1138893,23
7701,1138917,20
7702,1138938,19
7703,1138958,19
7704,1138978,19
7705,1138998,19
7706,1139018,24
7707,1139043,28
7708,1139072,24
7709,1139097,20
7710,1139118,21
7711,1139140,19
7712,1139160,20
7713,1139181,31
7714,1139213,20
7715,1139234,20
7716,1139255,20
7717,1139276,20
7718,1139297,19
7719,1139317,20
7720,1139338,20
7721,1139359,19
7722,1139379,20
7723,1139400,20
7724,1139421,22
7725,1139444,20
7726,1139465,19
7727,1139485,20
7728,1139506,20
7729,1139527,20
7730,1139548,20
7731,1139569,19
7732,1139589,20
7733,1139610,20
7734,1139631,20
7735,1139652,19
7736,1139672,19
7737,1139692,20
7738,1139713,19
7739,1139733,23
7740,1139757,20
7741,1139778,20
7742,1139799,31
7743,1139831,20
7744,1139852,20
7745,1139873,20
7746,1139894,32
7747,1139927,24
7748,1139952,19
7749,1139972,23
7750,1139996,20
7751,1140017,20
7752,1140038,24
7753,1140063,22
7754,1140086,19
7755,1140106,23
7756,1140130,20
7757,1140151,35
7758,1140187,22
7759,1140210,19
7760,1140230,19
7761,1140250,20
7762,1140271,20
7763,1140292,22
7764,1140315,20
7765,1140336,20
7766,1140357,20
7767,1140378,20
7768,1140399,21
7769,1140421,19
7770,1140441,20
7771,1140462,19
7772,1140482,20
7773,1140503,19
7774,1140523,23
7775,1140547,23
7776,1140571,20
7777,1140592,22
7778,1140615,19
7779,1140635,20
7780,1140656,19
7781,1140676,19
7782,1140696,19
7783,1140716,21
7784,1140738,19
7785,1140758,22
7786,1140781,19
7787,1140801,19
7788,1140821,20
7789,1140842,20
7790,1140863,23
7791,1140887,20
7792,1140908,20
7793,1140929,21
7794,1140951,19
7795,1140971,19
7796,1140991,20
7797,1141012,20
7798,1141033,31
7799,1141065,20
7800,1141086,20
7801,1141107,20
7802,1141128,19
7803,1141148,19
7804,1141168,19
7805,1141188,19
7806,1141208,19
7807,1141228,19
7808,1141248,20
7809,1141269,19
7810,1141289,20
7811,1141310,20
7812,1141331,20
7813,1141352,20
7814,1141373,20
7815,1141394,20
7816,1141415,20
7817,1141436,20
7818,1141457,20
7819,1141478,19
7820,1141498,24
7821,1141523,19
7822,1141543,19
7823,1141563,19
7824,1141583,19
7825,1141603,20
7826,1141624,20
7827,1141645,20
7828,1141666,20
7829,1141687,19
7830,1141707,20
7831,1141728,20
7832,1141749,19
7833,1141769,20
7834,1141790,36
7835,1141827,19
7836,1141847,22
7837,1141870,19
7838,1141890,19
7839,1141910,20
7840,1141931,20
7841,1141952,24
7842,1141977,20
7843,1141998,20
7844,1142019,19
7845,1142039,20
7846,1142060,19
7847,1142080,19
7848,1142100,19
7849,1142120,19
7850,1142140,19
7851,1142160,19
7852,1142180,19
