1,0,2333
2,2334,1613
3,3948,195
4,4144,2286
5,6431,98
6,6530,1063
7,7594,164
8,7759,2679
9,10439,1438
10,11878,729
11,12608,193
12,12802,2051
13,14854,1571
14,16426,743
15,17170,1088
16,18259,845
17,19105,809
18,19915,1019
19,20935,2000
20,22936,2053
21,24990,2631
22,27622,858
23,28481,4755
24,33237,76
25,33314,797
26,34112,164
27,34277,498
28,34776,1629
29,36406,70
30,36477,1894
31,38372,56
32,38429,313
33,38743,675
34,39419,422
35,39842,317
36,40160,72
37,40233,204
38,40438,274
39,40713,123
40,40837,56
41,40894,262
42,41157,37
43,41195,5271
44,46467,4579
45,51047,410
46,51458,2353
47,53812,246
48,54059,75
49,54135,15
50,54151,2400
51,56552,245
52,56798,1112
53,57911,403
54,58315,8289
55,66605,3930
56,70536,247
57,70784,2866
58,73651,483
59,74135,294
60,74430,493
61,74924,1387
62,76312,870
63,77183,748
64,77932,1641
65,79574,1937
66,81512,1156
67,82669,1352
68,84022,1872
69,85895,555
70,86451,1966
71,88418,1560
72,89979,1057
73,91037,3288
74,94326,1967
75,96294,2350
76,98645,170
77,98816,422
78,99239,140
79,99380,213
80,99594,2623
81,102218,1393
82,103612,16
83,103629,987
84,104617,1301
85,105919,1676
86,107596,73
87,107670,138
88,107809,656
89,108466,156
90,108623,1263
91,109887,110
92,109998,81
93,110080,73
94,110154,1611
95,111766,167
96,111934,39
97,111974,315
98,112290,175
99,112466,249
100,112716,47
101,112764,347
102,113112,1456
103,114569,788
104,115358,354
105,115713,254
106,115968,1408
107,117377,37
108,117415,18
109,117434,1401
110,118836,1311
111,120148,877
112,121026,2333
113,123360,2152
114,125513,475
115,125989,763
116,126753,46
117,126800,115
118,126916,1418
119,128335,478
120,128814,208
121,129023,772
122,129796,2372
123,132169,2165
124,134335,5308
125,139644,687
126,140332,1344
127,141677,1756
128,143434,2120
129,145555,1390
130,146946,1097
131,148044,909
132,148954,3005
133,151960,218
134,152179,194
135,152374,444
136,152819,708
137,153528,827
138,154356,2234
139,156591,794
140,157386,1971
141,159358,326
142,159685,2985
143,162671,408
144,163080,144
145,163225,155
146,163381,480
147,163862,715
148,164578,71
149,164650,872
150,165523,362
151,165886,207
152,166094,126
153,166221,70
154,166292,104
155,166397,2798
156,169196,197
157,169394,871
158,170266,1096
159,171363,694
160,172058,1766
161,173825,465
162,174291,526
163,174818,1489
164,176308,28
165,176337,388
166,176726,87
167,176814,34
168,176849,26
169,176876,21
170,176898,107
171,177006,2729
172,179736,69
173,179806,198
174,180005,1004
175,181010,216
176,181227,80
177,181308,1080
178,182389,725
179,183115,1089
180,184205,38
181,184244,490
182,184735,1562
183,186298,2279
184,188578,579
185,189158,252
186,189411,1067
187,190479,3356
188,193836,307
189,194144,1066
190,195211,1438
191,196650,3056
192,199707,28
193,199736,327
194,200064,60
195,200125,56
196,200182,144
197,200327,501
198,200829,1097
199,201927,2581
200,204509,1577
201,206087,638
202,206726,158
203,206885,205
204,207091,1068
205,208160,1387
206,209548,1690
207,211239,111
208,211351,201
209,211553,45
210,211599,62
211,211662,54
212,211717,120
213,211838,134
214,211973,123
215,212097,17
216,212115,1015
217,213131,3831
218,216963,2071
219,219035,26
220,219062,30
221,219093,25
222,219119,284
223,219404,56
224,219461,216
225,219678,358
226,220037,59
227,220097,1893
228,221991,4707
229,226699,660
230,227360,148
231,227509,1468
232,228978,1462
233,230441,547
234,230989,46
235,231036,69
236,231106,41
237,231148,242
238,231391,457
239,231849,187
240,232037,18
241,232056,47
242,232104,94
243,232199,1341
244,233541,337
245,233879,263
246,234143,64
247,234208,28
248,234237,26
249,234264,558
250,234823,347
251,235171,286
252,235458,789
253,236248,40
254,236289,324
255,236614,205
256,236820,18
257,236839,88
258,236928,18
259,236947,488
260,237436,233
261,237670,198
262,237869,555
263,238425,602
264,239028,28
265,239057,600
266,239658,168
267,239827,183
268,240011,66
269,240078,328
270,240407,175
271,240583,254
272,240838,226
273,241065,135
274,241201,530
275,241732,27
276,241760,831
277,242592,1248
278,243841,253
279,244095,78
280,244174,26
281,244201,526
282,244728,1663
283,246392,119
284,246512,287
285,246800,161
286,246962,1042
287,248005,27
288,248033,440
289,248474,1347
290,249822,723
291,250546,449
292,250996,73
293,251070,269
294,251340,138
295,251479,92
296,251572,2052
297,253625,734
298,254360,1553
299,255914,145
300,256060,414
301,256475,75
302,256551,18
303,256570,18
304,256589,72
305,256662,139
306,256802,80
307,256883,100
308,256984,27
309,257012,180
310,257193,471
311,257665,64
312,257730,46
313,257777,47
314,257825,123
315,257949,17
316,257967,17
317,257985,1826
318,259812,27
319,259840,912
320,260753,1274
321,262028,708
322,262737,149
323,262887,17
324,262905,1046
325,263952,216
326,264169,142
327,264312,224
328,264537,1078
329,265616,452
330,266069,233
331,266303,28
332,266332,27
333,266360,341
334,266702,545
335,267248,136
336,267385,116
337,267502,1393
338,268896,1470
339,270367,202
340,270570,289
341,270860,1261
342,272122,267
343,272390,1654
344,274045,541
345,274587,711
346,275299,18
347,275318,56
348,275375,480
349,275856,80
350,275937,157
351,276095,278
352,276374,1150
353,277525,495
354,278021,28
355,278050,228
356,278279,107
357,278387,162
358,278550,128
359,278679,281
360,278961,538
361,279500,867
362,280368,557
363,280926,304
364,281231,51
365,281283,114
366,281398,457
367,281856,1386
368,283243,172
369,283416,1168
370,284585,676
371,285262,38
372,285301,267
373,285569,18
374,285588,240
375,285829,420
376,286250,146
377,286397,416
378,286814,1969
379,288784,782
380,289567,71
381,289639,130
382,289770,115
383,289886,124
384,290011,703
385,290715,75
386,290791,386
387,291178,921
388,292100,1079
389,293180,462
390,293643,1231
391,294875,314
392,295190,55
393,295246,524
394,295771,288
395,296060,75
396,296136,150
397,296287,504
398,296792,1135
399,297928,15
400,297944,186
401,298131,25
402,298157,838
403,298996,151
404,299148,112
405,299261,446
406,299708,816
407,300525,1270
408,301796,858
409,302655,115
410,302771,15
411,302787,44
412,302832,297
413,303130,35
414,303166,135
415,303302,389
416,303692,300
417,303993,289
418,304283,16
419,304300,16
420,304317,333
421,304651,17
422,304669,303
423,304973,999
424,305973,15
425,305989,270
426,306260,1060
427,307321,634
428,307956,150
429,308107,62
430,308170,217
431,308388,15
432,308404,232
433,308637,117
434,308755,24
435,308780,147
436,308928,450
437,309379,62
438,309442,105
439,309548,24
440,309573,15
441,309589,24
442,309614,389
443,310004,344
444,310349,34
445,310384,354
446,310739,2374
447,313114,573
448,313688,289
449,313978,181
450,314160,337
451,314498,577
452,315076,28
453,315105,16
454,315122,1102
455,316225,16
456,316242,27
457,316270,92
458,316363,289
459,316653,16
460,316670,205
461,316876,354
462,317231,535
463,317767,121
464,317889,38
465,317928,217
466,318146,1410
467,319557,722
468,320280,671
469,320952,1531
470,322484,75
471,322560,173
472,322734,116
473,322851,241
474,323093,320
475,323414,582
476,323997,642
477,324640,1086
478,325727,831
479,326559,75
480,326635,41
481,326677,701
482,327379,138
483,327518,798
484,328317,67
485,328385,271
486,328657,332
487,328990,718
488,329709,92
489,329802,141
490,329944,237
491,330182,27
492,330210,949
493,331160,28
494,331189,347
495,331537,174
496,331712,631
497,332344,48
498,332393,19
499,332413,140
500,332554,439
501,332994,723
502,333718,232
503,333951,154
504,334106,53
505,334160,420
506,334581,160
507,334742,1351
508,336094,797
509,336892,351
510,337244,625
511,337870,17
512,337888,426
513,338315,1212
514,339528,75
515,339604,285
516,339890,49
517,339940,77
518,340018,319
519,340338,572
520,340911,27
521,340939,17
522,340957,144
523,341102,162
524,341265,128
525,341394,2383
526,343778,82
527,343861,419
528,344281,101
529,344383,46
530,344430,228
531,344659,91
532,344751,1026
533,345778,144
534,345923,927
535,346851,202
536,347054,1045
537,348100,114
538,348215,315
539,348531,646
540,349178,1075
541,350254,18
542,350273,168
543,350442,629
544,351072,64
545,351137,92
546,351230,799
547,352030,280
548,352311,215
549,352527,1477
550,354005,536
551,354542,158
552,354701,799
553,355501,263
554,355765,1014
555,356780,854
556,357635,513
557,358149,18
558,358168,258
559,358427,176
560,358604,65
561,358670,86
562,358757,37
563,358795,562
564,359358,537
565,359896,1114
566,361011,53
567,361065,253
568,361319,18
569,361338,165
570,361504,47
571,361552,45
572,361598,152
573,361751,114
574,361866,485
575,362352,109
576,362462,73
577,362536,501
578,363038,119
579,363158,171
580,363330,56
581,363387,122
582,363510,177
583,363688,169
584,363858,599
585,364458,108
586,364567,171
587,364739,267
588,365007,46
589,365054,422
590,365477,877
591,366355,95
592,366451,115
593,366567,18
594,366586,273
595,366860,18
596,366879,118
597,366998,141
598,367140,82
599,367223,47
600,367271,37
601,367309,250
602,367560,116
603,367677,37
604,367715,274
605,367990,93
606,368084,165
607,368250,322
608,368573,46
609,368620,275
610,368896,28
611,368925,174
612,369100,452
613,369553,27
614,369581,51
615,369633,534
616,370168,203
617,370372,45
618,370418,17
619,370436,768
620,371205,342
621,371548,17
622,371566,605
623,372172,132
624,372305,39
625,372345,331
626,372677,17
627,372695,37
628,372733,742
629,373476,400
630,373877,618
631,374496,92
632,374589,518
633,375108,1503
634,376612,223
635,376836,52
636,376889,94
637,376984,423
638,377408,533
639,377942,46
640,377989,63
641,378053,57
642,378111,44
643,378156,233
644,378390,169
645,378560,337
646,378898,278
647,379177,190
648,379368,110
649,379479,1233
650,380713,58
651,380772,432
652,381205,95
653,381301,592
654,381894,26
655,381921,355
656,382277,486
657,382764,74
658,382839,321
659,383161,17
660,383179,155
661,383335,518
662,383854,17
663,383872,622
664,384495,152
665,384648,53
666,384702,1054
667,385757,324
668,386082,60
669,386143,1028
670,387172,169
671,387342,300
672,387643,45
673,387689,231
674,387921,149
675,388071,37
676,388109,644
677,388754,175
678,388930,47
679,388978,65
680,389044,1299
681,390344,143
682,390488,98
683,390587,550
684,391138,1498
685,392637,266
686,392904,152
687,393057,310
688,393368,52
689,393421,114
690,393536,15
691,393552,63
692,393616,228
693,393845,320
694,394166,73
695,394240,435
696,394676,156
697,394833,25
698,394859,130
699,394990,2011
700,397002,290
701,397293,62
702,397356,1081
703,398438,73
704,398512,24
705,398537,148
706,398686,152
707,398839,443
708,399283,267
709,399551,28
710,399580,188
711,399769,281
712,400051,729
713,400781,124
714,400906,114
715,401021,20
716,401042,84
717,401127,39
718,401167,27
719,401195,1065
720,402261,415
721,402677,57
722,402735,27
723,402763,58
724,402822,54
725,402877,65
726,402943,198
727,403142,1174
728,404317,186
729,404504,2245
730,406750,1152
731,407903,114
732,408018,27
733,408046,87
734,408134,588
735,408723,670
736,409394,429
737,409824,548
738,410373,175
739,410549,45
740,410595,145
741,410741,1064
742,411806,53
743,411860,493
744,412354,469
745,412824,94
746,412919,333
747,413253,342
748,413596,25
749,413622,19
750,413642,52
751,413695,17
752,413713,61
753,413775,17
754,413793,934
755,414728,165
756,414894,308
757,415203,37
758,415241,49
759,415291,17
760,415309,17
761,415327,35
762,415363,888
763,416252,17
764,416270,425
765,416696,17
766,416714,657
767,417372,224
768,417597,73
769,417671,46
770,417718,158
771,417877,27
772,417905,427
773,418333,411
774,418745,844
775,419590,18
776,419609,207
777,419817,146
778,419964,73
779,420038,36
780,420075,18
781,420094,532
782,420627,18
783,420646,193
784,420840,137
785,420978,125
786,421104,205
787,421310,17
788,421328,26
789,421355,553
790,421909,281
791,422191,764
792,422956,360
793,423317,142
794,423460,524
795,423985,61
796,424047,329
797,424377,64
798,424442,167
799,424610,270
800,424881,17
801,424899,320
802,425220,110
803,425331,26
804,425358,17
805,425376,142
806,425519,65
807,425585,17
808,425603,25
809,425629,17
810,425647,454
811,426102,37
812,426140,34
813,426175,1331
814,427507,54
815,427562,513
816,428076,407
817,428484,82
818,428567,162
819,428730,73
820,428804,452
821,429257,765
822,430023,542
823,430566,494
824,431061,18
825,431080,294
826,431375,58
827,431434,457
828,431892,209
829,432102,99
830,432202,57
831,432260,147
832,432408,556
833,432965,290
834,433256,59
835,433316,119
836,433436,601
837,434038,90
838,434129,388
839,434518,287
840,434806,343
841,435150,256
842,435407,107
843,435515,47
844,435563,103
845,435667,35
846,435703,692
847,436396,1213
848,437610,138
849,437749,592
850,438342,205
851,438548,200
852,438749,217
853,438967,46
854,439014,412
855,439427,22
856,439450,28
857,439479,1474
858,440954,573
859,441528,77
860,441606,73
861,441680,535
862,442216,55
863,442272,336
864,442609,27
865,442637,436
866,443074,377
867,443452,318
868,443771,159
869,443931,50
870,443982,281
871,444264,291
872,444556,170
873,444727,320
874,445048,66
875,445115,413
876,445529,18
877,445548,913
878,446462,279
879,446742,254
880,446997,1027
881,448025,1348
882,449374,383
883,449758,251
884,450010,81
885,450092,82
886,450175,255
887,450431,236
888,450668,15
889,450684,42
890,450727,261
891,450989,197
892,451187,74
893,451262,158
894,451421,105
895,451527,125
896,451653,118
897,451772,140
898,451913,15
899,451929,16
900,451946,25
901,451972,16
902,451989,25
903,452015,356
904,452372,617
905,452990,582
906,453573,330
907,453904,230
908,454135,218
909,454354,96
910,454451,281
911,454733,197
912,454931,733
913,455665,247
914,455913,201
915,456115,302
916,456418,38
917,456457,163
918,456621,176
919,456798,495
920,457294,154
921,457449,150
922,457600,54
923,457655,324
924,457980,260
925,458241,424
926,458666,359
927,459026,360
928,459387,413
929,459801,151
930,459953,65
931,460019,17
932,460037,387
933,460425,145
934,460571,17
935,460589,45
936,460635,47
937,460683,273
938,460957,174
939,461132,81
940,461214,236
941,461451,508
942,461960,317
943,462278,171
944,462450,163
945,462614,139
946,462754,106
947,462861,64
948,462926,307
949,463234,54
950,463289,22
951,463312,35
952,463348,239
953,463588,18
954,463607,158
955,463766,18
956,463785,1145
957,464931,38
958,464970,166
959,465137,151
960,465289,70
961,465360,141
962,465502,504
963,466007,77
964,466085,38
965,466124,1070
966,467195,437
967,467633,472
968,468106,576
969,468683,79
970,468763,254
971,469018,163
972,469182,24
973,469207,153
974,469361,176
975,469538,181
976,469720,104
977,469825,217
978,470043,474
979,470518,25
980,470544,68
981,470613,592
982,471206,32
983,471239,50
984,471290,358
985,471649,147
986,471797,191
987,471989,136
988,472126,363
989,472490,768
990,473259,331
991,473591,16
992,473608,102
993,473711,25
994,473737,34
995,473772,759
996,474532,786
997,475319,982
998,476302,62
999,476365,30
1000,476396,40
1001,476437,425
1002,476863,117
1003,476981,208
1004,477190,106
1005,477297,159
1006,477457,43
1007,477501,36
1008,477538,429
1009,477968,262
1010,478231,61
1011,478293,31
1012,478325,263
1013,478589,171
1014,478761,108
1015,478870,45
1016,478916,338
1017,479255,951
1018,480207,1244
1019,481452,353
1020,481806,18
1021,481825,173
1022,481999,147
1023,482147,559
1024,482707,466
1025,483174,52
1026,483227,526
1027,483754,183
1028,483938,223
1029,484162,160
1030,484323,483
1031,484807,82
1032,484890,80
1033,484971,242
1034,485214,127
1035,485342,126
1036,485469,114
1037,485584,454
1038,486039,18
1039,486058,292
1040,486351,31
1041,486383,522
1042,486906,321
1043,487228,364
1044,487593,411
1045,488005,58
1046,488064,827
1047,488892,379
1048,489272,19
1049,489292,84
1050,489377,200
1051,489578,288
1052,489867,478
1053,490346,69
1054,490416,187
1055,490604,229
1056,490834,165
1057,491000,18
1058,491019,222
1059,491242,38
1060,491281,140
1061,491422,454
1062,491877,360
1063,492238,84
1064,492323,46
1065,492370,19
1066,492390,47
1067,492438,205
1068,492644,123
1069,492768,56
1070,492825,32
1071,492858,79
1072,492938,75
1073,493014,998
1074,494013,113
1075,494127,58
1076,494186,108
1077,494295,352
1078,494648,105
1079,494754,39
1080,494794,98
1081,494893,37
1082,494931,130
1083,495062,71
1084,495134,19
1085,495154,210
1086,495365,19
1087,495385,277
1088,495663,109
1089,495773,48
1090,495822,28
1091,495851,328
1092,496180,19
1093,496200,70
1094,496271,19
1095,496291,19
1096,496311,90
1097,496402,222
1098,496625,75
1099,496701,18
1100,496720,41
1101,496762,18
1102,496781,140
1103,496922,108
1104,497031,48
1105,497080,18
1106,497099,27
1107,497127,18
1108,497146,27
1109,497174,295
1110,497470,38
1111,497509,19
1112,497529,154
1113,497684,72
1114,497757,66
1115,497824,414
1116,498239,114
1117,498354,283
1118,498638,31
1119,498670,342
1120,499013,533
1121,499547,67
1122,499615,317
1123,499933,47
1124,499981,289
1125,500271,19
1126,500291,72
1127,500364,216
1128,500581,416
1129,500998,233
1130,501232,201
1131,501434,35
1132,501470,129
1133,501600,120
1134,501721,154
1135,501876,142
1136,502019,180
1137,502200,215
1138,502416,37
1139,502454,406
1140,502861,266
1141,503128,101
1142,503230,207
1143,503438,64
1144,503503,118
1145,503622,165
1146,503788,101
1147,503890,57
1148,503948,123
1149,504072,106
1150,504179,604
1151,504784,126
1152,504911,242
1153,505154,29
1154,505184,42
1155,505227,130
1156,505358,170
1157,505529,419
1158,505949,474
1159,506424,244
1160,506669,19
1161,506689,19
1162,506709,47
1163,506757,873
1164,507631,99
1165,507731,135
1166,507867,304
1167,508172,399
1168,508572,575
1169,509148,466
1170,509615,100
1171,509716,144
1172,509861,113
1173,509975,262
1174,510238,64
1175,510303,273
1176,510577,136
1177,510714,20
1178,510735,86
1179,510822,84
1180,510907,46
1181,510954,737
1182,511692,106
1183,511799,27
1184,511827,156
1185,511984,103
1186,512088,588
1187,512677,246
1188,512924,377
1189,513302,343
1190,513646,76
1191,513723,58
1192,513782,203
1193,513986,775
1194,514762,114
1195,514877,402
1196,515280,256
1197,515537,161
1198,515699,54
1199,515754,43
1200,515798,19
1201,515818,516
1202,516335,1164
1203,517500,43
1204,517544,195
1205,517740,723
1206,518464,158
1207,518623,390
1208,519014,52
1209,519067,331
1210,519399,468
1211,519868,27
1212,519896,321
1213,520218,436
1214,520655,27
1215,520683,19
1216,520703,195
1217,520899,39
1218,520939,53
1219,520993,29
1220,521023,114
1221,521138,161
1222,521300,512
1223,521813,253
1224,522067,225
1225,522293,27
1226,522321,209
1227,522531,26
1228,522558,185
1229,522744,233
1230,522978,100
1231,523079,210
1232,523290,209
1233,523500,172
1234,523673,17
1235,523691,93
1236,523785,30
1237,523816,226
1238,524043,106
1239,524150,187
1240,524338,299
1241,524638,28
1242,524667,143
1243,524811,63
1244,524875,17
1245,524893,38
1246,524932,60
1247,524993,37
1248,525031,30
1249,525062,33
1250,525096,70
1251,525167,108
1252,525276,55
1253,525332,369
1254,525702,142
1255,525845,26
1256,525872,17
1257,525890,239
1258,526130,88
1259,526219,425
1260,526645,202
1261,526848,268
1262,527117,181
1263,527299,18
1264,527318,18
1265,527337,88
1266,527426,18
1267,527445,183
1268,527629,204
1269,527834,135
1270,527970,28
1271,527999,131
1272,528131,329
1273,528461,132
1274,528594,26
1275,528621,258
1276,528880,303
1277,529184,37
1278,529222,79
1279,529302,71
1280,529374,109
1281,529484,235
1282,529720,155
1283,529876,133
1284,530010,38
1285,530049,55
1286,530105,258
1287,530364,87
1288,530452,149
1289,530602,131
1290,530734,80
1291,530815,37
1292,530853,86
1293,530940,84
1294,531025,59
1295,531085,209
1296,531295,18
1297,531314,19
1298,531334,58
1299,531393,116
1300,531510,28
1301,531539,58
1302,531598,106
1303,531705,200
1304,531906,20
1305,531927,18
1306,531946,199
1307,532146,32
1308,532179,18
1309,532198,192
1310,532391,98
1311,532490,202
1312,532693,211
1313,532905,48
1314,532954,69
1315,533024,225
1316,533250,36
1317,533287,224
1318,533512,106
1319,533619,132
1320,533752,38
1321,533791,71
1322,533863,107
1323,533971,38
1324,534010,238
1325,534249,379
1326,534629,19
1327,534649,290
1328,534940,19
1329,534960,57
1330,535018,300
1331,535319,595
1332,535915,200
1333,536116,28
1334,536145,369
1335,536515,185
1336,536701,140
1337,536842,178
1338,537021,333
1339,537355,447
1340,537803,47
1341,537851,96
1342,537948,190
1343,538139,162
1344,538302,60
1345,538363,205
1346,538569,49
1347,538619,29
1348,538649,92
1349,538742,60
1350,538803,204
1351,539008,36
1352,539045,215
1353,539261,62
1354,539324,27
1355,539352,35
1356,539388,147
1357,539536,140
1358,539677,104
1359,539782,106
1360,539889,48
1361,539938,462
1362,540401,342
1363,540744,61
1364,540806,71
1365,540878,60
1366,540939,29
1367,540969,249
1368,541219,83
1369,541303,36
1370,541340,27
1371,541368,53
1372,541422,270
1373,541693,28
1374,541722,28
1375,541751,54
1376,541806,27
1377,541834,127
1378,541962,37
1379,542000,649
1380,542650,139
1381,542790,705
1382,543496,56
1383,543553,71
1384,543625,72
1385,543698,152
1386,543851,89
1387,543941,29
1388,543971,127
1389,544099,27
1390,544127,17
1391,544145,92
1392,544238,45
1393,544284,26
1394,544311,484
1395,544796,186
1396,544983,49
1397,545033,94
1398,545128,230
1399,545359,110
1400,545470,67
1401,545538,721
1402,546260,27
1403,546288,38
1404,546327,189
1405,546517,38
1406,546556,75
1407,546632,28
1408,546661,363
1409,547025,65
1410,547091,177
1411,547269,180
1412,547450,207
1413,547658,133
1414,547792,98
1415,547891,36
1416,547928,218
1417,548147,92
1418,548240,18
1419,548259,28
1420,548288,27
1421,548316,317
1422,548634,231
1423,548866,78
1424,548945,584
1425,549530,71
1426,549602,18
1427,549621,318
1428,549940,335
1429,550276,496
1430,550773,116
1431,550890,19
1432,550910,765
1433,551676,279
1434,551956,57
1435,552014,49
1436,552064,98
1437,552163,241
1438,552405,181
1439,552587,95
1440,552683,29
1441,552713,166
1442,552880,239
1443,553120,127
1444,553248,50
1445,553299,76
1446,553376,47
1447,553424,29
1448,553454,54
1449,553509,19
1450,553529,135
1451,553665,28
1452,553694,47
1453,553742,39
1454,553782,19
1455,553802,346
1456,554149,68
1457,554218,279
1458,554498,177
1459,554676,38
1460,554715,227
1461,554943,38
1462,554982,48
1463,555031,19
1464,555051,212
1465,555264,1045
1466,556310,94
1467,556405,164
1468,556570,27
1469,556598,77
1470,556676,37
1471,556714,388
1472,557103,139
1473,557243,19
1474,557263,169
1475,557433,452
1476,557886,37
1477,557924,18
1478,557943,66
1479,558010,66
1480,558077,50
1481,558128,39
1482,558168,77
1483,558246,154
1484,558401,63
1485,558465,79
1486,558545,92
1487,558638,144
1488,558783,322
1489,559106,55
1490,559162,74
1491,559237,39
1492,559277,370
1493,559648,451
1494,560100,55
1495,560156,90
1496,560247,156
1497,560404,147
1498,560552,395
1499,560948,45
1500,560994,137
1501,561132,886
1502,562019,132
1503,562152,45
1504,562198,134
1505,562333,35
1506,562369,17
1507,562387,17
1508,562405,410
1509,562816,181
1510,562998,26
1511,563025,161
1512,563187,150
1513,563338,221
1514,563560,305
1515,563866,264
1516,564131,313
1517,564445,137
1518,564583,64
1519,564648,27
1520,564676,292
1521,564969,57
1522,565027,424
1523,565452,28
1524,565481,125
1525,565607,179
1526,565787,530
1527,566318,279
1528,566598,38
1529,566637,138
1530,566776,18
1531,566795,163
1532,566959,19
1533,566979,185
1534,567165,78
1535,567244,106
1536,567351,164
1537,567516,194
1538,567711,163
1539,567875,596
1540,568472,76
1541,568549,142
1542,568692,244
1543,568937,107
1544,569045,48
1545,569094,112
1546,569207,199
1547,569407,332
1548,569740,231
1549,569972,98
1550,570071,125
1551,570197,115
1552,570313,18
1553,570332,47
1554,570380,343
1555,570724,202
1556,570927,19
1557,570947,193
1558,571141,56
1559,571198,19
1560,571218,259
1561,571478,428
1562,571907,19
1563,571927,123
1564,572051,408
1565,572460,370
1566,572831,351
1567,573183,20
1568,573204,185
1569,573390,507
1570,573898,109
1571,574008,85
1572,574094,36
1573,574131,186
1574,574318,373
1575,574692,18
1576,574711,70
1577,574782,48
1578,574831,511
1579,575343,73
1580,575417,229
1581,575647,18
1582,575666,73
1583,575740,50
1584,575791,108
1585,575900,19
1586,575920,19
1587,575940,56
1588,575997,126
1589,576124,360
1590,576485,57
1591,576543,129
1592,576673,48
1593,576722,37
1594,576760,216
1595,576977,172
1596,577150,122
1597,577273,66
1598,577340,124
1599,577465,233
1600,577699,343
1601,578043,31
1602,578075,77
1603,578153,656
1604,578810,170
1605,578981,42
1606,579024,45
1607,579070,52
1608,579123,28
1609,579152,458
1610,579611,157
1611,579769,605
1612,580375,304
1613,580680,445
1614,581126,139
1615,581266,49
1616,581316,18
1617,581335,70
1618,581406,37
1619,581444,148
1620,581593,28
1621,581622,476
1622,582099,70
1623,582170,43
1624,582214,80
1625,582295,105
1626,582401,66
1627,582468,19
1628,582488,29
1629,582518,284
1630,582803,76
1631,582880,227
1632,583108,19
1633,583128,46
1634,583175,72
1635,583248,27
1636,583276,44
1637,583321,18
1638,583340,18
1639,583359,103
1640,583463,218
1641,583682,58
1642,583741,56
1643,583798,57
1644,583856,95
1645,583952,18
1646,583971,162
1647,584134,70
1648,584205,418
1649,584624,22
1650,584647,122
1651,584770,32
1652,584803,26
1653,584830,235
1654,585066,37
1655,585104,456
1656,585561,54
1657,585616,96
1658,585713,27
1659,585741,66
1660,585808,103
1661,585912,46
1662,585959,77
1663,586037,28
1664,586066,69
1665,586136,18
1666,586155,457
1667,586613,259
1668,586873,56
1669,586930,72
1670,587003,355
1671,587359,27
1672,587387,65
1673,587453,18
1674,587472,29
1675,587502,76
1676,587579,335
1677,587915,199
1678,588115,193
1679,588309,232
1680,588542,76
1681,588619,49
1682,588669,40
1683,588710,51
1684,588762,92
1685,588855,130
1686,588986,27
1687,589014,35
1688,589050,18
1689,589069,36
1690,589106,101
1691,589208,38
1692,589247,47
1693,589295,141
1694,589437,149
1695,589587,41
1696,589629,50
1697,589680,141
1698,589822,72
1699,589895,27
1700,589923,486
1701,590410,48
1702,590459,18
1703,590478,18
1704,590497,302
1705,590800,315
1706,591116,26
1707,591143,65
1708,591209,35
1709,591245,153
1710,591399,166
1711,591566,341
1712,591908,17
1713,591926,38
1714,591965,74
1715,592040,232
1716,592273,38
1717,592312,193
1718,592506,189
1719,592696,21
1720,592718,206
1721,592925,238
1722,593164,106
1723,593271,75
1724,593347,64
1725,593412,18
1726,593431,32
1727,593464,36
1728,593501,105
1729,593607,18
1730,593626,132
1731,593759,180
1732,593940,60
1733,594001,331
1734,594333,47
1735,594381,254
1736,594636,376
1737,595013,84
1738,595098,52
1739,595151,27
1740,595179,196
1741,595376,138
1742,595515,28
1743,595544,295
1744,595840,87
1745,595928,289
1746,596218,19
1747,596238,36
1748,596275,104
1749,596380,19
1750,596400,751
1751,597152,19
1752,597172,85
1753,597258,38
1754,597297,37
1755,597335,49
1756,597385,19
1757,597405,39
1758,597445,19
1759,597465,46
1760,597512,36
1761,597549,17
1762,597567,115
1763,597683,122
1764,597806,362
1765,598169,48
1766,598218,18
1767,598237,113
1768,598351,212
1769,598564,96
1770,598661,49
1771,598711,245
1772,598957,170
1773,599128,37
1774,599166,208
1775,599375,197
1776,599573,50
1777,599624,123
1778,599748,139
1779,599888,104
1780,599993,103
1781,600097,53
1782,600151,56
1783,600208,32
1784,600241,46
1785,600288,147
1786,600436,179
1787,600616,439
1788,601056,227
1789,601284,38
1790,601323,48
1791,601372,119
1792,601492,19
1793,601512,234
1794,601747,19
1795,601767,423
1796,602191,78
1797,602270,51
1798,602322,21
1799,602344,130
1800,602475,46
1801,602522,288
1802,602811,27
1803,602839,116
1804,602956,30
1805,602987,134
1806,603122,60
1807,603183,67
1808,603251,250
1809,603502,19
1810,603522,98
1811,603621,245
1812,603867,69
1813,603937,19
1814,603957,52
1815,604010,19
1816,604030,94
1817,604125,338
1818,604464,164
1819,604629,91
1820,604721,29
1821,604751,33
1822,604785,19
1823,604805,63
1824,604869,301
1825,605171,28
1826,605200,137
1827,605338,48
1828,605387,151
1829,605539,345
1830,605885,51
1831,605937,56
1832,605994,43
1833,606038,19
1834,606058,19
1835,606078,19
1836,606098,95
1837,606194,27
1838,606222,133
1839,606356,38
1840,606395,140
1841,606536,29
1842,606566,22
1843,606589,195
1844,606785,303
1845,607089,54
1846,607144,47
1847,607192,197
1848,607390,17
1849,607408,96
1850,607505,17
1851,607523,36
1852,607560,184
1853,607745,26
1854,607772,17
1855,607790,243
1856,608034,70
1857,608105,80
1858,608186,153
1859,608340,30
1860,608371,47
1861,608419,28
1862,608448,169
1863,608618,46
1864,608665,84
1865,608750,18
1866,608769,27
1867,608797,159
1868,608957,18
1869,608976,390
1870,609367,143
1871,609511,18
1872,609530,18
1873,609549,191
1874,609741,29
1875,609771,241
1876,610013,143
1877,610157,18
1878,610176,27
1879,610204,19
1880,610224,113
1881,610338,19
1882,610358,19
1883,610378,56
1884,610435,68
1885,610504,339
1886,610844,69
1887,610914,137
1888,611052,18
1889,611071,48
1890,611120,110
1891,611231,149
1892,611381,29
1893,611411,51
1894,611463,19
1895,611483,70
1896,611554,57
1897,611612,52
1898,611665,70
1899,611736,28
1900,611765,79
1901,611845,79
1902,611925,57
1903,611983,22
1904,612006,18
1905,612025,57
1906,612083,19
1907,612103,19
1908,612123,280
1909,612404,136
1910,612541,36
1911,612578,29
1912,612608,19
1913,612628,19
1914,612648,28
1915,612677,29
1916,612707,39
1917,612747,37
1918,612785,58
1919,612844,48
1920,612893,58
1921,612952,49
1922,613002,105
1923,613108,39
1924,613148,29
1925,613178,47
1926,613226,58
1927,613285,28
1928,613314,107
1929,613422,24
1930,613447,32
1931,613480,63
1932,613544,32
1933,613577,30
1934,613608,21
1935,613630,39
1936,613670,18
1937,613689,27
1938,613717,18
1939,613736,84
1940,613821,25
1941,613847,26
1942,613874,82
1943,613957,28
1944,613986,37
1945,614024,178
1946,614203,18
1947,614222,18
1948,614241,36
1949,614278,125
1950,614404,65
1951,614470,18
1952,614489,544
1953,615034,42
1954,615077,82
1955,615160,42
1956,615203,19
1957,615223,91
1958,615315,38
1959,615354,39
1960,615394,64
1961,615459,49
1962,615509,29
1963,615539,39
1964,615579,19
1965,615599,29
1966,615629,48
1967,615678,28
1968,615707,112
1969,615820,133
1970,615954,19
1971,615974,49
1972,616024,19
1973,616044,41
1974,616086,69
1975,616156,19
1976,616176,225
1977,616402,19
1978,616422,19
1979,616442,39
1980,616482,204
1981,616687,29
1982,616717,38
1983,616756,19
1984,616776,23
1985,616800,96
1986,616897,39
1987,616937,206
1988,617144,19
1989,617164,253
1990,617418,58
1991,617477,29
1992,617507,39
1993,617547,39
1994,617587,44
1995,617632,40
1996,617673,26
1997,617700,35
1998,617736,27
1999,617764,20
2000,617785,17
2001,617803,75
2002,617879,45
2003,617925,18
2004,617944,23
2005,617968,86
2006,618055,18
2007,618074,28
2008,618103,224
2009,618328,218
2010,618547,28
2011,618576,36
2012,618613,54
2013,618668,38
2014,618707,123
2015,618831,54
2016,618886,462
2017,619349,28
2018,619378,29
2019,619408,29
2020,619438,111
2021,619550,188
2022,619739,19
2023,619759,77
2024,619837,231
2025,620069,29
2026,620099,79
2027,620179,19
2028,620199,309
2029,620509,111
2030,620621,292
2031,620914,139
2032,621054,47
2033,621102,41
2034,621144,202
2035,621347,49
2036,621397,260
2037,621658,57
2038,621716,18
2039,621735,18
2040,621754,18
2041,621773,28
2042,621802,84
2043,621887,128
2044,622016,18
2045,622035,216
2046,622252,19
2047,622272,76
2048,622349,229
2049,622579,66
2050,622646,37
2051,622684,18
2052,622703,27
2053,622731,28
2054,622760,28
2055,622789,188
2056,622978,19
2057,622998,56
2058,623055,777
2059,623833,22
2060,623856,28
2061,623885,146
2062,624032,79
2063,624112,105
2064,624218,104
2065,624323,23
2066,624347,174
2067,624522,19
2068,624542,36
2069,624579,29
2070,624609,19
2071,624629,66
2072,624696,23
2073,624720,119
2074,624840,48
2075,624889,19
2076,624909,28
2077,624938,19
2078,624958,28
2079,624987,47
2080,625035,19
2081,625055,38
2082,625094,459
2083,625554,154
2084,625709,19
2085,625729,19
2086,625749,19
2087,625769,195
2088,625965,66
2089,626032,66
2090,626099,75
2091,626175,46
2092,626222,45
2093,626268,28
2094,626297,18
2095,626316,37
2096,626354,193
2097,626548,27
2098,626576,28
2099,626605,19
2100,626625,45
2101,626671,18
2102,626690,117
2103,626808,230
2104,627039,120
2105,627160,18
2106,627179,18
2107,627198,18
2108,627217,28
2109,627246,119
2110,627366,48
2111,627415,19
2112,627435,27
2113,627463,152
2114,627616,63
2115,627680,71
2116,627752,66
2117,627819,55
2118,627875,18
2119,627894,18
2120,627913,28
2121,627942,18
2122,627961,18
2123,627980,69
2124,628050,18
2125,628069,201
2126,628271,119
2127,628391,18
2128,628410,36
2129,628447,56
2130,628504,37
2131,628542,37
2132,628580,64
2133,628645,39
2134,628685,19
2135,628705,51
2136,628757,19
2137,628777,104
2138,628882,64
2139,628947,237
2140,629185,38
2141,629224,19
2142,629244,90
2143,629335,19
2144,629355,28
2145,629384,135
2146,629520,493
2147,630014,59
2148,630074,215
2149,630290,48
2150,630339,166
2151,630506,37
2152,630544,56
2153,630601,45
2154,630647,127
2155,630775,102
2156,630878,45
2157,630924,136
2158,631061,290
2159,631352,18
2160,631371,100
2161,631472,58
2162,631531,38
2163,631570,118
2164,631689,19
2165,631709,38
2166,631748,290
2167,632039,19
2168,632059,61
2169,632121,19
2170,632141,60
2171,632202,39
2172,632242,293
2173,632536,70
2174,632607,46
2175,632654,19
2176,632674,157
2177,632832,204
2178,633037,48
2179,633086,39
2180,633126,18
2181,633145,43
2182,633189,18
2183,633208,90
2184,633299,178
2185,633478,252
2186,633731,18
2187,633750,55
2188,633806,18
2189,633825,84
2190,633910,19
2191,633930,19
2192,633950,38
2193,633989,90
2194,634080,68
2195,634149,30
2196,634180,48
2197,634229,95
2198,634325,75
2199,634401,52
2200,634454,29
2201,634484,231
2202,634716,297
2203,635014,29
2204,635044,29
2205,635074,37
2206,635112,377
2207,635490,118
2208,635609,201
2209,635811,55
2210,635867,48
2211,635916,59
2212,635976,36
2213,636013,33
2214,636047,78
2215,636126,107
2216,636234,45
2217,636280,26
2218,636307,18
2219,636326,36
2220,636363,18
2221,636382,18
2222,636401,18
2223,636420,46
2224,636467,121
2225,636589,35
2226,636625,70
2227,636696,84
2228,636781,55
2229,636837,103
2230,636941,18
2231,636960,93
2232,637054,27
2233,637082,36
2234,637119,114
2235,637234,31
2236,637266,18
2237,637285,18
2238,637304,18
2239,637323,18
2240,637342,150
2241,637493,46
2242,637540,19
2243,637560,24
2244,637585,47
2245,637633,32
2246,637666,74
2247,637741,93
2248,637835,204
2249,638040,18
2250,638059,21
2251,638081,18
2252,638100,18
2253,638119,75
2254,638195,19
2255,638215,19
2256,638235,19
2257,638255,63
2258,638319,19
2259,638339,19
2260,638359,19
2261,638379,38
2262,638418,29
2263,638448,29
2264,638478,305
2265,638784,56
2266,638841,95
2267,638937,120
2268,639058,140
2269,639199,118
2270,639318,259
2271,639578,77
2272,639656,18
2273,639675,82
2274,639758,26
2275,639785,55
2276,639841,47
2277,639889,50
2278,639940,18
2279,639959,131
2280,640091,18
2281,640110,78
2282,640189,37
2283,640227,629
2284,640857,28
2285,640886,47
2286,640934,130
2287,641065,18
2288,641084,39
2289,641124,26
2290,641151,27
2291,641179,21
2292,641201,21
2293,641223,38
2294,641262,20
2295,641283,17
2296,641301,18
2297,641320,18
2298,641339,27
2299,641367,36
2300,641404,18
2301,641423,18
2302,641442,115
2303,641558,124
2304,641683,46
2305,641730,36
2306,641767,23
2307,641791,18
2308,641810,38
2309,641849,18
2310,641868,203
2311,642072,18
2312,642091,28
2313,642120,19
2314,642140,80
2315,642221,18
2316,642240,18
2317,642259,135
2318,642395,171
2319,642567,64
2320,642632,68
2321,642701,28
2322,642730,184
2323,642915,28
2324,642944,37
2325,642982,47
2326,643030,27
2327,643058,52
2328,643111,36
2329,643148,219
2330,643368,18
2331,643387,18
2332,643406,18
2333,643425,117
2334,643543,18
2335,643562,18
2336,643581,37
2337,643619,18
2338,643638,56
2339,643695,93
2340,643789,88
2341,643878,48
2342,643927,165
2343,644093,18
2344,644112,36
2345,644149,22
2346,644172,18
2347,644191,34
2348,644226,263
2349,644490,306
2350,644797,46
2351,644844,19
2352,644864,29
2353,644894,206
2354,645101,28
2355,645130,353
2356,645484,126
2357,645611,37
2358,645649,19
2359,645669,29
2360,645699,19
2361,645719,38
2362,645758,101
2363,645860,18
2364,645879,87
2365,645967,38
2366,646006,18
2367,646025,78
2368,646104,64
2369,646169,47
2370,646217,115
2371,646333,252
2372,646586,174
2373,646761,19
2374,646781,28
2375,646810,149
2376,646960,28
2377,646989,19
2378,647009,19
2379,647029,29
2380,647059,87
2381,647147,100
2382,647248,152
2383,647401,49
2384,647451,19
2385,647471,19
2386,647491,66
2387,647558,102
2388,647661,47
2389,647709,79
2390,647789,36
2391,647826,18
2392,647845,18
2393,647864,18
2394,647883,28
2395,647912,31
2396,647944,32
2397,647977,138
2398,648116,17
2399,648134,441
2400,648576,30
2401,648607,17
2402,648625,139
2403,648765,287
2404,649053,18
2405,649072,41
2406,649114,25
2407,649140,51
2408,649192,143
2409,649336,45
2410,649382,22
2411,649405,22
2412,649428,18
2413,649447,27
2414,649475,24
2415,649500,18
2416,649519,91
2417,649611,75
2418,649687,18
2419,649706,75
2420,649782,36
2421,649819,75
2422,649895,38
2423,649934,18
2424,649953,29
2425,649983,29
2426,650013,29
2427,650043,20
2428,650064,20
2429,650085,18
2430,650104,56
2431,650161,18
2432,650180,151
2433,650332,19
2434,650352,38
2435,650391,52
2436,650444,27
2437,650472,17
2438,650490,65
2439,650556,47
2440,650604,17
2441,650622,245
2442,650868,124
2443,650993,18
2444,651012,18
2445,651031,27
2446,651059,99
2447,651159,48
2448,651208,230
2449,651439,84
2450,651524,35
2451,651560,47
2452,651608,76
2453,651685,112
2454,651798,163
2455,651962,42
2456,652005,153
2457,652159,18
2458,652178,125
2459,652304,18
2460,652323,156
2461,652480,28
2462,652509,46
2463,652556,796
2464,653353,18
2465,653372,27
2466,653400,27
2467,653428,18
2468,653447,38
2469,653486,29
2470,653516,18
2471,653535,28
2472,653564,232
2473,653797,64
2474,653862,62
2475,653925,80
2476,654006,29
2477,654036,60
2478,654097,46
2479,654144,19
2480,654164,19
2481,654184,40
2482,654225,87
2483,654313,80
2484,654394,18
2485,654413,29
2486,654443,27
2487,654471,18
2488,654490,29
2489,654520,38
2490,654559,18
2491,654578,63
2492,654642,18
2493,654661,46
2494,654708,18
2495,654727,68
2496,654796,18
2497,654815,72
2498,654888,181
2499,655070,94
2500,655165,106
2501,655272,48
2502,655321,74
2503,655396,55
2504,655452,26
2505,655479,18
2506,655498,63
2507,655562,65
2508,655628,19
2509,655648,19
2510,655668,58
2511,655727,28
2512,655756,19
2513,655776,38
2514,655815,27
2515,655843,100
2516,655944,17
2517,655962,17
2518,655980,26
2519,656007,61
2520,656069,18
2521,656088,60
2522,656149,37
2523,656187,75
2524,656263,61
2525,656325,110
2526,656436,18
2527,656455,18
2528,656474,37
2529,656512,19
2530,656532,85
2531,656618,166
2532,656785,27
2533,656813,66
2534,656880,39
2535,656920,108
2536,657029,200
2537,657230,135
2538,657366,68
2539,657435,129
2540,657565,159
2541,657725,55
2542,657781,56
2543,657838,487
2544,658326,51
2545,658378,84
2546,658463,18
2547,658482,64
2548,658547,19
2549,658567,87
2550,658655,107
2551,658763,30
2552,658794,370
2553,659165,18
2554,659184,22
2555,659207,49
2556,659257,18
2557,659276,18
2558,659295,58
2559,659354,109
2560,659464,169
2561,659634,28
2562,659663,19
2563,659683,81
2564,659765,58
2565,659824,19
2566,659844,276
2567,660121,126
2568,660248,241
2569,660490,18
2570,660509,330
2571,660840,38
2572,660879,27
2573,660907,196
2574,661104,76
2575,661181,94
2576,661276,37
2577,661314,28
2578,661343,19
2579,661363,39
2580,661403,95
2581,661499,18
2582,661518,18
2583,661537,60
2584,661598,66
2585,661665,147
2586,661813,106
2587,661920,19
2588,661940,48
2589,661989,38
2590,662028,47
2591,662076,149
2592,662226,19
2593,662246,45
2594,662292,19
2595,662312,49
2596,662362,28
2597,662391,23
2598,662415,19
2599,662435,28
2600,662464,18
2601,662483,77
2602,662561,46
2603,662608,18
2604,662627,18
2605,662646,68
2606,662715,205
2607,662921,19
2608,662941,70
2609,663012,65
2610,663078,47
2611,663126,50
2612,663177,28
2613,663206,77
2614,663284,189
2615,663474,27
2616,663502,22
2617,663525,22
2618,663548,167
2619,663716,35
2620,663752,18
2621,663771,55
2622,663827,38
2623,663866,27
2624,663894,29
2625,663924,38
2626,663963,23
2627,663987,19
2628,664007,19
2629,664027,76
2630,664104,28
2631,664133,19
2632,664153,103
2633,664257,49
2634,664307,122
2635,664430,39
2636,664470,19
2637,664490,19
2638,664510,19
2639,664530,28
2640,664559,46
2641,664606,42
2642,664649,77
2643,664727,114
2644,664842,176
2645,665019,58
2646,665078,19
2647,665098,18
2648,665117,67
2649,665185,56
2650,665242,18
2651,665261,19
2652,665281,97
2653,665379,82
2654,665462,64
2655,665527,21
2656,665549,18
2657,665568,75
2658,665644,227
2659,665872,108
2660,665981,21
2661,666003,37
2662,666041,92
2663,666134,65
2664,666200,150
2665,666351,22
2666,666374,28
2667,666403,251
2668,666655,310
2669,666966,55
2670,667022,70
2671,667093,66
2672,667160,102
2673,667263,18
2674,667282,18
2675,667301,19
2676,667321,50
2677,667372,19
2678,667392,70
2679,667463,40
2680,667504,19
2681,667524,19
2682,667544,274
2683,667819,28
2684,667848,180
2685,668029,156
2686,668186,47
2687,668234,19
2688,668254,19
2689,668274,28
2690,668303,135
2691,668439,47
2692,668487,17
2693,668505,26
2694,668532,59
2695,668592,49
2696,668642,253
2697,668896,56
2698,668953,18
2699,668972,27
2700,669000,80
2701,669081,18
2702,669100,57
2703,669158,22
2704,669181,46
2705,669228,28
2706,669257,122
2707,669380,31
2708,669412,65
2709,669478,28
2710,669507,27
2711,669535,52
2712,669588,18
2713,669607,18
2714,669626,28
2715,669655,27
2716,669683,132
2717,669816,57
2718,669874,42
2719,669917,18
2720,669936,18
2721,669955,27
2722,669983,58
2723,670042,226
2724,670269,36
2725,670306,35
2726,670342,79
2727,670422,82
2728,670505,17
2729,670523,106
2730,670630,39
2731,670670,172
2732,670843,21
2733,670865,41
2734,670907,28
2735,670936,46
2736,670983,18
2737,671002,28
2738,671031,35
2739,671067,18
2740,671086,158
2741,671245,23
2742,671269,18
2743,671288,75
2744,671364,27
2745,671392,27
2746,671420,37
2747,671458,45
2748,671504,19
2749,671524,78
2750,671603,69
2751,671673,134
2752,671808,48
2753,671857,68
2754,671926,54
2755,671981,28
2756,672010,28
2757,672039,19
2758,672059,82
2759,672142,145
2760,672288,18
2761,672307,215
2762,672523,218
2763,672742,18
2764,672761,27
2765,672789,135
2766,672925,38
2767,672964,128
2768,673093,45
2769,673139,131
2770,673271,29
2771,673301,28
2772,673330,89
2773,673420,28
2774,673449,28
2775,673478,19
2776,673498,73
2777,673572,41
2778,673614,55
2779,673670,18
2780,673689,36
2781,673726,84
2782,673811,152
2783,673964,121
2784,674086,57
2785,674144,29
2786,674174,76
2787,674251,52
2788,674304,38
2789,674343,19
2790,674363,18
2791,674382,27
2792,674410,103
2793,674514,18
2794,674533,42
2795,674576,100
2796,674677,18
2797,674696,18
2798,674715,28
2799,674744,104
2800,674849,32
2801,674882,38
2802,674921,19
2803,674941,29
2804,674971,19
2805,674991,19
2806,675011,27
2807,675039,18
2808,675058,18
2809,675077,19
2810,675097,27
2811,675125,29
2812,675155,37
2813,675193,19
2814,675213,19
2815,675233,99
2816,675333,57
2817,675391,19
2818,675411,48
2819,675460,18
2820,675479,18
2821,675498,30
2822,675529,18
2823,675548,26
2824,675575,57
2825,675633,28
2826,675662,29
2827,675692,67
2828,675760,50
2829,675811,19
2830,675831,77
2831,675909,144
2832,676054,59
2833,676114,48
2834,676163,34
2835,676198,39
2836,676238,18
2837,676257,26
2838,676284,17
2839,676302,17
2840,676320,17
2841,676338,63
2842,676402,83
2843,676486,26
2844,676513,18
2845,676532,18
2846,676551,37
2847,676589,67
2848,676657,28
2849,676686,19
2850,676706,37
2851,676744,29
2852,676774,37
2853,676812,19
2854,676832,55
2855,676888,67
2856,676956,29
2857,676986,53
2858,677040,79
2859,677120,28
2860,677149,76
2861,677226,156
2862,677383,92
2863,677476,17
2864,677494,92
2865,677587,21
2866,677609,50
2867,677660,21
2868,677682,36
2869,677719,66
2870,677786,18
2871,677805,58
2872,677864,160
2873,678025,18
2874,678044,18
2875,678063,18
2876,678082,38
2877,678121,39
2878,678161,28
2879,678190,18
2880,678209,18
2881,678228,28
2882,678257,26
2883,678284,19
2884,678304,128
2885,678433,45
2886,678479,45
2887,678525,46
2888,678572,29
2889,678602,19
2890,678622,32
2891,678655,28
2892,678684,38
2893,678723,32
2894,678756,29
2895,678786,152
2896,678939,29
2897,678969,19
2898,678989,56
2899,679046,18
2900,679065,47
2901,679113,29
2902,679143,134
2903,679278,94
2904,679373,121
2905,679495,18
2906,679514,28
2907,679543,176
2908,679720,27
2909,679748,47
2910,679796,69
2911,679866,129
2912,679996,18
2913,680015,67
2914,680083,27
2915,680111,252
2916,680364,55
2917,680420,19
2918,680440,28
2919,680469,56
2920,680526,87
2921,680614,108
2922,680723,282
2923,681006,132
2924,681139,18
2925,681158,42
2926,681201,27
2927,681229,29
2928,681259,49
2929,681309,19
2930,681329,33
2931,681363,19
2932,681383,19
2933,681403,19
2934,681423,39
2935,681463,77
2936,681541,37
2937,681579,43
2938,681623,66
2939,681690,134
2940,681825,56
2941,681882,57
2942,681940,27
2943,681968,114
2944,682083,130
2945,682214,26
2946,682241,27
2947,682269,45
2948,682315,38
2949,682354,146
2950,682501,37
2951,682539,18
2952,682558,18
2953,682577,18
2954,682596,41
2955,682638,27
2956,682666,29
2957,682696,43
2958,682740,29
2959,682770,23
2960,682794,52
2961,682847,56
2962,682904,42
2963,682947,283
2964,683231,23
2965,683255,156
2966,683412,19
2967,683432,36
2968,683469,19
2969,683489,57
2970,683547,33
2971,683581,19
2972,683601,46
2973,683648,71
2974,683720,36
2975,683757,19
2976,683777,19
2977,683797,51
2978,683849,29
2979,683879,60
2980,683940,74
2981,684015,19
2982,684035,19
2983,684055,19
2984,684075,19
2985,684095,29
2986,684125,19
2987,684145,29
2988,684175,19
2989,684195,19
2990,684215,38
2991,684254,42
2992,684297,18
2993,684316,22
2994,684339,18
2995,684358,18
2996,684377,18
2997,684396,81
2998,684478,19
2999,684498,28
3000,684527,45
3001,684573,31
3002,684605,19
3003,684625,19
3004,684645,116
3005,684762,31
3006,684794,53
3007,684848,19
3008,684868,85
3009,684954,19
3010,684974,19
3011,684994,19
3012,685014,19
3013,685034,19
3014,685054,23
3015,685078,19
3016,685098,19
3017,685118,19
3018,685138,29
3019,685168,99
3020,685268,134
3021,685403,19
3022,685423,33
3023,685457,19
3024,685477,19
3025,685497,52
3026,685550,35
3027,685586,86
3028,685673,109
3029,685783,18
3030,685802,92
3031,685895,125
3032,686021,46
3033,686068,19
3034,686088,45
3035,686134,19
3036,686154,19
3037,686174,75
3038,686250,61
3039,686312,61
3040,686374,68
3041,686443,37
3042,686481,39
3043,686521,49
3044,686571,25
3045,686597,44
3046,686642,47
3047,686690,44
3048,686735,50
3049,686786,21
3050,686808,64
3051,686873,18
3052,686892,18
3053,686911,18
3054,686930,68
3055,686999,18
3056,687018,56
3057,687075,46
3058,687122,110
3059,687233,159
3060,687393,18
3061,687412,146
3062,687559,205
3063,687765,18
3064,687784,38
3065,687823,29
3066,687853,26
3067,687880,84
3068,687965,22
3069,687988,67
3070,688056,18
3071,688075,18
3072,688094,28
3073,688123,17
3074,688141,17
3075,688159,17
3076,688177,85
3077,688263,66
3078,688330,18
3079,688349,21
3080,688371,18
3081,688390,28
3082,688419,86
3083,688506,45
3084,688552,28
3085,688581,19
3086,688601,19
3087,688621,28
3088,688650,19
3089,688670,67
3090,688738,38
3091,688777,19
3092,688797,47
3093,688845,46
3094,688892,19
3095,688912,19
3096,688932,17
3097,688950,114
3098,689065,104
3099,689170,145
3100,689316,69
3101,689386,60
3102,689447,38
3103,689486,56
3104,689543,36
3105,689580,45
3106,689626,50
3107,689677,66
3108,689744,38
3109,689783,51
3110,689835,37
3111,689873,19
3112,689893,19
3113,689913,274
3114,690188,49
3115,690238,28
3116,690267,19
3117,690287,113
3118,690401,99
3119,690501,38
3120,690540,17
3121,690558,34
3122,690593,140
3123,690734,26
3124,690761,38
3125,690800,23
3126,690824,19
3127,690844,44
3128,690889,67
3129,690957,19
3130,690977,20
3131,690998,50
3132,691049,39
3133,691089,18
3134,691108,112
3135,691221,114
3136,691336,86
3137,691423,66
3138,691490,65
3139,691556,78
3140,691635,39
3141,691675,27
3142,691703,176
3143,691880,18
3144,691899,27
3145,691927,36
3146,691964,82
3147,692047,46
3148,692094,19
3149,692114,32
3150,692147,30
3151,692178,17
3152,692196,46
3153,692243,30
3154,692274,28
3155,692303,18
3156,692322,37
3157,692360,104
3158,692465,27
3159,692493,37
3160,692531,49
3161,692581,18
3162,692600,18
3163,692619,18
3164,692638,41
3165,692680,18
3166,692699,32
3167,692732,18
3168,692751,22
3169,692774,19
3170,692794,19
3171,692814,19
3172,692834,19
3173,692854,52
3174,692907,28
3175,692936,28
3176,692965,65
3177,693031,19
3178,693051,19
3179,693071,33
3180,693105,64
3181,693170,29
3182,693200,19
3183,693220,19
3184,693240,28
3185,693269,112
3186,693382,28
3187,693411,19
3188,693431,17
3189,693449,17
3190,693467,27
3191,693495,27
3192,693523,18
3193,693542,18
3194,693561,17
3195,693579,313
3196,693893,55
3197,693949,37
3198,693987,26
3199,694014,114
3200,694129,17
3201,694147,17
3202,694165,17
3203,694183,17
3204,694201,205
3205,694407,28
3206,694436,18
3207,694455,18
3208,694474,28
3209,694503,57
3210,694561,57
3211,694619,47
3212,694667,48
3213,694716,59
3214,694776,26
3215,694803,18
3216,694822,18
3217,694841,104
3218,694946,17
3219,694964,17
3220,694982,27
3221,695010,56
3222,695067,37
3223,695105,54
3224,695160,17
3225,695178,39
3226,695218,30
3227,695249,38
3228,695288,26
3229,695315,32
3230,695348,18
3231,695367,106
3232,695474,55
3233,695530,28
3234,695559,55
3235,695615,18
3236,695634,69
3237,695704,28
3238,695733,19
3239,695753,17
3240,695771,86
3241,695858,17
3242,695876,59
3243,695936,27
3244,695964,18
3245,695983,28
3246,696012,104
3247,696117,67
3248,696185,37
3249,696223,28
3250,696252,38
3251,696291,18
3252,696310,55
3253,696366,39
3254,696406,157
3255,696564,29
3256,696594,19
3257,696614,28
3258,696643,55
3259,696699,39
3260,696739,17
3261,696757,18
3262,696776,18
3263,696795,209
3264,697005,45
3265,697051,64
3266,697116,18
3267,697135,34
3268,697170,70
3269,697241,143
3270,697385,47
3271,697433,18
3272,697452,31
3273,697484,18
3274,697503,44
3275,697548,85
3276,697634,18
3277,697653,173
3278,697827,40
3279,697868,42
3280,697911,38
3281,697950,38
3282,697989,18
3283,698008,49
3284,698058,19
3285,698078,65
3286,698144,19
3287,698164,29
3288,698194,47
3289,698242,62
3290,698305,126
3291,698432,19
3292,698452,134
3293,698587,82
3294,698670,142
3295,698813,76
3296,698890,29
3297,698920,29
3298,698950,84
3299,699035,40
3300,699076,19
3301,699096,29
3302,699126,90
3303,699217,85
3304,699303,39
3305,699343,19
3306,699363,55
3307,699419,18
3308,699438,216
3309,699655,161
3310,699817,48
3311,699866,64
3312,699931,19
3313,699951,28
3314,699980,29
3315,700010,97
3316,700108,19
3317,700128,55
3318,700184,75
3319,700260,18
3320,700279,58
3321,700338,68
3322,700407,71
3323,700479,37
3324,700517,19
3325,700537,19
3326,700557,19
3327,700577,19
3328,700597,19
3329,700617,19
3330,700637,27
3331,700665,85
3332,700751,17
3333,700769,26
3334,700796,26
3335,700823,91
3336,700915,17
3337,700933,45
3338,700979,17
3339,700997,26
3340,701024,55
3341,701080,18
3342,701099,27
3343,701127,28
3344,701156,38
3345,701195,37
3346,701233,18
3347,701252,191
3348,701444,18
3349,701463,83
3350,701547,48
3351,701596,36
3352,701633,18
3353,701652,28
3354,701681,18
3355,701700,36
3356,701737,203
3357,701941,17
3358,701959,65
3359,702025,26
3360,702052,274
3361,702327,179
3362,702507,28
3363,702536,118
3364,702655,19
3365,702675,19
3366,702695,19
3367,702715,19
3368,702735,18
3369,702754,46
3370,702801,18
3371,702820,18
3372,702839,19
3373,702859,33
3374,702893,151
3375,703045,19
3376,703065,19
3377,703085,47
3378,703133,19
3379,703153,38
3380,703192,38
3381,703231,19
3382,703251,27
3383,703279,32
3384,703312,18
3385,703331,18
3386,703350,17
3387,703368,93
3388,703462,27
3389,703490,131
3390,703622,27
3391,703650,37
3392,703688,43
3393,703732,88
3394,703821,28
3395,703850,27
3396,703878,115
3397,703994,18
3398,704013,18
3399,704032,29
3400,704062,29
3401,704092,19
3402,704112,18
3403,704131,18
3404,704150,18
3405,704169,73
3406,704243,18
3407,704262,18
3408,704281,32
3409,704314,37
3410,704352,33
3411,704386,29
3412,704416,58
3413,704475,57
3414,704533,38
3415,704572,38
3416,704611,19
3417,704631,28
3418,704660,37
3419,704698,19
3420,704718,113
3421,704832,18
3422,704851,68
3423,704920,83
3424,705004,18
3425,705023,18
3426,705042,46
3427,705089,183
3428,705273,27
3429,705301,64
3430,705366,145
3431,705512,28
3432,705541,19
3433,705561,23
3434,705585,19
3435,705605,42
3436,705648,19
3437,705668,19
3438,705688,19
3439,705708,89
3440,705798,95
3441,705894,19
3442,705914,18
3443,705933,18
3444,705952,29
3445,705982,19
3446,706002,104
3447,706107,35
3448,706143,36
3449,706180,201
3450,706382,57
3451,706440,37
3452,706478,17
3453,706496,17
3454,706514,17
3455,706532,31
3456,706564,18
3457,706583,18
3458,706602,28
3459,706631,37
3460,706669,22
3461,706692,28
3462,706721,37
3463,706759,27
3464,706787,76
3465,706864,57
3466,706922,124
3467,707047,26
3468,707074,18
3469,707093,65
3470,707159,172
3471,707332,126
3472,707459,18
3473,707478,38
3474,707517,18
3475,707536,29
3476,707566,19
3477,707586,81
3478,707668,28
3479,707697,74
3480,707772,19
3481,707792,19
3482,707812,29
3483,707842,68
3484,707911,58
3485,707970,48
3486,708019,58
3487,708078,26
3488,708105,47
3489,708153,205
3490,708359,211
3491,708571,91
3492,708663,28
3493,708692,17
3494,708710,17
3495,708728,120
3496,708849,17
3497,708867,17
3498,708885,25
3499,708911,17
3500,708929,18
3501,708948,50
3502,708999,38
3503,709038,18
3504,709057,46
3505,709104,28
3506,709133,46
3507,709180,28
3508,709209,37
3509,709247,68
3510,709316,18
3511,709335,196
3512,709532,29
3513,709562,19
3514,709582,19
3515,709602,19
3516,709622,19
3517,709642,31
3518,709674,29
3519,709704,28
3520,709733,43
3521,709777,19
3522,709797,38
3523,709836,19
3524,709856,38
3525,709895,28
3526,709924,84
3527,710009,33
3528,710043,23
3529,710067,19
3530,710087,19
3531,710107,19
3532,710127,82
3533,710210,117
3534,710328,76
3535,710405,57
3536,710463,26
3537,710490,50
3538,710541,17
3539,710559,40
3540,710600,55
3541,710656,93
3542,710750,28
3543,710779,18
3544,710798,55
3545,710854,18
3546,710873,42
3547,710916,18
3548,710935,18
3549,710954,28
3550,710983,51
3551,711035,35
3552,711071,88
3553,711160,82
3554,711243,371
3555,711615,70
3556,711686,52
3557,711739,18
3558,711758,46
3559,711805,85
3560,711891,27
3561,711919,37
3562,711957,176
3563,712134,45
3564,712180,84
3565,712265,18
3566,712284,75
3567,712360,27
3568,712388,18
3569,712407,69
3570,712477,18
3571,712496,27
3572,712524,27
3573,712552,18
3574,712571,18
3575,712590,77
3576,712668,32
3577,712701,17
3578,712719,18
3579,712738,18
3580,712757,77
3581,712835,19
3582,712855,138
3583,712994,77
3584,713072,19
3585,713092,33
3586,713126,19
3587,713146,19
3588,713166,116
3589,713283,19
3590,713303,28
3591,713332,75
3592,713408,19
3593,713428,38
3594,713467,43
3595,713511,47
3596,713559,28
3597,713588,63
3598,713652,21
3599,713674,45
3600,713720,132
3601,713853,27
3602,713881,199
3603,714081,18
3604,714100,61
3605,714162,27
3606,714190,75
3607,714266,38
3608,714305,29
3609,714335,18
3610,714354,112
3611,714467,18
3612,714486,62
3613,714549,18
3614,714568,29
3615,714598,21
3616,714620,101
3617,714722,18
3618,714741,145
3619,714887,18
3620,714906,18
3621,714925,18
3622,714944,28
3623,714973,29
3624,715003,18
3625,715022,18
3626,715041,37
3627,715079,45
3628,715125,18
3629,715144,46
3630,715191,143
3631,715335,64
3632,715400,57
3633,715458,27
3634,715486,39
3635,715526,48
3636,715575,26
3637,715602,21
3638,715624,62
3639,715687,18
3640,715706,62
3641,715769,55
3642,715825,18
3643,715844,39
3644,715884,18
3645,715903,18
3646,715922,22
3647,715945,29
3648,715975,68
3649,716044,29
3650,716074,18
3651,716093,18
3652,716112,18
3653,716131,123
3654,716255,23
3655,716279,41
3656,716321,19
3657,716341,19
3658,716361,48
3659,716410,32
3660,716443,18
3661,716462,29
3662,716492,18
3663,716511,18
3664,716530,109
3665,716640,18
3666,716659,121
3667,716781,18
3668,716800,38
3669,716839,28
3670,716868,39
3671,716908,36
3672,716945,51
3673,716997,33
3674,717031,28
3675,717060,18
3676,717079,18
3677,717098,18
3678,717117,28
3679,717146,18
3680,717165,27
3681,717193,30
3682,717224,43
3683,717268,77
3684,717346,19
3685,717366,19
3686,717386,27
3687,717414,115
3688,717530,76
3689,717607,28
3690,717636,73
3691,717710,43
3692,717754,78
3693,717833,41
3694,717875,27
3695,717903,19
3696,717923,23
3697,717947,19
3698,717967,19
3699,717987,28
3700,718016,19
3701,718036,19
3702,718056,19
3703,718076,19
3704,718096,82
3705,718179,33
3706,718213,29
3707,718243,19
3708,718263,28
3709,718292,19
3710,718312,19
3711,718332,19
3712,718352,29
3713,718382,19
3714,718402,19
3715,718422,19
3716,718442,105
3717,718548,19
3718,718568,101
3719,718670,19
3720,718690,19
3721,718710,38
3722,718749,119
3723,718869,19
3724,718889,19
3725,718909,146
3726,719056,17
3727,719074,90
3728,719165,18
3729,719184,18
3730,719203,18
3731,719222,19
3732,719242,111
3733,719354,19
3734,719374,57
3735,719432,55
3736,719488,94
3737,719583,18
3738,719602,154
3739,719757,19
3740,719777,29
3741,719807,18
3742,719826,18
3743,719845,30
3744,719876,28
3745,719905,106
3746,720012,33
3747,720046,27
3748,720074,22
3749,720097,26
3750,720124,37
3751,720162,17
3752,720180,116
3753,720297,30
3754,720328,50
3755,720379,95
3756,720475,39
3757,720515,19
3758,720535,41
3759,720577,19
3760,720597,39
3761,720637,46
3762,720684,29
3763,720714,36
3764,720751,27
3765,720779,26
3766,720806,37
3767,720844,27
3768,720872,18
3769,720891,27
3770,720919,36
3771,720956,72
3772,721029,49
3773,721079,19
3774,721099,29
3775,721129,39
3776,721169,28
3777,721198,54
3778,721253,86
3779,721340,23
3780,721364,19
3781,721384,37
3782,721422,19
3783,721442,19
3784,721462,27
3785,721490,18
3786,721509,39
3787,721549,97
3788,721647,48
3789,721696,18
3790,721715,38
3791,721754,65
3792,721820,23
3793,721844,52
3794,721897,18
3795,721916,24
3796,721941,54
3797,721996,85
3798,722082,18
3799,722101,18
3800,722120,54
3801,722175,18
3802,722194,19
3803,722214,64
3804,722279,28
3805,722308,19
3806,722328,23
3807,722352,19
3808,722372,19
3809,722392,41
3810,722434,36
3811,722471,47
3812,722519,19
3813,722539,19
3814,722559,19
3815,722579,37
3816,722617,17
3817,722635,27
3818,722663,17
3819,722681,17
3820,722699,44
3821,722744,17
3822,722762,28
3823,722791,35
3824,722827,17
3825,722845,17
3826,722863,77
3827,722941,22
3828,722964,31
3829,722996,28
3830,723025,18
3831,723044,18
3832,723063,18
3833,723082,18
3834,723101,18
3835,723120,18
3836,723139,18
3837,723158,54
3838,723213,27
3839,723241,18
3840,723260,18
3841,723279,18
3842,723298,22
3843,723321,28
3844,723350,18
3845,723369,18
3846,723388,18
3847,723407,18
3848,723426,73
3849,723500,40
3850,723541,41
3851,723583,19
3852,723603,18
3853,723622,18
3854,723641,51
3855,723693,45
3856,723739,27
3857,723767,23
3858,723791,30
3859,723822,65
3860,723888,29
3861,723918,19
3862,723938,42
3863,723981,19
3864,724001,19
3865,724021,59
3866,724081,39
3867,724121,19
3868,724141,61
3869,724203,29
3870,724233,55
3871,724289,48
3872,724338,29
3873,724368,98
3874,724467,18
3875,724486,19
3876,724506,19
3877,724526,19
3878,724546,19
3879,724566,19
3880,724586,17
3881,724604,79
3882,724684,18
3883,724703,18
3884,724722,36
3885,724759,18
3886,724778,47
3887,724826,62
3888,724889,28
3889,724918,29
3890,724948,23
3891,724972,23
3892,724996,19
3893,725016,68
3894,725085,39
3895,725125,19
3896,725145,125
3897,725271,26
3898,725298,17
3899,725316,42
3900,725359,32
3901,725392,31
3902,725424,18
3903,725443,18
3904,725462,18
3905,725481,18
3906,725500,18
3907,725519,19
3908,725539,19
3909,725559,33
3910,725593,29
3911,725623,59
3912,725683,21
3913,725705,18
3914,725724,27
3915,725752,18
3916,725771,171
3917,725943,157
3918,726101,48
3919,726150,33
3920,726184,38
3921,726223,48
3922,726272,46
3923,726319,52
3924,726372,40
3925,726413,60
3926,726474,82
3927,726557,28
3928,726586,18
3929,726605,18
3930,726624,28
3931,726653,18
3932,726672,18
3933,726691,18
3934,726710,18
3935,726729,28
3936,726758,21
3937,726780,46
3938,726827,19
3939,726847,19
3940,726867,21
3941,726889,21
3942,726911,57
3943,726969,30
3944,727000,18
3945,727019,65
3946,727085,18
3947,727104,20
3948,727125,17
3949,727143,17
3950,727161,17
3951,727179,18
3952,727198,86
3953,727285,18
3954,727304,18
3955,727323,18
3956,727342,17
3957,727360,17
3958,727378,18
3959,727397,40
3960,727438,42
3961,727481,18
3962,727500,19
3963,727520,238
3964,727759,27
3965,727787,28
3966,727816,18
3967,727835,17
3968,727853,121
3969,727975,31
3970,728007,29
3971,728037,38
3972,728076,19
3973,728096,49
3974,728146,43
3975,728190,37
3976,728228,18
3977,728247,18
3978,728266,58
3979,728325,40
3980,728366,18
3981,728385,18
3982,728404,21
3983,728426,55
3984,728482,32
3985,728515,28
3986,728544,102
3987,728647,58
3988,728706,30
3989,728737,48
3990,728786,27
3991,728814,18
3992,728833,78
3993,728912,39
3994,728952,59
3995,729012,19
3996,729032,18
3997,729051,18
3998,729070,47
3999,729118,19
4000,729138,19
4001,729158,17
4002,729176,17
4003,729194,71
4004,729266,49
4005,729316,17
4006,729334,31
4007,729366,22
4008,729389,18
4009,729408,38
4010,729447,72
4011,729520,77
4012,729598,47
4013,729646,19
4014,729666,39
4015,729706,28
4016,729735,19
4017,729755,89
4018,729845,29
4019,729875,19
4020,729895,38
4021,729934,19
4022,729954,18
4023,729973,27
4024,730001,23
4025,730025,19
4026,730045,28
4027,730074,39
4028,730114,39
4029,730154,29
4030,730184,19
4031,730204,28
4032,730233,19
4033,730253,19
4034,730273,23
4035,730297,88
4036,730386,18
4037,730405,80
4038,730486,18
4039,730505,18
4040,730524,19
4041,730544,28
4042,730573,28
4043,730602,18
4044,730621,18
4045,730640,46
4046,730687,27
4047,730715,18
4048,730734,18
4049,730753,38
4050,730792,74
4051,730867,18
4052,730886,38
4053,730925,17
4054,730943,75
4055,731019,28
4056,731048,18
4057,731067,64
4058,731132,29
4059,731162,28
4060,731191,19
4061,731211,19
4062,731231,18
4063,731250,22
4064,731273,18
4065,731292,45
4066,731338,19
4067,731358,19
4068,731378,37
4069,731416,19
4070,731436,19
4071,731456,18
4072,731475,77
4073,731553,27
4074,731581,28
4075,731610,94
4076,731705,63
4077,731769,19
4078,731789,68
4079,731858,19
4080,731878,19
4081,731898,23
4082,731922,103
4083,732026,19
4084,732046,32
4085,732079,73
4086,732153,28
4087,732182,28
4088,732211,59
4089,732271,57
4090,732329,19
4091,732349,19
4092,732369,64
4093,732434,88
4094,732523,37
4095,732561,19
4096,732581,18
4097,732600,18
4098,732619,18
4099,732638,18
4100,732657,18
4101,732676,18
4102,732695,18
4103,732714,28
4104,732743,54
4105,732798,19
4106,732818,23
4107,732842,18
4108,732861,27
4109,732889,67
4110,732957,31
4111,732989,18
4112,733008,18
4113,733027,18
4114,733046,28
4115,733075,30
4116,733106,37
4117,733144,57
4118,733202,18
4119,733221,18
4120,733240,18
4121,733259,18
4122,733278,18
4123,733297,45
4124,733343,18
4125,733362,18
4126,733381,18
4127,733400,23
4128,733424,19
4129,733444,29
4130,733474,67
4131,733542,42
4132,733585,23
4133,733609,29
4134,733639,29
4135,733669,19
4136,733689,19
4137,733709,20
4138,733730,18
4139,733749,38
4140,733788,40
4141,733829,27
4142,733857,18
4143,733876,19
4144,733896,19
4145,733916,19
4146,733936,19
4147,733956,19
4148,733976,43
4149,734020,46
4150,734067,19
4151,734087,66
4152,734154,27
4153,734182,28
4154,734211,44
4155,734256,92
4156,734349,18
4157,734368,18
4158,734387,27
4159,734415,28
4160,734444,18
4161,734463,17
4162,734481,17
4163,734499,34
4164,734534,17
4165,734552,17
4166,734570,17
4167,734588,50
4168,734639,50
4169,734690,27
4170,734718,27
4171,734746,134
4172,734881,36
4173,734918,28
4174,734947,18
4175,734966,55
4176,735022,77
4177,735100,28
4178,735129,18
4179,735148,36
4180,735185,17
4181,735203,95
4182,735299,56
4183,735356,18
4184,735375,18
4185,735394,28
4186,735423,27
4187,735451,144
4188,735596,32
4189,735629,20
4190,735650,54
4191,735705,18
4192,735724,37
4193,735762,60
4194,735823,51
4195,735875,19
4196,735895,19
4197,735915,29
4198,735945,75
4199,736021,18
4200,736040,17
4201,736058,17
4202,736076,17
4203,736094,17
4204,736112,18
4205,736131,18
4206,736150,18
4207,736169,48
4208,736218,18
4209,736237,18
4210,736256,18
4211,736275,18
4212,736294,18
4213,736313,18
4214,736332,18
4215,736351,37
4216,736389,18
4217,736408,18
4218,736427,18
4219,736446,18
4220,736465,18
4221,736484,18
4222,736503,18
4223,736522,18
4224,736541,89
4225,736631,18
4226,736650,18
4227,736669,18
4228,736688,18
4229,736707,18
4230,736726,18
4231,736745,18
4232,736764,18
4233,736783,22
4234,736806,18
4235,736825,18
4236,736844,18
4237,736863,29
4238,736893,18
4239,736912,18
4240,736931,18
4241,736950,17
4242,736968,18
4243,736987,18
4244,737006,17
4245,737024,18
4246,737043,31
4247,737075,18
4248,737094,45
4249,737140,19
4250,737160,19
4251,737180,19
4252,737200,18
4253,737219,20
4254,737240,23
4255,737264,30
4256,737295,18
4257,737314,18
4258,737333,28
4259,737362,40
4260,737403,24
4261,737428,19
4262,737448,18
4263,737467,18
4264,737486,31
4265,737518,18
4266,737537,47
4267,737585,28
4268,737614,28
4269,737643,64
4270,737708,17
4271,737726,17
4272,737744,17
4273,737762,44
4274,737807,56
4275,737864,18
4276,737883,18
4277,737902,67
4278,737970,34
4279,738005,36
4280,738042,18
4281,738061,29
4282,738091,28
4283,738120,18
4284,738139,18
4285,738158,19
4286,738178,17
4287,738196,26
4288,738223,41
4289,738265,18
4290,738284,18
4291,738303,21
4292,738325,21
4293,738347,18
4294,738366,18
4295,738385,27
4296,738413,18
4297,738432,18
4298,738451,27
4299,738479,37
4300,738517,185
4301,738703,18
4302,738722,18
4303,738741,18
4304,738760,42
4305,738803,42
4306,738846,19
4307,738866,29
4308,738896,19
4309,738916,20
4310,738937,18
4311,738956,27
4312,738984,18
4313,739003,73
4314,739077,19
4315,739097,19
4316,739117,28
4317,739146,19
4318,739166,18
4319,739185,19
4320,739205,39
4321,739245,18
4322,739264,18
4323,739283,27
4324,739311,18
4325,739330,18
4326,739349,18
4327,739368,18
4328,739387,27
4329,739415,18
4330,739434,18
4331,739453,18
4332,739472,18
4333,739491,19
4334,739511,27
4335,739539,27
4336,739567,18
4337,739586,28
4338,739615,18
4339,739634,90
4340,739725,69
4341,739795,19
4342,739815,30
4343,739846,18
4344,739865,28
4345,739894,18
4346,739913,18
4347,739932,27
4348,739960,28
4349,739989,18
4350,740008,18
4351,740027,18
4352,740046,23
4353,740070,23
4354,740094,19
4355,740114,19
4356,740134,28
4357,740163,19
4358,740183,19
4359,740203,19
4360,740223,28
4361,740252,18
4362,740271,23
4363,740295,19
4364,740315,29
4365,740345,19
4366,740365,28
4367,740394,48
4368,740443,39
4369,740483,19
4370,740503,19
4371,740523,19
4372,740543,19
4373,740563,23
4374,740587,18
4375,740606,22
4376,740629,27
4377,740657,45
4378,740703,18
4379,740722,18
4380,740741,29
4381,740771,28
4382,740800,31
4383,740832,18
4384,740851,46
4385,740898,19
4386,740918,19
4387,740938,29
4388,740968,18
4389,740987,18
4390,741006,22
4391,741029,17
4392,741047,189
4393,741237,20
4394,741258,35
4395,741294,45
4396,741340,18
4397,741359,46
4398,741406,30
4399,741437,38
4400,741476,18
4401,741495,18
4402,741514,19
4403,741534,46
4404,741581,67
4405,741649,46
4406,741696,29
4407,741726,47
4408,741774,39
4409,741814,29
4410,741844,39
4411,741884,37
4412,741922,65
4413,741988,36
4414,742025,18
4415,742044,37
4416,742082,27
4417,742110,21
4418,742132,18
4419,742151,18
4420,742170,18
4421,742189,18
4422,742208,21
4423,742230,18
4424,742249,18
4425,742268,18
4426,742287,48
4427,742336,19
4428,742356,28
4429,742385,19
4430,742405,19
4431,742425,19
4432,742445,27
4433,742473,18
4434,742492,253
4435,742746,18
4436,742765,332
4437,743098,28
4438,743127,49
4439,743177,18
4440,743196,58
4441,743255,47
4442,743303,66
4443,743370,27
4444,743398,18
4445,743417,18
4446,743436,18
4447,743455,27
4448,743483,28
4449,743512,18
4450,743531,18
4451,743550,27
4452,743578,18
4453,743597,18
4454,743616,55
4455,743672,75
4456,743748,19
4457,743768,68
4458,743837,75
4459,743913,19
4460,743933,39
4461,743973,31
4462,744005,28
4463,744034,28
4464,744063,58
4465,744122,18
4466,744141,18
4467,744160,28
4468,744189,23
4469,744213,37
4470,744251,23
4471,744275,49
4472,744325,60
4473,744386,47
4474,744434,19
4475,744454,28
4476,744483,29
4477,744513,41
4478,744555,40
4479,744596,18
4480,744615,18
4481,744634,18
4482,744653,18
4483,744672,18
4484,744691,18
4485,744710,18
4486,744729,18
4487,744748,18
4488,744767,19
4489,744787,19
4490,744807,38
4491,744846,39
4492,744886,50
4493,744937,18
4494,744956,54
4495,745011,58
4496,745070,45
4497,745116,18
4498,745135,18
4499,745154,18
4500,745173,18
4501,745192,19
4502,745212,19
4503,745232,29
4504,745262,32
4505,745295,18
4506,745314,19
4507,745334,19
4508,745354,17
4509,745372,17
4510,745390,28
4511,745419,18
4512,745438,19
4513,745458,20
4514,745479,17
4515,745497,17
4516,745515,17
4517,745533,80
4518,745614,18
4519,745633,31
4520,745665,19
4521,745685,18
4522,745704,18
4523,745723,18
4524,745742,40
4525,745783,18
4526,745802,18
4527,745821,20
4528,745842,18
4529,745861,49
4530,745911,22
4531,745934,18
4532,745953,28
4533,745982,18
4534,746001,19
4535,746021,43
4536,746065,58
4537,746124,28
4538,746153,19
4539,746173,29
4540,746203,29
4541,746233,19
4542,746253,19
4543,746273,56
4544,746330,58
4545,746389,38
4546,746428,18
4547,746447,18
4548,746466,18
4549,746485,18
4550,746504,18
4551,746523,18
4552,746542,18
4553,746561,63
4554,746625,18
4555,746644,80
4556,746725,39
4557,746765,28
4558,746794,23
4559,746818,59
4560,746878,23
4561,746902,19
4562,746922,19
4563,746942,19
4564,746962,19
4565,746982,19
4566,747002,40
4567,747043,48
4568,747092,80
4569,747173,19
4570,747193,26
4571,747220,28
4572,747249,28
4573,747278,18
4574,747297,17
4575,747315,28
4576,747344,27
4577,747372,39
4578,747412,18
4579,747431,18
4580,747450,19
4581,747470,19
4582,747490,17
4583,747508,17
4584,747526,17
4585,747544,18
4586,747563,18
4587,747582,18
4588,747601,18
4589,747620,27
4590,747648,18
4591,747667,18
4592,747686,19
4593,747706,37
4594,747744,31
4595,747776,50
4596,747827,29
4597,747857,67
4598,747925,17
4599,747943,17
4600,747961,17
4601,747979,26
4602,748006,17
4603,748024,17
4604,748042,17
4605,748060,40
4606,748101,17
4607,748119,35
4608,748155,42
4609,748198,47
4610,748246,18
4611,748265,50
4612,748316,19
4613,748336,19
4614,748356,18
4615,748375,21
4616,748397,33
4617,748431,79
4618,748511,42
4619,748554,41
4620,748596,33
4621,748630,18
4622,748649,18
4623,748668,18
4624,748687,27
4625,748715,19
4626,748735,92
4627,748828,37
4628,748866,37
4629,748904,19
4630,748924,29
4631,748954,19
4632,748974,19
4633,748994,19
4634,749014,33
4635,749048,19
4636,749068,88
4637,749157,19
4638,749177,38
4639,749216,18
4640,749235,18
4641,749254,28
4642,749283,19
4643,749303,18
4644,749322,18
4645,749341,18
4646,749360,18
4647,749379,18
4648,749398,18
4649,749417,18
4650,749436,84
4651,749521,46
4652,749568,39
4653,749608,28
4654,749637,37
4655,749675,27
4656,749703,18
4657,749722,18
4658,749741,18
4659,749760,18
4660,749779,38
4661,749818,46
4662,749865,41
4663,749907,18
4664,749926,27
4665,749954,18
4666,749973,18
4667,749992,19
4668,750012,29
4669,750042,19
4670,750062,19
4671,750082,53
4672,750136,19
4673,750156,18
4674,750175,23
4675,750199,28
4676,750228,95
4677,750324,18
4678,750343,48
4679,750392,22
4680,750415,36
4681,750452,71
4682,750524,30
4683,750555,18
4684,750574,39
4685,750614,27
4686,750642,29
4687,750672,25
4688,750698,69
4689,750768,19
4690,750788,27
4691,750816,19
4692,750836,18
4693,750855,18
4694,750874,31
4695,750906,32
4696,750939,18
4697,750958,27
4698,750986,19
4699,751006,19
4700,751026,28
4701,751055,56
4702,751112,28
4703,751141,23
4704,751165,148
4705,751314,19
4706,751334,21
4707,751356,18
4708,751375,18
4709,751394,18
4710,751413,19
4711,751433,19
4712,751453,28
4713,751482,19
4714,751502,18
4715,751521,18
4716,751540,18
4717,751559,18
4718,751578,18
4719,751597,18
4720,751616,37
4721,751654,37
4722,751692,19
4723,751712,19
4724,751732,29
4725,751762,26
4726,751789,19
4727,751809,29
4728,751839,18
4729,751858,19
4730,751878,19
4731,751898,19
4732,751918,19
4733,751938,27
4734,751966,19
4735,751986,19
4736,752006,19
4737,752026,46
4738,752073,39
4739,752113,19
4740,752133,27
4741,752161,37
4742,752199,19
4743,752219,18
4744,752238,28
4745,752267,29
4746,752297,19
4747,752317,19
4748,752337,18
4749,752356,19
4750,752376,28
4751,752405,28
4752,752434,19
4753,752454,28
4754,752483,28
4755,752512,18
4756,752531,18
4757,752550,19
4758,752570,26
4759,752597,18
4760,752616,27
4761,752644,18
4762,752663,37
4763,752701,28
4764,752730,78
4765,752809,70
4766,752880,18
4767,752899,46
4768,752946,20
4769,752967,18
4770,752986,18
4771,753005,18
4772,753024,18
4773,753043,18
4774,753062,27
4775,753090,18
4776,753109,18
4777,753128,37
4778,753166,18
4779,753185,43
4780,753229,18
4781,753248,38
4782,753287,35
4783,753323,18
4784,753342,19
4785,753362,174
4786,753537,34
4787,753572,22
4788,753595,19
4789,753615,19
4790,753635,70
4791,753706,38
4792,753745,63
4793,753809,27
4794,753837,18
4795,753856,18
4796,753875,37
4797,753913,38
4798,753952,21
4799,753974,18
4800,753993,18
4801,754012,28
4802,754041,21
4803,754063,22
4804,754086,31
4805,754118,27
4806,754146,19
4807,754166,18
4808,754185,27
4809,754213,19
4810,754233,27
4811,754261,18
4812,754280,18
4813,754299,18
4814,754318,39
4815,754358,31
4816,754390,18
4817,754409,38
4818,754448,23
4819,754472,19
4820,754492,19
4821,754512,19
4822,754532,18
4823,754551,30
4824,754582,19
4825,754602,19
4826,754622,19
4827,754642,20
4828,754663,18
4829,754682,18
4830,754701,24
4831,754726,27
4832,754754,18
4833,754773,18
4834,754792,18
4835,754811,18
4836,754830,18
4837,754849,18
4838,754868,18
4839,754887,18
4840,754906,18
4841,754925,18
4842,754944,19
4843,754964,29
4844,754994,19
4845,755014,21
4846,755036,18
4847,755055,28
4848,755084,20
4849,755105,18
4850,755124,18
4851,755143,19
4852,755163,28
4853,755192,18
4854,755211,19
4855,755231,28
4856,755260,29
4857,755290,19
4858,755310,50
4859,755361,66
4860,755428,19
4861,755448,33
4862,755482,29
4863,755512,42
4864,755555,19
4865,755575,19
4866,755595,18
4867,755614,18
4868,755633,20
4869,755654,18
4870,755673,18
4871,755692,28
4872,755721,19
4873,755741,19
4874,755761,19
4875,755781,19
4876,755801,19
4877,755821,19
4878,755841,19
4879,755861,29
4880,755891,19
4881,755911,19
4882,755931,18
4883,755950,18
4884,755969,18
4885,755988,27
4886,756016,18
4887,756035,18
4888,756054,19
4889,756074,19
4890,756094,19
4891,756114,28
4892,756143,19
4893,756163,19
4894,756183,19
4895,756203,19
4896,756223,19
4897,756243,18
4898,756262,19
4899,756282,19
4900,756302,39
4901,756342,28
4902,756371,19
4903,756391,29
4904,756421,19
4905,756441,19
4906,756461,19
4907,756481,20
4908,756502,28
4909,756531,19
4910,756551,19
4911,756571,24
4912,756596,27
4913,756624,27
4914,756652,36
4915,756689,29
4916,756719,19
4917,756739,81
4918,756821,29
4919,756851,58
4920,756910,18
4921,756929,18
4922,756948,19
4923,756968,29
4924,756998,19
4925,757018,30
4926,757049,19
4927,757069,19
4928,757089,29
4929,757119,19
4930,757139,29
4931,757169,28
4932,757198,19
4933,757218,19
4934,757238,19
4935,757258,19
4936,757278,29
4937,757308,19
4938,757328,19
4939,757348,19
4940,757368,19
4941,757388,19
4942,757408,19
4943,757428,19
4944,757448,19
4945,757468,19
4946,757488,19
4947,757508,29
4948,757538,18
4949,757557,18
4950,757576,28
4951,757605,18
4952,757624,18
4953,757643,18
4954,757662,22
4955,757685,18
4956,757704,28
4957,757733,18
4958,757752,39
4959,757792,31
4960,757824,19
4961,757844,28
4962,757873,18
4963,757892,24
4964,757917,18
4965,757936,18
4966,757955,18
4967,757974,27
4968,758002,18
4969,758021,18
4970,758040,36
4971,758077,19
4972,758097,18
4973,758116,91
4974,758208,18
4975,758227,32
4976,758260,36
4977,758297,20
4978,758318,34
4979,758353,18
4980,758372,30
4981,758403,18
4982,758422,48
4983,758471,25
4984,758497,19
4985,758517,19
4986,758537,39
4987,758577,21
4988,758599,37
4989,758637,33
4990,758671,18
4991,758690,18
4992,758709,18
4993,758728,29
4994,758758,21
4995,758780,18
4996,758799,42
4997,758842,25
4998,758868,18
4999,758887,18
5000,758906,38
5001,758945,28
5002,758974,44
5003,759019,19
5004,759039,19
5005,759059,19
5006,759079,24
5007,759104,36
5008,759141,29
5009,759171,35
5010,759207,48
5011,759256,19
5012,759276,18
5013,759295,19
5014,759315,19
5015,759335,19
5016,759355,43
5017,759399,28
5018,759428,18
5019,759447,43
5020,759491,19
5021,759511,29
5022,759541,29
5023,759571,23
5024,759595,18
5025,759614,18
5026,759633,23
5027,759657,21
5028,759679,21
5029,759701,18
5030,759720,18
5031,759739,18
5032,759758,19
5033,759778,18
5034,759797,78
5035,759876,19
5036,759896,19
5037,759916,23
5038,759940,19
5039,759960,19
5040,759980,19
5041,760000,28
5042,760029,19
5043,760049,29
5044,760079,19
5045,760099,19
5046,760119,29
5047,760149,19
5048,760169,28
5049,760198,19
5050,760218,19
5051,760238,31
5052,760270,29
5053,760300,19
5054,760320,31
5055,760352,18
5056,760371,18
5057,760390,19
5058,760410,18
5059,760429,27
5060,760457,18
5061,760476,27
5062,760504,18
5063,760523,38
5064,760562,18
5065,760581,18
5066,760600,48
5067,760649,18
5068,760668,18
5069,760687,18
5070,760706,19
5071,760726,36
5072,760763,40
5073,760804,32
5074,760837,19
5075,760857,27
5076,760885,23
5077,760909,23
5078,760933,19
5079,760953,20
5080,760974,18
5081,760993,18
5082,761012,19
5083,761032,19
5084,761052,37
5085,761090,20
5086,761111,18
5087,761130,49
5088,761180,32
5089,761213,92
5090,761306,19
5091,761326,45
5092,761372,28
5093,761401,18
5094,761420,19
5095,761440,50
5096,761491,72
5097,761564,28
5098,761593,18
5099,761612,37
5100,761650,23
5101,761674,18
5102,761693,28
5103,761722,19
5104,761742,21
5105,761764,21
5106,761786,103
5107,761890,18
5108,761909,18
5109,761928,19
5110,761948,47
5111,761996,19
5112,762016,28
5113,762045,52
5114,762098,48
5115,762147,18
5116,762166,18
5117,762185,28
5118,762214,18
5119,762233,159
5120,762393,18
5121,762412,28
5122,762441,18
5123,762460,18
5124,762479,23
5125,762503,25
5126,762529,18
5127,762548,22
5128,762571,47
5129,762619,18
5130,762638,19
5131,762658,20
5132,762679,20
5133,762700,18
5134,762719,18
5135,762738,48
5136,762787,28
5137,762816,19
5138,762836,18
5139,762855,18
5140,762874,20
5141,762895,22
5142,762918,18
5143,762937,22
5144,762960,18
5145,762979,32
5146,763012,18
5147,763031,28
5148,763060,38
5149,763099,18
5150,763118,37
5151,763156,19
5152,763176,19
5153,763196,19
5154,763216,18
5155,763235,18
5156,763254,28
5157,763283,19
5158,763303,19
5159,763323,19
5160,763343,28
5161,763372,18
5162,763391,18
5163,763410,27
5164,763438,28
5165,763467,37
5166,763505,19
5167,763525,33
5168,763559,18
5169,763578,18
5170,763597,28
5171,763626,18
5172,763645,28
5173,763674,37
5174,763712,19
5175,763732,34
5176,763767,18
5177,763786,18
5178,763805,18
5179,763824,18
5180,763843,27
5181,763871,18
5182,763890,19
5183,763910,19
5184,763930,19
5185,763950,18
5186,763969,19
5187,763989,19
5188,764009,19
5189,764029,19
5190,764049,28
5191,764078,42
5192,764121,23
5193,764145,38
5194,764184,18
5195,764203,19
5196,764223,47
5197,764271,19
5198,764291,27
5199,764319,46
5200,764366,50
5201,764417,38
5202,764456,27
5203,764484,18
5204,764503,18
5205,764522,18
5206,764541,18
5207,764560,18
5208,764579,18
5209,764598,19
5210,764618,29
5211,764648,19
5212,764668,42
5213,764711,30
5214,764742,18
5215,764761,27
5216,764789,19
5217,764809,19
5218,764829,19
5219,764849,18
5220,764868,27
5221,764896,18
5222,764915,18
5223,764934,18
5224,764953,19
5225,764973,19
5226,764993,18
5227,765012,18
5228,765031,18
5229,765050,18
5230,765069,39
5231,765109,41
5232,765151,51
5233,765203,23
5234,765227,19
5235,765247,55
5236,765303,19
5237,765323,19
5238,765343,50
5239,765394,77
5240,765472,29
5241,765502,71
5242,765574,23
5243,765598,97
5244,765696,18
5245,765715,18
5246,765734,18
5247,765753,18
5248,765772,18
5249,765791,18
5250,765810,45
5251,765856,29
5252,765886,19
5253,765906,37
5254,765944,20
5255,765965,28
5256,765994,22
5257,766017,18
5258,766036,18
5259,766055,28
5260,766084,28
5261,766113,21
5262,766135,18
5263,766154,18
5264,766173,19
5265,766193,18
5266,766212,41
5267,766254,18
5268,766273,19
5269,766293,29
5270,766323,19
5271,766343,19
5272,766363,19
5273,766383,45
5274,766429,28
5275,766458,53
5276,766512,18
5277,766531,18
5278,766550,18
5279,766569,18
5280,766588,18
5281,766607,18
5282,766626,23
5283,766650,23
5284,766674,19
5285,766694,19
5286,766714,19
5287,766734,19
5288,766754,19
5289,766774,19
5290,766794,29
5291,766824,19
5292,766844,18
5293,766863,18
5294,766882,18
5295,766901,18
5296,766920,19
5297,766940,18
5298,766959,18
5299,766978,19
5300,766998,19
5301,767018,39
5302,767058,18
5303,767077,47
5304,767125,18
5305,767144,27
5306,767172,18
5307,767191,18
5308,767210,19
5309,767230,29
5310,767260,28
5311,767289,34
5312,767324,29
5313,767354,27
5314,767382,18
5315,767401,18
5316,767420,18
5317,767439,18
5318,767458,41
5319,767500,28
5320,767529,18
5321,767548,18
5322,767567,18
5323,767586,18
5324,767605,19
5325,767625,28
5326,767654,19
5327,767674,49
5328,767724,18
5329,767743,18
5330,767762,19
5331,767782,19
5332,767802,19
5333,767822,19
5334,767842,19
5335,767862,19
5336,767882,19
5337,767902,38
5338,767941,18
5339,767960,18
5340,767979,37
5341,768017,28
5342,768046,18
5343,768065,18
5344,768084,18
5345,768103,19
5346,768123,19
5347,768143,33
5348,768177,18
5349,768196,43
5350,768240,71
5351,768312,73
5352,768386,18
5353,768405,27
5354,768433,18
5355,768452,18
5356,768471,22
5357,768494,18
5358,768513,22
5359,768536,27
5360,768564,19
5361,768584,19
5362,768604,42
5363,768647,19
5364,768667,23
5365,768691,19
5366,768711,28
5367,768740,19
5368,768760,19
5369,768780,29
5370,768810,19
5371,768830,29
5372,768860,19
5373,768880,19
5374,768900,19
5375,768920,19
5376,768940,23
5377,768964,24
5378,768989,21
5379,769011,18
5380,769030,18
5381,769049,18
5382,769068,18
5383,769087,38
5384,769126,19
5385,769146,19
5386,769166,18
5387,769185,18
5388,769204,18
5389,769223,18
5390,769242,18
5391,769261,53
5392,769315,19
5393,769335,19
5394,769355,19
5395,769375,19
5396,769395,19
5397,769415,19
5398,769435,19
5399,769455,18
5400,769474,18
5401,769493,18
5402,769512,18
5403,769531,18
5404,769550,18
5405,769569,18
5406,769588,18
5407,769607,18
5408,769626,18
5409,769645,19
5410,769665,23
5411,769689,19
5412,769709,55
5413,769765,21
5414,769787,56
5415,769844,19
5416,769864,19
5417,769884,19
5418,769904,18
5419,769923,29
5420,769953,18
5421,769972,18
5422,769991,18
5423,770010,19
5424,770030,19
5425,770050,19
5426,770070,19
5427,770090,37
5428,770128,29
5429,770158,28
5430,770187,18
5431,770206,19
5432,770226,18
5433,770245,18
5434,770264,18
5435,770283,18
5436,770302,18
5437,770321,65
5438,770387,18
5439,770406,104
5440,770511,36
5441,770548,71
5442,770620,18
5443,770639,21
5444,770661,18
5445,770680,28
5446,770709,55
5447,770765,43
5448,770809,78
5449,770888,19
5450,770908,48
5451,770957,45
5452,771003,28
5453,771032,63
5454,771096,39
5455,771136,18
5456,771155,28
5457,771184,73
5458,771258,18
5459,771277,18
5460,771296,21
5461,771318,23
5462,771342,27
5463,771370,28
5464,771399,28
5465,771428,33
5466,771462,19
5467,771482,23
5468,771506,29
5469,771536,19
5470,771556,23
5471,771580,23
5472,771604,19
5473,771624,258
5474,771883,23
5475,771907,19
5476,771927,23
5477,771951,19
5478,771971,19
5479,771991,19
5480,772011,19
5481,772031,29
5482,772061,90
5483,772152,21
5484,772174,51
5485,772226,30
5486,772257,47
5487,772305,18
5488,772324,18
5489,772343,48
5490,772392,18
5491,772411,38
5492,772450,19
5493,772470,28
5494,772499,19
5495,772519,19
5496,772539,19
5497,772559,19
5498,772579,18
5499,772598,28
5500,772627,19
5501,772647,28
5502,772676,19
5503,772696,29
5504,772726,29
5505,772756,18
5506,772775,18
5507,772794,18
5508,772813,18
5509,772832,18
5510,772851,19
5511,772871,19
5512,772891,36
5513,772928,18
5514,772947,21
5515,772969,18
5516,772988,27
5517,773016,18
5518,773035,49
5519,773085,28
5520,773114,18
5521,773133,22
5522,773156,18
5523,773175,21
5524,773197,22
5525,773220,22
5526,773243,22
5527,773266,22
5528,773289,27
5529,773317,27
5530,773345,19
5531,773365,29
5532,773395,19
5533,773415,19
5534,773435,19
5535,773455,39
5536,773495,18
5537,773514,30
5538,773545,18
5539,773564,18
5540,773583,37
5541,773621,39
5542,773661,18
5543,773680,18
5544,773699,18
5545,773718,18
5546,773737,18
5547,773756,18
5548,773775,19
5549,773795,28
5550,773824,18
5551,773843,19
5552,773863,18
5553,773882,18
5554,773901,18
5555,773920,33
5556,773954,19
5557,773974,18
5558,773993,19
5559,774013,18
5560,774032,18
5561,774051,19
5562,774071,19
5563,774091,29
5564,774121,28
5565,774150,19
5566,774170,19
5567,774190,19
5568,774210,19
5569,774230,19
5570,774250,19
5571,774270,19
5572,774290,19
5573,774310,19
5574,774330,19
5575,774350,19
5576,774370,19
5577,774390,19
5578,774410,23
5579,774434,19
5580,774454,19
5581,774474,18
5582,774493,28
5583,774522,18
5584,774541,19
5585,774561,19
5586,774581,18
5587,774600,18
5588,774619,18
5589,774638,18
5590,774657,30
5591,774688,18
5592,774707,18
5593,774726,28
5594,774755,19
5595,774775,18
5596,774794,18
5597,774813,18
5598,774832,18
5599,774851,29
5600,774881,19
5601,774901,19
5602,774921,19
5603,774941,53
5604,774995,29
5605,775025,19
5606,775045,19
5607,775065,29
5608,775095,19
5609,775115,24
5610,775140,18
5611,775159,18
5612,775178,18
5613,775197,18
5614,775216,19
5615,775236,28
5616,775265,29
5617,775295,19
5618,775315,28
5619,775344,27
5620,775372,18
5621,775391,22
5622,775414,36
5623,775451,19
5624,775471,19
5625,775491,19
5626,775511,19
5627,775531,19
5628,775551,19
5629,775571,19
5630,775591,19
5631,775611,19
5632,775631,19
5633,775651,22
5634,775674,18
5635,775693,28
5636,775722,23
5637,775746,27
5638,775774,18
5639,775793,18
5640,775812,18
5641,775831,19
5642,775851,20
5643,775872,73
5644,775946,28
5645,775975,18
5646,775994,18
5647,776013,18
5648,776032,19
5649,776052,19
5650,776072,23
5651,776096,19
5652,776116,19
5653,776136,19
5654,776156,38
5655,776195,19
5656,776215,19
5657,776235,19
5658,776255,19
5659,776275,32
5660,776308,19
5661,776328,31
5662,776360,32
5663,776393,18
5664,776412,18
5665,776431,18
5666,776450,18
5667,776469,18
5668,776488,18
5669,776507,18
5670,776526,19
5671,776546,19
5672,776566,19
5673,776586,19
5674,776606,29
5675,776636,29
5676,776666,18
5677,776685,29
5678,776715,19
5679,776735,19
5680,776755,24
5681,776780,19
5682,776800,19
5683,776820,28
5684,776849,28
5685,776878,19
5686,776898,18
5687,776917,18
5688,776936,19
5689,776956,19
5690,776976,19
5691,776996,19
5692,777016,20
5693,777037,23
5694,777061,18
5695,777080,18
5696,777099,28
5697,777128,34
5698,777163,25
5699,777189,18
5700,777208,19
5701,777228,47
5702,777276,33
5703,777310,92
5704,777403,51
5705,777455,39
5706,777495,19
5707,777515,19
5708,777535,138
5709,777674,19
5710,777694,37
5711,777732,36
5712,777769,19
5713,777789,19
5714,777809,23
5715,777833,19
5716,777853,19
5717,777873,19
5718,777893,28
5719,777922,19
5720,777942,19
5721,777962,27
5722,777990,18
5723,778009,19
5724,778029,19
5725,778049,42
5726,778092,38
5727,778131,74
5728,778206,19
5729,778226,29
5730,778256,88
5731,778345,18
5732,778364,18
5733,778383,18
5734,778402,28
5735,778431,19
5736,778451,19
5737,778471,18
5738,778490,18
5739,778509,18
5740,778528,28
5741,778557,89
5742,778647,33
5743,778681,19
5744,778701,29
5745,778731,19
5746,778751,19
5747,778771,19
5748,778791,19
5749,778811,37
5750,778849,19
5751,778869,19
5752,778889,19
5753,778909,20
5754,778930,18
5755,778949,18
5756,778968,18
5757,778987,37
5758,779025,18
5759,779044,21
5760,779066,18
5761,779085,19
5762,779105,28
5763,779134,19
5764,779154,97
5765,779252,47
5766,779300,28
5767,779329,18
5768,779348,18
5769,779367,25
5770,779393,51
5771,779445,47
5772,779493,30
5773,779524,18
5774,779543,18
5775,779562,19
5776,779582,19
5777,779602,19
5778,779622,19
5779,779642,19
5780,779662,19
5781,779682,28
5782,779711,19
5783,779731,76
5784,779808,19
5785,779828,33
5786,779862,37
5787,779900,18
5788,779919,21
5789,779941,18
5790,779960,30
5791,779991,22
5792,780014,38
5793,780053,19
5794,780073,19
5795,780093,29
5796,780123,24
5797,780148,36
5798,780185,34
5799,780220,24
5800,780245,19
5801,780265,29
5802,780295,23
5803,780319,19
5804,780339,19
5805,780359,19
5806,780379,19
5807,780399,18
5808,780418,34
5809,780453,18
5810,780472,93
5811,780566,22
5812,780589,33
5813,780623,23
5814,780647,19
5815,780667,19
5816,780687,19
5817,780707,19
5818,780727,19
5819,780747,38
5820,780786,19
5821,780806,19
5822,780826,23
5823,780850,25
5824,780876,18
5825,780895,18
5826,780914,18
5827,780933,18
5828,780952,18
5829,780971,18
5830,780990,18
5831,781009,18
5832,781028,18
5833,781047,18
5834,781066,19
5835,781086,19
5836,781106,19
5837,781126,19
5838,781146,19
5839,781166,18
5840,781185,18
5841,781204,29
5842,781234,19
5843,781254,90
5844,781345,18
5845,781364,18
5846,781383,19
5847,781403,28
5848,781432,48
5849,781481,19
5850,781501,28
5851,781530,28
5852,781559,27
5853,781587,23
5854,781611,19
5855,781631,19
5856,781651,28
5857,781680,58
5858,781739,29
5859,781769,19
5860,781789,80
5861,781870,19
5862,781890,19
5863,781910,19
5864,781930,19
5865,781950,28
5866,781979,19
5867,781999,19
5868,782019,19
5869,782039,54
5870,782094,85
5871,782180,27
5872,782208,18
5873,782227,18
5874,782246,18
5875,782265,18
5876,782284,27
5877,782312,19
5878,782332,19
5879,782352,19
5880,782372,18
5881,782391,18
5882,782410,28
5883,782439,18
5884,782458,18
5885,782477,53
5886,782531,18
5887,782550,18
5888,782569,71
5889,782641,97
5890,782739,19
5891,782759,29
5892,782789,18
5893,782808,18
5894,782827,18
5895,782846,19
5896,782866,18
5897,782885,27
5898,782913,33
5899,782947,36
5900,782984,18
5901,783003,23
5902,783027,19
5903,783047,19
5904,783067,27
5905,783095,19
5906,783115,19
5907,783135,24
5908,783160,18
5909,783179,196
5910,783376,19
5911,783396,19
5912,783416,29
5913,783446,19
5914,783466,29
5915,783496,38
5916,783535,18
5917,783554,27
5918,783582,31
5919,783614,18
5920,783633,18
5921,783652,18
5922,783671,31
5923,783703,29
5924,783733,19
5925,783753,19
5926,783773,18
5927,783792,18
5928,783811,27
5929,783839,18
5930,783858,18
5931,783877,38
5932,783916,23
5933,783940,34
5934,783975,18
5935,783994,24
5936,784019,27
5937,784047,19
5938,784067,19
5939,784087,38
5940,784126,19
5941,784146,687
5942,784834,18
5943,784853,18
5944,784872,76
5945,784949,38
5946,784988,19
5947,785008,19
5948,785028,19
5949,785048,77
5950,785126,67
5951,785194,19
5952,785214,19
5953,785234,19
5954,785254,22
5955,785277,18
5956,785296,18
5957,785315,28
5958,785344,19
5959,785364,48
5960,785413,29
5961,785443,162
5962,785606,19
5963,785626,70
5964,785697,77
5965,785775,167
5966,785943,27
5967,785971,18
5968,785990,19
5969,786010,19
5970,786030,50
5971,786081,18
5972,786100,18
5973,786119,22
5974,786142,19
5975,786162,37
5976,786200,19
5977,786220,19
5978,786240,19
5979,786260,18
5980,786279,18
5981,786298,18
5982,786317,19
5983,786337,19
5984,786357,20
5985,786378,19
5986,786398,19
5987,786418,18
5988,786437,22
5989,786460,18
5990,786479,26
5991,786506,23
5992,786530,19
5993,786550,18
5994,786569,18
5995,786588,18
5996,786607,32
5997,786640,19
5998,786660,58
5999,786719,19
6000,786739,21
6001,786761,18
6002,786780,18
6003,786799,18
6004,786818,28
6005,786847,18
6006,786866,18
6007,786885,19
6008,786905,19
6009,786925,19
6010,786945,19
6011,786965,19
6012,786985,23
6013,787009,150
6014,787160,28
6015,787189,38
6016,787228,21
6017,787250,18
6018,787269,27
6019,787297,49
6020,787347,29
6021,787377,19
6022,787397,63
6023,787461,19
6024,787481,109
6025,787591,109
6026,787701,36
6027,787738,18
6028,787757,19
6029,787777,32
6030,787810,18
6031,787829,19
6032,787849,40
6033,787890,19
6034,787910,27
6035,787938,35
6036,787974,18
6037,787993,19
6038,788013,19
6039,788033,29
6040,788063,19
6041,788083,19
6042,788103,19
6043,788123,80
6044,788204,29
6045,788234,19
6046,788254,48
6047,788303,21
6048,788325,18
6049,788344,29
6050,788374,37
6051,788412,40
6052,788453,27
6053,788481,18
6054,788500,19
6055,788520,19
6056,788540,23
6057,788564,23
6058,788588,19
6059,788608,36
6060,788645,19
6061,788665,59
6062,788725,19
6063,788745,23
6064,788769,33
6065,788803,18
6066,788822,35
6067,788858,18
6068,788877,38
6069,788916,21
6070,788938,18
6071,788957,18
6072,788976,18
6073,788995,18
6074,789014,19
6075,789034,18
6076,789053,32
6077,789086,63
6078,789150,19
6079,789170,19
6080,789190,19
6081,789210,19
6082,789230,19
6083,789250,19
6084,789270,19
6085,789290,23
6086,789314,20
6087,789335,27
6088,789363,27
6089,789391,19
6090,789411,18
6091,789430,18
6092,789449,18
6093,789468,18
6094,789487,18
6095,789506,18
6096,789525,18
6097,789544,24
6098,789569,40
6099,789610,28
6100,789639,19
6101,789659,24
6102,789684,28
6103,789713,18
6104,789732,18
6105,789751,19
6106,789771,19
6107,789791,32
6108,789824,29
6109,789854,18
6110,789873,18
6111,789892,19
6112,789912,19
6113,789932,19
6114,789952,29
6115,789982,19
6116,790002,19
6117,790022,29
6118,790052,29
6119,790082,18
6120,790101,19
6121,790121,20
6122,790142,19
6123,790162,19
6124,790182,19
6125,790202,19
6126,790222,19
6127,790242,19
6128,790262,18
6129,790281,19
6130,790301,19
6131,790321,19
6132,790341,34
6133,790376,18
6134,790395,18
6135,790414,19
6136,790434,18
6137,790453,18
6138,790472,18
6139,790491,18
6140,790510,18
6141,790529,19
6142,790549,19
6143,790569,19
6144,790589,19
6145,790609,19
6146,790629,19
6147,790649,23
6148,790673,19
6149,790693,19
6150,790713,19
6151,790733,19
6152,790753,19
6153,790773,19
6154,790793,19
6155,790813,19
6156,790833,44
6157,790878,19
6158,790898,27
6159,790926,27
6160,790954,27
6161,790982,18
6162,791001,20
6163,791022,18
6164,791041,19
6165,791061,20
6166,791082,20
6167,791103,20
6168,791124,18
6169,791143,18
6170,791162,18
6171,791181,18
6172,791200,22
6173,791223,19
6174,791243,21
6175,791265,23
6176,791289,19
6177,791309,19
6178,791329,28
6179,791358,19
6180,791378,19
6181,791398,19
6182,791418,19
6183,791438,19
6184,791458,19
6185,791478,27
6186,791506,18
6187,791525,18
6188,791544,28
6189,791573,29
6190,791603,18
6191,791622,18
6192,791641,18
6193,791660,19
6194,791680,19
6195,791700,19
6196,791720,18
6197,791739,19
6198,791759,18
6199,791778,18
6200,791797,18
6201,791816,18
6202,791835,18
6203,791854,19
6204,791874,19
6205,791894,19
6206,791914,19
6207,791934,19
6208,791954,19
6209,791974,18
6210,791993,18
6211,792012,18
6212,792031,28
6213,792060,19
6214,792080,19
6215,792100,63
6216,792164,32
6217,792197,19
6218,792217,19
6219,792237,28
6220,792266,47
6221,792314,23
6222,792338,28
6223,792367,28
6224,792396,23
6225,792420,18
6226,792439,18
6227,792458,18
6228,792477,33
6229,792511,19
6230,792531,19
6231,792551,19
6232,792571,23
6233,792595,18
6234,792614,18
6235,792633,29
6236,792663,19
6237,792683,19
6238,792703,18
6239,792722,19
6240,792742,20
6241,792763,20
6242,792784,21
6243,792806,19
6244,792826,19
6245,792846,31
6246,792878,19
6247,792898,19
6248,792918,19
6249,792938,19
6250,792958,19
6251,792978,18
6252,792997,23
6253,793021,27
6254,793049,18
6255,793068,18
6256,793087,18
6257,793106,18
6258,793125,18
6259,793144,18
6260,793163,18
6261,793182,18
6262,793201,18
6263,793220,51
6264,793272,18
6265,793291,18
6266,793310,18
6267,793329,21
6268,793351,19
6269,793371,23
6270,793395,19
6271,793415,19
6272,793435,29
6273,793465,18
6274,793484,18
6275,793503,18
6276,793522,19
6277,793542,19
6278,793562,28
6279,793591,29
6280,793621,30
6281,793652,18
6282,793671,18
6283,793690,27
6284,793718,19
6285,793738,63
6286,793802,28
6287,793831,18
6288,793850,19
6289,793870,19
6290,793890,19
6291,793910,19
6292,793930,19
6293,793950,23
6294,793974,46
6295,794021,28
6296,794050,34
6297,794085,18
6298,794104,18
6299,794123,19
6300,794143,19
6301,794163,23
6302,794187,18
6303,794206,19
6304,794226,29
6305,794256,19
6306,794276,18
6307,794295,19
6308,794315,19
6309,794335,47
6310,794383,18
6311,794402,18
6312,794421,19
6313,794441,19
6314,794461,18
6315,794480,18
6316,794499,18
6317,794518,28
6318,794547,20
6319,794568,18
6320,794587,18
6321,794606,18
6322,794625,18
6323,794644,27
6324,794672,32
6325,794705,18
6326,794724,18
6327,794743,18
6328,794762,21
6329,794784,27
6330,794812,19
6331,794832,18
6332,794851,19
6333,794871,19
6334,794891,19
6335,794911,19
6336,794931,32
6337,794964,43
6338,795008,19
6339,795028,19
6340,795048,32
6341,795081,29
6342,795111,29
6343,795141,19
6344,795161,25
6345,795187,18
6346,795206,18
6347,795225,27
6348,795253,18
6349,795272,18
6350,795291,18
6351,795310,51
6352,795362,27
6353,795390,59
6354,795450,29
6355,795480,42
6356,795523,18
6357,795542,29
6358,795572,19
6359,795592,28
6360,795621,37
6361,795659,19
6362,795679,31
6363,795711,18
6364,795730,18
6365,795749,18
6366,795768,26
6367,795795,18
6368,795814,19
6369,795834,36
6370,795871,18
6371,795890,18
6372,795909,21
6373,795931,18
6374,795950,36
6375,795987,19
6376,796007,19
6377,796027,19
6378,796047,19
6379,796067,18
6380,796086,33
6381,796120,19
6382,796140,18
6383,796159,18
6384,796178,35
6385,796214,19
6386,796234,19
6387,796254,29
6388,796284,21
6389,796306,18
6390,796325,28
6391,796354,23
6392,796378,19
6393,796398,18
6394,796417,18
6395,796436,18
6396,796455,19
6397,796475,19
6398,796495,19
6399,796515,19
6400,796535,19
6401,796555,18
6402,796574,18
6403,796593,23
6404,796617,39
6405,796657,18
6406,796676,18
6407,796695,18
6408,796714,19
6409,796734,28
6410,796763,18
6411,796782,19
6412,796802,19
6413,796822,19
6414,796842,19
6415,796862,18
6416,796881,18
6417,796900,18
6418,796919,19
6419,796939,23
6420,796963,18
6421,796982,18
6422,797001,18
6423,797020,18
6424,797039,19
6425,797059,18
6426,797078,18
6427,797097,19
6428,797117,19
6429,797137,19
6430,797157,28
6431,797186,28
6432,797215,29
6433,797245,19
6434,797265,27
6435,797293,18
6436,797312,18
6437,797331,18
6438,797350,18
6439,797369,18
6440,797388,18
6441,797407,18
6442,797426,18
6443,797445,18
6444,797464,41
6445,797506,18
6446,797525,18
6447,797544,18
6448,797563,18
6449,797582,18
6450,797601,18
6451,797620,18
6452,797639,18
6453,797658,18
6454,797677,18
6455,797696,19
6456,797716,18
6457,797735,18
6458,797754,18
6459,797773,18
6460,797792,26
6461,797819,23
6462,797843,24
6463,797868,18
6464,797887,18
6465,797906,18
6466,797925,18
6467,797944,19
6468,797964,19
6469,797984,24
6470,798009,36
6471,798046,18
6472,798065,18
6473,798084,19
6474,798104,19
6475,798124,19
6476,798144,19
6477,798164,18
6478,798183,19
6479,798203,19
6480,798223,18
6481,798242,18
6482,798261,18
6483,798280,18
6484,798299,18
6485,798318,18
6486,798337,18
6487,798356,18
6488,798375,18
6489,798394,18
6490,798413,19
6491,798433,19
6492,798453,19
6493,798473,18
6494,798492,18
6495,798511,18
6496,798530,18
6497,798549,18
6498,798568,18
6499,798587,18
6500,798606,19
6501,798626,19
6502,798646,19
6503,798666,19
6504,798686,19
6505,798706,19
6506,798726,19
6507,798746,19
6508,798766,18
6509,798785,18
6510,798804,18
6511,798823,19
6512,798843,18
6513,798862,18
6514,798881,19
6515,798901,29
6516,798931,19
6517,798951,19
6518,798971,22
6519,798994,18
6520,799013,18
6521,799032,18
6522,799051,18
6523,799070,18
6524,799089,18
6525,799108,19
6526,799128,19
6527,799148,19
6528,799168,19
6529,799188,19
6530,799208,18
6531,799227,18
6532,799246,18
6533,799265,18
6534,799284,18
6535,799303,18
6536,799322,18
6537,799341,18
6538,799360,19
6539,799380,19
6540,799400,19
6541,799420,19
6542,799440,19
6543,799460,19
6544,799480,19
6545,799500,22
6546,799523,18
6547,799542,28
6548,799571,18
6549,799590,18
6550,799609,18
6551,799628,18
6552,799647,18
6553,799666,28
6554,799695,18
6555,799714,19
6556,799734,19
6557,799754,29
6558,799784,28
6559,799813,18
6560,799832,20
6561,799853,18
6562,799872,18
6563,799891,19
6564,799911,19
6565,799931,19
6566,799951,19
6567,799971,19
6568,799991,19
6569,800011,18
6570,800030,22
6571,800053,18
6572,800072,18
6573,800091,19
6574,800111,18
6575,800130,19
6576,800150,18
6577,800169,18
6578,800188,18
6579,800207,18
6580,800226,18
6581,800245,18
6582,800264,18
6583,800283,23
6584,800307,18
6585,800326,18
6586,800345,18
6587,800364,18
6588,800383,19
6589,800403,19
6590,800423,19
6591,800443,19
6592,800463,19
6593,800483,19
6594,800503,19
6595,800523,19
6596,800543,19
6597,800563,33
6598,800597,18
6599,800616,19
6600,800636,20
6601,800657,20
6602,800678,18
6603,800697,18
6604,800716,18
6605,800735,19
6606,800755,18
6607,800774,25
6608,800800,19
6609,800820,19
6610,800840,19
6611,800860,18
6612,800879,19
6613,800899,51
6614,800951,94
6615,801046,85
6616,801132,18
6617,801151,18
6618,801170,19
6619,801190,19
6620,801210,19
6621,801230,19
6622,801250,24
6623,801275,19
6624,801295,22
6625,801318,20
6626,801339,18
6627,801358,18
6628,801377,22
6629,801400,24
6630,801425,18
6631,801444,21
6632,801466,18
6633,801485,18
6634,801504,48
6635,801553,18
6636,801572,18
6637,801591,20
6638,801612,18
6639,801631,18
6640,801650,18
6641,801669,18
6642,801688,18
6643,801707,20
6644,801728,18
6645,801747,20
6646,801768,20
6647,801789,18
6648,801808,19
6649,801828,18
6650,801847,18
6651,801866,18
6652,801885,19
6653,801905,18
6654,801924,18
6655,801943,18
6656,801962,18
6657,801981,22
6658,802004,18
6659,802023,18
6660,802042,18
6661,802061,19
6662,802081,19
6663,802101,19
6664,802121,19
6665,802141,19
6666,802161,19
6667,802181,19
6668,802201,19
6669,802221,19
6670,802241,19
6671,802261,19
6672,802281,19
6673,802301,19
6674,802321,19
6675,802341,24
6676,802366,21
6677,802388,18
6678,802407,18
6679,802426,19
6680,802446,19
6681,802466,19
6682,802486,21
6683,802508,18
6684,802527,18
6685,802546,18
6686,802565,22
6687,802588,28
6688,802617,18
6689,802636,18
6690,802655,18
6691,802674,39
6692,802714,19
6693,802734,19
6694,802754,21
6695,802776,18
6696,802795,18
6697,802814,19
6698,802834,19
6699,802854,19
6700,802874,18
6701,802893,18
6702,802912,18
6703,802931,18
6704,802950,18
6705,802969,19
6706,802989,19
6707,803009,19
6708,803029,23
6709,803053,19
6710,803073,19
6711,803093,20
6712,803114,18
6713,803133,19
6714,803153,19
6715,803173,19
6716,803193,18
6717,803212,18
6718,803231,18
6719,803250,18
6720,803269,19
6721,803289,19
6722,803309,19
6723,803329,18
6724,803348,18
6725,803367,33
6726,803401,18
6727,803420,19
6728,803440,19
6729,803460,20
6730,803481,21
6731,803503,22
6732,803526,23
6733,803550,23
6734,803574,19
6735,803594,31
6736,803626,19
6737,803646,19
6738,803666,19
6739,803686,19
6740,803706,23
6741,803730,19
6742,803750,19
6743,803770,19
6744,803790,19
6745,803810,19
6746,803830,21
6747,803852,18
6748,803871,18
6749,803890,18
6750,803909,19
6751,803929,18
6752,803948,43
6753,803992,18
6754,804011,18
6755,804030,24
6756,804055,24
6757,804080,24
6758,804105,19
6759,804125,19
6760,804145,19
6761,804165,19
6762,804185,19
6763,804205,19
6764,804225,27
6765,804253,19
6766,804273,24
6767,804298,21
6768,804320,19
6769,804340,23
6770,804364,19
6771,804384,20
6772,804405,18
6773,804424,18
6774,804443,39
6775,804483,20
6776,804504,36
6777,804541,18
6778,804560,23
6779,804584,19
6780,804604,19
6781,804624,19
6782,804644,19
6783,804664,18
6784,804683,19
