1,221,330:1,3,1,12,24;2,1,89;3,1,63;4,1,64;5,1,55;6,1,146;7,1,237;8,1,46;9,1,117;10,1,54;11,1,195;12,1,199;13,2,15,31;14,1,19;15,1,106;16,1,129;17,1,32;18,2,2,15;19,1,137;20,3,1,12,30;21,2,179,244;22,1,324;23,1,110;24,1,147;25,1,175;26,1,146;27,2,48,89;28,1,25;29,1,189;30,1,36;31,1,67;32,1,21;33,1,176;34,1,262;35,1,120;36,2,41,107;37,1,32;38,2,229,248;39,1,124;40,1,98;41,2,64,99;42,1,33;43,1,215;44,2,1,14;45,1,214;46,3,47,145,170;47,2,105,222;48,1,211;49,1,68;50,2,255,267;51,2,93,188;52,1,361;53,1,227;54,1,82;55,1,133;56,1,323;57,1,154;58,1,186;59,4,159,193,241,259;60,1,32;61,1,101;62,3,2,18,34;63,1,205;64,1,220;65,3,2,12,32;66,1,75;67,1,86;68,1,248;69,1,131;70,1,39;71,1,87;72,1,27;73,1,294;74,1,146;75,2,91,620;76,1,73;77,2,220,254;78,1,43;79,2,1,17;80,3,2,9,305;81,1,51;82,2,106,194;83,1,13;84,1,114;85,1,78;86,1,87;87,1,153;88,3,2,19,36;89,1,96;90,1,69;91,1,114;92,2,28,93;93,2,124,131;94,1,16;95,2,2,18;96,1,138;97,2,2,19;98,1,126;99,1,136;100,1,177;101,1,159;102,2,40,133;103,1,34;104,2,68,73;105,1,59;106,1,22;107,1,194;108,3,36,46,240;109,2,138,155;110,1,117;111,2,3,15;112,1,145;113,1,62;114,1,45;115,1,158;116,1,23;117,1,41;118,1,152;119,2,51,154;120,3,34,67,300;121,1,235;122,1,120;123,3,4,17,94;124,2,1,16;125,2,113,169;126,1,180;127,2,1,15;128,1,135;129,1,99;130,2,2,16;131,4,63,211,347,378;132,1,255;133,1,31;134,1,43;135,1,59;136,1,53;137,1,82;138,1,148;139,1,46;140,1,44;141,1,116;142,1,11;143,1,84;144,2,3,27;145,2,113,127;146,2,145,150;147,1,31;148,1,123;149,1,62;150,1,164;151,3,253,302,322;152,4,30,61,129,167;153,2,90,197;154,1,59;155,2,298,326;156,1,312;157,1,62;158,1,107;159,1,60;160,1,65;161,1,122;162,1,117;163,1,57;164,1,123;165,1,36;166,3,26,84,101;167,3,1,30,136;168,3,175,234,241;169,3,2,10,22;170,2,186,205;171,1,206;172,3,1,19,41;173,1,143;174,1,224;175,2,1,27;176,1,211;177,2,85,113;178,1,39;179,1,319;180,1,114;181,1,175;182,5,3,22,87,123,129;183,1,44;184,1,156;185,1,175;186,2,1,11;187,4,2,12,21,115;188,3,1,29,57;189,3,1,31,142;190,2,78,102;191,2,16,101;192,1,72;193,1,231;194,2,1,9;195,1,76;196,1,93;197,2,49,56;198,1,205;199,2,1,15;200,1,139;201,1,123;202,1,162;203,1,108;204,3,77,307,436;205,2,21,48;206,2,70,78;207,1,144;208,4,5,19,55,102;209,1,88;210,2,21,88;211,1,24;212,1,14;213,1,118;214,1,119;215,1,86;216,1,127;217,2,83,138;218,4,11,33,84,285;219,1,36;220,4,1,9,18,152;221,1,233
2,150,249:1,2,2,13;222,1,136;223,2,36,313;5,2,2,14;7,1,238;8,2,3,15;224,1,157;225,2,2,16;226,3,1,13,28;227,1,105;228,2,1,14;18,1,50;19,1,19;229,1,20;230,1,44;231,3,2,27,198;20,3,2,13,31;232,3,2,12,26;233,1,20;234,3,2,10,18;235,1,28;236,2,2,13;237,1,65;238,1,249;34,1,263;36,1,42;239,3,1,30,60;37,1,33;38,2,31,177;40,1,14;42,2,1,17;43,2,31,160;44,2,2,15;47,1,52;240,4,1,15,30,72;48,1,94;241,1,42;51,1,27;52,1,63;242,1,14;243,1,26;53,2,12,70;55,2,28,126;56,1,159;244,1,28;245,3,1,14,48;60,1,33;246,1,45;61,1,102;247,2,2,20;248,1,50;249,1,79;250,1,61;71,2,2,18;251,1,38;79,1,57;252,1,184;253,1,55;88,4,3,20,37,114;254,2,2,9;255,1,38;97,2,3,20;98,1,64;256,1,49;257,2,40,142;258,1,24;102,3,41,134,141;105,1,120;259,2,8,16;260,1,15;111,2,4,16;116,1,24;261,1,64;120,2,35,83;262,1,60;124,2,65,90;125,1,170;263,2,1,18;129,1,163;130,2,3,17;264,1,30;138,1,52;139,1,47;140,2,45,215;265,1,36;266,2,2,13;267,1,74;268,1,50;144,3,4,28,98;269,1,53;270,5,1,16,32,63,139;153,2,1,27;271,4,1,27,54,130;272,4,1,26,52,140;154,1,60;273,2,58,299;274,2,62,219;275,1,68;276,1,56;277,2,24,202;278,3,2,29,56;156,4,42,157,306,322;157,3,63,101,127;162,1,122;279,2,31,63;280,2,2,30;281,2,2,26;167,2,2,31;169,1,23;282,2,42,83;283,3,103,160,200;284,2,2,31;285,1,43;172,2,42,148;286,2,4,12;287,3,2,29,56;288,3,2,35,68;289,3,2,13,31;290,2,1,21;291,2,1,28;175,2,2,28;292,1,178;182,2,4,23;293,1,47;183,1,45;294,1,62;189,2,2,32;295,1,42;296,2,4,8;196,1,94;297,1,36;298,1,80;198,2,73,144;203,2,1,17;205,1,22;299,1,141;207,2,2,27;300,1,63;301,1,41;212,1,17;302,2,1,6;303,1,83;304,1,36;305,1,44;218,1,85;306,2,42,293;307,1,66;308,2,1,18;219,1,37;220,1,53
3,19,26:1,2,5,16;2,1,21;309,2,5,10;53,1,107;56,1,28;310,1,59;311,1,98;312,1,91;313,2,6,20;314,2,19,38;315,1,90;85,1,132;103,1,39;138,2,126,136;151,1,236;153,2,5,31;165,2,85,137;316,1,28;317,1,42
4,130,448:1,4,8,19,28,56;318,2,110,132;319,1,118;8,3,11,23,33;320,3,5,11,24;11,6,12,26,31,82,223,276;13,4,66,86,117,197;321,3,131,143,154;16,1,83;322,3,68,131,197;19,2,159,196;323,1,206;324,3,12,24,36;325,3,82,87,213;326,2,77,132;44,1,123;45,1,28;46,4,13,27,70,85;327,4,8,19,81,245;328,6,8,25,53,78,85,114;48,1,175;329,2,81,184;241,10,16,36,62,83,121,136,159,161,181,251;55,4,38,68,108,177;330,1,75;56,3,275,284,337;331,2,7,17;332,1,218;58,5,11,25,45,116,166;333,2,109,131;246,4,17,37,114,149;334,1,133;335,1,65;247,2,50,115;62,1,125;336,5,8,27,43,76,108;312,1,75;337,1,64;338,3,43,96,109;313,9,10,24,37,71,85,113,170,189,202;339,1,65;340,3,8,19,37;341,1,132;342,1,215;343,1,122;95,3,75,128,152;344,13,11,18,31,38,48,63,111,141,175,189,203,212,228;256,16,16,39,69,85,110,181,208,222,231,275,324,355,363,372,396,406;257,7,4,13,22,31,62,81,86;102,1,109;103,4,119,125,132,221;106,3,62,142,167;345,1,130;111,4,11,23,44,101;346,1,64;119,6,1,14,27,123,143,215;347,4,15,32,39,90;348,1,45;349,4,14,31,162,183;350,2,200,207;134,1,139;351,3,31,112,247;137,1,87;352,1,107;140,2,100,256;265,7,12,29,71,97,118,127,222;266,5,4,15,28,39,110;353,3,10,23,41;270,12,8,23,57,92,107,131,176,188,206,220,344,387;354,1,67;148,2,105,235;355,1,74;356,2,180,238;357,4,7,15,30,55;358,4,7,15,23,57;359,1,50;360,7,17,46,74,124,146,215,248;271,2,75,190;272,3,82,203,214;154,4,98,117,165,184;273,5,88,108,321,343,393;274,13,8,19,38,49,85,96,138,174,232,258,268,296,307;361,6,6,16,46,61,74,157;362,2,45,105;363,2,55,67;364,1,71;276,4,63,111,144,196;278,3,21,48,127;156,5,82,85,152,249,252;365,1,51;279,2,77,140;366,2,61,107;367,4,10,21,41,110;368,7,5,11,24,67,76,99,114;369,3,23,53,119;280,5,10,38,68,250,354;370,3,13,28,74;371,2,12,33;170,3,58,114,168;372,4,15,35,55,117;373,1,90;374,5,8,23,40,50,157;375,9,7,25,45,88,121,209,228,251,297;376,1,64;284,3,29,58,141;285,8,17,37,71,139,260,278,298,349;172,1,142;377,7,6,19,41,69,91,102,146;287,1,132;288,3,24,57,93;289,3,230,232,322;378,4,8,27,41,48;379,5,13,26,38,56,62;380,1,26;381,3,9,22,37;382,2,33,97;317,4,116,141,175,199;383,2,40,115;384,4,13,31,56,253;385,3,8,19,34;386,5,15,30,50,79,119;387,3,6,16,35;388,4,98,149,162,190;201,6,7,19,49,76,90,117;202,10,12,31,93,98,115,128,169,172,197,200;203,1,72;389,2,46,169;303,7,7,16,34,43,65,74,169;304,1,66;390,3,1,28,65
5,4,20:1,6,11,22,32,48,63,104;91,1,70;103,6,112,114,137,147,169,195;108,7,44,54,68,78,128,133,145
6,102,154:1,1,25;391,2,31,86;222,1,35;2,1,94;4,1,23;6,1,195;7,2,4,19;392,1,93;393,1,24;394,1,35;227,3,13,38,145;17,3,2,16,30;395,1,20;228,1,240;18,2,3,16;396,1,273;233,1,52;27,1,106;235,1,51;397,1,162;398,2,219,280;34,1,48;35,2,6,21;399,1,24;400,2,2,14;240,2,41,128;329,3,2,23,103;53,2,207,225;54,1,44;401,2,3,10;62,3,3,19,35;402,1,163;403,1,46;67,2,1,24;313,3,3,17,31;404,1,38;405,1,100;406,1,22;77,1,255;83,1,125;407,1,134;253,1,186;408,1,155;409,1,133;410,1,32;95,2,3,19;96,4,2,19,37,84;411,1,22;104,1,194;412,2,2,14;106,1,23;413,1,50;414,1,27;415,1,38;416,1,49;417,1,27;123,2,5,18;124,2,2,17;418,2,3,27;128,1,93;131,1,194;419,1,10;132,2,45,135;420,1,45;421,1,55;422,2,2,13;423,2,70,229;141,2,2,14;424,1,202;357,1,25;273,1,75;425,3,1,13,64;426,3,2,22,42;161,1,75;280,1,58;427,1,35;166,1,27;428,1,15;169,2,3,11;170,1,212;285,2,2,22;172,3,2,20,65;286,1,88;186,2,2,12;187,1,43;429,1,43;430,2,2,22;431,1,63;297,1,20;432,1,18;433,1,18;198,3,57,117,141;199,2,2,16;200,1,105;204,1,380;434,2,19,69;300,2,1,16;301,1,43;435,3,2,20,38;216,1,20;390,4,3,30,56,276;308,1,79
7,7,34:1,1,31;11,8,8,22,106,119,139,167,234,272;19,5,6,14,36,97,102;436,1,62;240,3,37,117,214;437,12,1,4,16,45,133,154,171,188,230,245,250,291;103,4,89,111,136,194
8,261,332:1,2,34,143;438,1,86;223,2,52,264;439,1,24;318,1,39;319,2,194,309;440,1,146;441,1,60;442,1,42;443,2,147,182;13,1,181;394,1,37;227,1,177;444,1,23;445,1,64;17,1,45;395,1,22;18,1,30;446,1,91;19,1,21;229,1,22;230,1,46;231,1,176;396,1,24;447,1,55;448,1,62;23,1,107;449,1,116;450,1,36;451,2,40,132;452,1,83;453,1,181;454,1,47;235,1,53;236,2,36,56;455,1,75;456,1,114;457,1,19;29,1,229;458,1,146;31,1,35;32,1,140;459,1,100;460,1,80;34,2,94,215;461,1,216;36,1,133;462,2,21,66;38,2,35,205;40,1,16;399,2,26,134;42,1,127;43,2,35,178;463,1,45;45,1,182;400,1,356;464,2,106,117;327,5,26,51,197,230,274;48,2,78,236;49,1,71;329,2,58,153;241,1,45;465,1,225;52,1,275;243,1,28;53,1,15;401,2,63,137;55,1,45;310,1,94;466,1,29;311,2,102,328;60,1,150;334,1,149;61,1,27;247,1,46;62,1,38;248,1,42;467,1,38;249,1,29;468,1,46;403,1,67;67,1,50;336,1,116;250,3,37,66,79;313,1,33;314,1,144;469,1,271;470,1,43;471,1,56;73,2,168,281;472,1,101;74,1,149;473,2,126,394;474,1,85;475,2,100,137;476,1,96;406,1,24;77,1,160;477,1,30;83,1,67;84,1,102;85,1,59;478,1,261;479,1,55;87,1,24;480,2,64,191;481,1,76;482,1,137;483,1,34;484,1,65;255,1,110;485,1,44;486,1,38;487,1,20;488,1,112;410,1,34;489,1,166;93,1,73;96,3,54,91,163;490,1,113;256,1,52;102,2,44,165;491,1,107;492,1,89;106,2,26,49;493,1,113;260,1,37;494,1,182;495,1,130;496,1,45;497,1,116;498,1,96;261,1,32;416,1,47;499,1,104;500,1,132;501,2,46,100;502,1,107;503,1,59;349,2,84,117;129,1,50;130,1,161;504,1,159;505,1,114;419,1,13;132,1,37;506,1,73;507,1,62;508,1,56;509,1,33;134,2,39,108;351,1,140;510,1,32;511,1,26;420,1,38;512,2,94,149;513,1,59;138,1,121;139,1,50;140,3,47,83,103;423,4,73,142,218,325;514,1,164;515,1,109;516,2,220,260;145,1,133;147,1,53;149,1,77;150,1,56;517,1,215;152,1,133;271,2,64,90;272,2,67,102;154,2,62,100;273,3,73,105,251;274,1,74;518,1,223;277,1,26;278,2,58,163;156,1,140;157,1,117;425,1,28;519,2,153,346;520,1,75;521,1,68;522,3,24,65,78;426,1,44;523,1,126;367,1,46;165,1,141;369,1,131;280,2,61,344;166,2,29,91;428,1,17;370,1,97;524,1,130;170,2,109,210;283,2,84,203;525,1,130;373,1,46;316,1,174;375,2,199,283;376,1,53;285,2,46,286;526,1,111;527,1,24;172,1,173;528,1,100;529,1,52;287,4,66,86,113,159;530,2,67,72;289,2,32,315;531,1,91;178,1,86;179,1,343;180,1,109;181,1,147;183,1,47;184,1,65;186,2,44,96;295,1,108;532,1,70;190,1,88;430,1,45;533,1,38;297,2,17,40;534,1,62;432,1,25;535,1,52;382,1,133;433,1,20;536,3,120,144,184;298,2,16,58;199,2,32,116;384,1,216;388,1,57;537,1,116;202,1,157;204,2,208,244;389,1,64;205,1,40;434,1,21;538,1,86;539,1,109;213,2,20,73;435,1,40;540,1,16;303,1,57;304,1,38;305,1,65;216,1,23;541,1,174;542,1,53;543,1,125;544,1,113;545,1,113;390,1,58;306,2,45,285;307,1,69;219,2,40,99;220,2,24,130;546,1,51
9,133,191:1,1,36;319,1,265;309,1,43;392,1,147;443,1,388;321,1,125;228,1,104;547,1,174;20,1,147;548,1,90;549,4,137,198,356,389;22,1,181;550,1,43;551,2,108,144;25,1,98;27,1,212;453,3,52,88,93;552,1,67;553,1,31;554,1,286;555,1,269;397,5,78,82,109,172,314;459,1,51;398,1,43;33,1,158;41,1,175;556,1,62;557,2,23,148;437,2,141,267;55,1,47;558,1,48;56,1,360;58,1,56;559,3,5,18,30;560,3,46,149,160;59,6,3,17,31,113,151,314;561,1,36;562,2,2,15;403,1,286;66,1,69;67,1,144;563,2,2,8;337,1,98;71,1,225;564,1,144;73,7,2,18,115,122,153,261,276;472,5,29,85,108,132,159;565,3,2,21,50;75,1,67;76,1,61;77,1,32;566,1,98;84,1,47;567,1,42;568,1,63;480,1,258;569,3,4,18,30;255,1,53;342,1,144;487,1,75;411,1,112;570,1,128;571,1,226;108,3,171,254,270;572,1,76;573,2,47,77;111,2,143,154;574,1,97;575,1,98;576,3,2,21,68;577,1,71;578,2,67,82;579,1,113;501,1,81;126,1,49;503,1,84;264,1,194;504,1,193;506,1,47;134,1,99;136,1,75;580,1,106;581,1,125;512,2,56,116;582,1,99;583,3,2,9,16;352,1,62;265,1,79;584,1,228;585,1,217;145,2,64,81;358,2,77,90;151,1,233;273,2,207,286;586,1,121;155,1,233;587,1,93;588,1,33;589,2,219,248;590,1,44;168,1,139;370,1,85;591,1,38;524,1,168;592,1,123;593,1,59;283,1,69;525,1,40;594,1,80;595,1,64;287,1,166;531,4,77,111,122,194;292,1,201;182,1,50;596,1,53;433,1,183;536,1,162;385,1,74;201,1,143;597,1,107;203,1,51;598,1,105;599,2,36,44;600,1,155;601,2,22,80;209,1,80;602,1,145;603,1,85;604,3,177,263,415;543,1,102;544,1,88;545,1,92;219,1,220
10,76,84:1,1,38;392,1,59;605,1,38;229,1,24;230,1,65;233,1,22;24,1,56;29,1,162;458,1,257;238,1,97;239,1,72;39,1,77;464,1,161;47,3,9,31,62;240,1,132;57,1,108;332,1,140;606,1,121;311,1,379;561,1,38;67,1,146;470,1,49;607,1,180;84,1,49;608,2,79,203;88,1,47;489,1,46;257,1,69;609,1,80;610,1,81;259,1,103;493,1,74;111,1,35;114,1,64;117,2,8,28;611,1,115;349,1,64;264,2,39,217;612,1,23;613,1,141;265,1,54;268,1,52;146,1,129;270,1,66;271,1,66;272,1,69;274,1,76;586,1,36;277,1,28;156,1,55;157,1,73;519,1,172;589,1,250;166,1,53;169,1,25;614,1,95;282,1,44;375,1,216;291,3,7,34,71;175,1,70;179,2,220,244;187,1,105;378,1,57;536,1,164;298,1,24;615,1,26;205,1,24;299,1,280;602,1,411;304,1,40;545,1,94;616,1,69;306,1,53;307,1,71;308,1,89;221,1,73
11,17,25:1,1,40;241,1,266;312,1,34;256,1,99;261,1,88;356,1,163;149,1,47;150,1,38;359,3,79,94,164;274,5,15,45,92,236,281;362,2,88,204;277,1,65;372,1,94;375,2,100,218;379,1,52;385,1,62;386,1,113
12,178,299:1,1,41;438,1,62;5,2,6,18;6,1,141;7,4,11,26,96,219;392,2,80,84;393,2,43,157;617,1,61;443,6,13,29,71,218,235,280;618,1,113;227,1,196;619,1,125;620,1,25;17,1,143;548,1,236;233,1,61;621,3,3,12,40;549,2,257,288;324,3,2,14,28;622,1,152;22,2,169,179;623,1,55;25,1,62;27,3,81,134,165;624,2,150,182;625,1,49;326,2,152,160;554,2,134,226;555,1,225;626,1,185;36,1,141;39,1,56;42,2,67,105;400,2,98,147;627,4,11,22,41,57;47,2,72,266;49,1,38;50,1,200;465,1,44;628,1,91;629,3,4,14,23;54,1,97;330,1,39;331,1,25;333,2,45,52;245,3,68,86,90;246,1,112;334,2,6,25;630,1,132;561,4,13,30,41,135;247,1,262;631,1,162;63,3,78,127,219;632,1,160;633,1,117;69,1,112;338,1,60;634,2,80,250;74,1,122;635,1,118;476,1,31;636,2,41,99;80,1,321;407,2,43,70;637,1,75;608,1,82;86,1,63;87,4,3,11,34,99;482,1,228;410,1,63;92,1,79;638,1,101;639,1,154;97,3,105,108,164;256,2,100,360;99,2,90,209;491,1,128;640,4,53,63,96,105;492,1,23;641,1,58;571,2,46,71;642,5,41,60,217,234,270;106,1,43;107,2,95,113;643,1,56;644,1,60;645,2,3,14;646,1,68;647,1,29;108,1,162;648,1,45;110,1,76;111,1,41;112,1,85;415,1,111;346,3,28,57,68;649,1,95;650,1,40;500,2,55,137;579,1,197;347,4,7,24,60,93;124,2,8,23;126,1,86;503,2,103,126;349,3,8,25,158;651,2,193,221;652,2,172,217;129,2,40,124;653,1,109;654,1,73;655,2,77,120;612,1,91;351,1,192;656,1,113;657,1,143;658,3,24,39,60;139,1,112;140,3,2,23,77;659,1,76;584,1,253;660,1,40;661,3,2,11,26;268,2,12,34;662,1,57;144,5,148,173,219,227,235;269,1,138;353,2,97,124;270,3,144,171,338;354,1,43;148,2,2,19;356,3,6,18,38;149,1,48;150,4,68,107,123,153;357,3,59,116,126;359,1,47;663,1,21;153,1,199;664,1,114;271,2,160,166;272,2,170,176;154,4,2,24,93,172;273,4,81,318,345,386;361,2,89,97;363,1,62;155,1,169;364,2,60,65;277,1,90;519,1,320;665,1,75;666,2,13,26;524,1,127;372,1,50;667,1,39;594,1,61;668,2,33,74;669,1,46;289,1,237;378,1,61;670,2,33,53;433,1,92;298,1,49;198,4,4,15,61,87;384,1,47;385,1,29;387,1,29;537,1,73;203,2,189,439;204,1,157;671,1,101;602,3,40,231,251;305,1,179;541,5,38,39,59,81,103;672,1,67;545,1,124;616,3,8,22,120;390,1,122;308,2,37,93;219,1,131
13,100,280:1,4,44,99,118,124;16,1,88;547,4,244,315,340,358;447,3,96,107,110;673,1,52;325,2,176,189;326,3,13,26,37;459,4,222,250,259,385;398,4,75,149,211,267;328,1,36;49,2,54,61;329,2,130,135;50,4,177,208,278,303;56,8,183,187,213,230,238,244,292,348;331,2,21,52;332,1,209;58,2,172,191;59,3,14,28,42;333,2,30,136;60,3,65,94,119;246,1,153;334,2,16,35;335,2,5,17;247,1,94;631,1,161;674,3,4,20,55;336,2,65,102;338,1,100;339,1,163;251,1,54;85,6,1,10,23,47,63,87;608,3,33,59,117;341,1,124;569,1,53;343,1,51;490,4,7,28,53,97;101,1,145;491,2,120,174;675,2,285,314;103,2,11,22;676,3,9,18,34;108,6,11,22,32,61,113,159;261,1,103;499,1,70;119,1,190;577,1,50;348,1,119;349,5,10,27,157,176,196;351,2,212,244;677,4,117,162,185,199;513,1,82;137,3,2,12,41;678,2,9,27;265,5,153,158,181,207,239;679,1,31;353,2,64,125;680,1,14;270,3,153,209,328;354,3,4,19,110;356,3,5,17,128;149,2,41,72;150,3,39,106,152;359,2,2,12;360,6,22,51,107,162,168,190;271,2,195,216;361,8,3,13,22,57,78,91,103,139;362,11,3,18,22,37,41,89,100,127,153,190,209;275,4,6,17,27,80;518,14,5,18,30,43,60,63,75,94,116,130,170,217,227,265;681,5,5,27,47,102,153;155,2,57,178;364,3,11,32,64;682,2,31,40;276,3,102,154,165;156,6,144,205,208,219,277,291;157,3,142,147,155;280,2,251,280;427,4,97,104,122,134;169,1,99;371,5,7,28,45,157,178;282,1,101;373,1,81;316,2,108,184;375,1,222;284,1,142;285,4,143,149,164,279;595,1,111;529,1,115;288,4,7,40,73,119;289,7,38,70,208,236,280,291,298;291,4,132,141,165,207;175,5,12,38,72,157,168;432,2,153,174;382,3,89,102,122;385,1,28;387,1,28;537,1,125;201,5,4,16,43,107,127;202,3,6,25,46;683,1,175
14,66,93:1,1,45;684,1,28;7,1,138;617,1,119;14,2,119,125;15,1,177;445,1,122;229,1,156;230,2,236,244;549,1,434;685,1,129;551,1,138;686,1,82;457,1,83;687,1,120;32,3,91,190,229;626,1,43;459,1,262;239,3,250,269,307;37,1,75;42,1,278;47,4,160,190,212,292;327,2,136,160;56,1,228;559,1,60;631,1,131;403,3,415,447,454;67,2,262,275;472,1,121;75,3,465,549,591;340,1,58;688,1,77;488,1,144;343,1,42;490,2,93,143;257,1,234;115,1,115;117,1,164;689,2,70,85;123,1,79;418,3,120,134,146;651,1,201;652,1,107;690,1,135;691,1,98;511,1,44;692,1,107;138,1,114;143,1,127;270,5,191,231,326,359,371;271,1,219;362,2,151,193;519,1,430;693,1,24;162,1,194;279,1,97;694,1,134;167,1,193;285,2,137,216;291,1,205;189,1,179;295,1,136;596,3,147,185,227;695,1,59;382,1,87;207,1,265
15,105,133:1,2,46,106;7,2,12,27;11,1,107;696,1,67;697,1,210;619,1,146;698,1,96;321,2,5,20;446,3,5,13,111;19,1,191;230,1,279;231,1,84;548,1,250;232,1,233;450,1,87;699,1,221;236,1,203;700,1,204;29,1,284;554,1,130;701,1,98;47,1,231;48,1,20;465,1,71;437,1,190;53,1,127;56,1,242;57,1,77;702,1,106;247,1,109;402,1,53;633,1,113;703,1,89;469,1,76;472,2,141,150;704,1,56;80,1,56;482,1,90;90,1,45;639,1,77;344,2,8,28;257,3,195,211,225;101,1,217;675,1,87;641,1,107;642,1,110;705,1,55;706,2,4,16;110,1,61;498,1,72;119,1,141;707,1,86;576,1,116;579,1,157;347,1,73;263,1,188;130,1,61;708,1,38;132,1,96;709,1,139;710,1,49;134,1,80;351,1,242;711,1,47;712,1,40;713,1,29;583,1,21;714,1,116;516,1,154;715,2,178,278;424,1,76;147,1,38;274,3,168,242,284;518,4,64,95,134,174;716,1,113;521,2,7,21;717,1,51;718,1,22;719,1,60;168,1,114;720,1,28;283,1,245;171,5,143,149,168,173,179;316,1,257;375,1,291;174,1,197;289,4,206,246,287,296;531,1,19;292,1,228;183,1,164;295,1,261;193,1,300;533,1,157;379,1,39;196,5,2,15,35,45,65;721,1,58;722,1,28;203,1,180;299,1,56;208,1,67;539,1,96;723,1,27;724,1,149;303,1,186;305,1,129
16,83,102:1,3,50,59,77;391,1,100;2,2,30,35;440,1,221;309,2,164,166;9,1,67;11,1,208;12,1,171;725,1,116;231,1,136;20,1,100;448,1,143;21,1,85;452,1,85;236,1,152;700,1,56;726,1,44;34,2,126,131;36,1,188;399,3,75,145,201;44,1,50;329,1,190;628,1,103;727,1,256;247,3,10,28,56;250,2,50,92;71,1,71;469,1,98;473,1,369;80,1,80;728,1,53;484,1,57;729,1,46;410,1,53;93,1,117;730,1,207;645,1,53;646,1,57;116,1,56;579,1,22;125,1,184;503,1,131;731,1,64;652,1,181;732,1,178;263,1,163;504,1,50;655,1,57;710,2,31,64;507,1,52;511,1,95;581,1,134;711,1,107;733,1,178;734,1,21;140,1,91;514,1,51;145,1,105;680,1,44;270,1,53;148,1,163;151,1,74;271,1,117;272,1,134;154,1,108;735,1,43;162,2,80,91;164,1,50;280,1,153;736,2,182,218;737,1,119;738,1,96;187,1,95;191,2,54,92;739,1,80;194,1,43;195,2,86,110;317,1,232;384,1,218;207,3,161,328,348;209,1,96;540,2,19,64;545,2,109,146
17,65,124:1,1,51;6,1,51;15,3,18,40,94;444,1,143;16,3,11,24,118;740,1,43;398,2,104,165;36,1,92;44,1,60;400,2,75,198;47,2,80,241;327,1,151;52,1,332;56,1,84;332,2,231,242;68,2,56,80;337,1,75;741,1,61;473,1,376;84,2,62,134;85,1,31;608,1,49;742,3,228,252,280;95,1,60;97,4,70,91,216,311;257,5,18,36,96,160,198;609,1,105;491,1,61;106,3,78,112,120;108,1,106;648,2,7,16;116,1,39;119,1,91;652,4,61,135,195,203;732,1,159;129,3,14,33,67;510,1,121;136,1,25;421,1,29;137,1,56;679,1,38;270,2,348,367;354,1,83;152,5,20,51,84,107,115;743,2,56,71;276,3,9,31,71;278,2,10,37;156,2,211,280;157,3,25,55,179;716,1,121;158,8,14,34,59,224,257,272,294,314;665,1,96;736,1,131;668,1,134;316,1,62;172,1,157;531,1,153;291,3,79,172,234;198,1,133;202,1,86;203,2,44,351;600,1,122;538,2,168,220;307,4,26,58,89,222;221,7,14,25,43,54,96,101,204
18,71,170:1,1,53;744,1,102;745,4,58,129,155,167;617,4,13,26,42,131;227,3,25,50,75;619,2,24,48;15,4,20,42,96,150;16,4,13,26,97,120;17,1,134;699,4,57,66,116,161;453,1,41;44,5,101,176,255,317,335;400,1,159;47,3,82,158,235;56,4,113,141,151,305;559,1,41;560,1,71;59,2,96,185;630,3,23,46,78;251,1,82;84,5,15,30,64,122,136;85,1,33;608,1,51;742,3,230,254,282;95,1,62;256,1,200;257,1,215;100,1,67;609,1,107;101,3,6,20,272;491,3,63,114,180;746,2,11,22;108,1,108;648,5,9,18,34,57,67;112,1,94;119,1,93;577,1,108;747,1,49;129,3,16,35,69;131,2,186,256;140,1,88;265,2,174,200;422,1,89;270,2,350,369;152,4,22,53,86,109;272,1,81;154,1,105;273,1,87;361,2,42,112;155,1,293;743,2,58,73;276,6,11,33,73,188,208,222;278,5,12,39,85,105,159;156,5,149,213,282,296,318;157,3,27,57,122;158,8,16,36,61,226,259,274,296,316;523,1,99;171,1,183;172,2,124,159;291,4,81,138,174,236;382,1,110;202,1,88;203,2,46,152;207,3,136,294,309;538,8,114,170,185,222,246,272,300,341;305,1,70;748,1,77;749,2,87,108;307,4,28,60,91,224;221,3,27,56,219;546,3,123,139,216
19,161,321:1,1,60;391,3,113,130,193;439,2,33,41;2,2,6,14;750,1,53;6,2,318,331;751,2,55,115;10,1,45;224,1,221;225,2,50,68;617,1,122;226,1,140;618,1,106;227,1,208;698,1,106;752,3,88,162,275;753,1,28;17,2,59,84;228,1,345;322,2,97,173;548,1,133;754,3,1,10,63;755,4,2,7,28,90;232,3,117,259,279;549,1,408;756,4,5,19,40,52;685,2,74,139;551,1,92;26,3,41,76,136;699,1,169;454,1,68;234,1,94;235,2,3,16;700,1,248;673,3,1,9,90;397,1,95;757,1,42;460,1,33;35,2,61,110;36,1,110;239,1,119;37,1,111;758,2,4,15;759,1,56;38,1,93;39,4,7,16,33,86;43,1,93;400,1,402;241,1,74;465,1,161;52,2,202,229;727,3,11,24,47;401,1,77;59,2,127,326;245,3,11,24,28;311,1,86;468,4,4,25,50,181;760,4,3,8,20,119;761,3,4,30,54;402,6,3,21,38,111,176,196;68,2,150,205;314,1,169;469,3,69,87,138;635,1,108;607,3,13,32,61;762,2,71,142;75,5,42,60,108,259,557;763,2,99,116;77,1,139;636,1,87;764,2,84,89;407,1,83;568,1,36;765,5,6,17,24,44,65;253,1,153;408,1,126;88,2,64,105;480,1,219;343,1,45;766,3,10,27,54;767,1,44;490,3,1,22,44;100,1,27;640,1,70;570,2,14,29;103,1,153;730,1,121;107,1,77;643,1,67;644,1,48;260,2,68,79;768,1,33;345,1,93;769,5,41,62,74,91,97;112,3,14,30,61;770,3,5,12,20;116,2,6,16;499,3,1,21,57;689,4,34,105,117,157;120,2,123,147;502,1,100;125,1,61;503,2,66,181;263,1,62;264,5,53,97,100,113,208;131,1,279;653,1,97;708,1,10;771,2,159,193;510,2,54,163;511,2,18,113;657,1,66;512,3,109,142,244;140,5,10,31,58,112,209;266,1,126;141,4,28,39,46,177;584,2,92,150;660,3,19,38,64;515,1,34;662,1,48;144,1,164;772,1,73;424,2,215,245;773,1,36;359,1,103;153,1,278;271,3,21,47,57;272,3,20,45,55;154,4,17,39,83,193;273,3,23,51,61;274,4,24,54,101,156;586,1,83;157,1,95;519,4,186,221,365,496;160,2,1,8;281,1,71;372,1,140;290,4,8,28,55,162;178,1,192;774,1,38;378,2,14,33;382,1,72;317,2,161,179;200,3,3,14,40;383,1,77;775,3,4,10,27;671,5,2,10,38,109,148;207,5,24,49,70,108,215;538,2,91,99;302,2,3,8;724,1,209;303,5,21,48,79,88,151;304,1,119;305,3,20,41,104;748,1,106;683,1,70;604,1,83;307,4,102,110,149,207;308,3,16,33,57;220,4,7,15,27,162;546,2,1,25
20,168,310:1,1,61;391,3,114,131,194;439,2,34,42;776,1,71;6,1,319;744,1,97;751,2,56,116;393,4,7,18,35,164;605,2,74,133;10,1,46;225,1,51;617,1,123;226,1,141;618,1,107;227,1,209;698,4,84,107,170,209;752,3,89,163,276;753,1,29;17,2,60,85;228,1,346;322,2,98,174;548,1,134;232,2,260,280;549,1,409;448,2,218,241;622,2,70,178;21,1,281;436,1,59;685,3,64,75,140;740,1,46;686,5,24,71,75,115,133;451,1,47;26,1,42;699,1,170;454,1,69;235,2,4,17;700,3,29,63,178;457,2,32,68;30,1,99;458,1,208;777,1,30;555,1,33;626,1,107;397,1,96;757,1,43;460,2,34,53;35,1,115;461,2,157,201;36,3,18,36,111;239,2,120,309;37,1,112;38,1,94;43,1,94;400,1,403;328,1,71;241,1,75;51,1,72;59,2,128,327;466,3,7,19,39;248,1,81;778,1,124;68,2,151,206;472,1,68;635,2,60,109;474,1,125;475,1,64;476,1,46;607,3,14,33,62;762,2,72,143;75,2,260,558;763,2,100,117;77,1,140;779,1,127;80,2,90,146;764,2,85,90;407,1,84;253,1,154;408,1,127;88,2,65,106;742,2,100,120;480,3,165,197,212;780,1,54;91,3,13,32,77;95,1,115;100,1,28;675,1,62;103,2,6,17;610,1,91;676,1,102;107,1,78;643,1,68;644,1,49;260,3,27,69,80;645,2,43,51;646,1,34;706,1,95;768,1,34;108,6,6,17,26,196,209,278;345,1,94;769,5,42,63,75,92,98;112,3,15,31,62;115,2,126,136;689,4,35,106,118,158;120,2,124,148;500,1,63;503,1,182;263,2,63,168;264,4,54,98,114,209;131,2,50,280;653,1,98;781,1,151;708,1,11;505,1,130;782,1,37;351,1,131;510,2,55,164;511,2,19,114;657,1,67;512,3,110,143,245;658,1,37;140,5,11,32,59,113,210;584,3,56,93,151;662,2,27,49;715,1,267;585,1,153;144,1,165;772,4,10,23,43,74;357,1,142;359,1,104;153,1,279;664,1,69;271,3,22,48,58;272,3,21,46,56;154,4,18,40,84,194;273,3,24,52,62;274,4,25,55,102,157;586,1,84;157,1,96;783,1,60;280,3,20,48,73;591,1,32;524,2,178,258;667,1,91;374,1,44;285,1,79;527,2,51,104;784,2,7,14;383,1,78;387,1,41;299,1,237;601,1,101;785,1,53;207,9,25,50,71,109,150,216,228,332,364;538,2,92,100;602,4,43,124,203,238;603,1,36;303,5,22,49,80,89,152;304,1,120;305,3,21,42,105;748,4,17,34,66,107;216,3,37,107,159;541,1,239;545,2,63,142;786,3,93,128,184;307,8,24,56,87,103,111,121,150,208;308,3,17,34,58;220,1,163;787,1,117
21,214,397:1,1,64;438,1,61;788,1,197;319,1,125;684,1,50;789,3,77,87,125;9,1,98;790,1,73;696,1,112;224,1,192;443,2,3,19;226,1,147;697,1,185;618,3,45,112,176;698,1,197;321,1,32;791,1,94;752,4,90,127,230,245;17,2,66,98;395,1,67;792,1,170;228,3,84,123,332;18,2,75,87;322,2,73,118;547,4,92,166,266,336;793,1,96;754,1,34;755,1,132;549,4,234,256,264,287;622,3,142,151,169;21,3,82,115,128;22,1,118;685,3,53,76,141;740,1,48;623,1,54;24,2,58,84;25,2,61,84;686,4,10,21,32,65;234,2,42,89;235,1,61;700,3,49,139,209;456,2,216,285;552,1,168;624,3,51,55,202;457,1,64;687,1,143;794,3,57,91,136;554,3,191,200,217;31,3,1,15,47;555,3,178,196,224;32,4,84,146,258,263;626,6,28,36,50,151,167,184;701,4,48,54,131,166;459,3,150,278,287;398,2,296,300;238,2,87,330;795,3,95,113,135;726,1,71;758,2,178,234;759,1,59;39,1,100;45,1,142;556,1,132;627,2,40,56;47,1,295;240,1,273;49,3,2,15,37;50,2,199,240;51,1,147;437,2,166,194;52,2,138,261;242,2,107,220;796,1,65;53,1,213;797,2,83,121;727,1,100;629,1,173;330,1,31;606,2,20,51;798,1,47;466,1,45;245,2,51,85;334,1,44;561,4,12,29,40,134;799,5,39,115,125,144,214;63,7,49,57,70,123,126,170,218;248,2,53,124;467,2,49,52;800,1,146;468,2,88,121;760,1,90;761,1,117;674,1,115;67,2,197,257;633,1,37;703,1,58;634,3,79,121,249;314,5,53,61,85,102,221;801,1,39;73,2,84,88;802,1,121;803,2,53,174;476,1,30;607,3,15,34,63;406,1,75;762,1,116;79,1,39;779,2,130,165;80,1,320;804,1,52;407,2,42,69;478,2,272,279;86,2,128,166;805,2,12,25;482,3,45,199,231;806,1,78;807,1,73;90,1,73;487,2,260,281;488,1,93;410,1,65;808,1,36;638,1,100;343,1,137;639,4,82,89,153,323;809,4,9,24,37,141;640,1,26;675,3,14,42,241;103,2,106,156;641,1,57;571,1,70;642,7,40,59,75,193,233,241,269;610,1,92;705,1,25;260,6,18,26,56,73,94,163;645,3,2,13,126;646,1,67;647,1,28;810,1,42;108,1,27;497,1,26;573,1,57;115,2,119,137;346,1,20;811,2,63,103;812,1,64;578,1,60;500,1,81;124,4,5,12,20,27;502,1,57;503,1,55;731,1,103;813,1,71;651,5,143,155,172,192,220;128,3,27,97,116;130,1,143;511,2,107,115;657,3,34,43,142;584,2,62,95;267,1,156;814,1,67;714,1,90;145,1,58;358,1,51;359,3,35,86,141;153,3,168,205,269;273,3,230,283,331;518,1,144;158,1,76;519,4,164,210,260,462;815,1,46;281,1,112;591,4,49,87,111,124;816,3,33,66,71;524,2,165,180;817,3,37,51,67;371,1,72;594,2,43,60;668,1,73;171,1,85;290,1,87;818,1,90;531,1,22;670,1,178;819,1,49;820,3,8,18,42;821,1,128;432,1,39;535,1,74;298,1,73;822,1,42;385,1,48;386,1,34;203,1,223;775,2,19,93;671,1,59;823,3,18,39,78;824,3,10,21,93;212,1,112;302,1,66;213,2,40,139;602,1,44;723,1,49;215,1,20;724,1,249;435,3,98,113,143;541,6,37,58,83,99,115,202;217,1,115;545,1,123;218,2,66,125;786,2,216,224;825,2,86,151;616,4,7,21,85,119;390,1,114
22,75,114:1,1,65;309,1,69;14,1,88;227,2,124,169;698,3,169,191,194;445,8,109,115,127,140,146,155,175,183;725,1,117;17,1,182;547,4,246,317,342,360;447,3,79,91,112;826,1,125;398,1,151;36,1,83;239,5,111,150,183,210,232;41,1,171;44,2,54,66;52,1,45;242,2,32,197;53,1,39;56,5,59,76,102,189,215;560,1,119;334,1,126;403,1,83;67,4,23,46,68,188;68,2,68,97;337,2,70,72;315,1,66;764,1,87;742,1,212;96,1,131;97,1,82;809,1,80;256,1,401;105,1,142;645,1,97;646,1,97;120,2,155,174;827,1,173;131,1,299;613,1,146;677,1,125;828,1,64;137,1,63;140,1,105;585,1,157;354,1,74;517,1,62;829,1,126;271,1,115;272,1,132;154,1,142;273,1,259;274,3,149,216,274;362,2,61,75;366,1,109;428,1,81;694,1,119;167,1,68;524,1,144;282,4,62,67,113,131;595,1,172;527,1,69;185,1,68;188,1,177;189,2,28,58;532,1,113;195,2,92,112;197,1,128;386,1,166;207,1,354;824,1,106;304,1,84;218,1,229;219,1,164;787,1,67
23,419,637:1,1,67;788,1,88;222,1,152;223,2,235,310;439,1,55;319,1,184;684,1,117;776,1,124;830,1,112;750,1,92;440,2,124,198;6,1,147;7,5,110,176,231,250,260;9,2,74,127;831,2,21,62;393,1,166;605,1,104;10,1,55;11,1,262;12,1,197;443,5,90,186,369,395,413;226,2,73,119;13,2,16,32;14,1,51;618,3,135,196,224;394,1,150;15,2,75,107;753,1,49;445,1,87;725,3,29,39,72;446,1,47;322,2,22,139;19,2,138,153;231,2,164,268;20,2,27,165;548,1,201;447,1,70;232,1,411;832,1,78;324,1,122;833,1,70;21,3,169,172,238;22,1,332;449,1,130;834,1,191;24,1,148;25,2,68,170;26,2,93,99;699,1,219;453,3,53,100,216;454,1,233;826,2,79,90;456,1,212;552,1,117;28,1,26;457,1,42;29,2,244,281;625,1,114;325,2,217,228;326,1,161;458,1,286;835,2,100,145;32,1,22;397,2,321,371;757,1,58;238,4,218,271,338,386;795,1,166;460,1,119;33,1,74;726,1,127;34,1,187;36,2,198,309;239,1,188;37,1,29;38,2,225,249;42,2,62,156;43,1,216;44,2,150,215;45,1,203;46,3,7,21,146;47,1,49;327,2,161,235;48,1,231;49,1,69;329,1,100;50,3,256,258,268;836,1,110;465,1,136;52,1,168;53,1,222;727,1,68;629,1,206;55,3,123,140,159;56,3,156,233,379;331,1,78;57,1,155;560,1,164;837,1,99;59,5,160,194,242,260,311;333,1,99;606,1,119;702,1,93;466,1,69;60,1,25;334,1,192;630,1,121;335,1,57;247,2,60,126;562,1,99;248,2,99,129;800,1,104;468,1,194;760,1,105;403,2,259,302;66,2,64,92;838,1,179;778,3,46,185,189;67,1,70;312,1,92;70,1,40;703,1,112;315,2,74,136;801,1,88;469,4,120,224,251,265;471,1,68;73,2,233,284;802,1,149;74,2,73,142;473,3,209,263,439;474,1,198;607,3,142,196,200;762,1,136;75,3,64,428,636;76,2,58,74;839,1,83;77,1,237;252,2,136,201;81,1,131;84,2,115,131;765,1,88;840,1,102;253,1,51;86,3,71,88,224;87,1,184;409,1,95;742,1,330;806,2,99,127;484,1,39;255,1,100;342,1,231;841,1,46;487,2,98,331;842,1,108;488,1,169;91,1,115;93,3,35,132,137;343,2,166,226;639,1,215;843,1,79;96,1,139;97,1,283;809,3,66,73,152;98,1,124;256,1,296;257,2,139,176;101,1,156;102,1,170;491,3,90,97,148;844,1,59;570,1,75;492,1,91;845,1,49;730,3,127,181,193;104,3,74,108,175;412,1,77;642,1,169;610,1,53;105,1,116;259,1,51;106,1,146;676,1,97;493,4,70,167,215,240;107,2,55,176;705,1,103;746,1,106;643,2,96,132;645,1,99;494,1,212;646,1,99;495,1,92;496,1,63;768,1,37;108,1,47;846,1,133;572,1,109;847,3,9,21,76;769,4,178,236,255,302;109,2,88,139;573,1,62;110,2,81,115;111,2,51,89;770,2,61,66;113,1,40;114,3,46,60,84;116,1,80;498,2,126,131;416,2,39,70;499,1,82;848,1,47;118,1,147;120,4,68,184,301,314;574,1,120;649,1,247;121,1,298;500,1,162;122,1,190;849,1,66;123,1,60;347,1,86;850,2,160,166;124,1,85;502,1,105;851,2,16,115;503,1,37;731,1,126;127,2,63,86;732,2,146,185;129,4,74,100,147,160;690,2,61,131;130,1,170;131,1,64;655,1,79;505,1,67;852,1,72;132,2,237,267;506,2,77,100;133,1,32;134,1,44;351,2,142,186;613,1,137;771,1,185;135,1,112;853,1,67;136,2,65,134;657,3,82,98,166;580,1,114;581,3,132,158,197;854,1,106;855,3,12,24,39;856,1,211;734,1,169;512,1,162;421,1,51;582,1,130;828,2,19,83;513,1,74;137,2,69,83;352,1,88;138,4,45,117,149,153;139,2,133,214;422,1,70;266,1,73;141,3,74,117,128;142,2,12,73;584,2,131,205;660,1,84;857,1,94;267,1,101;714,1,63;268,2,45,114;514,1,58;516,2,245,263;585,2,146,200;146,2,146,151;773,1,65;147,1,34;353,2,27,57;270,1,150;148,1,263;355,1,101;149,2,58,63;150,2,19,162;357,1,103;151,5,45,228,254,303,317;517,1,33;663,2,67,79;152,1,168;829,3,22,51,112;362,3,118,175,179;155,6,240,257,272,299,320,327;364,1,135;682,1,88;425,1,59;158,1,72;519,1,509;693,1,81;522,1,87;588,1,86;160,1,55;858,1,138;859,1,147;718,1,108;162,1,308;163,1,58;164,1,124;279,1,44;860,1,40;165,4,14,28,177,183;369,4,14,44,110,155;280,1,346;166,2,85,104;719,2,53,76;167,2,189,245;168,1,242;169,2,18,85;861,1,25;371,2,141,198;283,3,157,197,223;667,1,200;668,2,105,186;171,1,216;373,1,92;316,1,247;375,1,257;285,2,335,345;595,1,187;172,1,145;173,2,125,141;377,1,132;286,1,97;174,1,225;287,1,154;288,1,157;818,1,136;531,2,136,180;175,3,101,127,163;737,2,87,109;738,2,60,90;862,1,207;177,3,86,103,114;178,1,58;292,3,130,175,251;179,1,320;863,4,65,121,144,208;180,1,39;181,1,170;864,2,20,38;865,1,68;293,1,44;866,2,79,143;183,1,173;184,1,154;185,2,176,201;186,2,61,99;774,1,82;867,1,31;294,1,54;188,1,233;429,1,56;190,1,105;868,1,18;191,1,17;192,1,73;869,1,74;193,1,165;870,1,38;871,1,33;819,2,62,72;195,1,124;820,1,48;380,2,15,40;196,1,103;872,2,110,174;197,5,52,110,140,175,183;821,1,187;381,2,70,105;873,1,87;874,4,2,11,65,110;875,1,49;382,2,123,128;433,4,139,143,147,249;536,2,32,141;198,1,216;876,1,10;200,1,140;383,1,126;384,2,234,267;385,1,56;388,1,172;203,1,75;204,2,30,412;389,1,134;598,1,128;205,1,18;206,2,53,73;877,1,55;434,1,78;671,1,117;207,1,145;300,1,105;210,1,22;211,1,81;539,1,116;878,1,39;212,4,11,88,102,110;302,1,89;723,1,32;214,1,120;435,2,106,146;604,1,392;541,1,241;879,1,182;217,1,139;218,3,12,34,286;749,1,72;825,1,207;306,1,306;219,1,285;221,1,234
24,8,8:1,1,69;7,1,48;59,1,100;880,1,61;81,1,56;676,1,52;424,1,204;356,1,285
25,68,115:1,2,71,96;790,1,29;11,5,180,188,211,239,249;225,3,6,20,87;228,2,62,228;232,2,6,16;700,3,36,234,348;626,1,251;758,1,149;38,2,28,174;43,2,28,157;556,1,145;464,2,33,57;240,1,69;48,6,89,186,206,251,274,300;51,1,87;52,1,60;797,1,90;629,1,149;60,2,29,45;249,1,85;468,1,166;633,1,70;314,1,245;779,2,105,188;85,1,43;342,1,57;92,1,87;639,1,21;571,1,212;106,1,133;260,1,156;261,1,61;650,1,62;850,3,54,189,205;653,1,83;881,1,21;132,4,23,125,192,217;134,1,82;351,1,153;613,2,12,31;771,2,13,29;656,2,13,35;580,3,12,29,137;581,2,23,43;854,2,12,31;734,2,189,198;714,4,10,21,27,70;516,2,10,23;148,2,222,282;150,1,101;357,2,83,88;359,1,83;364,2,98,111;162,1,209;316,2,19,302;375,2,75,116;526,2,144,673;863,1,149;882,2,8,20;865,1,30;191,1,114;872,2,52,208;433,1,55;386,2,7,22;201,1,63;883,1,166;823,1,133
26,15,21:1,2,74,137;46,1,48;48,1,139;333,3,6,15,89;79,2,2,18;101,2,1,15;884,1,348;125,1,146;655,1,102;713,1,142;275,1,77;155,1,149;364,1,218;165,2,74,221;670,1,195
27,49,56:1,1,75;222,1,49;885,1,62;9,1,88;225,1,156;443,1,120;834,1,219;453,3,62,108,212;454,1,135;29,1,254;238,1,267;726,1,50;41,1,135;329,2,61,203;465,1,195;57,1,131;59,1,308;632,1,165;71,1,239;406,1,61;763,1,27;87,1,175;108,1,237;497,1,128;109,1,85;119,1,136;500,1,172;579,1,121;690,1,113;131,1,216;886,1,14;134,1,135;423,1,301;142,2,56,142;269,2,50,142;356,1,119;519,2,140,293;170,1,83;738,1,52;887,1,20;863,1,69;866,1,162;872,1,193;204,2,286,336;888,1,69;540,1,78;216,1,172;604,1,196;218,1,269
28,157,215:1,1,78;439,1,20;2,1,87;7,2,214,259;8,1,38;831,1,79;12,1,196;394,1,34;619,1,70;19,2,131,152;230,1,235;231,2,1,26;20,1,137;548,2,40,94;622,1,32;22,1,321;834,1,218;26,1,98;27,2,50,102;234,1,82;235,1,27;236,1,26;30,1,34;326,1,29;794,1,9;554,1,260;35,1,125;759,1,58;41,1,62;42,1,35;46,2,3,17;464,1,121;47,2,217,224;327,3,192,336,362;48,4,99,147,230,297;52,1,179;401,2,2,9;55,2,139,158;56,1,321;244,1,27;837,2,2,11;798,2,2,13;466,1,26;245,1,89;61,1,29;467,1,59;66,1,86;67,1,73;69,1,155;337,2,2,15;338,1,47;313,3,2,16,30;71,2,126,166;72,1,52;74,1,141;406,1,60;75,1,89;76,1,57;77,1,252;81,1,80;567,1,88;608,1,71;253,1,33;408,1,27;87,2,1,9;90,1,82;841,1,28;91,2,86,106;98,1,61;344,2,1,21;256,1,48;257,1,163;102,1,169;491,2,105,139;103,2,32,128;104,1,66;106,1,149;676,1,79;493,1,171;746,1,109;260,1,14;497,1,131;110,1,114;111,4,1,13,46,113;114,2,1,9;118,1,146;707,1,136;120,1,180;500,1,171;123,3,2,15,66;501,1,146;125,1,167;503,1,117;731,1,60;418,2,2,26;652,2,159,252;264,1,171;131,2,61,358;781,1,165;506,2,1,9;510,1,79;135,1,57;853,1,37;136,2,64,105;139,1,161;423,3,68,98,242;659,1,26;515,1,111;144,3,1,25,226;145,1,108;149,1,57;152,1,276;365,1,35;159,1,62;522,1,91;161,1,19;858,1,187;162,1,121;164,1,116;279,1,30;165,1,38;166,1,103;428,1,14;168,4,159,173,208,232;528,1,173;287,1,203;288,1,144;531,1,46;177,1,102;178,1,34;179,2,147,340;180,2,19,122;181,1,177;864,1,56;889,1,144;866,1,138;183,1,42;184,1,45;532,1,78;190,1,104;872,1,169;197,4,51,109,139,174;875,1,48;382,1,121;386,2,1,16;203,3,159,260,433;204,1,87;207,2,313,335;538,1,311;208,3,3,17,62;300,1,115;210,2,19,86;211,1,22;539,1,21;212,1,29;214,1,84;220,4,3,11,20,134
29,7,7:1,1,79;832,1,22;794,1,10;314,1,40;570,1,54;103,1,129;786,1,140
30,168,272:1,1,82;391,4,106,110,127,176;438,1,37;890,1,78;318,1,126;684,1,60;885,1,19;751,1,147;9,1,54;224,3,50,211,260;442,1,78;697,1,26;792,2,85,145;228,2,178,215;446,1,23;793,2,52,58;231,1,160;754,2,53,93;323,2,101,181;832,3,5,13,30;622,1,233;833,1,26;21,2,205,231;550,1,66;834,2,25,196;30,2,2,7;625,1,20;687,1,70;458,2,37,83;555,2,20,259;626,1,17;397,1,315;459,1,327;41,1,12;557,1,162;246,1,75;64,2,237,417;891,3,9,23,43;632,3,6,26,53;838,1,154;563,1,14;312,2,23,48;404,1,59;469,1,119;73,3,8,24,156;802,1,40;892,3,9,23,39;476,2,7,19;893,2,8,21;894,1,72;75,1,21;895,1,53;252,2,141,187;80,1,271;566,4,36,60,103,109;896,1,60;804,1,72;637,1,67;608,2,6,17;408,1,69;86,2,9,23;254,1,16;480,1,103;484,1,22;780,1,97;897,2,30,49;255,1,29;485,1,22;342,1,148;487,1,322;898,4,17,31,54,92;489,3,117,156,177;808,2,2,9;639,1,378;767,1,27;101,1,30;899,2,6,15;844,2,48,94;570,1,57;492,1,18;104,1,184;571,3,82,109,147;706,1,64;345,2,53,193;884,4,250,300,321,370;115,2,22,106;118,1,16;262,3,8,20,91;900,1,64;901,1,30;902,1,57;122,1,22;579,1,106;903,1,50;125,1,83;349,6,3,20,36,43,99,212;691,1,37;131,1,67;781,1,170;504,1,142;904,1,50;905,1,37;419,3,4,8,81;906,1,37;132,2,154,278;350,1,28;351,1,96;512,1,214;582,2,13,80;423,3,58,112,246;907,4,36,80,113,137;141,2,60,84;514,1,147;516,3,42,120,205;144,1,266;269,1,88;424,2,89,102;273,2,6,34;275,2,24,44;587,1,67;716,1,126;693,1,66;858,7,31,48,55,82,148,155,175;589,4,14,28,39,132;908,5,65,74,94,101,140;859,1,14;717,3,55,191,225;665,1,27;718,1,131;163,1,95;909,1,55;590,1,144;720,2,18,74;283,1,95;525,1,86;736,1,171;594,2,2,10;526,1,136;530,3,5,16,38;737,1,91;292,1,56;179,1,127;863,3,101,162,202;910,4,45,54,61,98;911,3,2,10,46;912,1,128;190,1,85;868,1,30;913,1,14;196,1,98;432,1,134;382,1,29;722,1,24;200,1,42;203,1,69;389,1,40;598,1,95;299,2,52,152;883,3,112,130,177;600,1,143;877,1,20;914,1,40;775,1,14;879,2,149,206;544,1,32;672,1,113;786,2,81,151;220,1,185
31,5,8:1,1,84;547,2,2,13;36,1,164;114,1,49;298,3,1,7,13
32,29,40:1,1,85;321,1,34;232,1,182;44,1,137;328,1,41;329,1,68;241,2,257,278;58,1,207;337,3,33,57,132;338,1,102;313,1,111;637,1,49;344,1,152;256,1,210;102,1,162;106,1,136;134,1,83;266,1,45;354,1,41;148,3,88,223,283;355,2,7,29;150,1,129;362,2,10,29;363,1,58;283,4,3,23,42,168;372,1,48;382,1,115;615,2,8,17;386,1,65
33,62,93:1,1,86;318,3,51,105,124;12,1,35;446,2,8,16;329,1,69;241,1,279;330,2,66,78;67,2,225,278;336,1,86;337,5,5,18,34,58,133;338,1,103;255,1,96;766,1,47;767,2,84,96;915,3,9,21,61;730,1,206;655,1,68;132,1,234;710,1,52;351,1,194;139,1,69;659,1,65;141,4,12,24,56,91;355,2,10,32;150,1,76;357,1,41;716,1,106;693,1,64;588,3,6,12,58;426,3,128,134,189;161,2,9,18;908,1,30;717,1,182;916,3,50,71,86;164,1,51;720,1,59;372,3,9,29,95;375,1,219;172,1,133;289,1,231;917,2,1,8;737,1,130;178,1,93;292,1,272;181,1,133;912,2,147,165;918,1,48;866,1,62;378,1,109;596,1,150;195,2,33,97;431,1,46;721,1,101;872,2,39,93;204,1,35;205,1,69;206,1,46;600,1,52;601,1,31;209,1,39;300,3,58,66,101;211,1,48
34,40,51:1,1,87;232,1,292;453,1,131;457,1,141;31,1,95;459,2,115,154;33,1,223;36,2,211,249;240,1,259;837,1,85;606,1,105;764,1,67;568,2,4,15;482,1,158;639,1,269;498,2,9,18;710,1,23;714,2,79,82;361,1,98;275,1,83;519,2,454,493;859,1,165;919,1,65;920,1,95;666,3,43,144,176;862,1,152;180,1,51;889,3,139,147,169;184,1,177;380,1,50;821,1,223;877,1,104;914,1,61;207,1,336;210,1,84;539,1,54;213,1,57;214,2,48,85;541,1,245;220,1,135
35,33,35:1,1,88;789,1,94;623,2,91,107;29,1,261;45,1,97;327,1,236;53,1,43;633,1,75;336,1,92;74,1,96;85,1,72;921,1,81;493,1,61;579,1,169;504,1,45;613,1,66;853,2,32,74;137,1,73;155,1,170;589,1,116;370,1,62;524,1,243;316,1,150;376,1,41;889,1,125;191,1,61;535,1,93;822,1,18;198,1,169;597,1,47;204,1,428;879,1,78;544,1,102
36,7,7:1,1,90;436,1,218;702,1,109;498,1,81;666,1,51;167,1,107;189,1,115
37,21,21:1,1,91;21,1,180;449,1,140;29,1,304;41,1,138;69,1,173;75,1,92;89,1,97;100,1,178;117,1,70;121,1,236;510,1,153;135,1,60;142,1,28;525,1,144;526,1,629;291,1,220;176,1,212;178,1,40;204,1,437;602,1,393
38,26,31:1,1,92;4,1,112;239,1,189;758,1,138;44,2,156,226;52,1,219;53,1,34;311,1,123;467,1,77;415,1,101;734,1,152;139,1,106;266,1,74;584,1,132;517,1,146;664,1,85;157,1,128;158,1,254;283,1,214;175,2,105,129;295,3,130,156,258;217,1,99;218,1,86;749,1,79;307,2,136,227;219,1,120
39,12,12:1,1,95;454,1,91;456,1,315;342,1,198;487,1,60;730,1,165;412,1,146;424,1,178;526,1,107;203,1,401;883,1,225;888,1,79
40,4,7:1,2,100,119;701,3,128,132,167;334,1,45;674,1,113
41,23,36:1,1,101;319,1,126;444,3,28,103,126;236,2,6,17;35,1,68;51,1,135;437,1,271;62,1,66;64,2,122,153;800,3,4,12,44;68,1,159;473,1,150;405,1,82;105,2,82,126;139,1,203;140,1,142;715,1,44;274,3,3,33,80;519,1,60;174,2,100,235;748,2,3,20;604,1,54;390,3,147,159,250
42,2,5:1,3,109,123,140;108,2,121,245
43,340,1003:1,1,111;391,5,76,104,117,125,183;922,3,2,13,24;438,6,7,22,35,54,65,77;788,5,9,23,61,139,207;222,3,14,30,104;223,6,98,106,125,182,210,250;3,1,92;776,5,6,13,21,134,142;4,3,101,122,143;789,1,117;923,2,33,50;750,2,27,57;924,4,10,28,47,157;440,9,20,56,92,150,174,183,216,235,260;6,1,293;751,4,18,60,117,124;790,1,89;392,3,49,109,125;605,3,3,11,45;696,3,12,26,131;225,3,114,134,143;12,5,49,81,133,156,192;443,2,9,25;226,4,4,16,38,154;14,4,44,146,160,167;618,5,7,24,55,100,120;394,4,9,25,51,85;698,3,5,22,43;321,1,93;791,1,54;752,6,7,21,37,78,212,236;753,2,117,131;395,4,2,11,27,48;792,11,1,13,26,46,83,127,143,191,234,257,267;228,4,8,21,60,289;18,1,39;322,5,8,18,77,191,213;229,3,7,16,39;230,6,11,32,73,114,270,300;20,1,141;232,5,128,154,257,410,421;549,5,10,22,35,60,109;448,2,105,182;622,1,221;22,2,81,114;756,2,7,21;685,4,3,15,30,166;550,4,19,25,53,80;925,4,3,18,50,92;24,1,98;451,2,129,143;26,3,78,104,138;27,1,176;453,2,193,197;454,5,9,26,43,167,231;234,1,111;826,1,44;235,3,12,25,73;700,2,73,105;552,4,8,18,101,176;926,8,7,19,29,57,106,130,140,203;237,5,43,92,151,187,202;29,2,236,359;30,2,74,84;687,4,6,16,50,107;794,2,20,146;458,2,190,247;835,4,4,10,17,129;555,5,7,16,184,211,231;397,1,291;459,2,163,204;238,4,36,85,90,107;33,1,149;34,8,10,25,77,112,151,226,244,257;461,1,219;36,1,118;239,1,137;38,2,88,221;927,3,1,12,29;928,1,50;41,1,145;42,2,53,221;43,2,88,194;44,5,135,153,201,219,283;45,2,170,178;556,6,69,83,101,148,190,206;46,1,112;241,2,175,197;51,4,2,12,36,155;465,4,1,10,24,206;54,1,49;55,1,197;57,1,118;466,1,43;929,1,71;311,6,13,32,44,431,460,478;930,3,1,15,53;799,7,7,20,34,76,86,108,147;62,6,15,31,52,80,95,106;248,3,14,33,59;467,3,5,18,31;891,1,41;249,2,11,23;632,1,51;468,1,123;761,1,91;65,3,9,19,25;403,12,34,52,61,125,169,239,308,324,350,390,423,456;778,1,220;68,1,220;741,3,6,16,29;634,4,3,15,37,182;404,3,9,23,40;71,2,95,178;931,1,66;801,1,60;469,4,118,134,155,267;471,1,86;73,6,67,108,154,229,266,277;802,2,92,136;472,5,6,19,35,62,167;74,3,7,19,39;803,3,69,126,178;704,3,81,103,129;635,2,40,55;339,1,74;932,4,14,37,72,195;473,4,54,66,107,469;933,3,6,20,42;475,1,95;892,2,13,27;476,3,11,23,81;893,3,12,25,65;934,1,33;607,3,7,26,46;565,4,9,28,43,54;406,3,9,19,36;762,5,2,15,59,154,251;75,6,52,208,219,264,469,600;340,4,1,12,30,60;77,6,11,26,57,95,133,163;636,6,4,15,50,58,76,89;895,5,3,16,34,74,85;935,4,1,7,47,87;78,1,55;79,3,12,28,60;688,2,13,36;779,1,237;252,3,8,17,41;477,4,7,17,93,108;80,7,30,45,162,223,298,311,343;81,6,7,19,48,69,107,125;82,3,89,134,142;83,3,1,7,18;764,5,2,8,58,99,139;566,5,5,15,34,101,179;407,3,59,74,174;936,2,47,136;567,4,10,21,52,83;765,5,10,21,27,56,69;840,1,74;637,1,65;608,3,154,158,182;478,9,12,25,66,131,220,239,257,318,338;253,7,3,17,37,81,98,111,127;408,7,5,16,31,48,67,79,95;742,1,319;480,6,6,16,23,174,183,200;937,5,6,14,24,75,79;89,4,30,63,109,132;805,1,81;482,6,3,12,21,75,106,168;483,2,6,21;806,4,4,19,82,112;807,1,23;780,1,129;938,2,27,50;939,1,47;342,1,87;90,3,10,21,51;488,8,5,14,33,49,80,102,160,224;93,3,45,114,149;343,3,3,20,38;639,1,156;766,2,68,83;767,1,48;921,2,72,91;344,1,117;99,2,77,108;100,3,97,161,187;570,1,95;845,1,27;675,2,202,228;730,1,103;104,1,188;641,6,3,13,30,61,72,120;571,10,9,20,36,80,107,133,167,193,215,236;642,7,7,16,24,44,183,197,273;610,5,5,11,14,32,59;940,4,9,19,28,95;645,3,7,18,34;494,3,7,15,24;646,3,2,13,71;647,3,32,41,80;495,6,16,33,50,70,180,186;810,3,7,23,51;108,5,94,99,134,192,212;846,1,39;847,1,29;769,5,4,14,23,139,150;110,1,104;941,1,33;115,5,4,14,47,67,204;116,1,29;118,2,38,98;574,1,64;575,3,11,23,81;262,5,6,18,48,67,89;576,3,8,27,59;649,4,12,28,51,68;650,1,77;902,1,52;500,3,7,16,39;122,3,31,146,171;579,2,43,59;348,5,1,7,17,64,74;903,1,36;126,1,67;827,1,52;813,1,62;418,3,23,47,66;651,5,8,20,33,120,203;128,6,9,19,36,129,142,200;652,3,120,186,261;732,5,6,20,44,195,235;690,2,48,69;130,7,9,23,30,69,84,190,229;691,3,3,15,30;131,5,1,14,44,109,365;653,5,28,73,87,112,133;905,1,35;419,2,28,116;656,1,87;942,1,38;511,1,127;136,3,31,46,83;657,3,8,21,50;734,2,131,139;512,2,211,255;658,1,160;583,5,6,13,17,31,57;828,1,107;907,1,98;266,1,86;141,1,153;142,3,4,9,90;584,4,10,24,70,125;857,3,6,14,31;267,2,137,191;661,1,86;268,4,3,25,56,72;662,1,66;585,7,4,20,41,106,124,140,180;144,4,19,43,67,113;145,1,42;772,4,2,15,30,85;146,3,96,112,122;424,2,140,223;773,2,44,84;353,7,3,16,34,83,92,106,140;680,2,20,61;150,1,168;151,1,205;153,1,171;664,1,102;274,1,252;275,1,42;277,3,9,20,42;519,3,104,237,255;858,1,29;589,6,12,26,37,48,84,130;908,2,47,191;859,1,143;717,6,45,77,120,130,163,212;665,1,39;783,3,5,19,43;167,1,132;816,1,84;524,4,49,79,135,185;667,3,6,21,49;525,1,14;668,4,3,16,84,148;669,3,14,33,65;316,1,167;375,2,181,288;284,3,17,46,74;526,10,6,28,51,204,216,242,379,407,467,657;595,1,69;287,1,121;181,1,90;912,1,140;866,1,112;943,1,38;944,2,1,10;294,3,4,16,39;188,2,164,183;189,1,138;295,2,196,201;532,1,52;670,3,3,13,21;872,2,143,286;297,1,61;432,9,4,10,27,61,76,94,108,142,160;433,1,232;200,3,35,71,162;945,1,61;299,4,37,125,229,266;883,3,137,156,169;601,1,62;823,1,64;946,2,109,115;212,7,45,63,91,105,120,151,165;302,1,21;213,4,30,38,144,160;602,4,11,23,36,198;214,1,39;215,2,40,49;724,1,113;305,2,163,183;748,1,69;216,2,63,94;604,1,95;541,6,6,16,22,45,135,206;542,3,7,14,35;543,3,19,41,62;544,3,10,21,49;306,4,73,138,198,209;219,4,3,20,95,223;220,1,94
44,296,866:1,1,112;391,5,77,105,118,126,184;922,3,3,14,25;438,6,8,23,36,55,66,78;947,2,9,30;890,1,37;788,5,10,24,62,140,208;222,3,15,31,105;223,6,99,107,126,183,211,251;3,1,93;776,5,7,14,22,42,143;4,2,123,144;923,2,34,51;750,1,28;924,3,11,29,48;440,9,21,57,93,151,175,184,217,236,261;6,1,294;751,2,19,125;790,1,90;392,3,50,110,126;605,3,4,12,46;696,3,13,27,132;225,3,70,115,135;443,2,10,26;226,4,5,17,39,155;14,3,147,161,168;618,5,8,25,56,101,121;394,4,10,26,52,86;698,3,6,23,44;791,1,55;752,6,8,22,38,79,213,237;753,2,118,132;395,4,3,12,28,49;792,10,2,14,27,84,128,144,192,235,258,268;228,4,9,22,61,290;18,3,8,21,40;322,4,9,19,192,214;229,3,8,17,40;230,6,12,33,74,115,271,301;20,1,142;232,8,119,155,244,252,258,286,359,422;233,3,7,16,65;621,4,7,16,44,98;549,5,11,23,36,61,110;448,2,106,183;622,1,222;22,2,82,115;756,2,8,22;685,4,4,16,31,167;550,1,20;925,4,4,19,51,93;25,2,17,66;451,1,144;26,1,105;27,1,177;453,2,194,198;454,5,10,27,44,168,232;234,2,86,112;235,2,13,26;700,1,74;552,4,9,19,177,199;926,8,8,20,30,58,80,107,131,204;237,3,44,93,188;29,2,237,360;30,1,85;687,4,7,17,51,108;794,1,147;835,4,5,11,18,130;555,5,8,17,185,212,232;238,4,37,86,91,108;34,8,11,26,78,113,152,227,245,258;461,1,220;36,1,119;239,1,138;38,1,222;927,3,2,13,30;928,1,51;41,1,146;42,3,54,222,273;43,1,195;44,5,136,154,202,220,284;45,2,50,179;556,7,70,84,102,127,149,191,207;241,2,176,198;51,4,3,13,37,156;465,4,2,11,25,218;54,1,50;798,2,35,67;466,1,44;929,1,72;311,6,14,33,45,432,461,479;930,1,54;799,7,8,21,35,49,77,109,148;62,6,16,32,53,81,96,107;63,1,191;248,2,15,34;467,1,155;249,2,12,24;468,1,124;761,1,92;65,3,10,20,26;403,10,35,62,126,170,309,325,351,391,424,457;66,2,106,114;778,1,221;68,1,221;741,2,7,17;634,4,4,16,38,183;404,3,10,24,41;71,2,96,179;314,1,156;801,1,61;469,3,135,156,268;471,1,87;73,6,68,109,155,230,267,278;802,2,93,137;472,5,7,20,36,63,168;74,3,8,20,40;803,3,70,127,179;704,5,74,82,92,104,130;635,4,41,56,91,146;339,1,75;932,4,15,38,73,196;473,1,470;933,3,7,21,43;476,1,42;893,1,66;894,1,84;934,1,34;607,3,8,27,47;565,4,10,29,44,55;406,3,10,20,37;762,5,3,16,60,155,252;75,18,53,153,158,172,183,231,299,349,378,399,412,426,470,475,502,536,579,601;340,4,2,13,31,61;77,6,12,27,58,96,134,164;636,5,5,16,51,59,77;895,5,4,17,35,75,86;935,3,2,8,88;78,1,56;79,3,13,29,61;688,2,14,37;252,3,9,18,42;477,4,8,18,94,109;80,3,224,299,344;81,5,8,20,70,108,126;82,3,90,135,143;83,3,2,8,19;764,5,3,9,59,100,140;566,4,6,16,35,180;407,3,60,75,175;936,2,48,137;567,4,11,22,53,84;765,4,11,22,57,70;608,3,155,159,183;478,9,13,26,67,132,194,221,258,319,339;253,6,4,18,38,82,112,128;408,8,6,17,32,49,80,96,104,143;742,1,320;480,5,7,17,24,184,201;937,5,7,15,25,76,80;89,3,31,64,133;482,6,4,13,22,76,107,169;483,2,7,22;806,3,5,20,83;807,1,24;780,2,130,161;938,2,28,51;939,1,48;342,1,88;90,3,11,22,52;486,1,50;487,2,173,306;488,2,50,225;489,2,78,97;93,1,150;343,3,4,21,39;639,1,157;99,1,109;100,3,98,162,188;104,1,189;412,1,173;641,5,4,14,31,62,73;571,9,10,21,37,81,108,134,168,216,237;642,7,8,17,25,45,184,198,274;610,1,15;940,2,29,96;676,1,113;260,2,61,160;645,3,8,19,35;647,1,33;495,4,17,34,71,181;810,3,8,24,52;108,4,95,100,193,213;846,1,40;847,1,30;769,5,5,15,24,140,151;573,1,92;941,1,34;115,2,68,205;116,1,30;574,1,65;262,3,7,19,68;576,3,9,28,60;649,4,13,29,52,69;650,1,78;902,1,80;500,3,8,17,40;122,3,32,147,172;747,1,185;348,4,2,8,65,75;126,2,28,68;827,1,53;503,1,67;813,1,63;418,3,24,48,67;651,4,34,83,130,204;128,6,10,20,37,130,143,201;652,2,121,187;732,5,7,21,45,196,236;690,2,49,70;130,7,10,24,31,70,85,191,230;691,4,4,16,31,50;131,8,2,15,45,82,96,100,110,366;653,5,29,74,88,113,134;655,1,131;351,2,47,75;656,1,88;511,1,128;136,2,47,84;657,3,9,22,51;733,4,110,142,203,237;734,2,132,140;512,2,212,256;421,1,160;658,1,161;583,3,18,32,58;828,2,27,131;584,5,11,25,71,126,201;267,2,138,192;661,1,87;268,4,4,26,57,73;662,1,67;585,7,5,21,42,107,125,141,181;144,4,20,44,68,114;145,1,43;772,4,3,16,31,86;269,1,112;146,1,113;424,7,3,15,38,56,64,141,224;773,2,45,85;353,7,4,17,35,84,93,107,141;680,1,62;150,1,169;153,1,172;274,1,253;277,3,10,21,43;783,1,44;428,1,29;667,3,7,22,50;525,1,15;668,4,4,17,85,149;669,3,15,34,66;316,1,168;375,2,182,289;284,3,18,47,75;526,7,205,217,243,264,293,408,513;595,1,70;287,1,122;292,1,212;532,1,53;670,3,4,14,22;297,1,62;432,9,5,11,28,62,77,95,109,143,161;433,1,233;200,4,36,72,125,163;945,1,62;299,4,38,126,230,248;206,3,7,22,40;601,1,63;775,3,6,12,29;671,5,4,12,40,111,150;823,1,65;212,1,121;302,1,22;213,1,39;602,4,12,24,37,199;214,1,40;215,1,50;305,2,164,184;748,1,70;216,2,64,95;604,1,96;541,4,7,17,23,207;543,3,20,42,63;306,4,74,139,199,210;219,4,4,21,96,224
45,31,67:1,1,113;319,1,168;13,1,90;791,1,44;40,1,143;327,1,267;328,1,44;48,2,54,177;311,1,247;249,2,64,96;252,1,143;479,2,1,13;948,6,6,12,53,92,109,141;254,1,81;343,3,5,22,40;949,4,5,11,65,75;265,9,17,34,87,90,122,141,145,164,230;423,1,278;266,2,23,30;151,1,54;155,2,92,331;743,1,44;523,1,117;366,6,8,21,93,105,137,167;524,3,15,34,39;316,4,169,269,349,361;526,1,625;182,1,138;299,1,39;603,3,8,17,95;216,2,6,15
46,202,348:1,1,114;438,1,90;788,4,2,16,53,175;222,4,4,20,38,55;223,1,166;2,1,65;923,1,20;924,3,85,125,152;885,3,4,11,32;7,1,91;790,1,133;393,1,92;11,4,3,17,43,57;696,3,8,22,152;224,2,163,219;14,1,134;394,1,40;15,1,172;321,1,135;791,1,86;228,1,119;229,1,102;230,5,1,22,68,89,267;793,1,83;754,1,61;549,6,4,16,29,47,365,480;448,4,7,23,43,254;685,2,114,157;451,1,136;27,2,71,109;454,2,140,152;236,2,207,234;700,1,224;552,1,152;687,1,76;32,4,2,10,26,115;459,1,339;33,2,125,244;34,1,144;36,3,2,20,259;239,1,240;37,1,36;38,2,257,265;928,3,1,9,42;41,1,152;42,2,14,30;43,2,224,232;44,1,229;47,5,11,33,89,251,286;557,2,107,127;836,4,3,20,51,114;628,2,1,20;797,1,63;54,1,55;58,1,163;837,1,60;702,2,149,194;60,4,3,13,37,87;561,1,131;247,4,92,199,203,257;950,3,2,10,54;562,1,134;467,3,43,72,81;64,1,316;468,3,133,147,208;761,1,109;674,3,2,18,119;68,1,37;70,2,1,10;338,2,11,27;404,2,5,19;801,2,103,115;471,2,1,11;73,2,199,257;472,2,49,134;934,4,2,14,26,53;762,1,260;935,1,52;252,3,1,10,26;80,2,184,206;82,1,58;936,3,2,13,168;637,3,3,12,46;409,1,129;480,2,126,136;89,1,58;481,3,1,12,98;90,1,60;639,1,112;490,2,132,176;257,1,240;99,1,200;844,1,76;108,3,122,251,271;109,3,44,65,90;498,1,35;117,1,88;118,1,88;119,3,181,202,224;578,1,54;121,1,305;849,1,73;348,1,112;850,2,40,330;418,2,6,30;651,2,3,15;732,2,84,95;263,1,181;131,1,41;653,1,21;655,1,126;508,1,79;134,3,72,112,172;351,1,236;771,1,107;656,1,108;136,1,139;580,1,36;581,1,29;854,1,40;734,2,47,53;677,2,7,15;583,2,82,111;352,1,95;140,1,230;143,3,28,110,236;679,2,35,64;814,1,109;268,1,54;516,2,100,133;715,1,303;144,1,50;146,1,30;353,1,88;680,1,15;270,2,217,353;148,2,250,274;149,4,2,10,22,91;150,1,173;360,1,291;151,3,164,201,213;517,2,118,150;152,1,234;664,1,87;273,3,77,360,382;586,2,52,160;157,1,167;365,2,15,32;716,3,18,44,97;519,1,161;523,1,34;367,2,95,116;783,1,144;719,1,28;951,1,75;667,1,175;668,1,230;316,2,181,228;285,2,5,25;595,1,112;527,1,83;174,3,166,213,274;288,1,71;289,1,36;292,4,71,79,107,330;864,1,79;185,2,52,211;186,1,86;774,2,2,20;952,1,34;187,2,107,219;188,1,77;430,3,11,31,146;192,1,113;870,4,1,8,60,92;533,1,141;196,1,44;873,1,91;874,1,80;298,1,32;722,2,2,10;200,1,29;384,2,289,331;201,2,70,87;202,1,195;204,1,180;598,1,73;299,2,118,226;434,1,81;671,1,114;207,3,5,30,52;301,1,45;210,1,53;539,1,93;212,1,155;602,1,323;304,4,101,123,138,159;683,1,146;953,1,61;390,1,264;307,1,192;219,1,189
47,25,27:1,1,116;791,1,82;549,1,352;25,1,152;26,1,55;835,1,20;238,2,297,353;55,1,116;560,1,77;761,1,99;568,1,44;253,1,85;408,1,52;254,1,48;806,1,47;97,1,282;769,1,28;126,1,55;349,2,172,195;513,1,77;814,1,104;353,1,61;148,1,110;375,1,214;944,1,31
48,7,7:1,1,117;954,1,121;628,1,138;334,1,145;579,1,124;351,1,151;681,1,133
49,1,1:1,1,121
50,226,297:1,1,126;222,1,46;223,3,81,103,320;319,1,258;4,1,68;750,1,62;924,1,146;6,1,90;309,1,139;751,1,33;11,1,36;14,1,136;619,2,67,115;15,2,71,174;698,1,141;791,1,58;752,1,138;753,1,42;16,1,124;17,1,89;792,1,239;228,1,97;322,1,181;547,3,146,324,347;19,1,113;230,1,171;20,1,177;548,1,264;232,3,103,220,372;549,3,44,230,293;955,1,57;756,1,106;24,1,87;450,1,105;686,1,50;451,2,89,111;26,1,142;27,2,201,231;234,1,70;457,4,70,113,122,138;29,2,197,224;553,1,62;325,1,134;835,1,51;554,1,267;555,1,200;956,1,142;397,2,124,242;460,1,67;33,1,91;726,1,76;461,1,52;758,3,62,168,221;759,1,68;42,1,111;44,1,319;400,3,49,179,382;557,2,47,83;50,2,246,282;51,2,45,123;52,1,113;242,1,180;629,1,78;55,1,168;58,1,71;560,1,125;59,1,233;245,2,62,96;60,1,84;799,3,81,163,206;62,1,103;950,1,50;64,1,266;800,2,33,80;468,2,83,144;336,1,125;338,1,79;313,2,160,219;404,1,77;72,1,75;469,1,59;564,2,33,112;73,2,191,287;472,1,104;704,2,96,173;473,1,227;405,1,122;934,1,55;607,1,218;75,1,592;76,1,70;77,1,191;79,1,35;81,1,142;82,1,138;608,1,84;86,1,116;87,1,90;254,1,93;342,1,233;90,1,54;410,1,71;957,1,77;639,4,249,337,419,440;95,1,65;97,1,154;915,1,177;256,2,257,337;257,2,173,231;102,1,201;411,1,96;104,1,79;412,1,106;641,1,114;106,1,104;705,1,105;706,1,71;769,1,239;573,2,38,100;115,2,113,149;416,1,88;118,2,128,158;689,3,50,110,145;650,2,47,106;122,1,128;348,1,101;850,1,211;126,1,125;851,1,131;503,1,166;418,3,105,189,228;349,1,223;128,1,272;263,1,73;129,1,139;690,1,84;264,1,135;131,1,115;653,1,124;905,1,120;133,1,221;508,1,75;350,1,150;134,2,65,167;351,2,175,222;510,1,62;511,1,92;420,1,87;692,1,57;856,2,122,154;677,1,88;421,1,140;828,1,87;584,1,232;267,1,142;814,1,129;515,1,60;715,2,150,195;150,1,63;360,2,157,187;517,1,126;271,1,133;272,1,143;273,1,302;361,1,63;277,4,52,107,134,190;425,1,85;158,1,190;519,6,92,198,282,304,428,456;693,1,111;717,1,96;162,1,66;919,1,98;909,1,37;368,2,45,91;280,1,202;591,1,139;524,1,138;284,1,68;285,1,135;526,2,239,309;288,1,121;531,1,130;291,1,222;738,1,48;862,1,97;177,2,68,105;958,2,55,82;292,3,47,109,224;180,1,69;889,1,103;866,1,130;183,1,77;959,1,43;187,1,146;188,1,225;532,1,56;670,1,117;695,1,70;872,1,161;534,1,105;821,1,114;382,1,46;433,2,98,161;384,1,192;385,1,91;387,1,25;537,1,81;597,1,114;204,1,262;914,1,63;434,1,49;207,1,206;208,1,59;212,2,48,141;602,1,306;724,1,120;305,1,169;748,1,90;683,2,79,194;541,2,139,166;543,1,73;672,2,75,148;306,1,241;219,2,153,208;546,1,85
51,24,25:1,1,128;319,1,181;792,1,133;238,2,148,170;758,1,223;837,1,110;313,1,221;475,1,128;76,1,82;608,1,119;806,1,130;639,1,402;857,1,95;146,1,152;152,1,163;160,1,61;181,1,171;193,1,163;196,1,108;433,1,164;201,1,130;208,1,98;212,1,93;219,1,291
52,111,125:1,1,129;222,1,71;3,1,104;319,1,182;830,2,29,163;750,1,31;698,1,237;753,1,67;547,1,128;232,1,354;448,1,265;25,1,87;699,2,111,188;234,1,79;700,1,92;325,1,243;458,1,57;554,1,215;777,1,21;238,1,149;795,1,142;33,1,231;36,1,311;758,2,183,224;42,1,187;48,1,56;242,1,183;837,1,111;63,1,210;838,1,92;337,1,124;313,1,222;469,1,186;472,1,56;74,1,144;76,3,41,44,84;477,2,67,102;608,1,25;742,1,141;937,1,88;806,1,97;960,1,36;841,1,22;639,1,403;256,1,303;491,1,144;640,1,122;103,1,201;730,1,66;259,1,97;345,1,205;770,1,81;707,1,62;262,1,51;579,1,104;503,1,64;128,1,57;131,1,351;350,1,110;613,1,134;135,1,128;733,1,124;856,1,74;421,1,80;828,1,105;140,1,184;678,1,72;423,1,62;857,2,57,96;517,1,183;152,1,165;586,1,59;363,1,49;155,1,136;277,1,152;278,1,145;908,1,86;279,1,81;427,2,129,139;666,1,109;614,2,19,76;371,1,77;283,1,190;375,1,236;284,1,197;526,1,140;288,1,133;531,1,184;176,1,29;178,2,64,95;181,1,172;186,1,83;867,1,59;596,1,39;196,1,110;961,1,106;534,1,110;317,1,127;433,1,111;876,1,17;200,1,52;597,1,65;204,2,272,407;883,1,213;600,1,97;538,4,161,203,285,308;212,1,94;302,1,61;602,1,416;683,1,124;879,1,172
53,36,55:1,1,132;740,3,3,12,25;552,1,191;794,1,92;701,1,114;59,1,114;633,1,38;608,4,146,164,191,236;342,1,103;98,1,67;491,1,92;675,1,298;112,3,3,19,48;577,1,120;351,1,65;661,1,49;962,4,2,12,23,89;359,4,36,87,123,139;920,1,85;694,1,25;816,1,34;736,1,170;531,5,31,65,113,118,195;952,1,69;193,1,82;197,1,92;383,2,55,139;384,1,72;385,1,49;386,1,35;387,1,47;597,1,45;203,2,287,346;214,1,37;540,1,91;544,1,76
54,524,1622:1,1,133;391,7,3,17,36,68,91,157,209;922,3,7,18,32;438,4,15,30,45,82;890,2,5,14;788,3,97,166,184;223,3,164,254,329;776,1,144;4,1,31;789,7,2,12,28,65,103,121,136;5,1,32;923,2,6,12;750,3,3,12,22;924,6,18,36,63,77,95,122;440,1,38;6,7,3,11,44,73,83,203,244;885,3,7,14,40;744,4,2,8,35,84;441,5,18,36,48,87,146;309,5,15,109,125,161,172;751,7,6,12,20,47,89,105,161;9,3,9,18,43;790,2,2,7;392,5,13,27,45,53,122;831,1,43;393,5,3,14,27,60,142;224,1,177;225,6,8,22,44,58,124,165;617,5,2,15,31,87,110;443,2,54,383;226,2,31,63;697,1,86;13,1,137;14,1,179;618,1,202;394,1,139;227,2,16,41;619,2,63,177;15,2,81,141;698,5,51,85,150,163,199;321,1,138;791,3,2,20,60;753,4,3,9,91,123;444,1,26;16,1,40;17,3,4,18,213;792,1,161;228,2,260,337;18,2,56,93;793,3,3,14,24;20,6,50,129,143,155,168,173;548,3,61,146,210;447,4,3,16,29,67;754,3,4,13,21;755,5,5,10,36,92,145;232,6,63,92,161,180,201,391;621,2,146,149;832,1,42;549,6,12,24,37,88,127,260;448,3,16,32,56;622,10,42,53,76,85,122,181,200,211,226,234;833,3,5,14,35;955,1,46;23,3,29,73,95;685,4,12,24,39,126;740,3,4,13,26;449,5,6,16,25,59,149;834,2,32,258;24,2,95,138;25,2,96,110;686,4,7,18,29,57;451,3,25,86,125;954,5,3,15,61,128,136;452,2,5,17;963,1,38;26,6,10,20,23,37,52,61;699,3,21,42,45;27,2,42,124;453,4,32,187,201,215;454,2,134,207;234,1,63;235,3,36,80,85;700,3,41,83,239;456,1,282;552,7,10,20,23,76,111,188,192;926,6,12,24,33,53,90,155;237,3,48,120,156;624,2,133,228;625,3,2,7,19;687,2,10,20;325,4,2,11,115,170;326,2,2,15;794,6,26,45,53,71,96,106;458,3,8,23,44;835,1,136;777,2,3,12;555,1,23;626,2,6,12;964,2,6,12;397,9,6,17,34,143,152,183,209,231,250;757,2,2,11;238,3,6,12,21;795,4,1,7,20,127;460,6,2,8,20,45,60,86;726,1,26;34,1,66;35,1,63;36,3,49,152,204;239,1,152;462,1,60;37,1,52;758,1,201;38,8,50,58,63,116,156,187,223,240;927,3,11,22,41;928,2,8,16;39,5,9,18,27,35,88;40,1,67;399,1,36;41,4,5,10,28,192;42,4,41,131,161,225;43,8,50,58,63,116,132,170,196,208;44,7,129,132,155,186,221,278,297;463,1,115;45,5,23,66,91,123,158;556,3,5,15,28;400,10,5,17,26,61,73,107,196,229,329,353;464,4,8,16,29,41;47,2,207,244;240,2,189,268;327,1,40;557,3,2,11,36;329,1,138;241,3,141,177,199;50,7,14,32,60,118,135,147,158;51,1,59;836,3,7,24,84;628,5,14,33,65,172,191;52,3,128,221,254;242,4,66,88,119,178;243,1,23;53,8,4,9,22,113,118,138,177,195;797,5,1,8,27,53,101;401,2,29,72;55,9,2,14,31,53,74,80,86,97,105;330,2,13,26;56,2,246,259;57,3,52,104,110;244,2,31,57;332,1,75;58,1,52;559,3,7,20,32;560,2,17,34;59,1,66;606,6,7,14,17,40,89,125;310,2,22,111;798,4,11,22,24,89;466,1,73;929,5,10,23,37,48,62;245,1,93;311,5,15,34,46,433,480;334,2,19,38;630,2,62,89;247,1,116;63,8,3,9,20,29,95,108,165,200;950,2,28,47;562,2,7,20;467,3,13,26,91;249,2,36,47;632,4,78,92,155,211;468,1,202;760,3,22,52,121;761,3,6,32,56;402,6,9,27,71,103,183,218;66,4,1,10,25,49;838,1,160;67,7,3,26,53,110,148,163,203;633,6,13,26,42,98,102,112;250,3,4,20,46;69,2,39,125;337,1,37;338,1,50;313,1,242;634,1,42;71,3,16,32,215;72,1,39;314,1,147;315,2,98,133;931,1,44;801,4,2,9,16,57;471,1,34;73,5,11,27,79,132,300;802,5,59,67,82,103,129;472,7,13,26,37,64,69,119,127;74,1,107;803,4,5,18,30,110;704,5,42,70,123,150,204;635,10,3,10,22,71,90,96,101,140,145,151;339,2,91,193;251,1,88;965,3,10,21,42;932,1,111;473,4,114,141,223,347;933,1,81;474,6,3,11,70,152,191,194;475,4,3,9,22,39;405,2,91,98;893,1,67;894,1,53;934,3,7,19,46;565,3,19,38,52;406,1,56;762,4,10,23,27,227;75,5,8,16,80,363,624;763,2,41,90;340,3,11,22,63;77,1,67;636,4,11,22,26,67;688,2,18,41;779,6,49,87,121,143,168,195;252,2,50,231;80,2,172,284;82,1,42;83,2,6,12;764,1,22;566,2,165,213;804,1,35;407,6,12,28,65,156,203,218;568,2,38,71;765,1,37;85,4,9,18,66,107;728,2,2,16;608,8,29,44,131,147,165,192,237,254;253,2,137,148;408,2,121,131;87,3,137,147,180;409,3,138,142,158;88,4,5,22,48,107;742,2,53,62;480,8,2,12,42,97,109,131,140,239;937,2,29,37;89,3,32,54,137;805,2,13,26;341,10,2,12,14,24,27,32,60,97,114,151;481,1,39;482,2,25,234;483,2,15,30;806,4,12,27,38,125;484,3,8,16,27;807,5,7,14,40,57,77;729,3,5,16,32;780,5,7,18,43,63,141;897,3,3,15,35;485,1,34;938,4,3,13,32,64;939,5,3,11,17,25,53;342,7,5,16,33,124,133,179,210;960,3,6,12,21;487,6,134,159,163,246,321,335;966,1,14;898,10,4,10,44,61,100,106,120,138,147,161;488,1,37;410,3,3,18,76;489,4,3,17,31,73;639,3,332,335,388;94,2,7,14;95,5,6,22,42,77,132;96,1,92;97,4,6,23,143,183;809,3,5,20,52;98,9,1,7,56,68,137,163,180,200,219;915,3,12,24,53;967,3,4,27,50;256,3,11,34,60;99,2,22,44;100,9,7,15,20,51,72,82,118,130,174;609,4,40,75,84,94;102,1,151;491,2,93,196;899,1,56;844,3,13,29,54;675,7,6,12,100,177,206,217,299;103,1,213;104,2,45,201;412,6,4,16,27,201,220,231;641,2,5,15;571,2,169,238;642,4,132,142,148,175;940,1,30;106,4,1,11,36,46;676,2,59,106;493,6,8,24,38,102,119,191;107,2,11,23;705,5,7,15,53,77,97;746,3,3,14,27;643,2,17,42;413,5,4,8,23,62,67;645,1,40;646,1,31;810,2,61,115;768,2,7,18;108,1,229;968,2,3,10;345,1,37;846,3,33,54,88;969,3,19,30,71;497,4,36,80,96,104;109,6,3,12,21,122,130,156;573,3,14,28,71;110,1,30;112,7,4,20,49,72,102,108,177;770,2,22,96;113,2,10,20;114,2,24,74;115,1,147;414,1,30;415,1,95;117,2,95,149;416,3,4,23,54;707,3,74,98,151;120,2,311,327;611,3,15,30,42;574,4,4,17,29,50;575,6,6,18,27,42,50,117;262,2,69,84;576,1,70;649,4,16,32,56,74;577,4,10,20,25,121;417,4,2,12,29,132;901,2,7,20;578,3,8,20,35;650,5,6,18,56,103,126;121,5,28,45,134,178,229;902,4,5,10,23,76;500,1,75;970,3,13,26,56;122,4,38,50,61,181;747,2,56,167;123,3,13,26,58;347,2,36,67;348,1,57;124,2,15,30;502,6,8,17,34,47,85,94;503,4,11,27,45,71;731,4,12,29,70,120;418,2,176,263;349,3,17,34,143;651,4,29,138,146,215;128,1,208;652,1,179;732,2,57,74;129,2,94,183;130,5,49,53,66,145,195;691,2,8,20;264,3,14,28,223;131,5,13,26,32,88,274;781,6,2,15,64,83,138,193;504,4,18,105,134,215;708,1,5;904,2,53,72;654,7,8,17,23,77,131,143,156;505,4,18,74,120,137;906,1,105;132,4,34,209,230,263;709,4,8,17,55,142;971,3,9,20,41;782,1,32;710,2,41,61;506,1,174;508,2,15,30;134,3,50,68,193;351,5,4,16,26,66,227;613,5,17,36,101,115,157;656,4,18,40,64,145;135,1,90;942,3,2,6,43;511,1,42;136,3,11,68,127;420,3,4,20,46;734,1,103;677,5,5,13,104,172,180;512,5,84,122,146,200,272;421,6,7,17,59,133,137,177;582,1,55;583,5,28,48,79,108,118;828,2,8,16;137,2,6,16;352,3,15,30,66;138,1,55;139,1,191;678,4,18,36,52,123;584,1,190;267,4,63,80,95,139;661,2,29,50;814,4,4,8,10,124;268,1,67;514,4,23,111,139,196;515,3,47,57,78;516,1,179;662,3,3,8,112;715,13,16,32,42,74,82,161,165,174,201,209,216,229,240;585,4,10,26,47,89;144,5,108,156,265,277,293;145,3,2,12,36;269,4,7,20,59,87;146,4,70,84,92,116;424,4,28,98,164,217;773,1,38;962,5,3,13,24,65,90;148,5,5,22,129,192,260;357,3,3,11,19;359,3,10,20,24;360,5,8,37,64,96,117;517,2,16,32;663,1,29;152,2,91,215;153,1,187;664,3,4,21,41;829,3,7,36,100;271,1,141;272,1,151;274,4,26,56,103,254;586,1,85;362,2,13,32;275,1,109;518,3,92,102,127;681,1,115;155,1,66;364,4,21,42,75,209;277,4,100,121,162,215;365,2,6,23;972,2,122,135;366,2,13,26;367,1,82;815,2,2,11;860,3,13,32,57;783,1,65;280,9,5,33,64,87,109,181,225,241,309;168,1,44;591,3,2,11,20;816,4,3,13,38,77;169,2,41,63;524,4,13,32,41,140;817,4,5,16,41,59;614,7,24,32,40,54,71,87,97;371,6,83,98,105,113,126,214;170,1,91;667,3,15,30,75;525,3,2,8,19;669,1,60;316,3,124,203,210;374,5,2,17,35,108,129;375,4,41,80,112,274;376,1,48;285,7,12,32,65,189,261,302,311;526,5,62,156,590,616,619;595,1,244;527,1,80;172,2,8,26;173,3,5,19,36;377,5,82,88,98,109,127;531,3,61,69,117;917,1,40;737,3,5,15,38;176,5,85,107,138,182,231;178,1,47;187,1,150;188,1,223;193,1,47;670,5,40,50,84,155,206;739,3,45,60,147;297,4,4,8,24,68;821,1,136;381,3,13,26,46;432,1,148;535,5,6,21,38,55,90;382,3,24,36,50;317,5,8,25,98,159,242;433,4,5,13,24,58;822,1,60;198,1,91;784,1,37;383,3,2,13,93;384,4,18,36,73,168;385,3,11,22,38;386,3,6,21,132;387,2,2,12;388,4,17,60,66,155;537,3,2,16,33;203,11,63,92,164,195,270,288,345,349,380,418,434;299,3,13,28,46;601,2,10,20;775,1,34;434,4,5,13,24,38;973,2,73,116;671,1,76;823,1,55;785,2,44,46;538,1,280;824,5,4,15,43,67,121;212,1,22;302,1,18;215,4,7,15,27,89;724,1,97;435,5,8,26,45,97,110;303,3,23,50,81;683,1,63;541,2,131,232;543,5,70,80,99,140,158;879,2,88,154;544,1,37;953,1,44;217,9,6,9,20,23,38,47,85,91,125;545,1,54;218,4,6,28,178,260;786,7,7,19,27,39,48,125,264;749,3,2,16,32;825,9,6,19,29,33,68,80,131,165,200;616,4,43,48,100,107;390,3,2,29,66;306,5,20,40,154,176,344;307,3,7,39,245;308,2,83,173;219,1,119;787,8,7,14,33,46,72,99,131,135
55,307,637:1,1,134;439,2,2,11;318,1,93;319,8,2,11,53,66,103,245,297,364;684,1,11;830,7,3,6,17,65,87,96,165;440,2,1,10;6,1,182;885,1,68;744,7,3,9,36,51,54,114,130;441,2,14,32;8,4,56,62,78,125;9,2,132,143;790,1,13;392,1,54;11,3,187,215,247;443,5,77,102,130,211,263;697,2,1,13;13,2,122,132;15,1,55;228,1,73;229,1,78;447,4,4,17,30,45;622,2,3,16;21,6,6,14,18,220,285,293;23,2,1,13;550,1,21;623,1,94;449,1,136;834,2,209,251;452,1,36;26,4,2,12,122,144;699,3,141,143,245;453,3,90,96,124;454,1,120;236,1,184;700,1,246;456,3,102,196,319;926,4,31,110,205,215;237,1,111;28,1,48;325,2,22,202;326,1,133;458,1,67;397,1,132;460,1,108;33,1,80;726,2,55,121;34,1,183;37,1,94;38,5,133,145,161,181,201;39,3,72,128,151;42,2,177,194;43,2,133,174;45,3,2,12,180;556,1,208;627,3,2,13,27;47,1,109;327,4,94,175,311,352;328,1,101;48,2,118,161;329,1,70;241,1,280;50,1,290;51,3,168,181,193;628,3,58,155,208;52,3,1,11,87;242,1,55;629,1,36;558,2,5,14;330,2,10,23;56,4,338,363,374,384;331,3,2,12,64;57,4,9,25,49,83;332,2,82,190;58,1,110;559,1,94;560,11,44,47,54,57,97,129,150,161,204,223,249;59,2,59,115;333,1,25;466,1,54;929,3,3,16,29;246,1,57;334,4,169,174,177,182;630,2,57,105;561,1,59;335,2,27,66;61,1,62;247,2,101,215;631,1,28;562,2,3,16;403,2,10,20;66,1,72;633,3,9,22,126;68,1,237;69,1,183;313,2,47,53;404,1,71;71,4,97,160,187,217;72,2,67,114;315,2,82,139;469,1,269;802,2,37,73;704,2,38,190;965,2,11,22;474,2,18,56;405,1,111;406,2,53,90;75,4,54,86,602,610;76,2,62,88;763,1,33;77,2,165,181;78,2,73,139;252,3,20,134,178;477,2,71,81;80,1,41;83,2,78,106;566,1,217;974,1,26;85,1,130;608,3,45,101,148;479,2,36,52;87,1,56;742,3,189,255,283;341,1,39;569,3,7,21,33;780,1,79;255,5,7,14,19,43,103;485,3,85,90,95;90,1,113;842,1,51;898,1,165;92,1,101;639,2,25,126;97,2,127,327;915,1,111;344,1,49;256,3,6,29,127;99,1,159;975,1,73;101,1,83;102,1,148;491,1,94;899,2,21,99;844,4,9,25,73,114;949,3,6,12,21;104,3,5,16,38;571,1,135;642,1,20;610,2,56,68;105,1,102;107,4,3,15,43,175;705,3,8,16,54;746,3,28,55,77;643,3,8,33,83;644,2,81,108;108,1,174;846,3,1,16,72;110,3,2,11,57;114,1,26;115,2,169,192;119,1,148;707,2,99,124;262,1,96;577,1,86;900,1,33;122,2,114,152;747,1,57;348,1,14;850,1,103;503,2,87,138;731,3,53,76,140;651,2,26,161;263,1,125;129,3,95,104,115;690,1,35;130,2,187,220;264,1,146;131,5,142,155,163,170,180;653,1,145;506,7,43,48,50,60,116,158,181;350,2,57,237;134,1,51;351,1,113;510,1,91;580,1,127;581,2,57,174;712,1,22;677,2,19,145;582,2,33,67;658,1,214;138,4,125,132,135,152;139,2,139,192;907,1,40;141,1,168;269,3,3,16,145;424,4,4,16,136,228;773,2,46,86;354,1,56;148,1,119;355,3,51,58,98;356,5,12,24,52,212,280;357,5,8,16,31,95,118;358,3,8,16,24;359,1,25;360,4,97,125,147,160;151,1,235;517,3,177,180,217;152,4,155,159,188,238;153,3,106,217,245;361,1,84;363,3,3,6,23;682,3,7,17,23;365,1,60;972,1,62;159,2,105,124;521,1,74;161,1,47;162,2,34,154;163,2,84,148;164,2,58,111;920,2,9,21;367,1,83;368,6,6,12,25,68,77,100;427,1,40;166,4,70,74,112,144;428,1,60;951,1,62;694,1,44;167,1,251;170,1,87;668,2,5,18;526,1,170;172,7,50,59,102,143,180,200,205;173,3,30,99,113;377,1,49;528,1,132;174,1,189;529,1,102;287,1,162;530,1,65;289,1,58;531,4,32,178,196,206;737,1,95;738,1,63;176,7,10,41,154,171,227,237,252;887,2,3,6;862,1,88;177,1,58;178,4,51,72,82,224;292,9,18,32,39,65,100,127,254,306,323;179,3,3,16,47;180,3,42,98,149;910,1,69;912,1,224;865,2,12,48;186,2,102,107;774,1,64;952,2,2,14;943,1,84;976,1,102;944,1,25;532,3,9,29,49;191,3,25,31,50;192,1,50;739,2,75,149;196,1,112;721,1,30;197,1,84;297,1,44;821,1,120;875,2,5,19;432,1,29;382,1,98;433,3,150,199,253;876,1,72;200,2,56,153;383,1,147;384,2,87,99;385,1,81;386,5,55,80,120,154,162;387,1,48;388,7,3,9,15,78,123,138,181;537,1,30;201,1,153;202,1,137;597,1,78;203,1,407;204,5,3,17,131,302,387;598,3,2,16,31;599,1,21;205,1,43;299,1,167;600,2,4,17;538,2,165,194;209,5,3,12,21,53,105;301,1,22;539,1,121;213,1,116;602,3,4,16,309;214,4,3,15,26,110;435,1,69;216,3,123,132,175;545,1,65;786,4,3,23,43,255;221,2,226,236;546,2,157,173
56,24,30:1,1,136;831,3,52,61,87;15,1,74;449,1,158;834,1,212;26,1,109;687,1,32;38,2,160,180;42,1,197;43,2,143,163;628,1,82;80,1,67;81,1,86;637,2,25,41;481,1,85;843,1,85;96,1,114;256,1,312;101,2,78,231;503,1,109;651,1,66;134,1,90;775,1,79;213,1,165
57,241,439:1,1,141;391,1,139;319,1,348;440,1,47;6,1,347;309,2,52,97;605,3,40,52,158;11,1,132;224,2,3,11;443,2,297,377;697,1,31;13,1,142;14,1,26;619,3,13,37,61;698,1,77;445,2,2,19;725,1,52;16,1,144;18,1,84;229,4,1,10,27,126;793,1,39;231,1,83;548,2,73,258;549,2,94,396;324,2,50,63;448,2,135,274;436,1,123;955,1,26;834,1,18;963,1,98;453,2,191,222;235,2,1,14;456,4,2,14,97,294;552,2,2,12;457,2,2,10;30,1,91;326,1,122;554,1,270;777,1,188;238,1,335;795,1,37;33,1,252;35,1,157;461,1,150;36,1,215;239,5,7,36,75,283,304;38,1,210;40,1,51;43,1,183;44,3,159,246,303;463,1,149;400,2,220,263;47,2,64,180;240,2,96,208;327,1,62;557,4,9,18,81,143;329,1,196;241,1,213;465,1,77;437,1,74;629,1,170;332,1,129;929,1,68;247,5,5,23,78,121,250;930,1,33;248,1,89;64,3,103,120,151;402,1,96;838,1,221;778,1,216;68,2,2,17;337,1,99;703,1,92;741,2,2,12;314,1,121;315,3,2,11,20;803,1,100;339,3,12,31,105;473,6,2,18,36,120,161,420;933,2,40,84;474,1,46;475,1,42;405,3,11,22,37;565,3,4,23,57;762,1,223;75,1,317;839,3,1,10,71;77,2,150,171;935,1,77;688,2,3,26;252,1,172;81,2,91,120;83,1,113;566,1,192;567,1,46;608,1,251;409,3,5,16,77;255,1,49;342,1,52;487,1,23;842,1,75;488,2,127,157;343,3,13,30,270;639,1,468;490,1,127;256,1,190;257,1,118;977,1,67;101,1,87;102,4,2,21,47,159;899,2,36,64;844,1,84;640,1,20;570,2,104,141;492,1,51;845,1,35;412,1,52;493,2,149,186;810,1,106;108,5,24,151,179,207,221;847,1,109;769,1,143;110,3,9,18,51;114,2,39,103;261,1,67;848,2,22,61;118,3,126,139,196;689,1,26;119,4,9,22,36,140;576,2,4,23;649,4,2,18,43,84;417,1,43;650,1,73;121,1,254;747,1,66;501,1,84;502,3,20,53,111;813,1,81;732,3,116,150,163;690,2,3,19;131,5,8,21,73,323,363;653,2,59,136;132,1,117;971,2,1,12;506,2,110,124;507,1,66;509,1,22;613,1,148;135,1,118;136,4,3,6,80,147;713,1,68;734,3,65,88,154;512,1,300;658,2,2,9;583,2,3,10;138,3,1,23,93;142,2,79,109;584,6,3,17,162,210,240,247;268,2,1,23;515,1,52;516,2,6,19;772,1,71;424,2,82,113;353,2,121,133;680,2,3,6;151,2,2,24;271,3,5,31,68;272,3,4,29,71;273,3,17,45,210;586,4,1,11,39,106;518,3,80,85,99;587,1,223;277,1,219;278,2,130,148;156,2,106,259;365,1,65;978,1,97;523,1,141;367,4,3,14,34,58;860,1,48;165,1,64;166,1,55;666,3,59,70,153;719,2,1,14;694,1,48;167,5,10,39,93,218,241;720,1,52;282,1,46;170,1,214;283,2,124,136;372,3,86,144,146;667,1,101;316,1,292;375,1,266;285,1,58;526,7,13,35,55,212,225,450,642;595,8,2,21,72,90,96,169,208,237;377,1,77;174,1,200;529,2,108,116;288,1,117;289,4,5,16,178,252;291,3,13,40,152;862,3,1,14,73;177,4,9,20,70,91;292,4,50,90,166,351;889,2,12,27;187,1,45;188,3,19,47,101;189,2,10,40;295,1,45;596,1,320;296,1,25;297,1,63;874,1,24;432,4,2,8,41,104;298,1,55;386,1,133;201,1,144;202,1,91;945,1,59;203,1,130;299,1,89;601,1,64;671,1,137;212,1,172;213,1,34;214,1,124;724,5,11,29,41,146,188;304,1,43;305,3,3,24,47;748,3,2,19,39;216,1,187;683,2,32,157;604,1,402;306,4,2,22,55,247;307,3,10,42,73;308,1,81;220,3,68,98,148;787,1,123;221,1,169
58,43,61:1,1,146;830,1,143;441,1,96;226,1,88;979,1,48;725,1,119;231,1,216;834,1,128;397,1,344;980,1,36;40,1,79;399,4,72,115,178,275;400,4,248,324,370,407;557,1,66;48,1,169;64,1,311;800,1,75;760,1,39;564,1,58;73,1,148;475,1,114;762,4,149,176,181,237;763,3,58,109,137;896,1,54;936,1,114;808,3,123,138,145;96,1,174;977,1,15;844,1,119;115,1,60;131,1,135;142,1,114;424,1,88;273,4,226,270,313,354;165,1,157;524,1,299;526,1,130;865,1,56;873,1,67;822,1,63;973,2,60,67;878,1,71;220,2,103,172
59,26,39:1,1,147;41,1,20;329,1,171;403,1,439;948,1,63;412,1,215;117,1,112;119,1,77;120,1,89;347,3,17,34,64;348,1,46;906,1,102;350,1,156;510,3,8,22,39;151,2,5,27;278,5,23,50,68,74,115;157,4,11,41,87,171;160,1,60;170,1,117;285,1,353;377,1,118;290,1,199;818,1,145;973,1,122;823,1,71;538,2,118,134
60,45,64:1,1,150;4,1,149;8,1,64;393,1,171;13,1,179;449,2,115,143;34,2,161,218;38,2,12,24;39,1,153;43,2,12,24;50,1,297;51,1,51;465,1,227;437,1,87;242,2,53,57;56,1,386;467,1,112;64,1,456;72,2,69,116;83,1,127;86,1,144;742,3,191,257,332;90,1,93;102,1,176;104,3,40,110,208;114,1,89;115,1,194;134,3,18,36,149;421,1,49;517,1,185;152,2,190,240;153,1,266;155,1,278;163,1,196;170,3,18,36,159;172,1,194;289,1,118;176,1,102;184,1,238;596,1,115;875,3,7,21,55;203,3,175,324,409;299,1,169;214,1,98;216,1,134
61,136,172:391,3,1,15,155;922,2,5,16;440,1,243;7,3,2,17,46;309,1,99;751,3,39,99,168;393,2,66,140;224,1,166;225,1,161;443,1,189;618,1,166;394,1,127;321,3,81,99,153;444,1,58;725,1,61;548,1,184;232,1,380;621,1,156;323,1,195;22,1,331;740,1,68;25,2,101,146;963,1,90;699,1,97;235,2,88,148;926,1,121;29,1,24;326,2,105,139;554,1,136;956,2,52,82;37,1,93;928,1,123;42,1,213;45,1,138;400,1,208;464,1,18;241,1,148;558,1,34;56,1,333;57,1,133;332,1,137;311,2,175,441;60,1,39;250,1,69;563,1,46;69,1,88;741,1,67;71,1,158;474,1,38;405,1,94;77,1,63;895,1,49;477,1,79;407,1,34;840,1,77;86,1,113;87,1,85;88,2,7,24;480,1,261;89,1,142;806,1,70;780,1,106;897,3,1,13,33;342,1,228;90,1,98;898,1,76;639,2,306,451;640,1,110;412,1,208;642,1,65;107,2,53,173;746,1,24;413,1,55;706,1,98;496,4,9,29,50,66;573,2,60,96;111,1,26;884,1,327;114,1,48;261,1,47;416,1,60;811,2,67,108;119,1,50;124,1,36;652,1,267;129,1,89;504,1,42;655,1,140;419,1,63;135,1,108;828,1,50;857,2,18,53;679,1,24;661,1,20;514,1,40;715,1,192;145,1,45;355,3,2,24,89;356,1,30;151,1,51;517,3,5,21,40;663,1,14;972,1,32;426,1,50;858,2,195,228;165,1,114;280,1,237;592,1,121;526,1,153;595,1,132;289,1,239;177,1,56;958,1,17;178,2,68,159;180,1,48;910,1,79;882,3,2,14,86;774,1,69;976,1,60;192,1,131;193,1,182;739,1,109;195,1,139;695,1,82;721,1,106;382,1,130;433,1,104;876,2,21,28;615,1,20;383,1,62;203,2,259,391;204,1,196;775,1,102;300,1,111;213,1,126;216,1,202
62,60,155:391,3,2,16,156;922,2,6,17;438,3,14,29,44;223,1,290;776,1,88;225,1,69;226,1,146;620,3,36,56,69;755,1,138;232,5,118,243,251,285,358;21,1,107;449,6,5,15,24,123,152,174;686,3,6,17,28;26,1,36;234,1,85;238,5,25,50,301,354,360;35,1,186;927,3,10,21,40;42,1,245;45,1,49;556,1,180;799,3,48,105,143;760,1,92;472,1,133;934,2,48,64;75,3,435,458,594;253,1,136;408,2,107,142;780,6,6,17,42,140,153,160;897,3,2,14,34;938,4,2,12,31,63;90,2,43,86;960,3,5,11,20;841,3,8,16,29;957,4,4,24,64,88;94,4,6,13,24,41;843,4,12,24,37,73;675,3,5,11,99;103,5,7,18,108,115,216;108,11,7,18,146,156,173,181,198,210,250,279,285;497,1,92;848,1,68;500,2,54,135;502,1,113;583,1,90;662,6,2,7,34,44,56,60;715,5,15,31,137,159,173;772,3,13,26,46;159,1,150;176,1,128;292,5,74,169,187,231,333;944,1,45;872,1,274;389,3,124,129,148;775,3,5,11,28;671,6,3,11,39,61,110,149;301,1,57;539,1,99;302,1,79;604,1,84
63,63,127:391,5,4,18,37,92,158;922,2,8,19;744,1,85;393,2,8,19;224,1,183;754,3,5,14,27;549,1,268;740,3,5,14,32;834,1,33;686,1,34;451,3,7,16,30;624,1,13;325,2,3,12;326,2,3,16;458,3,9,24,45;835,1,137;777,2,7,16;397,2,7,18;757,2,3,12;460,2,46,87;45,1,24;556,3,6,16,29;557,2,3,12;559,3,8,21,33;562,2,8,21;66,2,2,11;315,3,7,16,32;931,1,51;801,3,3,10,22;803,3,6,19,31;704,1,48;474,1,78;475,2,4,10;762,2,11,24;636,1,27;728,2,7,21;480,2,141,167;806,1,43;780,2,8,19;897,2,4,16;898,3,5,11,101;609,1,44;844,3,14,30,55;109,3,22,123,131;503,2,12,28;731,2,13,30;351,3,5,17,27;142,1,104;662,3,4,9,36;145,1,37;962,5,4,14,29,66,91;523,1,30;168,1,45;591,4,7,16,25,115;816,3,8,18,43;173,3,6,20,37;377,1,110;286,1,35;178,1,221;388,1,156;537,2,3,17;299,2,14,29;543,1,51
64,136,263:391,4,6,20,94,160;922,2,10,21;438,1,40;222,1,141;223,4,10,27,45,136;923,1,37;750,3,8,17,87;924,2,80,120;6,2,113,299;7,1,83;10,1,20;224,1,132;226,1,42;13,1,183;791,3,9,27,63;752,1,298;792,1,166;18,1,43;446,1,53;754,2,8,17;755,1,31;448,2,80,262;756,1,45;686,1,169;963,1,45;552,2,133,147;237,1,124;30,2,52,81;687,2,42,134;555,1,26;238,2,41,284;33,1,28;927,3,5,16,33;327,1,350;51,3,9,19,40;628,1,121;727,1,143;56,2,37,335;331,3,5,15,29;248,3,18,37,66;760,1,29;761,2,17,43;338,1,171;71,1,183;73,3,15,31,47;802,3,7,19,48;472,3,9,22,40;74,1,125;803,3,8,21,33;704,3,6,24,50;635,4,6,13,27,154;475,1,105;607,1,205;406,4,3,13,28,65;763,1,172;77,1,73;252,1,45;477,1,34;81,3,11,23,111;82,2,8,19;764,1,50;728,2,9,23;87,1,92;480,3,45,100,223;482,1,237;483,1,55;807,2,61,67;780,3,10,21,133;897,3,6,18,42;938,3,6,16,55;841,1,35;488,1,53;957,3,13,33,60;93,1,87;106,2,4,14;810,1,55;769,1,34;120,1,245;574,3,8,21,33;262,1,72;500,1,43;348,1,20;418,1,71;651,1,149;690,4,12,28,53,102;130,1,102;691,1,53;264,4,4,18,50,144;131,3,122,151,220;653,1,138;657,3,12,25,54;582,1,15;583,1,64;140,6,6,27,54,80,196,254;907,1,47;267,1,55;145,3,5,15,39;772,3,6,19,36;360,1,264;517,2,83,206;271,5,8,34,93,123,153;272,4,7,32,105,163;154,4,6,28,69,96;274,3,6,36,83;586,2,56,109;158,2,119,197;972,1,18;426,2,10,30;908,3,9,19,25;167,4,20,49,59,142;817,1,43;667,2,166,198;736,1,96;668,1,194;172,1,68;528,1,70;292,2,125,143;182,3,10,29,47;865,1,61;189,2,148,174;295,1,194;532,3,7,27,47;868,3,5,13,34;432,1,32;535,1,57;388,1,188;600,1,101;538,1,69;946,3,107,117,152;303,4,5,32,63,167;304,3,11,28,61;305,3,13,34,95;683,1,181;541,1,235;219,5,12,29,47,103,108;221,3,118,193,249
65,135,355:391,4,7,21,95,161;922,2,11,22;438,3,12,27,41;222,1,142;223,5,11,28,46,94,137;318,5,24,33,55,68,78;684,5,20,42,66,111,141;923,2,38,65;750,3,9,18,88;924,2,81,121;6,1,114;7,3,84,107,120;10,1,21;224,1,186;226,1,43;13,1,184;791,5,10,28,64,74,132;752,1,299;792,1,167;754,3,9,18,30;755,2,32,35;448,4,81,160,166,263;833,4,9,18,43,63;756,5,46,79,100,116,130;551,5,36,61,74,97,117;686,1,170;552,2,134,148;237,1,125;30,1,82;687,2,43,135;555,4,27,51,64,192;238,2,42,285;927,3,6,17,34;327,1,351;51,4,10,20,41,65;628,1,122;56,1,336;331,1,30;930,1,74;62,2,69,100;63,2,112,158;248,5,19,38,67,69,108;468,5,14,35,65,101,117;760,1,30;761,3,18,44,68;71,1,184;801,4,7,14,26,50;73,3,16,32,48;802,4,8,20,49,55;472,3,10,23,41;74,1,126;803,7,9,22,34,78,87,133,167;704,4,7,25,51,165;635,3,7,14,28;607,1,206;406,4,4,14,29,66;77,2,74,103;252,1,46;81,1,152;82,2,9,20;764,2,51,143;728,2,10,24;480,3,46,101,224;482,1,238;483,1,56;807,1,68;780,4,11,22,38,134;897,3,7,19,43;485,1,84;938,3,7,17,56;488,1,54;957,4,14,34,61,94;843,1,105;766,2,5,22;767,5,2,8,35,56,66;921,5,5,14,28,98,124;730,5,11,26,44,125,136;106,2,5,15;810,2,56,63;345,1,136;769,1,35;120,1,246;574,3,9,22,34;262,1,73;500,1,44;903,3,6,16,32;418,5,72,199,209,242,255;651,1,150;690,4,13,29,54,103;130,3,103,137,159;691,2,54,71;264,4,5,19,51,145;131,4,123,152,221,333;134,1,145;657,5,13,26,55,62,77;582,1,32;583,2,65,96;513,2,66,72;140,7,7,28,55,81,197,226,255;907,3,5,21,35;141,7,7,19,25,51,152,184,189;660,3,7,26,51;145,4,6,16,40,76;772,3,7,20,37;517,1,207;154,4,7,29,70,97;274,3,7,37,84;586,6,57,103,110,144,152,172;972,2,19,47;519,3,232,407,504;858,7,7,14,38,96,100,119,169;908,1,26;859,5,6,12,26,71,80;717,3,7,21,35;735,2,29,56;665,6,7,14,36,59,73,99;978,5,30,49,56,68,82;667,2,167,199;736,1,97;668,1,195;528,1,227;287,1,124;178,1,186;292,1,126;912,4,113,127,136,188;532,3,8,28,48;432,1,33;784,3,3,10,22;823,1,60;303,4,6,33,64,168;304,1,62;305,3,14,35,96;683,1,182;541,1,236;219,3,48,104,109
66,106,165:391,3,10,24,207;922,1,31;438,3,5,20,47;223,1,328;776,2,26,103;4,2,83,128;924,3,17,35,51;224,2,176,249;228,3,150,199,321;793,2,57,75;447,2,2,15;754,2,20,82;549,1,259;685,3,11,23,29;740,1,29;550,1,71;834,1,294;925,1,49;451,1,27;235,1,49;552,1,27;237,1,47;794,1,44;777,2,33,134;981,3,7,22,46;238,3,5,11,20;927,1,28;45,1,96;327,1,39;836,1,82;244,1,56;466,1,72;929,1,61;245,1,92;799,2,11,24;63,1,22;467,2,12,25;67,1,214;633,1,97;337,1,36;634,1,35;931,2,1,17;801,1,140;469,1,46;73,1,228;803,1,109;704,1,139;894,3,11,23,39;934,2,11,23;607,1,54;839,1,52;764,1,132;804,1,39;480,2,71,205;937,4,5,13,36,78;89,2,53,94;481,3,8,19,38;483,2,14,29;729,1,31;897,1,52;90,2,8,19;898,3,60,99,146;98,1,70;102,1,150;571,1,40;610,4,2,8,27,58;940,1,26;645,1,46;646,1,37;109,1,121;414,1,33;262,1,66;650,1,101;500,2,74,80;126,1,31;651,2,99,214;128,1,34;732,1,234;136,1,10;137,2,5,15;678,1,122;661,1,28;814,1,16;662,1,65;144,1,292;772,1,28;362,2,12,31;518,4,57,91,244,263;364,1,145;366,2,12,25;783,1,62;951,1,40;614,1,57;371,3,92,104,123;667,3,14,29,48;594,1,21;203,2,286,343;299,2,12,27;775,1,33;434,3,4,12,51;785,1,41;602,1,35;724,2,202,206;749,1,31;825,2,1,14;616,1,41
67,113,215:391,3,11,25,164;438,1,48;319,1,124;750,1,84;924,1,52;309,1,20;224,2,182,243;617,1,76;698,3,14,31,95;791,2,78,140;395,3,9,18,38;792,4,12,24,39,169;228,6,13,26,146,151,200,322;754,2,26,76;755,1,95;833,1,39;756,4,14,28,57,65;740,1,31;834,1,291;24,1,34;451,1,124;954,2,7,19;963,1,100;235,1,50;700,3,8,16,165;552,1,28;457,1,54;29,1,74;554,5,27,42,148,173,205;777,5,6,15,34,135,168;34,1,82;38,5,42,132,144,155,168;43,2,42,151;45,1,41;244,3,43,72,87;310,1,110;466,3,10,22,49;63,1,23;248,2,80,95;468,3,10,31,60;760,1,103;761,3,13,39,64;402,1,84;403,1,161;68,1,185;314,1,186;315,2,31,70;931,3,9,25,50;801,3,21,42,138;469,2,18,36;704,4,15,33,47,140;635,1,124;476,1,41;894,2,12,24;934,2,12,24;252,1,51;764,3,26,121,133;896,1,68;804,1,40;407,1,119;637,3,9,18,32;87,1,199;480,3,72,206,234;729,1,59;897,5,12,24,39,53,60;90,4,4,15,47,76;960,1,44;982,3,7,22,37;91,1,99;489,1,80;808,3,40,71,102;639,2,59,102;96,1,66;98,1,71;102,4,9,28,54,106;899,1,30;411,1,73;675,1,18;610,2,20,28;260,3,6,12,32;645,2,47,108;646,1,38;770,1,27;414,2,5,11;262,1,83;577,1,133;502,1,124;813,1,85;505,2,17,73;350,1,48;136,1,13;814,2,17,54;962,1,28;680,1,72;363,1,32;365,1,75;783,1,63;591,4,6,15,24,114;816,3,7,17,42;524,2,44,290;614,4,8,16,45,59;525,2,4,10;594,1,23;668,1,91;774,4,7,25,49,78;670,1,126;739,2,9,19;602,1,99;723,1,40;435,2,50,57;216,2,8,17;786,3,52,124,228;787,1,37
68,174,241:391,3,13,27,166;947,2,19,40;750,1,94;6,1,377;885,1,66;744,3,49,68,93;12,1,183;228,2,47,83;230,1,240;231,4,221,228,255,326;232,1,313;549,1,214;622,1,89;551,1,57;27,1,192;700,2,68,137;926,1,83;237,1,69;983,1,64;458,4,3,18,73,102;554,2,83,276;777,1,144;397,1,83;701,2,41,50;398,1,48;460,1,29;33,2,83,135;726,1,103;239,1,265;40,1,95;41,1,151;44,1,158;556,2,122,140;627,1,32;464,1,90;47,1,291;328,1,61;51,1,175;836,1,107;437,2,206,301;52,3,197,211,250;56,1,310;331,1,34;333,1,114;606,1,58;702,1,86;311,1,498;60,1,97;334,3,11,30,156;247,1,76;467,1,78;838,1,171;250,1,73;68,1,161;404,1,69;314,4,8,27,56,139;801,1,121;564,1,139;802,1,71;473,1,323;405,1,113;476,1,98;75,2,203,604;839,1,43;763,1,31;340,1,53;936,1,39;728,2,12,26;608,1,48;481,2,67,113;90,1,101;898,1,132;343,1,273;97,1,313;98,1,132;915,1,97;490,1,90;256,1,400;99,1,211;640,1,100;730,1,148;106,1,110;107,1,41;643,3,5,30,80;644,2,45,117;108,2,172,224;111,1,161;770,1,113;984,2,13,33;811,2,77,118;707,1,92;577,1,105;747,2,54,197;850,2,48,329;263,1,143;781,1,131;612,1,78;505,1,49;905,2,93,132;709,2,71,203;133,1,226;985,1,102;351,1,249;510,2,10,24;580,1,44;581,2,37,74;856,1,109;734,1,115;582,1,30;907,1,43;857,1,38;715,5,5,21,142,158,271;585,3,68,101,175;772,1,61;269,1,147;270,1,47;356,1,60;273,1,118;363,1,12;156,1,227;365,1,89;716,1,118;519,1,268;783,1,84;590,1,152;719,1,34;167,1,184;667,2,96,107;736,2,78,187;594,1,151;669,1,97;171,1,203;526,1,396;595,1,229;172,2,121,156;174,1,175;287,1,138;288,1,92;289,1,184;291,1,265;175,1,187;178,1,145;292,3,1,9,23;179,2,50,205;863,2,3,11;864,2,57,70;183,1,98;185,1,121;943,1,119;976,1,86;959,1,17;869,1,92;193,1,73;596,2,83,308;821,1,130;381,1,65;432,1,99;433,1,59;536,1,136;784,1,56;384,3,81,109,183;386,1,59;597,1,76;389,1,76;600,1,70;538,1,219;539,2,83,119;724,1,184;304,1,150;216,2,181,189;683,1,197;390,1,102;306,9,5,25,58,122,153,238,269,324,336;546,1,204
69,50,74:391,3,14,28,167;788,1,200;776,1,54;4,3,5,14,53;696,1,115;226,2,98,106;618,1,83;394,1,109;752,1,73;228,3,130,203,221;230,2,195,275;793,1,64;231,2,301,340;25,1,165;456,4,1,13,91,182;554,1,108;777,1,59;34,1,63;35,2,176,187;399,2,264,268;799,3,53,99,156;564,1,67;472,1,96;74,1,69;762,1,94;839,3,6,15,76;407,1,102;480,1,85;897,1,68;639,1,114;571,1,75;610,1,38;260,2,108,151;645,2,56,96;646,1,94;848,1,69;418,1,96;651,2,43,225;128,1,191;732,4,88,99,132,179;657,1,115;828,1,35;772,1,62;353,1,120;594,1,97;384,1,282;203,1,132;434,1,83;602,1,109;435,1,87
70,170,294:391,1,33;3,5,7,16,26,74,122;319,2,34,177;440,1,32;751,1,151;790,1,34;831,1,17;13,3,6,22,40;15,1,93;979,1,45;16,4,71,87,90,117;229,1,61;231,5,215,232,237,300,305;396,2,98,215;548,1,165;323,3,10,23,40;22,1,43;623,2,59,73;834,1,203;699,1,190;454,1,218;673,3,5,13,24;30,1,32;777,1,159;726,1,137;34,1,56;461,1,111;42,1,72;44,1,365;400,7,10,22,31,68,171,232,359;46,1,73;240,1,300;557,1,129;49,2,11,24;329,3,15,36,117;241,1,186;465,1,20;628,1,157;52,1,43;242,3,30,218,247;243,2,20,63;796,2,11,24;53,1,37;558,1,42;332,1,199;58,1,174;606,1,19;311,3,17,36,144;247,1,193;799,1,137;64,3,135,406,432;800,1,127;891,2,11,25;250,3,9,25,51;69,1,142;880,3,7,16,33;338,1,120;634,1,128;404,1,32;314,1,131;564,3,9,20,29;704,3,9,27,53;473,6,4,20,38,102,342,375;933,5,10,13,24,27,106;405,1,117;476,1,64;762,1,47;75,1,36;81,1,33;407,1,154;936,1,113;85,1,35;478,2,33,112;87,1,42;742,2,12,26;254,1,110;805,3,11,24,33;485,2,8,18;487,1,35;488,1,210;93,2,5,22;343,2,58,136;95,2,49,59;986,3,8,19,29;967,3,16,39,69;99,3,20,42,70;100,2,126,151;101,2,3,17;493,1,193;260,2,25,154;494,1,191;810,2,58,85;345,1,66;769,2,87,158;941,1,31;117,1,161;689,1,97;119,1,101;120,1,240;649,1,72;122,1,208;124,2,11,26;125,3,4,10,40;652,2,19,40;264,4,7,11,21,25;131,2,10,23;653,1,105;781,1,114;881,1,26;132,2,28,258;709,1,109;506,4,6,14,35,165;351,1,62;771,1,215;135,3,9,20,39;854,2,14,33;677,2,21,197;583,1,106;828,2,5,13;678,1,104;265,1,144;423,1,354;516,1,31;145,3,9,19,85;269,2,61,110;680,1,23;270,1,366;148,2,150,205;663,4,4,10,31,88;273,1,173;275,3,9,20,36;518,1,255;681,1,93;363,1,69;278,2,82,156;156,3,210,243,279;158,3,219,286,342;519,2,33,71;693,1,13;163,1,68;523,2,6,14;279,3,12,26,72;951,1,120;168,2,10,22;524,1,298;861,2,10,22;316,2,6,14;526,2,60,345;595,3,15,34,41;528,1,151;291,1,233;175,1,131;987,1,27;864,1,41;430,3,18,38,59;533,4,5,13,29,91;194,1,65;873,1,71;876,1,154;383,1,180;386,1,164;203,1,43;434,1,42;785,2,9,21;602,2,264,331;672,2,34,108;218,1,157;786,1,240;390,2,77,113;787,1,31
71,134,234:391,1,34;223,1,163;3,5,8,17,27,75,123;319,1,35;5,1,39;440,1,33;745,1,178;309,2,173,205;790,1,35;831,1,18;13,4,8,24,50,158;15,1,164;979,1,46;16,1,134;17,1,141;19,1,98;231,1,129;323,3,11,24,41;448,2,219,242;22,1,233;23,1,85;551,8,71,84,90,104,113,135,149,177;453,1,104;236,2,105,125;673,3,6,14,25;32,9,54,70,93,112,155,164,187,215,226;726,1,94;461,1,98;758,1,200;42,1,73;46,1,74;47,3,21,43,86;240,1,144;49,2,12,25;329,3,17,38,118;50,1,117;465,1,217;628,4,19,38,133,159;243,1,21;53,3,59,91,247;797,1,80;55,1,27;988,1,60;702,1,152;798,1,80;630,2,18,41;247,3,147,162,201;800,1,128;632,1,66;838,1,67;250,3,10,26,52;337,2,4,17;634,1,206;404,1,33;314,1,202;315,2,99,103;564,1,61;704,2,10,28;339,1,138;476,1,65;762,1,48;75,1,452;81,1,34;407,1,155;478,1,113;805,1,34;481,1,126;343,1,59;986,3,9,20,31;967,3,18,41,71;99,3,21,43,71;101,1,186;102,3,14,33,209;103,3,38,67,84;104,1,65;705,1,43;494,1,192;810,1,59;969,2,79,82;769,1,159;941,1,32;119,1,64;575,1,66;649,1,73;881,1,22;132,7,24,53,65,126,151,193,218;710,1,43;506,2,122,141;134,1,42;135,3,10,21,40;677,2,22,78;583,1,107;513,2,2,18;137,1,40;678,1,105;516,4,32,58,81,87;715,1,268;146,2,7,18;147,2,8,20;353,2,13,26;148,1,122;150,2,2,9;360,1,111;517,1,124;362,1,52;275,2,10,21;277,2,56,161;156,2,2,22;972,1,86;523,2,7,15;369,1,151;281,1,168;316,8,3,7,11,15,27,81,360,408;376,2,14,29;526,1,61;595,1,42;172,1,136;596,3,63,144,223;533,3,6,14,30;194,2,66,69;819,1,27;821,2,34,134;536,2,13,28;989,3,40,99,152;202,1,71;785,2,10,22;213,1,120;604,2,138,252;672,1,35;218,1,264;786,1,241;616,1,111;390,2,10,37;787,1,32
72,86,175:391,2,35,90;319,1,353;6,2,345,379;885,1,22;753,5,2,8,13,35,70;725,1,87;228,1,132;793,1,46;548,1,257;549,1,26;622,1,50;833,2,38,65;24,1,33;451,3,5,14,28;453,1,221;235,3,11,24,48;700,2,123,309;552,2,26,187;457,2,1,9;326,1,121;981,3,6,21,45;38,1,167;43,1,150;556,3,4,14,27;836,4,6,23,83,124;55,1,56;244,1,42;798,1,33;63,1,190;468,1,57;931,3,8,24,49;801,1,18;469,2,17,35;73,1,198;802,6,3,15,44,66,102,128;74,1,106;803,3,4,17,29;704,3,13,31,45;635,6,2,9,21,89,144,150;894,2,10,22;934,2,10,22;75,11,24,152,171,193,196,318,346,377,474,578,623;252,1,174;804,1,38;728,2,5,19;608,2,175,250;409,1,76;806,1,37;729,1,52;897,2,11,23;939,2,2,16;487,1,298;639,2,58,467;94,1,40;899,3,29,35,63;104,1,116;676,1,112;645,1,45;646,1,36;109,3,2,11,20;110,3,8,17,50;115,1,29;574,3,3,16,28;577,3,9,19,46;121,4,4,15,112,232;902,3,3,8,79;122,5,8,18,60,90,160;691,1,49;131,2,321,384;653,5,1,4,35,58,117;708,1,1;512,4,1,7,80,207;828,1,25;584,1,160;814,1,15;145,3,1,11,35;146,1,55;424,1,81;152,1,221;736,1,37;594,1,22;668,1,79;203,2,318,442;434,3,1,9,23;435,3,6,24,49;306,1,78
73,295,473:391,2,39,205;438,1,32;222,4,6,22,58,155;223,1,168;2,1,52;684,2,2,7;789,1,25;5,1,58;830,2,102,116;440,1,99;6,1,221;309,1,105;393,1,65;11,1,207;696,1,52;442,1,29;12,1,15;617,1,115;443,1,57;13,1,134;698,3,46,56,187;321,2,91,98;752,1,192;444,1,133;725,1,112;16,3,5,18,58;228,1,34;231,1,321;548,1,101;447,1,64;232,1,51;233,3,6,15,64;621,6,6,15,43,69,77,97;549,4,77,117,125,175;21,1,266;436,1,38;22,1,27;550,4,5,12,31,68;551,1,75;954,4,51,113,122,153;452,1,72;27,1,52;234,3,4,12,74;235,1,33;700,8,1,9,81,118,144,151,168,329;456,1,222;552,2,31,38;926,3,48,115,154;29,1,248;325,1,44;794,1,34;458,1,227;554,2,234,238;555,1,133;626,1,76;956,2,58,116;397,1,29;398,1,46;460,1,17;35,1,181;36,1,302;758,1,173;38,3,45,56,235;41,1,162;43,3,45,56,203;327,3,3,14,30;557,1,31;49,1,43;329,1,107;241,2,164,262;50,4,16,34,62,167;465,1,180;52,2,82,315;796,1,34;797,1,34;629,1,57;401,4,48,88,98,103;244,1,53;837,1,102;333,1,94;929,3,8,21,35;60,3,9,19,60;63,2,42,89;64,1,441;891,2,5,19;632,1,258;66,2,40,85;778,1,68;67,3,11,34,116;69,1,55;312,1,59;338,2,148,166;313,2,207,213;741,1,71;634,2,46,258;71,2,70,153;314,1,81;931,1,42;801,2,64,68;469,3,44,60,97;470,1,55;704,1,108;251,1,34;473,1,221;933,1,50;475,2,13,126;75,1,146;839,1,25;77,1,62;82,2,74,105;566,1,96;896,4,5,15,73,81;936,1,66;478,4,135,294,302,312;253,1,96;408,1,65;948,2,84,96;87,1,71;742,3,143,208,308;481,1,34;482,1,34;807,1,21;485,1,70;487,1,239;966,1,20;842,1,40;898,2,1,7;488,1,47;410,1,48;91,1,44;93,1,82;639,4,5,13,149,189;766,3,7,24,42;809,1,50;256,3,3,26,123;609,2,38,100;101,1,37;102,1,145;844,3,50,71,92;411,1,92;103,2,4,15;730,1,100;104,1,87;412,1,179;940,1,42;107,1,73;413,1,19;645,1,85;494,3,30,161,218;646,1,85;108,3,4,15,42;968,1,42;846,4,4,19,78,114;110,1,27;770,1,29;115,1,155;575,1,30;262,1,64;650,1,93;123,1,46;850,1,170;813,1,37;128,3,32,51,234;732,1,177;131,2,27,72;781,1,34;904,1,69;506,1,22;508,3,12,27,47;350,2,184,199;351,4,101,125,179,232;136,3,18,35,109;733,1,39;734,2,20,64;677,2,60,142;513,4,8,24,42,61;138,1,142;678,1,120;907,3,7,23,58;141,1,38;584,1,33;660,3,9,28,53;267,1,59;661,3,4,13,31;268,1,101;662,3,30,43,114;715,3,12,28,171;144,1,290;772,1,54;773,1,71;353,3,8,21,39;680,1,46;148,3,51,168,227;356,1,149;150,1,49;359,1,66;517,1,65;663,1,27;154,2,158,192;273,1,160;274,2,124,179;275,5,1,12,29,85,116;518,3,8,33,261;681,2,11,33;364,2,95,207;743,3,4,16,34;277,1,63;156,1,120;158,2,45,126;426,1,107;589,1,204;908,2,118,181;717,1,101;735,1,42;162,1,20;523,1,42;366,1,33;367,2,80,87;815,3,4,13,73;165,1,169;590,1,99;280,5,95,135,151,208,260;428,1,35;167,3,158,173,265;720,1,71;816,1,94;169,1,77;524,2,52,71;614,3,3,11,37;861,1,39;371,1,88;667,1,143;525,1,118;373,1,63;316,1,346;526,2,471,584;595,3,11,30,45;172,1,91;528,2,177,189;290,2,3,23;531,1,45;291,1,228;737,1,81;738,1,95;176,1,81;862,1,99;177,2,65,82;292,2,49,89;181,1,57;910,1,38;911,1,69;912,1,197;866,1,89;183,1,223;184,1,233;867,1,36;959,1,47;187,1,208;188,1,216;189,1,164;739,1,79;296,1,16;872,2,49,120;821,4,4,19,39,116;317,1,59;433,2,1,9;198,1,123;199,1,104;989,1,133;384,2,135,231;203,1,292;598,1,103;599,1,42;299,3,10,25,112;775,2,31,38;434,2,52,62;207,2,159,327;946,1,41;209,1,95;210,1,63;888,1,62;302,1,82;213,2,2,10;724,1,102;303,2,110,135;304,1,58;305,1,54;216,1,42;604,1,284;541,1,28;786,2,138,155;749,1,74;825,1,195;616,1,98;221,1,202
74,171,301:391,2,40,206;438,1,33;947,2,2,23;890,2,2,11;788,4,6,20,56,101;222,7,7,10,23,26,59,156,173;223,1,169;319,1,233;684,2,3,8;789,1,26;830,1,103;6,1,222;8,1,115;309,1,123;443,1,58;697,1,61;13,1,135;698,1,47;321,1,92;228,1,35;230,6,5,26,129,208,259,283;447,2,65,119;232,1,52;621,1,144;549,3,78,118,176;622,1,128;954,1,52;234,3,5,13,75;235,1,34;700,6,2,10,82,119,169,330;552,1,32;29,2,82,250;794,3,35,40,70;956,2,117,147;397,1,30;460,1,18;34,1,74;36,1,303;758,1,174;38,3,46,57,236;928,1,45;41,1,163;43,3,46,57,204;327,3,4,15,31;557,1,32;49,1,44;329,1,108;241,2,165,263;50,3,17,35,63;52,2,83,316;796,1,77;797,1,35;401,3,49,89,104;244,1,54;929,3,9,22,36;60,1,61;62,1,85;891,2,6,20;67,3,12,35,117;69,1,56;312,2,60,70;741,1,72;634,2,47,259;931,1,43;469,1,45;470,1,56;251,1,35;932,1,61;473,3,222,311,431;933,1,51;895,1,68;637,3,2,11,45;478,1,136;948,2,97,120;88,1,93;742,3,139,144,180;481,1,35;342,1,178;898,2,2,8;488,1,48;91,1,45;93,1,83;639,2,6,14;94,1,45;809,1,51;98,1,218;256,3,4,27,124;609,2,39,101;102,1,146;844,5,51,67,72,83,93;103,2,5,16;104,1,88;107,1,74;413,1,20;108,3,5,16,43;846,3,5,20,79;110,1,28;115,1,156;575,1,31;262,1,65;650,1,125;579,1,24;123,1,47;813,1,38;128,2,33,225;653,1,132;781,1,28;504,1,35;904,1,70;654,1,182;505,2,16,123;506,1,23;508,2,13,28;351,1,102;853,2,3,17;136,1,9;677,1,143;513,3,9,25,43;678,1,121;267,1,60;661,3,5,14,32;268,2,102,113;715,5,8,13,24,29,172;144,1,291;353,3,9,22,40;680,1,49;663,1,28;274,1,125;275,5,4,15,32,86,117;518,3,9,34,262;681,2,12,34;364,2,198,208;277,2,64,69;365,3,5,22,49;366,1,34;367,2,81,88;815,3,5,14,74;860,3,12,31,55;165,1,149;280,2,136,209;169,1,78;524,1,53;614,3,4,12,38;371,1,89;526,1,472;595,3,12,31,46;172,1,169;181,1,137;918,1,36;670,1,204;821,4,5,20,40,117;433,2,2,10;198,2,126,147;383,1,39;299,3,11,26,293;775,1,32;434,2,53,63;823,3,2,23,49;302,2,54,83;213,2,3,11;723,1,37;303,1,136;305,1,55;683,3,2,10,53;541,1,29;879,1,118;544,1,35;672,1,110;786,7,6,26,47,77,139,150,156;616,1,99;787,3,45,71,130
75,156,412:391,2,41,61;318,1,122;830,1,43;6,6,174,223,227,239,307,359;9,4,6,15,52,111;790,1,95;224,4,52,126,174,225;16,1,50;547,2,195,214;229,1,47;20,1,47;548,3,31,117,175;754,1,67;232,1,344;832,3,4,12,29;549,3,64,247,270;622,1,60;436,1,202;22,1,104;685,1,120;740,4,7,16,34,65;834,2,36,316;699,6,82,106,150,182,235,240;926,2,63,125;325,3,21,47,199;31,3,12,26,57;397,9,50,59,103,116,131,215,256,318,365;461,1,209;36,2,57,126;239,2,27,56;38,2,66,103;41,2,46,102;43,2,66,103;556,3,46,120,163;464,4,36,60,75,83;47,5,76,132,200,249,301;329,1,82;241,2,109,248;628,3,11,30,139;56,2,362,373;244,2,10,20;332,5,13,37,63,81,189;58,4,12,26,46,109;560,2,110,143;837,1,45;59,2,285,304;333,3,37,110,132;334,3,168,176,181;247,1,183;467,1,147;632,4,87,150,214,266;403,2,383,393;336,3,17,36,46;313,2,46,72;634,1,52;71,1,256;72,1,36;314,2,151,198;469,1,79;474,1,81;475,2,27,68;894,1,71;565,2,14,33;75,1,190;566,1,74;568,1,33;85,3,22,62,86;86,6,8,22,70,78,136,176;487,1,240;489,5,7,21,35,55,129;915,2,107,174;490,2,56,81;344,11,19,39,64,112,142,149,176,190,204,213,229;256,14,17,40,71,122,184,205,223,239,241,276,374,392,403,411;257,5,14,32,88,111,168;99,1,147;975,1,39;411,2,32,45;640,5,29,82,88,115,133;675,1,156;412,1,186;676,1,116;705,2,37,91;746,1,94;769,2,84,115;109,1,50;112,2,88,113;884,1,154;120,7,12,28,50,63,108,213,255;611,7,12,27,39,54,72,91,159;576,4,13,32,123,130;417,6,6,16,33,81,96,112;121,1,279;902,1,31;579,1,79;348,1,87;126,2,43,95;851,1,60;827,2,131,164;503,3,101,140,176;263,1,166;130,3,35,64,223;131,1,149;504,1,234;904,1,57;655,1,75;419,1,90;350,4,41,56,201,236;510,1,108;512,1,157;421,2,108,118;515,1,96;144,4,78,208,238,244;269,2,68,128;146,4,2,13,52,99;147,2,3,15;152,2,101,144;153,1,100;664,1,117;365,1,42;158,2,102,248;990,1,136;279,3,34,75,99;172,5,58,76,179,187,204;173,4,8,22,39,96;377,8,7,20,42,64,85,103,112,140;287,2,148,183;288,3,25,58,94;289,1,323;818,3,10,22,50;291,2,109,157;175,2,95,121;382,1,19;198,1,64;383,1,146;385,1,80;388,2,2,8;537,1,107;201,7,8,20,28,50,73,93,118;202,5,13,32,99,170,173;203,7,60,71,99,145,215,280,425;671,1,83;207,8,18,43,65,121,175,235,260,278;538,2,55,108;724,4,17,35,47,72;435,4,13,31,63,128;603,1,103;748,1,113;604,13,10,23,59,91,154,165,169,225,230,282,328,344,379;542,1,75;544,1,41;953,1,39;390,5,125,136,152,193,223;306,10,15,35,69,88,90,112,145,171,277,347;307,4,116,164,171,198;308,4,12,29,44,180
76,17,17:391,1,44;551,1,156;835,1,69;777,1,56;980,1,25;53,1,125;632,1,189;253,1,75;948,1,113;101,1,194;884,1,131;707,1,147;902,1,46;351,1,39;580,1,111;516,1,188;183,1,53
77,43,45:391,1,45;4,1,69;11,1,37;443,1,230;231,1,278;549,1,192;956,1,137;38,1,87;40,1,151;43,1,87;464,1,100;48,1,266;52,1,40;243,1,111;797,1,58;54,2,79,148;561,1,48;473,2,363,464;779,1,66;566,1,187;567,1,56;948,1,114;488,1,219;957,1,103;643,1,127;706,1,51;118,1,112;649,1,169;903,1,25;125,1,68;423,1,329;142,1,102;661,1,80;277,1,170;519,1,327;162,1,182;592,1,102;596,1,71;534,1,108;536,1,166;203,1,310;207,1,219;218,1,137
78,13,15:391,1,47;244,1,109;314,1,65;475,1,47;948,2,87,116;413,1,15;706,1,84;512,2,100,209;143,1,167;858,1,165;589,1,123;883,1,42;604,1,399
79,20,26:391,1,49;393,1,134;622,1,107;552,2,33,114;926,1,76;624,1,227;42,1,49;400,2,28,63;77,1,123;85,1,142;487,1,171;347,1,43;148,2,13,30;155,1,79;426,3,12,32,183;162,1,140;292,1,67;865,1,63;868,2,7,15;821,1,165
80,158,496:391,2,50,72;830,1,76;6,3,126,164,232;9,1,107;392,2,70,72;831,2,53,88;15,5,69,122,145,154,168;444,7,6,16,43,75,91,105,145;620,3,9,19,61;16,6,2,15,33,48,55,101;395,5,5,14,32,45,87;792,3,4,16,30;18,3,11,24,47;832,1,91;834,8,148,155,168,237,262,277,301,310;27,3,78,115,130;453,2,94,196;456,8,60,104,176,205,223,231,242,301;30,1,59;397,6,110,173,187,295,309,359;460,1,97;726,1,132;34,10,6,14,21,29,36,43,86,104,117,135;35,7,8,23,37,65,95,121,145;461,1,218;462,1,72;758,3,71,85,155;759,5,4,12,23,63,76;42,1,51;463,10,3,7,21,34,66,95,122,139,152,160;556,2,105,171;400,6,52,84,134,164,287,385;557,2,175,190;241,1,240;628,1,73;52,1,228;242,1,187;401,1,82;560,3,52,202,247;59,7,4,18,32,71,119,152,315;247,3,190,222,236;631,2,36,169;62,5,10,26,64,78,112;64,2,270,329;800,5,2,10,42,92,120;249,4,8,20,42,88;403,5,22,42,111,248,279;778,4,110,144,173,209;68,1,192;69,1,146;741,3,8,18,32;71,1,280;803,3,65,120,160;704,1,77;635,1,78;339,3,142,152,166;473,1,474;474,3,75,111,169;475,2,30,80;405,1,125;893,1,63;894,1,83;762,3,30,75,162;75,14,118,178,182,187,206,234,255,277,307,398,501,512,535,543;77,8,6,21,52,88,109,118,153,187;636,5,7,18,35,70,91;81,6,4,16,45,68,104,122;765,5,7,18,25,55,66;86,5,65,108,130,132,179;742,5,34,65,86,175,198;569,3,5,19,31;487,5,151,162,172,181,305;966,2,42,51;842,5,2,5,14,33,77;489,3,48,77,96;92,6,8,21,40,63,69,96;638,3,57,65,111;343,3,15,32,118;96,2,87,107;97,2,35,149;975,1,26;100,5,86,95,136,155,185;412,4,98,152,172,199;105,1,124;746,1,79;644,1,56;496,3,19,39,60;768,4,3,14,29,42;969,4,2,7,34,85;573,1,91;110,1,40;113,3,3,13,25;114,1,96;115,4,72,84,118,141;848,4,3,7,13,28;118,1,30;611,6,33,60,100,127,146,164;575,1,125;901,2,3,16;747,1,184;348,2,61,71;125,4,21,35,43,185;503,1,97;731,1,98;690,4,1,17,43,79;130,4,7,21,207,239;691,1,46;264,1,36;131,4,81,95,132,234;504,3,182,219,253;133,1,143;853,3,13,27,46;420,2,69,99;512,1,33;421,3,34,86,96;828,3,26,102,130;140,1,145;714,1,96;514,4,188,200,225,235;145,1,116;269,4,12,25,36,73;146,1,32;424,11,2,14,37,55,63,69,86,119,132,185,189;152,1,257;153,2,195,257;271,1,135;272,1,145;154,1,160;277,1,266;280,11,119,131,140,168,192,206,217,223,271,307,324;374,2,138,149;375,2,293,313;285,6,196,201,230,235,246,315;526,8,3,25,48,191,199,461,516,605;527,2,95,151;377,3,2,15,34;286,2,66,120;528,4,5,30,119,201;174,4,5,24,42,194;529,3,5,27,45;287,1,175;288,2,129,140;530,3,2,13,35;289,8,41,65,152,244,274,285,294,318;430,1,105;869,3,11,23,33;433,11,7,15,42,69,108,122,157,177,197,223,231;384,2,75,284;601,1,104;207,10,14,39,61,151,171,198,229,253,318,333;538,3,48,266,322;824,1,114;216,1,96;683,3,94,153,163;604,1,52;953,1,57;307,1,231;787,4,50,76,108,140
81,106,231:391,2,51,73;6,3,89,127,165;393,4,51,67,130,141;444,14,7,17,53,61,68,80,84,96,101,108,114,119,123,137;620,6,10,20,42,57,70,79;395,1,33;792,8,8,20,34,56,66,95,218,253;834,2,149,263;551,3,112,134,148;456,2,105,232;326,3,108,123,146;32,5,7,15,160,197,218;726,2,82,133;34,3,7,22,87;35,2,9,24;462,1,73;38,1,270;42,1,52;43,1,237;463,4,22,123,140,153;556,2,106,172;400,1,135;51,2,151,158;465,1,65;53,2,129,155;837,3,3,12,23;333,4,8,17,31,128;630,1,134;247,1,152;631,1,88;62,5,11,27,65,79,113;64,3,6,17,271;800,2,43,93;891,1,46;66,1,71;336,2,57,80;741,2,9,19;314,1,84;470,1,36;803,3,66,121,161;704,1,78;339,1,153;474,2,76,112;405,3,25,51,65;75,4,119,179,207,235;76,1,37;839,2,40,46;77,7,7,22,53,89,110,154,188;636,1,36;87,1,105;742,1,66;569,1,54;487,1,152;966,1,43;842,2,15,34;489,1,49;638,2,58,62;639,1,95;96,1,98;915,1,168;100,5,87,96,137,156,186;412,1,128;107,1,174;413,1,35;573,1,36;115,4,10,20,73,99;498,3,7,16,76;415,2,73,83;118,1,31;689,1,142;125,2,22,36;503,3,62,86,137;731,2,52,139;690,4,2,18,44,80;130,3,8,22,208;131,1,162;504,2,220,254;133,1,86;420,2,70,100;512,1,180;714,3,9,20,47;514,3,201,226,236;145,1,46;269,3,13,26,74;354,1,114;275,1,48;162,2,72,196;919,2,56,74;592,1,162;374,1,150;526,2,192,200;527,2,96,156;377,1,35;286,1,121;528,4,6,31,120,202;174,4,6,25,43,195;529,3,6,28,46;530,3,3,14,36;531,1,78;433,2,70,109;991,1,98;601,1,95;538,2,49,267;216,1,97;604,1,53;307,1,232
82,1,1:391,1,52
83,67,172:391,1,55;830,4,20,26,60,70;6,6,26,69,250,261,328,371;224,5,81,101,122,134,169;15,1,136;229,2,33,159;231,1,98;27,3,9,22,35;325,1,62;397,1,67;462,1,45;556,1,196;240,2,51,87;628,1,145;837,1,33;59,2,132,331;333,1,61;702,3,19,39,114;66,1,53;838,2,183,224;71,1,139;84,1,80;568,2,3,14;974,9,2,12,38,91,121,137,158,179,187;87,2,68,112;482,4,72,103,130,149;487,9,55,65,71,133,158,202,245,290,334;96,6,13,30,50,126,129,167;97,4,112,167,260,314;412,1,54;496,1,79;415,5,4,20,41,53,58;120,1,96;650,2,9,21;747,1,68;851,1,120;827,5,13,32,68,113,120;781,2,136,154;881,1,6;508,3,8,23,72;510,1,44;658,3,90,124,186;265,6,14,31,64,121,163,229;144,3,16,40,84;146,2,42,138;152,4,141,171,209,269;664,3,8,25,45;587,2,11,26;157,1,132;158,4,128,152,206,251;427,1,143;281,2,54,59;667,1,112;527,2,43,162;173,1,85;290,1,185;175,2,125,150;534,1,88;389,1,170;601,2,47,72;538,2,128,144;602,2,296,373;543,2,12,34;390,6,19,46,84,145,162,199;306,5,12,32,65,91,186;308,4,8,25,75,176;221,7,10,39,92,99,110,132,174
84,94,220:391,1,57;222,1,92;223,1,138;6,3,118,284,324;885,4,2,9,35,58;393,1,106;685,1,45;926,1,157;325,2,91,214;458,1,265;555,2,47,188;42,1,59;45,3,8,18,55;400,1,139;328,3,11,28,81;628,4,6,25,45,97;52,2,108,199;55,4,10,22,41,60;331,1,73;311,1,359;248,1,126;312,1,65;73,2,52,142;74,1,115;803,1,90;635,2,44,82;473,1,355;406,1,93;763,1,176;77,9,4,19,40,50,77,81,114,201,244;342,2,37,112;95,5,15,31,90,101,148;100,5,5,13,58,143,169;609,3,12,27,97;491,1,217;571,1,183;106,1,72;676,1,61;494,1,109;847,1,86;117,1,52;261,1,56;416,1,94;707,5,14,29,43,84,155;575,5,1,13,45,54,115;649,1,270;123,1,72;347,1,44;348,1,78;130,6,5,19,57,107,167,268;691,1,44;264,3,48,104,156;131,4,5,18,53,390;506,1,184;134,2,115,187;351,3,10,22,35;420,2,76,106;512,3,89,154,170;421,2,61,83;137,1,53;352,1,101;138,4,3,25,73,103;268,4,7,29,60,77;270,2,136,202;354,2,80,89;148,4,96,216,229,265;357,1,65;359,1,42;360,8,12,41,68,77,102,209,233,275;151,1,77;517,2,91,233;152,1,227;155,1,82;587,7,32,78,110,149,161,205,216;156,6,18,38,72,95,114,183;367,1,111;280,2,187,292;668,3,96,110,152;316,3,89,127,140;374,4,61,101,120,134;375,2,55,192;284,2,22,51;285,11,7,27,60,75,89,119,131,168,207,218,265;377,1,149;193,1,77;819,1,54;821,1,70;535,4,11,26,48,66;382,4,6,14,41,82;317,5,67,100,124,185,240;198,1,98;202,2,79,215;299,2,189,221;304,1,75
85,118,282:391,1,58;788,1,204;222,1,93;223,1,139;6,3,119,285,325;885,4,3,10,36,59;393,1,107;618,1,117;752,1,209;753,1,128;228,1,286;685,1,46;26,2,65,71;826,1,56;552,3,173,196,211;926,1,103;325,2,92,215;326,1,57;777,1,66;555,4,48,181,189,228;42,1,60;44,8,9,22,37,69,206,225,288,301;45,4,9,19,56,78;400,1,140;241,1,253;628,6,7,26,98,154,165,183;55,3,11,23,61;57,3,15,31,93;403,1,166;312,1,66;338,1,159;73,2,53,143;472,1,164;74,1,116;803,1,91;635,2,45,83;339,4,61,85,97,157;473,1,356;406,1,94;77,10,5,20,41,51,78,82,115,130,202,245;608,1,226;255,1,68;992,2,48,57;91,1,59;95,6,81,91,102,112,149,165;767,4,5,11,45,81;98,1,113;256,2,106,365;100,5,6,14,59,144,170;609,2,13,28;675,1,245;730,1,111;105,1,92;676,1,62;416,1,95;707,5,15,30,44,85,156;575,5,2,14,46,55,116;649,1,271;577,1,117;500,1,123;123,1,73;348,1,79;130,6,6,20,58,108,168,269;691,1,45;264,3,49,105,157;131,4,6,19,54,391;506,1,185;350,1,196;134,2,116,188;351,5,11,23,36,43,51;512,3,90,155,171;582,1,114;137,1,54;352,1,102;138,4,4,26,76,104;265,3,109,138,224;141,1,178;268,4,8,30,61,78;270,6,7,22,56,137,203,331;354,1,81;148,6,77,97,210,217,230,266;360,7,13,42,69,103,210,234,276;151,2,80,258;152,1,228;518,1,180;681,1,111;587,6,79,111,150,162,206,217;156,6,19,39,73,96,115,184;426,1,87;908,4,53,60,96,103;859,1,157;735,1,60;367,1,112;280,3,188,293,340;168,2,35,195;169,1,49;668,3,97,111,153;316,3,128,141,154;374,4,62,102,121,135;375,2,56,193;284,2,23,52;285,11,8,28,61,76,90,120,132,169,208,219,266;526,3,520,577,594;178,1,190;181,1,96;912,2,139,205;866,1,116;943,1,66;193,1,188;872,1,147;821,5,14,29,76,103,218;535,4,12,27,49,67;382,3,7,15,83;317,7,68,101,125,132,169,186,241;299,2,190,222;878,1,58;304,1,76;825,1,182
86,7,7:391,1,62;751,1,97;547,1,300;950,1,59;632,1,115;77,1,124;518,1,246
87,13,14:391,1,64;319,1,345;227,1,197;795,1,115;838,1,165;778,1,200;634,1,163;469,1,151;763,1,88;80,1,42;639,2,228,275;100,1,132;101,1,84
88,56,100:391,3,66,112,129;6,4,1,9,277,373;885,3,1,8,21;441,1,45;9,1,41;392,3,44,52,121;617,1,30;752,1,218;753,1,122;228,1,182;447,3,1,14,63;832,1,70;740,1,30;27,1,123;453,2,186,214;926,4,11,23,52,89;795,1,23;38,5,41,115,131,143,186;43,4,41,115,131,169;45,1,128;400,2,4,16;332,1,74;58,1,51;66,1,24;73,2,76,99;802,3,64,81,126;704,1,73;635,2,95,139;474,1,151;475,2,1,7;894,1,82;406,1,52;763,1,40;608,1,43;408,1,130;742,1,311;487,6,1,9,31,49,244,320;104,1,143;412,1,26;676,1,101;108,1,260;572,1,119;574,1,49;122,2,49,92;747,1,34;503,3,10,26,43;731,2,11,28;131,1,87;781,3,1,14,29;708,1,3;656,1,144;512,5,3,9,82,144,227;715,1,170;146,1,91;384,1,71;604,2,47,117
89,15,17:391,2,67,136;745,2,63,81;619,1,176;447,1,122;834,1,296;35,1,159;45,1,130;474,1,94;939,1,55;125,1,50;710,1,42;985,1,40;715,1,48;217,1,102;786,1,262
90,106,181:391,1,69;750,2,34,70;9,2,48,81;225,4,84,125,147,174;14,2,191,198;20,1,43;232,1,349;549,1,145;834,1,285;925,1,97;686,1,62;954,2,59,141;453,1,128;926,1,59;237,1,173;29,4,54,264,310,339;554,3,17,59,142;555,1,217;626,6,95,101,111,199,210,232;758,2,145,207;41,1,56;556,2,95,197;628,2,80,176;52,1,232;727,2,9,22;629,2,91,133;55,1,57;837,1,114;798,2,44,106;799,2,31,62;62,1,90;63,1,188;403,2,153,178;66,2,50,62;68,2,188,213;72,1,73;73,1,194;802,3,60,83,104;74,1,133;803,1,59;635,1,72;474,2,104,128;475,1,145;75,3,184,373,443;77,3,42,100,246;779,1,146;407,1,61;974,3,10,20,47;765,1,42;253,2,65,144;408,1,117;86,1,112;780,1,138;90,2,25,68;487,2,66,203;97,2,194,218;344,2,81,87;100,1,76;491,1,199;104,1,43;642,3,129,139,172;106,1,128;260,1,30;846,2,94,100;112,1,99;707,1,152;120,2,193,284;574,2,51,95;575,1,47;649,1,102;650,3,53,109,122;902,1,27;418,3,113,154,166;691,1,66;264,1,224;781,2,77,89;351,3,60,91,148;692,3,51,69,118;828,3,2,10,32;267,6,65,77,122,128,148,171;715,1,108;772,1,87;146,3,39,67,135;424,3,8,20,94;587,1,80;276,1,179;519,2,107,422;916,2,59,65;909,1,46;815,1,51;280,1,184;167,3,170,181,187;592,1,60;594,2,118,128;865,1,45;189,2,168,197;433,1,220;299,1,269;775,1,88;538,1,188;212,1,147;213,1,45;216,2,79,86;604,1,219;543,1,96;825,3,101,157,174
91,10,12:391,2,80,97;442,1,85;314,2,69,133;475,1,122;478,1,146;495,1,117;584,1,115;590,1,54;433,1,33;989,1,62
92,8,8:391,1,81;628,1,55;859,1,39;526,1,259;179,1,92;913,1,20;535,1,40;306,1,261
93,7,8:391,1,83;624,2,81,140;326,1,88;80,1,98;107,1,85;920,1,48;389,1,43
94,114,310:391,2,89,124;223,2,60,253;4,1,30;5,4,11,23,46,68;830,2,134,160;6,4,2,10,18,274;885,4,6,13,39,65;744,2,26,48;441,3,17,35,86;9,4,8,17,42,145;790,1,108;392,5,12,26,36,155,164;227,4,8,33,52,153;619,3,4,28,81;753,2,1,7;725,3,8,17,32;20,1,49;548,4,5,16,34,75;832,1,27;22,3,9,20,39;699,2,20,41;27,1,41;453,3,31,58,157;926,2,138,202;397,5,5,16,33,129,213;556,3,3,13,26;628,2,18,37;560,3,138,214,236;800,1,112;403,3,8,18,59;71,4,15,31,94,254;72,3,8,17,38;73,2,10,26;802,4,1,13,42,70;74,3,5,17,37;803,3,3,16,28;635,2,1,8;474,1,150;475,3,2,8,38;405,1,127;894,1,68;406,5,8,18,34,55,92;762,2,9,22;75,6,5,13,31,362,406,451;763,5,3,15,30,39,164;340,2,10,21;77,5,14,29,44,214,248;252,1,150;83,2,5,11;936,1,32;84,1,44;567,2,8,19;840,4,4,14,27,60;85,6,8,17,65,100,106,120;478,1,102;86,1,50;409,4,10,21,53,62;88,2,43,120;742,6,46,145,181,272,312,318;487,4,2,10,32,312;96,3,16,33,154;810,1,114;572,1,120;109,2,78,129;573,3,13,27,70;111,2,9,21;415,3,15,31,107;611,3,14,29,41;574,3,2,15,27;650,3,5,17,38;121,3,10,21,31;902,4,4,9,19,75;122,4,7,17,29,99;747,4,3,15,53,86;123,4,12,25,37,57;125,1,15;126,1,113;503,4,9,25,54,70;731,2,10,27;129,2,56,79;690,5,15,31,56,105,138;130,2,42,123;691,3,7,19,56;264,1,35;131,6,12,25,31,196,233,383;653,6,2,5,11,72,86,118;781,4,12,25,69,113;504,3,5,13,178;904,3,2,5,52;613,2,6,25;771,2,7,23;656,3,7,29,59;512,3,83,133,199;421,2,6,16;583,1,72;268,3,21,43,66;514,4,7,15,183,187;145,1,93;269,3,5,18,30;146,2,6,17;424,3,1,13,27;147,2,7,19;517,1,35;152,3,29,60,128;153,3,18,44,74;587,4,14,29,37,87;743,3,11,23,37;156,1,195;945,3,5,11,24;601,1,73;604,4,12,25,61,426;544,1,64;953,1,43;220,1,192
95,17,17:391,1,99;6,1,143;445,1,147;834,1,39;329,1,164;53,1,45;336,1,121;634,1,135;71,1,210;72,1,109;608,1,37;570,1,73;771,1,179;151,1,284;600,1,28;953,1,49;306,1,227
96,3,4:391,2,102,108;950,1,19;363,1,45
97,29,39:391,1,103;11,1,185;22,1,158;456,1,101;926,2,28,143;777,1,26;726,1,116;608,1,100;342,1,244;842,1,27;344,1,76;101,1,200;103,1,59;119,1,188;653,2,10,47;654,2,167,196;907,1,39;355,2,49,96;275,1,47;589,2,103,165;162,1,33;920,1,39;428,1,66;694,1,42;958,3,36,84,88;179,3,104,227,326;943,1,83;297,1,43;874,2,57,99
98,16,20:391,1,109;458,1,278;333,1,92;566,1,59;780,1,146;884,3,320,332,400;498,1,130;163,1,227;910,1,43;918,1,57;296,1,21;198,1,69;602,1,205;541,1,248;953,2,24,67;218,2,76,97
99,24,28:391,1,115;789,1,34;22,1,112;926,1,51;794,2,27,144;626,1,109;397,1,193;45,1,77;799,1,46;407,1,71;608,1,151;344,2,82,88;641,1,59;642,2,42,195;348,1,62;651,1,127;653,1,110;144,1,111;772,1,83;153,1,169;594,2,119,129;668,1,47;602,1,239;603,1,72
100,4,4:391,1,120;926,1,92;650,1,102;786,1,260
101,32,39:391,1,132;6,1,251;751,1,91;23,1,122;756,1,111;777,1,169;459,1,47;238,1,378;461,3,141,158,172;52,1,356;629,2,141,153;254,1,67;342,1,140;489,1,101;844,1,102;675,1,211;884,1,354;653,1,60;132,1,198;352,1,67;423,1,132;358,1,63;155,1,120;587,1,46;159,1,144;590,2,138,163;427,3,107,127,137;189,2,172,201;433,1,129;384,1,271;201,1,146;724,1,159
102,144,172:391,1,134;438,1,50;923,1,18;440,1,162;7,1,71;9,2,60,86;831,1,64;443,1,356;698,1,156;444,1,49;725,2,55,90;16,1,63;792,1,49;547,1,134;230,1,197;548,1,280;549,1,96;324,2,38,86;622,1,183;436,1,198;551,1,78;451,1,87;954,1,102;699,1,183;235,1,30;552,1,159;926,4,44,167,199,212;325,1,49;326,1,45;626,1,239;701,1,86;34,1,230;399,1,51;48,2,64,193;49,1,53;465,1,90;53,1,143;56,1,109;58,1,102;334,1,62;338,1,73;313,2,87,233;801,1,28;469,1,66;635,1,97;339,1,197;565,1,59;75,1,282;839,1,51;763,1,75;252,2,54,191;568,1,73;974,1,55;478,1,147;408,1,174;480,1,154;569,1,63;484,1,37;255,2,46,71;487,3,69,109,232;842,2,45,100;898,1,143;488,1,43;982,1,47;808,1,207;639,1,61;96,1,128;256,1,376;640,1,22;492,1,54;675,1,102;641,2,23,44;493,2,144,237;810,1,65;968,1,47;769,1,259;114,1,111;848,1,44;500,1,167;347,1,53;850,1,257;503,1,145;651,1,135;128,2,86,237;781,1,118;504,1,30;132,2,49,130;709,1,150;710,1,69;133,1,168;734,1,69;677,1,130;137,1,48;679,1,43;814,1,27;585,1,95;145,1,67;772,1,39;269,1,34;680,1,27;354,1,135;148,1,269;360,1,149;152,1,244;158,2,187,307;159,1,59;160,1,47;161,1,40;523,1,104;280,1,115;166,2,82,164;694,2,51,96;720,1,76;371,3,86,132,218;594,1,51;375,1,259;285,1,356;526,1,322;595,1,79;174,1,105;862,1,53;292,1,61;184,1,23;185,1,37;976,2,89,117;191,2,96,109;869,1,90;871,1,19;596,2,217,304;533,1,113;196,1,55;872,1,290;381,1,59;432,1,80;433,1,82;784,2,32,59;204,1,145;300,1,59;210,1,67;724,2,195,212;683,1,155;541,1,75;220,1,157;787,2,85,102
103,78,89:391,1,138;6,1,207;225,1,153;443,1,376;752,1,199;231,1,178;456,1,327;553,2,29,39;458,1,255;981,1,38;460,1,103;33,1,240;726,1,123;34,1,197;38,2,83,112;40,1,131;399,1,102;42,2,151,283;43,2,83,112;463,1,51;557,1,104;243,1,70;53,2,51,212;310,1,128;64,1,59;66,1,110;778,1,135;250,1,81;71,1,242;314,1,89;473,2,195,416;779,1,54;804,1,122;948,2,78,103;482,1,57;256,1,252;101,1,68;412,1,91;642,1,55;413,1,113;495,1,145;112,1,80;499,1,106;848,1,31;118,1,167;121,1,301;349,1,79;709,1,33;971,1,71;506,1,154;853,1,52;733,1,115;692,2,68,106;734,1,177;423,2,156,255;156,2,178,191;159,1,184;520,1,169;909,1,60;523,1,139;366,1,39;427,1,44;286,1,44;179,1,242;863,1,139;911,1,27;183,1,215;184,2,108,198;532,1,72;193,1,283;195,1,144;873,1,40;198,1,196;722,1,45;989,1,20;389,1,65;883,1,133;207,1,323
104,28,54:391,2,141,198;438,1,92;788,2,123,148;9,1,103;444,3,83,100,113;620,3,6,16,27;228,2,272,309;834,1,172;235,2,5,18;31,1,41;927,3,44,49,57;330,1,41;313,1,151;894,4,1,13,49,79;934,5,1,13,28,52,68;75,1,608;77,1,144;637,1,74;742,1,70;780,1,55;939,2,14,28;106,3,87,123,174;351,1,63;583,4,36,86,110,123;828,1,112;772,1,75;424,1,134;317,4,121,151,162,180
105,26,27:391,1,144;224,1,202;442,1,30;754,1,44;233,1,44;21,1,181;699,1,123;926,1,134;31,1,29;880,1,21;73,1,296;805,1,57;807,1,15;255,1,21;938,1,21;103,1,94;642,2,134,162;812,1,27;858,1,23;667,1,155;738,1,73;876,1,69;600,1,33;301,1,32;543,1,126;218,1,59
106,139,159:391,1,145;3,1,111;318,2,101,145;319,1,292;684,1,22;9,1,158;443,1,327;226,1,162;17,1,222;548,1,181;323,1,192;833,1,51;955,1,40;23,1,66;925,1,85;25,1,70;235,1,105;456,2,109,246;673,1,43;30,1,104;687,1,80;326,1,173;555,1,55;397,1,198;701,1,205;795,1,159;36,2,246,284;41,1,127;42,1,289;327,1,47;48,2,111,184;243,1,125;796,1,67;53,2,185,216;330,1,80;333,1,101;606,1,107;310,1,54;334,1,184;561,1,152;631,1,120;64,1,240;249,1,69;761,1,127;338,1,209;71,1,270;802,1,154;635,1,35;339,1,116;473,1,249;475,1,112;895,1,89;896,1,88;482,1,240;255,1,56;342,1,173;960,1,27;487,1,325;966,1,57;343,2,94,163;639,2,134,172;258,1,64;899,1,77;949,1,25;493,1,95;643,1,135;108,1,164;345,1,230;109,1,97;346,1,70;416,1,85;747,1,84;579,1,190;125,2,122,212;651,1,163;653,1,121;781,1,199;655,1,41;971,1,65;506,3,39,138,160;507,1,57;350,1,239;351,1,252;136,1,38;854,1,117;512,1,282;421,1,121;584,1,255;714,3,50,99,108;715,1,308;148,1,134;993,1,64;275,1,39;587,2,70,220;716,2,89,129;972,1,112;160,1,42;908,1,172;859,1,104;717,1,214;665,1,92;978,1,103;162,1,26;523,2,94,121;165,1,98;280,1,105;169,1,47;316,3,216,289,355;374,1,161;375,2,78,107;284,1,195;285,1,270;526,2,368,430;958,1,48;994,1,14;182,1,126;864,1,36;866,1,124;185,1,223;188,1,250;378,1,89;670,1,213;533,1,33;194,1,99;196,1,100;872,2,155,281;875,1,68;317,1,90;433,1,236;991,1,107;201,1,165;945,1,42;203,1,103;671,1,127;878,1,68;888,1,104;435,1,85;540,1,146;748,1,56
107,3,3:391,1,147;828,1,119;773,1,60
108,1,1:391,1,149
109,137,164:391,1,152;789,1,114;7,1,32;751,1,71;9,1,26;10,1,62;696,1,140;224,2,20,156;443,2,129,184;226,1,27;14,2,105,194;228,2,29,66;547,1,59;396,1,115;232,1,22;549,1,148;324,1,67;622,2,35,73;21,1,261;453,1,207;455,2,58,77;926,1,174;237,1,108;624,1,191;31,1,62;956,1,145;397,1,161;238,2,248,270;460,1,107;36,1,308;239,1,187;758,2,87,122;980,1,30;399,1,79;463,1,109;437,1,99;52,1,354;242,1,36;53,1,95;797,1,16;59,1,230;466,1,53;311,1,298;467,1,111;64,1,50;632,1,197;703,1,113;72,1,91;73,2,34,283;802,1,26;474,1,221;894,1,29;607,1,111;762,1,269;75,1,639;82,1,188;83,1,120;728,1,62;87,1,122;780,1,102;342,1,219;898,1,168;639,1,398;915,1,128;344,1,121;99,1,170;100,1,90;570,1,77;940,1,76;107,1,26;746,1,39;706,1,59;108,1,291;109,1,152;110,1,43;770,1,99;498,1,112;117,1,106;574,1,74;576,1,139;902,1,65;122,2,113,151;579,1,115;850,1,100;124,1,80;126,1,165;503,1,156;731,1,82;652,1,273;732,1,204;690,1,130;131,3,57,179,377;654,1,38;350,1,248;771,1,69;711,1,103;512,3,65,139,302;352,1,81;423,1,51;141,2,72,171;143,1,148;662,1,61;715,1,291;424,2,41,201;962,1,84;993,1,12;518,1,203;156,2,156,305;161,1,74;858,2,16,223;859,1,120;163,1,150;164,1,29;316,2,272,421;285,1,334;526,2,84,531;529,1,135;290,1,180;176,1,65;292,3,55,305,340;863,3,21,158,228;889,1,65;865,1,47;952,1,109;429,1,55;596,1,130;875,1,59;433,2,45,252;722,1,18;384,1,128;386,2,93,153;201,1,162;299,1,104;300,1,62;306,2,292,305;220,1,132;787,1,64
110,133,158:391,1,153;684,1,75;9,1,23;11,2,156,174;225,1,34;19,1,74;396,1,278;232,1,79;549,1,149;448,1,247;622,1,36;21,1,262;436,1,168;22,1,24;685,1,27;24,1,24;25,1,8;452,1,52;235,1,161;700,3,39,264,351;30,1,11;625,1,12;458,1,32;964,1,14;34,1,90;37,1,26;980,1,31;41,1,84;463,1,105;47,1,46;50,2,38,194;51,1,90;465,1,96;401,1,16;558,1,30;244,1,22;60,1,22;64,2,24,172;402,1,168;778,1,33;563,1,32;703,1,18;73,1,35;762,1,51;75,1,18;85,1,54;478,1,119;479,1,116;948,1,42;484,1,20;960,1,39;488,1,20;639,1,475;843,1,57;766,1,114;921,1,34;98,1,13;100,1,91;730,1,58;940,1,62;105,1,6;107,1,27;643,1,53;572,1,129;847,1,25;811,1,30;611,2,106,172;262,1,28;500,1,32;747,1,26;124,1,81;827,1,42;503,1,34;731,1,39;131,2,58,395;504,1,162;904,1,11;654,1,39;852,2,34,111;507,1,20;942,1,10;828,2,17,133;141,1,73;143,1,149;715,1,145;993,1,13;586,1,22;682,1,50;587,1,73;159,1,26;522,1,97;160,1,45;858,2,17,224;908,1,155;859,1,57;735,1,22;665,1,24;162,1,268;163,1,151;164,1,30;783,1,30;590,1,27;371,1,201;170,1,38;283,1,231;667,1,32;316,2,22,305;526,4,64,148,330,677;289,2,24,145;917,1,16;862,2,71,93;178,1,140;179,1,125;863,2,22,229;180,1,17;889,2,34,66;183,1,28;976,1,30;596,1,131;296,1,22;872,1,24;961,1,20;197,1,28;381,3,54,101,115;873,1,57;874,1,22;317,1,56;822,1,12;945,2,14,44;204,3,126,391,409;299,2,105,161;206,1,51;953,2,25,68
111,87,102:391,1,169;223,1,174;605,2,56,111;224,1,204;227,1,61;619,1,112;792,1,59;228,1,42;229,1,110;231,1,146;20,1,145;754,1,46;549,1,40;685,1,41;686,1,165;27,1,87;236,1,107;700,2,31,241;552,1,36;462,1,39;758,2,46,158;44,2,108,196;400,3,35,176,236;46,1,79;240,1,123;796,1,69;629,1,31;560,3,73,112,239;245,1,73;62,1,91;838,1,116;312,1,25;337,1,92;338,2,45,181;474,1,68;934,1,37;76,1,30;77,1,60;254,1,28;482,1,32;938,1,25;96,1,68;730,1,211;259,1,41;676,1,30;493,1,164;643,1,75;573,1,84;499,1,55;689,1,46;120,1,65;122,1,136;579,1,207;732,1,128;136,1,129;713,2,34,80;582,1,82;266,1,35;516,1,196;156,2,118,269;719,1,44;524,1,60;179,1,140;181,1,168;293,1,31;867,1,75;188,1,127;190,1,67;196,1,41;534,1,101;821,1,221;298,1,47;200,1,49;597,1,36;203,1,49;299,1,97;207,2,73,289;888,1,99;212,1,153;304,1,136;683,1,76;218,3,102,163,273;390,1,156;307,1,124;308,2,107,194;219,1,65;221,1,107
112,209,306:391,2,171,177;318,3,37,69,134;319,4,39,191,256,327;4,1,124;440,2,70,237;8,1,109;745,1,118;9,1,83;790,1,84;392,4,55,87,112,141;831,1,81;393,2,61,125;605,2,120,138;443,2,197,315;619,1,76;15,1,176;620,1,28;17,2,104,135;792,1,98;446,1,89;547,1,290;19,1,28;232,1,275;323,1,103;549,3,228,291,376;622,2,103,195;21,1,174;436,2,17,163;963,1,63;453,2,162,223;826,1,104;700,3,126,271,352;456,1,147;926,1,42;237,2,49,142;624,1,68;553,1,59;777,2,122,138;956,2,72,87;701,1,160;459,2,123,213;795,1,167;460,1,91;35,1,164;461,1,50;40,1,91;399,3,31,203,294;463,2,71,154;45,1,31;464,2,84,157;240,3,196,241,292;50,2,70,97;465,1,45;628,3,123,148,166;56,1,353;332,1,221;559,1,84;310,1,81;466,1,75;311,4,213,266,291,321;334,3,76,147,159;930,1,55;799,3,79,130,204;63,1,131;800,1,115;632,5,94,118,134,138,224;778,2,149,201;633,1,61;563,1,36;68,1,179;741,1,62;404,1,75;71,2,132,220;314,1,105;801,1,95;564,1,110;803,1,168;339,2,124,168;932,1,129;473,3,199,230,392;607,2,225,258;75,2,245,336;763,2,126,150;77,1,172;636,1,72;79,1,47;477,1,95;82,1,118;566,1,82;804,1,88;568,1,81;85,1,39;408,1,97;86,1,99;742,1,37;937,2,30,81;89,1,68;484,1,45;992,2,32,66;487,2,219,295;91,1,82;639,1,313;921,2,40,62;809,3,87,146,158;257,1,153;977,1,26;844,1,115;103,1,122;412,4,156,174,203,232;106,1,175;495,1,152;496,1,73;846,1,128;769,2,249,284;884,2,200,230;114,1,27;498,1,94;118,1,64;707,1,45;611,2,61,140;850,3,225,281,306;503,1,88;349,3,82,115,198;651,1,84;708,1,36;419,1,31;906,1,89;132,1,94;985,1,59;350,1,257;134,1,203;135,1,122;853,3,9,23,42;581,1,198;734,2,66,126;421,1,164;678,1,66;423,3,90,215,294;662,2,39,50;145,1,48;146,2,79,85;424,1,103;773,1,87;353,1,134;355,1,75;149,1,53;152,1,245;155,2,185,222;364,1,85;587,1,199;521,1,50;693,1,109;588,1,94;426,1,200;161,1,99;858,3,49,69,131;718,1,88;162,2,142,249;163,1,130;920,2,90,103;909,1,64;367,1,70;815,1,57;165,1,226;694,1,94;816,1,46;614,2,66,94;283,1,174;372,1,150;736,1,201;316,1,391;526,2,441,552;595,1,209;172,1,171;286,1,47;530,1,186;289,1,313;818,2,64,119;291,1,252;176,1,77;863,1,31;180,2,76,163;987,1,44;911,1,58;186,1,50;294,1,32;532,1,103;192,2,83,121;596,1,321;433,1,244;383,4,42,56,128,153;384,1,190;388,1,124;945,1,31;204,4,218,329,343,357;389,2,92,135;598,2,69,96;299,1,231;775,1,97;823,1,116;207,1,152;302,1,41;724,2,108,192;540,1,147;604,1,398;879,2,94,222;672,2,43,146;953,1,92;217,1,112
113,208,256:391,1,173;439,1,52;318,1,16;319,1,238;684,1,25;776,1,146;924,1,130;440,2,62,202;744,1,56;441,1,135;790,1,18;831,1,77;393,1,122;442,1,81;443,2,304,341;697,1,65;618,1,210;752,1,239;228,1,250;229,1,71;548,1,239;755,1,14;832,1,80;549,5,68,106,159,223,302;622,1,214;23,1,91;685,1,111;740,2,21,72;550,1,47;834,1,306;551,3,120,152,190;451,1,115;454,1,155;234,1,49;236,1,191;700,3,111,261,324;237,1,30;30,1,106;458,1,271;554,1,113;626,1,226;956,2,32,78;701,1,156;459,1,182;795,1,132;33,2,190,211;34,1,140;239,1,173;38,1,53;43,1,53;327,3,64,251,313;51,1,143;437,1,202;57,1,96;559,1,58;630,1,80;631,1,95;930,1,47;800,1,117;403,1,25;338,1,131;71,2,99,272;469,2,107,167;471,1,38;73,1,93;704,3,85,126,187;473,1,89;475,1,16;405,1,58;894,1,77;406,1,40;762,1,158;75,2,330,463;804,1,75;974,1,142;253,1,170;408,2,73,134;86,1,95;742,1,130;480,1,180;937,1,69;89,1,42;842,2,54,103;488,1,65;91,1,41;957,1,114;98,1,36;490,2,86,141;344,1,129;99,1,167;102,1,212;491,1,103;844,1,96;570,1,109;949,1,32;675,1,109;104,1,31;493,1,182;107,1,185;260,1,130;645,1,71;495,1,123;810,1,92;345,1,73;846,1,122;573,1,116;941,1,49;114,2,19,81;115,1,39;498,1,123;848,1,11;119,1,31;812,1,44;575,1,109;417,1,64;122,2,64,139;125,2,181,202;827,1,48;651,1,73;690,1,121;504,2,202,257;654,1,122;905,1,149;852,1,102;709,3,24,43,82;971,1,49;506,2,105,131;133,2,95,211;985,1,37;350,1,252;511,2,38,123;136,1,99;657,1,134;713,1,57;734,2,123,205;677,2,195,225;658,1,175;142,2,24,53;584,1,258;661,1,76;514,1,192;715,1,153;145,1,28;772,1,65;269,2,81,116;146,1,48;424,1,144;357,1,110;358,2,60,94;152,1,161;518,1,209;587,1,236;521,1,124;588,1,15;161,3,120,128,138;858,1,45;665,1,80;162,3,50,238,289;916,1,46;920,2,73,96;367,1,55;280,2,194,284;666,1,118;694,1,127;591,1,78;816,1,23;316,2,261,382;374,1,105;526,2,207,433;595,1,129;174,1,223;289,1,172;818,2,80,114;737,1,75;862,1,32;178,1,165;180,1,72;911,1,23;182,1,94;912,1,169;293,1,49;866,1,66;183,1,210;185,1,40;186,1,68;952,1,31;378,1,118;192,1,64;870,1,106;670,1,43;872,1,97;821,1,183;432,1,43;433,1,240;536,1,48;383,1,44;388,1,118;204,2,212,311;598,1,81;299,1,216;877,1,119;775,1,83;888,1,73;302,2,28,102;215,1,80;435,1,103;683,1,135;541,1,243
114,47,52:391,1,180;831,1,45;442,1,27;547,2,83,102;231,1,66;461,1,143;310,1,122;246,1,86;334,2,140,161;632,1,120;838,1,35;563,1,50;69,1,60;312,1,50;474,1,161;567,1,30;253,2,76,101;479,1,103;742,1,206;254,1,63;480,1,105;485,1,39;98,1,33;492,1,30;644,1,72;108,1,257;109,1,30;884,2,132,256;579,1,180;131,1,75;419,1,100;350,2,50,104;136,1,49;678,1,118;141,1,186;584,1,187;715,1,60;424,1,96;364,1,131;716,1,123;990,1,76;590,1,105;181,1,188;889,1,123;433,1,225;202,1,119;299,1,156
115,73,95:391,1,185;5,1,47;744,2,62,81;9,1,138;228,1,157;549,1,275;550,1,44;834,3,156,280,332;925,1,46;25,1,135;456,2,146,261;926,1,71;555,1,155;626,1,180;45,1,192;400,1,161;50,1,93;630,1,85;562,1,78;250,1,113;313,1,135;73,1,116;472,2,2,15;74,1,101;704,1,159;75,2,404,427;779,1,76;567,1,25;85,1,121;728,1,74;637,1,57;86,4,41,123,188,243;87,1,86;485,2,51,79;97,1,304;915,1,37;571,1,233;610,1,109;107,1,171;644,2,65,89;260,1,141;109,2,105,149;573,1,42;110,1,90;111,1,31;984,2,3,23;574,1,44;348,1,50;129,1,80;135,1,50;657,2,94,128;828,2,51,132;714,2,38,67;662,1,18;715,1,104;424,2,65,142;717,1,146;719,1,102;694,1,92;591,1,40;816,1,116;614,1,80;592,2,76,106;736,3,81,103,142;668,1,158;173,2,51,109;180,1,93;918,2,5,15;184,1,202;382,1,20;537,1,122;775,1,103;602,1,26
116,4,4:391,1,188;318,1,117;24,1,116;659,1,87
117,11,11:391,1,189;979,1,78;235,1,117;311,1,369;403,1,118;252,1,154;843,1,113;267,1,98;714,1,86;527,1,77;317,1,95
118,128,185:391,1,197;223,1,332;318,1,35;924,1,54;6,1,58;441,1,73;7,1,133;745,2,111,177;309,2,154,211;751,4,1,7,163,176;224,2,190,284;443,1,108;226,1,92;227,1,216;444,1,86;322,1,185;231,1,307;754,2,32,117;755,1,105;232,1,273;621,1,72;549,1,394;448,1,122;833,1,59;756,3,72,119,127;685,2,73,108;551,1,70;25,1,161;26,1,130;236,1,167;700,1,269;624,2,35,201;687,1,141;794,1,102;554,2,185,207;956,3,6,14,104;397,2,72,150;398,1,266;238,1,232;726,1,117;328,1,42;50,1,143;52,1,95;629,1,84;798,1,31;466,1,32;799,3,58,123,176;63,1,122;403,1,212;838,1,88;67,2,239,255;69,1,33;801,3,31,36,142;472,1,43;476,1,35;607,2,4,23;762,2,179,201;75,1,394;763,2,57,108;340,1,39;81,1,139;82,1,95;804,1,49;408,1,106;805,1,46;481,1,54;807,3,43,72,82;729,1,41;487,1,284;982,1,62;91,1,88;808,2,141,148;921,1,55;949,1,41;260,1,135;111,1,120;884,1,98;770,2,34,41;116,1,62;576,5,54,102,106,110,136;579,1,108;850,6,85,185,195,214,273,303;418,1,180;129,1,186;504,4,55,72,102,116;612,1,49;906,1,45;135,1,103;420,1,116;581,1,68;692,1,89;514,4,56,76,108,122;585,3,110,128,166;270,1,282;354,1,40;148,1,82;357,1,137;271,1,235;277,1,194;519,2,136,445;281,3,165,179,188;667,1,71;594,1,178;316,1,385;375,1,146;284,1,125;290,1,147;176,1,130;887,1,78;182,1,101;379,1,59;821,1,96;875,2,13,27;597,1,123;600,1,83;601,2,5,15;973,1,137;823,4,17,38,77,98;302,1,122;213,3,7,15,23;602,1,151;724,2,83,200;435,2,86,131;304,2,114,143;604,1,375;544,1,43;390,1,107;546,1,107
119,48,54:391,1,200;223,1,232;3,1,43;443,1,373;446,1,18;396,3,1,10,282;53,1,101;244,1,45;606,1,111;310,1,139;65,1,21;66,1,102;70,1,25;703,1,126;704,1,67;965,1,57;932,1,141;933,1,88;75,1,612;896,1,34;479,1,78;639,2,262,460;899,1,82;676,1,88;495,1,114;847,1,107;941,1,15;414,1,13;995,1,29;970,1,71;747,1,150;132,1,288;782,1,21;613,1,124;147,1,26;148,1,247;162,1,318;285,1,328;429,1,51;868,1,32;596,1,51;534,3,10,28,116;535,1,97;989,1,142;204,1,370;878,1,33;302,2,12,133;724,1,221
120,21,23:391,1,203;9,1,92;549,1,323;237,1,85;701,1,58;38,1,191;48,1,35;244,1,48;69,1,44;90,1,64;808,1,18;345,1,180;577,1,103;418,1,85;349,2,105,188;135,1,98;677,1,38;909,1,42;863,1,96;384,2,79,107;390,1,142
121,68,112:391,1,208;922,1,30;438,1,34;319,1,286;13,2,128,136;698,1,48;321,1,55;231,1,168;755,1,86;232,1,390;622,1,83;24,3,1,12,27;451,1,24;235,1,35;777,1,29;981,2,3,18;555,1,32;460,1,19;35,1,71;400,1,25;468,3,1,22,201;633,2,11,24;315,1,25;704,3,17,35,41;635,2,19,147;763,1,69;77,1,66;252,1,48;804,1,33;608,2,28,253;480,2,1,11;341,1,84;481,3,4,15,80;899,1,55;571,3,7,18,34;940,1,25;413,2,18,34;645,1,39;646,1,30;573,2,12,26;770,1,16;262,1,63;126,1,20;690,1,124;131,1,257;505,1,125;133,1,184;715,3,6,22,169;362,1,156;275,1,64;155,5,13,31,56,217,267;364,1,151;587,1,140;165,10,5,19,31,39,118,171,182,192,216,231;283,3,19,39,66;372,3,7,27,46;526,1,545;530,2,10,21;871,2,1,7;821,1,119;873,3,11,24,73;432,1,82;383,3,53,92,135;384,2,167,188;203,1,285;435,1,43;541,1,27;786,1,45
122,200,357:922,1,26;438,2,9,24;318,1,20;319,1,138;776,1,23;4,1,117;440,4,22,69,81,108;6,1,198;441,1,43;745,4,43,54,64,82;309,1,12;9,1,94;224,1,276;12,2,76,85;443,2,247,400;226,1,55;13,1,72;619,1,110;698,3,39,59,70;791,1,80;752,3,39,55,118;228,1,76;447,1,68;754,1,109;832,1,71;549,4,111,169,333,348;21,1,159;685,1,103;925,1,74;24,1,54;25,2,22,41;451,1,55;235,2,145,155;552,2,62,72;237,2,189,193;553,1,7;458,1,179;835,3,6,12,14;555,4,9,18,84,213;956,1,47;964,1,100;397,2,279,333;459,1,168;398,2,25,238;795,1,17;460,1,14;35,1,137;927,2,25,62;42,1,217;463,1,147;45,1,109;240,1,269;836,1,80;606,1,162;799,3,9,22,78;63,4,15,37,85,227;632,1,188;468,1,183;761,1,93;838,2,94,130;313,2,57,244;703,2,22,71;931,1,64;801,2,73,94;469,8,10,28,49,126,136,157,183,232;802,1,94;74,2,9,21;704,1,131;965,3,7,18,39;894,1,42;762,1,113;75,6,97,216,244,335,342,356;839,1,60;763,1,82;340,2,24,32;779,7,32,44,58,102,111,132,184;252,2,109,120;764,1,19;566,5,7,17,90,99,138;407,2,176,196;568,1,28;974,1,107;840,1,71;478,2,217,297;253,1,83;408,1,50;479,2,101,109;948,1,123;86,2,119,208;87,1,192;254,1,41;480,3,25,185,202;937,2,8,16;806,3,6,21,32;569,1,38;780,1,52;255,1,108;938,1,43;939,2,49,71;342,1,116;842,2,16,35;982,1,54;489,1,137;92,1,59;96,1,115;766,1,95;492,1,42;949,2,38,53;675,1,116;641,3,32,74,106;642,3,9,18,185;610,1,16;107,1,38;645,1,36;494,1,116;345,1,31;769,2,25,152;109,2,54,76;112,1,118;498,1,121;811,1,98;262,2,12,24;577,2,22,100;500,3,9,18,35;122,2,148,174;850,6,116,187,203,216,275,305;126,2,22,149;813,1,58;128,1,131;732,2,46,237;691,3,5,17,32;504,1,32;654,1,174;505,1,75;905,1,125;906,2,61,97;580,3,63,89,103;581,2,76,122;854,1,58;828,1,28;422,1,78;514,1,18;585,1,43;146,1,61;356,2,143,171;357,2,34,71;358,3,4,12,104;359,1,202;829,1,91;518,3,53,111,124;363,3,39,47,81;158,1,103;972,1,12;858,1,207;908,1,41;859,1,145;717,1,103;978,2,23,95;718,3,21,33,139;919,1,62;166,1,43;694,2,72,83;592,1,126;525,2,16,42;173,1,73;818,2,27,97;179,2,151,159;863,2,29,146;180,1,58;181,3,14,54,80;183,2,33,148;774,1,61;867,5,4,8,13,29,39;943,6,5,19,35,105,122,138;976,2,99,111;959,4,5,10,14,35;944,1,22;190,3,19,32,77;193,1,97;670,3,137,152,170;739,2,24,37;821,2,160,171;384,1,137;389,1,70;598,2,108,142;599,4,2,7,17,45;883,1,94;600,7,27,54,58,93,99,124,129;877,1,106;434,1,33;671,1,26;823,1,52;785,2,35,64;209,1,87;539,4,70,78,85,101;724,1,170;216,1,108;541,4,8,18,24,170;786,1,119;787,3,1,8,39
123,207,269:922,1,28;947,1,46;3,1,56;684,1,143;5,1,65;830,1,114;440,1,110;7,4,112,152,178,252;745,1,24;9,2,96,133;12,1,18;443,1,36;226,1,120;13,1,105;227,2,149,219;619,1,167;321,1,120;752,1,173;753,1,109;444,1,129;445,1,90;725,2,59,64;792,1,131;322,3,24,102,128;447,1,43;232,3,203,367,443;324,1,119;448,1,36;699,1,128;326,1,171;458,1,125;956,1,19;397,3,27,90,373;701,1,111;459,4,30,117,156,170;36,1,206;38,2,242,252;43,2,210,219;44,1,32;45,1,195;240,2,171,221;465,1,236;437,2,96,335;796,1,47;332,1,244;559,1,76;929,1,42;61,1,78;632,1,240;68,1,33;69,1,150;313,1,182;634,1,28;72,1,26;469,1,234;251,1,91;932,2,122,149;405,2,54,78;762,1,138;75,4,72,270,430,585;82,2,36,113;83,1,16;764,1,69;84,2,124,138;478,2,143,376;89,2,99,127;938,1,46;342,1,26;639,1,369;766,1,112;921,1,112;967,1,75;99,1,196;100,1,191;101,2,149,279;491,1,100;492,1,71;675,1,349;730,1,55;412,1,79;105,1,33;259,2,71,111;260,2,52,97;494,1,165;768,1,39;345,2,18,116;572,1,25;109,1,81;110,1,95;112,1,168;116,1,82;261,1,99;811,1,95;119,1,89;120,3,52,292,302;262,1,32;578,1,88;970,1,67;850,1,163;125,1,153;813,2,23,65;418,1,52;349,1,234;732,1,54;263,1,126;505,1,88;419,1,76;506,1,152;509,1,67;580,1,117;581,1,161;854,2,57,109;713,1,110;734,1,173;512,2,266,321;138,1,47;678,2,54,126;265,1,94;141,2,81,142;267,1,39;268,2,47,116;585,1,62;146,1,148;773,1,28;358,1,120;517,1,43;152,1,73;829,3,62,108,114;154,1,190;586,1,63;362,2,55,93;275,1,111;155,1,245;743,1,47;276,1,47;156,2,124,286;365,1,39;972,1,163;159,1,107;160,1,52;908,1,76;718,1,110;368,1,27;281,1,123;166,1,98;694,1,110;169,2,45,87;371,2,143,190;282,1,108;170,1,97;283,3,162,182,228;526,1,631;174,1,83;530,1,25;289,1,308;290,2,93,117;531,1,142;177,1,60;882,1,27;182,2,71,142;864,1,34;889,2,37,141;865,1,66;866,1,168;774,1,87;943,2,71,139;294,1,29;188,2,166,248;532,1,97;190,1,81;868,1,20;195,1,100;431,1,20;913,1,43;721,2,32,86;872,1,199;961,1,26;197,1,54;821,1,225;381,1,72;873,1,88;875,1,46;535,1,92;382,1,118;388,1,32;201,1,96;202,3,42,106,147;205,2,15,72;206,1,55;600,1,34;914,1,37;973,1,19;785,1,101;300,1,34;301,1,31;210,2,24,91;539,1,56;878,1,61;212,2,24,123;302,2,25,87;214,2,50,82;748,1,54;542,1,19;544,2,52,100;217,1,32;786,1,71;307,1,134
124,362,932:922,1,35;439,2,9,18;2,2,62,101;319,1,112;684,1,38;776,1,108;5,2,5,17;830,1,56;6,2,140,375;744,1,120;9,3,99,112,122;790,1,23;392,2,79,83;831,4,7,15,34,54;393,3,42,114,156;443,1,64;14,1,55;618,4,12,29,67,161;394,4,12,28,42,72;227,5,65,106,147,195,224;619,6,8,32,71,95,124,173;15,6,1,23,46,65,118,180;698,2,79,126;752,7,13,27,99,140,176,184,224;444,3,67,87,122;17,3,33,142,184;18,1,65;446,1,115;322,8,5,15,38,83,94,100,167,176;547,1,201;229,2,31,130;230,1,55;20,1,94;548,1,129;232,9,9,19,73,191,232,264,267,302,309;549,5,183,242,344,448,459;448,1,84;622,2,192,232;22,3,128,160,178;449,2,75,87;834,2,245,320;24,1,132;551,5,10,21,40,45,201;25,4,75,113,141,149;686,1,147;963,1,42;26,2,97,131;699,3,10,31,146;27,3,80,133,164;453,3,6,17,137;234,2,22,77;235,1,59;552,2,84,90;926,1,163;624,3,37,209,233;457,3,22,49,62;29,4,92,100,119,180;673,1,54;326,4,111,126,151,159;777,1,70;555,1,37;238,1,45;795,1,105;33,2,200,222;726,2,73,118;36,9,10,28,137,140,218,235,262,290,298;239,13,20,49,87,110,149,161,182,193,202,209,219,231,253;462,1,61;37,5,2,14,43,79,88;758,1,54;38,6,5,17,38,164,233,275;39,4,4,13,79,109;399,1,169;41,6,2,7,17,53,156,189;42,4,66,104,182,234;43,6,5,17,38,147,201,242;44,12,5,18,30,143,162,183,212,235,249,275,306,331;45,1,145;556,1,174;400,3,97,131,146;627,2,10,21;464,4,1,9,50,136;47,7,1,23,71,99,175,229,265;240,1,194;241,3,56,167,216;50,1,144;465,3,43,121,133;437,1,148;628,2,90,135;52,3,44,255,271;242,6,31,95,196,212,239,257;796,2,12,25;53,2,38,262;54,1,51;55,2,96,110;56,3,142,299,349;331,1,24;57,1,87;58,1,64;560,6,7,24,60,74,78,206;59,4,145,180,247,299;606,1,48;702,2,98,198;798,1,32;466,1,33;929,3,6,19,33;60,3,64,93,118;334,2,5,24;630,3,10,33,131;335,3,1,13,35;247,1,176;63,2,66,77;950,2,24,57;562,1,40;64,4,257,345,384,420;800,1,89;778,5,90,133,155,166,215;67,7,22,45,67,96,134,187,218;68,11,5,20,43,96,119,135,165,170,176,195,232;69,2,111,170;337,1,50;741,2,42,54;634,1,245;71,1,72;314,2,13,32;315,1,72;564,1,90;73,3,82,239,263;802,2,117,135;74,1,121;803,3,75,130,164;704,1,162;635,4,64,84,113,117;339,3,57,98,172;251,3,2,18,41;476,1,36;565,1,64;75,1,565;763,1,123;636,2,40,98;81,1,148;82,3,96,110,125;83,2,43,118;764,1,65;407,2,15,31;84,3,5,20,54;568,1,93;765,1,75;608,2,81,222;478,2,353,361;86,1,62;87,5,2,10,33,80,98;88,1,75;341,1,144;806,1,41;780,5,2,13,59,77,123;485,1,102;842,1,89;488,2,59,119;91,4,4,23,47,89;92,2,78,82;93,1,92;808,2,87,142;638,1,108;96,3,5,22,111;97,9,104,107,163,191,203,221,236,245,286;809,1,156;98,2,172,210;967,1,81;490,5,11,32,58,146,179;99,4,17,39,89,154;100,1,152;491,3,4,18,127;675,1,145;730,3,15,30,49;412,2,94,112;571,1,45;106,1,42;676,2,69,74;493,1,158;107,4,94,112,121,139;705,1,27;643,2,55,123;644,3,59,92,114;108,1,161;345,1,161;846,2,104,126;847,1,33;497,4,10,21,79,95;648,1,44;573,2,53,97;110,1,75;112,2,84,139;498,1,84;415,1,110;261,4,1,15,29,96;416,4,1,20,51,105;118,2,186,192;689,7,2,14,29,78,82,108,113;120,2,59,374;574,4,83,93,103,117;576,3,18,37,52;649,2,90,213;650,1,39;121,4,94,116,151,183;122,1,74;347,3,6,23,59;503,3,102,173,183;731,1,106;127,2,49,102;651,1,110;128,1,283;732,1,118;263,5,7,24,43,91,111;129,2,39,123;130,6,76,96,128,146,154,255;653,2,52,91;781,3,8,21,42;881,1,27;505,1,42;132,2,29,259;709,1,154;782,1,27;710,1,36;506,1,65;133,7,41,102,115,123,147,155,230;350,1,223;351,2,136,191;613,1,145;771,1,216;510,5,1,15,29,98,134;136,1,142;420,4,1,17,41,113;677,3,50,75,109;512,1,175;421,2,38,171;513,1,33;352,1,108;139,3,4,26,164;140,11,1,22,76,110,115,155,181,188,207,212,242;678,2,88,109;679,1,48;661,3,1,10,25;814,2,83,99;714,1,91;268,3,11,33,80;585,1,83;144,4,55,147,234,366;145,2,60,73;772,1,81;269,1,137;353,5,1,14,31,96,123;680,1,66;270,3,143,170,269;148,4,1,18,40,124;150,1,21;357,3,58,115,138;358,1,45;663,3,20,44,58;152,2,229,252;153,2,147,198;664,1,113;271,7,87,114,159,165,210,222,240;272,3,131,169,175;154,5,1,23,92,141,171;273,7,80,102,222,307,317,344,385;274,11,1,31,78,154,159,189,202,215,249,273,282;586,2,134,140;155,1,168;277,1,89;365,1,111;159,4,42,100,118,142;519,10,72,88,120,179,214,245,335,373,378,515;520,1,182;521,4,13,27,43,111;426,2,92,180;161,1,37;859,2,83,101;164,1,103;280,1,83;427,2,9,25;428,3,6,12,55;719,4,4,17,31,66;694,3,8,16,41;167,1,221;591,1,52;169,1,96;524,2,126,213;170,1,174;372,1,113;373,1,82;375,4,96,143,152,202;526,4,272,508,561,573;527,2,32,46;286,1,122;528,2,115,136;174,1,264;529,1,48;287,3,76,110,170;288,4,20,53,89,108;530,1,87;289,1,220;531,1,101;179,1,34;181,2,29,68;910,3,7,14,30;864,2,45,74;889,3,15,30,95;185,9,10,20,35,48,104,137,143,174,196;186,1,89;976,2,14,28;187,1,204;188,5,21,49,80,87,151;533,2,72,99;197,8,13,26,47,71,121,135,155,166;534,1,74;821,2,62,230;874,1,40;535,1,72;382,1,112;433,1,91;536,6,45,57,61,76,117,173;298,1,48;198,5,3,14,43,60,89;384,1,46;537,2,72,110;202,3,10,29,190;597,3,10,20,34;203,1,115;883,4,20,40,76,194;877,1,50;914,3,14,31,53;601,2,99,110;434,1,93;671,1,122;207,5,106,111,213,218,353;946,4,127,143,166,199;824,3,91,97,109;300,2,69,99;210,1,50;539,1,62;878,1,51;213,3,8,16,24;214,1,131;724,2,66,85;435,2,115,155;303,5,149,154,177,195,206;304,9,2,19,46,83,97,104,116,147,157;305,5,102,107,154,174,178;748,1,108;216,1,75;683,2,89,177;543,5,4,26,60,67,118;217,1,71;545,1,77;218,2,195,228;390,7,5,32,70,121,132,194,224;306,1,79;307,5,123,147,152,205,210;308,7,36,39,92,95,109,132,137;219,8,80,87,92,130,162,196,234,259;220,2,79,168
125,59,96:922,1,36;2,1,63;318,1,28;750,1,66;443,1,65;618,4,13,30,68,162;394,4,13,29,43,73;698,2,80,127;752,3,14,28,151;228,3,263,302,325;18,1,66;229,1,131;549,5,184,243,345,449,460;448,1,85;22,3,129,148,161;449,1,84;25,2,76,114;552,2,85,91;926,1,164;29,2,120,181;687,1,144;555,2,38,197;238,1,46;400,1,132;635,1,114;565,1,65;83,1,44;764,1,66;407,2,16,32;936,1,147;478,1,354;86,2,129,167;806,1,42;780,5,3,14,60,78,124;982,1,65;93,1,93;642,1,242;847,1,34;111,1,62;120,2,60,375;576,3,19,38,53;122,1,75;813,1,72;128,1,280;732,1,119;130,3,80,97,256;771,1,203;136,1,143;734,1,194;814,2,84,100;585,1,197;144,2,56,367;680,1,63;357,1,139;153,1,270;587,1,106;526,1,273;724,3,67,86,155;541,2,90,119
126,125,188:438,2,1,16;684,1,126;618,1,91;25,1,55;451,2,20,118;699,4,3,24,68,98;453,2,26,69;553,1,48;687,1,98;555,1,134;397,8,1,12,23,239,265,297,324,380;398,3,2,12,254;38,1,158;927,1,67;43,1,141;400,1,352;327,1,356;58,1,30;559,1,54;560,2,3,20;929,3,2,15,28;799,2,2,15;634,1,107;470,2,1,8;564,1,39;73,1,252;802,1,36;74,3,2,14,25;893,1,32;75,1,305;76,1,33;77,1,236;779,1,72;407,1,192;840,1,78;85,1,69;253,1,89;408,1,55;86,2,2,16;87,2,26,128;341,1,80;898,1,105;957,1,48;639,2,307,326;767,1,23;256,1,97;899,1,20;730,2,2,17;104,1,160;642,1,108;940,2,1,11;107,3,6,18,33;643,2,106,114;645,1,58;646,1,24;495,3,9,26,65;648,1,43;109,1,109;884,1,136;416,1,76;811,1,121;611,3,1,16,117;262,1,102;650,1,97;902,1,67;503,2,6,22;731,2,7,24;690,1,34;691,2,11,23;131,1,112;504,1,120;886,2,1,7;612,1,12;852,3,2,17,37;782,3,2,12,63;657,3,2,15,114;658,1,16;422,1,60;141,1,78;142,1,59;857,3,2,10,27;714,1,102;514,1,127;424,1,168;356,1,104;362,2,1,20;518,1,206;681,2,86,128;682,1,87;858,1,256;589,1,215;717,1,159;162,1,292;366,1,154;368,1,18;165,1,102;783,1,103;427,1,48;592,4,5,16,51,72;667,1,148;668,2,2,15;863,1,145;910,1,93;774,1,57;670,1,136;695,1,83;381,1,27;874,1,45;386,1,54;388,1,14;597,1,50;204,1,128;883,1,182;434,1,32;785,1,69;538,1,335;602,1,431;215,1,44;724,1,116;216,2,1,10;545,5,3,21,39,96,148;218,2,21,43;749,1,75;825,1,196;616,6,3,17,31,129,149,168
127,147,261:438,3,2,17,51;947,1,44;890,3,30,61,98;2,2,2,10;319,2,32,160;830,1,90;751,4,42,63,100,170;9,1,93;831,1,80;12,1,204;698,2,7,24;791,1,56;752,9,2,16,94,136,167,179,188,193,200;792,1,106;228,3,124,133,183;793,1,76;231,1,157;832,1,85;549,1,227;23,1,58;756,3,2,16,38;623,1,90;25,1,56;451,1,75;954,1,77;699,1,46;453,1,115;235,1,140;458,3,59,217,279;397,9,3,14,25,79,88,122,240,298,325;398,3,155,176,215;461,1,127;38,1,84;927,1,72;43,1,84;45,1,103;244,2,3,13;559,1,106;246,1,109;248,3,10,29,85;891,1,38;632,1,238;468,2,86,175;760,2,5,10;838,2,122,167;633,1,52;634,5,12,24,93,114,140;315,1,118;469,8,7,25,57,93,112,130,188,196;802,3,88,113,130;74,1,80;704,1,88;635,2,67,120;475,2,46,141;405,2,48,76;607,2,74,122;406,1,85;75,2,353,379;566,2,150,225;804,1,107;478,3,244,346,364;253,2,118,166;408,1,86;480,3,57,68,262;341,2,52,81;481,2,24,81;841,1,57;487,3,40,121,278;898,1,20;96,1,147;921,1,99;99,3,4,26,124;844,1,39;730,1,82;571,1,174;642,1,53;940,1,23;107,2,46,191;413,1,40;645,1,74;494,1,188;646,1,74;647,1,21;495,3,43,89,100;847,2,43,72;769,1,147;109,1,73;573,2,3,17;112,1,133;884,2,207,397;118,1,71;902,1,39;122,4,57,142,167,195;747,1,172;813,2,55,79;349,1,224;651,1,133;732,6,2,16,39,68,205,230;691,3,12,24,26;612,1,74;852,1,116;971,1,72;583,1,59;907,1,110;141,1,92;142,1,62;857,1,100;814,1,64;715,1,193;585,4,6,22,37,64;144,1,259;145,1,65;359,1,196;363,1,74;155,1,47;158,1,94;908,1,148;978,1,62;165,1,122;168,1,268;592,2,6,17;667,1,145;531,2,66,125;177,1,66;292,1,300;910,2,36,94;865,2,57,71;866,4,71,129,139,145;867,1,33;959,2,11,48;193,1,117;872,4,102,160,170,176;197,1,147;383,1,97;384,2,175,189;601,2,3,13;434,1,29;823,1,45;723,1,54;724,4,7,25,103,175;541,2,3,13;879,1,208;544,3,1,12,98;545,2,107,135;749,1,48;825,4,61,118,147,214;616,2,150,154
128,166,374:438,2,6,21;788,2,94,183;223,3,109,249,281;2,2,5,13;776,1,41;923,2,32,49;924,3,9,27,46;696,1,130;443,3,8,24,53;226,3,3,15,37;618,3,6,23,54;394,5,8,24,50,84,95;698,4,4,21,42,144;752,3,6,20,35;395,3,1,10,25;792,3,43,82,256;228,4,7,20,36,59;230,1,309;793,2,2,13;20,1,172;755,1,89;232,2,148,158;549,3,9,21,34;448,3,13,29,53;833,3,4,13,34;22,3,1,12,31;23,1,83;925,2,2,17;25,1,95;234,2,33,73;700,2,46,340;552,3,7,17,22;926,1,139;237,6,40,104,148,166,186,199;30,1,71;687,3,5,15,49;794,1,41;555,2,6,15;459,3,132,137,173;40,1,71;42,3,174,228,271;44,4,131,218,277,296;45,1,163;51,4,1,11,35,56;466,3,1,13,34;311,2,382,404;930,1,64;63,2,164,194;950,1,46;248,2,13,32;467,2,51,93;468,1,49;760,1,19;761,2,3,29;402,3,7,25,180;69,3,1,10,23;634,3,2,14,36;71,5,4,20,33,93,245;469,2,68,83;802,1,91;472,3,4,17,33;74,3,6,18,38;635,2,20,148;932,1,71;473,2,51,169;476,1,34;607,2,6,25;565,2,8,27;406,1,35;762,1,58;340,1,29;77,3,10,25,56;636,1,55;895,3,2,15,73;935,2,46,86;78,1,54;688,2,12,35;252,3,7,16,40;80,2,161,169;82,1,52;896,3,1,11,22;804,1,34;407,3,10,26,58;84,2,1,16;567,2,9,20;478,3,10,23,129;480,3,5,15,238;937,1,86;805,1,78;482,1,20;483,2,5,20;729,2,4,15;488,4,79,99,129,223;639,1,31;94,3,3,10,21;99,3,8,30,76;104,2,89,187;641,4,2,12,29,119;571,3,8,19,35;642,3,6,15,23;940,3,8,18,27;260,3,1,7,21;645,3,6,17,33;646,2,1,12;495,2,69,179;810,1,49;108,1,191;846,3,6,21,80;847,3,5,17,28;769,3,3,13,22;770,1,19;120,4,1,17,38,192;574,1,63;575,3,8,20,77;262,1,98;576,3,7,26,58;649,4,11,27,50,67;578,3,6,18,29;121,2,25,226;970,3,11,24,54;122,2,30,170;501,1,123;348,1,16;502,3,1,10,33;126,2,71,139;851,2,23,45;827,3,74,91,158;127,1,30;813,1,61;418,3,22,46,65;651,3,7,19,32;652,2,131,258;732,1,42;690,3,6,22,47;131,1,258;136,2,67,124;657,3,7,20,49;734,1,130;583,2,5,12;584,1,184;585,3,3,19,40;144,4,18,42,66,346;772,1,29;153,2,4,30;277,2,41,99;783,3,4,18,42;667,3,5,20,47;669,3,13,32,64;526,4,203,255,263,376;670,1,47;739,2,57,144;432,2,135,159;200,2,70,161;387,1,34;299,3,45,124,247;671,1,37;823,1,63;212,4,41,90,164,186;302,1,47;602,3,10,22,34;724,1,52;435,3,4,22,44;748,1,72;672,4,10,26,82,115;306,2,141,349;219,5,60,85,145,184,266
129,120,191:438,1,56;788,1,141;222,1,107;318,1,48;319,2,84,203;6,1,326;885,1,37;225,2,116,130;13,1,141;445,2,85,165;17,1,180;792,3,193,224,236;322,1,215;230,1,272;231,2,279,298;447,2,76,89;232,1,417;549,1,62;448,3,102,179,213;685,1,170;25,1,37;926,1,133;29,1,361;625,1,105;794,4,3,6,13,67;33,1,160;35,1,96;41,1,147;44,7,53,70,73,203,207,285,289;556,5,66,117,124,160,192;557,5,8,17,25,80,139;465,2,219,221;334,1,73;630,1,97;631,1,159;799,2,111,149;467,1,145;468,1,125;403,2,174,214;66,1,115;250,1,139;634,1,189;71,1,267;802,1,138;74,1,30;803,1,123;635,1,48;473,1,290;762,1,156;82,3,131,160,176;83,1,57;608,2,160,172;478,2,320,340;482,1,77;483,2,45,52;485,1,112;898,1,130;639,1,357;921,1,97;915,3,6,18,59;609,1,59;675,1,324;642,1,263;108,1,90;111,1,66;346,4,6,13,56,67;261,1,69;501,3,12,31,103;348,1,33;851,1,49;651,1,205;690,1,71;130,1,232;264,1,106;653,1,25;506,2,115,123;350,1,190;351,1,250;135,2,149,168;136,1,88;657,1,140;677,1,124;679,1,40;269,1,107;146,1,78;150,2,67,143;357,2,51,125;151,1,160;517,4,81,121,149,196;587,1,233;426,2,86,171;978,6,9,18,33,53,70,84;368,2,19,62;428,1,80;167,2,128,230;282,4,14,34,64,128;316,1,69;377,1,72;287,1,135;179,1,202;183,2,99,185;976,1,49;188,1,122;295,4,139,164,177,229;721,1,119;197,1,131;875,2,14,28;298,1,41;383,1,29;384,1,281;537,1,104;597,1,111;204,2,108,282;877,2,76,83;671,4,8,16,112,154;210,1,35;542,1,31;543,2,22,44;672,2,94,133;219,1,225
130,79,185:438,1,57;223,5,4,21,40,260,316;923,1,28;924,3,1,19,99;7,1,88;443,2,47,135;226,1,124;394,1,59;791,2,101,113;752,1,258;445,10,15,32,41,81,84,118,144,161,164,173;395,1,74;792,1,188;18,1,79;793,1,117;549,2,369,428;685,1,131;963,3,27,68,112;454,9,3,20,38,62,94,114,149,192,222;29,9,5,16,30,66,108,165,193,221,321;687,3,1,11,38;238,10,1,7,30,58,79,139,167,223,261,392;46,1,102;465,2,32,61;930,4,13,27,39,58;248,3,5,24,113;467,1,85;336,1,97;802,1,139;472,1,123;74,1,33;893,1,60;762,1,187;82,2,28,68;83,1,24;764,3,43,71,107;728,1,67;89,1,88;482,1,166;488,2,75,130;93,4,2,19,40,144;642,1,32;810,1,97;769,5,6,16,164,188,223;111,1,65;261,1,107;574,1,106;501,2,57,95;348,2,34,115;418,7,16,40,56,101,137,193,224;651,1,199;732,2,32,166;690,3,7,23,96;130,2,89,245;691,1,74;135,3,92,155,159;136,1,92;512,1,275;423,5,195,248,263,274,286;268,3,13,35,87;145,1,119;424,1,250;520,1,137;522,2,67,85;160,3,5,12,35;161,4,4,13,30,65;167,6,62,124,127,196,226,229;736,2,2,13;668,3,35,168,234;189,2,61,182;295,3,55,122,275;532,1,63;784,1,21;823,2,7,28;946,1,130;602,3,113,184,413;672,3,7,23,59;306,1,223;308,1,146
131,68,148:438,1,58;223,5,5,22,41,261,317;776,1,104;923,1,29;924,3,2,20,100;443,2,48,136;226,1,125;394,1,60;698,1,244;791,2,102,114;752,1,259;395,1,75;792,1,189;18,1,80;547,1,206;793,1,118;549,2,370,429;21,1,277;685,1,132;963,3,28,69,113;454,9,4,21,39,63,95,115,150,193,223;29,9,6,17,31,67,109,166,194,222,322;687,3,2,12,39;238,11,2,8,31,59,80,140,168,224,262,275,393;930,4,14,28,40,59;248,2,6,25;467,1,86;336,1,98;802,1,140;472,2,124,148;74,1,34;893,1,61;762,1,188;82,5,4,15,29,69,172;83,1,25;764,4,44,72,108,147;728,1,68;89,1,89;805,2,4,17;482,1,167;960,1,45;488,2,76,131;93,4,3,20,41,145;98,1,103;642,1,33;810,1,98;769,5,7,17,165,189,224;261,1,108;574,1,107;417,1,51;348,2,35,116;418,7,17,41,57,102,138,194,225;651,1,200;732,2,33,167;690,3,8,24,97;130,2,90,246;691,1,75;136,1,93;512,1,276;268,3,14,36,88;585,3,137,160,183;145,1,120;424,1,251;736,2,3,14;532,3,16,36,64;602,3,114,185,414;306,1,224;308,1,147
132,280,381:438,1,68;890,1,85;222,2,121,160;223,2,214,292;5,1,70;6,1,152;7,1,232;751,1,93;605,1,94;11,1,264;12,1,78;617,1,97;13,1,119;14,1,53;618,1,123;753,1,50;445,1,53;725,2,30,40;792,1,109;228,1,297;322,1,80;19,1,139;229,3,44,132,153;22,1,171;449,1,27;450,2,21,114;25,2,58,177;686,1,163;954,1,88;26,1,100;27,2,150,187;454,1,66;826,1,106;236,1,188;700,1,128;552,1,56;624,1,155;29,1,85;673,1,84;625,2,45,86;325,1,224;794,1,63;458,1,292;835,3,67,101,146;554,1,250;555,4,68,86,96,220;398,1,169;238,3,83,142,387;33,1,76;34,1,191;927,1,54;41,1,113;42,1,64;44,2,125,216;45,1,185;400,1,117;328,1,109;241,1,154;836,1,100;465,1,127;53,1,276;55,1,76;331,2,50,61;332,1,186;560,2,80,89;59,1,264;310,1,83;929,1,81;245,1,59;311,2,79,268;334,1,193;561,1,86;61,1,56;468,1,130;403,4,241,260,276,295;778,2,79,94;336,1,82;69,1,135;337,1,106;634,1,56;404,1,101;71,1,236;72,2,41,96;315,2,75,119;801,1,89;469,3,95,198,253;470,1,27;73,2,249,297;802,1,147;472,1,77;74,1,74;339,1,126;932,1,132;473,2,210,264;763,1,152;77,2,175,226;840,1,88;478,1,356;86,1,72;409,1,98;341,1,89;481,1,26;806,2,73,128;484,1,47;342,1,241;841,1,58;487,1,43;982,1,56;93,1,138;639,3,242,315,432;843,2,80,108;96,1,94;921,1,103;809,2,89,160;99,1,163;491,2,83,173;411,3,58,68,142;570,2,132,149;492,1,97;675,3,148,159,290;730,1,128;940,1,31;105,1,107;493,2,216,241;107,2,57,177;746,1,74;645,1,62;494,1,189;108,1,38;345,1,24;769,3,171,261,298;109,1,70;573,1,50;110,2,78,110;770,1,63;115,1,81;261,1,112;811,1,111;499,1,77;118,1,73;119,1,178;120,1,157;812,1,22;574,1,110;747,2,137,202;579,2,131,145;501,1,116;850,1,139;125,1,129;126,1,98;813,1,52;732,1,35;263,1,160;129,2,148,166;690,1,109;691,1,34;131,1,372;612,1,81;505,1,68;132,4,201,224,246,253;971,1,28;350,1,114;351,2,144,188;510,1,67;657,1,46;581,1,100;854,1,86;711,2,28,117;712,1,69;856,1,132;421,1,42;658,1,121;828,1,54;139,5,118,128,170,182,215;140,1,163;422,2,48,71;141,2,75,93;660,2,66,89;267,3,10,25,47;814,1,73;714,2,56,68;516,2,246,264;662,2,41,92;145,1,83;772,1,50;269,1,139;424,2,173,234;148,2,108,194;149,1,64;150,2,84,124;663,2,75,80;152,2,5,36;153,1,229;273,1,233;586,2,66,127;362,3,15,34,113;518,1,184;155,1,224;364,1,193;276,1,50;158,1,90;519,4,133,388,397,494;520,1,159;522,1,58;426,1,164;859,2,149,186;717,1,47;718,1,91;919,1,63;916,1,82;164,2,54,125;815,1,70;783,1,107;280,1,347;428,1,57;168,2,150,180;592,1,110;170,1,228;283,1,176;372,1,159;667,1,115;525,1,53;669,2,90,102;375,2,82,231;285,1,346;289,1,128;818,2,121,137;531,2,174,187;175,1,174;737,1,34;738,1,91;958,1,143;292,1,311;863,3,66,123,211;180,1,81;181,1,15;910,2,32,76;182,1,131;912,1,130;864,2,39,49;866,1,74;184,1,69;186,2,38,62;943,1,124;944,1,34;187,2,78,138;188,1,63;295,1,237;193,1,166;820,2,25,46;196,1,104;872,1,105;197,1,59;198,1,176;383,2,69,156;385,1,40;386,1,158;537,1,78;597,1,86;671,1,64;823,1,68;538,3,213,238,276;946,1,83;539,1,25;302,1,43;213,1,123;602,1,50;724,1,178;216,1,210;604,1,213;879,1,227;672,1,138;545,1,131;786,2,83,120;749,1,50;825,3,63,120,193;616,3,126,138,165;390,2,73,92;306,1,94;219,1,286
133,21,24:438,1,71;618,2,36,213;792,1,103;833,1,30;634,1,152;803,1,43;704,1,145;475,1,91;895,1,39;83,1,81;764,2,117,131;407,1,165;478,1,205;480,1,38;163,2,119,160;919,1,28;916,1,100;669,1,42;862,1,28;190,1,22;388,1,48
134,17,23:438,1,72;618,2,37,214;698,2,64,224;792,1,104;634,1,153;704,1,146;475,1,92;895,1,41;407,1,166;482,3,40,117,222;642,2,112,156;108,1,187;783,2,104,116;525,1,92;668,1,67;669,1,43;200,1,64
135,42,60:438,1,73;223,3,73,176,271;392,2,3,17;233,1,90;450,1,58;458,1,106;46,1,56;557,1,157;242,1,144;243,2,45,97;55,1,84;57,3,2,18,158;311,1,439;250,3,5,21,47;71,1,48;72,1,45;893,2,30,39;78,1,44;82,1,34;478,1,91;254,1,101;491,1,98;493,2,52,229;995,2,2,15;579,1,117;849,1,55;123,1,95;133,5,4,12,19,78,182;512,1,316;658,1,82;141,1,99;972,1,119;908,1,183;524,1,280;592,2,2,13;282,2,20,40;171,2,5,22;818,1,103;994,1,12;430,1,67;596,1,43;433,1,61
136,68,89:438,1,74;4,1,147;830,1,81;6,1,102;9,1,123;443,1,123;13,3,13,29,174;23,1,105;453,2,47,65;794,1,58;35,1,117;38,3,10,22,246;43,3,10,22,214;47,2,103,220;327,3,171,232,344;557,1,132;58,1,184;310,1,91;702,1,91;64,2,215,426;74,1,137;475,1,134;895,1,78;83,1,65;948,1,58;87,2,169,177;481,1,74;975,1,71;610,1,94;494,2,184,196;572,1,106;109,1,136;110,1,111;112,1,130;499,1,101;812,1,17;503,4,2,18,57,77;731,2,3,20;652,1,152;263,1,153;129,2,97,157;131,1,209;506,1,68;512,1,119;137,1,76;265,1,110;143,1,212;147,1,51;518,1,221;157,1,165;365,1,91;520,1,156;815,1,89;280,1,342;166,1,99;174,1,261;530,1,61;737,2,3,13;177,1,89;912,1,225;184,1,63;388,1,176;202,1,155;208,2,1,15;540,1,14;879,1,179;218,2,9,31;749,1,70
137,76,112:438,1,81;223,1,153;441,1,158;224,1,199;617,1,68;395,1,64;792,1,245;754,1,41;21,1,270;449,3,4,14,23;24,1,94;686,2,79,137;963,1,37;700,1,152;624,1,23;458,1,207;554,1,157;37,1,50;48,1,123;401,1,28;466,2,6,18;248,1,79;688,1,67;779,3,14,29,129;407,1,50;780,1,41;938,3,9,19,58;939,2,13,27;808,1,35;95,1,143;766,1,45;102,3,17,36,62;845,1,73;103,3,151,173,182;730,4,13,28,47,138;108,3,127,153,228;501,1,109;502,2,72,76;612,1,36;133,1,142;582,1,39;659,2,6,18;141,3,11,23,90;584,1,78;715,2,76,231;772,3,12,25,45;155,1,290;858,1,172;859,2,82,100;717,1,181;162,1,280;920,1,51;783,1,78;720,1,56;591,1,31;170,1,112;525,1,18;594,1,42;531,1,57;178,1,197;181,1,27;910,1,28;943,1,50;976,2,47,75;190,1,63;695,1,58;196,1,31;615,3,7,16,42;991,1,75;204,1,161;877,1,48;914,3,12,29,51;301,3,48,51,55;878,1,49;602,4,192,201,237,315;723,1,46
138,217,258:438,1,84;319,1,291;830,1,98;6,2,168,206;441,1,150;392,1,142;831,1,76;605,1,139;224,2,57,262;13,2,124,191;14,1,181;227,1,141;752,1,172;444,1,125;792,2,58,108;19,1,75;231,2,172,317;20,1,134;447,1,114;754,1,95;232,1,442;621,1,117;549,1,416;448,1,248;622,1,115;436,2,197,209;22,1,254;685,1,133;686,1,161;234,1,99;700,1,109;456,1,245;237,1,143;673,1,42;835,1,124;626,1,117;956,2,77,88;397,1,197;701,1,204;398,1,166;238,3,62,94,295;33,1,210;34,1,229;462,1,64;38,2,60,250;43,1,60;44,1,208;556,2,138,186;400,2,100,175;47,1,111;240,1,91;49,1,63;50,1,190;836,1,134;437,1,198;629,1,199;54,1,101;55,2,113,136;56,2,106,210;334,1,162;561,1,101;631,1,123;63,1,212;950,1,68;467,1,117;249,1,67;403,1,445;838,1,168;67,1,99;69,1,149;312,1,43;338,1,208;71,1,269;471,1,67;73,1,286;339,1,169;475,1,136;762,1,170;763,1,200;895,1,88;80,1,118;896,1,42;408,1,173;86,2,94,141;480,2,216,254;342,1,222;487,1,296;842,1,90;898,1,142;489,1,67;343,1,260;94,1,64;96,1,90;809,1,100;915,1,91;492,1,88;675,2,246,345;412,1,130;641,1,88;571,1,219;940,1,83;105,1,112;259,1,72;493,1,236;645,2,61,117;494,1,164;497,1,100;112,1,104;117,1,72;611,1,102;577,1,111;747,2,83,190;579,1,152;347,1,82;850,2,138,162;903,1,54;125,1,201;851,1,62;813,1,98;263,1,133;691,1,95;131,2,188,328;905,1,119;419,1,104;132,2,129,222;971,1,55;710,1,68;507,1,56;509,1,66;613,1,130;853,1,64;136,2,70,103;580,1,116;581,2,99,160;854,1,108;713,1,134;734,1,67;677,1,113;512,1,281;421,1,90;513,1,68;352,1,90;265,1,93;266,1,125;267,1,124;514,1,86;145,1,123;354,1,121;149,2,45,86;151,1,221;517,1,152;152,1,206;362,2,92,176;155,1,314;682,1,89;277,2,150,180;156,1,125;716,1,128;158,1,186;159,1,77;519,1,294;589,1,186;859,1,167;978,1,102;718,1,89;162,1,79;366,1,119;165,2,53,97;280,2,273,297;720,1,64;169,1,66;283,1,227;372,1,126;525,1,88;171,1,156;373,1,75;316,1,432;375,4,94,230,254,282;285,2,161,285;526,2,315,367;595,1,234;528,1,186;530,2,57,71;175,1,128;917,1,67;862,1,175;179,2,58,353;863,1,75;183,1,189;187,1,93;188,1,247;869,1,76;670,1,212;739,1,121;596,1,191;296,1,42;195,1,104;872,1,288;197,1,177;874,1,55;536,1,119;298,1,57;383,1,154;389,1,136;299,2,72,154;785,1,66;207,2,242,273;538,3,72,232,328;824,1,117;212,1,189;724,1,77;304,1,111;216,1,195;879,2,140,226;786,1,142;306,1,93;307,1,211
139,79,89:438,1,88;776,1,114;6,1,201;441,1,154;696,1,145;15,1,142;321,1,127;19,1,161;231,1,269;448,1,132;624,1,177;238,1,219;36,1,257;49,1,74;727,1,72;702,2,94,145;61,1,89;247,2,74,187;632,1,242;838,2,169,180;68,1,35;741,1,38;75,1,520;340,1,50;77,1,238;636,1,32;82,1,115;937,1,21;487,1,122;343,1,265;639,1,304;809,1,77;257,1,143;610,1,102;106,1,147;495,1,93;496,1,64;108,3,48,97,176;846,1,105;111,1,48;415,1,126;575,1,118;121,3,109,131,172;579,1,30;849,1,70;123,1,75;850,1,120;503,1,120;133,2,106,177;771,1,46;581,1,80;854,1,62;677,1,149;584,1,206;773,1,66;858,1,233;717,1,134;590,1,51;167,1,190;720,1,78;526,1,173;289,1,146;290,1,165;818,1,57;178,1,41;865,1,72;185,1,202;868,1,22;197,1,119;873,1,89;874,1,66;382,1,80;989,1,112;386,1,121;597,1,54;203,2,133,168;601,1,58;207,2,146,337;786,1,130
140,191,243:947,3,1,22,57;890,3,1,10,46;788,1,230;2,1,40;3,1,51;440,1,111;6,1,270;441,1,165;7,2,79,234;8,1,114;309,1,122;790,1,85;393,1,69;10,1,35;696,1,85;15,1,192;16,1,67;228,1,78;548,1,275;232,1,327;233,2,48,68;621,3,47,124,143;622,1,127;21,1,34;551,1,79;954,2,91,124;826,1,13;236,1,69;700,1,146;456,1,41;552,1,40;325,1,238;326,1,76;458,2,81,186;32,3,129,136,182;956,1,146;397,1,357;398,1,205;33,3,7,17,41;34,1,73;38,1,109;927,2,58,68;928,1,85;41,1,33;42,1,133;43,1,109;240,1,60;557,1,164;50,1,165;437,1,236;628,1,227;52,1,249;401,1,116;58,1,86;559,1,83;310,1,96;799,1,216;63,3,43,92,111;950,1,44;632,1,112;838,1,141;563,1,35;634,3,84,105,195;469,1,109;704,1,115;965,1,67;475,1,58;762,1,277;896,1,66;765,1,29;948,1,18;86,1,215;409,1,60;742,1,49;482,1,36;484,1,60;485,2,36,86;342,1,177;90,1,122;898,1,127;488,1,191;639,1,116;843,1,109;915,1,73;256,1,291;899,1,71;103,3,86,165,175;730,2,78,210;412,1,223;676,1,84;645,1,120;494,1,230;646,1,107;345,1,185;847,1,48;497,1,46;884,1,89;415,1,149;118,1,47;119,3,100,205,211;650,1,124;121,1,123;579,1,23;501,1,78;903,1,48;651,1,124;128,1,54;131,2,165,206;781,1,27;504,1,34;881,1,11;654,2,42,181;655,1,110;612,1,53;505,2,15,122;132,2,4,13;350,2,191,203;351,1,103;656,2,115,121;511,1,110;853,1,34;734,2,25,188;137,1,85;423,3,41,126,180;907,1,123;141,1,58;660,1,81;715,1,130;772,1,67;424,1,121;270,1,178;356,1,252;150,2,115,158;359,1,68;151,1,59;274,2,118,177;158,2,113,150;520,1,151;589,1,224;859,1,37;162,1,240;163,2,182,223;523,1,46;590,1,162;280,1,158;666,1,138;524,1,47;861,1,41;592,1,99;736,1,195;373,3,14,35,52;286,1,103;528,2,196,221;174,1,76;175,1,117;737,1,94;862,1,106;958,1,160;178,1,189;179,1,59;181,1,59;910,1,46;882,2,68,75;911,1,65;866,1,92;871,1,66;739,1,83;195,1,120;431,1,74;872,1,123;821,1,45;535,1,85;317,1,94;199,1,51;989,1,34;201,1,163;202,1,122;823,4,1,22,48,122;207,1,163;888,1,85;213,1,53;723,1,36;683,3,1,9,52;604,3,232,354,397;542,1,33;879,1,117;544,1,34;825,1,37;390,1,242;787,4,44,70,90,129;221,1,190
141,29,49:947,3,3,24,49;890,2,3,12;7,5,6,21,40,115,180;8,2,5,17;697,1,33;231,1,156;621,1,92;324,1,26;964,2,4,10;46,1,65;468,2,3,24;838,2,26,121;479,1,68;342,1,31;921,1,57;105,1,78;501,1,42;655,1,85;814,2,1,5;275,1,26;682,2,70,101;587,1,143;378,1,59;193,6,4,19,31,142,172,298;739,1,43;317,1,73;542,1,22;879,3,6,27,84;544,1,116
142,194,571:947,6,4,15,25,36,50,62;890,4,4,13,42,112;3,1,88;923,3,2,8,25;750,2,4,13;924,3,4,22,102;440,4,5,14,228,249;7,2,76,166;8,1,116;790,2,59,68;392,4,6,20,95,165;224,3,35,48,149;225,5,13,27,77,92,169;443,7,44,132,312,323,336,364,380;226,2,89,127;697,2,88,151;618,2,16,33;394,4,15,31,62,141;791,2,106,117;752,4,10,24,104,261;445,2,68,131;395,1,77;792,1,206;228,1,209;18,1,69;547,4,131,189,277,289;793,4,5,16,26,105;231,5,10,35,54,217,239;20,1,111;548,2,161,254;755,1,140;232,1,95;621,2,104,145;549,2,373,432;324,1,56;833,3,1,10,24;22,7,2,13,32,166,262,277,284;955,2,48,79;452,3,4,16,46;963,5,4,15,60,86,109;27,2,82,184;235,1,152;700,1,96;237,3,8,21,54;30,3,22,44,86;625,6,1,6,18,25,67,75;687,4,60,67,72,113;956,1,107;964,3,5,11,26;459,1,138;398,1,226;795,1,25;33,2,1,11;726,1,119;980,3,4,12,19;399,3,179,276,287;400,1,408;798,3,5,16,72;248,3,8,27,118;64,1,369;800,1,76;468,2,53,158;760,1,95;761,5,8,34,58,124,133;402,3,11,29,42;403,1,103;838,3,31,97,239;69,6,2,11,24,98,132,187;71,5,8,24,147,232,251;72,4,5,14,31,56;564,1,148;471,6,4,9,14,19,26,41;802,1,143;472,2,114,138;74,1,52;635,1,131;932,1,87;607,4,1,20,182,222;762,4,150,177,182,238;75,5,200,321,437,460,596;340,1,70;78,1,61;79,2,4,20;252,2,220,230;477,3,25,63,88;80,2,158,275;83,3,21,49,115;764,4,46,75,135,149;566,1,112;896,4,9,19,27,85;407,3,2,18,182;936,2,91,155;84,3,2,17,51;478,2,140,156;408,1,166;86,1,170;480,1,176;805,3,6,19,62;806,2,14,29;729,3,1,12,26;342,7,4,15,32,89,132,194,209;996,3,12,26,71;960,4,1,7,16,47;486,4,3,9,21,58;488,1,153;410,1,75;808,4,124,132,139,146;99,5,9,31,53,137,207;258,3,1,10,31;977,2,4,9;975,2,3,12;259,1,80;493,1,208;494,1,112;968,3,2,9,31;345,2,38,101;847,1,58;769,4,9,19,167,281;111,2,107,121;984,3,18,38,47;118,3,1,7,14;120,6,5,21,42,187,275,366;812,4,3,11,19,47;500,1,46;970,3,2,15,44;579,7,5,11,25,41,67,110,149;501,3,70,87,129;348,1,84;124,1,71;502,4,2,11,29,78;126,1,74;851,7,2,8,27,37,46,54,65;827,7,7,26,57,75,94,159,175;813,4,1,11,28,48;418,4,13,37,59,212;652,11,2,23,44,97,112,155,174,206,219,229,253;732,2,29,171;263,7,4,21,36,81,86,149,186;691,1,85;264,6,1,15,42,131,164,189;131,4,136,244,259,324;504,1,226;654,4,7,16,22,115;655,1,129;612,2,17,50;905,5,3,12,19,28,143;419,4,2,6,18,92;852,3,6,21,44;906,2,24,48;771,3,91,110,115;135,3,89,137,147;733,1,240;734,8,5,13,77,83,99,148,159,181;512,1,278;658,3,110,190,199;583,1,92;139,3,1,23,205;142,1,45;584,1,243;267,5,1,16,32,108,150;268,3,16,38,90;585,5,51,134,162,188,198;144,9,10,34,62,103,175,198,221,271,283;146,4,3,14,35,131;424,2,78,254;773,3,5,15,25;147,2,4,16;153,5,6,32,59,91,128;664,1,110;587,7,9,24,126,170,178,182,189;783,4,1,15,38,150;168,1,198;524,2,219,269;667,5,1,16,43,162,187;669,3,8,27,51;532,3,18,38,80;193,4,46,139,152,191;870,1,46;670,7,5,15,23,55,83,98,198;739,7,4,14,32,44,66,100,134;432,1,102;200,1,144;823,4,3,24,50,57;212,6,1,6,15,37,137,159;602,8,6,18,29,76,223,268,319,418;723,3,7,14,25;216,1,192;683,1,39;542,1,23;543,1,162;879,5,19,40,87,131,153;544,4,4,15,36,71;672,3,63,71,111;953,4,3,14,33,85
143,36,62:947,3,5,26,51;8,1,117;548,4,150,192,245,252;324,2,57,78;22,1,285;452,3,1,13,44;700,1,97;964,1,27;33,2,2,12;726,1,120;980,3,5,13,20;40,1,50;75,1,322;729,1,50;486,2,1,7;259,1,81;494,1,113;968,1,32;345,2,39,102;984,1,49;118,3,2,8,15;579,3,6,12,26;501,1,88;348,1,82;905,2,1,17;419,1,19;852,3,7,22,45;906,1,25;424,1,79;587,4,75,114,154,184;670,1,140;823,3,4,25,51;604,1,70;542,1,24;544,2,5,16;672,1,112
144,12,19:947,2,8,29;890,1,36;788,1,107;52,1,206;843,1,134;117,2,5,25;576,1,77;138,3,13,35,67;151,3,69,124,179;517,2,73,104;858,1,197;204,1,235
145,11,26:947,2,10,31;890,3,9,18,38;233,4,9,18,67,74;621,5,9,18,46,52,99;625,2,94,118;566,1,108;342,1,190;968,3,7,14,36;654,1,191;612,3,30,43,94;512,1,205
146,45,67:947,2,11,32;7,1,64;320,1,37;697,4,6,18,123,197;445,1,47;233,1,83;332,1,87;838,1,78;807,1,79;485,1,31;843,4,10,22,35,71;730,1,45;984,2,11,31;901,1,45;906,1,42;985,1,50;582,1,37;423,1,150;141,3,8,20,52;587,1,40;159,1,97;519,1,30;521,1,41;588,2,55,116;161,1,33;735,1,35;164,1,48;371,2,13,34;176,1,126;862,1,43;179,1,31;182,2,12,31;912,4,5,17,33,159;864,1,28;184,1,78;185,2,32,193;190,1,56;869,1,58;431,1,39;196,2,9,22;197,2,40,68;914,3,9,26,47;300,1,45;878,1,47;672,2,8,24
147,67,95:947,2,14,35;7,1,137;12,1,75;752,1,72;793,1,61;549,1,285;449,1,70;925,1,72;25,1,123;451,1,65;455,2,5,11;398,1,87;33,1,79;726,1,53;334,1,173;61,1,61;632,1,186;703,1,101;469,1,244;839,1,56;566,1,134;804,1,94;479,2,59,61;897,1,72;255,1,41;342,1,69;915,1,36;949,3,37,52,61;641,1,104;643,3,7,32,82;260,3,101,116,140;968,3,1,8,30;811,4,9,23,46,51;707,1,70;850,1,95;418,1,93;128,1,48;732,2,87,131;655,1,29;506,1,42;985,1,87;582,1,65;828,1,82;662,1,55;354,1,46;356,2,142,227;359,1,201;360,2,179,228;972,1,65;858,1,206;589,3,230,238,256;162,3,151,169,174;920,3,7,19,46;368,1,74;592,3,34,44,170;170,1,224;525,1,38;377,1,48;179,2,46,158;910,2,52,68;882,2,11,23;190,1,31;383,1,63;599,1,19;602,1,288;435,1,140;544,1,81
148,6,8:947,2,16,37;890,2,44,113;621,1,105;323,1,119;612,1,51;906,1,49
149,79,113:947,2,20,41;7,2,129,141;8,1,71;745,3,108,143,158;697,1,163;446,1,94;396,1,132;621,1,134;324,1,110;450,1,91;554,2,195,235;32,1,183;956,1,39;795,1,190;33,3,59,161,229;726,1,63;399,1,261;311,1,84;64,1,282;800,1,57;632,1,198;468,3,178,197,215;250,2,99,130;470,1,65;254,1,104;342,1,169;486,2,30,32;101,2,136,153;968,1,25;118,1,135;579,1,90;501,2,76,136;850,4,135,143,254,341;125,2,178,190;503,1,157;904,1,74;612,1,84;419,2,16,84;906,1,87;133,2,112,192;350,1,124;656,1,154;135,1,95;580,1,87;581,1,96;854,1,82;711,1,46;692,1,83;678,3,7,25,62;423,1,52;814,1,91;714,1,81;515,1,91;362,1,219;518,1,105;155,2,212,231;521,1,47;693,1,139;426,1,160;281,1,95;168,1,97;736,1,75;594,1,102;528,2,51,234;290,1,79;818,1,41;912,4,48,58,84,201;192,1,140;869,1,53;193,3,115,123,162;870,1,30;432,3,37,54,66;317,2,134,223;300,1,119;888,1,96;540,1,120;879,1,65;544,4,8,19,47,84;545,1,150
150,30,54:947,2,21,42;225,2,39,142;12,2,97,104;232,1,91;622,1,120;955,2,47,78;834,1,102;457,1,133;325,1,114;795,1,46;33,3,9,19,43;36,1,180;240,1,188;401,2,42,146;606,1,24;632,1,91;635,1,143;842,1,95;915,1,115;587,1,54;164,1,102;590,1,132;719,4,3,16,30,65;951,3,9,19,78;169,1,50;864,2,44,73;889,3,14,29,94;185,9,9,19,34,47,103,136,142,173,195;186,1,88;774,2,5,23
151,20,25:947,1,43;890,1,29;751,1,120;443,2,70,217;625,1,36;470,1,46;476,2,58,73;79,1,56;96,2,1,18;107,1,60;111,1,30;112,1,132;770,2,60,65;128,1,111;142,1,32;155,1,259;718,1,42;594,1,112;215,2,1,9;724,1,117
152,9,22:947,1,53;233,4,8,17,66,73;621,3,8,17,45;625,6,4,9,22,52,93,117;980,1,44;486,2,5,11;968,3,6,13,35;654,1,190;292,1,220
153,6,9:947,1,54;625,2,5,10;486,2,6,12;747,1,157;579,1,168;612,2,5,10
154,9,13:947,1,55;446,1,58;233,3,33,69,80;621,1,48;256,1,109;257,1,61;426,3,15,35,62;161,1,112;821,1,47
155,214,437:947,1,58;223,1,95;319,2,115,169;830,1,44;6,4,139,170,278,300;744,1,124;309,1,251;392,5,9,23,62,101,168;393,4,11,22,88,135;605,4,42,125,136,143;617,4,5,18,35,65;443,10,15,31,62,73,109,220,233,278,300,350;697,1,158;13,1,91;752,4,82,109,270,286;17,1,79;792,2,52,214;228,2,225,276;18,1,90;229,6,4,13,29,36,80,120;230,7,8,29,79,91,230,284,314;231,3,233,252,310;20,1,131;755,1,137;233,2,70,81;621,1,49;622,3,56,94,133;22,5,99,151,165,177,261;740,1,52;834,3,244,266,319;963,2,102,105;699,2,175,231;552,10,4,14,34,80,83,95,115,154,214,222;926,1,77;237,2,59,78;29,3,35,48,57;30,2,93,95;794,2,85,125;956,1,111;964,1,72;397,2,257,319;238,5,24,49,72,300,359;36,1,139;556,1,47;400,1,96;240,2,108,277;48,1,178;465,1,120;52,3,125,134,242;55,5,65,79,109,174,204;330,3,38,49,60;560,1,175;798,2,40,77;630,1,65;248,1,109;249,1,97;632,2,147,158;403,2,109,384;838,5,39,106,177,204,234;250,3,2,18,44;634,2,199,221;469,3,101,148,245;802,5,10,22,56,108,134;74,1,136;635,1,116;473,1,156;762,2,68,131;75,1,434;76,2,5,11;839,3,3,12,73;77,1,104;935,1,92;80,3,134,190,274;81,4,12,24,112,153;407,3,8,24,55;936,5,29,64,86,106,130;974,3,66,68,161;478,4,81,137,177,203;86,2,61,127;742,6,78,107,127,151,169,194;480,1,170;341,2,86,138;482,1,53;807,2,62,91;485,2,37,94;342,2,51,85;486,1,40;488,2,147,206;93,1,88;638,1,99;343,1,203;95,1,47;97,1,139;915,1,45;344,1,207;100,1,55;411,1,102;640,2,83,119;675,1,210;103,1,120;730,1,53;642,2,72,208;940,1,100;106,2,144,169;493,1,117;643,1,59;706,1,91;810,1,75;968,1,44;648,2,26,49;112,1,114;115,2,33,123;498,1,89;984,1,59;346,3,27,38,50;416,2,104,109;574,5,11,24,36,69,102;417,1,113;122,1,183;579,2,109,140;501,1,114;348,1,91;126,1,36;827,1,133;418,1,130;128,1,257;130,2,138,160;264,1,179;131,1,243;781,1,132;655,2,73,128;905,6,16,32,61,107,116,147;419,2,46,86;906,1,53;134,1,140;351,1,132;510,3,65,110,151;420,1,120;677,3,161,176,184;421,6,37,69,109,158,170,183;582,1,60;658,1,194;583,1,33;265,4,102,131,191,217;907,1,76;266,1,24;142,1,89;267,3,14,29,56;268,1,94;144,2,72,250;269,1,65;424,2,198,253;270,2,363,375;148,8,4,21,118,127,156,179,191,242;355,1,70;356,3,11,23,51;357,1,48;360,1,288;663,1,47;152,3,139,183,224;153,2,118,182;271,6,9,35,76,94,124,154;272,6,8,33,83,106,164,204;154,1,166;273,2,89,109;155,1,332;587,2,137,192;158,1,174;519,4,228,338,403,501;520,1,88;523,1,118;366,4,94,106,138,168;280,2,82,97;591,1,56;524,1,300;817,1,33;170,1,86;667,3,54,63,87;374,1,158;375,3,85,206,298;285,1,175;526,4,247,304,568,626;527,1,45;287,1,118;866,1,122;943,1,64;976,1,52;430,2,124,132;193,1,85;739,2,65,99;379,1,45;872,1,153;197,1,162;821,1,46;317,1,196;537,2,64,76;598,2,65,124;599,1,54;299,3,54,197,251;600,1,80;785,2,54,71;888,1,57;602,4,74,83,227,255;304,4,1,18,45,57;604,2,92,100;542,1,76;543,1,84;879,1,76;544,1,68;672,1,119;953,1,73;786,1,189;749,3,12,26,45;825,2,52,190
156,17,25:947,1,61;890,1,41;16,1,82;621,1,103;56,3,38,98,203;331,1,28;332,1,176;58,1,150;256,1,180;257,1,104;350,1,185;357,2,61,132;275,1,102;156,3,81,171,248;316,1,85;201,3,48,60,113;202,2,58,211
157,75,117:947,2,63,68;890,1,43;440,1,190;698,1,164;791,2,104,119;755,1,146;549,1,375;22,5,71,168,216,264,275;23,3,53,74,96;25,1,108;234,1,127;325,1,144;554,1,101;956,1,105;459,1,130;398,1,223;795,1,193;33,2,22,133;758,1,190;798,1,70;468,1,156;761,2,122,135;69,3,100,104,189;635,1,50;474,1,39;607,1,184;75,1,439;340,1,72;688,1,82;90,1,38;487,2,27,210;259,1,87;572,6,3,15,31,48,65,85;884,1,142;119,3,103,119,226;120,1,235;747,1,188;850,1,153;125,3,127,138,191;418,2,177,260;690,2,64,74;264,1,191;781,2,48,177;504,4,43,54,71,228;612,1,26;906,1,46;581,1,113;854,1,100;711,2,31,86;713,1,22;856,1,37;658,1,141;139,1,111;584,2,79,172;514,3,44,55,75;144,3,60,273,285;424,1,256;362,1,186;158,3,159,263,330;165,2,84,136;783,2,36,148;168,1,188;667,2,41,185;669,1,49;527,1,90;994,1,30;317,1,148;973,1,117;824,1,122;602,3,31,78,420;604,1,297;672,1,85;953,2,35,87;616,1,108;546,1,219
158,104,140:947,1,65;745,1,36;224,1,167;16,2,68,77;792,1,105;446,2,64,81;322,1,33;19,1,25;230,1,102;231,3,9,34,53;232,1,255;323,1,210;550,1,91;686,1,171;954,2,134,158;27,1,178;454,1,211;235,2,56,102;926,1,180;983,2,28,51;32,1,65;626,1,236;33,1,185;34,3,159,233,266;38,1,219;40,1,135;43,1,192;53,1,192;310,1,16;311,1,179;62,1,116;838,1,30;469,1,116;339,1,181;78,1,132;407,2,113,216;974,2,60,150;765,1,32;569,1,58;484,3,7,15,26;807,3,6,13,56;255,1,118;342,1,120;639,1,158;95,1,73;809,1,116;675,1,175;641,1,42;676,1,57;494,1,114;846,4,8,23,53,82;112,1,175;884,1,187;811,2,14,28;575,1,40;577,2,8,18;124,3,14,29,42;732,1,67;708,1,41;132,1,99;709,1,46;985,1,56;509,1,38;734,1,133;582,1,86;266,1,32;143,1,107;585,3,9,25,46;146,1,114;151,1,55;272,1,64;273,1,70;277,3,75,79,198;278,1,78;972,1,91;159,1,37;522,1,109;426,1,188;908,1,152;717,1,232;279,2,55,114;951,1,154;316,1,201;374,2,118,126;528,1,66;529,1,126;289,1,112;291,1,119;737,1,39;176,1,186;862,4,59,112,131,160;178,1,48;292,4,7,15,29,193;179,1,86;183,1,50;184,1,26;192,1,30;380,1,69;600,2,3,16;300,2,70,100;302,1,23;304,1,68;306,1,196;220,1,138
159,54,108:947,2,67,75;318,1,99;7,3,15,30,67;697,5,9,21,35,125,133;445,1,50;547,2,42,100;324,1,53;955,1,25;27,2,199,237;237,2,72,97;30,2,5,10;956,8,8,16,46,83,97,113,123,139;459,2,134,175;398,4,190,222,241,260;71,1,37;252,1,148;805,1,31;342,2,187,202;488,1,184;975,1,35;810,1,110;345,1,163;111,1,135;770,5,2,9,53,79,110;984,1,70;120,2,234,261;501,2,4,23;126,2,132,189;851,1,144;652,1,164;654,1,185;135,3,6,17,36;733,2,138,208;692,1,72;139,3,67,110,143;144,2,7,31;587,1,44;278,1,92;716,3,21,47,104;158,6,170,216,262,276,339,343;523,1,144;168,1,57;295,2,48,187;378,1,107;430,3,76,83,104;533,1,136;379,3,5,18,50;913,1,30;823,1,140;724,2,158,191;540,2,38,47;542,1,61;544,1,62;672,5,11,27,54,84,116
160,162,219:947,1,69;788,1,156;2,1,72;319,1,355;441,2,58,133;309,1,221;11,3,60,71,273;224,3,73,129,140;617,1,90;697,1,195;13,3,36,87,93;445,1,120;725,1,25;547,3,182,229,306;396,1,191;436,1,137;623,2,63,78;834,1,108;451,1,139;455,1,87;700,1,254;926,2,184,208;624,1,194;29,1,346;326,1,46;794,2,47,72;777,2,72,108;32,3,33,130,138;964,2,37,45;397,1,163;460,2,101,113;41,1,47;556,1,111;400,4,55,213,372,388;557,1,122;437,3,106,123,212;628,1,219;629,1,213;332,2,85,99;58,2,192,223;606,1,26;702,1,123;334,1,69;561,1,88;62,1,129;64,1,232;403,1,55;338,1,142;703,1,40;314,1,179;73,2,70,101;704,2,109,132;473,3,131,348,461;476,1,94;75,2,113,278;78,1,146;80,2,91,348;566,1,226;567,1,28;765,1,51;608,1,166;478,2,37,92;742,3,134,153,161;480,2,62,189;341,1,76;488,5,104,133,162,216,228;957,1,89;343,1,61;344,1,103;100,1,106;570,1,71;641,3,64,97,115;642,1,149;493,1,196;413,2,58,75;111,1,67;415,1,132;707,1,158;120,1,376;417,2,83,108;500,1,165;123,1,78;124,1,46;851,1,129;827,1,70;349,2,38,236;651,1,61;128,1,227;652,1,188;263,1,120;690,1,134;653,1,146;781,1,157;504,1,170;132,1,221;709,1,208;506,1,28;133,2,54,116;135,1,169;733,1,183;734,1,216;512,1,290;421,1,97;658,1,148;265,1,209;267,1,166;514,3,175,216,243;516,3,90,114,152;662,1,100;151,1,220;152,1,231;153,1,177;829,1,88;361,1,79;518,1,182;364,1,113;682,1,74;277,1,222;425,1,95;159,1,130;519,1,37;521,1,128;588,1,24;589,1,225;717,1,109;279,2,95,117;368,1,69;427,1,74;719,1,98;529,1,121;287,1,192;530,1,50;291,1,61;175,2,61,153;737,1,99;887,1,23;862,2,104,144;292,3,239,284,307;863,1,167;866,2,72,83;183,1,112;184,1,34;429,1,57;739,1,104;596,1,190;872,2,103,114;961,1,81;381,1,106;432,1,78;317,2,213,229;383,1,169;203,1,419;204,2,371,400;299,1,108;883,1,216;206,1,63;877,1,132;602,1,379;603,1,57;541,1,216;672,1,155;220,1,140
161,46,52:947,1,70;2,1,85;224,1,63;443,1,316;19,1,29;396,1,316;27,3,203,218,233;455,1,18;624,1,186;759,1,47;53,2,126,174;58,1,73;247,1,107;62,1,117;467,1,105;64,1,112;473,2,99,238;474,1,210;566,1,175;974,1,152;86,1,214;257,1,154;641,2,65,70;642,1,151;125,1,90;732,1,192;504,1,65;419,1,113;421,1,98;514,1,69;715,1,70;356,1,96;279,1,96;862,2,105,145;292,1,111;179,1,312;911,1,32;183,1,202;185,1,91;189,1,129;199,1,82;207,1,346;212,1,143;602,1,380;724,1,109;306,1,312
162,53,55:947,1,72;11,1,244;443,2,285,355;618,1,182;322,1,155;833,1,31;459,1,224;795,1,83;460,1,40;50,2,197,284;242,1,126;330,1,71;333,1,138;606,1,99;247,1,255;402,1,137;74,1,119;475,1,115;405,1,41;80,1,266;478,1,47;342,1,207;915,1,179;346,1,73;417,1,116;747,1,165;850,1,208;418,1,231;263,1,102;653,1,126;654,1,149;655,1,141;419,1,79;971,1,53;142,1,119;857,1,36;359,1,89;364,1,171;716,1,86;588,1,100;160,1,50;161,1,108;858,1,162;530,1,175;178,1,176;994,1,46;183,1,94;184,1,220;201,1,168;785,1,92;672,1,160;390,1,180;546,1,184
163,120,244:947,1,74;318,1,98;319,6,5,14,47,221,317,375;7,3,14,29,66;745,1,184;309,2,51,225;790,1,119;224,3,32,66,162;697,4,8,20,34,132;13,2,99,107;445,3,49,67,130;228,1,110;547,2,41,99;324,1,52;963,1,80;236,1,31;28,3,6,13,50;673,2,7,15;30,2,4,9;459,4,113,174,221,258;398,1,259;461,4,2,9,16,180;399,2,10,21;48,4,22,117,142,160;49,1,57;329,2,52,119;241,2,9,29;56,1,165;403,2,2,12;67,1,224;337,3,89,115,144;315,2,5,14;75,4,2,10,25,138;935,1,25;252,1,147;568,2,10,21;974,3,9,19,46;341,1,108;255,2,82,88;485,3,54,88,93;488,1,183;638,3,2,11,89;257,1,57;101,6,7,21,47,82,98,235;102,1,147;675,2,331,342;103,2,60,75;106,1,150;810,1,109;345,1,36;884,2,63,69;577,2,2,12;121,1,253;123,1,27;501,2,3,22;129,3,1,20,108;710,1,51;509,1,30;350,2,1,14;135,4,5,16,35,136;511,2,1,7;677,1,166;512,1,318;582,1,73;137,1,30;139,1,66;265,4,2,19,57,114;679,1,16;516,5,8,21,157,168,183;144,2,6,30;353,2,67,128;151,2,1,23;152,4,3,34,92,130;153,1,58;361,1,36;155,2,8,26;587,1,43;743,2,1,13;276,2,3,25;278,3,7,34,91;156,3,4,24,58;716,5,20,22,46,48,103;425,1,90;158,3,108,169,215;972,2,55,155;523,1,49;366,3,2,15,178;367,6,2,13,33,89,103,125;165,4,41,68,233,241;281,3,113,149,175;282,1,51;170,2,77,162;372,2,136,156;375,1,179;526,1,449;172,2,132,164;290,2,114,126;818,2,39,117;531,1,16;291,4,10,37,73,178;295,2,47,186;378,2,63,106;532,2,15,35;379,3,4,17,49;913,1,29;297,1,22;821,1,106;873,1,84;432,3,1,7,20;384,1,50;386,1,41;945,1,64;203,1,35;601,1,30;538,2,2,22;305,2,1,22;542,1,64;544,1,61;672,1,83;221,4,2,31,165,214
164,2,3:890,2,8,17;980,1,22
165,40,45:890,1,21;441,2,81,116;696,1,53;621,1,21;983,2,1,7;326,1,28;32,1,234;38,1,228;248,1,84;64,1,219;249,1,78;404,3,1,15,98;71,2,165,279;87,1,18;409,1,25;484,1,19;939,1,33;488,1,25;94,1,15;706,1,26;262,1,27;827,1,41;781,1,51;904,1,10;734,1,118;828,1,116;142,1,15;268,1,111;516,1,201;163,1,86;523,1,129;590,1,21;889,1,33;961,1,19;297,1,15;317,1,55;536,1,31;386,1,161;211,1,21;878,1,23
166,8,9:890,1,22;621,1,22;554,2,98,277;41,1,183;562,1,141;80,1,361;497,1,120;416,1,114
167,3,3:890,1,25;621,1,25;48,1,85
168,2,2:890,1,26;621,1,26
169,1,2:890,2,27,101
170,10,11:890,1,28;226,1,71;449,1,129;52,1,136;311,2,63,349;96,1,100;120,1,182;510,1,92;151,1,315;953,1,26
171,194,462:890,1,33;318,2,27,36;776,1,56;750,2,40,65;7,7,7,22,95,116,124,181,197;8,2,69,96;320,1,14;751,4,2,8,164,177;696,3,5,19,45;443,12,1,16,17,32,40,74,110,221,234,279,301,351;226,4,99,113,142,148;697,1,109;14,3,57,91,95;618,1,88;394,3,45,77,117;698,8,99,168,171,175,183,190,201,221;791,1,96;752,4,74,165,272,278;445,4,8,25,108,139;16,1,136;395,1,69;792,3,53,215,243;228,2,86,113;229,1,121;230,1,83;793,1,69;231,2,80,247;548,1,166;755,2,106,134;233,5,2,11,41,60,87;621,6,2,11,39,62,93,131;549,2,236,410;324,6,1,13,27,89,99,113;622,2,145,166;833,1,60;22,1,138;756,2,117,131;834,1,99;234,1,40;700,3,51,141,214;625,1,48;31,3,3,17,49;956,5,1,7,9,15,23;964,1,89;33,3,84,146,250;726,1,138;34,1,57;35,2,54,105;399,2,270,278;46,1,99;606,1,47;562,1,62;248,2,55,122;64,1,136;468,2,90,122;760,3,41,54,100;761,1,119;402,1,75;838,1,172;68,1,131;69,1,35;404,1,128;469,3,102,149,246;564,3,10,21,30;73,1,85;472,2,45,97;74,1,71;405,1,118;607,4,18,37,69,149;762,3,69,98,118;340,1,41;77,2,126,141;252,2,58,92;764,1,86;566,1,173;804,2,50,86;407,3,51,108,188;936,4,96,102,107,146;478,3,173,325,334;408,1,108;480,1,88;805,1,71;806,4,61,76,109,121;729,2,23,67;897,1,75;342,2,94,192;488,2,61,148;410,1,66;982,2,64,79;808,2,94,213;610,1,44;105,5,23,27,58,85,133;259,2,44,69;493,1,94;260,2,111,155;706,3,3,15,57;810,1,43;968,1,16;345,1,68;769,1,205;573,1,54;111,2,37,61;770,2,35,94;116,3,42,93,98;118,4,55,96,124,134;120,2,154,173;576,2,56,108;649,1,91;747,1,143;579,4,49,141,185,196;501,4,44,110,135,142;348,1,37;124,2,7,22;502,3,59,74,118;125,4,5,11,100,175;731,1,104;418,3,98,234,250;651,1,52;652,2,6,27;732,5,89,100,126,133,191;263,3,39,129,169;264,3,8,22,73;131,3,11,24,311;653,1,94;654,2,72,112;655,1,105;886,1,25;612,3,37,67,90;505,1,44;905,2,56,74;419,3,34,47,87;852,2,83,92;906,1,112;710,1,38;613,1,121;771,3,74,124,202;656,2,140,152;135,2,93,164;657,2,73,116;733,2,105,247;856,1,68;734,2,164,193;658,3,120,135,172;828,5,36,67,70,74,143;584,7,111,137,145,152,166,214,252;585,9,102,115,120,129,156,168,173,176,196;144,1,297;424,1,182;273,2,175,364;587,5,83,105,122,146,157;978,1,42;783,1,79;666,8,12,25,58,93,107,115,124,141;167,2,197,211;168,7,11,23,39,79,184,194,217;524,2,226,233;667,2,72,83;669,1,73;987,1,28;911,1,38;182,5,18,37,68,103,105;912,3,57,86,203;189,1,183;378,2,60,111;532,1,112;190,1,64;430,5,19,39,60,98,109;191,1,82;869,2,41,65;193,8,5,20,158,173,200,222,244,253;670,6,9,19,35,65,89,121;533,2,166,176;695,1,62;196,3,12,25,38;721,4,3,17,37,96;961,3,31,65,78;200,3,5,16,88;973,1,106;671,1,142;823,1,95;946,1,131;824,2,90,108;212,2,114,178;602,7,48,121,125,194,230,250,314;724,3,140,154,181;435,1,100;683,1,113;604,1,260;542,3,1,8,50;879,11,7,17,28,38,48,77,85,115,137,157,205;544,2,75,117;672,4,2,18,66,120;953,1,74;218,1,200
172,6,7:890,1,47;621,1,126;612,2,54,59;524,1,238;292,1,216;749,1,101
173,17,29:890,1,48;223,3,9,26,44;6,2,298,303;621,1,54;237,2,71,123;35,1,57;65,1,45;73,3,14,30,44;74,1,53;75,1,518;77,1,72;764,1,102;480,1,177;574,3,7,20,32;690,4,11,27,52,101;612,1,61;658,2,118,170
174,73,178:890,1,55;3,2,30,106;319,1,347;789,1,97;7,6,9,24,43,99,148,203;8,3,6,18,87;320,4,1,7,16,39;225,1,127;445,4,10,27,37,113;792,1,233;793,1,66;231,6,186,211,222,229,256,288;548,2,79,229;233,1,29;621,2,65,73;323,1,149;324,4,4,16,31,115;456,1,92;237,1,91;33,1,48;46,6,9,23,51,66,153,158;564,1,70;474,1,196;763,1,94;252,1,36;804,3,1,11,29;342,4,81,102,108,123;996,2,6,20;486,1,54;997,2,3,9;977,1,55;640,1,40;105,3,51,79,123;259,2,54,75;810,2,86,105;345,1,105;111,5,6,18,39,55,98;502,1,126;655,4,9,20,50,67;886,5,4,10,17,67,83;852,4,14,29,52,76;771,1,164;135,1,151;658,3,1,8,153;142,1,77;584,5,1,15,197,208,235;144,1,258;587,2,1,16;666,1,61;167,4,12,41,95,111;168,8,6,18,26,148,160,176,256,274;720,1,50;882,2,50,57;911,3,7,15,63;182,1,115;912,6,8,20,36,144,162,183;189,3,12,42,123;295,2,74,173;430,5,5,25,53,117,148;869,3,10,22,32;870,6,6,13,21,43,75,95;695,3,53,73,91;913,3,1,7,16;196,4,4,17,27,60;721,1,71;961,2,3,11;432,1,100;200,1,124;946,1,134;602,2,95,332;435,1,88;879,2,119,220;672,3,46,135,153
175,16,34:890,1,56;309,1,252;621,1,162;449,2,56,163;777,4,54,83,125,129;32,8,8,16,32,43,74,95,192,231;238,2,281,342;486,3,41,46,55;808,3,4,11,21;498,3,8,17,69;131,1,269;711,1,50;143,1,203;159,1,186;428,1,48;862,1,38
176,7,10:890,1,59;726,2,88,99;76,1,18;839,1,32;254,1,72;646,2,6,17;118,2,61,132
177,97,152:890,1,65;788,4,5,19,55,100;222,3,9,25,172;319,1,232;605,1,70;698,2,36,147;444,1,44;230,6,4,25,128,207,258,282;396,2,150,226;447,1,118;834,1,95;236,1,225;29,1,169;794,2,39,69;928,1,44;399,1,153;42,1,135;400,1,194;464,1,68;47,2,4,26;48,1,70;796,1,76;53,1,211;560,1,102;246,2,81,124;62,1,84;632,1,255;336,1,69;312,1,69;932,1,60;473,2,310,430;892,2,11,25;476,2,9,21;893,2,10,23;895,1,67;804,1,125;974,2,51,102;637,3,1,10,44;478,1,267;948,1,119;88,1,92;742,2,138,179;94,1,44;98,1,217;844,2,66,82;730,1,31;412,1,30;494,5,5,13,22,62,151;647,1,52;261,3,7,21,46;262,4,4,16,46,87;121,1,98;122,1,118;125,1,183;128,1,224;653,1,131;904,1,59;612,1,70;613,1,44;853,2,2,16;136,1,8;733,1,163;582,1,132;907,1,108;268,1,112;715,2,7,23;680,1,48;270,1,52;150,1,24;275,3,3,14,31;364,1,197;277,3,47,68,184;365,3,4,21,48;972,1,50;815,1,62;860,3,11,30,54;165,1,148;524,1,86;525,1,45;373,3,17,38,55;527,1,26;172,1,168;912,1,156;183,1,214;187,1,119;670,1,203;197,1,63;198,3,125,146,158;383,1,38;299,1,292;946,1,178;208,1,89;541,1,72;545,2,105,134;218,4,14,36,45,243;786,5,5,25,46,76,149;306,1,87
178,71,84:890,1,66;319,1,320;440,1,45;751,1,132;443,2,178,354;394,1,56;227,1,80;752,1,85;228,1,122;229,1,123;552,1,79;326,1,154;981,2,10,25;397,1,48;459,1,39;398,1,79;460,1,111;461,1,191;38,1,99;43,1,99;400,2,237,328;464,1,155;328,1,112;48,1,38;242,2,153,206;401,1,167;55,1,142;402,1,159;838,2,9,21;633,1,104;469,3,3,21,54;73,1,55;473,1,255;474,2,135,154;407,1,137;87,1,115;342,2,77,129;730,1,131;412,1,83;642,1,188;610,1,70;811,2,13,27;347,1,76;124,1,41;903,1,49;651,1,132;654,1,43;137,1,86;143,1,171;662,1,115;147,1,36;148,1,226;150,2,116,159;972,2,90,113;520,1,140;160,1,58;366,1,145;169,1,105;592,1,39;594,1,146;171,1,189;526,2,194,599;737,1,90;958,1,52;183,1,220;867,1,73;193,1,146;196,1,83;297,1,55;317,1,108;221,1,178
179,105,125:890,1,67;924,1,137;309,1,106;696,1,57;224,1,146;14,1,185;698,2,112,189;791,1,149;725,1,93;549,2,189,282;436,1,235;22,2,29,193;550,1,96;551,1,76;700,2,145,236;456,1,252;552,3,39,54,158;625,1,124;835,1,74;981,3,34,56,71;397,2,155,369;758,1,102;44,3,244,294,326;46,1,174;50,1,103;401,1,57;244,1,112;606,1,154;246,1,125;63,1,91;402,2,67,216;338,1,168;634,1,112;314,1,49;801,1,82;73,1,181;803,1,48;635,2,103,122;932,1,188;473,1,234;474,1,136;475,1,110;77,1,64;895,1,69;896,1,55;974,2,53,103;341,1,148;481,1,114;992,1,44;966,1,104;842,1,41;766,1,43;675,1,112;412,1,82;571,1,179;644,1,79;769,1,258;109,1,113;573,1,87;112,1,159;995,1,58;347,1,105;502,1,82;128,1,269;131,1,315;905,1,99;852,2,74,105;351,1,234;510,1,142;657,1,174;678,1,112;516,1,123;585,1,99;354,1,134;364,1,139;859,1,164;523,1,56;366,1,175;165,1,56;951,1,132;371,2,85,131;526,1,222;528,2,183,194;289,1,163;737,2,56,107;863,1,176;180,2,55,96;181,2,163,185;670,1,201;596,1,108;197,1,150;989,1,167;784,1,54;201,1,135;883,1,222;877,1,138;723,1,23;724,1,223;216,1,43;683,1,61;604,1,286;541,1,73;544,1,122;825,1,72;616,1,144
180,3,4:890,1,69;66,1,108;990,2,42,93
181,50,53:890,1,72;885,1,48;393,1,137;11,1,61;396,1,48;548,1,212;23,1,47;699,1,217;453,1,135;624,1,69;553,1,33;956,1,61;238,1,313;54,1,137;55,1,118;333,1,147;630,1,82;67,1,195;704,1,113;473,1,466;894,1,33;75,3,116,130,249;80,1,92;804,1,23;488,1,173;639,1,69;730,1,191;571,1,206;642,1,159;114,1,83;849,2,8,21;656,1,50;581,1,102;513,1,79;145,1,52;353,1,63;270,1,151;150,1,149;359,1,118;717,1,143;370,1,63;373,1,97;316,1,263;595,1,152;173,1,111;380,1,32;821,1,185;201,1,157;878,1,15;604,1,417
182,152,192:890,1,74;2,1,34;776,1,141;4,1,43;440,1,26;744,1,76;12,1,37;443,1,76;618,1,90;725,1,98;228,3,71,75,292;322,1,137;19,1,150;229,1,112;232,1,375;622,1,39;21,3,20,284,292;25,1,39;456,1,154;28,1,47;625,1,113;687,1,57;325,2,37,201;326,1,134;835,1,128;32,1,18;795,1,69;36,1,272;980,1,46;39,1,91;463,1,111;627,2,1,12;46,1,135;240,2,232,255;48,2,43,90;53,1,100;797,1,65;54,3,2,14,117;332,1,95;560,1,199;59,1,225;606,1,101;311,1,151;334,1,91;632,1,43;760,1,79;402,2,162,171;250,1,145;68,1,117;703,1,114;469,1,61;473,1,217;75,1,367;252,1,29;764,2,40,104;896,1,33;478,1,368;479,1,31;948,1,130;87,1,111;341,1,46;342,2,63,183;90,1,124;487,1,101;957,1,111;639,2,124,318;915,1,182;256,1,55;257,1,162;101,1,127;102,1,167;640,1,125;492,1,74;675,3,69,134,260;412,1,241;571,1,26;642,1,120;107,2,87,182;646,1,137;706,1,102;345,2,56,201;572,1,102;573,1,30;112,1,34;707,1,49;611,1,138;902,1,33;122,1,110;347,1,55;651,1,157;129,1,107;886,3,45,72,77;132,1,287;709,1,152;508,1,71;350,5,11,24,58,142,265;135,1,63;657,1,81;138,1,87;678,2,6,24;662,3,12,89,122;715,1,220;148,1,184;355,1,57;151,2,158,310;152,1,157;363,2,1,4;155,2,74,109;682,1,67;990,1,52;519,1,448;521,1,65;161,1,46;858,1,218;859,1,109;717,1,175;665,1,16;978,1,61;718,2,32,93;162,1,135;590,1,100;280,1,240;427,1,92;817,2,1,12;283,1,219;171,1,213;173,1,98;286,1,62;289,1,85;292,3,129,282,309;863,1,199;912,1,26;183,1,32;185,1,78;952,1,96;532,1,90;380,1,36;297,1,53;198,1,159;722,1,64;203,1,171;598,3,1,15,30;209,1,20;300,1,104;301,1,20;539,1,28;305,1,148;544,2,95,97;786,4,2,22,42,230;616,1,173;306,1,297;307,1,139
183,185,347:890,1,75;750,1,60;924,2,38,75;440,2,103,164;744,1,77;441,9,6,24,40,57,66,70,100,110,121;745,1,160;224,1,272;12,2,100,188;618,2,92,129;979,1,65;792,1,157;447,1,59;754,1,105;233,2,54,111;833,2,21,53;22,1,187;550,1,88;623,1,48;834,1,339;925,5,9,24,89,112,118;24,1,121;451,2,21,119;954,1,106;26,1,92;700,4,99,115,135,344;456,1,155;625,1,15;458,2,100,238;555,7,3,12,66,119,208,244,265;626,3,190,215,238;956,1,134;964,2,24,43;398,4,92,137,185,206;460,2,43,84;38,1,110;927,1,52;43,1,110;45,4,115,135,149,184;556,1,23;557,5,20,63,73,136,184;836,1,98;332,1,184;58,1,158;246,2,65,84;334,1,203;799,5,3,16,72,89,203;63,1,224;950,1,37;891,2,2,16;632,4,2,22,167,200;66,3,21,45,96;634,1,54;315,1,50;801,1,131;73,6,69,77,100,110,173,188;802,1,78;472,4,30,75,88,109;74,2,3,15;892,3,5,19,36;476,2,3,15;893,2,4,17;894,2,36,63;762,1,55;75,2,251,413;895,1,50;252,1,126;566,2,2,12;896,1,37;804,2,26,68;407,1,193;86,2,3,17;482,3,65,89,118;807,1,34;255,1,104;938,1,38;939,2,44,66;90,1,95;898,1,41;982,1,50;957,2,43,50;766,1,120;767,1,24;921,3,2,11,25;915,1,129;256,1,310;844,1,89;411,2,56,67;640,1,107;675,2,54,142;641,3,26,101,128;571,3,77,104,113;642,7,3,12,126,154,164,177,212;610,1,98;107,3,7,19,34;644,1,21;645,2,30,59;646,4,25,60,115,125;647,2,36,75;495,2,108,133;109,1,110;573,1,31;110,2,72,93;112,1,68;884,6,4,18,122,247,311,329;498,1,118;811,3,93,109,122;262,1,40;577,2,32,60;650,1,98;902,1,70;903,2,29,46;126,3,58,63,146;131,2,113,158;504,1,123;419,1,65;657,2,3,16;711,1,26;712,1,66;512,1,196;582,2,106,148;828,1,22;422,2,62,84;907,2,53,124;141,1,65;661,1,51;714,3,52,76,103;514,1,130;715,8,3,19,124,148,162,177,210,246;772,2,48,59;269,1,92;146,1,93;424,3,171,175,233;962,3,47,62,86;356,2,224,253;359,2,53,62;155,1,70;693,2,74,96;858,1,159;589,4,7,21,34,127;717,3,58,87,160;735,1,50;665,3,19,53,86;919,1,59;815,3,67,85,94;783,3,82,105,117;428,2,44,67;694,2,86,101;167,1,268;168,1,153;592,2,73,97;667,3,104,131,149;736,1,173;177,2,39,44;958,1,64;292,1,139;180,2,20,80;181,1,98;994,1,24;912,1,116;943,1,134;976,1,95;294,1,37;193,2,197,218;670,1,167;872,2,242,253;821,1,168;433,4,86,101,134,216;200,1,65;383,1,66;384,1,133;598,1,101;883,3,109,127,174;600,1,150;823,2,101,128;300,1,75;213,1,133;602,1,284;215,1,41;724,2,118,262;541,1,137;542,2,17,40;544,2,29,58;672,1,166;786,2,73,146
184,59,62:890,1,80;788,1,89;830,1,123;6,1,159;7,1,254;605,1,112;618,1,126;445,1,94;454,1,164;552,1,118;461,1,69;329,1,104;56,3,160,248,331;403,1,303;312,1,93;72,1,104;73,1,235;339,1,179;965,1,60;474,1,200;83,1,91;85,1,81;253,1,119;408,1,87;86,1,232;257,1,187;730,1,141;412,1,50;111,1,96;848,1,48;121,1,299;732,1,147;690,1,132;509,1,48;512,1,163;138,1,90;139,1,52;422,1,81;423,1,101;585,1,147;773,1,74;151,1,155;152,1,148;362,1,122;156,1,237;859,1,170;719,1,54;174,1,226;862,1,216;958,1,136;292,2,179,288;179,1,323;190,1,98;193,1,210;380,1,53;199,1,76;989,1,77;304,1,94;218,1,287
185,25,26:890,1,81;318,1,144;11,1,183;456,1,249;32,1,36;240,1,124;53,1,217;249,1,68;895,1,90;487,1,324;343,1,153;114,1,110;900,1,56;125,1,121;613,1,80;733,1,196;717,1,185;316,1,114;374,1,160;285,1,355;526,2,369,429;185,1,198;317,1,89;211,1,27;540,1,53
186,107,126:890,1,86;319,1,218;10,1,29;226,2,9,21;792,1,148;322,1,30;547,1,211;233,1,26;832,1,72;550,1,15;25,1,47;451,1,56;29,1,140;626,1,66;459,1,330;460,1,72;39,1,133;399,2,4,15;242,1,145;56,1,356;57,1,46;332,1,78;702,1,72;929,1,43;467,1,122;67,1,88;336,1,78;68,1,235;313,2,97,131;634,1,265;473,1,212;762,1,132;75,1,422;78,1,35;477,1,53;82,1,30;566,1,214;804,1,64;407,2,110,179;254,1,29;255,3,5,12,120;485,1,76;96,1,56;975,1,25;101,1,40;411,1,70;730,1,186;104,1,155;105,1,103;413,1,24;846,2,10,25;769,1,274;109,1,145;573,1,72;498,1,97;812,1,24;122,2,42,140;501,2,138,148;731,1,129;128,1,107;886,1,91;505,1,70;852,1,86;133,2,75,197;508,1,38;351,1,110;657,1,106;828,2,33,71;138,1,123;139,1,56;266,3,7,18,54;141,1,97;714,1,61;151,1,231;152,1,249;153,2,185,213;158,1,106;159,1,35;520,1,175;521,1,69;588,1,79;735,1,41;666,1,170;168,1,146;169,1,29;669,1,40;171,1,108;316,1,427;375,1,241;377,1,53;287,1,160;531,1,175;738,1,93;889,1,142;187,1,80;430,1,64;193,3,12,27,233;195,2,85,145;432,1,157;536,1,121;383,1,82;671,1,51;785,2,7,19;207,1,82;602,1,52;545,2,59,114;825,1,55
187,270,522:890,1,88;318,1,141;319,1,318;684,4,56,93,98,124;745,1,22;9,1,28;696,1,148;12,2,72,127;443,1,359;226,5,12,24,46,66,160;13,2,34,151;618,6,1,18,38,167,188,215;394,1,130;227,1,111;15,2,86,102;698,2,62,119;321,2,62,119;753,2,102,137;17,2,116,149;228,1,45;231,1,151;621,4,34,88,116,136;832,1,56;22,1,185;685,1,147;449,2,92,105;925,5,7,22,32,65,79;450,2,51,64;954,1,27;963,2,24,76;699,7,4,25,99,119,134,185,214;826,1,40;700,1,66;29,1,25;687,2,99,116;835,2,61,122;555,1,203;964,1,75;397,1,381;398,2,4,14;238,2,293,327;36,2,273,287;41,1,79;400,10,54,123,166,205,289,293,312,333,387,396;46,1,42;557,1,61;49,1,29;50,8,6,24,42,52,80,88,111,174;628,2,83,178;797,2,21,74;558,1,35;57,1,134;332,1,110;58,3,31,104,212;559,1,110;560,3,50,92,190;59,11,6,20,34,73,98,154,189,231,252,267,317;333,2,85,144;311,1,41;246,1,78;334,2,40,165;630,1,108;561,1,121;562,1,126;891,3,31,49,54;632,4,44,98,194,248;468,1,168;66,1,56;838,2,110,132;778,1,26;67,1,87;69,2,20,65;880,1,52;337,3,29,82,120;313,1,239;634,6,26,108,144,165,210,231;404,1,134;71,1,206;801,1,79;469,1,177;470,2,31,37;73,1,253;802,1,85;74,1,49;803,1,45;704,1,147;339,3,2,21,40;932,4,2,25,49,157;474,1,138;475,2,59,86;893,1,47;935,2,22,56;252,1,129;81,1,87;407,2,158,167;85,2,70,102;478,4,2,15,121,207;253,1,158;479,2,10,22;948,1,65;86,5,31,53,98,184,219;742,5,4,18,36,58,177;480,2,92,214;937,1,94;482,2,41,223;484,1,51;255,1,114;342,2,184,220;486,1,14;841,1,63;487,1,47;898,1,136;489,4,44,65,110,164;343,1,87;639,1,361;96,1,58;767,1,18;921,2,22,69;915,1,183;344,4,42,67,100,127;256,4,56,157,262,301;257,1,164;99,4,47,80,126,172;101,1,255;492,1,34;949,1,28;675,1,191;103,1,176;730,3,155,185,201;104,1,29;571,2,27,50;642,2,81,109;610,2,74,105;940,2,87,107;259,1,101;493,3,6,22,36;107,3,30,136,165;705,1,19;643,4,11,36,86,101;413,1,109;644,6,2,4,7,14,29,106;260,1,46;645,1,24;647,1,73;495,1,79;648,1,39;769,2,181,217;109,1,99;112,3,35,77,121;113,1,33;114,1,50;984,1,62;119,1,52;707,2,129,132;120,3,289,294,385;611,2,111,134;574,1,55;262,1,30;900,3,13,28,54;650,2,29,45;500,2,90,177;970,2,34,62;122,1,54;579,1,54;849,1,28;501,1,152;731,2,79,125;504,1,121;654,2,47,96;612,1,13;905,1,112;419,1,66;852,1,108;506,2,52,66;508,1,40;135,1,81;580,1,53;711,1,97;855,1,26;421,1,47;658,1,17;352,3,5,20,32;907,1,103;141,1,107;660,2,69,92;857,2,19,66;661,2,21,72;714,2,60,115;514,1,128;662,1,13;715,1,186;144,1,240;269,1,114;146,1,25;355,2,3,25;356,2,122,206;149,1,82;361,1,54;518,1,207;681,2,123,129;155,4,44,68,113,239;156,1,284;858,3,26,123,135;589,1,69;908,1,143;859,1,139;717,2,50,228;665,1,17;718,1,12;909,4,3,14,48,63;368,2,14,29;369,3,10,40,65;590,4,107,113,119,147;666,3,30,97,172;168,1,87;370,1,35;591,1,47;614,1,101;592,3,24,80,112;282,1,76;170,4,10,28,48,96;283,1,92;372,6,2,22,42,66,76,124;667,2,35,153;525,2,93,109;668,2,68,139;669,1,44;171,2,36,153;377,1,55;174,2,209,230;289,2,50,86;818,1,131;531,1,105;862,1,196;882,3,3,15,26;293,1,42;866,3,3,14,70;183,1,135;184,1,115;532,2,43,102;869,1,67;193,4,15,30,53,90;739,1,116;596,3,102,139,176;380,1,87;431,1,18;872,4,3,14,28,101;821,1,179;873,1,78;383,3,95,109,159;384,5,2,20,38,310,317;201,4,29,66,83,171;202,5,2,21,40,74,105;389,1,27;883,1,181;671,2,56,129;785,4,1,13,26,99;538,1,336;300,1,73;602,1,399;541,1,226;542,1,38;879,8,2,23,44,93,107,139,177,186;217,4,1,15,30,78;545,4,4,22,40,82;218,4,22,44,291,299;786,1,231;825,1,60;616,6,4,18,32,63,130,169;390,1,67
188,28,38:890,1,90;4,1,104;923,2,39,58;441,2,54,175;324,3,44,73,128;981,2,11,26;327,1,49;50,1,125;55,1,164;988,2,16,39;631,1,122;404,1,145;71,1,185;84,1,140;805,1,70;484,1,44;114,1,43;120,1,247;576,1,40;500,3,115,142,175;128,1,100;507,1,60;828,2,73,142;516,1,254;281,2,209,222;169,1,106;670,1,159;883,1,209
189,103,130:890,1,91;788,1,124;223,3,146,220,299;605,2,77,127;11,1,189;443,1,163;15,1,113;752,1,294;228,1,229;230,1,87;548,1,148;232,1,58;549,1,254;436,1,64;834,2,41,65;686,1,72;234,1,28;624,1,86;757,1,51;35,2,153,155;463,1,24;48,1,263;241,1,80;242,1,176;727,1,147;59,1,337;334,1,129;631,2,64,71;402,1,210;404,1,87;71,1,181;72,1,23;314,1,240;469,1,82;607,1,190;77,1,79;78,1,51;81,1,72;82,1,154;742,1,93;937,1,61;482,3,37,197,245;807,1,29;485,1,69;639,2,37,225;766,1,48;98,1,60;257,1,108;746,1,41;260,1,86;706,1,83;345,1,151;847,2,117,133;689,2,123,136;827,1,102;130,1,188;131,1,340;505,1,126;942,1,19;733,1,169;137,1,65;585,1,118;354,2,15,30;356,1,217;517,2,13,29;152,1,260;154,1,144;274,1,132;586,2,91,94;362,1,64;155,3,227,270,308;277,1,67;920,1,99;783,1,132;369,2,29,59;590,1,90;281,2,23,47;592,1,133;282,1,117;525,1,67;594,1,173;373,2,7,28;316,1,97;374,2,54,95;375,2,49,171;174,2,12,31;287,2,26,53;288,2,32,65;290,2,19,39;175,1,98;862,1,94;292,1,77;863,1,194;188,2,14,42;378,2,19,38;191,1,115;533,1,119;872,1,209;197,1,164;317,1,93;299,1,116;883,1,125;602,1,303
190,121,214:890,1,94;319,1,106;776,1,62;440,5,4,13,67,107,234;744,1,41;441,1,75;9,4,2,11,47,80;392,1,136;443,1,207;697,1,155;618,2,157,207;394,2,68,135;698,1,135;231,3,20,45,59;20,2,9,20;548,1,121;232,1,299;621,1,111;925,1,102;27,1,222;454,1,180;926,3,65,144,177;835,2,38,167;555,2,122,164;626,4,87,122,125,203;701,2,26,80;464,2,53,140;54,1,111;310,1,107;403,1,388;69,3,103,130,139;634,2,196,242;469,1,194;471,2,8,18;892,2,12,26;476,3,10,22,80;893,2,11,24;894,3,7,19,47;934,4,6,18,32,45;762,3,7,20,64;75,2,548,564;407,1,211;936,2,11,22;478,1,247;253,6,9,23,43,80,97,194;408,7,11,22,37,47,66,162,171;86,1,165;87,1,77;742,1,302;480,1,114;939,3,7,21,77;960,1,30;343,1,56;639,1,183;95,1,141;767,2,85,97;977,2,3,8;975,3,2,11,34;641,1,133;610,1,83;644,1,85;494,3,6,14,23;495,1,175;768,2,2,13;846,1,47;847,2,7,19;769,1,136;884,1,173;113,3,2,12,24;707,2,112,145;611,2,79,80;812,2,2,10;262,4,5,17,47,88;901,2,2,15;902,3,2,7,74;126,1,155;827,6,65,83,89,93,141,152;813,4,7,17,34,76;651,2,177,232;128,1,78;655,1,111;612,1,41;709,2,159,188;985,3,12,29,67;420,1,97;712,1,95;583,1,75;139,1,142;141,1,101;267,1,114;144,1,125;773,3,4,14,24;153,4,126,211,243,274;587,1,97;716,1,92;589,1,64;665,1,90;162,1,156;920,2,126,131;590,1,161;167,2,152,279;316,1,219;526,2,283,535;175,1,115;863,1,132;882,1,79;189,1,158;432,1,141;204,2,178,270;883,1,89;775,1,67;973,1,94;538,1,327;216,1,69;541,1,127;953,1,32;218,1,184;749,1,69;306,2,160,181;219,2,141,264;221,1,243
191,292,376:890,1,99;223,1,237;319,1,162;684,1,120;776,1,44;830,1,73;924,1,40;6,2,176,314;744,1,104;441,1,51;745,1,113;309,1,102;790,1,78;224,1,125;12,1,132;443,5,91,225,266,277,386;618,3,105,111,183;394,1,154;227,1,83;979,1,28;17,1,131;446,2,28,45;547,2,91,178;19,1,171;230,1,287;231,1,173;233,1,113;621,1,128;323,1,188;832,1,46;549,2,250,271;448,1,196;833,3,45,56,72;21,1,109;22,1,294;834,2,176,270;925,1,104;24,1,135;551,1,43;451,1,94;236,1,110;700,2,104,302;456,1,159;28,1,18;624,1,130;30,2,39,90;326,1,143;554,1,175;981,1,76;31,1,99;956,1,120;397,2,53,176;459,1,322;238,2,173,375;795,2,56,85;759,1,66;38,1,92;399,1,162;41,1,45;43,1,92;45,1,72;400,1,240;627,2,45,55;327,2,306,348;48,1,163;329,1,170;50,1,191;51,2,110,183;330,1,37;331,1,40;244,1,92;332,1,160;58,2,160,214;559,1,99;837,1,87;333,1,58;606,2,113,150;310,1,132;245,1,43;246,1,138;334,1,80;630,2,50,142;561,5,16,33,62,102,174;61,1,67;247,2,39,252;631,1,150;950,1,39;562,2,42,85;800,1,134;891,2,34,56;674,2,112,121;633,1,140;69,1,91;931,1,69;472,1,47;803,1,96;635,1,47;473,1,435;933,1,71;476,1,109;607,2,89,99;75,2,221,614;340,1,26;636,1,62;80,1,177;764,2,113,127;566,1,144;896,1,43;804,1,109;407,4,49,68,82,224;974,1,134;637,1,34;608,1,97;478,1,331;408,1,189;86,1,226;88,1,116;805,1,88;342,1,223;841,1,47;487,2,259,280;966,2,19,71;842,1,23;489,1,63;92,1,31;957,1,52;93,1,37;343,1,172;639,2,322,391;97,2,128,322;921,1,80;809,1,101;915,1,148;986,1,26;99,1,92;491,1,118;844,1,36;640,3,66,118,135;675,1,24;730,1,169;571,2,68,85;642,1,39;940,2,59,84;645,2,26,101;646,1,101;495,1,119;706,1,55;810,1,36;345,1,216;847,1,96;969,1,66;115,1,63;346,1,26;416,1,41;576,1,44;417,1,118;121,1,281;122,1,187;747,2,124,152;347,2,83,88;348,1,104;502,1,43;851,2,40,63;503,1,134;127,1,88;349,2,101,210;732,2,70,218;653,1,90;906,1,109;133,1,104;985,2,81,126;509,1,46;134,1,205;351,1,215;613,1,65;510,1,81;135,2,53,114;853,1,73;136,1,136;657,1,145;581,1,178;711,1,150;855,1,41;856,1,48;583,2,45,61;137,1,71;265,2,177,203;907,1,141;660,1,75;857,1,21;814,1,88;268,1,105;715,1,284;269,1,77;146,1,156;353,1,29;680,1,32;270,1,325;148,1,38;355,3,63,73,80;356,1,255;150,2,42,179;358,1,115;359,2,45,147;360,2,119,167;151,1,58;663,1,17;271,1,238;274,1,316;361,1,125;518,1,118;363,1,83;155,2,41,190;364,1,154;682,1,76;277,1,197;156,1,113;365,1,100;716,1,56;158,1,325;159,2,82,166;519,1,248;426,1,113;717,2,66,208;665,1,21;978,1,64;163,1,186;164,2,36,74;909,1,45;523,1,20;366,5,42,64,97,120,142;860,1,42;783,1,96;369,1,112;666,2,156,168;169,1,65;861,1,27;371,1,137;372,1,64;525,1,111;594,1,106;668,4,30,175,197,227;316,3,103,188,253;376,1,40;284,1,104;526,1,671;595,1,235;377,1,129;174,1,158;530,1,58;917,1,84;177,1,53;178,1,110;292,2,160,286;180,1,44;994,1,48;912,1,43;183,2,141,175;184,2,193,222;532,1,93;429,1,67;191,1,24;869,1,28;670,1,172;194,2,20,40;819,1,63;195,2,47,133;196,1,86;721,2,99,111;197,1,112;297,1,58;821,1,154;381,1,95;382,1,92;433,1,141;536,2,84,174;388,1,157;204,1,352;877,1,116;785,1,83;878,1,94;302,1,143;602,1,89;723,1,34;724,1,264;435,1,121;683,1,42;541,1,35;543,1,138;545,3,16,34,48;616,1,92;220,1,65
192,2,2:890,1,103;345,1,155
193,30,41:890,1,105;6,1,64;14,1,140;396,1,96;548,2,43,62;232,1,430;32,1,173;956,3,98,124,140;33,2,104,120;726,1,57;35,1,161;562,1,94;838,1,85;848,1,67;118,1,85;123,1,105;501,1,119;140,1,130;663,1,55;273,1,292;274,1,180;586,2,136,176;159,1,137;426,2,121,139;162,1,62;191,2,55,71;200,1,132;989,1,56;204,1,349;208,5,8,22,32,78,86
194,5,6:890,1,106;469,1,160;75,2,238,280;537,1,88;204,1,160
195,5,5:890,1,109;396,1,106;553,1,52;736,1,57;430,1,101
196,12,17:788,2,4,18;309,1,141;548,5,106,139,151,193,246;51,1,132;242,1,132;948,1,15;121,1,243;512,1,310;516,1,106;278,1,111;171,1,83;187,1,140
197,21,103:788,8,7,21,57,102,134,171,212,220;222,7,11,27,40,60,99,157,174;605,3,137,152,163;696,6,10,24,66,124,137,154;18,1,91;230,14,6,27,71,106,130,153,169,191,203,209,220,254,260,285;448,11,9,25,45,48,97,128,175,204,222,257,273;963,1,103;30,1,96;928,3,3,11,46;403,1,87;932,8,11,34,62,97,106,118,127,191;78,2,129,145;490,1,75;257,1,123;148,2,267,284;277,19,5,16,34,50,81,88,111,119,147,158,167,177,187,200,212,221,228,248,258;375,1,188;284,5,12,41,60,157,192;299,7,4,19,55,179,223,238,272;219,1,111
198,64,207:788,6,11,25,63,92,125,216;222,5,16,32,42,86,138;223,6,1,18,38,77,189,197;440,1,170;605,6,5,13,47,91,115,128;10,4,2,9,17,66;696,6,14,28,37,77,90,156;14,5,1,10,38,108,210;229,8,9,18,41,65,91,114,142,163;230,7,13,34,75,111,123,229,278;232,1,150;549,1,468;448,9,11,27,51,75,154,199,228,259,276;27,2,85,229;454,3,161,179,202;552,1,183;30,1,102;35,1,146;928,4,5,13,52,76;42,5,16,32,117,140,205;327,5,78,127,142,259,343;51,5,6,16,54,105,128;52,2,194,208;311,2,236,380;467,1,88;403,19,36,48,63,96,120,135,147,155,198,258,273,292,315,342,358,410,418,428,449;404,5,11,25,42,74,99;71,1,261;932,4,16,39,68,197;473,13,13,29,111,138,204,247,266,305,400,422,447,460,491;76,1,100;935,3,3,9,59;78,2,74,115;779,2,114,225;80,1,167;82,2,44,117;94,4,1,8,19,61;609,1,89;101,1,198;115,2,159,173;116,5,1,11,31,71,76;120,3,323,336,347;574,1,80;575,1,89;650,1,79;121,6,1,12,23,182,224,269;127,3,5,19,32;136,1,122;773,1,68;664,2,108,140;277,4,11,22,38,173;920,1,133;167,2,151,278;817,1,32;375,1,183;284,3,19,48,76;526,1,439;179,1,345;189,1,157;295,2,191,256;299,1,285;212,2,157,181;306,3,75,162,180;219,2,114,136
199,198,465:788,3,13,27,36;2,1,20;319,1,273;5,1,38;320,3,4,10,23;309,1,150;790,2,1,6;831,1,37;393,1,56;605,4,7,15,25,49;10,4,6,13,49,68;617,2,1,14;443,1,167;697,1,56;13,3,7,23,41;14,2,8,17;321,3,14,29,59;620,1,87;18,1,55;230,5,20,41,54,132,178;232,2,55,381;832,3,2,10,25;324,2,11,23;622,3,84,112,238;954,2,127,140;26,2,9,19;699,2,18,39;453,7,5,16,29,89,103,114,155;234,2,6,14;826,3,1,5,23;700,3,23,28,177;983,1,16;325,3,1,10,246;326,2,1,14;626,1,250;757,2,1,10;460,1,52;35,1,114;461,2,34,82;36,2,17,35;239,4,3,32,69,157;462,2,7,15;37,3,11,23,38;758,1,25;38,3,7,19,278;928,3,7,15,25;41,3,4,9,27;42,3,6,22,191;43,3,7,19,245;44,2,12,25;400,3,11,23,32;328,4,16,33,69,94;557,3,1,10,35;628,2,132,158;52,3,9,19,52;242,4,4,10,44,65;243,5,5,12,41,122,139;796,1,63;53,10,2,7,26,84,111,117,137,163,209,230;401,4,6,13,24,31;330,2,12,25;56,2,8,17;331,3,9,19,37;57,2,51,103;559,3,6,19,31;560,2,16,33;929,3,12,25,39;245,3,12,25,33;630,3,17,40,61;61,3,10,21,48;631,4,11,23,45,56;562,2,6,19;403,3,7,17,139;66,1,61;778,2,7,15;633,5,12,25,41,101,119;336,2,1,20;250,1,74;312,3,4,12,28;338,2,70,188;470,3,6,13,59;472,1,118;405,2,90,97;762,1,38;688,2,17,40;81,2,28,30;82,3,11,22,26;85,1,98;86,3,6,20,48;409,3,8,19,51;742,3,13,27,241;255,1,24;485,3,9,19,33;342,1,214;488,3,8,17,36;91,3,11,30,67;489,4,2,16,30,60;638,1,53;809,7,8,23,32,36,69,135,166;98,4,171,179,190,209;915,3,11,23,52;986,3,10,21,30;967,3,17,40,70;256,4,22,45,76,187;257,2,12,30;100,1,81;104,4,7,18,72,90;106,3,9,19,179;676,1,39;493,1,41;107,1,162;413,4,3,7,22,89;846,3,3,18,77;110,1,36;113,2,9,19;117,4,19,39,49,148;346,1,19;261,2,4,18;689,4,4,11,16,23;707,1,69;649,4,15,31,55,131;349,3,16,33,142;263,2,16,33;129,1,154;781,1,87;508,2,14,29;511,3,4,10,22;421,3,4,14,135;582,1,53;658,2,36,66;352,2,14,29;140,1,66;515,2,4,12;516,2,57,86;144,2,22,46;145,1,34;354,1,55;357,3,6,14,29;358,2,22,125;359,2,9,19;360,3,28,57,138;151,3,207,226,261;829,1,96;154,3,10,32,79;274,1,126;743,2,9,21;277,1,214;972,3,95,142,159;279,2,10,24;369,1,85;280,1,228;524,2,18,37;817,1,50;614,1,89;371,2,97,112;171,2,16,33;373,2,67,104;316,2,55,80;374,1,125;526,5,21,43,359,364,615;595,1,243;173,3,4,18,35;286,1,131;174,2,73,80;529,3,9,31,54;288,1,107;530,3,7,18,100;289,2,47,200;531,3,6,13,38;378,1,53;870,1,53;533,1,54;819,3,6,14,26;913,1,32;821,1,50;873,2,7,20;433,1,38;989,2,4,10;784,3,6,13,35;384,1,214;385,4,10,21,37,95;387,3,1,11,40;388,3,65,135,179;537,3,1,15,32;201,2,11,23;202,3,70,204,214;203,3,15,31,34;603,1,35;303,2,111,119;748,2,15,32;543,2,86,152;786,3,11,31,56;390,1,103;306,2,19,39;307,6,17,23,49,55,80,86;308,3,15,32,47;220,3,33,40,124;787,1,115
200,127,258:788,2,14,28;223,1,258;6,2,19,275;744,2,27,28;309,2,151,178;605,3,8,16,50;10,4,7,14,50,69;697,1,57;14,2,9,18;321,3,15,30,60;17,2,14,28;230,5,21,42,133,145,181;548,1,35;22,3,11,22,41;834,1,38;551,3,128,141,171;236,1,156;457,2,8,16;30,1,33;325,1,247;795,3,59,79,179;461,1,80;239,2,4,33;37,3,5,17,113;38,2,8,20;39,1,119;400,3,12,24,33;465,2,21,150;243,3,42,123,143;53,1,260;55,2,8,20;56,2,9,18;331,3,10,20,38;333,1,119;988,2,23,46;702,2,6,26;929,3,13,26,40;311,3,72,145,409;61,3,11,22,49;247,3,63,138,195;631,3,12,24,46;338,2,71,189;473,3,8,24,42;933,3,14,28,107;762,1,39;75,2,32,407;77,4,15,30,45,249;252,1,151;485,2,10,20;488,2,9,18;489,1,61;638,1,54;96,2,17,34;490,1,160;256,5,23,46,77,83,188;258,2,9,18;975,2,9,18;609,1,43;640,1,41;106,3,10,20,180;676,1,40;493,1,234;345,1,226;769,2,88,118;415,3,16,32,108;261,2,5,19;689,2,5,17;575,2,58,96;121,2,11,22;125,1,186;126,1,115;263,2,17,34;690,4,16,32,57,106;130,1,43;132,1,61;709,3,50,98,110;138,1,157;265,3,7,24,52;268,2,22,44;145,2,10,20;680,1,45;355,2,22,44;358,1,127;360,3,29,58,139;151,4,208,216,227,262;275,1,37;155,2,18,36;587,2,15,30;743,2,12,24;276,2,7,29;278,3,5,32,61;156,3,53,166,196;279,2,14,28;280,1,229;281,1,156;817,2,11,22;170,2,128,144;171,2,17,34;316,1,56;284,2,5,34;285,3,20,40,179;526,1,347;595,2,19,38;527,2,5,15;172,1,153;289,1,48;290,1,137;531,3,7,14,39;870,1,54;596,6,11,22,36,57,181,215;533,2,55,123;998,2,6,12;913,1,33;383,2,11,22;384,1,343;385,1,98;388,1,136;201,2,12,24;202,3,19,38,205;945,3,6,12,25;203,2,16,32;604,4,13,26,62,427;543,1,153;544,1,65;672,1,109;218,4,101,108,158,169;390,1,61
201,60,85:788,1,29;684,1,13;6,1,105;8,1,26;605,2,1,9;10,3,3,10,76;23,1,121;457,1,125;238,1,13;34,1,194;462,2,1,9;928,1,18;42,2,192,253;48,1,103;629,1,167;467,3,1,14,27;403,3,37,113,300;741,1,21;473,3,16,32,219;636,1,23;78,1,19;477,2,3,13;81,1,95;765,1,86;95,1,36;975,1,22;899,1,53;705,1,112;746,1,104;108,1,292;111,1,86;121,2,73,261;126,1,163;130,1,99;131,2,222,293;133,1,169;511,1,84;136,1,101;828,1,117;773,1,94;355,1,105;273,2,2,30;990,1,128;162,2,68,163;368,1,84;524,2,7,26;375,2,1,19;526,5,150,172,313,390,435;180,2,104,152;910,1,90;952,1,29;191,1,78;195,1,131;534,2,40,77;200,1,80;204,2,32,316;299,1,129;208,1,81;212,1,131;603,1,21
202,16,17:788,1,31;8,1,28;607,1,43;75,2,384,515;81,1,97;485,1,75;95,1,38;975,1,23;121,1,75;130,1,111;273,1,182;364,1,167;288,1,80;889,1,115;943,1,89;221,1,64
203,20,22:788,1,34;605,1,22;227,1,129;454,1,86;928,1,23;327,1,288;53,1,239;250,1,127;68,2,15,30;252,1,210;98,1,175;131,1,278;151,1,134;274,1,143;525,1,140;668,1,137;374,1,83;375,2,10,28;290,1,76;389,1,162
204,93,160:788,1,37;223,1,61;392,1,156;831,1,19;605,1,26;443,1,168;620,1,88;725,1,33;322,1,144;19,1,141;20,1,76;21,1,233;449,3,9,19,34;29,3,173,240,332;673,1,76;31,1,76;35,3,4,19,80;38,1,279;928,1,26;39,1,147;40,1,117;399,5,136,173,197,233,250;43,1,246;464,1,93;51,1,71;401,1,32;58,1,75;702,1,67;311,1,408;62,1,60;403,2,270,298;250,3,11,27,53;404,1,110;72,1,99;339,3,14,33,128;251,1,36;932,2,83,168;473,1,123;478,1,103;88,2,44,121;742,1,242;89,1,156;343,1,222;967,3,19,42,72;490,4,14,35,62,136;257,2,38,182;493,1,42;345,1,69;416,1,44;499,4,12,32,49,111;649,1,108;650,1,67;123,1,39;126,2,161,172;130,1,124;504,3,6,14,179;507,4,1,10,35,64;509,3,7,15,41;613,3,7,26,87;771,2,8,24;656,3,8,30,60;511,3,5,11,23;853,1,69;420,1,33;512,1,294;658,1,68;513,2,3,19;138,1,50;514,2,184,205;144,1,88;270,1,43;276,1,54;277,1,57;365,4,9,26,57,117;972,2,87,152;369,3,7,37,152;169,1,69;372,1,130;171,3,2,19,51;316,1,156;376,3,9,24,68;595,2,4,23;527,1,28;287,3,13,40,71;288,4,15,48,84,154;290,1,158;596,1,67;533,4,7,15,23,45;536,6,14,29,38,106,151,159;203,1,77;299,1,127;603,1,19;221,1,59
205,116,214:788,1,38;223,2,62,129;6,1,158;392,1,157;831,1,20;605,1,27;443,1,169;322,1,145;19,1,142;230,1,56;20,1,77;21,1,234;449,3,10,20,35;27,1,98;29,3,174,241,333;673,3,77,87,93;31,1,77;35,3,5,20,81;239,1,70;38,1,280;928,1,27;39,1,148;40,2,137,146;399,6,137,168,174,198,234,251;43,1,247;464,3,94,97,102;47,1,60;240,1,39;52,3,3,13,84;242,1,149;796,1,80;58,1,76;702,1,191;311,1,71;247,6,73,136,175,209,230,243;62,1,61;403,2,271,299;250,1,75;404,1,111;72,1,100;339,3,15,34,129;251,1,37;932,2,84,169;473,1,124;88,2,45,122;742,1,243;89,1,157;343,1,223;986,3,11,22,32;967,3,20,43,73;490,5,15,36,63,129,137;257,2,39,183;491,1,37;493,3,13,29,59;345,1,70;117,2,1,21;416,1,45;499,4,13,33,50,85;649,4,109,117,186,218;650,1,68;123,1,40;126,2,162,173;129,1,57;130,1,125;264,1,37;131,1,235;504,2,7,15;507,3,2,11,65;133,5,7,15,26,53,173;509,4,8,16,42,56;613,4,8,27,88,106;771,3,9,25,88;656,3,9,31,61;511,2,24,134;853,1,70;420,1,34;512,1,295;658,1,69;513,2,4,20;138,1,51;265,1,48;514,1,206;144,1,89;680,2,1,4;270,1,44;153,3,19,45,75;272,1,65;273,1,71;276,1,55;277,2,58,93;365,3,58,96,118;972,2,88,153;369,4,8,38,86,153;169,1,70;861,1,34;372,1,131;171,3,3,20,52;316,1,157;375,1,141;376,3,10,25,69;285,1,55;595,5,5,24,88,123,177;527,1,125;287,3,14,41,72;288,5,16,49,85,109,155;290,1,159;187,1,71;295,1,76;533,5,24,46,62,76,182;536,3,74,152,160;198,2,45,48;203,1,78;299,1,128;603,1,20;390,1,104;221,1,60
206,70,364:788,1,41;605,1,30;322,1,34;447,2,75,94;23,4,10,22,72,94;26,2,77,137;234,1,95;236,7,11,22,46,104,119,124,155;700,10,3,11,24,54,120,162,186,195,230,332;28,1,37;35,1,75;461,4,75,112,152,200;36,13,6,24,51,80,98,157,168,185,189,217,220,261,269;239,12,9,38,74,78,108,147,151,180,200,229,293,301;37,8,12,24,56,63,72,83,109,120;758,8,78,89,98,117,128,137,152,176;928,1,30;242,1,148;727,8,13,26,48,85,120,171,178,185;629,6,10,20,29,54,117,152;54,1,46;245,4,13,26,34,109;60,10,6,16,40,55,79,103,108,133,138,165;68,11,1,16,40,50,66,76,130,133,143,146,203;703,2,42,97;76,1,104;636,1,88;779,2,15,30;896,7,2,12,23,58,63,70,78;91,4,19,38,76,80;343,2,142,255;103,3,152,174,183;689,10,12,24,31,39,53,72,90,98,148,163;709,1,199;677,2,74,97;140,2,68,95;423,3,7,16,25;679,2,26,37;271,9,4,30,72,104,149,173,179,185,198;272,8,3,28,75,116,158,188,193,198;154,4,13,35,74,112;273,24,11,16,39,44,121,124,131,134,139,147,151,154,169,219,238,242,247,256,304,324,337,368,372,389;274,7,120,127,170,227,246,286,301;586,9,38,51,70,98,105,114,147,159,183;519,16,6,14,27,103,112,163,191,209,236,252,271,279,351,357,364,461;520,4,8,17,46,84;522,4,9,19,40,112;588,2,23,118;426,1,77;161,1,114;523,1,134;169,4,5,13,31,62;524,1,202;378,2,15,34;536,1,150;876,2,141,161;722,4,4,12,33,60;199,3,13,27,52;207,14,10,35,57,104,114,124,157,190,211,238,245,268,281,359;213,5,4,12,29,143,159;603,2,54,96;303,4,11,38,69,188;304,5,7,24,52,96,115;305,8,8,29,57,100,116,133,138,188;748,6,5,22,43,87,103,111;390,13,14,41,79,115,146,163,178,200,210,227,230,238,254;306,14,6,26,59,123,148,157,175,216,233,239,270,325,337,352;307,12,5,9,37,41,72,127,145,153,160,203,237,243;308,3,48,70,162;220,11,70,77,82,84,93,115,118,146,159,166,176
207,9,16:788,1,42;605,1,31;547,1,53;459,1,390;461,1,20;928,1,31;677,1,95;693,1,15;540,8,2,8,20,30,45,71,97,144
208,20,21:788,1,43;605,1,32;34,1,47;928,1,32;311,1,395;742,1,248;343,1,132;103,1,26;572,1,101;121,1,38;124,2,51,73;734,1,150;658,1,67;516,1,107;520,1,105;595,1,52;286,1,76;187,1,141;430,1,66;543,1,131
209,4,4:788,1,46;605,1,33;928,1,35;286,1,149
210,6,6:788,1,47;2,1,110;605,1,34;928,1,36;972,1,148;198,1,31
211,5,5:788,1,49;605,1,36;928,1,38;990,1,62;972,1,150
212,12,12:788,1,51;11,1,159;236,1,24;928,1,40;467,1,41;344,1,53;106,1,28;649,1,41;125,1,117;582,1,101;153,1,56;534,1,43
213,11,18:788,3,58,103,172;222,4,12,28,158,175;16,1,45;448,1,49;699,1,241;928,1,47;562,1,55;713,1,95;171,1,111;431,3,8,16,30;598,1,45
214,11,16:788,1,59;9,1,120;224,1,107;956,1,26;928,1,48;92,2,45,91;768,3,9,20,48;901,2,9,22;121,1,34;127,2,37,134;604,1,212
215,1,1:788,1,66
216,86,141:788,1,68;223,1,171;319,1,111;830,2,39,53;924,1,98;225,1,91;15,1,195;752,1,243;230,1,184;954,1,139;963,1,58;699,2,178,230;27,1,236;29,4,28,164,312,343;325,1,56;554,1,161;238,5,23,48,138,299,358;928,1,61;400,1,301;561,1,138;799,1,212;403,2,160,375;674,1,101;69,3,73,97,176;71,1,192;932,1,110;473,1,283;607,1,221;406,4,2,12,27,64;763,1,93;340,1,69;252,1,60;82,2,27,171;93,1,39;99,3,103,131,190;977,1,45;643,3,13,38,88;108,1,144;769,2,79,110;109,2,103,147;110,1,35;707,1,127;576,1,122;121,2,284,302;970,3,1,14,40;122,3,3,13,69;813,1,70;418,4,100,136,211,223;652,4,1,22,43,154;263,5,3,20,35,80,128;691,2,73,84;264,3,41,163,188;131,1,121;506,1,173;657,1,39;692,1,71;658,1,133;584,1,97;267,2,31,107;144,5,59,102,155,197,307;148,2,178,241;356,2,127,183;153,3,139,143,164;159,1,139;783,1,147;720,2,1,9;591,2,86,123;524,2,162,176;170,1,171;667,1,184;669,1,48;284,1,89;285,1,290;526,1,612;595,1,242;527,1,144;287,1,188;532,1,62;190,1,93;193,1,70;433,2,37,192;200,1,143;203,2,91,348;212,1,136;543,2,79,139;786,1,215
217,277,645:788,1,69;223,3,14,31,66;439,1,35;319,3,92,178,342;744,1,32;309,1,169;9,1,146;393,3,50,73,96;605,3,60,109,167;10,1,23;225,2,52,99;617,1,124;443,2,153,175;226,2,135,150;13,2,42,168;14,4,30,68,122,217;618,1,108;394,1,47;227,5,89,120,165,210,233;619,2,135,192;15,2,14,36;752,1,112;753,2,30,81;444,1,146;16,1,107;17,8,55,61,93,123,163,197,203,219;228,1,347;18,1,57;322,1,110;19,1,100;229,1,51;230,2,58,288;20,1,80;232,4,56,167,321,338;549,1,412;834,2,204,230;699,3,86,191,200;27,1,95;453,2,82,158;454,3,70,105,142;234,1,26;826,2,15,114;236,1,79;926,1,195;673,1,81;687,1,122;325,1,131;554,1,80;397,1,97;757,1,44;238,1,130;34,1,136;35,2,84,149;36,3,76,112,226;239,7,10,39,79,121,247,302,310;462,1,24;758,3,9,20,36;759,1,24;38,2,95,212;928,3,62,106,111;399,1,163;41,1,118;42,2,86,280;43,2,95,185;44,5,83,93,189,194,347;400,6,69,172,191,233,360,404;47,3,119,277,283;240,3,155,201,297;328,2,91,128;557,1,97;329,4,48,94,125,148;241,7,19,39,65,113,206,234,284;50,1,224;465,1,107;52,1,145;242,2,173,242;243,1,91;727,3,57,110,159;56,2,52,307;331,1,43;57,2,38,60;560,2,121,182;59,3,129,196,328;245,1,36;630,1,94;62,1,40;891,2,13,27;68,6,10,25,90,147,152,207;880,3,8,17,37;404,3,13,27,108;315,1,60;471,1,49;73,1,128;704,1,54;635,1,110;251,3,12,28,64;932,4,18,41,134,180;933,1,47;762,1,144;636,1,63;935,1,71;78,2,5,13;688,1,61;779,3,139,172,238;252,3,206,215,238;477,1,40;81,1,115;82,3,38,77,182;83,3,28,72,87;764,1,91;566,2,166,210;407,2,85,127;84,1,37;840,1,43;85,2,36,93;86,2,82,154;87,2,43,159;409,2,72,152;88,3,13,30,59;742,2,221,264;485,2,64,99;488,2,137,203;92,1,47;93,3,6,23,51;343,1,48;96,2,75,169;97,3,13,30,51;98,1,147;967,4,7,30,47,59;490,3,68,101,166;257,1,45;100,2,29,123;609,1,111;412,1,59;106,1,52;493,6,91,154,176,194,219,244;107,3,79,123,126;643,3,22,47,69;644,1,50;260,3,70,81,92;496,1,87;768,1,35;345,1,95;846,1,110;884,1,74;114,1,40;115,3,55,127,142;116,1,64;117,2,119,134;261,1,34;416,2,65,92;499,1,61;689,5,32,67,73,149,159;120,3,14,30,125;121,1,303;501,3,15,34,53;652,2,13,34;732,3,120,155,220;263,2,54,170;129,7,8,27,60,136,155,170,188;690,1,139;130,4,13,27,121,141;691,2,60,100;264,6,12,26,55,75,115,210;131,1,275;653,1,107;904,1,31;506,6,7,15,36,82,95,166;508,2,58,93;656,5,69,81,95,111,118;510,1,56;135,1,106;511,4,29,49,98,119;420,1,81;512,1,286;658,1,72;828,2,6,14;138,3,18,40,58;139,1,99;140,3,12,33,60;585,1,69;144,6,23,47,93,166,183,300;145,2,86,99;962,1,55;680,1,24;354,1,98;355,1,82;360,1,219;151,7,15,37,95,140,168,177,307;517,4,9,25,113,142;663,4,5,11,32,89;153,9,22,48,78,152,165,202,220,234,280;664,3,13,30,55;271,3,23,49,59;272,3,22,47,57;154,5,19,41,52,85,195;273,3,25,53,63;274,5,28,58,105,121,128;586,2,73,88;275,1,93;518,8,14,23,39,48,149,165,230,257;681,3,18,40,60;155,1,195;364,2,126,141;743,2,49,64;276,2,125,133;277,2,241,251;278,1,165;157,3,20,50,68;365,1,113;972,1,140;523,2,38,69;366,4,66,84,99,122;165,1,163;369,3,25,55,122;280,4,21,49,74,163;281,5,17,41,75,141,191;167,3,4,33,75;591,3,71,97,105;282,1,78;170,1,136;372,2,81,148;373,3,3,24,68;316,1,93;374,5,10,25,45,70,91;375,6,13,31,125,163,268,308;284,1,129;285,4,80,158,185,291;526,1,181;595,2,156,223;527,3,52,105,145;172,1,108;528,3,14,39,76;174,9,9,28,52,96,168,177,206,220,259;529,1,59;287,3,23,50,92;288,3,29,62,112;289,1,228;290,4,12,32,59,142;531,2,147,200;291,4,92,150,185,240;175,3,5,31,80;187,3,8,18,30;188,3,10,38,65;189,3,4,34,83;295,3,18,38,63;378,2,17,36;532,1,107;533,1,67;819,1,34;821,1,141;873,1,103;382,1,136;433,2,30,193;784,1,75;384,2,103,179;537,1,91;207,8,21,46,68,88,247,270,350,362;538,5,15,35,93,227,250;946,3,13,30,53;824,1,85;212,2,72,174;602,2,243,265;303,5,25,52,90,129,140;304,6,14,31,89,121,144,154;305,3,17,38,62;748,1,67;683,3,84,108,185;390,2,108,186;306,1,48;307,2,104,155;308,3,59,105,188;219,10,68,156,172,204,228,245,254,274,280,299;220,3,71,160,164;787,1,81;221,3,16,45,66;546,4,18,42,71,127
218,173,306:788,1,70;223,6,112,142,201,217,277,296;319,1,179;9,1,147;392,1,175;605,1,61;443,2,154,176;13,2,43,169;14,5,3,12,69,75,218;227,2,121,166;752,1,113;444,1,147;17,2,198,220;228,2,101,238;18,1,58;229,1,57;230,2,59,291;232,2,57,170;833,1,75;23,1,129;451,1,105;699,2,192,201;453,1,159;454,2,71,106;234,1,27;826,2,16,115;456,1,274;552,1,123;926,2,38,196;457,3,35,81,130;673,2,66,82;458,2,77,104;757,1,45;238,6,117,159,183,199,236,304;35,2,85,150;239,1,122;759,1,25;928,1,107;41,1,119;42,2,87,95;44,1,84;400,5,70,173,192,234,361;240,2,202,298;327,1,132;328,1,129;557,1,98;329,2,95,149;241,4,20,40,114,207;243,1,92;727,2,58,65;558,1,44;56,1,53;57,1,61;560,1,122;59,1,197;988,2,13,36;798,1,93;311,2,19,38;799,2,139,185;62,1,41;891,2,14,28;760,1,45;403,2,275,294;68,3,91,111,208;880,3,9,18,38;469,1,237;564,1,75;251,3,13,29,65;932,4,19,42,135,181;473,3,272,297,456;78,1,76;252,1,207;82,1,39;83,3,29,73,88;764,1,92;566,1,167;804,2,127,131;840,1,44;85,1,94;86,1,83;87,1,44;409,1,73;88,1,67;742,1,222;485,1,65;960,1,57;488,2,138,204;92,1,48;93,4,7,10,24,27;639,2,290,345;97,1,60;490,1,102;257,1,52;493,1,195;260,1,82;496,1,88;768,1,36;111,1,75;114,1,41;115,4,58,79,175,186;261,1,35;689,1,120;500,1,51;502,1,87;652,2,21,42;732,1,156;263,1,65;129,2,156,189;690,1,140;264,3,90,116,121;131,2,276,282;506,4,37,83,96,167;508,1,59;511,1,120;828,2,61,98;139,1,100;515,1,70;585,2,70,214;144,4,24,48,184,301;145,2,87,102;146,3,11,22,144;353,1,51;148,1,45;151,6,16,38,96,141,169,178;153,1,235;154,2,53,196;275,1,94;518,5,15,40,166,231,258;681,3,19,41,61;743,2,50,65;276,1,134;278,1,166;156,1,49;523,1,70;366,4,67,85,100,123;369,3,26,56,123;280,2,22,50;281,2,18,42;524,1,261;861,3,12,24,58;371,1,209;170,1,137;372,1,82;373,3,4,25,69;316,1,94;374,3,11,26,71;375,3,14,32,126;285,3,81,159,292;526,1,184;527,1,53;528,2,15,40;174,4,10,29,53,178;290,1,143;291,1,98;188,3,11,39,66;189,2,5,35;532,2,108,119;433,1,31;784,1,76;384,1,104;434,1,44;207,2,89,351;212,2,73,80;602,1,266;215,1,93;304,2,87,90;683,2,109,186;604,1,29;306,1,101;307,1,113;308,3,60,106,189;221,4,17,46,67,144;546,3,19,43,72
219,2,2:788,1,72;52,1,148
220,2,3:788,1,73;290,2,44,122
221,2,2:788,1,75;56,1,77
222,27,35:788,1,77;227,1,125;752,1,142;449,1,44;451,1,106;954,1,146;29,1,177;835,1,42;555,1,39;32,1,62;239,1,77;47,1,66;60,1,78;402,1,73;69,1,169;96,3,12,29,49;664,1,89;829,1,135;274,1,244;587,1,225;278,1,132;972,2,121,134;783,1,153;282,2,10,30;912,3,35,85,202;695,3,9,21,47;298,1,34
223,4,7:788,3,78,188,237;222,1,65;454,1,172;928,2,72,99
224,21,24:788,1,79;15,1,171;323,2,159,182;551,1,62;237,1,80;459,1,96;758,1,111;928,1,70;39,1,103;40,1,45;244,1,67;247,2,11,29;417,1,121;277,1,31;278,1,137;859,1,193;284,1,106;595,1,58;527,1,87;174,2,131,278;683,1,28
225,34,42:788,4,80,221,225,238;222,1,110;448,1,229;236,1,96;794,1,82;835,1,163;555,1,174;956,1,65;327,2,76,257;58,1,65;778,1,115;338,1,206;339,1,167;475,1,77;78,1,123;95,1,97;915,1,138;256,1,165;675,1,333;641,3,8,18,35;968,1,23;611,3,4,19,118;134,1,184;662,1,79;274,1,247;586,1,164;279,1,83;280,1,175;817,1,27;283,1,139;377,1,28;869,1,51;538,1,317;602,1,340
226,5,6:788,2,81,169;449,1,45;242,1,140;843,1,92;545,1,100
227,145,291:788,3,83,189,226;222,1,83;223,7,111,141,200,216,276,295,341;6,1,320;392,1,174;696,2,38,108;226,1,133;14,8,2,11,34,39,74,109,129,211;618,2,142,232;394,1,92;752,1,250;753,1,84;228,2,100,237;322,2,107,178;229,4,56,115,143,164;230,5,154,204,212,255,290;232,1,169;448,3,76,124,155;21,1,62;23,1,128;25,3,21,79,132;451,2,82,104;963,3,10,21,55;27,1,248;454,1,208;235,1,69;456,1,273;552,1,122;926,1,37;457,5,34,80,88,116,129;673,1,65;458,5,4,19,76,103,157;554,1,70;238,8,116,158,182,198,235,243,303,323;239,1,115;38,1,214;928,1,80;40,1,82;399,1,165;42,2,94,166;43,1,187;44,4,96,106,166,231;47,6,13,35,67,127,162,208;327,5,71,108,131,157,255;241,1,76;836,1,104;52,1,280;727,3,64,113,162;558,1,43;56,1,123;244,2,95,115;988,2,12,35;311,2,18,37;930,1,69;799,2,138,184;63,2,14,226;467,1,100;403,10,156,215,274,293,343,364,407,419,433,450;71,2,50,262;801,1,54;73,1,135;932,1,101;473,7,78,103,129,271,296,326,455;762,1,146;75,3,455,489,524;78,1,75;477,2,46,113;82,2,83,177;83,1,52;804,1,126;728,2,13,27;409,1,127;88,1,66;93,3,9,26,62;639,5,105,222,289,344,413;97,3,59,264,270;257,1,51;101,2,89,246;491,1,72;345,1,97;846,1,115;497,1,110;769,1,279;115,5,57,78,110,174,185;116,1,77;689,3,36,119,133;120,2,133,337;577,3,55,79,83;121,1,285;902,1,21;851,1,50;827,1,116;652,4,20,41,70,248;263,2,64,173;131,1,281;136,1,113;828,2,60,97;140,1,123;584,1,177;515,1,69;144,1,204;145,1,101;146,4,10,21,107,143;424,3,11,23,31;773,6,9,19,31,78,100,114;147,2,11,23;353,1,50;148,2,44,252;153,2,84,144;664,2,62,94;154,1,149;274,1,65;276,1,79;277,6,112,131,168,229,235,259;156,2,48,262;157,1,97;281,1,84;861,3,11,23,57;282,1,92;374,1,87;375,1,159;284,1,179;526,2,183,524;287,1,99;290,1,68;291,1,97;175,1,86;532,2,76,118;596,2,120,173;434,1,43;538,1,101;824,1,98;212,2,79,182;602,1,174;214,3,60,91,103;215,2,64,92;303,1,96;304,2,86,140;305,1,75;604,1,28;543,2,15,37;306,3,100,133,204;307,2,112,194;219,1,191;221,1,143
228,357,743:788,3,84,190,227;222,1,84;223,4,15,32,67,342;439,1,36;319,2,93,343;923,1,14;750,1,98;924,1,108;440,1,270;6,1,321;8,1,74;309,1,170;605,2,110,168;10,1,24;696,2,39,109;225,2,53,100;442,1,44;617,1,125;443,1,86;226,5,77,82,134,136,151;14,7,31,35,40,110,123,130,212;618,4,75,109,143,233;394,3,48,93,99;227,3,90,211,234;619,2,136,193;15,2,15,37;698,2,124,240;321,1,48;752,1,69;753,3,31,82,85;16,1,108;17,7,56,62,94,124,164,168,204;228,1,348;322,3,108,111,179;19,1,101;229,4,52,116,144,165;230,4,155,205,213,256;793,1,110;396,1,138;20,1,81;755,2,59,67;232,2,322,339;832,1,83;549,1,413;448,3,77,125,156;622,1,209;22,2,240,246;834,2,205,231;25,2,80,133;451,1,83;452,1,80;699,1,87;27,2,96,249;453,2,24,83;454,2,143,209;235,1,70;236,1,80;457,2,89,117;553,1,25;687,1,123;325,1,132;326,1,164;458,3,5,20,158;554,2,71,81;397,1,98;398,1,153;238,3,131,244,324;34,1,137;36,3,77,113,227;239,7,11,40,80,116,248,303,311;462,1,25;758,3,10,21,37;38,4,81,96,213,215;928,3,63,81,112;40,2,83,86;399,3,164,166,301;42,2,167,281;43,3,81,186,188;44,8,94,97,107,167,190,195,232,348;400,1,405;464,1,91;47,9,14,36,68,120,128,163,209,278,284;240,1,156;327,5,72,109,158,239,256;328,1,92;49,1,41;329,2,49,126;241,4,66,77,235,285;50,1,225;836,1,105;52,2,146,281;242,2,174,243;727,2,114,163;56,2,124,308;331,1,44;57,1,39;244,2,96,116;560,1,141;59,2,130,329;245,1,37;311,1,390;630,1,95;930,1,70;63,1,34;467,1,101;632,2,236,269;468,1,128;761,1,104;403,8,157,216,344,365,408,420,434,451;68,2,148,153;71,2,51,263;315,1,61;801,1,55;564,1,127;471,1,50;73,2,129,136;472,1,94;74,1,57;704,1,55;635,1,111;251,1,69;932,1,102;473,4,79,104,130,327;933,1,48;607,1,246;762,4,88,145,147,275;75,3,456,490,525;76,1,38;636,1,64;935,1,72;78,2,6,14;688,1,62;252,2,216,239;477,3,41,47,114;81,1,116;82,4,78,84,178,183;83,1,53;566,1,211;407,3,86,93,128;84,1,38;85,1,37;728,2,14,28;86,2,155,203;87,1,160;409,1,128;88,3,14,31,60;742,1,265;480,2,53,79;806,1,65;897,1,56;485,1,100;342,1,159;982,1,71;93,2,52,63;808,2,165,175;343,1,49;639,6,86,96,106,223,414,437;96,2,76,170;766,1,74;97,5,14,31,52,265,271;98,1,148;967,1,48;490,2,69,167;256,2,319,348;257,1,46;100,2,30,124;609,1,112;101,2,90,247;491,1,73;492,1,57;730,2,116,149;412,1,60;610,1,49;106,1,53;493,5,92,155,177,220,245;107,3,80,124,127;746,2,69,91;643,3,23,48,70;644,2,51,67;260,3,42,71,93;345,2,96,98;846,2,111,116;497,1,111;884,1,75;115,3,111,128,143;116,2,65,78;117,2,120,135;416,2,66,93;499,1,62;689,7,33,37,68,74,134,150,160;120,3,126,134,338;577,3,56,80,84;578,2,34,57;121,2,286,304;902,1,22;122,1,165;579,1,20;347,1,103;501,3,16,35,54;851,1,51;827,1,117;813,1,88;418,1,89;651,1,56;652,4,14,35,71,249;732,4,112,121,138,221;263,3,55,171,174;129,5,9,28,61,137,171;130,1,142;691,2,61,101;264,6,13,27,56,76,205,211;653,1,108;504,1,48;904,1,32;506,2,8,16;508,1,94;350,1,140;656,5,70,82,96,112,119;510,1,57;135,1,107;511,2,30,50;136,1,114;657,1,88;420,1,82;512,1,287;658,1,73;828,2,7,15;138,3,19,41,59;140,4,13,34,61,124;584,1,178;143,3,36,95,129;514,1,49;515,1,104;585,1,74;144,4,94,167,205,356;146,1,108;424,3,12,24,32;773,6,10,20,32,79,101,115;962,1,56;147,2,12,24;680,1,25;354,1,99;148,1,253;355,1,83;356,1,134;358,1,111;360,2,220,260;993,1,39;151,1,308;517,4,10,26,114,143;663,4,6,12,33,90;153,11,23,49,79,85,141,145,153,166,203,221,281;664,5,14,31,56,63,95;271,3,24,50,60;272,3,23,48,58;154,4,20,42,86,150;273,3,26,54,64;274,6,29,59,66,106,122,129;586,2,74,89;518,3,24,49,150;155,1,196;364,2,127,142;276,2,80,126;277,8,113,132,169,230,236,242,252,260;156,1,263;157,4,21,51,69,98;365,2,104,114;972,1,141;519,1,297;858,2,204,211;718,1,136;523,1,39;165,1,164;590,1,166;280,2,75,164;281,4,76,85,142,192;167,3,5,34,76;720,1,83;591,3,72,98,106;816,1,57;282,2,79,93;372,1,149;667,1,181;736,2,126,180;171,1,204;374,3,46,88,92;375,4,160,164,269,309;284,2,130,180;285,1,186;526,2,447,525;595,2,157,224;527,2,106,146;172,1,109;528,1,77;174,5,97,169,207,221,260;529,1,60;287,4,24,51,93,100;288,3,30,63,113;289,1,229;290,4,13,33,60,69;531,2,148,201;291,4,93,151,186,241;175,7,6,20,32,46,54,81,87;178,1,23;179,1,250;863,1,178;912,1,82;866,1,148;185,3,85,108,161;186,1,59;187,1,31;189,1,84;295,1,64;378,2,18,37;532,1,88;192,2,80,93;670,1,135;596,2,121,174;533,1,68;819,1,35;195,2,31,42;431,1,68;872,2,179,268;821,1,142;873,2,94,104;382,1,137;433,1,194;615,1,38;991,2,24,79;384,1,180;537,1,92;202,1,167;597,2,117,131;883,1,220;207,4,22,47,248,271;538,6,16,36,94,102,228,251;946,3,14,31,54;824,2,86,99;212,2,175,183;602,4,103,169,175,244;214,3,61,92,104;215,1,65;303,6,26,53,91,97,130,141;304,4,122,141,145,155;305,4,18,39,63,76;748,1,68;683,1,85;543,2,16,38;786,1,67;616,1,112;390,2,109,187;306,3,49,134,205;307,3,105,156,195;219,11,69,157,173,192,205,229,246,255,275,281,300;220,3,72,161,165;787,1,82;546,1,128
229,63,78:788,1,85;605,1,80;224,1,228;443,2,143,164;229,1,58;834,1,324;554,1,169;46,1,182;327,2,210,215;52,1,309;242,1,33;59,1,277;800,1,52;69,1,194;71,1,121;704,1,180;475,1,132;607,2,191,237;78,1,70;82,1,102;83,1,96;88,1,68;487,1,95;97,2,61,272;809,1,81;256,1,323;975,2,56,62;494,1,231;117,1,170;689,2,126,139;120,1,143;827,4,59,77,96,177;130,1,180;504,1,244;656,1,123;733,1,227;140,1,125;266,1,115;353,1,44;154,1,151;274,1,67;158,2,67,81;519,1,98;524,1,172;736,2,85,234;594,1,159;668,2,38,220;316,1,75;375,1,63;285,2,101,125;287,1,101;288,1,115;889,1,166;192,1,119;195,1,69;202,1,127;824,1,40;212,1,55;303,1,98;305,1,77;604,1,184;545,1,155;218,3,112,175,191
230,14,17:788,1,86;239,1,68;758,1,166;928,1,24;47,1,270;727,1,45;67,1,176;97,2,62,273;491,1,51;120,1,144;129,1,55;584,1,34;153,3,17,43,73;305,1,125
231,136,189:788,1,91;789,1,63;923,1,40;6,1,338;441,1,99;605,1,114;11,1,181;443,1,161;698,2,133,186;444,1,149;792,1,139;228,2,63,339;547,2,320,344;230,1,66;20,1,88;548,1,103;549,1,232;324,3,45,74,129;436,1,40;834,2,323,342;236,1,43;700,1,283;624,1,84;457,2,77,111;701,1,143;459,1,254;238,2,119,185;35,1,133;759,1,27;463,1,23;400,2,376,411;240,6,8,22,49,163,238,285;48,2,261,301;242,3,201,204,216;727,1,75;56,2,61,103;59,1,140;702,1,168;334,2,128,143;247,2,142,218;402,1,156;65,1,42;403,1,93;68,2,11,26;404,1,53;71,1,155;72,1,21;469,1,67;473,1,278;607,1,156;77,1,75;78,1,49;779,1,244;80,1,378;81,1,58;83,1,60;84,1,141;637,1,21;742,2,73,276;937,1,59;482,2,184,187;807,1,27;487,1,77;808,1,193;639,1,35;766,1,44;98,1,46;490,2,20,41;845,1,60;675,1,329;571,1,221;107,2,82,128;260,1,85;706,1,31;345,2,119,213;499,2,19,39;611,2,83,125;262,1,113;576,3,41,93,145;970,1,65;827,1,43;130,1,174;131,1,288;505,1,118;906,1,55;613,2,13,32;656,1,130;657,2,63,90;854,3,19,38,55;733,2,167,187;138,1,80;714,4,11,22,28,71;715,1,94;585,1,100;773,1,111;354,2,14,29;273,1,261;274,1,115;155,2,255,287;364,1,129;277,1,62;519,1,273;920,1,76;367,1,153;280,2,27,55;281,1,88;167,1,84;816,1,29;282,1,120;525,1,58;374,1,76;375,3,76,131,167;285,2,86,123;172,1,128;528,2,17,42;290,1,72;292,1,69;863,1,126;187,2,9,19;188,2,13,41;189,1,92;378,2,11,30;872,1,53;197,1,153;433,3,167,170,186;536,1,156;383,1,174;384,4,201,226,245,270;299,1,144;883,1,102;207,1,91;946,1,64;824,1,29;300,1,90;214,1,106;604,1,333
232,98,273:788,2,96,165;223,4,124,209,289,315;776,4,5,12,20,87;4,2,100,121;225,1,123;792,5,45,142,159,187,266;18,1,38;322,1,117;230,1,163;232,3,149,160,200;448,3,15,31,55;21,4,32,71,106,276;450,4,5,11,31,102;25,4,2,5,12,43;26,1,135;454,4,8,25,42,230;700,5,238,251,299,331,357;237,3,42,150,201;28,1,36;29,3,4,15,29;30,2,73,83;794,1,43;554,5,30,58,141,172,229;31,3,7,21,52;238,3,35,106,260;34,1,225;36,1,121;239,1,136;758,1,143;40,1,74;42,2,138,230;44,3,128,152,185;51,1,58;465,2,23,132;929,1,58;245,3,7,20,29;930,1,52;799,3,6,19,75;62,3,14,30,51;63,6,19,28,56,69,80,187;950,2,27,53;467,2,95,114;65,3,8,18,24;741,3,5,15,28;71,6,7,23,36,146,159,250;473,7,53,65,96,113,140,174,468;636,1,57;895,1,84;935,1,43;79,2,11,27;477,4,6,16,21,92;80,6,44,171,219,222,297,325;82,4,3,14,67,141;764,5,1,7,21,32,57;765,3,9,20,68;937,1,90;89,4,2,10,108,131;805,1,80;482,1,233;90,2,9,20;960,3,4,10,19;488,2,101,159;91,1,91;93,4,1,18,44,148;94,3,5,12,23;497,4,6,17,34,78;120,7,4,20,41,201,283,310,365;575,3,10,22,80;121,3,27,111,228;500,3,6,15,38;501,1,125;126,3,73,131,188;851,2,24,53;827,3,55,87,156;127,6,4,18,31,59,94,116;128,4,8,18,35,141;652,2,144,260;511,1,126;136,2,45,126;734,1,138;584,3,9,23,69;267,3,44,136,190;353,1,82;519,1,259;526,8,219,257,378,409,466,479,541,656;532,6,6,14,26,34,51,79;670,1,49;739,2,59,146;775,3,3,9,26;212,3,43,104,119;302,5,4,9,58,73,78;213,1,22;305,2,91,162;748,1,74;216,2,62,93;604,7,1,14,67,144,190,277,321;306,1,213;219,6,62,90,148,186,199,237
233,48,77:788,1,98;6,1,291;11,1,103;753,2,15,106;395,1,29;436,1,90;24,1,60;926,1,161;726,1,27;239,1,135;465,2,3,12;246,1,155;249,2,43,89;468,1,71;73,2,238,262;802,1,133;339,1,143;77,1,209;780,5,4,15,58,76,126;488,1,118;410,1,68;638,1,66;343,2,16,33;96,5,4,21,39,104,110;256,1,134;497,1,40;115,2,6,16;415,3,6,22,43;574,1,101;130,3,75,127,176;677,2,207,211;140,3,3,24,51;516,2,159,174;145,1,72;358,1,50;154,3,3,25,66;520,2,50,173;522,1,113;588,1,20;280,1,132;524,1,155;374,1,139;285,1,316;526,1,462;295,1,147;961,2,70,134;199,1,36;303,4,2,29,60,164
234,4,4:788,1,104;474,1,116;691,1,96;989,1,91
235,6,7:788,1,108;222,1,170;789,1,51;242,1,76;67,1,271;786,2,109,271
236,3,4:788,2,110,154;789,1,135;351,1,88
237,16,36:788,2,111,155;55,2,184,187;332,1,148;58,1,118;633,1,122;338,4,38,86,117,179;313,2,99,208;343,2,190,199;256,7,94,119,232,236,321,352,397;257,3,224,244,254;134,2,117,189;148,2,224,231;374,1,154;382,1,55;317,2,69,102;203,3,203,294,302
238,37,66:788,1,112;26,2,64,70;234,1,115;326,1,56;44,8,8,21,36,68,205,224,287,300;241,1,252;52,1,110;332,1,147;58,1,117;68,1,191;338,7,6,22,37,116,139,149,158;339,4,60,84,96,156;608,1,225;91,1,58;95,1,164;256,3,86,105,364;675,1,244;577,1,116;350,1,195;138,1,75;265,3,108,137,223;270,4,6,21,55,330;354,1,91;148,2,76,209;151,1,79;517,1,93;155,1,84;280,1,339;169,1,48;316,1,153;526,4,360,519,576,593;193,1,79;739,1,92;821,1,72;317,2,131,168;202,1,83;825,1,181
239,13,28:788,1,114;222,3,61,100,113;223,1,270;605,1,85;696,1,125;448,8,98,109,129,176,186,205,223,232;699,2,179,232;237,3,73,98,177;238,3,57,146,391;82,1,33;93,1,79;97,1,140;911,2,66,70
240,1,1:788,1,115
241,4,4:788,1,117;685,1,148;69,1,179;495,1,182
242,9,9:788,1,120;700,1,62;554,1,41;64,1,260;480,1,233;417,1,134;771,1,166;286,1,124;288,1,91
243,110,202:788,2,121,149;789,3,3,13,29;6,3,45,74,245;441,1,147;309,1,189;392,1,46;321,1,139;791,6,18,36,42,68,91,126;753,1,124;444,1,27;548,1,211;755,1,114;232,4,10,20,74,265;832,1,43;756,1,60;623,1,77;24,5,45,63,79,112,141;551,5,11,22,41,50,202;235,1,37;236,3,40,150,242;624,1,103;397,2,210,232;41,2,71,186;463,1,117;45,1,67;400,2,108,330;48,1,44;836,4,17,34,49,92;330,1,32;244,1,32;332,1,220;58,1,168;798,1,25;61,1,99;247,1,117;631,1,174;64,1,231;632,1,156;468,8,21,42,72,80,96,137,151,212;760,1,83;761,6,26,52,76,82,114,141;402,7,18,36,89,100,126,192,206;66,1,26;633,1,110;315,2,42,128;931,3,16,32,60;801,1,33;933,1,119;475,1,23;79,2,40,42;252,2,31,68;87,2,138,181;409,1,84;742,1,63;342,1,125;996,1,69;966,1,55;842,1,80;410,3,15,30,61;982,3,15,30,45;95,3,7,23,43;915,1,99;256,1,61;640,1,45;570,2,13,28;492,1,50;845,1,75;412,1,221;571,1,165;105,1,81;413,1,90;846,1,34;969,1,13;770,1,46;346,1,21;649,1,47;417,2,57,133;650,1,104;121,3,46,135,179;122,2,39,51;747,1,168;731,1,71;128,2,117,121;654,4,78,84,92,132;655,1,106;906,1,113;351,1,108;656,2,65,141;511,3,54,90,141;512,3,123,176,273;421,2,138,178;143,2,30,198;814,4,25,42,70,117;715,1,67;772,1,82;990,1,100;519,8,3,11,24,59,167,187,222,366;521,1,112;161,1,38;523,1,25;614,3,30,69,92;287,2,111,208;670,1,122;194,1,97;297,1,85;200,4,6,17,89,109;384,1,97;204,2,377,398;538,1,281;541,1,203
244,34,35:788,1,126;751,1,165;15,1,155;444,1,88;17,1,48;446,1,70;793,1,86;29,1,351;554,1,86;555,1,108;32,1,149;459,1,366;238,1,366;40,1,113;400,1,412;52,1,284;59,1,318;250,1,132;634,1,124;470,1,19;423,1,312;516,1,70;424,1,235;518,1,232;589,2,167,185;375,1,302;530,1,170;291,1,145;176,1,18;294,1,63;384,1,228;299,1,259;748,1,60;218,1,275
245,26,27:788,1,127;979,1,88;547,1,56;834,1,133;459,1,334;461,1,139;42,1,154;46,1,31;469,1,249;808,1,130;847,2,82,121;128,1,240;504,1,260;886,1,40;771,1,119;692,1,115;421,1,179;141,1,190;152,1,258;972,1,124;590,1,79;280,1,152;719,1,88;291,1,114;865,1,35;297,1,47
246,6,6:788,1,128;64,1,247;105,1,87;575,1,70;121,1,148;594,1,38
247,2,2:788,1,129;143,1,180
248,2,2:788,1,131;48,1,15
249,51,66:788,1,133;605,1,166;617,1,121;14,3,116,121,127;445,3,128,157,178;446,1,98;547,1,200;449,1,178;686,1,68;454,1,186;239,1,199;727,1,109;60,1,106;467,1,84;760,1,80;403,1,217;674,1,77;68,1,122;312,1,55;762,2,173,197;688,2,80,85;81,1,39;490,1,165;103,1,96;115,1,122;900,1,46;502,1,98;651,2,142,194;652,1,85;511,1,48;140,1,151;265,1,157;584,2,170,215;151,4,159,195,218,306;156,1,261;161,1,145;162,1,304;523,1,37;168,1,107;595,1,220;527,1,103;887,2,27,59;185,3,116,135,160;187,2,155,169;188,1,85;295,1,145;597,1,125;207,1,267;946,1,129;305,1,153;308,1,113
250,23,57:788,2,135,213;222,1,96;696,1,122;447,2,78,90;448,4,94,172,212,238;41,1,168;556,1,168;803,2,117,157;932,8,8,31,58,98,107,115,128,192;850,9,16,35,80,91,246,251,291,317,321;711,4,9,21,65,115;712,1,98;692,1,91;856,6,2,14,45,95,168,180;677,1,138;277,4,3,14,117,125;595,2,124,178;179,1,195;863,1,56;200,2,101,122;299,1,212;216,1,102;219,1,216
251,27,32:788,1,136;309,1,174;605,1,151;791,3,71,129,137;792,1,171;755,1,74;454,1,111;236,1,211;777,1,160;39,1,43;42,2,118,207;467,1,160;315,1,94;343,1,156;95,1,98;256,1,228;102,2,95,184;259,1,108;810,1,88;117,1,133;971,1,45;712,1,52;523,1,106;526,1,601;785,1,43;786,2,92,211;219,1,137
252,77,94:788,1,142;441,1,176;605,1,155;11,2,212,250;225,1,55;753,1,18;16,1,111;232,1,429;834,2,67,132;686,1,80;234,1,30;626,1,153;757,1,52;238,2,187,201;463,1,25;48,2,207,275;50,2,94,126;727,1,180;59,1,207;334,1,96;561,1,154;247,2,67,70;402,1,212;403,1,336;68,2,14,29;404,1,146;81,1,83;83,1,63;840,1,48;742,1,214;482,1,60;639,1,42;98,1,76;967,1,67;491,1,76;493,1,57;260,1,87;345,1,176;847,1,119;995,1,69;120,1,242;121,2,155,292;850,1,335;130,1,205;505,1,135;510,1,47;733,1,165;138,1,81;151,1,130;273,2,176,291;274,1,148;586,1,76;362,1,78;155,1,295;277,1,72;158,1,240;162,1,59;920,1,101;590,1,36;167,2,7,36;592,1,135;282,1,116;525,2,114,141;374,1,96;375,1,172;175,2,8,34;863,1,195;187,1,127;188,2,16,44;189,2,6,36;295,2,19,39;998,1,27;883,1,145;946,2,16,33;602,1,211;545,1,138;546,2,20,44
253,3,4:788,2,145,179;623,1,75;29,1,270
254,28,44:788,1,151;224,1,200;754,1,42;755,1,116;35,1,41;758,1,68;629,3,3,13,124;631,3,34,84,166;62,1,115;760,1,84;81,1,123;257,1,251;969,1,86;690,1,81;134,1,182;351,2,117,168;659,4,3,15,31,61;814,1,112;693,1,53;166,2,120,158;526,2,188,487;377,1,30;289,1,66;177,4,4,15,26,78;889,1,49;380,1,76;203,4,239,254,297,331;205,1,27
255,19,23:788,1,157;549,1,83;32,1,89;36,1,171;52,1,360;416,2,97,110;850,2,282,307;125,1,165;731,2,112,142;582,1,62;516,1,127;773,1,47;353,1,108;277,1,223;156,1,188;990,1,106;526,1,115;821,1,56;220,2,36,61
256,1,1:788,1,158
257,7,11:788,1,161;237,2,105,167;63,1,195;90,4,2,13,24,67;500,1,126;128,1,207;584,1,185
258,1,1:788,1,164
259,46,59:788,1,167;11,1,240;547,2,254,322;229,1,84;230,2,50,52;232,1,60;834,1,131;757,1,53;238,1,346;41,1,122;463,1,64;327,1,214;727,2,82,199;334,1,131;402,1,219;313,1,133;404,4,14,28,54,109;932,1,184;78,2,7,15;477,1,50;482,1,138;96,1,136;98,1,81;967,4,8,31,60,64;102,1,93;847,1,89;652,2,16,37;129,1,192;130,1,233;131,1,344;273,1,377;274,1,140;362,1,66;155,1,208;592,1,147;282,1,115;528,2,18,43;288,2,103,105;863,1,196;533,1,130;998,1,29;883,1,163;212,1,84;683,1,111;604,1,223;219,1,248
260,20,30:788,1,168;11,1,125;230,4,15,36,95,294;236,1,254;397,1,303;241,2,174,196;727,3,34,149,204;337,1,47;350,1,133;134,3,4,22,54;519,1,480;167,1,121;316,1,278;887,1,60;179,1,33;976,3,13,27,76;189,1,135;197,1,161;539,1,61;603,1,94
261,19,20:788,1,174;392,1,40;231,1,262;29,1,213;327,2,100,112;799,1,42;338,1,126;263,1,180;508,1,78;134,1,71;656,1,107;353,1,111;273,1,379;274,1,240;519,1,449;280,1,122;526,1,527;174,1,273;183,1,87
262,52,71:788,1,176;3,1,77;605,1,146;11,1,224;617,1,58;619,1,130;321,1,67;232,1,147;436,1,47;236,1,237;777,1,39;726,1,143;239,3,18,47,85;37,3,40,107,115;242,3,63,84,92;632,1,261;338,2,91,98;471,1,32;636,1,45;808,1,163;730,1,80;105,2,72,135;109,1,83;573,1,105;984,1,45;263,1,182;612,1,46;505,1,99;143,1,154;144,1,57;664,2,96,104;716,5,12,19,38,45,66;521,1,91;693,1,80;176,2,27,190;862,2,163,176;181,2,56,73;952,1,37;943,1,76;976,1,92;821,1,93;536,1,78;615,1,48;945,1,57;299,2,119,227;883,1,126;823,2,11,32;543,1,77;545,1,62;306,2,72,248;219,1,297;220,1,81
263,52,81:788,1,178;684,1,31;745,1,114;226,1,111;232,1,420;448,1,144;701,1,101;398,1,164;34,3,85,116,134;35,2,83,148;46,1,114;240,1,225;629,1,89;466,1,42;250,1,138;893,1,36;478,4,186,326,332,337;569,2,41,46;898,1,50;489,1,121;101,1,269;850,1,320;418,1,133;781,1,86;612,1,66;133,1,39;814,1,61;361,1,88;158,4,58,223,242,301;990,1,72;978,1,99;163,1,116;166,2,57,161;862,2,187,222;958,2,127,150;178,1,88;180,1,169;910,1,19;821,1,210;874,2,26,50;204,5,72,136,182,200,223;598,1,75;671,6,7,15,33,72,108,153;823,1,132;824,1,24;208,1,76;209,1,27;301,4,8,17,29,47;213,1,37;604,1,150;541,4,36,57,80,102;546,1,213
264,2,2:788,1,180;223,1,120
265,57,77:788,1,186;223,6,47,56,58,116,156,344;744,1,33;443,2,142,156;15,2,7,29;753,1,54;834,1,136;450,1,109;463,1,90;47,1,260;727,1,84;56,1,79;59,1,205;634,1,263;404,1,88;932,3,23,46,139;607,1,236;78,1,22;688,1,64;83,1,95;84,1,104;88,2,16,33;742,1,216;89,1,114;488,1,141;96,1,80;97,2,16,33;98,1,96;490,2,21,42;491,1,48;106,1,81;260,1,89;769,1,294;130,3,115,118,242;581,1,211;856,1,150;148,3,7,24,58;356,1,218;150,1,28;517,1,76;162,1,61;592,2,66,148;316,1,74;374,1,65;375,1,59;284,1,83;976,1,134;189,1,96;536,1,147;200,1,120;204,1,293;883,1,210;946,1,68;604,1,33;545,1,139;221,4,22,23,51,52;546,1,45
266,14,20:788,1,192;685,1,48;794,3,126,138,142;554,1,186;556,1,134;607,1,64;675,1,38;642,2,194,219;714,1,77;589,3,78,141,228;908,2,120,127;816,1,67;862,1,180;602,1,107
267,16,22:788,1,194;685,1,50;457,1,58;794,1,128;556,1,154;437,1,185;800,1,139;314,1,233;977,1,59;675,1,40;571,1,72;420,3,14,30,56;589,4,87,143,236,246;908,2,122,129;594,1,93;599,1,14
268,6,6:788,1,199;696,1,114;799,1,155;571,1,74;651,1,224;594,1,96
269,29,41:788,1,203;7,1,170;618,1,116;752,1,208;753,1,127;228,1,285;622,2,67,177;235,2,111,131;552,4,100,172,195,210;926,1,102;29,1,266;625,1,62;45,2,100,114;799,2,30,61;467,1,154;403,1,165;838,1,45;472,2,67,163;75,2,218,263;77,1,129;408,1,116;571,3,44,69,192;494,1,57;131,1,86;583,1,117;148,1,92;537,1,63;604,2,46,116;672,1,58
270,16,20:788,1,210;830,1,137;696,1,126;619,1,134;954,1,36;964,1,80;801,3,107,119,126;564,1,85;102,1,99;675,1,35;135,1,144;352,2,57,59;829,1,147;682,2,33,43;386,1,69;602,1,92
271,25,27:788,1,217;17,2,67,99;395,1,55;448,1,200;469,1,259;339,1,50;974,1,167;767,1,77;100,1,120;495,1,60;345,1,90;418,1,147;504,1,250;972,1,79;163,1,76;526,1,481;862,1,114;179,1,279;865,1,91;189,2,177,206;535,1,43;382,1,38;389,1,41;207,1,187;672,1,122
272,21,26:788,1,222;618,1,84;928,1,82;557,1,108;727,1,262;799,2,40,64;468,1,102;674,1,126;933,1,45;894,1,55;607,1,247;407,1,104;478,1,178;108,1,62;576,1,113;850,4,66,89,112,133;985,1,47;580,1,85;856,1,43;978,2,71,85;724,1,250
273,13,13:788,1,231;618,1,219;755,1,62;928,1,86;468,1,106;579,1,159;962,1,51;364,1,225;591,1,67;385,1,111;598,1,104;599,1,43;600,1,154
274,48,70:788,1,232;792,1,181;19,1,51;447,2,98,111;436,5,5,11,28,73,183;236,1,217;554,1,166;555,1,74;626,2,68,219;397,3,9,20,44;928,1,87;399,1,192;557,1,54;629,4,48,81,161,178;950,1,66;469,1,99;607,3,11,30,57;898,1,82;571,1,88;260,3,105,126,175;497,1,68;573,1,66;579,1,160;905,3,9,25,49;710,1,35;713,1,48;677,3,82,213,221;512,1,158;352,1,56;140,1,134;679,1,28;267,1,161;269,3,10,23,45;962,1,52;270,1,301;519,1,204;521,1,79;522,1,48;161,1,134;978,1,88;591,1,68;816,1,51;376,1,44;181,1,35;190,1,39;192,1,128;385,1,112;541,2,142,147
275,2,2:788,1,233;296,1,23
276,70,118:788,1,235;223,5,117,147,221,300,347;224,1,236;231,1,108;756,2,95,135;685,1,57;454,1,77;794,4,79,88,116,131;835,1,39;555,2,44,77;626,1,32;956,1,41;44,2,111,118;556,2,50,54;47,6,137,141,145,149,166,170;629,4,69,86,92,109;702,1,64;799,1,188;800,1,152;803,1,80;251,2,72,76;473,1,279;477,1,51;89,3,35,75,116;808,3,161,184,192;97,2,276,280;967,3,14,37,66;675,1,50;642,1,204;495,1,56;689,2,124,137;707,1,58;120,2,137,141;576,2,115,126;121,1,293;349,1,61;131,2,230,285;613,2,3,22;771,2,4,20;656,3,4,26,56;733,1,132;584,2,84,88;715,1,235;359,1,98;664,2,77,81;829,1,140;154,1,156;274,1,71;276,2,94,98;157,1,104;281,2,89,93;861,2,63,67;374,1,97;375,1,173;376,2,7,22;285,1,52;287,1,105;290,2,73,77;291,2,101,105;175,1,90;295,2,116,249;532,2,121,125;998,1,28;946,3,7,24,48;212,1,85;213,1,89;303,1,102;305,1,82;604,1,34;306,2,104,108
277,109,195:222,2,1,17;223,4,6,23,91,262;8,1,97;10,1,43;225,1,89;14,2,58,66;15,2,2,24;18,1,28;322,2,84,146;23,1,132;454,5,1,18,35,59,163;236,2,33,53;237,2,10,23;457,1,17;29,1,325;673,3,48,53,55;835,1,153;238,2,3,9;34,1,214;36,1,131;462,1,62;38,2,230,272;42,1,68;43,2,198,239;44,2,27,120;45,1,215;464,3,98,103,114;327,3,23,194,222;48,1,224;51,1,97;727,1,71;54,2,87,98;55,1,91;310,1,119;311,1,452;247,1,177;65,1,33;403,1,100;71,1,282;339,1,173;76,1,76;636,1,100;477,1,27;80,1,322;82,6,1,12,24,49,111,189;83,2,3,9;84,3,6,21,100;409,1,121;89,1,154;90,1,70;93,2,42,71;490,3,3,24,112;257,1,184;975,2,5,14;116,2,2,12;261,3,2,16,30;499,3,3,23,68;121,1,39;501,3,1,20,45;127,3,2,16,108;128,1,29;507,3,6,15,69;133,1,70;508,3,1,16,54;613,1,122;510,3,2,16,30;511,2,15,70;734,2,141,167;513,1,57;140,2,73,101;423,1,172;584,1,234;661,1,54;144,2,143,294;773,4,1,11,21,50;353,3,5,18,32;148,1,203;149,1,70;150,1,22;154,1,89;586,1,49;519,1,342;522,2,56,63;160,1,66;367,1,30;369,2,3,33;524,2,128,234;861,3,2,14,29;373,4,1,22,43,77;375,2,104,240;528,2,2,27;174,3,2,21,64;529,3,2,24,49;287,5,15,42,73,107,142;288,3,17,50,86;291,2,23,50;186,1,42;193,1,232;535,3,2,17,50;536,1,114;298,1,50;199,1,75;204,1,198;538,2,84,189;212,1,70;302,2,62,92;303,1,55;604,1,207;546,2,3,27
278,15,41:222,1,43;794,1,110;32,1,239;562,1,35;409,1,28;89,1,67;769,3,213,216,271;498,1,102;850,13,81,88,111,186,198,215,234,243,274,286,304,311,324;135,1,133;711,3,122,126,142;856,7,50,55,87,131,164,171,195;162,1,99;289,1,223;179,5,199,233,263,290,304
279,7,8:222,1,44;162,1,98;372,1,75;188,1,118;961,1,100;602,1,86;604,2,331,371
280,2,2:222,1,45;21,1,248
281,54,58:222,1,51;3,1,65;319,1,220;4,1,80;5,1,42;8,1,41;751,1,69;16,1,128;448,2,68,250;699,1,48;453,1,177;454,1,158;826,1,96;398,1,245;928,1,102;399,1,130;46,2,142,163;48,1,222;61,1,53;930,1,29;64,1,373;249,1,32;67,1,283;741,1,70;634,1,253;474,1,222;75,1,619;76,1,87;842,1,70;96,1,137;256,1,306;101,2,70,240;494,1,138;120,1,74;747,1,173;123,1,106;125,1,150;853,1,36;711,1,104;856,1,227;423,1,127;267,1,198;518,1,200;277,1,208;160,1,64;165,2,215,245;316,1,246;526,1,532;288,1,146;530,1,64;180,1,103;533,1,96;194,1,63;822,1,31
282,146,227:222,2,52,119;4,2,65,81;5,1,56;309,1,54;9,1,118;605,1,92;12,1,200;226,1,107;753,2,40,63;725,2,80,84;16,1,130;792,1,122;446,1,31;229,1,42;323,2,120,124;448,8,4,20,40,119,131,193,251,271;23,1,111;25,1,176;26,1,147;453,2,122,175;32,1,238;238,1,109;36,2,276,321;239,1,279;928,1,103;41,2,100,124;464,1,124;240,4,58,146,227,264;329,6,9,30,65,110,162,206;241,5,6,26,53,146,264;628,1,118;58,1,187;61,1,30;930,1,30;63,1,206;403,1,281;66,1,76;68,1,31;634,1,251;404,2,100,137;71,4,88,117,149,203;72,3,28,47,95;73,1,295;75,1,621;77,1,221;80,2,70,333;82,1,195;83,3,14,69,84;566,1,81;85,1,79;409,1,32;489,1,122;92,5,1,14,29,54,94;99,3,139,161,186;975,1,65;609,1,63;101,5,9,23,72,133,232;491,1,80;104,1,69;571,1,143;105,1,98;107,1,195;108,3,37,92,241;846,1,127;112,1,146;113,1,63;941,1,35;115,1,160;119,4,66,87,155,176;812,1,56;121,1,220;125,1,151;731,1,130;128,1,136;652,1,244;263,2,156,159;129,1,165;690,1,120;131,2,212,348;781,1,52;709,1,37;971,1,31;509,2,44,52;711,1,101;733,1,42;692,1,119;658,1,86;139,1,105;140,1,168;423,1,331;907,1,139;145,1,114;147,1,46;270,1,69;517,1,166;152,2,31,62;155,1,161;743,1,45;276,1,45;277,2,155,209;156,1,313;161,1,123;165,2,42,218;167,1,236;168,1,170;282,1,106;372,1,132;171,2,102,207;373,1,98;316,1,430;375,1,234;528,1,107;288,1,148;530,2,23,55;289,1,127;290,4,153,164,177,190;818,2,111,124;182,1,130;889,4,100,118,133,173;187,1,76;188,1,60;378,1,112;190,1,79;191,5,7,14,38,52,103;195,1,102;380,2,3,10;431,1,49;197,1,57;822,1,32;198,4,84,121,175,206;203,1,116;204,1,308;389,1,166;205,2,38,49;973,2,17,47;538,5,154,200,212,237,288;208,2,56,103;209,1,89;212,1,170;213,1,121;215,1,87;304,1,93;216,1,128;543,1,106;953,1,59;307,1,133
283,12,12:222,1,66;10,1,32;322,1,59;230,1,120;33,1,183;727,1,53;78,1,24;411,1,135;709,1,35;511,1,14;584,1,45;200,1,114
284,28,33:222,1,69;440,1,166;620,1,30;22,1,153;955,1,38;624,1,166;29,1,268;458,1,54;758,1,184;46,1,81;465,1,47;253,1,131;408,1,99;89,1,70;256,2,90,115;117,1,109;128,1,230;146,1,88;920,1,92;367,3,72,99,121;287,1,128;193,1,57;821,1,83;876,1,18;203,2,282,430;389,1,94;946,1,159;213,2,47,78
285,15,17:222,1,70;753,1,66;36,1,310;75,1,132;491,1,143;642,1,124;731,1,88;658,1,84;663,1,40;273,1,187;180,1,164;196,1,109;876,1,125;204,1,331;538,3,160,202,307
286,100,125:222,1,73;319,1,266;440,1,128;8,1,66;12,1,93;620,1,32;228,1,299;547,1,30;755,1,120;22,1,174;623,1,68;234,1,123;236,1,176;457,1,46;29,1,105;458,3,260,266,290;835,1,106;554,1,212;555,2,113,147;398,4,49,62,80,111;795,1,172;35,1,47;463,1,128;437,2,37,56;330,2,34,62;333,1,39;334,1,50;799,1,101;250,1,89;313,1,252;315,1,143;73,1,219;472,1,80;839,1,57;89,1,139;341,1,141;481,1,60;255,1,54;915,1,55;844,1,41;675,3,126,300,301;730,1,93;412,1,160;571,1,205;494,3,41,63,71;572,1,77;969,1,68;497,1,64;573,1,45;346,2,23,52;649,1,178;850,2,150,179;813,1,67;128,1,148;131,1,354;655,1,116;612,1,71;350,4,71,89,220,275;134,1,100;580,1,104;581,2,110,123;854,1,97;711,1,83;712,2,71,81;582,1,28;715,1,275;144,1,279;772,1,55;146,1,56;148,1,185;360,3,121,223,262;519,1,513;588,1,90;858,1,78;717,1,139;978,1,37;815,1,63;168,1,128;591,1,64;816,2,54,95;525,3,72,98,119;736,1,123;594,1,108;179,2,216,252;866,1,87;943,1,113;190,1,42;191,1,112;192,1,129;431,1,43;872,1,118;961,1,38;381,1,77;388,1,130;389,1,100;598,1,132;775,1,45;973,1,50;300,1,94;602,1,171
287,2,2:222,1,76;448,1,111
288,41,54:222,1,77;439,1,31;776,1,51;831,3,56,66,89;696,2,2,16;394,1,125;752,1,75;547,1,204;448,1,112;622,1,163;834,1,160;25,1,124;29,3,83,111,127;799,1,193;800,1,101;779,1,159;638,1,87;899,1,50;104,1,56;768,1,27;122,1,87;732,3,90,101,134;781,1,61;655,1,143;985,1,74;350,1,224;657,4,44,84,109,117;713,1,115;148,2,136,271;153,1,137;920,1,29;593,1,20;375,1,109;526,1,581;531,1,102;176,3,34,60,72;183,1,88;596,1,204;388,1,40;203,1,66;775,1,59
289,137,156:222,1,87;319,2,54,313;6,1,322;696,1,116;617,1,57;14,1,76;618,1,168;321,1,66;753,1,86;16,1,28;548,1,197;621,1,138;622,1,229;834,1,333;925,1,57;26,1,27;699,1,136;456,2,121,275;926,1,127;457,2,92,131;625,1,88;31,1,37;459,1,59;238,1,328;34,1,259;37,1,95;38,1,183;399,1,82;43,1,166;45,1,167;47,1,130;240,1,45;51,1,169;52,1,265;56,1,127;58,1,106;246,1,61;630,2,54,109;799,1,186;950,1,17;562,2,101,148;403,2,158,373;69,1,67;71,2,163,264;72,1,58;471,1,31;73,1,137;339,1,42;932,1,103;473,1,281;476,1,56;762,1,99;75,1,87;83,1,54;407,1,89;253,1,159;805,2,40,83;341,1,61;482,1,42;639,1,347;809,1,63;344,1,45;257,2,53,165;102,1,142;730,1,79;104,1,62;571,1,52;107,2,4,16;643,1,97;847,1,52;111,1,117;848,1,73;120,2,145,285;812,2,35,50;576,1,74;577,1,33;121,1,262;747,1,50;827,1,118;652,1,81;129,1,63;264,1,91;781,1,49;655,1,23;505,1,98;133,1,29;134,1,47;135,1,45;144,2,106,206;424,1,137;356,1,45;664,1,65;361,1,50;276,1,81;277,2,114,261;157,1,106;365,1,78;158,1,198;693,1,79;164,1,107;366,1,44;367,1,78;861,1,69;170,1,145;372,1,68;667,1,150;375,1,175;531,1,43;291,1,107;175,1,92;176,3,93,105,189;177,1,46;181,1,154;912,2,67,117;183,1,137;943,1,75;976,1,91;195,1,129;196,1,77;197,1,86;615,1,47;384,1,66;537,1,47;204,2,66,305;538,1,105;300,1,77;302,1,117;214,1,31;215,1,66;543,2,17,39;544,1,25;953,1,52;545,1,61;306,1,110;307,1,114;219,1,296;221,1,250
290,64,96:222,1,89;6,3,62,247,312;9,2,101,109;392,1,74;792,2,250,263;756,1,97;449,1,179;27,1,118;235,1,40;794,2,114,122;777,1,99;555,2,43,59;397,1,64;701,4,92,94,120,149;462,1,47;759,1,50;928,1,90;727,5,106,175,198,217,230;629,2,68,126;800,1,155;468,1,110;403,1,380;338,1,93;313,1,199;469,1,220;73,1,140;803,1,83;894,1,58;762,2,165,169;75,1,433;688,1,86;478,1,307;86,2,134,182;482,1,211;642,2,69,203;768,4,5,16,31,44;108,1,85;884,1,50;611,1,129;901,2,5,18;850,3,69,123,219;125,1,56;418,1,150;580,1,72;581,1,83;854,1,65;711,1,40;712,2,31,77;714,1,80;514,1,232;715,1,85;424,1,192;270,1,196;274,1,229;716,3,26,52,109;519,4,361,414,432,468;861,1,72;669,1,81;527,2,115,134;775,1,63;671,1,70;724,1,257;435,1,119;541,3,68,150,160
291,38,63:222,1,106;698,1,231;448,2,101,178;551,2,118,187;686,2,67,98;451,1,135;926,1,132;29,1,288;794,4,2,5,12,66;74,1,29;82,1,130;608,1,171;482,1,170;483,1,44;639,1,356;256,1,142;348,2,32,68;130,1,231;131,4,3,16,40,367;653,1,24;136,1,87;657,1,139;583,1,24;268,3,5,27,58;662,1,95;715,2,297,302;146,1,77;908,2,22,132;668,3,43,172,238;179,2,117,131;918,1,41;183,1,147;943,2,9,23;976,2,3,17;197,1,104;821,2,15,30;599,2,48,58;207,5,194,297,319,334,344
292,7,7:222,1,116;72,1,61;941,1,41;423,1,268;368,1,79;529,1,113;178,1,84
293,27,28:222,1,118;745,1,131;15,1,126;396,1,207;549,1,162;22,1,320;453,1,220;926,1,85;464,1,113;52,1,183;310,1,138;337,2,32,131;72,1,93;76,1,92;407,1,181;478,1,268;486,1,49;498,1,68;653,1,54;350,1,274;734,1,166;658,1,196;149,1,51;519,1,150;525,1,71;388,1,129;300,1,93
294,13,13:222,1,122;618,1,41;228,1,127;549,1,151;257,1,201;101,1,206;104,1,51;270,1,243;277,1,238;524,1,287;171,1,121;218,1,121;220,1,133
295,9,9:222,1,124;456,1,194;777,1,110;53,1,132;70,1,23;895,1,62;427,1,138;286,1,60;723,1,16
296,183,273:222,1,126;223,2,274,285;7,1,186;605,1,107;14,1,102;227,2,161,187;753,2,26,58;444,1,140;16,2,109,137;17,1,178;395,1,85;547,7,9,20,24,88,179,268,338;20,1,106;548,1,292;232,1,425;549,1,381;450,1,78;453,2,105,152;454,1,103;826,1,123;236,1,76;397,3,75,182,195;238,3,114,196,245;461,1,99;36,1,155;239,3,106,145,227;399,2,212,304;41,1,116;47,6,22,44,87,121,129,210;557,2,95,115;241,2,67,286;437,1,91;52,1,173;242,1,194;797,1,81;56,1,114;560,3,38,116,154;702,2,153,167;246,1,107;630,1,98;64,1,436;403,1,356;674,1,129;71,1,57;315,1,62;469,1,146;564,1,88;932,1,200;473,1,338;607,3,128,146,212;76,1,39;85,1,91;482,1,144;996,1,78;487,1,268;957,1,121;93,1,53;808,1,206;638,1,78;343,1,111;96,2,77,124;97,2,57,268;809,1,110;967,1,78;490,1,70;257,1,93;975,1,44;101,4,60,142,248,252;102,1,115;640,1,33;105,1,24;259,1,45;493,1,93;496,1,85;345,1,21;497,1,108;769,4,39,50,60,95;109,1,153;111,1,71;116,3,9,19,49;261,1,42;499,1,63;118,1,80;120,2,131,306;812,1,65;121,4,62,90,97,119;500,1,154;122,2,134,204;851,1,87;349,1,189;652,2,72,250;263,1,60;264,1,57;131,1,304;504,2,78,152;505,1,45;132,1,231;511,2,31,81;420,1,93;711,1,129;677,1,86;828,1,95;137,1,51;139,1,97;140,1,200;423,1,34;266,1,62;584,1,82;514,2,82,157;515,1,39;516,2,82,88;144,1,212;773,3,33,41,98;354,1,71;150,1,32;663,1,51;152,2,105,150;664,1,64;271,1,111;272,1,124;273,1,254;587,1,86;276,1,223;156,1,319;157,1,123;158,2,221,306;972,1,82;519,2,144,349;161,1,154;163,1,214;366,1,77;165,1,165;783,1,101;427,1,80;281,4,77,86,143,169;282,2,80,94;170,2,133,232;283,2,76,207;736,1,52;316,1,53;376,2,15,30;284,1,131;172,2,110,125;528,1,78;529,5,15,37,61,81,132;289,1,195;290,4,14,34,61,70;291,2,94,187;738,3,5,20,36;176,3,64,76,123;887,1,15;177,2,33,98;958,2,34,111;178,1,33;179,1,302;180,1,156;181,2,128,183;182,1,85;183,2,207,231;184,1,188;959,1,37;191,1,69;193,1,207;596,1,64;533,1,115;819,1,28;721,1,81;784,1,72;384,2,122,181;597,1,91;204,1,80;600,1,118;207,2,99,295;538,4,115,217,247,342;214,1,101;304,2,81,135;604,1,383;218,4,152,166,261,265;616,1,105;306,1,116;308,1,186;219,3,70,158,206;546,1,68
297,72,82:222,1,128;319,1,264;8,1,81;443,1,174;753,1,144;20,1,125;232,1,277;22,1,107;23,1,127;550,1,42;686,1,64;236,3,122,135,248;673,1,70;458,1,40;238,1,348;463,1,60;46,1,167;327,1,130;557,1,145;56,2,186,212;247,1,88;563,2,1,7;71,1,123;473,1,295;75,1,554;77,1,137;252,1,214;80,1,211;764,1,110;86,3,187,197,242;255,1,52;960,1,55;487,1,227;488,1,202;809,1,155;102,1,204;107,1,156;108,2,105,253;345,1,225;572,1,75;573,1,76;111,1,73;689,1,103;262,1,35;130,1,182;505,1,54;506,1,94;511,1,118;580,1,109;581,1,128;512,1,285;142,1,40;151,1,167;274,1,272;157,1,151;161,1,152;858,1,247;162,1,63;523,1,68;427,1,119;428,1,40;174,1,119;529,1,95;289,1,175;179,3,230,260,350;183,2,117,205;185,1,139;187,1,196;201,1,142;602,1,292;218,1,115;306,1,202
298,138,199:222,1,129;776,1,100;750,1,95;6,1,364;7,1,188;8,1,80;309,1,80;9,1,105;696,1,100;617,2,84,96;227,2,118,163;619,1,183;698,1,140;321,1,115;753,1,148;228,1,174;19,1,186;548,1,214;549,1,296;21,5,23,39,49,76,102;834,1,227;686,1,118;457,1,120;31,1,94;956,1,35;397,5,86,190,201,338,384;238,2,207,321;758,1,227;463,1,132;464,1,71;47,1,225;327,5,180,193,305,347,363;50,2,221,234;51,1,79;52,1,161;331,2,49,60;57,1,128;560,3,88,135,233;59,1,321;561,1,66;674,1,49;778,4,67,72,78,93;336,1,70;68,4,123,139,229,249;337,1,112;634,1,214;315,1,95;564,1,116;74,1,147;474,2,209,212;607,2,153,232;75,1,471;77,1,231;688,1,72;82,2,149,163;608,1,238;253,1,155;408,1,128;88,1,72;90,1,102;766,1,105;256,1,416;101,1,138;102,7,84,117,131,181,190,205,217;411,1,127;675,1,321;730,1,157;645,1,114;494,1,140;646,1,104;495,2,111,157;769,2,227,297;111,1,78;995,1,46;811,1,141;848,1,70;122,1,96;501,1,127;731,1,65;127,1,80;349,1,197;264,1,172;504,2,51,80;905,2,94,133;510,1,80;856,2,129,198;658,1,116;139,1,162;265,1,150;266,1,64;584,1,107;660,1,73;267,4,116,133,178,187;514,2,52,84;146,1,155;150,1,86;151,1,75;273,1,265;275,1,118;276,2,151,184;158,1,289;972,1,68;519,1,188;589,2,174,216;717,1,209;366,4,41,146,155,161;427,2,95,120;593,1,40;170,1,187;283,1,242;736,3,54,155,190;669,1,89;528,2,112,157;958,1,113;179,4,51,206,231,261;181,1,130;182,1,107;864,1,42;184,1,99;185,1,140;186,1,56;976,1,119;295,2,225,254;378,1,126;532,2,12,32;193,1,262;615,1,53;989,1,135;384,1,110;386,1,60;201,1,124;203,5,118,236,250,328,360;204,1,351;389,1,155;206,1,79;214,1,135;825,1,123;546,1,166
299,14,14:222,1,133;751,1,15;624,1,224;51,1,48;674,1,64;608,1,188;491,1,207;611,1,137;137,1,23;369,1,137;168,1,254;284,1,166;384,1,273;204,1,150
300,43,47:222,1,143;605,1,19;14,1,23;238,1,16;239,3,63,102,131;42,1,39;44,2,81,145;47,1,53;240,2,33,130;242,1,17;932,1,171;935,1,69;78,1,33;84,1,34;88,1,39;742,1,219;843,1,66;257,1,42;105,1,62;119,1,115;264,1,32;131,1,225;734,1,145;139,1,73;265,1,39;270,1,34;153,1,68;586,1,34;743,1,27;276,1,69;156,1,45;157,1,65;282,1,69;286,1,137;288,1,99;291,1,88;187,1,27;596,1,117;298,1,81;946,1,39;303,1,85;306,1,98;307,1,99
301,7,7:222,1,146;242,1,20;311,1,393;932,1,174;343,1,130;595,1,50;298,1,87
302,1,1:222,1,147
303,1,1:222,1,149
304,6,7:222,1,162;230,2,134,302;624,1,124;403,1,396;256,1,378;285,1,248
305,12,15:222,1,165;224,1,143;231,2,226,318;54,1,107;838,1,255;886,1,60;132,1,188;156,1,239;316,2,137,405;533,2,41,169;534,1,112;198,1,104
306,8,8:222,1,167;789,1,61;31,1,30;467,1,70;98,1,26;644,1,99;495,1,72;364,1,169
307,9,10:222,1,168;700,1,198;606,2,80,123;473,1,485;906,1,76;733,1,118;424,1,108;179,1,95;602,1,343
308,2,2:222,1,177;473,1,61
309,18,18:222,1,181;319,1,368;455,1,84;63,1,180;69,1,63;779,1,70;342,1,152;343,1,149;921,1,67;494,1,36;706,1,67;147,1,49;273,1,349;589,1,200;384,1,170;775,1,57;207,1,164;390,1,129
310,45,65:223,2,2,19;10,1,15;11,1,194;225,2,36,72;446,2,1,9;229,1,66;396,1,23;22,1,325;24,1,25;626,1,15;51,1,103;56,1,247;402,1,146;404,2,2,16;471,1,22;935,1,65;80,1,50;255,2,4,11;94,1,17;106,3,2,12,47;847,1,26;497,1,24;131,1,249;886,1,51;132,2,256,285;136,1,54;515,2,2,10;148,1,211;273,2,14,42;519,1,41;164,1,105;165,1,204;614,2,1,9;283,1,213;528,1,98;862,1,210;181,1,178;865,1,49;187,4,3,13,22,62;188,2,2,30;386,2,2,17;878,1,27;307,1,226;219,1,301;220,5,4,12,21,95,153
311,5,9:223,3,17,34,69;753,1,32;88,1,62;97,1,54;130,3,14,28,122
312,4,5:223,1,49;329,1,78;644,2,9,75;851,1,75
313,4,5:223,1,55;6,1,156;88,2,42,119;130,1,114
314,12,14:223,1,65;477,1,39;88,3,12,29,58;488,1,56;97,1,50;493,1,175;116,1,63;263,1,53;664,1,54;524,1,93;784,1,74;546,1,70
315,1,1:223,1,71
316,1,1:223,1,72
317,180,220:223,2,75,192;9,1,64;392,2,57,90;443,1,199;226,2,49,68;13,3,38,68,153;698,1,177;321,1,102;17,1,151;322,1,48;230,1,109;233,1,91;323,1,114;549,1,320;622,1,102;23,1,31;623,1,28;25,1,28;963,1,78;700,1,305;237,1,62;457,1,152;29,1,160;554,1,303;555,1,152;956,1,90;397,1,259;398,1,217;238,1,95;36,1,194;39,1,75;463,1,87;556,1,74;400,1,57;464,1,159;48,2,9,294;49,1,33;50,2,44,72;465,1,176;628,1,125;54,1,124;57,1,106;332,1,116;333,2,47,81;245,1,45;311,1,377;561,1,90;335,1,32;64,2,86,378;632,2,162,272;66,1,99;778,1,35;67,1,130;250,3,7,23,48;69,1,82;337,1,39;338,1,63;315,1,111;704,1,166;339,1,171;965,1,77;473,2,201,488;474,1,139;75,3,99,247,358;839,2,21,64;566,2,30,119;478,1,224;87,1,65;937,1,97;805,1,39;341,1,66;482,1,219;780,1,87;898,1,108;93,1,105;808,1,188;638,1,94;97,1,97;809,1,148;915,2,32,160;256,1,130;258,1,72;975,1,69;640,1,48;412,1,234;610,1,100;940,2,36,47;643,1,117;495,2,40,82;108,1,200;769,2,220,273;114,1,29;119,1,60;574,1,46;262,1,79;417,1,25;650,1,69;121,2,52,102;348,1,24;850,3,227,284,309;125,1,115;503,1,90;127,1,55;612,1,21;852,1,98;906,1,32;613,1,103;135,1,69;421,1,53;658,1,19;352,1,91;423,1,92;659,1,58;715,1,191;773,1,89;353,1,71;680,1,73;355,1,53;356,1,161;358,2,65,109;359,2,27,179;153,2,259,283;154,1,132;273,1,203;274,1,314;278,2,79,108;158,1,362;159,1,46;521,1,130;859,1,111;162,1,313;909,1,66;694,1,53;370,1,70;169,1,80;283,1,233;667,2,154,171;171,1,67;376,1,38;284,4,14,43,204,208;285,1,307;526,1,443;595,1,126;173,2,65,104;289,1,103;818,1,99;531,1,48;737,1,62;177,1,87;863,1,33;882,1,63;183,1,169;184,1,125;294,1,34;187,3,59,94,103;191,1,34;670,2,92,143;194,1,51;431,1,61;197,1,100;381,1,108;873,1,80;536,3,8,23,102;198,1,201;615,1,24;387,1,50;201,1,30;203,1,335;204,1,402;598,1,71;883,2,106,185;206,1,66;209,1,45;539,1,73;602,1,409;541,1,228;879,2,58,96;672,1,157;545,1,104;616,1,67
318,2,3:223,1,78;450,2,3,9
319,92,100:223,2,85,306;776,1,115;7,1,255;393,1,168;753,1,46;16,1,121;448,1,188;925,1,123;25,1,188;453,1,99;236,1,186;456,1,260;30,1,14;397,1,346;45,1,207;47,1,237;49,1,75;329,1,112;241,1,151;437,1,84;56,1,381;560,3,163,196,225;59,2,237,255;929,1,63;630,1,84;467,1,62;778,1,195;68,1,245;69,1,163;313,1,164;71,1,103;72,1,79;74,1,84;704,1,154;339,1,122;473,1,224;252,1,200;80,1,332;86,1,90;88,1,89;482,1,120;342,1,237;90,1,90;91,1,110;343,1,228;639,1,458;96,2,101,142;257,1,178;99,1,156;101,1,221;571,1,232;705,1,109;496,1,75;572,1,140;114,1,86;119,1,172;120,2,183,296;500,1,146;731,1,89;130,1,212;852,1,99;134,1,146;510,1,94;135,1,54;658,1,114;828,1,124;139,2,124,178;359,1,192;153,2,225,262;156,1,309;717,1,145;368,1,48;719,1,101;951,1,52;170,1,156;528,1,124;174,1,149;290,1,166;177,1,109;180,1,92;867,1,69;190,1,99;874,1,109;386,1,155;203,1,355;204,1,58;214,1,95;215,1,77;604,1,203;749,1,80;221,1,229;546,1,163
320,120,149:223,2,86,307;776,1,116;7,1,256;393,1,169;753,1,47;16,1,122;322,1,142;229,1,72;449,1,133;925,1,121;25,1,190;26,1,140;454,1,227;236,1,187;457,1,145;835,3,115,150,171;555,1,170;397,1,347;759,1,73;39,1,149;45,1,212;47,2,215,238;327,1,302;49,1,76;50,2,251,264;437,1,85;56,1,382;57,1,152;59,2,238,256;778,1,181;68,1,246;69,1,161;337,1,105;313,1,158;71,3,104,200,277;72,2,65,111;73,1,292;74,1,85;473,1,225;75,2,606,642;83,1,92;86,1,91;88,1,86;742,1,259;482,1,121;342,1,238;90,1,91;91,1,111;639,1,445;96,1,143;490,1,109;257,1,179;99,2,157,183;730,1,166;104,1,206;705,1,110;260,1,168;572,1,141;769,1,231;109,1,142;110,1,121;112,1,153;114,1,87;118,2,156,164;119,1,173;120,1,297;500,1,147;122,1,126;731,2,90,114;652,1,241;129,1,144;130,1,213;852,1,100;132,1,250;134,1,147;135,1,55;658,1,102;828,2,85,114;139,4,125,137,179,212;773,1,92;359,1,193;151,1,299;152,2,186,236;153,2,226,263;156,1,310;161,1,118;163,1,194;368,1,43;951,1,53;168,2,171,202;170,2,157,201;283,1,220;528,1,125;174,3,150,186,227;289,1,116;290,1,167;176,3,100,136,223;177,2,62,110;910,1,88;185,1,203;867,1,70;295,1,243;378,1,123;190,1,100;192,1,102;197,2,144,179;200,1,150;386,1,156;203,3,247,356,405;204,1,59;299,1,165;723,1,51;214,1,96;215,1,78;216,1,130;604,1,204;749,1,81;616,1,146;221,1,230;546,1,164
321,66,86:223,1,88;224,1,116;698,1,109;791,1,142;322,1,82;231,1,263;449,1,74;454,2,51,61;624,3,24,45,215;29,1,91;459,1,136;398,1,225;238,1,66;41,1,41;52,1,270;242,1,238;629,2,159,176;55,1,93;311,1,463;800,1,142;67,1,186;68,1,134;75,3,539,559,569;78,1,29;804,1,116;85,1,46;608,1,116;86,1,206;341,1,123;486,1,18;967,1,80;256,1,246;258,2,38,58;675,1,216;108,1,84;116,1,38;418,2,174,259;653,2,40,99;350,4,32,62,165,269;134,1,143;677,1,198;140,3,109,154,206;715,1,262;272,1,130;154,1,140;274,1,153;586,1,133;518,1,114;155,2,177,249;278,1,126;920,1,84;694,1,24;371,1,44;283,1,192;594,1,153;917,1,73;178,1,69;190,1,90;192,1,139;195,1,60;207,4,105,110,212,217;214,1,64;303,1,148;604,1,161;306,2,81,220;307,2,146,204
322,10,23:223,1,89;224,1,117;624,3,25,46,216;238,1,67;464,4,111,127,143,181;55,1,94;311,1,464;961,1,126;536,6,7,22,90,101,129,180;198,4,5,16,127,148
323,1,1:223,1,90
324,97,133:223,1,92;924,1,78;751,1,87;227,1,67;446,1,29;547,1,72;548,1,122;232,1,193;756,1,98;740,1,53;834,1,184;24,1,35;794,1,103;555,1,24;626,3,29,37,186;34,1,184;239,1,139;463,1,162;464,2,73,81;51,1,38;629,3,8,18,27;57,1,88;606,1,173;246,1,113;247,1,178;467,3,7,20,33;403,2,200,381;778,1,50;634,1,219;314,1,96;803,1,85;762,1,126;779,2,137,169;407,1,52;478,1,308;480,2,43,98;482,1,162;992,2,29,46;938,3,4,14,52;960,1,22;256,2,103,361;730,2,108,119;412,1,165;571,1,199;642,2,70,206;106,1,89;261,1,100;649,3,96,216,220;501,1,112;348,2,19,89;125,1,123;349,1,177;651,1,147;781,1,65;351,1,41;656,1,73;511,1,129;136,1,14;677,1,58;139,1,113;584,1,100;515,1,92;585,3,108,112,126;145,2,3,13;270,1,90;360,1,100;519,5,101,234,250,266,355;859,1,65;717,1,43;665,1,76;978,1,73;815,1,95;524,1,131;525,2,5,11;668,1,179;526,1,510;527,1,99;178,1,188;739,1,78;695,1,34;961,1,96;197,1,169;821,2,68,101;535,1,77;876,1,78;200,4,7,18,43,164;991,1,100;203,1,274;213,1,153;602,2,232,252;724,1,258;216,1,150;541,4,40,91,151,237;217,1,117;545,1,125;218,1,68;616,2,74,121
325,13,41:223,1,97;457,3,4,12,27;29,9,10,21,43,145,156,204,225,295,328;758,1,162;242,2,226,236;988,2,6,29;702,3,13,33,48;715,1,305;153,1,146;534,6,5,12,23,30,54,140;536,5,5,20,88,99,178;298,4,4,10,20,65;822,3,4,9,23
326,13,15:223,1,100;232,1,335;624,1,160;44,1,139;67,2,97,135;130,1,155;270,2,148,378;271,1,88;272,1,100;273,1,103;376,1,49;212,1,115;219,1,97
327,22,24:223,1,115;228,1,153;547,1,150;396,1,85;399,1,306;799,1,117;62,1,87;336,1,90;634,1,96;73,1,113;884,1,391;611,1,74;128,1,265;131,1,381;781,1,147;907,1,66;276,1,161;990,1,46;909,3,9,20,26;952,1,92;533,1,118;200,1,169
328,95,142:223,6,118,148,205,222,301,348;753,1,140;322,1,41;231,1,109;833,1,79;454,1,78;236,1,64;757,1,55;459,1,226;239,1,263;928,1,55;44,2,112,119;400,2,150,188;47,5,138,146,150,167,171;629,1,100;59,1,221;702,1,136;62,1,94;562,1,93;64,1,350;704,1,179;251,3,73,77,84;473,1,280;762,1,206;477,1,52;82,1,87;409,1,39;742,1,237;488,1,189;97,3,92,277,281;809,1,86;98,1,152;111,1,145;116,1,37;848,1,64;689,2,125,138;120,3,138,142,176;121,3,66,288,294;501,1,153;827,3,109,124,126;127,1,124;652,2,64,197;264,1,119;131,1,286;506,1,86;656,1,137;581,1,212;856,1,151;513,1,40;139,1,157;140,2,129,131;265,1,45;584,2,85,89;661,1,57;353,1,43;270,1,100;150,1,35;517,1,77;664,2,78,82;829,2,137,141;154,1,157;274,1,72;586,1,135;276,2,95,99;157,1,105;158,2,155,327;281,2,90,94;524,2,97,207;861,2,64,68;374,1,98;375,1,174;284,1,85;287,1,106;290,2,74,78;531,1,155;291,2,102,106;175,1,91;189,3,30,60,78;295,3,16,36,93;532,2,122,126;200,1,99;201,1,137;202,1,184;389,1,160;538,3,8,28,63;824,1,37;212,2,82,86;214,1,108;303,1,103;305,1,83;683,2,87,188;604,2,35,181;306,2,105,109;221,2,103,109;546,2,14,38
329,36,73:223,1,119;924,1,92;6,1,72;224,1,198;791,4,16,34,89,124;754,1,40;755,2,16,112;549,6,2,14,27,92,451,478;740,2,2,11;550,1,58;24,3,9,20,43;397,1,58;35,1,58;836,3,15,32,90;63,2,53,68;467,2,45,74;760,1,14;761,4,24,50,74,112;402,5,16,34,87,124,190;565,1,46;88,1,102;957,4,6,26,66,100;766,1,46;767,1,75;109,3,46,67,93;770,1,44;576,2,62,82;903,1,41;942,1,22;141,2,55,138;814,1,23;908,1,29;292,7,73,81,168,186,230,256,332;182,2,17,36;200,1,32;539,1,98
330,23,24:223,1,121;14,1,182;436,1,83;332,1,215;337,2,60,134;932,1,193;934,1,49;762,1,32;78,1,148;780,1,56;257,1,200;101,1,210;104,1,50;117,1,174;133,1,205;734,1,199;715,1,98;361,1,158;279,1,52;304,1,48;305,1,196;390,1,196;307,1,234
331,2,2:223,1,130;527,1,138
332,2,2:223,1,131;388,1,23
333,32,40:223,1,132;6,1,367;547,2,256,275;21,1,89;685,1,42;458,1,119;758,1,132;53,1,133;58,1,139;310,1,125;631,1,173;778,1,170;933,1,61;80,1,209;482,2,67,127;639,1,408;100,1,139;675,2,19,78;642,1,257;734,1,106;512,1,177;715,1,109;146,1,71;525,1,95;668,1,93;526,1,116;173,2,11,25;377,3,9,22,99;287,2,144,207;289,2,121,159;738,1,112;863,1,210
334,45,78:223,1,133;6,2,61,368;885,1,53;20,3,5,16,34;548,1,277;448,1,201;449,1,79;27,3,2,15,204;236,1,131;835,1,172;462,1,51;463,1,119;242,2,68,128;727,3,87,122,182;629,1,96;332,1,154;67,4,55,111,153,247;635,1,70;765,1,38;478,4,82,158,181,202;253,1,189;408,1,158;482,1,69;641,1,89;969,1,63;649,2,98,156;127,1,100;130,1,258;691,1,68;512,1,178;140,3,21,42,72;267,5,11,26,66,88,196;271,2,10,36;272,2,9,34;586,2,79,116;519,4,109,239,312,433;783,2,85,93;667,3,108,135,191;669,3,80,98,109;526,1,279;317,1,189;671,1,95;604,2,171,227;541,1,47;543,1,144
335,13,14:223,1,144;227,1,127;444,1,150;757,1,50;44,2,87,350;328,1,135;56,1,105;71,1,69;647,1,70;664,1,80;282,1,118;390,1,111;219,1,178
336,10,13:223,1,150;230,4,16,37,96,295;236,1,195;29,1,282;758,1,90;241,1,254;245,1,101;592,1,158;530,1,157;302,1,34
337,106,214:223,1,154;744,1,100;745,4,56,127,153,165;617,5,11,24,40,127,129;227,3,23,48,73;619,2,22,46;15,2,11,33;753,1,20;444,1,72;16,1,95;17,1,132;231,1,113;622,1,90;740,1,62;699,4,55,64,114,159;27,1,67;453,1,39;454,1,53;701,2,97,170;459,1,291;36,1,231;239,7,14,43,84,235,259,273,286;44,7,99,172,174,253,313,315,333;400,1,157;464,3,63,147,167;47,4,96,156,233,258;327,3,74,121,262;329,1,87;52,2,151,278;242,2,89,130;55,1,36;56,4,111,139,149,303;58,1,203;559,1,39;560,3,69,176,183;59,2,94,183;630,3,21,44,76;674,2,76,93;67,3,7,30,79;68,2,127,129;404,1,119;251,1,80;78,1,30;84,4,13,28,95,120;608,1,55;409,2,41,106;97,2,133,152;98,1,196;967,1,51;256,2,198,212;257,1,213;100,1,65;101,3,4,18,270;491,3,112,178,183;746,2,9,20;648,3,32,55,65;112,1,92;117,4,66,104,124,141;119,1,110;577,1,106;747,1,47;652,3,88,110,118;732,2,123,224;131,2,184,254;351,1,210;677,1,70;140,1,86;265,2,172,198;422,1,87;515,1,30;272,1,79;154,1,103;273,1,85;361,2,40,110;155,1,291;276,3,186,206,220;278,3,83,103,157;156,3,147,294,316;157,1,120;158,1,86;169,1,95;283,1,129;171,1,181;172,1,122;174,1,217;291,1,136;181,1,124;670,1,68;382,1,108;198,3,9,20,152;784,1,64;384,1,249;203,1,150;600,3,67,108,112;877,1,96;671,1,125;823,3,21,42,82;207,3,134,292,307;538,10,11,31,65,81,112,183,244,270,298,339;305,1,68;748,1,75;543,1,115;749,2,85,106;220,3,75,179,182;221,10,112,129,134,140,158,176,185,192,198,217;546,4,61,121,137,214
338,149,166:223,1,157;924,1,114;9,1,115;443,1,112;227,2,131,142;15,1,51;321,1,110;16,1,104;322,1,210;19,1,135;548,1,58;549,2,215,470;324,1,124;21,2,176,241;22,2,60,86;925,1,114;24,1,145;551,1,58;25,1,172;454,1,130;983,1,24;397,1,327;701,2,42,51;459,1,298;726,1,59;239,1,266;759,1,52;48,1,228;55,2,128,155;331,1,56;559,1,104;560,1,85;837,1,105;59,2,156,191;334,1,199;335,1,59;930,1,44;950,1,41;467,1,57;468,1,75;66,1,66;778,1,60;67,2,81,101;336,1,112;69,1,152;313,1,143;634,1,137;71,2,90,151;72,1,49;314,3,9,28,57;469,1,128;564,1,140;74,1,76;473,1,215;406,1,81;76,1,55;839,1,44;83,1,99;974,1,129;765,1,84;840,1,98;86,1,85;88,1,79;742,1,112;254,1,85;89,1,151;482,2,82,111;342,1,135;92,1,99;93,1,134;97,1,294;256,1,302;99,1,128;101,1,178;676,1,82;493,1,169;746,1,102;112,1,143;113,1,42;416,1,73;499,1,80;118,1,149;120,1,70;574,1,122;417,1,141;122,1,116;849,1,68;123,1,64;501,1,144;651,2,63,211;128,1,133;732,1,92;263,1,144;129,1,76;264,1,168;852,1,113;133,1,133;657,1,79;580,1,143;677,1,134;658,1,92;138,1,146;141,1,109;660,1,86;773,1,52;148,1,115;149,1,60;151,1,250;663,1,77;275,1,113;155,2,254,324;519,2,289,411;522,1,89;162,1,114;164,1,120;909,1,58;368,1,81;165,1,179;694,1,88;167,2,247,273;173,1,138;528,1,170;174,1,243;287,1,156;290,1,188;737,1,111;958,1,44;180,1,100;912,1,78;959,1,29;819,2,45,60;821,1,131;875,1,53;382,1,125;433,1,145;598,1,47;206,1,75;208,1,52;209,1,99;211,1,57;888,1,65;212,1,26;302,1,94;540,1,75;304,1,151;216,1,125;672,1,176;825,1,209;616,1,134
339,18,24:223,1,159;605,1,79;239,1,67;47,3,136,165,262;240,1,84;242,1,200;247,1,130;633,1,146;98,2,28,136;148,3,9,26,62;151,2,92,132;273,1,263;369,1,148;173,1,136;295,1,70;305,1,146;604,1,179;545,1,141
340,28,32:223,1,160;605,1,147;618,3,44,175,220;17,1,157;29,1,134;777,1,145;463,1,61;329,1,156;338,1,82;75,1,166;84,1,119;478,1,290;899,1,72;811,1,42;512,3,103,218,311;266,1,129;516,1,231;662,1,22;277,1,91;158,1,98;520,1,149;588,1,74;165,1,151;171,1,62;184,1,82;943,1,93;784,1,50;385,1,100
341,111,185:223,2,162,203;439,3,8,17,48;6,1,363;696,1,103;12,3,3,10,24;17,1,140;547,1,310;231,2,210,339;447,1,88;22,1,232;834,1,123;236,2,200,209;457,3,7,15,79;30,1,30;326,1,107;31,1,74;32,1,40;35,3,2,17,78;461,1,115;758,1,199;39,2,118,145;41,1,52;240,1,143;328,1,64;49,1,47;50,1,116;51,1,78;52,1,234;243,1,121;55,3,7,19,26;56,1,206;332,2,64,179;58,2,135,153;560,1,134;988,5,11,21,34,44,59;702,2,5,25;798,1,46;247,1,85;562,1,61;632,1,65;403,1,363;838,1,233;337,2,3,16;338,1,134;314,1,67;339,1,137;473,4,128,270,373,454;840,1,46;85,1,97;478,2,185,192;638,1,52;256,1,368;977,1,65;102,2,180,189;411,1,37;103,2,37,66;104,1,64;810,1,82;769,2,73,90;499,1,88;119,1,63;575,1,57;578,1,30;650,1,65;902,1,20;747,1,177;502,1,22;418,1,109;130,1,201;132,2,52,150;709,2,49,97;134,1,41;856,1,197;828,2,59,63;513,2,1,17;137,1,39;265,3,5,22,50;142,1,135;267,1,177;146,3,9,20,142;424,3,10,22,30;773,2,8,18;147,2,10,22;353,2,12,25;270,1,347;148,1,121;150,2,1,8;681,1,81;277,2,55,160;156,9,1,11,21,31,51,65,164,174,299;972,1,85;519,1,203;369,1,150;280,1,227;428,1,31;951,2,114,134;371,1,119;316,4,2,10,26,79;175,2,23,49;192,4,1,7,13,19;194,1,68;819,1,25;381,4,5,18,39,48;536,2,12,27;383,3,5,16,100;385,2,3,14;386,6,11,26,46,76,128,139;202,1,85;213,1,119;604,3,137,149,251;308,1,168
342,23,36:223,1,172;789,1,112;10,1,47;444,3,10,20,35;228,2,87,114;230,2,223,241;234,1,101;460,1,30;726,2,74,101;758,1,120;51,1,176;315,1,108;405,4,4,15,31,114;76,1,35;82,1,123;742,2,74,94;115,2,157,198;583,1,19;715,4,9,25,46,133;269,1,148;363,1,13;862,1,68;958,1,159
343,130,267:223,3,178,228,287;319,1,371;440,2,9,18;6,1,157;744,1,23;309,1,61;392,1,158;443,1,97;226,1,33;725,5,4,13,37,71,83;448,1,278;436,1,45;955,1,45;834,1,31;454,1,83;236,3,10,21,45;624,1,132;457,1,31;30,1,28;325,2,79,94;35,1,163;461,2,37,169;36,1,172;399,6,47,77,182,196,240,247;42,1,181;43,1,236;400,5,7,19,41,225,302;328,1,70;465,1,215;52,1,236;53,3,56,88,243;988,2,22,45;798,3,48,50,100;929,1,75;245,1,114;562,1,83;64,3,261,314,326;68,1,107;69,3,9,18,38;564,8,11,22,31,47,77,99,109,131;471,1,61;73,1,183;704,1,183;762,2,78,218;76,1,27;763,1,184;78,2,36,109;688,2,20,43;477,2,55,75;764,1,79;567,6,4,15,27,36,39,79;85,1,146;253,1,48;87,1,156;481,3,5,16,125;997,1,20;93,4,12,29,50,101;808,1,181;343,2,141,254;96,2,70,117;977,1,25;102,1,233;412,1,73;810,2,50,90;768,1,50;572,2,92,121;884,2,99,163;941,1,37;118,1,184;812,2,8,16;649,1,121;901,2,13,26;121,3,159,168,290;747,2,113,128;850,5,10,29,42,145,277;125,4,6,12,31,188;126,1,66;851,1,31;127,1,101;131,3,224,272,335;881,1,29;132,1,295;710,1,59;506,1,25;133,2,159,198;613,1,156;580,3,10,27,38;581,4,10,21,31,105;854,4,10,29,42,92;711,5,5,17,57,80,112;712,4,5,15,42,49;692,4,6,26,43,97;856,2,40,67;677,3,23,49,220;512,3,26,75,137;582,1,63;658,5,45,97,162,180,208;828,1,57;139,11,17,22,39,44,58,87,92,130,146,184,217;678,1,44;142,1,126;584,1,55;267,1,62;517,3,139,164,168;829,7,20,25,28,49,54,57,87;273,3,143,146,184;519,1,270;426,1,76;165,1,77;861,1,33;669,1,59;286,4,78,140,146,154;184,1,229;596,1,162;913,1,24;821,1,57;298,1,72;199,1,48;989,3,39,98,151;784,1,36;207,1,83;538,2,224,240;824,3,7,18,47;888,3,1,4,40;303,3,10,37,68;683,2,71,142;390,3,16,43,81;306,3,8,28,61;220,2,37,62;787,3,84,101,116
344,28,110:223,2,179,288;27,3,189,196,251;454,9,17,34,58,80,100,175,187,198,219;52,1,245;930,4,6,20,37,49;803,7,13,26,38,52,102,113,142;635,1,125;935,4,6,12,15,80;78,6,39,67,84,104,122,152;688,2,68,81;80,5,107,130,197,220,326;407,1,41;936,2,5,16;567,3,2,13,77;478,1,232;253,5,14,28,49,69,125;408,5,2,13,43,93,186;729,1,47;90,6,5,16,48,62,77,105;810,3,10,26,70;649,4,4,20,87,101;418,1,171;734,1,137;658,9,23,48,100,127,140,163,177,204,209;584,5,14,28,171,193,222;524,6,45,74,125,163,191,265;973,4,3,11,27,77;216,9,9,18,30,48,51,55,68,142,185
345,71,84:223,2,186,266;392,1,161;605,1,97;17,1,109;19,1,39;549,1,202;622,2,28,160;21,1,194;436,1,191;925,2,11,26;551,1,162;963,3,7,18,48;27,1,51;236,1,160;700,1,243;28,2,7,14;29,2,8,19;981,1,49;238,1,289;42,1,146;51,1,81;796,1,71;332,1,241;61,1,58;778,1,157;313,1,43;634,1,65;71,1,43;72,1,106;252,1,94;936,1,25;765,1,30;780,1,114;489,1,69;93,1,75;256,1,149;491,1,169;570,1,115;642,1,28;643,1,77;645,1,64;345,1,108;498,1,25;649,2,203,229;130,1,132;131,1,265;132,1,39;136,1,51;512,1,54;990,2,1,11;520,1,113;162,1,147;815,1,20;860,1,69;719,1,46;591,1,42;375,1,247;526,1,412;287,2,11,38;288,3,13,46,82;181,2,33,149;293,1,33;533,1,171;872,1,259;821,1,176;198,1,212;203,1,339;213,1,108;541,1,193;879,1,144;221,1,221
346,1,1:223,1,188
347,5,5:223,1,191;36,1,195;884,1,255;262,1,78;289,1,104
348,48,52:223,1,193;224,1,93;443,1,87;13,1,97;619,1,141;230,1,232;231,1,319;622,1,99;436,1,225;449,1,103;450,1,48;777,1,106;461,2,36,225;39,1,89;41,1,57;727,1,255;560,1,221;69,2,54,164;71,1,194;314,1,161;474,1,211;75,1,194;252,1,176;80,1,244;82,1,47;809,1,133;915,1,75;107,1,44;128,1,195;508,1,83;350,1,263;856,1,56;423,1,137;584,1,159;143,1,31;152,1,265;518,2,81,167;158,1,271;520,1,154;161,1,124;526,2,106,331;528,1,191;952,1,75;187,1,84;533,1,139;534,1,126;317,1,206;306,1,234
349,7,9:223,1,195;464,1,176;339,2,6,25;933,1,37;638,1,60;114,2,36,100;148,1,139
350,14,17:223,1,198;16,1,145;396,1,231;403,4,149,199,360,429;97,1,222;641,1,45;120,1,356;652,1,209;515,1,79;951,1,129;285,1,171;295,1,188;876,1,93;946,1,146
351,25,34:223,1,207;8,1,58;755,2,87,101;454,1,171;758,1,26;836,1,65;629,1,115;402,2,69,174;338,1,176;71,2,144,248;564,1,129;473,1,424;75,2,192,297;770,2,17,30;117,1,147;120,1,282;502,1,27;418,2,207,253;828,1,100;276,2,114,146;913,1,69;299,1,148;213,1,137;724,3,2,20,50;435,1,95
352,119,133:223,1,208;319,1,75;440,1,24;751,1,180;443,2,248,401;394,1,144;15,1,98;16,1,52;548,1,196;755,1,88;233,1,56;21,1,290;925,1,54;24,1,129;954,1,31;699,1,122;453,1,133;29,1,38;553,1,44;555,2,138,205;964,2,56,77;398,1,239;38,1,170;43,1,153;627,1,35;48,1,152;52,1,89;243,1,47;629,1,116;58,1,54;59,1,44;630,1,114;632,1,56;402,2,70,175;66,1,35;69,1,41;312,1,81;313,3,59,120,246;71,2,145,249;315,1,47;474,1,22;252,1,22;764,1,53;568,1,41;253,1,168;805,1,73;342,3,66,74,142;486,1,35;921,1,38;344,1,51;99,1,74;491,1,136;104,1,77;571,1,48;105,1,38;110,1,69;111,1,33;770,1,18;415,1,76;262,1,57;902,1,15;849,1,32;850,1,105;502,1,28;903,1,44;651,1,37;131,1,144;653,1,14;504,1,137;655,1,32;505,1,84;906,1,14;782,1,73;350,1,69;510,1,146;712,1,24;677,1,34;352,1,40;143,1,66;661,1,44;514,1,142;146,1,45;152,2,7,38;858,1,24;909,1,50;369,1,69;173,1,32;377,1,56;291,1,122;175,1,191;738,1,74;176,1,176;862,1,89;292,1,21;180,1,22;889,1,163;184,1,48;192,1,55;670,1,190;739,1,77;998,1,40;695,1,86;200,1,58;383,1,86;384,1,40;388,1,126;597,1,134;204,2,133,388;598,1,33;209,1,33;213,1,138;724,3,3,21,51;435,1,96;683,2,49,150;542,1,42;879,1,54;545,1,58;218,1,60;616,1,36
353,48,54:223,1,218;6,1,28;228,1,246;22,2,106,124;551,3,86,129,172;456,1,306;624,1,197;673,1,69;238,1,344;399,1,190;727,1,207;629,1,155;401,1,138;311,1,420;630,1,92;634,1,98;314,2,74,218;806,1,118;342,1,246;411,1,86;260,1,119;111,1,149;118,1,69;119,1,197;827,1,167;709,1,164;856,1,182;516,1,76;585,1,209;362,1,160;990,2,25,108;693,1,69;426,1,211;161,1,92;163,1,88;736,1,205;316,1,327;526,2,210,266;174,1,239;530,1,152;865,1,77;187,1,240;295,1,211;191,1,67;596,1,122;876,1,47;204,1,189;299,1,203
354,2,2:223,1,223;700,1,196
355,21,26:223,1,226;5,1,27;453,2,119,173;41,1,97;52,1,212;702,1,121;311,1,305;64,4,69,130,243,411;403,1,413;67,1,265;935,1,30;86,1,234;844,1,108;732,1,210;263,2,117,139;423,1,96;277,1,206;291,1,125;178,1,172;207,1,251;538,1,207
356,10,11:223,1,229;20,2,55,103;27,1,59;454,1,213;798,1,102;936,1,73;649,1,64;142,1,115;584,1,66;216,1,105
357,16,16:223,1,231;443,1,372;25,1,189;45,1,208;329,1,113;929,1,64;933,1,68;75,1,641;608,1,247;639,1,293;770,1,84;578,1,92;651,1,165;132,1,243;952,1,97;192,1,101
358,12,14:223,1,239;319,1,321;228,1,51;326,1,155;757,1,62;42,2,11,27;479,1,84;102,1,124;587,2,7,22;972,1,114;526,1,333;297,1,46
359,28,30:223,1,242;9,1,151;725,1,68;396,1,241;550,1,83;459,1,376;241,1,48;243,1,31;53,1,149;629,1,208;331,1,66;880,1,28;965,1,32;763,1,189;481,1,120;342,1,46;996,1,35;899,1,69;676,1,93;493,1,223;506,2,89,118;512,1,304;143,1,176;316,2,177,224;952,1,50;193,1,273;196,1,58;989,1,175
360,52,59:223,2,245,297;6,1,65;790,1,114;15,1,190;792,1,229;547,1,252;549,1,439;552,1,143;457,1,75;32,3,48,212,223;956,1,42;964,1,51;241,1,170;727,1,117;56,1,182;560,1,218;702,1,134;247,1,97;762,1,204;566,1,168;253,1,72;485,1,66;488,1,139;344,2,168,196;495,1,159;111,1,150;884,1,168;689,2,56,121;827,1,168;651,1,115;264,1,117;133,1,119;771,1,154;656,1,125;581,1,141;141,1,181;144,1,185;270,1,305;277,1,254;519,2,217,478;668,1,135;289,1,304;864,1,77;295,1,215;191,1,68;821,1,145;384,1,255;201,1,158;597,1,62;204,2,93,190;601,1,84;604,1,30
361,64,153:223,1,246;790,2,91,96;618,1,145;394,3,2,18,96;979,2,2,14;228,5,4,17,32,177,293;19,5,70,81,111,132,179;229,1,77;230,2,238,310;673,1,50;42,1,267;557,1,119;51,2,167,195;61,3,5,16,36;312,3,20,71,98;70,1,34;703,4,2,10,115,128;935,1,83;566,1,122;479,2,38,57;639,9,3,11,28,54,76,125,311,327,384;94,1,37;809,1,108;949,2,23,62;110,1,103;115,4,1,11,26,88;499,3,8,28,44;900,4,3,18,32,63;509,1,25;350,8,5,18,36,84,147,178,215,255;134,3,5,23,55;679,1,51;743,1,42;156,2,230,240;157,5,3,33,77,163,187;716,1,125;158,1,253;164,1,90;281,3,1,25,121;283,4,7,27,47,179;171,3,11,28,43;316,3,235,281,409;531,5,1,8,17,139,166;291,3,128,180,210;958,2,5,13;180,2,1,8;889,2,3,18;293,1,22;866,2,6,17;429,1,45;872,2,6,17;875,1,39;784,1,41;383,1,151;384,3,9,27,337;385,1,85;389,4,1,9,49,69;599,3,1,6,20;299,1,121;883,3,1,21,114;914,3,4,21,43;538,1,192;539,2,2,12;546,5,9,33,103,111,149
362,52,67:223,1,257;14,1,215;19,1,182;229,1,145;699,1,199;454,1,197;236,1,126;238,1,320;239,2,144,226;56,1,236;246,3,92,97,103;930,1,61;403,1,432;67,1,190;336,1,122;313,1,212;252,1,237;83,1,71;764,1,124;566,1,209;409,1,71;742,1,251;841,1,55;102,1,130;493,1,206;746,1,83;645,1,107;648,1,48;812,1,61;502,1,89;418,1,202;129,2,153,169;420,1,119;677,1,160;265,3,101,168,216;266,1,81;773,1,97;270,1,362;586,1,137;157,2,141,146;426,1,155;589,3,3,17,55;920,2,1,13;427,4,2,18,49,72;524,1,211;862,1,141;295,1,111;946,2,9,26;878,1,88;602,1,298;306,1,131;219,2,203,298
363,28,38:223,1,259;436,1,66;701,1,136;556,1,77;327,7,29,58,200,225,316,322,327;310,1,90;631,1,139;82,1,23;566,1,47;86,1,55;937,1,93;341,2,57,111;342,1,59;489,2,116,151;957,3,7,27,67;93,1,69;349,1,134;508,1,31;713,1,114;148,1,171;367,1,29;369,1,90;375,1,239;178,1,38;882,1,70;873,1,51;388,1,152;786,1,78
364,4,6:223,1,269;238,3,56,145,390;82,1,32;93,1,78
365,11,11:223,1,278;34,1,212;82,1,98;805,1,56;485,1,47;996,1,62;126,1,158;654,1,194;512,1,191;153,1,161;217,1,136
366,44,54:223,1,284;745,1,138;394,1,80;230,1,183;453,1,151;956,1,22;398,1,172;33,1,52;40,1,31;46,1,32;54,1,69;311,1,362;64,1,185;564,1,135;704,2,66,200;474,1,90;405,1,64;75,1,94;80,1,269;88,1,110;780,1,109;639,1,365;96,1,123;99,1,176;412,2,25,219;345,1,191;128,1,110;504,1,248;132,1,144;134,1,198;145,1,54;359,3,52,61,199;360,1,113;993,3,3,8,20;152,5,11,42,75,172,200;681,1,136;589,1,263;165,1,239;375,1,90;526,1,118;181,1,112;203,1,415;538,1,243;604,1,420
367,122,179:223,2,303,333;684,1,46;15,1,184;698,2,131,136;321,1,94;752,1,293;228,1,329;230,4,150,160,218,250;396,2,254,268;548,1,135;549,1,425;448,1,209;22,3,162,269,309;686,1,102;27,1,153;700,2,276,286;552,1,135;794,1,141;554,3,162,247,280;238,1,233;33,2,95,207;758,1,197;39,1,97;556,1,63;400,1,319;327,1,337;52,1,157;244,1,104;58,1,198;60,2,113,124;930,1,65;799,2,45,173;891,1,42;632,1,52;778,1,141;67,1,236;250,1,118;73,1,213;476,1,82;934,1,77;762,1,202;566,1,102;637,1,66;608,3,72,123,231;478,1,187;408,1,68;409,1,91;480,1,75;842,1,84;982,1,68;808,2,159,183;639,2,278,418;97,2,210,321;344,1,157;105,1,48;259,1,60;260,2,65,148;645,1,123;646,1,108;495,2,163,165;769,1,264;884,2,282,337;811,1,87;262,1,90;578,1,93;902,1,53;850,2,196,239;418,2,110,125;349,1,173;130,3,98,257,265;691,1,82;264,1,201;905,1,36;709,1,72;510,1,165;942,1,39;856,1,53;512,1,30;265,3,169,178,204;584,1,219;857,3,7,15,32;144,4,118,131,313,329;773,1,109;360,1,201;362,1,158;275,1,43;155,1,191;276,1,120;277,3,127,164,232;157,1,152;519,1,176;521,1,85;522,1,101;588,1,107;858,1,30;589,6,13,27,38,59,131,278;717,1,150;718,1,83;163,2,34,64;909,3,10,21,27;367,1,148;591,1,102;524,1,148;736,1,209;375,1,149;528,1,174;293,1,56;944,2,2,11;294,3,5,17,40;188,1,141;295,2,204,219;194,1,89;989,8,44,72,95,118,148,164,171,190;299,1,208;600,1,84;538,3,255,290,312;946,1,171;878,1,92;683,1,105;604,2,151,157;308,1,119;219,1,277
368,17,18:223,1,309;463,1,11;327,1,234;437,1,340;313,1,260;471,1,21;728,2,33,47;481,1,84;780,1,29;342,1,67;651,1,208;906,1,16;828,1,55;916,1,97;285,1,225;296,1,35;386,1,75
369,105,145:223,1,318;830,1,57;744,1,121;9,1,113;443,1,338;618,1,81;394,1,107;698,1,242;228,4,131,204,207,219;793,1,107;232,1,319;549,2,371,430;22,1,302;963,1,62;454,1,194;457,1,50;29,2,167,195;459,1,195;238,2,32,81;35,1,177;464,1,137;47,2,197,230;329,2,133,136;241,1,130;50,1,279;437,1,41;52,2,139,262;242,1,221;60,3,104,109,134;930,1,60;338,1,101;802,2,141,145;339,1,164;607,1,224;762,1,189;82,1,173;83,1,26;407,1,103;568,1,94;974,1,170;728,1,69;409,1,120;88,1,76;806,1,86;996,2,14,28;343,1,52;102,1,210;675,2,288,336;412,1,57;571,1,93;105,1,53;259,1,56;643,1,124;111,2,109,123;118,1,172;120,1,277;574,1,108;652,2,208,221;129,1,176;690,1,98;130,1,247;691,2,76,87;782,1,33;351,1,198;658,1,112;265,3,159,182,208;584,1,245;267,2,110,152;145,1,121;360,1,108;152,2,253,264;586,1,141;276,2,155,166;157,1,156;427,2,98,123;281,2,110,204;168,2,145,200;169,1,100;524,1,152;371,1,158;170,3,9,27,47;668,1,161;285,1,165;290,1,91;182,1,113;912,1,121;864,1,61;193,3,141,154,193;670,1,100;739,1,68;721,1,110;200,1,146;537,2,85,126;203,1,111;434,1,103;538,3,175,259,295;302,2,109,127;213,2,70,76;602,1,186;214,3,54,88,138;215,2,32,57;879,3,21,42,133;544,1,69;306,1,190;219,2,235,260
370,65,78:223,1,323;230,1,174;20,2,87,96;232,1,164;622,1,158;686,1,142;554,1,176;239,1,118;240,2,63,119;327,1,188;241,1,79;50,1,306;51,1,208;727,2,108,195;332,1,224;58,1,195;60,1,128;800,2,83,131;71,2,68,119;470,1,50;477,1,49;566,1,171;84,1,72;767,1,60;491,1,75;570,1,112;495,1,167;649,2,265,272;850,1,94;130,1,262;264,2,66,123;781,1,92;133,1,194;656,1,94;510,1,144;135,1,161;511,2,75,109;420,1,115;711,1,131;140,1,128;266,1,90;584,1,58;144,1,288;146,1,87;150,1,79;153,1,87;271,1,234;154,1,154;273,1,288;681,1,53;277,1,193;426,1,82;281,3,194,215,231;167,1,214;861,1,61;172,1,127;290,1,146;959,1,50;188,1,206;991,1,53;389,1,139;724,1,131;305,1,80;616,1,70;219,4,72,177,241,270
371,3,3:223,1,324;354,1,108;278,1,168
372,25,32:223,1,335;789,1,82;20,1,90;685,1,59;235,1,64;458,2,154,163;626,1,161;437,1,30;562,1,38;64,2,277,424;800,2,37,97;73,1,133;473,1,277;639,2,224,231;986,2,5,16;497,1,112;850,2,70,115;264,1,70;582,1,126;714,1,78;589,2,41,66;815,1,28;170,1,102;602,1,176;953,1,79
373,1,1:223,1,337
374,22,27:223,1,340;396,1,261;551,1,161;454,1,128;29,1,291;33,1,112;928,2,69,115;437,2,120,135;78,1,144;936,1,24;491,3,111,177,223;103,1,172;126,1,89;585,1,211;270,1,393;161,1,148;372,1,135;284,1,71;187,1,159;188,1,90;596,2,99,188;973,1,59
375,37,59:223,1,346;5,1,63;750,1,79;757,1,54;464,1,152;727,1,242;56,1,63;334,1,98;84,1,40;809,1,84;98,1,102;102,1,91;501,2,18,37;129,2,11,30;130,1,203;510,1,49;138,1,83;139,1,102;140,2,117,136;356,2,199,220;151,4,21,43,85,131;153,2,25,51;664,2,16,33;362,1,80;369,2,30,60;280,2,16,44;592,2,150,155;374,2,74,77;375,3,62,129,132;289,1,93;175,1,89;295,1,72;207,4,23,48,69,363;305,3,19,40,81;683,1,99;390,2,27,54;221,2,20,49
376,13,19:439,4,5,14,27,39;9,1,142;790,1,15;232,1,231;834,1,208;39,4,3,12,83,134;85,1,152;130,1,153;510,1,90;972,1,61;531,1,177;822,1,40;299,1,80
377,31,71:439,3,6,15,28;751,1,139;224,1,118;18,3,12,25,48;457,3,28,95,134;29,4,44,96,205,296;238,2,68,365;460,1,98;34,3,15,30,44;462,1,57;759,1,77;39,4,31,38,49,102;558,3,9,18,24;988,2,8,31;702,10,10,15,30,35,44,50,76,118,137,160;403,5,23,43,112,249,280;71,1,281;688,3,23,46,89;975,1,27;649,1,77;578,2,12,24;124,2,33,89;502,1,63;133,1,144;180,1,31;197,1,75;534,4,7,25,56,75;536,1,124;298,2,44,67;822,2,5,10;953,1,58
378,180,282:439,1,21;684,1,127;776,1,65;923,1,52;6,1,136;7,1,215;8,2,39,118;9,1,156;790,1,82;393,2,47,111;442,1,24;12,4,1,8,21,54;443,1,34;13,1,149;227,2,2,27;619,1,50;321,1,64;444,1,21;620,1,47;979,1,26;228,1,164;547,2,3,14;20,1,138;233,1,94;323,2,2,15;549,1,122;21,1,189;955,1,65;551,1,29;27,1,103;453,1,179;235,1,146;455,1,40;552,2,70,88;237,2,109,196;687,1,23;32,1,235;459,4,2,15,28,87;34,2,98,120;38,3,2,14,33;42,1,214;43,5,2,14,33,144,164;463,1,48;400,1,354;557,3,120,153,179;48,2,100,149;329,1,72;437,2,70,100;727,1,245;629,1,43;54,2,8,20;331,1,72;333,1,21;798,2,3,14;466,1,27;334,1,88;247,1,247;64,1,353;800,2,18,107;468,1,44;838,2,1,13;67,2,48,104;338,1,76;313,2,93,156;404,1,138;251,1,93;565,1,39;762,1,270;75,2,70,300;688,2,1,24;407,1,160;84,1,128;85,1,104;728,1,59;253,1,34;408,1,28;479,2,4,16;948,1,134;807,1,52;255,1,119;342,4,6,17,29,211;960,1,53;639,1,319;843,1,76;809,5,2,17,61,76,104;915,1,64;344,2,44,102;977,1,12;104,1,178;107,1,50;110,2,21,101;498,1,99;499,1,92;574,1,75;576,2,43,142;577,3,3,13,40;578,2,79,86;500,1,164;502,1,66;903,2,1,11;418,2,50,83;708,1,15;881,1,18;654,2,9,18;655,3,11,22,48;886,3,6,12,19;505,2,13,96;419,1,102;906,2,2,6;132,4,20,73,174,240;709,2,80,133;971,1,35;985,1,117;350,1,249;855,2,7,19;734,1,144;677,1,36;512,1,228;582,3,2,7,87;138,1,144;584,1,180;857,4,3,11,28,50;679,1,11;146,1,159;148,1,239;357,1,20;358,1,73;151,5,243,248,266,282,314;275,1,57;518,1,195;587,2,2,17;716,1,54;425,1,26;972,1,66;521,2,66,77;522,1,22;588,1,62;859,1,45;978,2,3,12;165,1,146;590,1,103;666,1,29;524,1,254;170,5,13,31,50,107,197;375,2,196,280;531,1,41;176,1,255;863,2,36,239;882,2,7,19;182,2,59,76;865,2,1,6;866,2,7,18;943,2,10,24;976,4,4,18,33,88;429,1,39;193,1,48;870,1,19;871,1,36;670,1,146;739,1,41;195,2,128,142;196,1,75;872,2,7,18;432,1,150;199,1,62;989,1,70;877,2,111,126;300,1,32;210,2,1,10;212,3,30,97,133;213,1,18;540,1,102;216,4,2,11,179,199;604,1,413;879,1,170;217,5,3,17,34,88,134;749,1,78;825,2,59,217;616,3,34,65,132;787,1,29
379,66,112:439,2,43,49;2,1,37;6,3,171,279,290;224,2,6,14;227,1,132;15,1,89;753,3,16,107,133;26,2,5,15;234,2,8,16;36,4,158,182,190,280;239,1,244;37,2,65,85;400,1,182;47,1,107;240,1,278;59,1,48;64,1,430;880,1,35;313,1,62;314,2,7,26;762,1,283;77,1,210;742,1,195;343,1,275;96,2,40,105;97,1,41;491,1,29;648,4,5,14,27,62;415,5,7,23,44,62,140;689,3,55,100,102;649,1,225;121,1,137;127,1,122;652,1,51;130,1,177;505,1,55;133,2,48,186;771,1,153;510,2,66,160;421,1,76;140,1,50;270,3,340,364,376;148,3,112,180,243;153,2,183,232;829,1,134;154,1,65;586,2,53,161;519,5,35,129,169,196,324;520,1,33;428,1,74;167,1,81;524,1,110;172,1,183;528,2,55,147;287,3,17,44,209;530,3,125,149,178;291,4,27,54,226,251;189,1,89;295,1,101;533,1,93;388,1,70;785,1,74;946,1,62;824,1,26;683,1,149;307,4,172,187,199,219
380,6,8:439,1,45;411,1,121;733,1,16;692,2,7,27;170,2,139,234;596,1,189
381,12,14:439,1,47;231,1,338;34,1,55;41,1,31;400,2,67,358;629,1,107;342,1,227;494,1,210;519,1,32;720,1,42;178,2,144,168;961,1,128
382,11,11:439,1,56;617,1,91;15,1,103;933,1,100;498,1,127;689,1,153;736,1,228;595,1,179;738,1,102;864,1,46;596,1,76
383,12,12:439,1,57;459,1,263;399,1,185;400,1,258;560,1,151;247,1,96;634,1,226;77,1,136;142,1,39;163,1,66;285,1,147;179,1,43
384,67,83:439,1,60;6,1,311;7,3,147,202,258;617,1,95;321,2,37,113;554,1,257;32,1,273;626,1,126;398,1,118;36,1,301;399,1,195;400,1,82;627,2,42,52;50,1,254;331,1,59;246,1,87;63,1,163;313,1,123;73,1,227;475,1,116;75,1,162;895,1,80;478,1,328;483,1,51;897,1,48;898,1,159;490,1,111;344,3,173,201,226;256,2,117,234;99,1,117;975,1,49;493,1,116;645,1,93;646,1,93;108,1,86;769,3,77,107,267;611,1,154;417,1,144;827,1,73;651,1,226;732,1,233;264,1,88;654,1,90;905,1,138;677,1,107;269,1,95;360,3,130,152,244;518,1,109;155,1,220;587,1,103;519,3,185,220,300;520,1,65;916,1,69;817,1,52;614,1,53;282,1,91;667,1,197;181,1,92;184,1,98;976,1,62;379,1,75;384,2,164,187;597,1,101;671,1,102;213,1,134;604,3,36,158,365;543,1,156
385,7,8:439,1,61;750,1,21;726,1,54;472,1,87;75,1,85;502,1,93;424,2,163,227
386,36,49:439,1,62;318,1,83;830,1,77;228,1,243;21,1,98;23,1,67;834,3,150,174,302;241,1,150;334,1,171;474,1,113;75,1,225;566,1,155;86,1,139;805,2,2,15;341,2,49,106;996,1,59;104,1,164;969,2,3,8;122,1,111;813,2,21,45;651,1,67;732,1,180;655,4,5,16,39,54;424,3,70,128,156;153,1,188;682,3,4,14,55;371,1,80;862,1,200;912,1,59;183,1,140;943,1,130;739,1,165;820,1,33;204,1,298;302,1,16;787,1,41
387,86,120:2,2,1,9;318,1,32;924,1,117;6,1,236;224,1,87;697,3,78,94,117;752,3,1,15,93;792,1,151;228,1,193;547,1,106;233,1,96;549,3,289,304,318;448,1,139;622,1,218;22,1,266;756,3,1,15,37;550,1,87;954,1,28;29,1,143;326,4,8,21,82,93;32,1,244;397,1,113;36,1,248;758,1,181;556,3,22,72,87;327,1,162;329,1,186;629,1,40;57,1,172;332,1,128;247,3,7,25,48;64,1,150;468,1,85;634,3,11,23,91;404,1,140;469,4,6,24,92,133;802,2,87,112;803,1,99;704,1,87;473,1,93;636,1,81;409,1,67;639,1,239;99,3,3,25,123;411,1,62;492,1,93;103,1,198;644,1,11;497,1,107;573,2,2,16;498,1,57;575,1,111;500,1,107;122,1,56;418,1,218;651,1,95;732,2,1,15;129,1,146;886,1,92;505,1,81;583,1,56;265,2,140,149;907,1,91;515,2,64,72;269,1,98;356,1,107;359,1,172;360,1,293;361,1,93;518,1,194;519,2,310,507;588,1,41;859,2,72,192;280,1,127;951,1,153;289,1,80;290,1,198;862,1,209;292,1,317;871,1,64;536,1,111;204,2,313,362;877,1,37;434,1,28;305,1,190;604,4,124,140,199,248
388,85,194:2,2,4,12;776,3,4,11,19;4,5,7,16,56,87,120;441,1,46;443,2,7,23;226,2,7,19;618,3,5,22,53;394,3,7,23,138;698,1,50;752,3,5,19,36;395,1,26;792,1,160;228,3,12,25,145;793,3,1,12,51;549,4,6,18,31,240;954,2,6,18;454,2,7,24;700,4,7,15,124,164;237,4,12,25,119,147;687,2,9,19;554,1,26;777,2,5,14;399,1,35;240,1,267;50,3,12,30,58;798,1,88;466,1,80;799,2,13,26;802,1,90;472,3,5,18,34;704,3,14,32,46;565,3,7,26,42;895,1,72;252,1,49;477,1,70;764,5,5,11,25,61,120;896,5,6,16,67,74,82;407,3,11,27,64;478,3,11,24,130;937,4,3,11,28,74;89,3,29,92,136;341,3,11,23,30;806,3,11,26,36;897,4,10,22,38,59;898,2,43,160;808,3,6,13,39;844,3,12,28,53;610,4,4,10,19,67;260,2,5,11;847,1,27;115,3,3,13,28;707,1,73;576,1,57;970,3,12,25,55;418,3,21,45,64;651,1,28;732,3,5,19,43;350,1,47;657,2,6,19;582,1,54;583,1,47;678,1,51;144,1,276;962,1,27;357,1,18;518,4,101,115,126,239;363,1,31;364,1,73;366,2,10,23;591,3,5,14,23;816,3,6,16,41;614,3,7,15,43;371,2,94,125;170,1,90;774,3,6,24,48;382,1,23;384,2,17,35;434,4,2,10,59,71;671,2,1,9;213,3,1,9,28;435,3,5,23,48;217,3,5,19,37;545,1,52;616,1,39;787,3,6,13,36
389,31,90:2,4,7,15,71,95;4,2,8,17;232,1,348;622,3,2,15,170;23,3,3,15,42;550,4,3,10,29,65;25,1,50;26,2,73,132;234,3,46,96,126;700,9,4,12,18,121,149,159,187,294,333;758,4,2,13,144,206;399,1,89;42,1,272;727,3,8,21,167;629,2,90,132;798,2,34,66;466,3,2,14,35;929,1,59;245,6,8,21,30,55,82,104;950,1,20;476,1,37;896,7,3,13,24,59,64,71,79;253,1,114;408,1,82;91,1,92;104,2,4,15;260,5,2,8,22,60,159;846,3,14,29,93;262,1,99;302,7,5,10,84,97,105,113,123;213,5,5,13,25,44,63
390,107,182:2,3,8,16,47;3,1,120;319,3,38,274,378;441,1,84;309,1,246;321,1,95;228,1,111;323,4,54,80,199,211;622,2,43,212;21,1,268;623,1,31;25,1,31;455,1,95;964,1,28;461,3,17,73,181;980,3,2,10,17;557,1,186;50,1,155;54,1,151;632,2,93,117;880,1,57;315,1,56;476,1,83;75,3,150,352,364;895,1,81;80,2,255,306;83,1,121;896,3,25,40,49;478,1,30;253,1,115;408,1,83;948,5,2,8,45,70,98;341,1,87;342,1,82;960,1,14;488,2,115,185;91,1,48;766,3,37,89,123;921,4,6,15,29,51;986,1,53;344,1,113;844,1,120;949,1,63;571,1,30;105,1,67;413,1,16;494,1,108;345,1,46;262,1,85;122,3,10,20,162;579,3,27,29,38;903,1,33;125,1,156;851,1,145;349,2,140,231;131,1,182;708,1,20;881,1,24;654,3,24,107,183;505,1,19;906,1,22;132,4,26,48,78,220;971,1,69;942,2,30,40;907,4,9,25,61,95;141,1,26;857,4,8,16,33,72;143,1,258;679,2,3,8;680,2,8,68;356,1,117;993,1,32;275,2,7,18;682,1,68;693,2,27,33;588,1,42;858,2,67,86;589,1,76;908,1,187;859,3,54,73,115;523,5,2,10,59,102,130;592,4,9,20,35,145;593,1,25;316,3,4,12,267;526,1,58;292,2,141,302;882,4,12,24,40,43;912,2,101,114;865,1,59;866,1,150;944,2,3,12;294,3,6,18,41;870,1,23;819,1,19;872,2,181,270;297,1,31;873,1,46;432,1,21;876,1,132;200,1,37;388,3,150,153,160;204,2,356,383;878,1,66;723,1,38;879,2,120,165;953,1,83;220,2,46,56
391,31,37:2,1,22;6,1,63;392,1,33;11,1,30;623,1,21;452,2,11,23;455,1,13;456,1,210;624,1,159;461,2,123,230;402,2,51,64;250,1,84;473,1,84;895,1,42;992,1,43;343,1,217;496,1,78;419,1,72;516,1,46;589,1,74;165,1,55;951,1,131;526,3,57,305,650;530,1,160;863,1,134;180,1,74;183,1,114;184,1,29;991,2,5,11;724,1,214;544,1,120
392,5,6:2,1,23;471,1,81;80,1,81;345,2,124,210;165,1,79
393,52,58:2,1,25;319,1,227;924,1,136;224,1,257;443,3,202,226,410;754,1,90;755,1,20;21,1,168;926,1,187;38,1,138;43,1,138;48,1,196;465,1,153;52,1,345;559,2,1,14;333,1,95;310,1,34;60,1,153;64,1,142;760,1,111;403,1,306;338,1,127;935,1,36;80,1,254;407,1,138;478,2,168,373;780,1,166;949,1,57;642,1,106;109,1,118;884,1,272;851,1,99;419,1,73;580,1,124;581,1,168;422,1,97;516,1,44;146,1,51;356,1,208;362,1,215;858,1,252;526,3,96,235,317;182,1,53;293,1,65;866,1,174;872,1,205;317,1,36;388,1,148;299,1,34;823,1,114;888,1,101;544,1,121
394,29,31:2,1,26;830,1,153;885,1,16;224,1,22;21,1,223;926,2,41,192;326,1,169;626,1,234;73,1,58;407,1,139;478,2,95,374;253,1,183;87,1,173;409,1,86;842,1,43;259,1,36;118,1,52;851,1,104;503,1,149;781,1,196;505,1,47;419,1,54;907,1,128;143,1,133;858,1,253;860,1,79;286,1,32;863,1,171;603,1,82
395,7,8:2,2,27,80;397,1,169;703,1,54;99,1,105;412,1,200;502,1,49;724,1,224
396,12,24:2,2,28,53;396,1,53;448,1,141;622,2,13,26;550,4,7,14,33,72;42,2,9,25;91,1,95;645,3,11,22,86;494,2,32,58;646,3,11,22,86;724,1,60;220,2,41,125
397,46,66:2,1,31;790,1,49;697,1,142;548,1,279;21,3,41,55,123;835,1,156;554,1,230;777,2,105,161;32,1,41;459,1,145;43,2,8,20;44,2,13,26;437,1,210;52,1,53;53,1,27;632,1,137;778,2,8,16;472,1,160;487,2,87,228;98,6,110,120,134,145,160,191;256,1,135;257,1,210;258,1,43;975,1,51;675,1,75;645,1,82;494,1,59;646,2,58,82;769,3,45,64,93;112,1,162;115,2,34,85;995,1,52;811,2,78,83;121,1,64;851,2,71,89;503,1,171;691,1,57;781,1,125;519,1,352;369,1,100;991,1,113;203,1,381;785,1,72;604,1,174;825,1,191;616,3,72,137,164
398,88,187:2,1,36;440,5,3,12,66,106,233;9,4,1,10,46,79;618,1,206;15,2,64,117;698,1,134;752,2,164,277;231,3,19,44,58;20,5,8,19,42,84,93;22,2,44,120;834,1,288;686,1,53;27,1,221;30,1,62;37,2,64,84;403,5,79,187,225,329,387;69,3,102,129,138;634,1,241;71,1,61;469,1,193;471,2,7,17;475,1,144;894,3,6,18,46;934,4,5,17,31,44;762,3,6,19,63;75,5,372,442,508,547,563;566,1,87;407,1,210;936,2,10,21;84,1,68;478,2,274,281;253,6,8,22,42,64,79,193;408,6,10,21,36,46,161,170;86,2,111,164;480,1,113;939,2,6,20;977,2,2,7;975,4,1,10,33,42;768,2,1,12;345,1,67;113,3,1,11,23;689,2,54,99;120,2,151,170;812,2,1,9;649,2,128,157;901,2,1,14;902,4,1,6,26,73;970,1,42;126,1,154;827,3,82,92,151;813,4,6,16,33,75;651,2,176,231;652,3,95,147,212;732,2,73,104;264,1,63;131,3,295,310,336;708,1,4;133,5,101,114,146,185,229;771,1,123;677,1,153;658,1,134;583,1,74;828,4,1,9,31,69;139,1,141;142,1,66;662,1,73;715,1,300;144,1,124;424,3,7,19,93;773,3,3,13,23;152,1,251;153,4,125,210,242,273;587,2,4,19;167,1,87;524,3,72,212,225;375,1,142;189,1,101;533,4,71,92,98,175;432,1,140;601,1,98;538,1,326;946,1,72;824,4,25,33,74,129;305,1,101;748,1,104;953,1,31;749,1,68;825,2,116,144
399,1,1:2,1,38
400,19,19:2,1,41;3,1,52;696,1,147;224,1,270;754,1,103;834,1,279;926,1,179;333,1,69;310,1,99;632,1,113;965,1,74;482,1,87;676,1,85;646,1,40;345,1,187;111,1,92;660,1,91;273,1,245;364,1,181
401,2,2:2,1,44;156,1,234
402,64,141:2,1,49;319,1,377;6,2,346,380;885,1,23;392,1,41;753,3,36,71,115;444,2,3,13;232,1,261;622,4,6,19,47,224;26,1,32;453,1,199;926,5,4,16,112,151,182;34,9,2,17,101,158,172,202,222,235,268;461,3,153,202,221;42,2,219,251;556,1,98;62,4,7,23,48,82;249,2,6,18;741,3,10,20,26;73,3,7,23,40;802,3,4,16,45;472,2,59,153;803,1,62;704,1,193;635,2,76,135;894,2,2,14;565,1,56;406,1,95;75,1,609;340,2,3,14;77,1,215;636,2,2,13;81,5,2,14,43,71,94;765,1,58;91,3,8,27,63;957,1,108;100,2,99,189;492,2,1,9;104,1,190;494,1,28;117,2,10,30;574,2,94,118;122,4,9,19,100,161;747,1,63;690,1,40;130,3,11,25,186;691,2,41,65;264,1,80;131,3,69,169,322;653,2,20,135;512,2,213,257;828,1,113;516,1,181;424,1,135;666,1,143;526,12,1,16,23,38,46,176,196,228,253,278,352,374;721,1,53;433,2,66,234;914,1,60;601,1,49;603,3,46,49,90;305,3,2,23,50;748,5,1,18,38,58,84;216,1,98
403,15,15:2,1,54;753,1,111;794,1,139;311,1,205;778,1,112;71,1,170;779,1,150;489,1,85;415,1,86;653,1,16;424,1,43;360,1,203;365,1,61;736,1,104;204,1,169
404,11,11:2,1,55;834,1,183;399,1,45;67,1,252;469,1,75;473,1,365;779,1,151;489,1,86;514,1,218;989,1,53;204,1,170
405,43,56:2,2,58,98;309,1,23;605,1,68;224,1,195;618,1,63;791,2,13,31;754,1,37;955,1,22;24,1,39;687,1,138;33,1,141;37,2,8,20;927,3,8,19,37;50,1,163;836,1,46;401,1,143;632,1,110;468,2,17,38;761,3,21,47,71;633,1,45;315,1,38;931,3,12,28,56;83,1,39;410,1,57;257,2,127,221;676,1,109;689,2,8,20;120,1,370;128,1,179;692,1,65;268,1,69;144,1,361;424,1,195;271,1,145;272,1,155;284,1,152;187,1,201;295,1,184;379,1,42;196,1,48;317,1,65;433,2,154,174;724,1,69
406,67,133:2,2,61,100;5,1,35;924,2,16,34;605,1,89;618,3,11,28,66;752,1,98;548,1,225;436,1,221;685,3,10,22,38;926,1,162;983,1,84;624,3,3,7,31;242,2,104,168;243,1,22;53,4,3,8,21,112;310,1,21;632,1,84;67,2,124,172;565,2,18,37;478,1,352;482,1,24;483,2,13,28;729,1,49;809,4,4,19,138,163;915,1,85;99,1,153;849,1,42;132,2,33,262;709,2,7,16;971,3,8,19,40;710,3,3,7,13;659,3,11,23,37;162,3,8,17,284;163,2,8,24;919,4,10,21,38,53;164,1,99;920,1,59;166,3,10,21,40;666,5,2,15,52,127,146;720,1,37;169,1,40;667,2,13,28;290,2,7,27;531,3,58,68,116;175,1,172;887,1,28;862,3,12,25,45;889,1,56;184,1,43;976,1,138;695,3,11,23,50;196,3,11,24,37;721,4,5,19,56,100;204,4,11,25,34,423;205,3,6,13,33;883,3,15,35,122;877,1,79;914,3,16,33,55;775,1,49;538,3,41,257,293;539,1,58;878,1,57;435,4,12,30,62,127;217,1,52;545,1,66;786,2,15,35;221,1,78
407,109,194:2,1,68;924,2,6,24;618,4,9,26,50,102;394,1,53;227,1,113;321,1,147;17,3,37,189,210;231,1,187;453,1,49;826,1,42;236,1,146;626,1,77;460,1,83;399,3,138,238,256;400,2,125,295;329,5,18,39,53,120,181;51,1,163;56,2,43,327;559,1,112;560,1,94;59,2,58,269;60,1,162;632,1,220;468,1,170;66,1,58;337,2,6,19;470,1,33;75,3,3,11,26;252,1,37;936,1,133;88,1,49;489,1,74;343,1,79;96,2,60,146;98,1,98;344,1,55;257,1,194;102,1,59;103,2,126,222;940,1,92;108,1,149;114,2,6,14;499,3,9,29,45;122,1,26;849,3,6,19,51;348,2,3,9;502,1,31;731,2,81,124;418,3,18,42,61;263,2,9,26;129,3,2,21,109;708,2,13,29;132,6,58,71,87,172,182,197;709,1,219;971,3,4,15,27;512,1,195;137,1,31;138,3,8,30,98;265,5,3,20,58,91,115;143,1,204;515,1,93;353,2,69,142;270,3,72,160,183;148,1,106;151,3,10,32,272;152,1,131;153,2,8,34;743,2,2,14;276,2,4,26;278,2,8,35;156,6,5,25,59,130,231,241;157,4,4,34,78,188;158,1,109;159,1,122;426,2,7,27;161,1,97;162,1,175;916,1,21;165,1,128;280,1,198;167,2,18,47;169,1,37;817,3,2,13,24;614,1,103;282,3,3,23,52;373,3,12,33,50;316,1,376;526,2,547,620;172,1,165;173,1,60;291,3,11,38,74;175,3,17,43,77;179,1,89;185,1,57;187,1,53;534,1,98;874,1,33;202,2,50,163;945,1,48;203,3,9,25,36;299,3,2,17,176;538,2,3,23;540,1,84;543,1,81;545,1,55;218,1,94;787,1,96;221,4,3,32,166,215;546,1,160
408,78,117:2,1,73;319,1,201;750,1,49;885,1,54;619,1,118;230,1,228;231,1,327;20,3,6,17,35;548,1,169;755,4,24,41,75,129;232,1,414;955,1,59;25,1,81;27,3,3,16,28;456,1,33;794,1,18;461,1,197;928,1,113;42,1,164;327,1,249;241,1,209;242,1,83;249,1,53;760,4,12,49,64,115;741,1,48;339,1,79;933,1,56;340,1,54;77,5,1,16,47,189,241;80,3,153,188,195;253,1,190;408,1,159;341,1,120;485,1,97;343,1,83;100,1,148;103,3,2,13,219;412,1,147;571,1,126;413,1,86;706,1,38;108,3,2,13,140;770,2,76,107;416,1,100;747,1,77;850,2,8,27;131,1,51;505,3,1,6,79;506,1,133;985,2,9,26;350,1,212;136,1,117;580,2,8,25;581,3,8,19,180;854,2,8,27;512,3,166,249,268;142,1,82;679,1,14;680,1,18;148,2,172,280;524,1,230;170,5,8,26,46,148,181;526,1,634;595,1,211;288,2,5,38;912,1,120;866,1,110;952,1,57;596,1,298;379,2,2,15;380,1,94;872,1,141;821,1,198;874,1,48;317,1,172;301,1,27;683,2,172,192;307,1,215
409,11,11:2,1,74;617,1,92;551,1,139;44,1,213;403,1,348;974,1,154;694,1,135;524,1,229;595,1,210;317,1,231;207,1,160
410,1,1:2,1,76
411,4,5:2,1,79;48,1,201;540,1,42;603,2,9,18
412,28,37:2,1,82;6,1,381;392,5,10,24,63,102,169;455,2,16,55;795,1,152;35,2,13,28;41,1,193;44,1,356;248,1,104;474,1,61;76,2,65,93;342,1,134;487,2,250,302;639,1,121;502,1,24;125,1,89;690,1,38;654,1,27;709,2,5,14;268,1,99;152,1,216;530,1,84;958,1,176;739,1,125;203,1,398;207,1,320;306,1,309;219,1,44
413,3,3:2,1,83;662,1,117;432,1,106
414,13,15:2,1,90;322,1,29;323,1,109;46,1,34;103,2,30,51;649,1,38;153,1,54;155,1,155;718,1,95;909,1,76;286,2,86,107;182,1,124;187,1,116
415,37,52:2,1,92;3,1,132;319,1,312;309,1,234;14,1,20;826,1,100;673,2,8,16;40,2,6,12;399,6,11,22,37,208,213,289;42,1,36;240,1,38;54,1,31;310,1,30;311,2,106,154;64,1,36;403,1,30;473,1,386;80,2,225,309;343,1,127;103,1,35;649,1,37;851,1,15;154,1,50;586,1,31;743,1,31;990,3,6,16,126;159,1,174;693,1,78;595,1,43;286,3,75,85,155;998,1,14;297,2,1,5;317,1,39;298,1,88;822,1,50;198,1,34;211,2,25,86
416,27,38:2,1,102;790,1,74;752,5,100,141,177,185,225;229,1,32;21,1,129;24,1,133;963,1,43;624,1,234;252,1,88;83,1,119;566,1,174;478,1,362;87,1,81;488,2,62,120;99,3,18,40,155;103,2,103,157;108,1,28;135,1,165;268,1,81;585,1,84;153,1,206;882,1,58;182,2,19,38;604,1,261;217,2,72,116;545,1,78;218,2,67,126
417,31,32:2,1,105;4,1,32;7,1,227;10,1,27;20,1,72;23,1,124;757,1,25;34,1,163;928,1,19;39,1,131;313,1,95;73,1,177;75,1,417;948,1,23;86,1,36;769,1,154;576,1,96;650,1,90;502,1,68;350,1,181;136,1,55;665,1,55;164,1,78;719,1,96;817,1,55;861,1,53;181,1,99;295,1,59;380,1,19;821,2,173,204;598,1,53
418,1,1:2,1,109
419,1,1:2,1,112
420,28,52:3,4,2,11,23,117;442,1,23;12,2,44,115;697,5,4,16,102,169,193;446,2,3,11;955,1,17;423,1,191;679,1,44;519,1,39;520,2,108,152;521,1,92;693,4,1,5,47,77;588,3,2,8,30;426,1,198;160,1,59;161,2,57,96;279,1,47;590,3,8,17,128;170,1,192;882,2,6,18;865,1,24;185,1,184;187,1,48;296,1,27;380,3,6,13,27;431,4,7,15,29,71;873,1,45;876,1,176
421,1,2:3,2,4,13
422,30,36:3,2,5,14;5,1,73;6,2,190,269;224,1,67;740,1,76;461,2,3,10;464,1,48;310,1,35;337,1,152;314,1,223;339,1,186;341,1,65;91,1,87;639,1,247;102,1,193;103,1,205;500,1,128;506,2,2,10;136,1,106;512,1,59;142,1,33;365,2,12,29;427,1,90;817,1,53;176,1,207;178,1,35;432,2,110,162;989,1,28;204,1,363;207,1,314
423,80,157:3,4,9,18,76,124;319,1,91;440,1,34;6,2,54,332;309,2,85,274;790,1,129;392,1,173;443,1,149;697,1,54;322,3,1,11,27;547,7,36,45,47,64,98,172,228;231,2,169,183;548,2,126,278;22,3,10,21,40;673,2,2,10;553,1,13;701,2,140,177;459,1,289;398,1,142;461,1,79;399,1,242;240,1,154;58,1,78;631,1,102;800,1,113;674,4,16,32,74,91;703,2,8,16;404,1,34;339,1,135;405,1,128;86,1,51;254,1,45;342,2,10,21;487,1,57;343,2,125,253;490,3,2,23,45;258,1,42;103,1,68;412,4,42,58,224,242;116,2,7,17;499,3,2,22,58;347,2,10,27;126,1,114;503,1,170;781,5,13,26,116,120,124;886,1,32;135,5,11,22,41,64,101;677,1,41;512,1,42;515,1,35;358,1,126;275,2,11,22;716,3,10,36,77;161,1,70;523,2,8,16;427,2,69,82;281,1,72;316,1,366;526,1,454;377,2,12,25;286,6,2,10,99,132,134,142;528,4,12,37,62,209;174,5,77,86,117,215,252;288,1,147;530,7,11,22,53,92,121,138,146;290,4,9,29,56,163;818,2,123,140;378,1,54;870,1,50;533,2,31,103;432,1,86;384,1,130;299,1,78;946,1,197;602,1,363;540,4,6,12,24,123;603,2,62,71;604,1,173;544,1,86;546,3,2,26,105
424,1,1:3,1,20
425,26,33:3,2,21,46;924,1,139;393,1,39;395,1,72;30,1,42;36,1,45;327,1,357;796,1,51;78,1,59;688,1,52;254,1,113;343,1,81;609,1,81;119,1,171;263,3,41,131,178;971,1,59;267,2,37,173;144,1,309;367,1,93;168,1,226;372,1,62;184,1,172;430,2,50,115;534,2,18,36;384,1,296;945,2,1,7
426,89,162:3,1,24;744,1,21;790,2,104,143;955,1,62;453,1,130;237,1,132;461,2,55,77;36,2,75,225;240,7,57,138,149,158,218,233,256;52,4,86,93,346,355;242,2,172,211;796,1,29;401,5,21,65,119,157,164;333,1,107;702,2,1,21;246,3,2,22,48;561,1,115;62,1,137;402,1,59;67,1,180;470,2,2,9;251,1,53;762,1,50;779,2,3,18;479,2,6,18;948,2,69,139;638,4,3,12,46,71;343,1,66;843,3,2,14,27;809,1,34;986,1,37;114,1,68;689,2,66,168;649,1,181;650,3,2,14,84;849,1,77;851,1,140;886,1,55;132,1,277;710,3,1,5,22;985,1,114;613,3,14,33,57;771,1,73;420,1,96;658,1,81;423,7,2,11,20,69,188,272,338;143,1,241;679,2,2,7;516,2,119,143;354,1,97;360,1,106;274,1,309;156,2,185,192;693,3,108,128,146;161,1,72;859,1,53;523,1,66;165,1,200;427,3,11,27,89;666,3,39,83,175;169,2,51,71;285,1,338;526,1,142;882,1,60;987,4,2,8,24,49;182,1,58;889,2,41,146;869,3,1,13,102;870,2,36,40;533,1,150;819,2,2,10;380,1,89;534,3,3,21,83;873,1,31;298,1,61;822,1,58;198,2,37,107;388,1,163;202,1,144;204,1,291;206,1,68;785,2,3,15;946,1,196;214,1,150;544,1,23;217,3,14,28,51;545,4,7,25,43,87;218,4,1,23,61,290;786,2,275,278
427,52,104:3,2,28,78;319,1,285;7,2,57,146;12,3,6,13,27;697,10,3,15,40,74,81,99,112,122,136,176;446,1,25;322,1,35;19,3,5,13,34;436,7,4,10,15,36,52,113,194;461,1,35;40,1,36;46,1,75;48,4,1,3,96,172;465,2,9,18;54,1,57;310,1,15;60,1,167;61,1,45;631,6,8,20,42,92,136,148;339,1,64;762,1,49;81,1,35;478,1,114;254,1,25;638,2,40,49;343,1,60;103,2,46,91;111,3,10,22,43;516,1,33;519,1,17;693,1,49;522,3,6,16,108;588,1,29;161,1,88;279,1,122;373,1,106;316,6,8,16,30,322,338,372;286,1,128;530,2,8,19;289,4,44,156,202,278;182,1,61;194,1,84;820,1,64;380,3,5,12,25;431,3,28,37,70;876,1,107;722,2,7,15;199,2,9,23;989,2,5,11;384,1,340;945,1,39;946,1,202
428,12,24:3,2,32,119;319,3,37,137,288;19,1,146;673,1,56;40,4,5,11,25,126;312,1,19;255,1,25;345,1,99;151,2,9,31;523,3,1,9,140;170,3,12,30,71;296,2,3,7
429,6,6:3,1,34;238,1,103;344,1,98;675,1,81;733,1,81;430,1,129
430,22,25:3,1,36;696,1,50;442,1,20;548,1,38;621,1,58;456,1,30;61,1,69;405,2,8,19;479,1,112;494,1,20;419,1,25;352,1,41;365,1,133;717,1,67;590,1,39;166,3,8,19,38;526,1,76;291,1,148;863,1,110;296,1,40;913,1,27;299,1,101
431,1,1:3,1,37
432,23,26:3,1,39;7,1,35;549,1,152;21,2,227,264;325,1,97;458,1,34;54,1,41;401,1,18;244,1,24;248,1,46;762,1,211;639,1,416;747,1,28;942,1,33;522,1,104;316,2,307,328;917,1,19;863,1,183;866,1,151;872,2,182,271;197,1,30;535,1,34;536,1,40
433,11,12:3,1,40;458,1,85;461,1,102;53,1,98;778,1,204;742,1,83;256,1,386;658,2,137,216;180,1,167;825,1,159;306,1,212
434,2,2:3,1,49;958,1,47
435,14,18:3,1,54;955,1,11;453,3,2,13,129;28,1,16;58,1,209;64,1,212;585,3,1,17,34;365,1,124;371,1,187;316,1,244;285,1,41;289,1,28;874,1,21;945,1,18
436,43,58:3,1,61;441,1,39;792,1,123;19,3,2,10,18;832,1,21;397,3,2,13,24;398,2,3,13;40,1,100;41,1,131;401,2,123,131;58,1,157;950,1,36;248,1,49;760,1,104;778,3,66,71,140;313,1,117;779,2,2,17;568,1,58;409,1,161;489,1,173;766,1,128;102,2,140,192;810,1,33;768,1,26;650,1,28;691,1,25;264,1,200;709,1,170;135,1,109;422,3,1,12,61;146,1,24;424,1,170;773,1,55;147,1,33;359,1,188;160,1,54;166,1,24;182,4,1,20,54,91;912,1,27;198,1,197;434,1,18;878,1,24;544,1,28
437,6,6:3,1,64;319,1,222;10,1,39;479,1,95;409,1,162;879,1,102
438,10,12:3,1,67;309,1,40;926,1,40;311,1,60;742,1,247;103,1,25;900,1,62;990,3,5,15,125;316,1,41;286,1,74
439,2,2:3,1,68;822,1,48
440,1,1:3,1,70
441,2,2:3,1,72;423,1,28
442,35,59:3,1,79;320,1,25;12,3,7,14,28;697,1,41;445,1,46;446,1,26;323,2,5,18;436,1,219;46,1,71;54,1,58;342,3,11,22,36;345,1,131;111,4,12,24,45,102;655,1,91;423,4,4,13,22,237;159,4,8,20,38,50;519,2,18,44;521,2,6,20;522,1,110;161,1,89;162,1,178;164,1,82;666,2,9,22;179,1,83;987,3,6,12,30;182,1,62;912,3,4,16,32;865,1,75;295,1,75;429,3,10,20,65;870,1,51;739,1,51;913,1,49;722,2,8,16;209,1,62
443,33,42:3,1,81;319,1,287;789,1,98;440,3,43,213,257;698,1,49;231,1,170;34,2,238,252;35,1,72;42,1,153;311,1,405;778,1,87;68,1,217;636,1,47;480,1,230;996,1,54;808,1,76;984,1,53;747,1,133;126,2,21,166;771,1,70;362,1,157;275,1,65;587,1,141;163,1,136;165,3,40,217,232;372,3,8,28,47;316,1,273;526,1,85;871,2,2,8;875,1,33;722,1,19;299,1,283;683,1,24
444,3,3:3,1,84;884,1,387;875,1,36
445,36,38:3,1,86;12,1,39;697,2,83,139;25,1,92;699,1,172;41,1,129;332,1,104;703,1,31;315,1,130;488,1,91;96,1,165;97,1,186;884,1,72;130,1,92;781,1,102;132,1,190;350,1,116;421,1,71;352,1,73;140,1,223;424,1,231;359,1,76;360,1,173;151,1,319;716,1,74;919,1,50;279,1,133;369,1,95;590,1,94;178,1,27;179,1,110;870,1,113;596,1,79;534,1,130;876,2,171,180;604,1,242
446,155,453:3,1,89;923,3,3,9,26;750,2,5,14;924,3,5,23,103;440,4,6,15,229,250;7,2,77,167;790,2,60,69;392,4,7,21,96,166;224,3,36,49,150;225,4,14,28,93,170;12,2,158,172;443,6,45,133,313,324,337,381;226,1,128;618,2,17,34;394,4,16,32,63,142;791,2,107,118;752,3,11,25,262;445,2,69,132;395,1,78;792,1,207;18,1,70;547,2,132,190;793,4,6,17,27,106;231,1,240;20,4,11,22,39,112;755,1,141;232,1,96;323,1,125;549,2,374,433;833,3,2,11,25;22,6,3,14,33,167,263,278;955,2,49,80;963,5,5,16,61,87,110;27,8,6,19,32,75,83,112,185,225;237,3,9,22,55;30,3,23,45,87;625,3,26,68,76;687,4,61,68,73,114;31,1,42;701,4,3,10,19,67;33,2,25,132;928,1,56;399,1,288;798,3,6,17,73;248,4,9,28,103,119;468,2,54,159;760,1,96;761,5,9,35,59,125,134;402,3,12,30,43;403,1,104;838,4,98,102,220,240;674,1,82;69,6,3,12,25,99,133,188;71,5,9,25,148,233,252;72,4,6,15,32,57;471,3,10,20,42;802,5,12,24,52,110,144;472,2,115,139;635,1,132;932,1,88;607,4,2,21,183,223;75,4,201,438,461,597;340,1,71;78,4,2,10,18,62;79,2,5,21;252,1,80;477,3,26,64,89;80,6,6,13,84,156,159,278;83,3,22,50,116;764,4,47,76,136,150;407,2,3,19;936,3,60,118,156;84,3,3,18,52;567,1,49;478,2,141,157;253,2,61,196;408,2,164,167;86,1,171;805,3,7,20,63;806,2,15,30;729,3,2,13,27;342,1,90;996,3,13,27,72;960,4,2,8,17,48;488,1,154;99,5,10,32,54,138,208;258,3,2,11,32;977,2,5,10;975,2,4,13;706,2,7,19;810,2,2,18;847,1,59;769,4,10,20,168,282;111,2,108,122;984,2,19,39;120,6,6,22,43,188,276,367;812,4,4,12,20,48;574,4,13,26,38,71;500,1,47;970,3,3,16,45;122,1,185;501,2,71,130;124,1,72;502,3,3,12,30;126,1,75;851,7,3,9,28,38,47,55,66;827,2,8,27;813,4,2,12,29,49;418,4,14,38,60,213;652,11,3,24,45,98,113,156,175,207,220,230,254;732,2,30,172;263,7,5,22,37,82,87,150,187;691,1,86;264,6,2,16,43,132,165,190;131,3,245,260,325;504,1,227;655,1,130;905,3,13,29,144;419,2,3,7;135,1,138;734,6,8,16,86,100,149,160;512,1,279;658,1,111;139,3,2,24,206;142,2,21,46;584,5,6,20,99,141,244;267,5,2,17,33,109,151;268,3,17,39,91;585,5,52,135,163,189,199;144,9,11,35,63,104,176,199,222,272,284;146,4,4,15,36,132;424,1,255;773,3,6,16,26;147,2,5,17;153,5,7,33,60,92,129;664,1,111;783,4,2,16,39,151;590,1,115;168,1,199;524,2,220,270;667,5,2,17,44,163,188;669,3,9,28,52;532,3,19,39,81;193,3,140,153,192;670,6,6,16,24,56,99,199;739,6,5,15,33,67,101,135;432,1,103;200,1,145;212,6,2,7,16,38,138,160;602,8,7,19,30,77,224,269,320,419;723,1,26;543,1,163;879,3,20,41,132;544,1,72;953,4,4,15,34,86
447,53,80:3,1,96;318,1,133;7,1,58;8,2,12,24;225,1,40;12,2,56,152;697,2,51,91;19,1,64;323,3,30,85,176;324,1,37;436,3,16,95,114;955,1,69;456,1,58;35,2,10,25;36,1,52;40,1,61;46,2,14,28;48,1,19;312,1,88;75,2,120,256;342,1,216;411,2,25,64;848,1,16;128,1,160;886,1,29;423,4,107,149,226,352;714,3,5,16,43;516,1,98;520,2,26,143;521,2,40,108;693,1,129;522,3,7,17,34;588,2,54,68;162,1,200;666,1,50;167,1,108;284,1,189;292,1,276;179,1,37;987,1,42;911,2,36,71;912,1,158;189,1,116;378,3,9,28,42;596,1,290;431,1,76;873,1,54;722,1,58;199,3,10,24,44;209,1,73;543,2,7,29;307,1,233;220,1,83
448,25,39:3,1,97;319,1,154;684,1,108;11,2,14,28;13,3,58,63,80;834,1,115;795,1,47;314,1,82;255,1,122;921,2,61,119;118,3,108,119,176;582,1,90;155,1,203;520,1,66;521,3,35,63,119;160,1,23;166,1,62;720,1,87;183,2,123,199;185,2,26,182;187,2,180,197;429,1,49;381,4,56,62,69,86;317,1,74;383,1,123
449,16,23:3,1,99;446,2,4,12;832,1,49;707,1,89;521,2,4,18;693,1,91;588,1,27;426,3,120,138,162;862,2,103,162;180,1,115;912,2,172,227;378,1,79;195,1,44;876,1,174;722,1,27;204,2,78,168
450,31,43:3,1,101;6,1,191;229,1,26;329,1,66;836,1,128;55,1,88;248,1,88;402,5,2,20,37,110,195;336,2,13,32;340,1,44;566,1,24;957,1,63;257,5,17,35,95,159,197;345,1,51;112,1,65;115,1,129;415,1,134;122,1,192;131,1,362;145,1,50;152,3,19,50,83;159,1,146;908,1,159;289,2,55,248;531,1,190;862,1,80;378,1,103;596,1,193;914,1,49;539,1,39;786,1,165
451,50,81:3,1,102;12,1,122;323,1,197;33,1,202;40,1,56;241,1,267;950,1,61;337,1,54;254,1,112;767,3,6,12,40;921,1,56;730,1,140;901,1,51;347,1,92;582,1,74;907,1,122;354,1,48;355,1,66;356,1,37;149,1,52;360,5,91,128,140,183,245;518,1,252;858,1,173;859,1,88;735,1,39;665,2,51,66;162,4,57,181,247,297;163,4,13,29,140,168;920,5,3,15,32,41,62;666,4,41,105,113,147;370,3,7,22,57;170,1,163;372,2,49,61;887,4,29,51,56,66;178,1,163;179,4,74,78,223,247;181,2,144,157;911,1,39;182,1,67;865,1,86;867,1,53;976,1,77;380,1,112;874,1,84;384,1,143;202,1,134;597,2,73,84;205,1,61;883,1,233;878,1,79
452,2,3:3,1,107;446,2,36,65
453,1,1:3,1,109
454,102,148:3,1,112;440,1,100;309,1,226;12,2,16,30;617,1,116;725,1,95;16,1,27;792,1,150;548,1,200;622,1,101;436,1,227;551,1,25;699,2,69,72;235,1,160;794,1,51;555,2,135,157;964,3,2,8,21;238,1,312;48,3,91,136,208;51,1,94;560,3,4,21,83;310,1,73;466,1,57;334,1,197;66,2,41,87;67,1,74;312,1,77;338,1,51;315,1,110;473,4,10,26,197,487;475,2,14,127;895,2,32,64;82,1,107;87,1,27;482,1,35;342,4,2,13,24,54;960,1,49;93,1,141;638,1,105;343,3,1,18,161;766,1,129;98,1,62;915,1,26;99,2,133,192;949,2,2,8;730,3,32,77,101;642,1,102;940,4,2,12,43,74;676,1,80;643,2,107,115;496,1,72;113,1,49;902,2,12,35;903,2,10,20;654,4,5,14,20,197;655,2,46,93;905,1,122;710,1,54;613,1,99;135,1,110;856,2,84,113;421,1,119;907,1,56;141,3,79,165,170;268,1,95;715,1,38;773,1,56;353,1,76;355,1,46;356,6,1,13,33,66,106,251;149,1,18;358,1,119;151,1,312;363,1,76;972,1,102;159,1,45;858,1,239;735,1,44;523,1,97;366,1,151;590,1,101;427,2,12,28;168,1,209;614,1,78;316,1,170;526,1,427;288,1,145;531,1,128;292,1,314;182,1,74;943,1,125;194,1,46;198,1,198;388,1,45;201,3,1,13,98;945,1,27;203,2,126,392;888,1,63;602,1,432;749,1,76;825,1,197;616,1,141
455,1,1:3,1,114
456,2,3:3,1,116;343,2,9,26
457,9,9:3,1,126;443,1,405;757,1,60;559,1,80;703,1,123;733,1,197;173,1,132;820,1,50;875,1,51
458,29,29:3,1,127;225,1,137;834,1,278;24,1,144;983,1,78;956,1,114;48,1,204;465,1,228;631,1,142;63,1,39;704,1,184;933,1,108;488,1,167;639,1,359;345,1,217;500,1,113;579,1,181;128,1,217;985,1,112;512,1,283;715,1,286;159,1,162;316,1,290;818,1,94;176,1,19;186,1,93;433,1,201;388,1,93;724,1,216
459,1,1:3,1,129
460,19,25:3,1,131;622,1,187;21,1,267;926,1,191;838,1,125;633,1,51;75,1,147;479,1,48;996,2,8,22;489,1,136;98,1,97;715,4,2,18,56,176;682,1,47;919,1,24;526,3,126,160,312;863,1,120;185,1,124;952,1,77;199,1,94
461,36,39:3,1,134;4,1,90;5,1,75;8,1,101;21,1,87;834,1,240;29,1,256;332,1,204;58,1,182;631,1,145;250,1,157;253,1,162;87,2,52,109;481,1,87;960,1,59;412,1,125;648,1,23;884,1,363;651,1,68;128,1,220;133,2,28,110;657,2,118,126;733,1,45;142,1,132;715,1,129;358,1,85;366,1,166;368,1,59;783,1,119;370,1,77;316,1,32;595,1,204;596,1,84;204,1,299;883,1,207;603,1,38
462,41,88:318,3,1,7,86;830,1,135;6,5,77,84,135,181,204;744,1,71;441,1,69;227,5,9,34,53,97,154;619,5,5,29,82,132,186;752,1,44;20,1,151;232,1,225;756,1,103;27,1,179;453,1,59;29,2,314,345;927,2,51,71;40,3,26,32,90;727,1,146;560,3,139,215,237;245,1,66;69,2,74,177;469,2,40,172;73,1,222;406,5,5,15,30,67,84;763,1,156;566,4,9,19,53,224;840,5,5,15,28,61,85;742,1,273;90,1,116;99,3,104,132,191;345,5,1,6,12,145,222;109,4,56,75,104,148;575,1,120;122,4,4,14,70,173;131,1,124;653,2,48,55;904,2,39,85;782,1,24;515,1,44;145,1,94;588,1,102;601,1,74
463,10,17:318,3,2,8,87;75,2,127,313;763,2,35,147;87,1,72;412,1,209;345,4,2,7,13,223;747,1,32;905,1,141;917,1,78;302,1,32
464,2,6:318,3,4,10,128;912,3,11,23,39
465,19,30:318,5,5,11,23,67,130;697,1,168;752,1,227;445,2,14,31;237,1,176;31,3,11,25,56;956,2,68,101;248,1,63;838,1,105;410,1,51;984,1,58;125,2,38,44;771,1,168;144,1,76;669,1,69;295,2,4,24;378,2,5,24;721,1,43;200,1,93
466,94,264:318,3,6,12,96;319,3,71,129,234;13,3,52,161,189;622,1,242;325,1,230;326,6,6,19,34,44,103,166;44,4,10,23,38,148;48,1,120;329,4,21,42,56,79;55,2,5,17;56,6,6,15,39,99,204,222;57,5,16,32,43,114,148;332,8,4,15,28,39,53,68,108,158;58,5,4,18,38,95,138;311,1,387;334,7,9,28,55,61,102,123,153;335,4,8,20,30,39;61,3,8,19,32;249,1,51;312,3,5,13,29;337,3,9,22,147;338,4,16,32,123,137;313,1,69;703,1,69;339,1,190;965,1,45;473,3,286,300,312;933,1,104;895,2,13,26;637,1,63;478,1,108;638,2,9,18;95,6,12,28,53,57,109,156;915,1,156;490,1,79;344,3,16,36,61;256,5,14,37,64,220,273;257,1,102;101,1,50;102,4,19,38,64,68;106,7,7,17,39,95,107,114,184;676,4,3,12,21,44;493,1,107;114,1,108;261,4,10,24,53,74;119,4,42,81,113,164;347,1,110;348,2,6,12;350,1,186;134,3,9,27,59;351,2,8,20;420,4,11,27,53,62;137,3,10,20,37;352,2,12,27;678,4,15,33,48,75;266,1,51;661,2,6,15;680,1,55;354,3,10,25,65;148,3,11,28,169;355,3,15,37,60;356,3,8,20,40;149,6,8,16,27,36,67,100;150,3,7,14,52;357,1,62;359,2,7,17;360,1,198;517,2,106,128;361,1,25;362,9,7,26,58,72,86,145,149,168,224;275,3,33,90,103;155,3,15,33,63;364,2,18,39;156,6,14,34,68,88,123,302;366,2,6,19;367,3,49,69,144;368,1,87;371,7,48,90,102,110,116,160,181;282,4,8,28,58,110;373,3,21,42,59;316,4,86,106,117,194;284,1,170;285,1,341;526,3,342,478,551;289,3,68,78,261;998,1,24;382,2,4,12;317,3,14,31,46;383,3,8,19,177;384,1,209;386,3,88,91,125;388,3,22,143,158;201,1,61;202,3,62,77,212
467,61,97:318,1,14;789,1,109;6,1,382;309,1,239;790,2,111,125;11,1,133;697,3,75,92,115;618,1,130;228,1,254;232,2,86,181;700,1,84;237,1,168;624,1,183;34,1,128;40,1,119;556,1,209;53,1,197;244,3,46,60,97;631,1,104;564,1,137;408,1,145;937,3,62,67,95;938,1,44;842,3,62,81,106;808,6,49,66,125,150,186,194;730,1,190;707,1,138;576,1,133;650,1,35;827,1,165;651,1,196;781,2,97,139;504,3,64,91,98;709,3,86,100,228;133,1,148;613,2,109,129;580,1,140;734,1,27;423,1,339;143,1,125;514,4,68,97,105,207;150,1,177;359,1,117;993,1,62;587,1,131;277,1,36;858,1,43;589,1,274;163,1,170;164,3,34,72,118;783,1,124;526,1,99;174,1,121;530,2,110,126;289,3,160,179,188;917,1,17;863,2,47,73;294,1,67;989,5,88,111,144,172,183;384,2,240,297;602,2,324,347
468,61,88:318,1,19;684,1,39;4,1,116;440,1,80;226,1,54;698,2,38,58;752,2,54,117;445,1,60;446,1,116;549,1,332;23,2,39,63;685,1,102;25,1,142;451,1,66;458,1,178;555,2,83,270;626,1,81;398,3,39,84,133;838,1,129;633,1,32;931,1,63;801,1,72;469,2,182,231;762,1,112;75,1,341;252,2,73,108;764,1,18;804,1,95;568,2,27,64;974,2,87,106;840,1,70;478,2,216,296;479,1,100;86,1,207;342,1,115;344,3,10,30,130;105,2,86,134;495,1,36;126,1,51;422,1,34;426,2,93,181;589,1,94;718,1,118;694,2,71,82;167,1,220;168,4,100,140,156,271;592,2,46,125;525,1,41;180,1,57;867,1,12;943,3,4,18,137;976,1,98;944,1,21;187,1,205;188,5,22,50,81,88,152;383,1,48;598,2,107,141;883,1,93;600,1,157;539,1,69;541,1,169
469,141,194:318,1,26;5,1,26;750,1,51;442,3,8,17,52;14,1,207;15,1,58;698,1,98;16,2,10,23;322,1,209;396,3,45,93,140;323,2,27,128;622,1,208;436,1,205;449,3,77,126,146;834,2,57,226;235,2,39,63;552,1,46;554,2,76,120;459,1,380;398,1,148;726,1,58;758,1,106;759,1,51;927,1,48;41,1,96;44,3,237,268,323;628,1,175;52,2,26,330;53,1,122;54,1,26;244,3,5,15,34;561,1,149;631,2,7,19;799,1,169;64,2,68,129;402,1,95;838,1,218;314,1,167;801,2,109,125;473,1,337;934,1,59;607,1,230;75,2,46,58;77,2,99,230;78,2,88,106;566,1,172;84,2,12,27;637,1,59;253,4,11,25,45,122;408,2,39,90;86,1,202;742,1,43;482,1,81;487,1,221;639,2,109,221;97,1,309;98,2,143,158;256,1,415;257,1,145;99,3,16,38,152;258,1,50;411,1,139;570,3,5,20,61;106,1,118;107,1,64;108,2,143,288;984,2,16,36;117,1,102;811,1,140;119,2,34,127;120,1,114;577,1,54;122,1,164;349,1,227;128,1,158;732,3,154,188,219;131,1,48;852,1,80;709,2,90,234;506,1,120;133,1,132;134,1,171;771,1,109;510,1,114;733,1,239;734,1,128;677,1,133;265,1,236;814,1,134;585,1,119;152,1,178;587,1,104;519,1,410;978,1,93;162,1,152;783,1,92;590,5,7,16,43,96,125;167,1,178;372,1,120;667,1,134;525,1,103;736,2,154,189;668,1,115;669,1,108;316,1,254;284,1,114;526,1,230;595,1,253;173,2,43,101;377,1,37;289,1,197;175,2,137,166;862,1,85;177,1,72;958,1,25;178,1,115;292,1,242;882,1,45;912,1,176;184,1,228;185,1,111;295,1,259;190,1,17;821,1,158;876,1,140;537,1,109;202,1,166;204,3,129,186,385;598,3,4,18,38;671,1,93;207,2,193,223;946,1,161;602,1,140;724,1,139;304,1,131;604,1,258;218,1,117;749,1,104;390,2,167,263;307,2,167,214;546,1,222
470,7,8:318,1,44;550,2,23,78;338,1,58;762,1,234;118,1,95;500,1,71;179,1,97
471,17,18:318,1,45;319,1,303;776,1,68;830,2,14,71;620,1,66;834,1,213;552,1,162;325,1,239;56,1,369;940,1,52;706,1,99;129,1,90;150,1,144;152,1,280;165,1,205;372,1,71;596,1,89
472,10,15:318,1,54;752,1,81;793,3,10,21,31;20,1,120;30,1,48;896,1,69;253,1,135;658,1,30;144,4,9,33,71,249;153,1,117
473,24,25:318,1,57;751,1,74;228,1,161;19,1,194;230,1,147;22,1,141;699,1,224;624,2,158,180;458,1,224;461,1,106;57,1,80;633,1,60;473,1,158;85,1,27;413,1,26;115,1,171;886,1,48;906,1,68;421,1,155;175,1,180;738,1,106;179,1,296;384,1,197;208,1,71
474,32,34:318,1,58;696,1,157;618,1,222;979,1,60;231,1,204;27,1,120;926,2,68,93;458,1,239;701,1,145;35,1,127;465,1,186;799,1,90;64,1,386;891,1,60;632,1,169;633,1,88;475,1,70;675,2,225,247;107,1,83;122,1,83;419,1,55;590,1,120;166,1,152;887,1,31;774,1,65;976,1,104;670,1,74;874,1,107;432,1,164;317,1,142;203,1,399;211,1,66
475,58,63:318,1,61;830,1,31;744,1,58;790,1,140;224,1,77;19,1,189;396,1,21;549,1,279;238,1,317;33,1,163;400,1,87;557,1,45;465,1,93;52,2,283,335;243,1,82;55,1,192;56,1,287;59,1,75;891,2,63,67;566,1,131;765,1,52;948,1,127;898,1,90;488,1,192;638,1,29;639,2,240,406;257,1,157;570,1,122;646,2,119,129;110,1,98;770,1,100;118,1,161;579,1,130;501,1,107;503,1,74;653,1,32;709,1,209;581,1,207;733,1,206;142,1,98;715,1,204;144,1,338;364,1,203;521,1,127;426,1,167;163,1,190;284,1,162;286,1,48;174,1,184;176,1,163;178,2,100,237;912,1,174;378,1,100;388,1,99;599,1,31;946,1,174;724,1,107;604,1,356
476,52,101:318,1,64;7,4,44,100,204,242;8,3,7,19,88;320,1,40;697,1,207;445,3,11,28,38;324,3,5,17,32;21,2,72,108;436,1,89;46,4,10,24,67,159;75,2,197,319;764,1,33;841,2,31,71;111,3,7,19,99;655,2,51,108;710,1,48;985,1,121;423,1,282;516,1,141;159,3,129,151,156;520,1,174;522,1,51;161,2,1,10;858,1,260;163,1,209;166,1,67;666,2,62,88;694,3,30,106,131;168,1,149;720,1,32;917,1,58;737,1,22;738,3,1,16,32;863,3,1,9,93;181,1,116;912,1,64;865,1,18;866,2,43,53;943,1,45;976,2,39,123;944,1,42;868,1,40;193,1,299;870,6,7,14,33,44,76,122;596,4,210,236,246,259;379,1,46;695,5,8,20,46,54,74;872,4,33,74,84,276;961,2,112,133;204,1,79;206,2,15,30;210,3,28,80,89
477,106,128:318,1,71;696,1,118;443,1,51;753,1,134;18,1,83;19,1,175;447,1,115;324,1,94;700,1,181;326,1,129;459,1,125;238,1,287;36,1,297;627,1,60;49,3,1,14,64;50,1,215;836,1,135;465,1,83;437,1,331;242,1,222;57,1,44;559,1,107;702,1,125;798,1,61;246,1,119;64,2,263,304;800,1,71;632,1,136;778,1,188;313,1,257;74,1,128;932,1,190;475,1,124;934,1,70;79,1,49;688,1,54;779,1,241;480,2,119,161;992,1,87;410,1,78;91,1,84;256,1,284;491,2,1,15;675,1,346;676,1,98;643,1,95;260,2,77,171;648,1,61;112,2,138,161;995,1,54;574,1,125;849,1,64;501,1,131;348,1,122;503,1,124;731,3,73,94,118;127,1,83;652,1,264;129,1,126;130,1,151;264,1,130;350,2,174,259;613,1,69;677,1,114;137,3,1,11,44;144,1,228;353,1,136;354,2,52,123;355,2,77,100;149,1,55;360,2,136,251;153,1,207;829,1,90;361,2,32,165;362,1,97;158,1,93;162,1,55;920,1,87;366,1,57;815,1,59;428,1,76;666,1,90;168,1,83;591,2,34,128;371,1,58;170,2,140,203;283,3,1,21,51;528,1,111;174,1,154;531,1,27;184,1,178;976,1,150;378,1,125;192,1,108;193,1,40;536,2,60,133;615,1,52;384,1,307;385,1,88;386,1,52;597,1,74;203,2,119,240;305,1,134;604,1,299;541,1,55;546,1,167
478,78,104:318,1,73;776,1,120;393,1,113;15,1,45;753,2,23,147;16,1,100;322,1,121;19,1,185;230,1,293;20,1,118;21,1,126;835,1,141;555,1,60;238,5,53,137,165,206,298;33,2,194,218;327,1,179;329,1,180;241,3,11,31,55;52,2,141,156;243,1,57;727,1,50;55,1,114;702,1,99;60,1,70;467,2,55,118;64,1,429;674,1,130;313,1,215;71,1,41;803,1,84;76,1,53;78,1,64;477,1,62;608,2,76,122;88,1,71;97,1,43;490,1,104;101,1,63;491,5,3,17,32,96,147;642,1,205;497,1,28;261,1,95;649,2,199,227;123,1,34;127,2,44,77;652,1,54;263,1,46;130,1,130;264,1,187;131,2,263,329;508,1,37;513,1,37;142,1,35;584,1,104;144,1,218;148,1,42;359,1,100;153,1,231;586,1,158;365,1,115;519,1,75;520,1,181;588,1,97;367,1,57;815,1,40;369,1,107;169,1,93;170,2,130,150;285,1,274;527,1,49;528,5,60,105,109,156,180;174,3,63,139,249;529,1,91;288,1,127;818,1,129;670,1,131;203,1,359;973,2,39,58
479,6,10:318,1,74;520,1,51;917,2,59,82;912,2,51,54;190,1,94;199,3,35,68,81
480,3,4:318,2,77,108;698,1,181;295,1,222
481,62,97:318,1,81;621,1,161;686,1,44;555,2,75,150;626,2,69,220;240,6,9,23,50,164,239,286;557,1,50;49,2,9,22;437,1,323;778,1,39;68,1,46;251,3,8,24,47;840,1,55;88,1,52;482,3,64,88,124;898,1,83;843,1,63;95,1,34;96,1,43;571,7,3,14,89,99,112,173,188;642,1,85;106,2,58,98;494,3,39,66,179;572,1,72;110,1,71;884,5,43,194,219,226,351;114,1,55;416,1,58;811,1,124;612,1,73;905,3,50,69,80;420,1,50;582,1,121;148,1,152;356,1,196;681,1,162;156,3,9,29,63;858,1,198;717,1,142;164,1,128;815,1,66;783,1,81;694,1,56;816,2,52,98;282,1,55;283,1,55;667,3,103,130,144;525,2,36,101;181,1,36;889,1,106;185,1,188;976,1,94;190,1,40;872,1,262;197,1,108;198,1,161;386,1,39;204,1,237;823,1,109;541,1,143;879,2,66,162;787,2,91,120
482,14,14:318,1,84;21,1,68;451,1,141;794,1,49;404,1,83;965,1,26;639,1,144;492,1,84;128,1,65;521,1,101;286,1,25;176,1,84;863,1,49;672,1,61
483,77,102:318,1,89;776,1,126;4,1,92;744,1,111;441,2,10,28;393,1,147;321,1,69;456,1,234;964,1,18;701,1,72;459,1,219;329,2,5,26;241,1,260;243,1,71;629,1,33;560,1,157;59,1,102;606,1,156;60,1,154;630,2,2,25;561,1,112;65,1,40;634,2,9,21;314,1,142;74,2,12,24;476,1,104;893,1,42;894,1,65;763,1,153;948,1,48;742,2,7,21;569,2,1,15;342,4,8,19,60,180;343,2,92,170;344,1,124;256,2,1,24;99,2,1,23;844,2,3,19;103,1,159;730,1,63;571,1,152;105,1,130;107,2,71,179;705,1,81;495,1,127;573,2,10,24;941,1,19;114,1,104;707,2,4,19;500,1,87;654,1,179;655,2,7,18;581,1,169;352,1,98;907,2,12,28;142,1,86;356,1,102;663,1,62;361,1,147;858,1,20;165,1,138;427,1,86;166,2,108,140;666,1,101;592,1,119;170,2,43,104;283,1,86;172,2,215,225;531,2,52,82;912,1,97;872,1,265;822,1,35;876,1,100;300,1,80;435,3,16,34,66;542,1,51;544,1,96
484,5,9:318,3,92,109,140;12,1,203;89,2,3,11;921,2,49,109;171,1,109
485,24,36:318,1,95;228,2,224,275;233,1,34;622,1,59;452,1,69;726,3,12,24,41;798,2,39,76;311,3,326,352,371;632,2,86,127;80,2,34,260;675,1,95;706,1,79;345,1,135;118,2,37,58;579,1,202;418,1,70;905,2,6,22;680,1,10;524,2,184,291;527,1,137;739,1,50;540,1,27;542,2,4,11;544,1,40
486,33,35:318,1,103;443,1,290;226,1,164;394,1,152;979,1,57;228,1,94;954,1,104;758,1,160;51,1,139;559,1,45;338,1,183;313,1,236;404,1,84;474,1,164;607,1,168;75,1,122;896,1,90;639,2,63,382;493,1,147;613,1,93;680,1,29;356,1,258;664,1,51;972,1,101;520,2,38,124;162,1,28;592,1,131;316,1,358;375,1,262;182,1,128;865,1,39;190,1,69;192,1,57
487,72,77:318,1,112;5,1,43;6,1,366;11,1,122;547,2,185,281;19,1,168;323,1,68;21,2,160,301;436,1,117;699,1,193;458,1,222;32,1,201;701,1,153;238,1,382;34,1,64;463,1,72;400,1,393;437,1,63;52,1,318;727,1,126;950,1,64;402,1,147;566,1,206;568,1,54;87,1,87;89,1,39;780,1,83;487,1,164;492,1,48;103,1,206;412,1,155;642,1,51;111,1,147;884,2,151,268;498,1,62;576,1,94;577,1,109;578,1,65;503,1,104;504,1,251;132,2,199,247;734,1,120;265,1,165;423,1,135;584,1,237;514,1,193;516,1,83;360,1,230;151,1,217;152,1,185;362,1,146;518,1,204;859,1,131;163,1,59;590,1,156;668,1,112;291,1,248;178,2,56,101;179,1,256;912,1,221;295,1,257;378,1,71;961,1,108;433,1,171;198,1,51;203,1,303;204,1,209;389,1,132;212,1,107;602,1,195;390,1,212;221,1,237
488,9,9:318,1,113;699,1,76;34,1,206;980,1,27;401,1,140;642,1,74;902,1,37;349,1,95;592,1,144
489,14,14:318,1,115;777,1,84;42,1,195;778,1,142;996,1,64;99,1,81;412,1,119;260,1,48;678,1,78;364,1,162;521,1,98;592,1,81;316,1,198;204,1,297
490,22,29:318,1,118;392,2,111,140;622,1,206;837,1,56;69,1,75;469,1,41;96,1,152;258,1,63;104,1,101;122,1,67;131,1,83;350,1,231;828,1,144;143,2,5,13;424,1,39;588,1,81;176,1,192;958,2,3,11;670,1,109;739,3,62,87,138;195,3,66,80,147;213,1,71
491,2,2:318,1,120;171,1,86
492,73,144:318,1,123;224,1,226;321,1,38;17,1,188;754,1,68;756,1,88;686,1,152;777,1,38;398,3,69,76,129;47,1,196;49,2,5,18;329,1,144;241,5,123,129,172,190,272;437,10,22,35,53,115,180,240,260,274,279,329;55,2,120,145;56,2,40,324;59,4,87,172,275,281;311,1,451;247,2,58,144;64,1,322;760,2,73,77;703,1,74;314,2,100,118;469,1,80;974,2,35,97;569,1,43;342,1,109;93,1,70;766,1,51;570,1,136;675,2,167,276;108,1,91;811,2,48,53;417,1,71;129,1,42;655,1,76;985,2,54,83;351,1,197;140,1,160;516,1,158;270,2,141,240;360,1,283;272,1,211;154,1,180;274,2,167,199;586,1,169;276,1,214;165,1,212;281,5,100,109,116,160,183;861,2,1,13;170,2,66,125;736,4,25,84,114,163;668,4,37,81,170,236;375,1,103;286,2,141,147;290,3,84,90,109;175,1,173;821,2,98,203;382,2,71,131;203,7,4,20,83,87,110,320,444;883,1,64;973,2,37,43;538,7,42,44,151,209,234,258,294;300,2,14,29;724,1,73;435,4,14,32,64,129;603,1,50;305,1,127;748,3,59,85,88;216,4,27,115,163,208;683,1,31;219,2,57,113;221,2,77,79
493,2,2:318,1,131;666,1,135
494,34,40:318,1,136;684,1,89;745,1,120;698,1,115;792,3,87,100,147;23,1,44;24,1,67;552,1,74;632,2,96,181;563,1,28;801,2,75,97;762,1,122;566,1,141;974,1,110;478,1,300;766,2,39,97;921,1,64;494,1,34;349,1,219;504,1,38;905,1,44;514,1,36;972,1,27;858,1,71;168,1,121;525,1,64;181,2,31,82;532,1,105;877,1,33;775,1,53;671,1,44;539,1,103;541,1,32;879,1,167
495,10,31:319,7,1,10,52,65,244,296,363;13,1,121;255,5,6,13,18,42,102;506,2,49,157;133,8,3,11,35,61,73,181,208,217;582,1,66;138,2,134,151;151,1,234;517,3,176,179,216;859,1,48
496,55,90:319,3,4,13,316;392,2,2,16;442,1,73;753,1,101;834,1,83;456,1,211;238,1,274;46,1,55;243,1,108;797,1,20;401,1,96;702,2,42,47;311,2,141,416;891,1,30;469,1,115;253,1,104;806,1,102;342,3,1,12,23;489,1,106;843,2,84,116;104,1,59;571,8,2,13,24,61,111,137,154,187;940,1,22;259,1,100;705,1,18;572,1,135;125,1,75;690,2,89,116;131,1,60;653,1,71;654,2,4,13;655,3,1,12,45;506,1,63;509,2,1,9;423,1,337;143,4,4,12,72,193;149,1,69;363,1,51;164,4,1,14,76,122;523,1,58;316,1,200;176,3,170,226,236;887,1,34;181,1,107;987,1,48;889,1,117;739,1,86;872,1,27;297,1,30;534,3,2,20,81;388,1,171;201,1,82;204,4,2,16,376,417;724,1,106;879,3,60,176,185
497,4,5:319,2,6,15;403,1,31;972,1,132;384,1,327
498,1,2:319,2,9,18
499,14,14:319,1,19;620,1,54;29,1,152;625,1,97;246,1,106;467,1,65;762,1,279;96,1,86;102,1,101;581,1,217;659,1,47;144,1,180;186,1,58;868,1,17
500,42,51:319,2,20,270;309,1,41;224,1,58;443,1,203;620,1,80;447,1,116;38,1,139;399,2,217,284;43,1,139;50,2,2,20;52,1,339;331,1,69;333,1,96;606,1,133;402,1,135;633,1,123;314,2,15,34;80,1,112;479,1,53;343,1,218;899,1,57;949,1,35;259,1,95;109,1,119;573,1,114;851,1,124;349,1,135;357,1,92;993,1,28;275,1,74;155,2,110,236;858,1,231;718,1,114;165,1,188;666,1,116;526,3,97,131,318;863,1,135;822,1,64;204,1,405;598,2,11,25;823,1,115;540,2,124,136
501,75,82:319,1,22;7,2,200,248;8,1,59;13,1,45;232,1,76;832,1,93;449,1,102;451,1,36;234,1,67;983,1,22;673,1,30;40,1,140;46,1,35;48,1,220;796,1,38;559,1,43;311,2,53,484;64,1,91;778,1,29;404,1,143;339,1,204;473,1,206;78,1,46;252,1,70;80,1,174;86,1,190;992,1,34;966,1,38;343,1,154;97,1,248;921,1,31;986,1,45;100,1,39;412,1,137;493,1,60;109,1,115;112,1,37;611,1,113;123,1,108;903,1,55;127,1,65;971,1,44;710,1,16;613,2,81,90;771,1,229;855,1,28;421,1,78;662,1,15;972,1,99;159,1,55;718,1,105;916,1,90;279,1,42;169,1,56;592,1,26;171,2,38,119;316,2,160,378;374,1,48;375,1,73;185,1,199;186,1,24;976,1,56;192,2,85,123;869,1,78;194,1,86;432,2,145,156;198,1,156;299,1,149;300,1,87;210,1,82;211,1,28;888,1,11;212,1,168;540,1,54;786,1,253
502,23,24:319,1,24;394,1,148;22,1,183;955,1,73;451,1,96;464,1,119;333,1,142;75,2,375,409;839,1,85;341,1,91;487,1,99;506,1,107;265,1,81;148,1,158;358,1,117;663,1,60;155,1,235;919,1,83;783,1,142;171,1,211;375,1,264;186,1,70;604,1,265
503,15,17:319,1,26;6,1,255;230,1,248;755,1,39;29,1,336;61,1,91;760,1,47;607,1,94;264,1,219;781,1,182;985,1,90;148,1,214;384,1,279;216,1,82;307,3,2,34,240
504,5,5:319,1,29;309,1,37;22,1,248;342,1,40;193,1,44
505,33,68:319,2,36,272;441,3,16,34,47;444,2,1,11;18,1,37;758,1,96;562,2,5,18;339,1,113;899,1,25;110,1,24;689,1,141;577,2,24,49;852,4,5,20,43,91;709,1,141;678,1,43;269,1,96;361,3,2,12,21;362,2,40,126;275,2,5,16;518,1,216;165,3,94,173,240;371,3,6,27,82;526,1,618;377,1,126;291,2,25,52;670,2,154,205;297,4,3,7,23,60;432,4,40,107,147,158;317,4,16,33,48,211;433,5,4,12,23,54,230;384,2,16,34;386,3,4,19,131;388,1,80;207,1,300
506,16,16:319,1,41;40,1,93;247,1,239;252,1,204;343,1,167;104,1,211;572,1,60;574,1,86;133,1,189;141,1,69;356,1,72;859,1,130;316,1,393;176,1,22;864,1,66;193,1,49
507,131,166:319,1,44;790,1,43;224,1,39;617,1,46;443,2,392,411;618,1,171;791,1,38;446,1,42;19,1,127;323,4,8,21,37,156;955,1,13;623,1,87;925,1,36;551,1,179;453,1,56;234,1,58;237,1,183;964,1,98;459,1,256;460,1,117;461,1,214;928,1,100;240,3,229,245,252;328,1,98;48,1,305;836,1,72;52,1,42;56,1,169;559,1,51;59,1,56;606,2,91,117;311,3,6,25,470;246,1,128;403,1,39;838,1,90;674,1,53;69,1,70;469,1,170;470,1,45;74,1,44;932,1,144;476,1,72;75,2,49,211;779,1,246;566,1,189;840,1,52;408,1,152;948,1,145;87,1,21;480,1,61;255,2,16,79;90,1,125;957,1,112;343,1,36;344,1,69;730,1,144;642,2,107,121;940,1,78;493,2,54,201;496,3,6,26,48;345,2,153,178;414,1,24;995,1,32;500,1,78;122,2,1,11;850,1,200;126,1,178;732,1,174;504,1,125;654,1,136;505,1,101;971,1,24;710,1,19;506,3,162,171,178;133,1,157;351,1,138;510,1,118;580,1,125;581,1,176;713,1,41;265,2,160,187;422,1,98;659,1,43;857,1,60;714,1,73;514,1,132;269,1,84;360,2,2,31;518,1,120;681,2,119,125;159,2,5,17;858,1,193;859,1,134;860,2,5,24;167,1,207;168,1,205;370,2,3,18;524,2,84,245;371,1,74;170,4,1,19,93,184;316,2,139,197;284,1,91;595,1,104;172,1,175;531,1,29;176,1,249;182,1,99;866,1,175;184,1,214;774,1,54;670,1,187;596,3,2,13,24;820,1,56;872,1,206;534,1,60;874,1,87;298,1,69;822,1,27;198,1,54;203,1,312;883,1,91;775,1,77;785,2,85,96;213,1,163;540,1,33;603,3,3,12,52;543,1,104;672,1,163;218,1,301;786,1,181;546,1,169
508,79,94:319,1,46;6,1,76;309,2,36,176;224,1,91;442,4,7,16,51,69;793,1,70;231,1,167;549,1,187;448,1,208;21,2,25,100;452,1,55;699,2,81,85;325,1,66;32,1,82;397,1,205;459,2,211,370;398,2,54,63;399,2,236,291;42,1,172;466,1,66;311,1,304;60,1,101;633,1,80;70,1,38;337,1,87;634,1,111;73,1,211;339,1,184;965,1,34;405,1,61;779,1,171;566,1,196;480,1,209;939,1,64;94,1,28;99,1,188;103,1,56;644,1,78;847,2,11,23;112,1,171;811,1,86;123,1,88;503,1,169;349,1,137;904,1,68;654,1,103;971,1,67;351,1,162;421,1,143;857,3,5,13,30;516,1,230;354,1,45;993,1,30;273,1,91;682,1,86;990,1,48;159,1,73;589,1,266;717,1,119;162,1,107;280,1,197;594,1,135;526,3,422,486,617;595,1,61;291,1,232;737,1,106;862,1,75;184,1,81;952,1,83;872,1,233;297,1,14;432,1,117;989,2,14,43;383,1,24;204,1,240;602,1,359;543,1,56;786,1,221;220,1,145
509,33,47:319,1,48;309,1,263;11,1,197;321,2,73,78;550,1,17;234,1,65;235,1,115;673,2,3,11;458,1,90;726,1,134;310,1,48;80,2,3,10;566,1,125;254,3,7,14,82;975,1,28;101,2,14,28;105,1,35;415,1,131;121,2,100,267;125,1,114;127,1,53;906,1,30;507,4,3,12,27,50;509,2,3,11;613,2,19,38;358,1,107;168,2,2,14;284,1,207;531,1,47;194,2,3,11;998,1,34;545,1,60;219,1,78
510,61,72:319,1,49;790,1,138;396,1,39;756,1,50;235,1,139;700,2,93,101;458,1,58;554,1,216;777,1,22;463,1,131;464,1,20;48,1,283;838,1,93;634,1,172;469,1,187;472,1,83;933,1,65;475,1,140;936,1,57;840,1,24;728,1,50;608,3,26,162,194;482,1,97;806,1,98;960,1,37;489,1,103;808,1,156;101,1,170;730,1,67;571,1,175;572,1,51;707,1,63;611,4,93,103,132,153;262,1,52;579,1,105;128,1,58;612,1,14;734,1,43;857,1,104;144,1,282;353,2,91,144;357,1,102;364,2,56,202;693,1,57;908,1,87;815,1,92;614,2,20,77;736,1,177;172,1,191;292,2,38,93;889,1,131;195,1,123;961,1,107;875,1,47;203,1,451;206,1,77;600,2,98,128;785,1,52;602,1,216;879,1,160;306,1,310
511,1,1:319,1,50
512,41,52:319,1,57;5,1,72;440,1,144;751,1,146;831,1,69;622,1,188;26,1,22;456,1,88;29,1,70;458,1,189;626,1,63;55,1,70;798,1,79;311,1,394;314,1,46;315,1,114;801,1,143;478,1,145;806,2,57,92;489,2,142,160;343,1,131;639,2,128,463;845,3,2,9,19;104,3,96,114,146;105,1,11;259,3,1,9,20;493,1,126;647,1,77;498,1,41;264,1,214;419,2,53,107;592,2,8,19;526,1,92;595,1,51;173,1,129;530,1,83;176,1,202;958,1,175;670,1,111;872,1,236;213,1,102
513,99,182:319,1,58;7,2,3,18;8,1,34;11,1,200;225,1,162;697,3,103,170,194;14,2,50,201;446,1,83;19,2,44,148;230,1,78;20,1,68;323,1,88;324,2,8,20;622,1,33;955,1,61;834,1,84;26,2,24,58;673,1,27;625,1,98;33,2,10,20;34,2,199,209;239,2,94,141;40,1,38;47,2,153,271;56,1,129;311,1,386;403,4,108,208,252,267;250,2,70,108;404,1,113;71,4,47,78,111,142;932,1,154;473,2,15,31;75,2,102,112;839,1,20;78,1,95;84,2,75,109;765,4,3,14,62,80;408,1,132;97,1,231;490,4,17,38,65,84;491,2,53,189;104,3,97,115,147;412,1,31;105,1,16;345,3,58,61,174;499,3,15,35,52;119,1,158;120,3,79,118,161;575,1,92;577,1,38;501,2,60,98;131,1,90;781,1,36;351,1,67;613,1,149;510,1,130;713,2,45,55;733,1,47;734,1,185;512,2,126,187;658,1,57;138,1,96;139,4,14,36,83,202;140,1,221;514,1,242;424,1,165;664,1,74;276,2,107,140;157,4,81,110,137,191;365,1,87;158,2,176,351;972,1,126;520,1,91;161,1,58;162,1,162;279,1,40;369,1,134;372,1,142;171,1,47;316,1,164;375,1,277;376,1,60;526,2,389,492;595,3,57,120,174;527,7,10,20,34,60,101,118,161;291,1,202;378,2,75,96;429,1,22;871,1,17;596,13,26,60,74,92,114,153,202,206,232,241,283,318,330;533,3,111,153,163;194,2,2,10;998,3,2,8,36;203,2,261,435;538,2,178,303;748,3,13,30,52;390,1,98;308,4,74,86,99,151;221,3,135,180,251
514,7,7:319,1,59;746,1,30;497,1,72;349,1,218;364,1,166;912,1,105;604,1,112
515,28,32:319,1,60;232,1,189;832,1,62;963,1,73;238,2,226,278;36,1,282;53,1,201;895,2,46,60;935,1,19;608,1,213;937,1,19;100,1,101;899,1,32;705,1,21;746,1,31;884,2,276,310;119,1,150;500,1,110;128,1,41;853,1,78;172,1,54;530,1,99;289,1,254;179,1,120;871,1,68;317,2,4,21;775,1,104;888,1,76
516,4,6:319,1,62;441,1,62;9,3,62,73,129;289,1,52
517,7,9:319,1,64;236,1,29;630,3,4,27,52;474,1,55;894,1,75;762,1,110;200,1,79
518,24,54:319,2,68,175;393,1,118;17,1,216;38,1,193;400,3,29,64,169;627,1,30;557,3,5,14,33;251,3,9,25,48;742,1,55;898,3,6,12,26;91,1,60;609,5,15,30,46,66,102;899,1,23;844,3,16,32,57;675,2,3,9;107,2,70,201;114,3,8,16,57;575,1,112;138,3,15,37,71;151,5,71,126,181,190,259;663,3,2,8,70;518,1,137;682,2,28,73;299,3,15,30,146
519,51,82:319,1,70;684,1,113;7,1,224;450,1,89;235,1,43;456,2,7,19;554,1,16;626,1,155;927,1,43;244,3,9,19,66;334,1,57;64,1,242;633,1,69;314,1,135;73,1,212;607,1,136;76,2,4,10;566,1,69;637,1,48;767,2,20,30;102,1,161;675,1,240;730,4,68,115,172,199;114,1,106;707,1,55;579,1,167;903,3,8,18,27;612,3,4,9,29;351,1,152;512,1,169;678,3,14,32,47;141,1,113;662,1,37;962,1,71;357,1,82;361,4,8,18,27,60;362,2,9,28;155,3,14,32,62;364,3,17,38,70;858,1,75;164,2,60,113;668,1,193;292,1,349;179,2,116,130;197,3,4,17,38;597,1,90;671,6,6,14,32,54,134,152;604,1,404;542,1,30;672,1,93;786,1,66
520,2,2:319,1,74;225,1,151
521,1,1:319,1,77
522,13,17:319,1,78;6,1,265;699,1,151;642,1,210;106,1,159;648,1,59;851,1,13;265,4,13,30,119,128;424,1,35;272,1,61;518,1,259;211,1,87;219,2,11,28
523,13,21:319,1,79;792,1,71;323,1,150;549,1,205;235,4,57,103,112,132;458,6,1,16,133,167,228,269;835,1,109;512,1,307;815,1,23;179,1,211;181,1,37;381,1,80;787,1,55
524,12,13:319,1,81;549,1,208;469,1,217;494,1,44;811,1,126;582,1,124;815,1,26;594,1,54;179,2,167,179;192,1,90;385,1,68;388,1,108
525,186,355:319,1,85;830,1,141;441,1,94;309,2,184,206;696,1,46;225,3,105,110,131;12,3,5,12,26;226,1,143;227,4,93,206,214,237;619,2,140,196;698,1,184;752,2,128,256;445,2,79,159;228,1,333;322,1,86;755,1,55;232,2,110,209;549,2,57,404;448,4,91,152,169,214;22,2,272,317;834,2,126,234;450,1,19;453,1,80;625,1,108;956,1,40;397,1,342;459,1,252;398,2,213,269;795,2,73,99;36,4,101,219,223,263;239,2,203,291;37,1,54;399,3,70,113,180;44,3,42,199,281;400,5,246,254,322,368,409;240,1,274;328,2,117,121;241,3,87,92,135;437,2,137,184;242,2,96,213;796,2,13,26;53,1,263;56,3,197,208,232;331,1,47;332,3,66,181,201;58,3,137,155,176;560,2,145,169;59,5,125,134,203,324,333;334,5,13,32,59,137,158;63,1,152;467,1,141;64,1,308;800,1,77;760,1,69;403,3,191,229,333;838,1,73;67,1,219;336,1,105;68,3,145,196,233;69,1,95;312,1,101;338,3,106,122,136;71,1,60;73,1,146;473,1,292;762,3,151,183,239;763,1,135;84,1,67;974,1,184;637,1,61;742,2,262,268;89,1,86;481,1,72;483,1,41;485,1,105;808,1,135;95,1,51;96,1,172;344,2,153,160;256,4,197,203,370,419;257,1,107;102,2,88,104;675,1,325;645,2,79,127;494,1,47;646,1,79;345,1,83;969,2,76,88;115,1,132;116,1,89;261,3,14,28,77;811,1,129;689,2,43,88;577,1,74;970,1,38;348,1,121;827,2,85,154;264,1,94;131,1,137;653,1,153;904,1,35;881,1,28;132,3,30,31,260;782,1,28;710,1,37;506,1,129;351,1,203;677,2,119,141;512,1,237;140,2,156,202;265,3,75,155,241;679,2,30,33;773,1,103;270,1,225;148,1,71;355,2,19,41;150,2,27,176;151,2,106,149;517,1,53;271,3,211,223,241;273,8,223,224,268,308,311,340,352,375;274,2,190,250;361,3,10,20,29;362,2,173,199;363,1,71;155,4,286,307,335,346;276,1,104;156,9,13,33,67,102,110,176,221,257,301;157,1,149;519,1,73;279,1,73;367,6,6,17,37,61,119,141;783,1,155;694,1,142;167,2,27,56;816,1,62;371,1,121;282,2,12,32;283,4,110,112,117,122;316,1,71;374,2,53,57;375,3,48,52,66;595,1,118;527,1,132;290,3,43,51,121;818,1,87;175,2,25,51;292,1,293;179,2,191,209;863,1,53;180,1,84;183,2,101,187;976,1,161;188,4,28,56,158,198;189,1,76;295,4,14,34,91,230;195,1,121;721,1,120;821,1,231;381,3,7,20,41;874,1,72;432,1,52;383,6,7,18,30,32,104,182;385,4,5,16,72,116;386,6,13,28,48,68,78,130;387,2,10,20;388,1,115;203,1,147;204,2,109,283;389,1,118;877,1,100;914,1,73;434,1,94;207,5,102,119,209,233,276;824,2,95,105;214,1,70;215,1,38;303,3,145,178,207;304,4,98,117,148,158;305,4,98,128,150,155;748,3,82,109,115;683,1,90;218,1,196;390,2,26,53;307,3,143,158,201;220,4,80,101,169,170
526,8,8:319,1,88;12,1,114;548,1,51;487,1,46;102,1,226;815,1,25;879,1,148;786,1,80
527,33,59:319,2,94,208;5,1,62;228,1,342;231,1,102;549,1,312;25,1,179;32,1,240;397,7,69,92,179,192,340,352,386;50,2,223,287;247,2,141,217;73,1,125;82,1,191;409,3,27,36,109;89,1,113;488,1,188;490,1,170;949,1,17;900,1,36;905,1,40;510,3,13,27,75;511,1,78;711,1,141;715,1,280;354,2,13,28;681,7,62,143,145,148,178,180,183;816,1,58;374,1,100;375,1,166;533,1,129;433,4,166,169,187,189;383,1,173;384,4,200,225,244,269;604,1,301
528,9,12:319,1,96;955,1,76;257,3,1,19,135;977,1,16;134,1,127;424,1,75;152,1,225;283,1,188;602,2,1,13
529,4,4:319,1,98;46,1,129;115,1,177;858,1,106
530,21,25:319,1,101;619,1,154;228,1,118;625,1,74;554,1,110;398,2,120,124;47,1,273;557,1,151;437,1,305;468,1,74;481,1,62;640,1,23;747,1,183;140,1,229;584,2,164,239;151,1,212;177,1,100;598,2,46,86;724,1,161;953,1,70;307,2,182,191
531,9,9:319,1,104;34,1,121;461,1,229;558,1,37;57,1,84;560,1,205;742,1,59;746,1,78;418,1,54
532,92,139:319,1,107;776,1,72;745,1,149;393,1,103;698,2,210,222;979,1,92;792,1,248;228,1,186;322,1,105;232,1,206;324,1,105;448,1,88;756,1,92;685,1,65;623,2,6,12;449,1,47;686,1,25;451,3,48,70,101;835,1,32;554,2,219,300;626,1,108;33,1,226;39,1,57;797,1,124;629,1,66;558,1,40;799,1,210;64,1,305;800,1,72;476,1,62;607,5,12,31,58,150,257;764,1,36;840,2,82,92;86,1,152;481,2,46,102;897,1,73;342,1,105;766,1,57;99,1,86;844,2,44,88;640,2,64,97;675,1,63;642,1,66;105,1,56;494,3,80,99,156;647,2,5,14;968,1,21;116,1,86;811,1,61;500,1,64;127,1,47;129,1,133;905,1,75;713,2,49,66;814,2,89,96;270,1,245;518,2,107,218;681,3,103,139,174;155,2,4,22;364,10,4,25,48,78,93,121,165,192,222,236;682,2,32,41;519,1,459;426,1,145;589,6,81,90,119,125,147,157;717,1,201;909,3,11,22,30;165,4,13,27,108,176;168,1,95;170,2,5,23;594,1,113;531,1,145;952,1,74;869,1,49;739,1,93;961,1,86;197,1,124;821,1,234;876,1,22;204,1,266;389,1,86;598,1,112;877,1,92;914,1,70;671,2,62,67;824,2,83,127;213,2,82,130;214,1,57;215,2,35,61;435,1,141;542,1,48;672,1,90;786,1,185
533,13,17:319,1,108;40,1,80;82,1,169;805,2,67,86;497,2,4,15;715,1,288;158,1,332;859,1,172;172,2,46,104;177,1,52;186,1,72;193,1,247;543,2,57,136
534,80,130:319,1,121;830,1,75;11,1,277;13,1,60;15,3,68,78,121;752,1,106;444,1,42;16,1,32;228,1,79;793,2,92,95;231,1,249;699,1,165;552,1,92;35,1,36;556,1,152;47,1,195;241,6,98,122,128,171,189,271;629,1,60;55,2,119,144;58,1,89;59,4,86,171,274,280;562,1,96;778,1,109;703,1,106;73,1,83;802,1,120;474,1,74;762,1,128;77,1,87;407,1,40;936,1,127;742,1,124;569,1,42;97,1,136;921,2,60,118;257,1,71;730,4,14,29,48,139;676,1,73;969,3,1,6,23;651,1,80;129,1,180;130,1,156;504,1,218;654,2,125,138;140,1,159;514,1,199;270,1,239;148,1,111;152,1,256;153,2,194,256;272,1,210;154,1,179;274,2,166,198;586,1,168;521,1,133;693,1,52;160,1,22;717,1,85;280,1,165;281,3,115,159,182;428,3,5,11,53;375,1,310;290,1,108;175,1,188;292,5,82,171,189,233,335;534,1,51;203,7,3,19,82,86,109,319,443;598,1,116;599,2,39,57;883,4,19,39,75,193;973,1,79;538,1,43;824,1,113;209,3,8,17,38;303,3,18,45,76;304,3,8,25,54;683,2,65,93;541,3,42,93,118;787,3,47,75,137;221,1,76
535,18,22:319,1,122;322,1,114;793,1,97;699,1,166;398,1,126;556,2,133,153;242,1,105;809,2,139,164;977,1,32;498,1,93;128,2,247,263;781,1,35;423,2,163,311;280,1,162;371,1,179;375,1,306;285,1,152;175,1,169
536,93,152:319,2,130,156;684,1,137;923,1,61;6,1,200;745,6,3,13,32,45,68,140;11,2,112,219;13,1,74;321,1,57;791,1,46;979,1,69;395,1,65;547,2,33,39;21,1,33;756,1,66;24,3,2,13,28;25,2,13,40;451,2,2,11;700,2,79,315;552,1,64;554,2,31,33;981,4,4,19,42,59;397,1,335;701,1,60;459,1,347;398,2,24,188;39,1,44;42,1,74;463,1,43;45,1,111;48,1,124;51,2,152,159;63,1,17;64,1,255;338,1,34;703,1,24;315,1,26;469,2,12,30;704,4,3,18,21,36;948,2,82,125;87,1,195;341,1,136;806,1,34;966,2,11,36;982,3,3,18,33;489,1,84;639,5,32,235,256,284,428;101,1,113;899,1,26;640,2,1,10;675,1,118;884,1,36;498,1,71;811,1,100;417,1,78;347,1,80;124,1,45;126,2,24,151;503,1,52;127,4,6,20,51,60;651,1,93;504,1,36;133,1,74;350,2,102,120;712,1,60;713,2,7,17;678,1,64;422,4,25,39,46,80;514,1,20;516,3,109,162,173;269,1,100;359,2,186,204;361,1,144;362,1,111;681,1,58;363,1,29;716,5,1,27,60,83,100;425,4,5,17,32,47;158,2,105,194;972,1,14;951,1,118;736,1,60;594,1,18;526,1,546;818,3,2,14,29;291,1,257;670,1,127;739,2,10,20;317,4,17,34,49,136;434,1,35;785,1,37;302,1,141;541,2,30,51;786,1,170
537,11,12:319,1,132;559,1,50;561,2,4,21;893,1,57;566,1,49;254,1,52;480,1,55;98,1,194;256,1,329;641,1,50;858,1,257
538,28,43:319,1,134;830,3,64,85,94;224,1,213;754,1,55;323,1,108;400,2,286,292;59,2,70,118;70,1,33;405,1,24;742,5,2,16,39,57,174;342,1,107;638,1,74;577,1,115;747,1,130;579,1,94;851,4,1,7,33,114;827,2,6,25;654,1,62;710,1,21;512,1,98;357,3,1,9,86;363,1,18;155,1,183;718,1,129;739,1,122;386,1,101;775,1,48;672,2,98,125
539,58,87:319,1,135;309,1,71;12,2,98,105;13,2,100,108;321,2,2,17;755,1,81;436,5,24,31,46,70,178;325,1,32;48,3,23,32,143;437,1,189;628,1,188;56,1,135;332,1,165;562,1,144;313,1,65;703,1,85;85,2,138,154;481,2,6,17;255,1,83;485,1,56;98,1,82;257,4,8,26,72,150;884,1,64;416,1,118;119,1,128;506,1,26;350,5,2,15,33,63,270;678,1,45;516,1,184;270,1,166;356,3,177,184,235;152,1,222;155,4,9,27,184,250;972,1,56;165,1,78;590,1,133;861,1,37;736,1,214;285,1,67;172,1,53;531,2,87,163;175,1,189;943,1,67;944,1,46;187,1,157;821,1,107;317,2,212,228;383,1,136;384,1,51;386,2,42,102;388,1,72;203,1,192;973,1,22;300,1,71;724,3,18,36,48;216,1,119;217,2,58,103;545,1,73
540,48,238:319,4,142,170,228,254;684,6,5,10,16,62,77,136;13,4,4,20,49,157;557,1,130;48,14,2,4,7,58,60,97,105,148,173,176,179,182,191,199;880,3,3,12,31;637,3,5,14,28;608,2,8,19;481,4,11,22,31,122;255,5,3,10,32,57,107;485,7,1,11,25,55,58,72,116;101,6,12,26,33,163,203,223;102,5,13,32,58,199,208;899,4,5,14,75,91;345,1,141;110,1,100;577,2,5,15;506,8,4,12,32,79,91,102,121,140;582,4,1,6,12,108;138,5,7,29,97,119,156;266,6,6,17,25,85,96,132;516,6,4,13,17,26,125,193;151,5,47,186,204,271,323;517,7,1,17,36,123,134,161,224;518,1,155;155,1,322;972,4,78,96,109,130;523,1,119;279,6,3,17,36,57,94,116;366,3,3,16,36;367,5,11,22,42,66,76;165,11,8,22,34,50,60,88,110,127,145,209,220;167,10,17,46,101,137,167,169,180,186,198,200;170,4,74,127,143,221;187,11,6,16,25,52,113,136,162,179,193,227,244;188,7,4,32,59,93,108,163,231;189,7,18,48,143,176,194,205,208;295,9,1,21,51,131,143,157,168,181,231;868,3,3,11,29;596,7,10,21,35,158,214,295,302;533,5,2,10,25,49,110;194,7,7,15,25,37,53,78,93;998,3,1,7,13;819,3,7,15,21;821,3,1,16,33;432,2,121,126;989,5,2,8,24,79,90;946,7,2,19,36,80,145,177,192
541,1,1:319,1,143
542,15,18:319,1,146;436,3,19,82,105;834,1,116;551,1,159;461,1,120;403,1,359;992,1,61;343,1,200;639,2,227,274;494,1,225;121,1,192;133,1,149;357,1,121;358,1,82;180,1,118
543,60,75:319,3,147,242,329;684,1,49;440,1,72;745,1,180;791,1,121;547,1,231;22,1,225;700,1,86;31,1,91;555,1,262;398,2,33,58;239,1,288;37,1,91;51,1,75;56,1,294;559,1,47;63,1,40;761,1,137;704,1,134;75,1,338;252,1,102;477,1,97;804,1,90;937,1,32;897,1,45;101,3,94,250,267;884,2,202,232;689,1,75;126,1,45;263,3,78,105,134;264,1,161;504,1,239;351,1,98;140,1,245;907,1,50;659,1,67;275,1,59;681,2,82,94;364,1,80;587,1,152;158,1,233;162,1,252;919,2,68,79;167,1,231;285,1,183;595,1,154;291,2,167,176;887,2,46,64;596,1,243;383,3,34,58,106;384,1,113;386,2,70,140;598,1,98;299,1,204;600,1,147;300,1,107;210,1,79;390,1,138;306,1,226;308,1,153
544,6,6:319,1,149;740,1,75;464,1,47;895,1,66;780,1,113;735,1,49
545,8,9:319,1,150;792,1,137;397,1,330;758,1,203;469,2,123,227;657,1,171;356,1,188;203,1,225
546,78,96:319,1,153;684,1,107;789,1,40;224,1,245;226,1,102;13,1,111;618,1,71;394,2,101,111;792,2,176,226;231,2,140,273;754,1,78;621,1,76;324,1,101;756,1,69;834,2,47,293;551,2,52,199;700,1,43;237,1,145;624,1,151;325,1,100;554,1,67;626,1,41;757,1,39;461,1,24;39,2,51,67;45,1,88;328,1,74;465,1,130;797,1,42;244,3,62,78,99;778,1,82;801,1,135;475,1,76;762,1,80;729,1,62;897,1,62;255,1,121;91,1,104;489,1,88;808,3,51,68,202;809,1,58;99,1,91;640,2,55,75;730,1,188;104,1,57;642,1,230;769,1,128;118,1,42;611,3,63,131,166;348,1,54;349,1,206;651,1,45;505,1,23;511,1,56;711,1,60;715,2,139,224;163,1,82;694,1,58;720,1,91;737,1,132;887,1,75;862,2,191,228;379,1,58;195,1,18;913,1,63;961,1,56;203,1,266;204,2,165,229;601,1,42;823,2,87,97;785,1,48;435,1,94;216,2,59,145;541,1,61;217,1,55;545,1,69;749,1,63;825,1,111
547,28,29:319,1,157;776,1,34;752,2,204,217;16,1,79;322,1,184;548,1,249;549,1,55;237,1,67;36,1,285;239,1,168;400,1,335;629,1,83;674,1,97;338,1,144;479,1,80;93,1,90;104,1,142;642,1,178;705,1,46;904,1,82;158,1,298;592,1,168;958,1,145;866,1,101;872,1,132;597,1,122;973,1,136;879,1,80
548,21,24:319,1,158;751,1,40;34,2,39,108;242,1,147;564,1,35;407,1,190;478,1,344;107,1,59;884,2,2,16;902,1,68;680,1,37;152,1,63;365,2,7,24;165,1,120;694,1,64;371,1,133;668,1,199;531,1,123;944,1,36;203,1,221;823,1,43
549,142,181:319,1,159;684,2,83,131;4,1,129;6,1,215;441,2,91,107;751,1,41;443,1,195;13,1,129;445,1,93;979,2,63,81;792,1,198;228,1,142;549,3,119,177,267;833,1,48;22,1,229;685,1,81;25,2,118,147;451,1,43;963,1,52;699,1,132;700,1,89;29,1,124;625,1,40;326,1,51;835,1,26;554,1,254;555,1,71;956,1,53;397,1,247;36,1,209;463,1,144;45,1,198;556,1,88;400,1,210;46,1,132;240,1,174;329,1,188;241,1,212;836,1,62;465,1,105;437,1,111;242,1,159;606,1,167;334,1,67;61,1,87;63,1,136;64,3,97,163,253;468,1,192;250,1,102;70,1,31;564,1,36;965,2,68,78;894,1,90;607,1,48;839,1,36;779,1,63;81,1,135;83,1,102;566,1,44;407,1,191;478,1,345;948,1,51;86,1,216;482,1,182;780,1,49;898,1,39;94,2,2,9;99,1,179;675,2,59,135;107,1,61;494,1,168;884,3,3,17,205;415,2,79,137;261,1,60;902,1,69;500,1,72;349,3,48,185,216;651,1,89;852,1,96;351,1,56;771,2,42,105;657,1,163;733,1,51;582,1,122;678,1,90;423,1,232;659,1,49;814,1,76;662,1,129;269,2,47,78;356,2,44,159;357,1,134;359,2,111,150;152,1,64;362,1,138;155,4,265,283,304,343;364,4,83,117,188,230;278,1,135;858,1,76;589,2,114,208;908,2,44,51;859,1,29;717,4,10,24,38,92;718,1,36;163,1,72;165,1,121;169,1,90;817,1,29;371,3,134,146,169;525,1,33;594,2,32,170;668,1,200;316,1,231;531,1,124;176,1,25;863,1,200;180,2,66,139;918,1,37;866,1,172;867,1,24;944,1,37;294,1,58;532,1,85;193,1,108;820,1,53;380,1,45;872,2,203,212;197,1,115;433,1,105;384,1,161;388,1,36;204,2,227,434;598,1,57;299,1,85;823,2,44,105;300,1,112;888,1,24;213,1,127;602,1,59;724,1,236;305,2,11,32;786,1,110
550,39,97:319,1,165;684,1,114;7,1,103;312,4,8,16,35,46;481,4,9,20,29,68;992,1,58;766,3,1,18,109;730,2,6,21;710,1,47;907,1,45;141,1,133;660,3,1,20,44;151,1,102;517,1,58;159,1,148;858,3,3,10,34;859,5,2,8,18,63,177;717,2,2,16;735,3,2,12,25;665,3,2,9,29;666,6,5,18,55,130,139,149;719,4,13,26,42,62;170,1,189;887,1,22;292,3,2,10,24;179,2,5,18;910,1,60;864,4,1,10,32,82;889,6,2,17,69,83,108,160;293,6,3,10,13,20,29,60;187,1,171;821,1,195;873,2,63,111;317,1,79;204,5,14,28,328,341,426;389,1,150;600,5,7,20,42,132,145;301,2,21,52;211,3,5,15,78
551,13,23:319,1,166;12,1,67;481,4,10,21,30,70;266,1,29;857,2,45,84;151,1,104;517,1,60;180,3,7,14,25;866,1,47;872,1,78;883,1,119;877,5,9,18,31,60,131;539,1,63
552,70,116:319,1,171;924,1,55;6,1,78;224,1,285;617,1,32;394,2,5,21;698,2,15,32;231,5,16,41,90,144,322;754,1,118;621,1,74;23,1,104;623,3,1,7,101;834,2,54,138;451,1,98;700,2,183,227;456,1,299;554,1,45;964,1,85;460,1,61;726,1,140;39,2,1,10;59,1,63;606,1,102;562,3,29,72,81;248,1,96;403,2,162,377;69,1,120;634,1,218;801,1,144;564,3,7,18,27;762,3,28,228,263;779,1,234;252,1,52;407,1,120;478,4,7,20,63,126;253,1,94;408,1,60;997,3,4,10,18;489,1,100;96,1,148;99,1,205;640,1,126;412,1,202;940,2,6,16;105,2,12,106;259,4,2,10,21,76;493,1,129;112,1,172;812,2,26,41;579,3,52,188,205;813,1,86;505,1,131;852,4,15,30,53,77;985,2,2,19;853,1,63;829,5,8,37,67,70,101;277,1,122;425,1,55;666,1,66;917,1,22;862,1,170;429,1,29;739,1,102;379,1,53;961,1,44;203,1,93;824,5,5,16,44,68,76;724,3,15,33,45;544,1,45;672,2,136,154
553,26,29:319,1,173;445,1,40;955,1,68;625,1,30;964,1,106;631,1,54;250,1,107;471,1,48;82,1,108;407,1,215;487,1,67;675,1,105;412,2,8,20;886,1,88;351,1,233;677,1,190;423,2,83,236;267,1,188;522,2,5,15;160,1,33;165,1,131;292,1,117;380,1,24;300,1,126;539,1,66;749,1,35
554,83,151:319,1,174;605,1,59;443,1,408;17,5,9,23,36,128,187;322,3,66,135,190;20,1,116;22,1,315;449,2,31,65;325,1,39;326,2,64,68;556,1,49;329,7,8,29,64,109,191,200,205;241,6,5,25,52,145,162,188;629,1,55;334,4,53,75,105,117;67,1,201;336,2,12,31;933,1,58;779,2,196,203;477,1,36;478,2,87,163;638,2,5,14;95,1,70;98,1,203;967,3,10,33,56;491,6,9,23,45,132,156,202;642,2,237,246;493,2,88,162;649,5,142,151,223,253,264;578,1,39;851,1,109;418,1,77;504,2,118,207;886,1,90;133,1,139;350,2,13,26;613,1,119;771,1,128;656,3,22,44,79;420,3,16,32,58;581,1,156;512,1,130;513,1,47;265,1,65;857,1,92;143,1,255;267,1,92;661,2,36,62;514,1,125;353,1,48;270,1,179;356,3,154,230,245;150,1,59;155,1,175;972,2,144,161;520,3,6,15,23;165,1,132;783,4,14,28,53,164;280,2,18,46;666,1,47;169,1,36;524,1,242;861,1,45;592,1,154;736,1,72;594,2,92,122;668,3,13,26,56;284,1,175;285,4,111,116,254,320;526,1,636;527,1,86;172,2,18,36;943,1,57;976,2,54,155;187,1,68;869,1,46;193,2,137,148;379,1,63;874,1,76;535,1,87;537,3,12,26,60;883,3,10,30,85;214,1,74
555,83,104:319,1,187;830,1,89;441,1,38;224,1,271;698,2,3,20;321,1,114;231,1,155;447,2,28,47;754,1,104;833,1,20;25,2,53,104;954,1,76;699,1,43;453,2,110,113;235,1,72;700,2,114,285;552,1,61;458,1,237;38,1,142;557,1,137;836,1,97;332,1,183;246,1,64;334,1,202;630,1,88;632,3,1,21,42;838,1,120;634,2,116,139;74,1,79;894,1,35;406,2,45,83;779,1,62;804,1,25;478,1,343;253,3,78,117,165;408,2,45,85;87,1,191;255,1,99;938,1,37;939,1,65;487,3,38,120,277;898,2,98,126;982,1,49;957,1,42;639,1,400;256,1,307;570,2,53,100;571,1,103;642,1,52;610,1,97;494,1,187;646,1,114;572,1,111;884,1,246;113,1,31;122,1,145;503,3,4,20,39;731,2,5,22;813,2,54,78;349,1,66;732,1,37;852,1,115;657,1,85;733,1,50;422,1,77;141,1,64;142,1,61;857,1,99;661,1,48;814,1,63;585,1,36;269,1,91;681,1,122;815,1,93;167,1,250;177,1,43;185,1,84;943,1,118;294,1,56;723,1,53;724,2,90,132;879,1,169;825,1,213
556,42,78:319,1,188;790,1,120;447,1,86;21,1,86;834,1,48;453,2,27,70;454,1,159;31,1,39;46,7,53,61,77,106,124,143,164;558,1,20;837,4,46,70,103,119;59,1,166;65,1,27;741,1,73;71,2,154,196;94,1,38;257,1,171;103,1,162;108,1,261;111,1,57;416,2,77,83;707,1,71;120,1,73;503,3,7,23,68;731,2,8,25;506,2,20,71;658,1,95;715,1,294;145,1,47;663,1,83;153,1,176;155,1,275;164,2,6,19;165,3,210,234,242;737,3,8,18,82;738,3,58,82,97;176,10,1,5,66,88,89,96,108,142,210,234;178,2,5,12;200,1,159;203,2,123,178;204,2,62,319;302,2,99,116
557,1,1:319,1,189
558,25,29:319,1,190;12,1,194;227,1,79;446,1,43;450,1,34;460,1,79;49,1,66;465,1,223;56,1,319;469,1,263;257,1,186;493,1,112;134,1,37;422,1,68;661,1,45;515,1,106;152,3,27,58,123;154,1,188;170,2,16,34;290,1,149;182,1,96;186,1,94;190,1,86;386,1,115;203,2,106,154
559,17,17:319,1,193;63,1,209;80,1,228;101,1,220;642,1,167;117,1,160;501,1,108;581,1,188;356,1,29;281,1,164;166,1,115;167,1,174;668,1,156;528,1,69;288,1,132;386,1,138;616,1,103
560,6,6:319,1,195;73,1,234;643,1,111;155,1,86;738,1,88;299,1,257
561,8,8:319,1,197;227,1,150;725,1,66;242,1,58;760,1,106;780,1,119;667,1,173;178,1,142
562,3,3:319,1,199;461,1,86;120,1,258
563,57,62:319,1,200;6,1,349;744,1,106;751,1,145;9,1,36;393,1,38;442,1,77;16,1,141;230,1,247;396,2,248,304;548,2,68,261;21,1,230;436,1,116;452,1,32;552,1,151;28,1,24;964,1,68;41,1,32;42,1,211;242,2,113,250;62,1,132;403,1,400;473,1,190;405,1,47;935,1,63;896,1,45;86,1,168;487,2,130,154;639,1,214;843,2,40,112;100,1,108;103,1,140;707,1,118;851,1,94;732,1,152;264,1,213;131,1,28;134,1,97;136,1,42;856,1,57;143,1,181;145,1,89;146,1,64;424,1,115;592,1,166;526,1,54;527,1,140;958,1,27;292,1,52;378,1,67;429,1,28;432,1,112;317,1,60;822,1,20;383,1,150;953,1,90;306,1,257
564,46,74:319,1,205;618,1,177;444,1,38;17,1,147;792,1,182;18,1,88;24,2,59,85;686,3,11,22,33;552,2,169,202;325,5,8,17,42,52,69;326,1,65;35,1,106;758,1,235;38,1,216;43,1,189;44,3,169,258,310;327,1,310;557,2,43,67;629,1,174;466,1,46;467,4,50,66,115,151;632,1,223;761,2,118,120;803,1,175;636,1,31;608,1,144;482,2,46,218;639,5,83,159,163,208,324;98,1,153;491,1,224;260,1,57;707,1,32;128,7,28,45,75,98,153,174,213;852,1,93;712,2,7,17;692,1,85;715,1,217;270,1,345;815,1,36;670,1,179;299,1,180;671,2,34,88;213,1,140;215,1,21;217,1,111;545,1,118
565,100,146:319,1,206;6,4,128,166,233,240;744,1,140;392,2,71,77;224,2,89,139;13,1,139;16,1,74;548,1,176;448,1,197;834,1,274;24,1,127;699,2,16,37;27,2,79,131;552,1,165;926,1,126;325,1,159;326,1,52;626,1,21;956,1,57;397,4,51,111,117,174;459,1,94;398,1,199;462,1,42;38,1,217;43,1,190;44,3,170,259,311;463,1,31;627,4,8,19,47,51;464,1,128;240,2,100,104;437,1,59;628,1,109;242,1,138;797,1,62;330,1,54;702,1,115;334,1,81;561,1,141;632,2,75,263;403,1,394;313,1,104;933,1,59;474,1,170;974,3,92,159,180;86,1,66;89,1,65;489,1,130;92,3,3,16,34;639,1,294;96,1,168;97,1,242;915,1,40;256,2,287,340;99,1,63;101,3,92,245,266;491,3,212,225,232;412,2,55,153;107,1,105;644,1,57;496,3,14,34,55;346,1,44;499,1,116;611,1,47;417,1,123;901,1,40;347,1,47;503,1,98;349,3,67,145,153;130,1,224;504,2,185,255;506,1,136;351,2,115,166;582,1,110;269,1,125;146,2,53,100;150,1,60;357,1,44;664,2,36,98;362,2,134,201;587,1,229;277,1,145;858,1,41;736,2,106,219;594,2,8,16;526,1,637;289,1,234;291,1,121;862,1,78;178,2,91,151;186,1,29;534,1,92;204,2,73,142;785,1,57;207,2,179,203;538,3,50,262,319;602,1,384;214,1,127;545,4,18,36,50,120;616,1,61;220,1,88
566,5,5:319,1,209;34,1,79;800,1,55;90,1,34;604,1,146
567,25,27:319,1,210;6,2,29,287;236,1,142;239,1,239;37,1,82;247,1,205;631,1,113;314,1,75;803,1,134;75,1,165;77,1,155;935,1,41;82,1,162;742,1,279;411,1,87;119,1,198;732,2,161,209;130,1,52;709,1,165;137,1,26;584,1,147;426,1,150;284,1,93;526,1,211;199,1,79
568,1,1:319,1,212
569,16,16:319,1,216;440,1,252;396,1,51;549,1,116;436,1,18;835,1,157;465,1,159;52,1,227;632,1,73;95,1,161;504,1,101;709,1,103;677,1,205;514,1,107;354,1,131;360,1,236
570,4,4:319,1,217;628,1,51;385,1,107;204,1,151
571,4,4:319,1,224;312,1,56;567,1,73;183,1,80
572,15,16:319,1,229;11,1,33;697,1,62;323,1,31;313,1,261;780,1,118;255,1,26;485,1,73;996,1,32;487,1,17;730,2,3,18;574,1,128;262,1,103;151,1,298;720,1,68
573,11,11:319,1,230;923,1,57;21,1,103;50,1,123;242,1,72;915,1,104;707,1,125;587,1,53;908,1,144;193,1,72;388,1,113
574,28,94:319,1,236;320,3,6,12,33;446,1,54;880,2,5,14;255,2,62,69;485,2,6,16;344,1,219;256,1,111;257,3,5,23,131;582,3,5,10,17;516,3,38,89,151;276,6,22,44,65,113,145,197;278,6,27,54,72,97,141,153;522,1,68;426,4,14,34,55,184;160,3,7,14,28;161,4,6,15,32,111;167,7,23,52,64,104,204,254,271;187,9,83,91,121,129,167,222,229,233,247;188,8,8,36,74,98,130,169,208,238;189,4,24,54,65,110;295,9,10,30,56,86,123,129,155,236,252;868,4,8,16,35,42;432,1,123;199,1,73;989,2,6,12;299,1,69;946,2,92,185
575,10,11:319,1,241;624,2,34,113;400,1,269;327,1,87;713,1,91;362,1,130;277,1,137;316,1,384;737,1,84;865,1,83
576,7,7:319,1,247;925,1,60;570,1,118;495,1,78;419,1,64;994,1,20;383,1,84
577,48,61:319,1,248;790,1,62;13,2,1,17;548,1,186;235,1,121;458,1,243;835,1,90;240,3,135,234,257;401,1,158;559,1,78;246,1,143;630,1,127;250,1,146;634,3,72,154,171;475,1,93;476,1,52;75,1,268;974,1,114;608,1,245;805,2,53,76;256,1,155;730,2,70,174;413,1,82;611,1,175;970,1,77;503,1,106;813,1,96;654,2,98,160;852,1,38;583,1,40;355,1,86;829,3,2,31,60;274,1,310;155,2,5,23;717,1,166;718,1,50;666,1,166;994,1,21;882,1,62;912,2,28,92;889,2,42,59;952,1,89;194,1,72;197,1,98;205,1,56;785,1,78;541,1,215;218,1,62
578,11,12:319,1,250;621,1,32;461,1,187;627,1,70;493,1,45;611,1,177;125,1,172;356,1,214;372,2,98,127;912,1,30;671,1,156
579,16,20:319,1,253;831,1,83;323,1,177;329,1,165;629,1,215;311,2,2,21;892,2,3,17;476,2,1,13;608,1,94;746,2,43,76;498,1,24;856,1,219;659,1,40;151,1,304;152,1,247;170,1,199
580,4,6:319,1,255;408,1,178;718,2,116,121;193,2,225,257
581,12,12:319,1,261;12,1,162;700,1,130;458,1,259;312,1,52;475,1,63;252,1,131;644,1,31;494,1,93;907,1,59;363,1,33;592,1,93
582,18,18:319,1,262;834,1,15;235,1,124;456,1,73;35,1,170;58,1,222;633,1,66;895,1,29;80,1,59;566,1,51;804,1,102;478,1,265;571,1,55;647,1,71;579,1,183;654,1,150;357,1,79;693,1,11
583,17,18:319,1,276;455,1,70;558,1,27;837,1,48;313,1,55;638,1,114;94,1,27;986,1,40;101,1,166;769,1,197;971,1,74;358,1,32;159,1,78;819,1,42;722,1,36;388,2,29,83;540,1,59
584,59,74:319,1,277;13,2,9,25;618,1,139;698,1,157;230,1,192;323,1,132;834,1,157;456,1,98;40,1,44;47,2,18,40;557,3,6,15,51;798,1,94;631,1,67;63,1,192;633,1,127;312,3,6,14,82;801,1,127;73,1,81;635,1,73;473,1,341;764,1,45;742,1,64;255,1,27;342,1,48;487,1,247;977,1,34;102,3,8,27,53;412,1,244;969,1,73;811,1,96;747,1,164;579,1,58;651,1,136;652,1,145;653,1,42;655,1,124;134,2,12,30;613,2,94,120;857,1,34;149,1,68;359,1,159;156,1,89;990,1,43;978,1,96;289,1,96;291,2,12,39;177,2,7,18;180,1,105;889,2,10,25;188,2,18,46;670,1,200;739,2,8,18;876,1,80;388,1,151;435,1,112;604,1,400;749,1,57;825,1,70;306,1,222
585,7,17:319,1,278;361,2,118,162;518,2,181,251;681,2,112,138;371,2,63,165;820,6,4,7,14,17,38,41;431,2,32,48
586,14,23:319,1,279;19,2,160,197;955,1,51;551,4,1,12,33,188;771,1,121;520,1,20;522,3,2,12,106;161,1,53;951,2,137,156;371,1,61;170,2,54,225;876,2,105,115;301,1,61;879,1,69
587,24,34:319,1,281;618,1,96;227,1,221;619,1,170;436,1,146;311,2,40,443;634,4,1,13,31,169;86,1,160;99,1,50;851,1,135;418,1,140;905,1,90;856,1,184;582,1,144;355,1,91;362,1,162;518,1,236;168,1,38;289,1,311;179,2,69,287;544,1,107;545,3,2,20,38;218,2,20,42;616,3,2,16,30
588,4,4:319,1,282;459,1,55;437,1,217;350,1,44
589,38,59:319,1,284;11,1,222;955,1,50;48,1,29;992,1,64;921,3,4,13,27;102,1,77;105,1,74;655,1,88;506,1,148;517,1,211;588,1,53;665,1,35;978,3,5,14,26;162,2,170,212;163,1,213;164,1,89;666,1,94;168,1,108;372,1,53;176,1,75;862,3,35,111,167;958,1,37;292,3,43,207,291;179,2,10,23;863,2,42,105;866,2,5,16;952,2,9,21;959,1,22;429,3,9,19,64;870,1,18;695,1,80;872,2,5,16;821,5,11,26,81,148,215;989,1,16;383,1,122;204,1,45;539,2,1,11
590,83,109:319,1,289;790,1,24;443,2,115,137;13,1,177;15,1,99;548,1,203;21,1,197;31,1,36;459,1,98;38,1,188;980,1,28;39,1,106;399,1,132;43,1,171;556,2,90,109;400,2,128,143;627,1,68;465,1,189;53,1,33;334,1,146;562,1,146;64,1,186;336,2,3,22;338,1,66;634,2,5,17;73,1,175;934,1,35;607,2,131,215;75,4,381,414,514,640;895,4,5,18,36,76;779,2,74,251;728,1,34;86,1,172;805,1,28;342,1,229;91,1,107;92,1,75;96,1,160;99,2,6,28;491,2,106,163;844,1,111;492,2,66,80;642,1,92;106,1,151;260,1,113;846,1,101;572,1,112;109,1,144;503,2,40,163;690,1,110;504,1,57;506,3,33,80,103;133,1,98;350,1,176;853,1,60;137,1,79;138,1,120;661,1,93;514,1,61;151,1,230;517,3,178,181,218;361,1,48;362,1,121;518,2,21,46;155,2,243,323;158,1,365;717,1,133;367,1,77;783,1,135;666,2,75,158;524,1,271;170,1,208;283,1,82;525,1,128;289,1,142;531,1,84;184,1,225;202,1,151;597,1,53;914,3,1,18,35;671,1,119;724,1,126;546,1,174
591,9,9:319,1,298;27,1,193;78,1,107;608,1,103;808,1,116;584,1,224;864,1,71;739,1,150;876,1,148
592,10,13:319,1,302;37,1,67;758,1,140;628,3,3,22,161;658,1,166;156,2,180,273;162,1,254;818,1,38;185,1,213;536,1,49
593,1,1:319,1,305
594,25,35:319,1,306;617,2,27,55;465,1,115;437,1,307;797,1,113;802,1,131;644,1,52;574,1,98;851,4,4,10,34,126;827,2,9,28;652,1,269;690,2,92,117;886,2,2,8;350,1,81;358,1,18;361,1,150;365,1,98;180,1,49;294,3,2,14,30;695,1,84;386,1,96;203,1,255;389,1,104;883,2,183,206;879,1,82
595,1,1:319,1,307
596,12,12:319,1,310;42,1,157;463,1,29;46,1,97;60,1,151;73,1,78;472,1,91;486,1,43;500,1,133;590,1,37;822,1,22;434,1,79
597,13,14:319,1,311;402,1,133;802,1,155;83,1,130;639,1,471;499,1,107;853,1,79;423,1,304;143,1,261;159,1,173;316,2,321,337;530,1,105;875,1,66
598,8,8:319,1,323;47,1,245;56,1,69;333,1,68;949,1,73;165,1,197;595,1,255;670,1,81
599,4,4:319,1,325;548,1,185;826,1,71;859,1,127
600,3,3:319,1,326;642,1,95;879,1,191
601,23,30:319,1,332;394,1,90;323,1,158;928,1,68;246,3,4,24,50;403,1,291;568,1,31;639,3,230,411,435;97,1,220;115,3,76,108,183;995,2,11,24;349,1,138;677,1,80;919,1,94;916,1,53;694,1,21;595,1,62;180,1,133;197,1,91;388,1,165;600,1,73;946,1,141;308,1,118
602,10,13:319,1,333;758,1,212;629,1,219;60,1,116;950,1,67;838,1,251;117,1,166;850,1,230;771,2,92,116;379,3,31,67,76
603,3,3:319,1,335;964,1,52;122,1,209
604,26,34:319,1,338;830,1,25;25,1,192;452,1,28;325,1,186;326,4,5,18,33,49;701,1,134;759,1,19;560,3,9,26,63;837,2,30,36;630,1,68;562,2,10,23;66,1,89;763,2,64,201;86,1,104;579,1,153;904,1,25;655,1,145;506,1,98;148,1,101;162,1,87;668,1,100;173,1,95;596,1,134;386,1,87;537,1,43
605,7,12:319,2,344,362;234,2,47,97;460,1,65;727,1,168;245,3,56,83,105;104,1,125;302,2,85,114
606,16,17:319,1,350;549,1,378;449,1,83;32,1,61;44,1,265;465,1,31;77,1,194;85,1,42;957,1,80;844,1,107;584,2,207,261;360,1,239;290,1,169;386,1,135;602,1,349;683,1,145
607,27,49:319,1,352;440,1,78;752,1,53;455,4,27,39,46,67;456,1,127;398,2,38,173;557,4,7,16,79,142;312,1,84;801,1,71;479,1,64;342,2,49,91;94,1,51;107,2,37,48;705,1,72;654,1,106;905,1,34;419,4,1,5,37,58;506,2,64,114;164,4,5,18,57,110;172,1,199;958,1,49;179,3,2,15,150;181,3,1,7,20;910,2,44,97;882,1,39;190,1,16;546,2,119,130
608,4,4:319,1,354;34,1,123;343,1,187;539,1,67
609,26,31:319,1,357;745,1,187;793,1,49;549,1,482;324,1,65;795,1,52;480,3,122,132,235;729,1,57;977,2,58,69;571,1,131;769,1,145;110,1,53;348,2,81,93;135,1,171;580,1,112;581,1,130;734,2,94,219;146,1,81;165,1,66;167,1,243;591,1,73;180,1,78;952,1,46;383,1,143;385,1,118;879,1,224
610,2,2:319,1,367;571,1,158
611,17,18:319,1,370;459,1,172;770,1,70;504,1,144;514,1,149;585,1,50;156,1,288;283,1,97;171,1,192;373,1,100;174,1,211;869,1,39;820,1,58;201,2,3,15;945,1,34;203,1,128;601,1,28
612,36,73:319,1,372;697,6,12,24,38,114,201,213;323,1,143;241,2,10,30;313,2,228,250;339,1,114;843,2,50,55;903,1,42;613,1,151;274,3,2,32,79;716,2,23,49;519,1,516;588,1,19;666,4,3,16,53,128;283,5,4,24,43,98,169;958,2,103,123;863,1,88;910,2,21,83;182,2,15,34;865,2,27,82;867,1,65;378,1,64;190,2,1,8;192,1,36;195,1,16;721,1,62;873,3,4,17,85;945,4,3,9,21,36;597,4,61,67,79,100;883,1,54;914,2,17,34;209,2,9,18;211,1,79;539,1,40;878,1,59;303,5,1,28,59,162,185
613,2,2:319,1,374;683,1,51
614,4,8:319,1,376;8,2,2,14;46,3,6,20,41;259,2,7,15
615,28,100:684,2,4,9;446,1,110;465,1,220;880,1,30;255,3,2,9,31;485,4,24,71,103,111;256,1,325;257,4,82,134,149,193;345,1,140;582,4,35,78,93,115;516,10,3,12,16,25,67,124,146,165,186,192;517,1,51;159,2,96,120;522,1,86;588,1,115;426,3,83,170,173;160,1,36;161,1,104;167,7,106,123,143,147,162,195,225;187,7,5,15,24,112,135,192,212;188,8,25,53,58,107,121,155,187,194;189,7,149,153,171,181,190,200,220;295,7,138,195,200,208,224,267,274;868,1,28;821,8,9,24,43,64,112,152,190,207;199,3,80,88,120;202,1,129;946,9,1,18,35,108,114,118,153,156,176
616,14,32:684,2,19,140;659,1,52;162,1,76;163,3,135,178,203;167,2,146,203;187,4,128,221,232,246;188,6,6,34,72,129,168,214;189,2,152,203;295,1,199;190,2,5,12;868,1,41;821,3,8,23,42;784,2,2,9;946,2,113,155
617,4,4:684,1,32;504,1,86;514,1,92;185,1,214
618,1,1:684,1,34
619,56,126:684,1,37;745,1,52;447,3,6,19,101;449,1,86;624,3,36,208,232;457,1,61;29,1,99;36,2,173,254;239,6,109,148,181,201,208,230;462,3,3,11,32;327,1,241;242,2,228,256;988,2,7,30;702,11,9,14,29,34,43,49,75,97,130,159,197;67,3,95,133,184;312,1,18;339,1,56;762,1,73;75,1,506;81,1,147;82,1,109;255,1,81;485,2,50,78;97,1,40;921,1,115;493,1,157;689,1,107;652,1,50;140,2,114,211;144,1,146;680,1,65;271,1,86;272,1,128;273,3,101,221,306;274,1,158;276,2,1,23;157,4,1,31,75,161;972,1,106;426,2,91,179;171,1,164;316,2,233,277;291,3,127,179,209;958,2,39,146;534,7,6,13,24,31,55,73,141;821,1,61;536,9,6,21,56,75,89,100,116,172,179;298,6,5,11,21,26,38,66;989,3,27,123,177;538,4,1,21,191,196;303,1,153;305,1,106;307,3,122,151,209;219,1,161;220,2,78,167;221,2,1,30;546,4,6,30,110,148
620,35,36:684,1,40;225,1,171;226,1,152;752,1,76;231,1,258;232,1,97;22,2,66,89;449,1,62;834,1,235;235,1,86;758,1,204;463,1,18;52,1,46;242,1,98;53,1,40;58,1,204;63,1,181;67,1,268;566,1,176;254,1,70;642,1,271;732,1,193;771,1,207;135,1,166;424,1,130;426,1,182;978,1,51;528,1,117;287,1,172;824,1,112;302,1,111;602,1,32;724,1,142;683,1,91;616,1,86
621,1,1:684,1,43
622,46,94:684,1,45;618,2,141,231;394,1,91;230,3,149,217,253;232,3,109,143,216;448,1,123;686,1,122;453,1,46;32,4,83,145,257,262;240,2,200,296;60,3,102,112,123;248,2,2,21;403,1,314;674,1,70;67,4,19,42,64,196;339,1,68;932,4,7,30,57,126;982,1,67;957,3,1,21,84;639,2,412,436;98,1,146;101,1,185;115,3,77,109,184;277,4,44,130,157,211;166,1,65;428,1,72;719,1,58;591,1,96;817,3,10,21,36;526,1,80;889,2,82,151;293,2,59,70;866,3,42,52,96;188,1,140;596,8,9,20,34,56,143,180,213,222;872,3,73,83,127;961,1,29;821,2,32,228;874,1,83;989,4,23,94,117,134;384,1,300;597,2,72,83;299,1,282;883,3,53,191,232;877,1,59;602,1,127
623,12,16:684,1,52;227,3,5,30,189;619,2,1,25;447,1,83;560,1,40;59,1,109;337,1,79;579,1,32;906,1,57;828,2,47,139;516,1,242;386,1,150
624,3,4:684,2,55,123;880,1,51;293,1,41
625,32,41:684,1,59;460,3,1,7,27;56,1,334;560,2,43,128;630,2,56,104;633,2,40,100;840,1,111;341,2,38,51;411,1,72;570,1,101;705,1,51;746,1,25;572,2,29,83;110,1,56;707,1,96;577,1,31;357,1,17;358,2,6,14;360,1,159;972,1,25;428,1,59;173,2,50,108;818,1,26;958,1,89;910,1,39;382,1,22;384,1,86;387,1,46;388,1,178;537,1,50;775,1,41;216,1,174
626,1,1:684,1,65
627,3,3:684,1,69;436,1,166;642,1,145
628,71,98:684,1,71;4,1,142;605,1,83;321,2,9,24;17,2,39,191;547,1,154;793,1,73;232,1,28;954,1,75;398,1,273;34,2,125,171;44,1,147;556,1,108;46,1,60;437,1,47;52,2,67,349;797,1,56;559,1,101;632,1,104;760,2,1,6;67,1,150;312,1,76;634,1,213;315,1,154;803,1,92;251,3,5,21,44;932,1,167;473,2,196,239;83,1,46;478,1,369;86,2,77,81;806,1,101;569,3,9,23,57;938,1,22;93,1,140;98,1,123;102,3,6,25,51;570,1,50;730,2,1,16;676,1,19;969,1,45;109,1,71;414,1,15;902,2,11,43;125,1,154;127,1,90;651,1,131;128,1,123;852,1,104;516,2,198,256;680,1,52;362,3,6,25,115;363,1,73;155,2,199,242;665,1,94;909,1,32;287,2,19,46;288,2,23,56;291,3,3,30,55;178,1,105;181,1,84;912,1,73;876,1,88;945,1,26;210,2,5,14;888,1,100;724,1,56;540,4,18,70,80,143;786,1,133;749,1,58;825,1,71
629,38,49:684,1,72;830,1,120;923,1,16;442,2,37,94;547,1,114;983,1,39;31,1,63;315,1,155;74,1,140;965,1,29;80,2,201,353;804,1,22;728,2,30,63;938,1,23;639,2,24,261;570,1,51;746,1,40;647,1,19;847,2,44,64;969,1,46;941,1,24;114,1,22;122,1,198;125,1,145;127,1,106;141,1,96;143,1,145;962,1,59;589,5,51,98,122,202,271;859,1,107;162,2,24,127;366,1,51;590,2,63,87;178,1,106;889,1,36;878,1,14;723,1,15;724,1,215
630,56,76:684,1,78;744,1,107;790,1,144;549,1,315;550,4,26,39,54,81;700,1,292;237,1,88;458,1,209;835,1,54;626,1,130;461,1,63;327,2,124,292;57,1,119;559,1,56;606,2,43,86;799,3,94,128,160;67,1,242;75,1,110;608,3,110,113,211;89,1,103;899,1,44;675,5,203,224,229,238,250;412,1,225;571,1,194;676,1,67;647,1,42;495,2,136,148;577,1,118;500,1,116;747,1,135;579,1,84;905,1,104;419,1,29;657,1,74;512,2,14,112;352,2,44,104;266,1,121;142,1,91;519,1,80;859,1,144;717,2,131,164;163,1,179;916,1,51;167,1,257;524,1,221;531,1,96;737,2,60,126;958,1,90;292,1,273;912,1,207;205,1,70;748,1,71;218,1,136;616,1,187;306,3,150,218,354;308,1,164
631,9,9:684,1,80;225,1,176;73,1,158;896,1,31;115,1,36;850,1,168;690,1,60;582,1,26;584,1,203
632,46,72:684,1,86;752,1,123;620,1,45;792,2,102,149;548,1,199;835,2,44,56;555,1,253;37,1,99;758,2,188,233;465,1,55;630,1,48;799,1,201;632,1,173;468,1,191;633,1,74;74,1,48;475,1,85;252,1,119;82,1,92;568,1,76;478,2,206,295;253,2,157,178;86,1,30;89,2,25,49;99,3,46,96,171;574,1,54;654,1,173;612,1,19;419,1,60;678,5,2,20,38,83,115;907,1,83;356,1,94;357,2,33,91;358,3,3,11,103;359,2,31,56;363,4,19,38,46,80;155,1,50;364,4,7,28,51,159;589,2,171,184;859,1,137;593,3,2,9,23;193,1,276;384,1,136;302,1,15;213,2,85,112;602,1,289
633,127,223:684,1,87;750,1,24;745,2,92,117;792,1,185;228,1,170;549,1,80;22,2,220,235;23,2,40,64;756,3,9,23,85;623,1,51;925,4,5,20,52,94;25,2,143,150;451,2,67,78;954,1,81;700,4,77,94,313,327;456,3,128,152,254;687,1,104;458,1,172;835,3,78,98,131;555,1,271;626,1,82;397,1,305;398,6,40,59,85,115,134,174;463,1,85;330,1,51;57,1,101;799,2,196,202;950,1,25;64,1,290;800,1,62;891,1,47;632,1,174;633,2,33,55;634,1,63;469,1,52;73,1,279;932,1,91;474,2,40,50;405,3,26,66,74;476,1,27;607,3,52,78,263;252,1,74;82,1,93;566,3,113,117,130;804,2,83,96;407,1,184;567,1,68;568,2,65,80;974,1,88;937,1,26;89,5,27,46,51,125,148;483,1,37;808,2,74,100;766,1,65;99,1,98;411,1,75;640,1,72;675,1,67;730,2,86,96;107,2,12,24;645,1,68;494,3,3,11,19;495,5,3,13,20,30,46;572,1,63;847,1,46;884,7,32,105,183,199,333,362,401;770,1,59;414,3,2,8,20;346,1,40;120,1,272;611,3,86,95,149;262,2,44,54;500,3,68,95,101;126,1,52;651,2,91,100;504,1,44;419,1,61;782,2,3,13;678,7,3,21,39,56,84,93,116;422,2,35,53;714,1,106;514,1,41;356,1,228;359,2,32,57;275,1,49;363,1,20;155,1,51;364,4,8,29,52,160;589,1,95;859,1,138;717,2,62,204;719,1,51;168,5,101,125,141,157,272;816,1,79;592,1,47;371,1,208;174,1,157;531,1,79;994,1,27;293,1,38;918,3,22,50,61;866,1,24;183,1,128;952,1,55;871,2,31,61;196,1,81;721,1,107;872,4,55,215,230,257;991,1,34;383,3,49,64,140;384,1,165;385,1,45;537,1,51;204,1,354;598,1,135;599,1,37;600,1,158;775,1,43;671,2,19,42;539,1,106;602,4,55,245,290,406;215,1,46;216,1,203;683,1,22;542,1,25;544,2,6,17;786,7,161,168,193,199,207,235,247
634,23,23:684,1,90;698,1,116;791,1,83;549,1,351;686,1,166;50,1,85;561,1,63;761,1,100;74,1,129;568,1,43;253,1,86;408,1,53;86,1,223;254,1,49;412,1,37;126,1,56;504,1,39;512,1,192;514,1,37;518,1,147;738,1,49;181,1,101;671,1,45
635,4,7:684,1,95;994,4,4,9,35,42;882,1,71;786,1,159
636,6,13:684,1,100;12,4,116,120,139,184;323,1,111;48,1,290;590,5,97,126,137,153,168;193,1,107
637,42,50:684,1,101;321,1,103;725,2,9,18;832,1,53;25,1,26;451,1,62;700,1,131;552,1,58;325,1,28;458,1,41;397,3,216,224,237;45,1,165;47,1,218;563,2,3,9;564,2,1,12;252,1,132;86,1,198;480,1,146;488,1,73;107,1,157;644,1,32;494,1,152;847,1,85;648,1,20;573,1,78;884,1,258;414,2,3,9;348,1,29;506,1,58;135,3,3,14,28;657,1,137;582,1,137;516,1,259;681,1,170;589,1,273;591,1,136;592,1,94;736,1,185;668,1,86;531,1,89;387,1,43;786,1,134
638,53,57:684,1,102;776,1,112;392,1,103;547,1,215;231,1,219;27,1,170;624,1,67;29,1,206;325,1,154;458,1,254;400,1,212;51,1,187;52,1,50;243,1,106;53,1,159;244,1,105;470,1,38;80,1,208;608,1,65;478,4,148,189,242,277;408,1,146;807,1,49;780,1,98;487,1,252;343,1,194;639,1,456;975,1,66;491,2,82,216;570,1,91;847,1,97;969,1,21;118,1,109;611,1,55;576,1,127;126,1,97;350,1,136;144,1,268;150,1,119;587,1,166;162,1,204;524,1,200;614,1,60;372,1,158;526,1,284;529,1,111;184,1,94;297,1,75;384,1,172;205,1,53;302,1,129;216,1,176;218,1,145;390,1,139
639,4,4:684,1,103;674,1,43;570,1,92;316,1,121
640,5,7:684,1,105;579,1,83;128,3,167,187,194;659,1,79;680,1,21
641,4,8:684,1,115;843,1,90;379,5,9,22,34,70,79;821,1,196
642,4,4:684,1,118;41,1,91;133,1,82;279,1,45
643,22,25:684,1,130;441,1,90;228,1,233;22,2,28,211;686,2,101,117;625,1,123;397,2,134,145;40,1,47;244,1,111;674,1,48;338,1,167;808,1,190;639,1,251;495,1,162;115,1,94;811,1,114;131,1,314;359,1,176;870,1,26;878,1,31;604,1,285;879,1,207
644,15,20:684,1,133;456,3,8,20,286;327,2,68,98;328,1,62;54,1,96;839,1,42;101,1,274;811,1,101;709,1,52;162,1,197;167,2,179,185;291,1,266;179,2,55,275;821,1,212;546,1,208
645,28,54:776,6,1,8,16,32,98,129;4,1,110;745,2,78,132;321,1,72;752,1,30;549,1,102;700,1,318;835,1,86;626,2,3,9;398,1,56;246,3,14,34,69;65,3,6,16,47;340,1,48;566,2,23,28;407,1,115;480,1,33;937,3,1,9,72;89,6,8,16,20,37,77,117;897,1,26;675,1,194;644,1,27;941,4,7,14,26,45;500,4,3,12,21,61;651,1,76;144,2,254,256;168,1,135;592,1,83;383,1,74
646,26,31:776,1,27;393,1,139;725,1,82;699,2,139,212;453,1,172;794,1,55;327,1,309;93,1,49;107,1,168;848,1,58;128,2,151,172;130,1,225;144,1,289;588,2,48,110;694,1,98;172,2,75,186;377,1,106;287,1,196;178,1,206;863,1,147;184,2,121,171;872,1,227;877,1,71;212,1,61;214,1,65;218,1,168
647,19,19:776,1,29;9,1,71;696,1,31;964,1,104;242,1,151;53,1,158;311,1,182;469,1,143;742,1,31;487,1,265;93,1,130;108,1,218;350,1,226;907,1,105;357,1,129;920,1,105;666,1,34;316,1,130;911,1,61
648,11,11:776,1,30;792,1,101;41,1,92;992,1,68;494,1,68;502,1,40;580,1,49;364,1,106;972,1,28;976,1,57;775,1,71
649,118,155:776,1,43;744,2,61,80;7,2,69,125;309,1,63;225,1,30;12,1,71;444,1,132;228,1,156;396,1,182;549,1,355;21,2,64,282;685,1,88;700,2,35,347;456,2,63,145;983,1,58;29,1,129;625,1,71;325,1,27;794,1,32;554,1,233;777,1,187;555,2,145,268;32,1,60;626,1,59;397,2,81,313;758,2,148,165;38,1,27;43,1,27;45,1,191;48,1,88;51,1,86;52,1,92;53,1,66;333,1,103;60,2,28,139;64,2,94,196;403,1,148;250,1,112;337,1,97;71,1,219;73,6,1,17,114,152,260,275;472,4,28,107,131,158;339,1,80;565,1,49;839,1,66;779,1,104;936,1,68;567,1,24;568,1,75;86,2,40,122;966,1,25;639,2,67,173;915,1,123;101,2,39,152;103,1,139;730,1,60;412,1,182;413,1,49;644,1,88;494,5,61,150,160,207,217;647,1,51;108,1,170;110,1,89;114,1,93;574,1,96;576,3,1,20,67;650,1,95;500,1,22;348,1,49;850,1,173;126,1,48;691,1,89;612,1,69;905,1,47;709,1,62;350,2,112,168;613,1,42;657,1,127;712,1,68;907,1,63;143,1,21;714,1,66;145,1,63;772,1,53;962,1,37;158,1,139;519,1,474;589,2,10,24;908,2,79,112;162,2,205,286;164,1,37;815,1,61;590,1,118;280,1,259;816,1,93;592,2,105,122;525,2,44,117;736,1,80;316,1,18;284,1,82;285,1,247;287,1,165;531,4,64,76,110,191;292,1,86;865,1,90;190,1,73;193,1,114;596,1,286;381,1,75;317,1,81;433,1,83;198,1,137;388,1,102;537,1,121;389,1,21;305,1,172;541,2,76,185;390,1,267
650,5,7:776,1,46;752,1,59;937,1,43;89,3,6,14,18;144,1,255
651,44,45:776,1,47;6,1,183;697,1,137;792,1,91;549,1,185;22,1,236;453,1,73;236,1,231;835,1,71;981,1,31;626,1,197;397,2,203,306;239,1,223;39,1,113;47,1,239;52,1,327;244,1,88;560,1,227;64,1,200;402,1,148;778,1,106;69,1,126;314,1,79;75,1,103;97,1,305;256,1,388;102,1,177;705,1,113;649,1,194;732,1,186;350,1,64;141,1,166;814,1,131;277,1,143;592,1,56;285,1,153;386,1,123;203,1,361;775,1,85;538,1,171;953,1,71;218,1,78;616,1,157;308,1,165
652,9,10:776,1,50;557,1,72;468,1,118;481,1,23;844,1,38;122,1,86;858,1,158;525,1,127;601,2,2,12
653,58,67:776,1,59;309,2,241,270;751,1,154;697,1,202;394,1,78;547,1,219;19,1,67;793,1,122;548,1,44;22,1,328;963,1,95;555,1,115;626,1,179;459,1,383;398,1,208;928,1,73;40,2,103,138;48,1,144;52,1,30;334,1,108;64,1,145;468,1,198;674,2,86,117;67,1,193;634,2,185,223;932,1,64;935,1,33;407,1,45;478,1,366;485,1,113;488,1,208;256,1,322;492,1,63;675,1,273;493,1,77;115,1,59;117,2,45,74;689,1,59;902,1,47;732,1,215;134,1,195;677,1,102;659,1,81;356,1,56;153,1,173;693,1,68;718,1,73;523,1,83;316,1,52;526,1,669;172,2,212,221;295,3,140,165,178;533,1,100;721,2,7,21;946,1,191;435,1,157;545,1,151;616,1,183
654,2,2:776,1,61;958,1,59
655,36,39:776,1,74;309,1,104;225,1,57;619,3,11,35,59;698,1,71;793,1,37;963,1,35;835,1,76;400,1,261;248,1,86;75,1,315;567,1,44;342,1,84;487,1,70;949,1,59;345,1,118;884,1,58;118,1,94;502,1,109;813,1,80;506,2,41,169;135,1,116;424,1,74;962,1,49;680,1,58;357,1,100;275,1,75;518,1,72;292,1,344;182,1,73;534,1,114;433,1,204;198,1,120;203,1,125;824,1,66;539,1,91
656,42,66:776,1,76;750,1,52;228,2,268,271;322,3,72,90,162;622,4,141,144,165,168;21,8,22,38,48,75,101,112,122,127;551,1,115;236,1,78;554,1,189;31,1,93;726,1,62;35,1,109;759,1,55;327,1,260;465,1,118;52,1,269;332,1,227;58,1,201;799,1,38;63,5,48,65,76,125,217;314,1,168;339,2,55,111;75,2,41,137;482,1,230;488,2,88,96;915,3,43,80,144;257,1,56;850,1,249;502,1,99;125,1,60;128,3,26,96,115;264,1,99;276,1,84;972,1,67;159,1,110;426,1,115;375,1,178;380,1,79;775,1,18;302,1,65;602,1,179;604,1,259
657,7,8:776,1,79;322,1,92;452,2,3,15;465,1,41;519,1,34;588,1,18;302,1,140
658,32,36:776,1,80;789,1,78;793,1,119;21,1,83;685,1,54;740,1,49;26,1,53;673,1,34;794,1,134;399,1,131;45,1,143;797,1,122;564,3,45,52,107;471,1,62;932,1,80;915,1,103;675,2,15,43;781,1,110;350,2,99,121;613,1,75;141,1,132;814,1,71;588,1,31;908,1,126;815,1,47;865,1,25;197,1,105;722,1,71;945,1,40;204,1,251;599,1,49;786,1,225
659,1,1:776,1,83
660,14,19:776,1,86;5,1,45;21,1,69;236,2,95,194;33,1,217;53,1,170;764,1,31;350,2,229,261;142,1,84;518,3,78,83,97;951,1,68;174,1,202;176,2,167,241;187,1,174
661,48,65:776,1,89;7,1,101;15,1,158;17,2,6,20;436,2,102,152;686,1,156;397,1,185;459,1,78;461,1,18;42,1,43;44,1,358;311,1,91;338,3,39,118,163;475,1,31;82,1,126;840,1,73;478,1,31;742,2,95,115;101,1,195;493,1,64;108,1,131;121,1,193;851,1,146;654,4,76,130,142,155;507,1,43;133,2,49,88;942,1,41;512,1,44;265,1,59;267,1,179;354,1,116;273,2,322,387;362,1,102;518,1,76;681,1,104;156,5,6,26,60,131,167;589,2,144,154;526,1,557;528,1,204;530,1,82;182,1,136;183,2,54,119;185,2,71,95;429,1,30;739,1,118;317,1,225;601,1,90;220,1,47
662,1,1:776,1,92
663,53,92:776,1,93;4,1,106;745,2,98,102;224,1,230;16,1,39;547,2,235,302;20,5,10,21,38,108,128;232,1,393;436,1,206;26,1,47;27,6,5,18,31,74,111,224;454,1,133;235,1,84;554,1,170;795,2,39,126;36,1,151;39,1,26;53,1,47;838,3,101,219,250;471,1,71;802,4,11,23,51,109;935,1,14;78,3,1,9,17;80,5,5,12,83,155,277;936,2,59,120;567,1,48;478,1,251;253,2,60,195;408,1,163;481,1,59;808,1,115;102,1,110;706,3,6,18,103;810,2,1,17;574,4,12,25,37,70;122,1,184;126,1,79;130,1,144;904,1,15;782,1,31;710,1,40;133,1,36;350,2,230,262;511,1,41;734,4,7,15,75,85;512,1,20;142,2,20,107;584,1,94;518,3,79,84,98;279,1,78;951,1,69;524,2,164,179;596,1,149
664,15,15:776,1,94;750,1,29;7,1,132;448,1,234;686,1,92;777,1,113;32,1,102;779,1,175;780,1,154;691,1,90;663,1,48;166,1,172;526,1,595;317,1,191;604,1,373
665,5,5:776,1,95;4,1,108;686,1,93;500,1,58;653,1,156
666,87,151:776,1,105;924,1,104;443,3,251,314,325;226,1,129;394,1,64;395,1,79;18,1,81;447,1,99;686,2,148,155;30,2,46,88;458,1,182;555,3,79,89,93;459,1,114;238,2,141,169;33,1,236;328,1,107;241,4,124,173,191,273;50,3,180,211,304;727,1,36;55,2,121,146;59,1,282;60,1,81;334,1,107;561,1,167;403,2,3,13;337,2,59,116;564,1,65;251,1,55;78,1,63;477,1,65;764,4,73,77,109,151;804,1,99;974,3,117,133,146;637,1,42;89,1,90;341,1,109;898,1,79;638,1,90;949,2,42,56;675,1,317;769,3,169,190,225;884,2,70,102;118,1,116;970,1,46;652,4,99,114,157,231;263,5,38,83,88,93,151;129,1,129;264,2,133,166;505,3,2,7,80;905,1,66;710,1,62;677,2,186,200;513,1,87;139,1,207;140,4,161,182,189,243;142,1,47;267,1,34;270,2,241,297;148,1,41;360,1,176;152,3,4,35,93;153,2,93,130;362,3,19,38,101;518,5,19,44,156,191,197;681,3,78,90,164;155,1,181;276,1,217;972,1,75;589,1,252;367,4,90,104,127,133;590,1,129;281,1,103;170,3,78,149,194;372,2,137,157;290,2,85,103;179,1,176;532,4,20,40,65,82;203,1,166;600,1,161;539,1,23;602,1,63;214,2,6,18;215,2,5,13;541,2,155,181;306,1,119;308,2,171,193;221,1,74
667,31,38:776,1,109;831,1,55;11,1,62;696,1,32;17,2,11,25;396,1,49;622,1,193;624,1,70;42,1,235;241,1,184;333,1,116;311,1,350;68,1,177;741,2,43,55;80,1,93;765,1,76;114,1,34;130,1,72;710,1,39;677,1,110;359,2,119,134;280,1,278;169,1,97;316,1,264;528,1,116;287,1,171;190,1,65;961,2,66,79;683,2,114,122;218,1,201;219,3,81,163,197
668,5,6:776,1,110;752,1,145;231,2,235,253;505,1,63;284,1,73
669,75,164:776,1,111;443,1,384;14,2,80,150;618,1,156;394,4,1,17,67,134;698,1,145;752,1,146;232,1,290;549,1,466;622,2,235,240;685,1,180;623,1,38;834,1,254;925,2,101,110;453,1,202;29,1,369;687,1,131;835,3,160,166,174;555,3,124,166,198;42,5,42,61,123,143,231;329,1,139;52,1,129;55,3,12,24,194;311,1,383;249,2,44,90;778,1,206;741,2,45,51;634,2,132,160;469,1,258;339,6,11,30,76,107,121,183;473,2,63,163;933,1,44;765,5,8,19,34,41,95;638,1,67;343,4,17,34,44,113;257,1,228;977,1,53;100,3,8,16,78;104,3,48,94,127;641,5,10,20,37,82,91;642,1,146;610,1,85;940,4,5,15,50,57;676,1,63;108,2,101,214;846,1,46;847,3,6,18,69;114,2,38,102;120,1,355;578,3,4,16,27;651,3,12,24,209;128,1,80;134,1,69;351,3,12,24,238;148,2,141,276;360,1,65;664,1,128;274,1,255;280,4,110,133,146,294;524,7,14,33,42,141,181,199,231;316,2,122,205;374,2,122,140;375,1,290;285,3,170,239,317;526,6,282,463,480,542,627,644;595,1,71;297,1,69;432,1,136;535,1,42;382,4,8,16,37,84;203,1,196;775,2,66,91;305,3,92,165,195;543,1,100;219,12,5,22,43,58,83,140,151,187,200,238,263,267
670,17,18:776,1,113;4,1,126;698,1,54;752,1,120;456,1,149;561,1,83;252,1,114;566,1,76;480,1,30;89,1,45;675,1,233;610,1,22;109,1,53;500,2,85,93;732,1,60;671,1,90;213,1,50
671,31,32:776,1,119;8,1,84;392,1,145;696,1,30;19,1,167;27,1,128;700,1,274;460,1,109;35,1,45;41,1,90;56,1,49;337,1,108;313,1,216;76,1,31;82,1,147;256,1,293;102,1,202;491,1,172;848,1,55;118,1,67;689,1,47;516,1,104;522,1,26;951,1,29;167,1,276;179,1,144;184,1,70;200,1,54;203,2,161,326;207,1,74;748,1,36
672,4,4:776,1,122;12,1,168;964,1,87;58,1,226
673,23,25:776,1,123;322,1,150;234,1,39;928,1,58;48,1,247;53,1,74;402,1,207;741,1,23;314,1,255;935,1,66;81,1,53;255,1,39;101,1,227;812,1,28;649,1,248;851,1,19;133,2,80,175;855,1,54;682,1,91;951,1,159;528,2,188,199;192,1,61;825,1,58
674,14,17:776,1,132;753,2,14,105;926,1,160;48,1,79;761,1,95;479,1,81;488,1,117;640,1,43;811,3,1,15,33;649,1,206;509,1,60;269,1,97;882,1,84;604,1,139
675,3,3:776,1,133;761,1,96;488,1,221
676,53,102:776,1,135;4,1,102;751,1,61;14,1,45;792,1,47;322,1,78;621,1,70;24,2,99,104;452,3,12,24,82;926,1,141;237,2,152,203;30,1,75;794,1,21;33,1,150;465,2,207,213;55,1,198;930,2,2,16;248,1,60;467,3,6,19,32;403,2,53,240;741,1,30;473,6,55,67,97,108,170,175;475,1,96;935,1,48;80,5,31,46,163,312,327;81,1,49;765,1,28;89,1,110;805,1,82;488,6,6,15,34,81,103,161;93,2,46,115;94,1,42;99,1,78;641,1,121;610,3,6,12,60;940,2,10,20;646,3,3,14,72;115,3,5,15,48;575,3,12,24,82;417,1,38;348,1,18;651,2,9,21;652,1,262;136,1,32;583,2,7,14;828,2,103,108;142,2,5,10;783,2,6,20;428,1,38;526,7,7,29,52,258,380,468,658;292,1,217;212,6,46,64,92,106,152,166;604,1,85
677,16,19:776,1,139;444,1,127;323,1,77;826,1,94;835,1,120;757,1,22;632,1,252;607,4,40,88,112,164;806,1,134;639,1,401;491,1,210;769,1,174;283,1,236;774,1,85;382,1,79;786,1,244
678,4,6:4,2,1,10;364,1,215;867,2,1,5;539,1,107
679,5,9:4,3,4,13,52;799,3,52,98,154;128,1,159;218,1,139;749,1,97
680,106,207:4,4,9,18,84,145;5,2,12,24;309,1,100;831,1,73;393,1,68;225,2,5,19;443,1,347;14,2,6,15;752,1,170;228,1,37;20,1,109;232,2,5,15;549,2,446,474;622,4,9,22,113,118;449,1,113;954,4,55,86,94,161;27,1,173;700,1,153;456,1,169;237,2,13,26;397,2,120,168;42,3,4,20,109;463,1,70;400,3,276,342,350;49,1,50;53,1,48;632,4,15,35,67,130;761,1,97;402,3,77,108,200;634,2,92,131;315,2,6,15;931,2,3,19;469,5,64,72,195,204,256;475,1,50;607,3,9,28,55;763,8,6,18,73,103,140,165,185,193;688,1,57;804,2,6,16;478,2,35,358;409,2,34,63;742,5,47,146,182,313,321;480,1,166;89,1,95;780,1,110;898,1,23;93,1,80;638,1,120;639,2,8,16;94,1,25;915,1,117;99,1,72;609,2,9,24;845,3,7,14,24;675,1,86;104,3,11,22,91;412,1,239;571,3,11,22,38;610,1,77;107,3,75,130,159;413,1,97;846,4,9,24,58,83;572,1,122;847,2,12,24;497,2,11,22;109,1,79;770,2,7,14;115,1,30;575,1,101;262,1,108;578,1,64;122,1,93;747,5,4,16,37,102,180;124,1,62;128,3,38,124,226;781,2,31,57;904,1,19;881,1,7;771,1,60;734,1,134;512,3,6,12,289;352,3,9,24,36;584,1,119;267,5,9,24,45,182,193;814,1,138;515,4,5,13,22,62;662,1,35;715,2,50,259;269,1,32;680,1,50;148,1,146;359,1,145;682,5,10,20,26,71,103;524,1,68;614,2,5,13;595,2,159,217;172,1,88;388,1,81;434,3,56,60,72;212,3,5,10,187;214,1,41;724,5,5,23,53,133,211;216,1,149;683,4,3,11,54,164;218,1,155;786,2,90,202;219,1,63
681,14,15:4,1,20;547,1,136;926,1,136;726,1,129;339,1,102;476,1,48;75,1,360;407,1,141;478,1,97;342,1,175;859,1,41;523,2,4,12;913,1,22;432,1,130
682,8,15:4,2,26,57;232,1,37;624,3,1,5,20;794,1,23;313,3,14,28,41;480,1,242;121,3,5,16,32;302,1,37
683,44,82:4,1,27;6,1,85;15,3,66,119,166;321,1,140;444,1,89;395,2,4,13;792,6,3,15,28,54,216,251;548,1,115;232,2,50,350;622,1,227;21,1,214;234,1,23;777,1,93;31,3,9,23,54;36,1,53;800,3,90,122,156;338,3,15,31,94;313,5,81,108,168,186,200;405,1,123;762,1,29;75,2,510,541;256,7,13,36,62,179,219,272,353;100,3,56,141,153;411,1,29;493,1,105;115,1,69;119,1,162;579,1,71;348,1,59;127,5,12,26,33,43,139;504,1,216;512,1,31;714,1,94;514,1,197;424,3,84,117,183;152,1,254;153,2,192,254;587,1,212;277,1,264;520,1,44;433,2,195,221;537,1,112;604,3,49,211,279;541,1,233
684,111,275:4,1,28;5,2,9,21;830,3,21,27,61;440,1,219;6,3,8,16,212;744,5,6,12,87,88,138;790,3,5,10,31;392,1,106;696,1,83;224,1,28;227,4,18,43,68,202;619,2,17,41;548,2,7,18;832,1,87;622,2,230,244;436,1,187;22,3,7,18,37;452,1,50;699,3,13,34,204;453,3,9,20,34;926,1,35;30,1,66;325,10,5,14,35,50,67,74,83,125,187,207;956,2,71,100;397,3,11,22,39;757,3,9,18,29;38,1,195;980,3,8,16,23;41,3,25,159,164;556,3,8,18,31;464,2,5,13;47,2,5,27;53,2,121,136;56,1,33;559,4,11,24,34,64;560,3,12,29,64;837,4,7,16,26,74;59,9,9,23,37,51,80,143,169,246,272;630,4,13,36,71,138;562,2,11,24;632,2,71,105;403,1,319;66,3,5,14,30;69,5,6,15,31,50,57;404,1,46;71,2,13,29;315,3,9,18,35;74,1,110;475,4,6,12,54,107;762,1,35;75,1,29;763,5,9,21,47,62,198;895,2,7,20;566,2,41,162;840,1,36;85,3,4,13,110;478,1,110;86,2,46,105;87,3,38,48,94;88,4,9,26,55,94;742,5,9,23,201,205,298;569,4,12,26,59,62;808,3,23,29,45;96,3,8,25,45;97,1,118;99,3,12,34,66;640,2,4,13;412,4,12,24,115,134;746,3,6,17,72;644,1,43;648,1,30;109,3,7,16,26;573,1,68;112,6,6,22,52,75,151,166;113,2,7,17;415,2,13,29;121,2,8,19;747,4,7,19,44,96;126,3,7,16,186;503,2,16,32;731,2,17,34;813,3,10,20,43;131,1,37;653,1,139;781,2,70,129;904,1,22;350,2,9,22;853,3,4,18,40;512,1,92;421,1,163;268,2,19,41;585,1,57;152,9,17,48,81,96,136,204,212,243,272;972,2,2,7;287,4,20,47,79,197;289,2,75,113;531,1,170;291,4,5,32,57,144;175,6,26,52,57,109,133,177;952,3,10,22,41;913,1,26;198,1,94;388,2,20,55;537,3,5,19,36;202,1,54;203,3,11,27,39;602,1,329;603,1,32;542,1,65;543,1,121;307,1,180
685,18,48:4,1,36;745,5,6,16,37,71,170;800,3,129,149,158;703,7,5,13,29,37,39,109,120;475,1,121;762,1,45;974,2,41,178;85,1,51;948,3,5,11,16;884,1,39;119,6,13,26,40,70,72,208;900,2,6,21;716,4,5,31,64,135;818,5,36,45,61,109,144;987,3,5,11,29;378,1,47;876,1,165;784,1,26
686,15,17:4,1,38;396,2,8,17;324,1,108;554,1,241;64,1,140;838,1,46;410,1,46;572,1,99;984,1,73;906,1,41;990,2,64,90;519,1,497;521,1,49;888,1,35;540,1,139
687,24,47:4,1,39;547,5,144,222,242,261,313;231,1,95;447,2,41,77;459,1,190;398,3,193,264,292;838,4,42,51,186,227;936,1,35;884,2,10,24;498,1,45;984,1,74;509,1,24;677,2,57,139;143,1,73;158,5,135,157,173,199,323;990,1,91;161,1,71;291,1,261;823,2,10,31;888,6,3,6,9,27,45,77;540,1,85;304,1,69;672,2,42,102;220,1,193
688,4,6:4,1,40;311,1,99;193,1,268;825,3,129,163,201
689,11,12:4,1,44;309,1,25;751,1,27;12,1,202;621,1,152;623,1,76;836,1,129;921,2,48,108;845,1,43;572,1,103;435,1,80
690,1,1:4,1,45
691,6,6:4,1,48;311,1,219;101,1,243;662,1,21;150,1,151;718,1,82
692,22,25:4,2,50,74;309,1,45;790,1,56;834,1,268;34,1,249;465,1,143;71,1,244;73,1,245;77,1,168;86,1,161;639,1,448;256,1,317;412,1,236;114,1,31;118,1,169;577,1,44;134,1,110;423,2,158,211;156,1,142;521,1,136;668,2,28,225;285,1,288
693,29,49:4,1,55;830,1,105;548,2,4,15;397,1,32;41,1,158;69,1,49;894,4,5,17,45,69;934,1,30;763,1,72;253,3,7,21,41;408,3,9,20,35;86,3,13,27,45;482,2,2,11;412,1,32;109,3,1,10,19;112,1,71;902,1,72;851,1,59;827,1,130;583,1,73;828,1,30;144,1,275;269,1,29;424,1,92;874,1,51;200,4,2,13,39,69;434,1,55;878,3,1,7,35;220,3,6,14,26
694,7,7:4,1,61;461,1,71;115,1,188;504,1,166;514,1,171;518,1,152;519,1,49
695,43,49:4,1,63;7,1,191;443,2,79,213;227,1,157;725,1,109;621,1,119;22,1,255;449,1,108;699,1,100;325,1,236;458,1,193;398,1,97;400,1,299;797,1,76;57,1,162;58,1,130;837,1,121;59,4,7,21,35,319;246,1,72;840,1,41;482,1,154;487,1,317;644,1,111;572,1,35;497,1,99;122,1,154;655,1,81;419,1,105;906,1,20;678,1,58;144,1,241;363,1,26;155,2,72,90;589,2,72,197;289,1,257;531,1,208;179,1,331;863,1,77;912,1,133;889,1,143;943,1,106;209,1,58;786,1,257
696,16,16:4,1,71;554,1,273;33,1,139;34,1,196;54,1,85;476,1,68;345,1,48;710,1,25;356,1,204;526,1,405;184,1,107;596,1,156;722,1,47;946,1,94;544,1,90;953,1,93
697,2,2:4,1,76;165,1,228
698,13,13:4,1,77;396,1,81;777,1,92;474,1,187;85,1,95;996,1,37;960,1,51;100,1,158;106,1,129;493,1,225;120,1,203;131,1,78;157,1,169
699,184,254:4,1,88;924,2,43,70;440,3,29,115,122;441,1,130;7,3,70,155,235;309,2,119,135;751,1,173;696,1,86;224,1,110;443,3,106,227,267;697,1,181;618,1,200;698,3,160,182,230;752,1,221;979,1,49;792,3,96,259,269;228,4,56,196,234,318;621,1,122;549,3,156,244,336;21,2,29,300;436,1,213;22,6,93,135,143,212,251,289;685,1,135;24,1,71;551,1,168;25,1,154;686,1,96;452,1,66;26,1,127;700,2,341,358;687,1,58;835,1,134;554,1,54;777,1,78;397,2,135,146;33,1,171;34,3,70,207,220;36,1,241;38,1,100;980,1,41;39,1,116;399,1,64;43,1,100;463,1,112;45,1,188;556,1,39;400,1,379;53,1,147;797,1,39;244,1,51;798,1,98;466,1,81;334,1,188;561,1,170;631,1,51;799,1,120;800,3,30,87,110;468,1,68;402,1,160;67,1,215;563,1,43;69,1,47;338,1,192;471,1,52;803,3,107,139,148;474,2,143,156;475,1,36;607,1,81;565,1,66;75,1,303;763,2,162,181;77,1,197;80,1,339;764,1,96;566,1,203;804,1,80;407,1,124;478,2,152,349;948,2,74,106;937,1,91;481,2,65,95;806,2,54,106;807,1,37;780,1,150;342,1,78;487,1,147;898,1,64;488,1,41;982,2,59,76;808,2,43,191;639,1,374;899,1,103;411,2,42,78;640,1,111;675,1,184;730,1,132;571,1,150;642,1,189;705,1,121;413,2,30,117;645,1,104;646,1,47;968,1,28;345,1,203;769,4,31,195,202,248;115,1,95;261,1,85;811,1,115;118,1,179;122,1,124;747,1,205;347,1,77;126,1,140;127,1,129;349,1,132;651,1,40;264,2,153,183;505,1,91;906,1,64;135,2,65,99;136,1,43;512,1,223;658,1,105;141,1,87;660,1,82;814,1,107;662,1,71;715,1,221;145,1,32;357,2,99,107;359,1,177;663,1,86;518,2,240,245;155,1,215;364,4,125,146,152,199;716,1,132;859,1,121;717,1,172;665,1,47;162,1,276;166,1,125;719,1,69;951,1,95;524,1,121;614,1,64;283,1,133;669,1,57;316,1,191;173,1,91;528,1,222;289,1,219;531,1,55;178,1,209;292,1,155;863,1,118;882,1,66;866,1,82;670,2,29,175;913,2,35,46;872,2,113,246;873,3,13,26,75;433,2,76,206;385,1,59;388,1,185;537,1,56;204,1,194;389,1,108;598,1,36;883,1,57;671,2,29,105;207,1,186;209,1,36;300,1,102;878,1,72;302,2,48,59;602,2,190,260;724,8,80,101,129,165,197,203,207,245;435,2,124,135;216,2,56,139;604,2,253,315;541,1,186;542,1,57;749,1,88;220,1,188
700,28,37:4,1,94;403,1,255;66,2,9,18;69,1,78;474,1,146;607,1,125;996,1,29;638,1,20;345,1,218;576,1,72;502,1,102;653,1,8;942,1,13;828,1,136;352,2,2,17;908,3,7,17,84;163,1,154;279,1,60;592,1,141;285,1,98;291,1,189;292,1,35;193,1,287;739,1,153;200,1,61;388,5,6,12,52,63,75;219,2,1,18;787,1,22
701,5,7:4,2,97,138;469,1,173;252,1,98;884,2,197,344;602,1,217
702,110,121:4,1,98;744,1,133;309,2,114,127;392,1,144;752,1,32;22,1,189;834,2,193,282;455,1,89;700,1,354;325,1,204;835,2,93,125;397,1,165;701,1,195;36,1,317;980,1,49;46,1,44;50,2,99,129;628,1,194;401,1,161;330,1,43;560,1,194;837,1,72;630,1,116;631,1,48;63,1,87;632,1,60;838,1,134;674,1,96;880,1,54;801,1,30;802,2,75,96;74,1,103;932,1,160;893,1,54;765,1,90;608,1,199;86,1,102;480,2,95,217;937,1,83;89,1,22;341,1,101;488,1,171;957,1,91;256,1,159;844,2,61,117;411,1,19;845,1,77;675,1,181;103,1,41;104,1,181;610,1,79;105,1,88;106,1,177;746,1,88;644,1,34;345,1,170;846,1,74;573,1,64;114,1,52;346,1,32;611,1,142;574,1,57;500,1,29;579,2,17,101;653,1,148;504,1,139;655,1,122;506,1,30;985,2,53,82;350,1,233;135,1,124;711,1,99;856,1,116;857,1,68;514,1,144;269,1,135;357,1,22;275,1,53;425,1,61;718,1,27;162,1,273;916,1,54;368,1,71;783,1,137;666,1,87;316,1,171;595,1,190;818,1,133;178,1,225;292,1,136;994,1,17;866,1,49;867,2,48,63;188,1,240;429,1,59;195,1,35;721,1,60;872,1,80;197,1,157;382,2,26,67;383,1,111;388,1,145;201,1,101;389,1,138;207,1,315;301,1,38;211,1,46;878,1,81;217,1,80;545,1,84
703,7,7:4,1,105;555,1,238;492,1,46;642,1,225;179,1,112;431,1,45;204,1,75
704,2,2:4,1,111;65,1,44
705,14,16:4,1,115;698,1,37;838,1,128;478,1,215;742,1,338;152,3,13,44,77;589,1,93;694,1,70;167,1,110;592,1,45;189,1,122;383,1,47;598,1,106;600,1,156
706,15,15:4,1,131;238,1,257;40,1,108;742,1,171;805,1,50;731,1,49;139,1,54;516,1,236;715,1,101;152,1,152;176,1,151;670,1,149;297,1,51;536,1,80;539,1,113
707,45,50:4,1,134;11,1,164;792,1,61;451,1,38;453,1,184;926,1,86;237,1,179;624,3,77,94,123;29,3,114,210,274;400,1,39;465,1,174;58,1,113;778,1,97;69,1,178;704,1,117;474,1,83;762,1,216;75,1,392;407,1,99;840,1,39;485,1,42;809,1,48;99,1,101;899,1,80;103,1,209;642,1,36;884,1,95;707,1,94;611,2,109,181;850,1,62;131,1,127;505,1,37;511,1,64;657,1,30;580,1,56;581,1,48;734,1,111;363,1,9;365,1,81;521,1,31;863,1,72;989,1,140;384,1,69;601,1,66;302,1,120
708,27,28:4,1,140;320,1,30;29,1,130;398,1,271;240,1,260;628,1,59;837,1,53;468,1,205;402,1,107;478,1,195;729,1,30;494,1,125;117,1,152;128,1,89;713,1,124;266,1,93;371,1,78;176,2,30,56;866,1,132;193,1,256;596,1,40;872,1,163;775,1,70;878,1,85;602,1,430;540,1,68;543,1,48
709,1,5:789,5,6,16,27,43,68
710,16,25:789,3,9,19,32;436,1,223;556,2,42,57;469,1,200;411,1,83;503,1,125;127,3,10,24,112;665,1,43;720,1,57;738,1,115;918,2,40,47;867,1,51;597,1,103;301,1,56;786,4,16,36,116,177;616,1,45
711,14,58:789,3,10,20,33;624,5,32,106,147,189,205;399,1,207;243,3,6,13,79;53,5,5,10,180,231,242;310,5,2,7,46,79,97;809,2,33,118;849,6,4,11,17,24,43,56;881,1,8;132,6,1,10,66,145,194,214;709,11,41,94,106,173,175,186,195,204,215,221,240;971,3,10,21,42;782,4,10,20,56,71;169,3,7,15,42
712,72,96:789,1,22;5,1,54;885,1,45;441,3,2,20,117;392,1,134;696,1,141;224,1,209;442,1,60;619,1,53;754,1,51;755,1,84;233,1,103;926,3,1,13,175;624,1,174;558,2,2,11;880,1,59;70,1,20;404,1,93;72,3,2,11,89;931,1,37;965,1,52;933,1,30;894,1,30;934,1,81;84,1,112;840,3,1,11,50;87,1,123;409,2,1,12;483,2,2,17;780,2,30,103;992,1,80;938,1,35;966,1,87;100,1,43;845,1,16;706,2,28,60;572,1,26;498,3,2,11,110;415,1,123;707,2,2,17;262,2,1,13;576,1,140;900,1,50;578,1,46;902,1,62;970,1,28;501,1,40;850,2,57,101;731,2,36,83;886,1,76;505,1,78;135,1,24;853,1,30;581,1,45;856,1,82;352,1,82;962,1,82;153,1,113;159,2,2,14;860,2,2,21;590,2,22,69;370,1,32;669,2,3,22;526,2,10,32;174,1,162;294,1,49;296,1,14;536,1,138;883,1,203;601,1,56;603,1,76;953,1,46
713,12,13:789,1,23;448,1,249;242,1,38;933,1,54;948,1,43;639,1,138;706,2,36,61;901,1,28;507,1,21;853,1,48;143,1,256;595,1,93
714,7,19:789,2,36,56;217,3,86,98,128;545,1,90;218,4,207,220,226,247;749,3,6,20,37;825,2,35,84;616,4,10,24,109,160
715,1,2:789,2,37,57
716,8,8:789,1,45;792,1,113;397,1,262;81,1,76;809,1,129;356,1,265;371,1,193;526,1,70
717,3,4:789,1,46;809,1,130;825,2,13,26
718,2,2:789,1,47;185,1,150
719,91,169:789,1,50;617,2,8,21;685,3,7,19,34;24,1,152;699,2,51,209;458,3,14,29,50;701,4,2,9,188,201;459,1,149;39,1,30;50,1,131;401,1,44;330,1,58;56,7,72,93,191,217,279,317,366;332,1,62;336,1,41;636,1,29;779,1,202;88,1,100;483,2,10,25;99,1,142;675,1,96;705,2,84,89;995,3,8,21,44;346,1,48;611,1,169;417,1,136;901,1,43;578,3,11,23,37;970,3,8,21,51;652,1,57;263,3,13,30,49;129,3,5,24,46;581,1,148;582,3,4,9,16;583,1,67;659,2,7,19;584,1,30;962,1,96;680,1,40;155,1,263;365,1,54;717,3,13,27,176;735,1,55;978,1,79;163,1,43;916,3,7,16,28;920,1,53;719,2,9,22;951,3,5,15,34;694,1,99;720,3,6,14,25;667,3,10,25,59;525,2,61,155;736,1,147;669,3,18,37,70;172,3,14,32,80;290,3,46,131,194;531,1,34;738,3,10,25,41;292,2,145,147;181,1,51;889,2,8,23;293,3,5,15,24;918,3,9,19,26;183,1,69;185,2,30,220;186,3,8,18,33;867,1,17;943,1,108;976,2,9,23;959,1,25;944,2,8,17;294,3,11,23,43;868,1,50;196,1,32;197,1,35;874,2,35,104;875,2,9,23;202,1,52;597,3,5,15,29;205,5,3,10,30,51,64;883,3,8,28,83;600,2,47,102;877,1,26;973,1,89;300,3,8,23,40;211,1,42;539,1,36;435,1,53;218,3,50,218,282;786,1,112
720,38,50:789,4,54,60,75,108;15,1,196;549,1,65;685,1,174;457,3,96,135,150;625,1,107;325,1,57;458,1,150;701,1,46;437,1,292;467,1,148;64,1,276;800,2,36,96;482,2,86,115;487,1,291;97,1,256;256,2,206,404;120,2,103,115;576,1,124;712,1,87;138,1,105;519,1,276;665,1,70;978,1,91;279,1,101;815,1,30;428,1,79;168,1,196;525,1,76;285,2,121,220;193,1,189;721,1,118;197,2,130,134;874,1,91;204,2,107,281;600,1,74;877,1,89;214,1,79
721,5,6:789,1,62;845,1,59;611,2,82,124;906,1,54;920,1,75
722,2,2:789,1,69;651,1,173
723,5,6:789,2,72,91;561,1,77;779,1,221;344,1,84;594,1,132
724,5,5:789,1,84;55,1,98;675,1,46;167,1,122;189,1,136
725,6,7:789,1,88;633,1,85;969,1,14;128,1,239;654,1,83;216,2,5,14
726,17,29:789,2,93,105;8,1,53;330,4,5,18,65,77;79,1,38;478,1,342;86,3,11,25,69;90,1,37;107,1,111;968,1,50;346,4,5,12,55,66;579,4,40,66,139,148;781,1,41;360,1,83;364,1,58;425,1,38;816,1,87;545,1,122
727,87,203:789,1,101;750,1,46;744,1,45;309,3,124,146,260;751,1,152;443,1,82;725,1,51;16,1,143;228,1,40;548,1,65;22,1,95;623,1,61;834,6,5,10,22,81,90,142;454,6,16,33,57,99,174,214;757,1,37;795,6,5,11,27,65,90,164;460,5,6,12,25,77,130;33,3,5,15,35;726,6,8,20,38,69,106,139;34,1,53;39,3,40,46,99;399,10,5,16,43,93,99,107,141,171,225,292;463,2,99,169;400,4,46,275,341,349;836,4,10,27,41,126;242,2,21,129;796,1,64;797,2,31,48;606,3,6,13,68;310,1,64;64,2,132,169;635,1,129;474,4,8,16,66,88;475,1,41;405,4,7,18,34,119;762,1,215;75,3,7,15,79;763,4,5,17,106,169;935,3,5,11,79;688,2,9,32;779,1,232;252,1,65;477,1,61;80,2,114,137;566,4,183,191,200,216;936,2,44,74;567,1,99;253,1,93;408,1,59;87,1,146;480,5,10,20,28,49,188;96,1,64;98,5,3,9,24,139,166;99,1,204;977,2,33,42;412,5,66,71,149,163,230;706,3,12,24,94;810,2,16,32;572,3,11,23,39;769,7,2,12,55,126,194,201,247;109,1,37;117,1,64;848,1,78;118,3,6,12,40;649,1,164;121,1,87;122,1,178;747,4,36,109,125,132;264,1,127;781,1,37;504,2,23,90;505,1,35;782,1,39;133,1,202;512,3,5,11,288;583,1,52;142,1,141;584,1,64;514,2,28,96;269,4,6,19,31,99;168,1,43;869,1,64;973,4,2,10,26,128;435,1,77;216,3,47,54,106;683,5,8,16,58,104,130;787,2,89,105
728,18,19:789,1,115;548,1,77;21,2,124,170;700,1,215;63,1,184;248,1,112;469,1,71;473,1,322;763,1,119;491,1,181;573,1,43;115,1,120;654,1,48;351,1,44;135,1,163;859,1,74;299,1,249;604,1,125
729,198,304:789,1,118;750,1,58;8,1,52;745,1,115;309,1,83;751,3,57,86,118;790,1,130;392,3,14,28,171;696,1,119;224,1,92;12,4,50,82,129,193;443,2,150,170;753,1,92;19,2,66,174;229,1,167;230,1,185;231,1,184;20,3,51,122,169;447,1,102;232,2,65,176;323,1,139;549,1,419;27,2,43,142;235,1,74;700,1,106;552,1,102;29,3,60,178,363;553,1,10;625,1,27;325,1,193;458,3,191,200,248;777,1,173;397,1,292;459,1,61;398,1,255;795,2,128,147;38,2,89,151;42,1,260;43,1,89;463,5,17,57,67,96,161;45,2,74,171;46,1,115;464,1,173;240,4,139,150,159,219;437,1,94;242,1,61;53,1,172;59,1,104;798,1,62;60,1,62;799,1,87;62,1,76;838,1,151;67,4,4,27,54,149;250,1,94;69,1,109;70,1,35;703,1,52;71,2,193,257;72,3,9,18,40;931,1,67;471,1,35;932,2,112,203;473,4,48,69,450,478;474,3,25,34,186;892,2,14,28;476,2,12,24;893,2,13,26;75,4,220,261,265,274;779,1,84;80,2,213,300;566,1,55;568,1,72;840,1,75;478,2,240,327;253,1,99;408,1,184;742,1,133;254,1,65;480,1,248;482,1,50;487,2,58,68;488,2,155,207;489,1,125;93,1,97;343,1,126;766,1,69;767,1,49;921,2,73,92;344,1,118;100,1,112;570,1,96;845,1,28;675,1,257;730,1,104;412,3,43,164,243;642,1,252;413,1,52;494,3,8,16,25;647,1,81;495,1,51;810,1,112;572,1,55;969,1,72;769,2,80,111;109,2,57,157;984,1,67;499,1,90;118,2,25,99;689,1,169;120,1,149;575,1,106;262,1,49;500,1,157;122,2,103,206;579,2,44,60;347,2,11,28;501,1,72;502,2,9,18;903,1,37;651,1,228;263,1,164;264,2,77,128;131,3,239,307,379;653,1,56;781,3,73,117,121;504,2,154,208;506,1,175;507,1,54;133,1,59;351,2,126,180;657,1,40;713,2,61,122;733,1,190;677,1,154;421,4,60,82,89,114;514,1,159;516,1,108;144,1,109;146,2,97,123;356,1,147;153,2,190,253;664,1,70;361,1,142;155,2,219,269;587,1,144;277,1,263;158,1,264;519,1,488;426,1,88;589,1,85;908,2,48,192;717,2,70,121;665,1,40;164,1,52;279,1,91;280,3,107,125,157;427,2,70,83;816,1,85;524,2,75,266;170,1,222;283,1,173;171,2,91,161;375,1,286;285,2,241,312;526,4,297,394,496,499;528,1,149;289,1,150;862,1,36;181,1,91;182,1,69;912,6,12,24,40,141,148,166;866,2,63,113;184,1,211;943,1,39;187,2,142,151;378,1,55;430,2,14,34;533,2,26,104;872,4,40,94,144,287;198,1,97;989,1,25;383,1,25;203,1,429;204,1,154;299,1,262;883,3,138,157,170;973,1,133;823,1,141;300,1,51;724,1,114;305,2,86,206;543,3,71,141,159;544,3,11,22,50;218,1,216;749,1,56;825,1,69;390,2,155,184
730,105,153:789,1,124;744,2,99,128;745,1,55;697,2,183,187;618,2,15,32;227,3,22,47,72;619,2,21,45;752,4,158,265,281,290;549,2,241,343;448,1,83;22,1,159;834,1,243;699,3,54,108,158;453,1,38;235,1,82;456,1,186;552,1,82;926,1,99;687,1,45;326,3,12,25,36;458,1,75;397,3,77,108,171;238,1,44;33,2,107,198;38,1,121;43,1,121;327,1,300;49,2,60,78;329,1,129;50,1,243;243,1,102;56,3,148,237,347;244,1,119;332,1,135;559,1,38;560,1,68;59,5,13,27,41,93,182;333,2,29,135;334,2,15,34;630,3,20,43,75;335,2,4,16;247,1,185;69,1,52;801,1,117;472,2,84,156;635,1,112;932,1,86;475,1,56;934,1,67;565,1,63;77,1,148;78,3,66,83,121;764,1,64;407,1,126;478,2,139,351;481,1,124;569,1,52;486,2,29,57;488,2,57,152;93,1,91;97,1,292;490,4,6,27,52,96;571,1,225;676,3,8,17,33;746,2,8,19;645,1,122;847,1,57;648,1,64;884,1,367;119,1,117;120,1,56;576,3,17,36,51;649,1,146;747,1,46;501,1,69;850,1,298;652,1,116;130,2,95,254;131,1,251;677,1,206;140,1,85;584,2,139,221;272,1,78;154,1,102;273,1,84;274,1,224;519,1,475;717,1,111;165,1,167;167,1,259;668,1,78;373,1,80;285,1,142;527,1,59;180,1,86;188,1,150;821,1,194;198,3,8,19,151;387,2,8,18;537,1,96;671,1,107;538,1,269;604,1,293;543,1,161;749,1,84
731,11,11:789,1,127;235,1,76;777,1,112;50,1,227;244,1,122;801,1,105;566,1,63;783,1,67;592,1,164;173,1,62;991,1,84
732,2,2:789,1,131;383,1,27
733,8,9:789,1,132;56,2,181,211;311,1,168;81,1,84;516,1,91;148,1,148;595,1,218;182,1,52
734,45,101:5,3,8,20,31;699,5,12,33,44,105,149;453,2,140,145;983,1,29;45,1,132;560,3,51,201,246;68,3,7,22,48;71,1,107;935,1,91;779,1,119;83,1,35;409,2,137,157;95,2,79,158;97,3,173,198,227;411,1,93;415,3,11,27,144;261,3,9,23,51;416,3,8,27,61;120,2,47,95;504,1,27;351,1,107;510,1,124;421,2,58,75;352,5,8,23,35,65,76;514,1,32;515,2,56,77;357,3,2,10,28;359,1,23;360,4,4,33,133,153;158,1,143;875,3,10,24,43;784,1,65;598,3,13,27,145;599,2,4,9;883,5,5,25,80,99,116;206,3,8,23,41;600,3,12,25,48;877,4,6,15,27,113;914,3,7,24,45;973,3,6,14,31;538,2,75,121;209,1,67;878,2,5,11;221,2,186,199;546,1,62
735,66,82:5,1,29;441,1,82;7,1,33;751,1,78;443,2,258,272;324,1,68;21,1,245;27,1,90;457,1,101;687,1,26;326,2,30,99;555,1,126;40,2,101,127;41,1,65;464,1,23;48,2,246,255;51,1,185;437,1,80;52,2,27,291;54,3,62,129,156;929,1,56;311,1,496;60,2,48,157;246,1,59;930,2,11,25;64,3,89,221,376;71,1,167;933,1,115;762,1,101;79,1,52;80,1,357;81,2,52,81;937,1,39;841,1,44;808,1,129;638,2,22,82;915,1,147;949,1,14;641,1,93;502,1,114;654,1,36;942,1,16;853,1,38;713,1,133;423,1,99;143,1,230;715,1,292;356,1,55;159,1,63;859,1,128;163,2,89,157;916,2,88,95;366,1,48;369,1,142;166,1,49;316,1,309;526,2,122,666;917,1,29;292,1,341;870,1,69;195,1,25;875,1,63;989,1,127;384,1,94;824,1,56;540,1,153
736,37,61:5,1,33;309,4,28,116,131,272;751,1,30;755,2,18,37;24,2,11,22;236,2,172,252;397,1,184;400,1,230;836,1,132;760,4,16,55,109,122;338,1,162;405,1,81;763,2,42,91;252,4,4,13,164,195;966,2,17,112;842,1,58;410,1,69;256,2,12,35;977,1,64;412,3,5,17,28;810,1,46;770,1,97;781,1,194;654,2,144,157;942,1,24;143,1,140;814,1,136;515,1,48;715,1,43;145,1,61;357,2,4,12;521,2,14,28;288,3,21,54,90;739,1,119;876,1,89;435,1,83;307,3,8,40,246
737,54,63:5,1,34;443,1,63;697,1,146;449,1,80;963,1,41;27,2,223,250;235,1,156;687,1,112;38,1,196;240,3,13,27,93;437,1,336;629,1,216;559,1,87;466,1,82;631,1,117;64,1,198;402,1,203;634,1,57;704,1,198;251,1,92;566,3,8,18,50;898,1,70;957,1,95;639,2,181,209;490,1,153;884,1,380;114,1,42;118,1,68;850,1,229;126,1,78;128,1,99;709,1,216;734,1,222;828,1,111;513,1,69;149,1,101;519,3,81,89,130;165,1,135;525,1,27;736,1,204;292,2,255,328;183,1,70;186,1,45;187,1,230;868,1,38;381,1,109;876,1,79;784,1,60;384,1,74;207,1,176;538,1,179;213,1,161;879,1,97;546,1,57
738,17,20:5,1,36;20,1,65;447,1,123;622,1,98;436,1,222;686,2,112,128;632,1,85;808,1,64;95,1,159;915,1,86;108,2,57,81;662,2,84,99;185,1,221;870,1,90;386,1,114;217,1,53;545,1,67
739,4,4:5,1,41;607,1,139;503,1,123;165,1,244
740,14,15:5,1,49;745,1,28;981,1,62;41,1,75;557,1,180;343,1,249;125,1,160;733,1,114;856,1,72;423,2,216,297;145,1,130;990,1,81;299,1,163;306,1,294
741,109,122:5,1,51;441,1,173;393,1,63;617,1,44;618,1,179;227,1,56;725,1,107;228,1,89;230,1,311;23,1,69;550,1,35;834,1,144;24,1,65;553,1,15;687,1,35;458,2,220,233;701,1,31;795,1,35;927,1,46;39,2,23,93;463,1,74;464,1,43;240,1,266;328,1,48;557,2,27,74;241,1,142;437,1,312;797,1,115;330,1,68;57,1,136;59,1,53;606,1,77;799,1,177;950,1,34;838,1,112;633,1,107;703,1,60;802,1,115;74,1,42;932,1,93;405,1,28;406,1,70;779,2,38,134;764,1,28;407,2,37,199;840,1,30;254,1,79;341,1,41;898,1,111;93,1,121;256,1,315;899,1,51;494,1,148;112,1,124;884,1,40;984,1,61;346,1,59;574,1,77;347,1,69;850,1,118;652,1,270;504,1,191;654,1,87;655,1,62;886,1,80;350,1,87;134,1,93;580,1,65;581,1,78;854,1,60;712,1,57;733,3,19,58,157;692,2,14,34;856,2,7,19;422,1,67;907,1,132;357,1,36;359,1,59;425,1,49;158,1,136;972,1,58;521,1,95;588,1,121;858,1,220;589,1,162;859,2,60,179;165,1,124;666,1,32;170,1,80;594,1,57;289,1,88;818,2,32,96;531,1,73;862,2,154,201;180,1,62;865,1,14;183,1,131;184,1,174;943,1,131;872,1,224;381,1,51;433,1,88;203,1,162;600,1,40;785,2,32,67;539,1,80;216,1,110;217,1,68;545,1,74
742,4,7:5,1,59;362,4,71,83,140,223;371,1,99;306,1,68
743,33,89:5,1,60;744,1,135;227,1,135;15,6,12,34,49,91,110,125;753,4,6,12,21,55;699,4,52,60,62,210;30,1,56;41,1,107;628,1,211;56,14,2,11,46,73,94,146,172,192,218,226,318,330,346,367;560,1,229;59,1,208;763,1,145;84,2,10,25;840,3,33,65,107;409,3,42,107,124;92,4,11,24,43,89;97,4,10,27,47,330;411,1,107;116,3,4,14,35;747,1,161;510,1,87;421,4,10,20,25,123;515,2,8,16;152,1,173;368,2,36,51;531,5,4,11,35,150,182;205,4,4,11,31,65;877,1,129;878,2,46,83;543,4,13,35,108,150;787,1,112;221,4,7,36,86,123
744,43,60:5,1,69;9,1,68;323,1,110;456,1,165;459,2,84,352;461,1,224;40,1,88;400,1,373;243,1,109;53,1,204;312,1,79;73,2,3,19;762,1,258;252,1,157;566,2,164,212;479,1,32;742,1,258;488,1,110;639,1,195;899,2,2,11;640,1,46;570,1,66;104,1,158;413,1,44;884,4,263,277,292,359;417,1,23;503,1,153;713,2,104,126;678,1,77;423,1,109;146,1,125;859,1,110;165,5,6,20,32,95,193;958,1,161;179,1,148;863,1,159;987,1,50;912,1,122;183,1,146;192,2,12,24;739,2,84,130;671,1,98;211,4,3,13,65,90
745,8,14:830,2,1,4;401,1,110;484,2,3,11;807,2,2,9;915,1,68;352,3,7,22,34;359,1,22;381,2,31,92
746,27,50:830,6,2,5,16,83,86,95;744,3,1,7,34;441,3,13,31,170;9,1,141;790,2,12,81;15,2,54,83;834,2,207,336;699,1,244;625,1,66;560,2,56,222;85,2,128,153;87,1,55;88,1,83;97,2,126,303;644,1,18;573,1,41;129,2,93,114;506,2,59,180;138,2,124,131;139,1,190;152,5,8,39,90,125,263;153,1,216;972,1,60;531,1,176;538,1,164;221,1,225;546,2,156,172
747,31,44:830,2,7,78;756,1,29;456,2,78,189;626,4,14,138,212,242;48,1,286;50,1,47;634,1,175;762,1,219;80,3,15,76,301;568,1,23;780,2,81,115;639,3,65,136,301;767,2,14,68;675,1,120;572,1,78;497,1,23;884,2,29,189;901,1,27;904,1,42;715,2,52,90;356,1,113;363,1,15;816,1,100;593,1,16;180,1,112;183,1,172;297,1,74;386,1,83;599,1,12;877,1,44;602,1,335
748,2,2:830,1,8;452,1,53
749,1,2:830,2,9,68
750,5,5:830,1,10;568,1,49;780,1,70;98,1,27;647,1,84
751,1,1:830,1,11
752,6,6:830,1,12;954,1,46;568,1,52;780,1,72;639,1,49;98,1,29
753,1,1:830,1,13
754,78,159:830,3,19,59,69;6,7,5,13,25,117,283,304,356;885,1,57;9,3,5,14,51;790,2,4,9;224,2,41,60;15,2,6,28;547,1,213;20,1,46;548,2,6,17;232,2,35,343;832,3,3,11,28;622,1,228;22,5,5,16,35,102,201;457,1,25;30,1,65;397,1,36;757,2,7,16;44,3,7,20,35;403,1,318;66,3,4,13,29;69,3,5,14,28;71,3,11,27,255;72,1,35;475,3,5,11,26;894,1,70;75,1,28;763,1,175;77,2,80,200;566,1,40;84,2,8,23;86,4,7,21,44,175;87,1,36;88,3,8,25,54;487,2,132,157;91,1,57;489,3,6,20,34;97,2,8,25;975,1,38;412,2,9,21;644,1,41;846,1,61;769,1,114;113,2,6,16;611,3,11,26,38;121,2,7,18;902,1,30;747,1,39;123,1,44;126,4,6,15,42,185;503,2,14,30;731,2,15,32;813,3,9,19,42;781,1,68;504,1,233;881,1,5;506,1,188;508,3,7,22,50;350,1,194;512,2,86,151;421,2,117,162;268,1,76;514,1,241;146,2,1,12;147,2,2,14;517,1,232;281,2,53,58;291,3,4,31,56;175,3,22,48,56;945,1,53;207,3,17,42,64;538,3,7,27,62;604,4,8,21,57,281;543,4,11,33,120,149;953,1,38;308,4,11,28,43,179;221,3,6,35,85;546,1,55
755,16,17:830,1,23;325,1,119;39,1,94;400,1,414;401,1,112;559,1,85;466,1,70;339,1,187;75,1,63;957,1,128;746,1,60;149,1,33;155,1,104;284,2,168,210;179,1,101;863,1,216
756,32,32:830,1,33;21,1,65;623,1,66;700,1,256;457,1,44;554,1,210;795,1,170;836,1,55;437,1,33;727,1,95;799,1,132;63,1,133;607,1,234;808,1,127;642,1,62;494,1,69;116,1,73;707,1,47;579,1,64;655,1,113;582,1,118;364,1,107;588,1,88;717,1,89;978,1,35;816,1,48;594,1,163;917,1,53;866,1,85;867,1,21;195,1,36;872,1,116
757,3,3:830,1,35;626,1,159;524,1,253
758,4,5:830,2,40,54;462,1,54;781,1,133;203,1,350
759,1,1:830,1,47
760,1,1:830,1,48
761,3,3:830,1,49;629,1,44;731,1,37
762,78,112:830,1,52;8,1,86;745,3,126,152,164;309,1,209;14,1,63;547,1,87;232,1,108;22,1,268;450,1,70;27,1,152;236,1,216;32,5,79,114,148,189,228;459,4,127,129,159,178;795,1,125;35,1,100;42,1,81;240,1,193;241,2,127,187;242,1,94;727,4,103,128,191,227;560,1,174;63,1,169;64,2,344,419;838,1,81;674,1,105;67,1,235;336,1,101;68,1,175;639,1,277;767,1,74;344,1,151;103,2,10,21;108,5,10,21,31,60,112;811,1,102;651,1,181;985,1,120;771,1,72;677,3,85,116,123;267,1,104;662,1,139;586,1,139;587,2,82,121;276,2,101,119;156,1,217;158,4,261,282,312,334;159,1,183;519,4,84,118,243,261;859,1,176;427,2,113,125;281,1,202;719,2,57,91;694,1,130;591,1,110;524,1,150;316,1,183;530,1,195;291,1,140;175,1,94;958,1,122;179,1,308;293,1,58;192,1,117;193,1,171;873,1,110;874,1,90;432,1,173;199,1,57;384,1,288;204,2,173,340;823,1,139;207,1,250;538,1,107;212,1,135;672,1,118;545,1,97;218,3,181,198,251;306,1,115;221,1,151
763,1,1:830,1,66
764,43,45:830,2,79,99;440,1,168;6,1,123;745,1,161;9,1,124;620,1,63;549,1,362;448,1,72;234,1,100;34,1,175;37,1,100;327,2,176,331;437,1,101;628,1,200;63,1,213;64,1,448;803,1,98;76,1,63;763,1,83;568,1,24;728,1,64;89,1,101;482,1,119;342,1,196;639,1,270;494,1,203;109,1,140;110,1,119;884,1,190;415,1,48;577,1,112;121,1,237;731,1,87;129,1,101;733,1,103;163,1,164;783,1,31;188,1,184;191,1,98;602,1,396;214,1,122;879,1,183;787,1,121
765,1,1:830,1,92
766,60,87:830,1,106;11,1,279;224,2,42,102;17,1,174;229,1,48;549,1,248;699,1,83;453,1,161;826,1,27;326,1,69;397,2,41,188;41,1,103;464,2,112,144;240,1,250;50,1,76;56,1,30;560,1,103;702,2,20,40;62,1,140;568,1,34;974,4,3,13,122,138;86,4,14,28,79,149;87,1,113;638,2,6,15;96,2,88,108;97,1,36;915,1,153;412,1,99;746,1,97;644,1,70;496,1,80;416,3,9,28,62;576,1,131;123,1,50;503,1,141;853,1,56;677,1,192;421,1,35;354,2,2,17;360,2,249,256;587,4,12,27,207,218;520,2,120,179;522,1,29;858,1,143;951,2,26,84;736,2,67,183;316,1,31;284,1,176;172,1,170;287,2,82,191;290,2,5,25;291,3,59,77,230;175,1,59;179,2,267,282;180,1,158;199,1,101;204,1,120;538,1,157;543,1,111;786,1,63
767,21,27:830,1,108;440,1,126;753,1,65;793,1,54;46,1,58;86,1,142;92,1,56;101,1,66;412,2,158,211;610,2,1,7;105,1,100;415,2,64,147;131,2,213,352;517,1,174;153,1,133;664,1,120;277,1,225;522,1,61;528,1,232;178,1,65;380,3,1,8,30
768,6,8:830,3,111,121,149;446,1,88;549,1,99;654,1,164;655,1,153;739,1,35
769,4,4:830,1,117;259,1,83;494,1,172;613,1,71
770,15,17:830,1,119;832,1,89;624,1,230;38,1,255;43,1,222;780,1,74;939,1,74;490,1,138;100,1,180;853,3,10,24,43;162,1,171;373,1,85;295,1,268;191,1,21;536,1,131
771,2,2:830,1,125;653,1,75
772,38,57:830,1,128;440,1,244;8,1,60;17,1,47;232,1,173;448,1,189;21,2,139,196;551,1,46;554,1,218;46,2,1,15;240,1,258;241,4,2,22,152,223;727,1,35;54,1,86;63,2,51,130;85,1,75;487,1,274;104,1,61;412,2,92,110;941,1,29;115,1,190;415,3,2,18,130;134,2,16,34;733,1,66;277,1,104;519,8,332,341,419,425,453,471,476,492;520,1,80;161,1,126;165,2,10,24;168,1,230;528,1,102;288,1,152;199,1,74;205,1,35;302,1,147;213,1,114;543,2,1,23;953,1,28
773,35,56:830,1,130;226,1,144;445,1,62;322,1,194;793,2,44,62;231,1,86;233,1,42;624,3,43,49,217;460,1,58;44,3,164,251,308;51,1,148;760,1,42;250,1,87;469,3,103,150,247;635,2,65,85;339,1,99;974,1,81;254,1,37;101,1,259;102,3,4,23,49;111,1,151;781,1,43;135,1,87;733,4,147,159,174,248;692,3,4,24,41;273,1,279;156,3,16,36,70;978,1,43;167,1,223;283,1,105;285,1,258;670,2,10,20;600,1,134;724,3,141,182,226;221,2,153,211
774,72,112:830,1,136;440,1,191;744,1,72;619,2,133,187;698,1,128;752,1,252;753,2,37,72;445,4,70,75,100,133;230,1,156;231,1,295;755,2,50,124;232,1,226;549,2,52,211;449,1,124;954,1,148;27,2,125,156;235,2,99,128;835,1,48;459,1,58;327,3,67,85,254;328,1,66;560,3,140,216,238;799,1,218;63,1,173;760,1,65;403,2,316,401;336,1,73;250,1,121;634,1,106;474,1,217;77,2,216,234;742,1,274;89,1,66;90,2,106,117;93,2,111,128;97,1,159;102,2,97,186;491,1,213;675,1,129;642,1,279;345,3,100,103,107;572,3,4,16,32;109,2,62,95;415,3,67,118,150;576,3,84,88,100;122,2,76,101;264,1,81;781,1,178;904,2,40,86;612,1,79;512,2,231,252;144,4,105,177,200,223;145,1,90;354,1,103;517,1,197;277,3,105,149,271;366,3,76,91,131;165,1,202;167,1,212;291,1,181;179,1,182;181,2,134,138;188,2,109,144;295,1,232;190,1,46;819,1,40;989,2,102,153;388,1,112;597,1,94;601,1,75;209,1,31;213,1,54
775,1,1:830,1,138
776,17,26:830,1,144;441,1,97;725,1,120;834,1,129;397,1,345;399,2,73,116;400,3,249,325,371;64,1,312;564,1,59;73,1,149;763,3,59,110,138;936,1,115;96,1,175;656,1,99;273,4,227,271,314,355;168,1,71;220,2,104,173
777,12,19:830,1,145;224,1,187;794,4,80,98,117,133;555,1,57;675,1,52;495,3,47,52,53;847,1,61;349,2,62,128;856,1,46;359,2,91,128;589,1,31;594,1,175
778,7,7:830,1,146;41,1,176;80,1,198;847,1,80;884,1,265;578,1,74;522,1,93
779,3,3:830,1,147;41,1,177;522,1,94
780,1,1:830,1,156
781,52,64:830,1,158;309,2,237,261;233,1,108;455,1,31;673,1,18;687,1,95;777,1,51;461,1,32;758,1,57;51,1,203;243,1,18;53,1,81;54,1,155;332,1,113;311,1,156;633,1,92;250,1,149;802,1,33;339,1,72;933,3,4,18,77;405,1,108;81,1,26;840,1,56;479,1,88;986,1,52;899,1,96;571,1,159;493,3,1,17,48;810,1,39;768,1,23;126,1,168;128,1,138;971,2,37,68;814,1,120;516,2,29,64;693,1,21;165,2,1,15;369,1,141;280,3,65,242,303;170,1,41;374,1,32;375,2,38,113;526,1,167;286,2,79,157;287,1,181;176,1,36;870,1,119;876,1,138;299,1,35;211,1,32;435,1,111;879,1,105
782,1,1:830,1,161
783,13,34:923,3,5,11,22;750,4,2,11,33,69;436,1,58;458,1,199;472,4,12,25,51,143;565,3,3,22,51;576,4,3,22,69,87;578,2,7,19;502,4,7,16,46,84;264,3,158,176,222;583,1,38;176,1,194;825,3,125,187,203
784,14,14:923,1,41;21,1,21;436,1,181;699,1,227;75,1,19;252,1,83;85,1,135;807,1,53;488,1,21;570,1,80;884,1,30;984,1,41;179,1,107;379,1,29
785,12,13:923,1,45;885,1,67;458,1,66;801,2,102,114;802,1,72;934,1,41;763,1,32;640,1,101;884,1,150;580,1,52;715,1,63;383,1,54
786,21,21:923,1,48;744,1,53;224,1,251;618,1,218;754,1,84;673,1,73;956,1,81;61,1,72;778,1,77;703,1,84;77,1,158;252,1,97;729,1,56;675,1,297;770,1,103;655,1,60;144,1,342;871,1,58;596,1,275;384,1,121;775,1,56
787,1,1:923,1,56
788,2,2:923,1,60;518,1,87
789,53,73:923,1,64;7,1,209;443,3,308,311,320;752,1,196;395,1,58;792,1,165;228,1,236;550,1,70;686,1,43;452,1,73;554,1,23;777,1,98;726,1,35;38,1,80;980,1,43;43,1,80;400,1,401;241,1,133;465,1,86;57,1,86;244,1,74;334,1,135;633,1,73;801,3,6,13,25;73,1,46;635,1,26;839,1,28;340,3,7,18,36;77,1,71;938,1,54;487,1,209;966,1,32;808,1,31;644,1,47;970,1,50;579,2,164,201;732,1,49;419,1,23;852,3,10,25,48;136,1,20;772,1,35;962,1,34;361,2,45,73;363,1,57;858,3,194,203,210;783,3,9,23,48;736,3,5,16,99;668,3,8,21,51;738,3,14,29,45;180,1,88;976,1,107;381,1,79;991,1,102
790,28,31:750,1,19;793,1,60;25,1,159;235,1,71;29,1,49;554,1,222;460,1,28;758,1,230;40,2,53,77;74,1,50;608,1,219;610,1,29;260,1,38;650,1,123;500,1,52;348,1,123;781,1,71;504,1,40;351,1,105;814,1,52;514,1,38;521,1,132;588,1,66;958,2,149,157;202,1,121;389,1,80;683,1,128;825,2,122,138
791,68,104:750,1,23;6,3,40,189,266;441,1,74;226,1,59;228,2,242,256;547,1,218;549,2,79,168;22,1,234;834,1,103;553,1,49;554,1,106;397,2,151,278;33,2,24,131;758,1,215;759,1,34;465,1,124;52,1,235;53,1,123;798,1,56;562,1,155;64,6,71,155,245,299,364,413;800,3,7,15,50;468,1,188;674,2,79,116;469,3,14,32,51;564,1,97;471,1,66;607,1,51;80,1,212;764,1,17;804,1,82;407,1,173;478,4,34,193,214,254;957,1,49;808,1,111;639,1,246;99,1,97;770,1,58;414,3,1,7,19;415,1,92;118,2,107,121;578,3,3,15,26;500,2,94,100;579,1,75;126,1,90;503,1,128;731,3,67,92,116;512,2,241,247;584,5,5,19,98,118,140;162,1,213;919,1,43;920,1,80;694,1,85;177,1,38;179,2,118,347;183,1,134;952,2,67,70;943,3,1,15,29;871,1,51;197,1,93;876,1,152;597,1,46;302,1,136;213,1,151;602,1,54;724,1,167;540,1,35;390,1,78
792,35,42:750,1,30;744,1,66;9,1,76;792,1,68;447,1,72;549,1,84;458,1,113;469,1,161;75,1,369;407,1,79;608,1,150;341,1,33;482,2,66,98;570,1,124;641,1,78;746,1,65;578,1,70;851,1,69;731,1,143;131,1,387;654,1,100;906,1,75;592,3,11,22,107;667,2,105,132;594,1,62;668,1,201;173,1,117;958,1,63;178,1,55;739,1,168;821,2,121,186;383,1,98;384,2,89,118;386,2,57,84;434,1,36
793,14,15:750,1,36;11,1,254;22,1,306;458,1,92;845,1,45;571,1,218;576,1,149;985,1,98;855,1,33;814,2,80,93;292,1,183;193,1,41;213,1,31;390,1,94
794,55,56:750,1,37;6,1,388;885,1,50;11,1,41;224,1,217;13,1,145;753,1,113;19,1,157;754,1,59;622,1,156;456,2,85,142;458,1,96;461,1,162;928,1,120;48,1,114;51,1,24;246,1,136;312,1,41;71,1,172;802,1,30;704,1,120;407,1,132;637,1,54;767,1,53;986,1,24;844,1,34;571,1,223;705,1,69;415,1,88;576,1,151;417,1,61;123,1,70;131,1,104;653,1,18;507,1,40;985,1,100;134,1,95;136,1,73;711,1,75;855,1,35;661,1,83;424,1,45;360,1,114;586,1,28;365,1,62;978,1,60;736,1,111;737,1,72;178,1,153;292,1,184;433,1,74;201,1,150;203,1,394;878,1,18;217,1,76
795,5,7:750,1,41;33,1,251;463,2,16,56;118,2,97,125;502,1,119
796,31,45:750,1,44;790,1,32;792,2,9,21;548,1,32;236,1,179;30,1,26;465,3,52,98,110;331,1,31;244,1,39;63,1,120;314,2,152,199;476,1,45;974,1,42;807,1,69;489,1,58;808,1,33;411,1,33;570,2,9,24;646,1,52;108,1,70;115,3,9,19,71;417,3,5,15,34;502,1,123;985,1,65;145,2,7,17;736,3,7,18,29;668,1,57;526,1,343;739,1,53;432,1,34;542,3,6,13,34
797,5,10:750,1,45;75,3,6,14,78;640,2,8,17;264,2,9,23;828,2,4,12
798,15,20:750,1,54;979,1,53;701,2,141,178;459,1,290;35,1,111;759,1,57;674,2,75,92;314,1,170;75,1,43;502,1,101;264,1,101;716,3,11,37,78;316,1,364;377,2,13,26;174,1,216
799,28,28:750,1,56;309,1,38;981,1,73;45,1,73;437,1,146;799,1,85;64,1,189;315,1,102;75,1,40;608,1,178;486,1,53;675,1,141;495,1,135;345,1,29;146,1,121;153,1,275;367,1,92;427,1,88;370,1,51;285,1,313;184,1,217;186,1,105;976,1,97;533,1,27;597,1,49;208,1,54;672,1,88;786,1,87
800,1,1:750,1,73
801,31,38:750,1,74;22,1,259;700,1,297;794,1,62;835,1,23;795,1,70;928,1,124;39,1,20;437,1,116;333,3,26,56,93;630,2,49,112;407,2,35,77;568,1,90;88,1,84;481,1,86;675,3,70,123,261;347,1,56;782,1,64;145,1,69;359,1,189;364,1,232;972,1,33;588,1,103;589,1,160;919,1,44;976,1,61;961,1,24;387,1,23;823,1,126;602,1,219;215,2,53,83
802,11,11:750,1,75;834,1,341;80,1,359;568,1,47;731,1,47;904,1,12;714,1,29;715,1,93;294,1,26;431,1,52;600,1,37
803,2,2:750,1,76;989,1,15
804,1,1:750,1,77
805,13,15:750,1,78;400,1,201;69,1,193;769,2,68,121;117,1,169;812,1,67;130,1,179;504,1,243;692,1,63;278,1,122;524,1,112;736,1,233;528,2,87,245
806,6,6:750,1,80;14,1,85;403,1,220;769,1,103;604,1,348;307,1,131
807,1,1:750,1,81
808,2,2:750,1,82;64,1,45
809,1,1:750,1,83
810,43,54:750,1,90;441,1,159;309,1,158;392,2,98,127;548,2,111,189;455,1,65;46,1,154;629,2,145,183;71,1,259;73,1,96;75,2,617,632;479,1,69;966,2,65,74;639,3,140,166,266;94,1,54;412,2,63,150;345,1,128;781,1,190;505,1,26;582,1,141;814,1,121;425,1,68;158,1,43;665,1,83;919,1,85;164,1,43;920,1,89;166,1,134;524,1,232;958,1,50;181,1,166;912,2,71,153;189,1,222;190,1,50;870,2,66,101;670,1,115;597,1,23;389,2,32,50;211,1,73;683,1,131;604,1,267;543,1,64;546,1,178
811,3,3:750,1,91;770,1,101;384,1,260
812,2,4:750,1,97;264,3,89,120,204
813,87,244:924,4,14,32,61,67;6,2,151,187;14,1,49;549,2,341,437;685,4,8,20,35,163;686,6,3,14,37,105,159,173;687,1,111;458,3,15,30,51;835,1,140;35,2,59,104;37,1,47;401,2,45,147;837,1,42;467,3,10,23,36;403,9,73,76,207,251,266,438,444,466,470;75,3,327,389,575;87,3,7,15,142;88,1,101;480,2,117,144;482,6,9,18,30,85,114,164;483,3,11,26,48;569,3,67,69,72;915,7,3,15,49,70,81,89,145;257,1,115;99,1,143;675,2,97,172;768,2,11,22;109,1,126;119,1,194;120,7,10,26,87,220,269,334,350;970,3,9,22,52;126,1,102;503,1,50;652,6,10,31,58,83,129,238;732,4,11,25,50,108;263,5,14,31,50,77,100;129,4,6,25,47,179;510,4,6,20,37,174;583,2,68,98;139,6,9,31,77,116,154,169;659,4,8,20,34,53;584,4,31,74,102,122;662,3,87,124,143;153,4,12,38,65,159;664,3,10,27,47;163,2,201,219;919,1,88;916,2,8,17;920,1,54;783,2,49,55;281,3,14,38,65;719,1,87;694,1,100;667,5,11,26,60,66,80;525,5,26,62,81,137,156;736,7,28,70,109,119,134,148,196;594,8,5,13,27,68,76,125,144,158;668,4,52,185,190,208;669,4,19,38,71,76;527,3,9,19,39;172,3,72,82,115;290,5,47,123,132,186,195;737,1,32;177,1,29;889,1,90;866,1,108;183,1,194;184,3,135,144,190;185,1,217;186,2,48,81;774,1,79;867,1,44;976,2,71,131;944,2,9,18;294,2,12,24;695,1,65;721,6,14,28,46,48,83,123;872,1,139;197,5,36,79,129,132,137;200,5,11,22,47,95,167;203,1,291;877,1,72;210,3,38,40,71;539,1,52;748,3,12,29,51;604,1,364;542,1,28
814,5,5:924,1,58;625,1,83;80,1,145;253,1,141;667,1,53
815,49,69:924,1,64;224,1,238;754,1,71;755,1,34;621,1,164;622,1,130;21,1,280;550,3,6,13,32;449,1,41;24,1,108;452,1,74;624,1,114;625,1,92;33,1,27;759,1,45;836,3,12,29,86;63,3,5,11,31;248,1,76;760,1,34;838,1,174;674,1,98;801,1,47;779,3,12,27,126;566,1,79;804,1,43;410,3,10,25,49;982,3,9,24,40;808,1,59;639,2,7,15;95,1,145;645,3,10,21,50;494,1,31;646,2,10,21;497,1,42;417,1,73;348,1,56;128,1,277;584,1,52;814,2,9,35;715,4,14,30,168,227;517,1,87;783,1,69;861,1,74;667,1,77;525,1,20;736,1,31;668,1,62;539,1,45;723,1,43
816,36,53:924,1,68;751,1,90;11,3,115,120,140;740,1,40;686,4,85,90,110,126;626,4,31,33,54,188;629,1,63;56,2,58,269;336,1,51;703,1,110;894,1,61;482,1,214;808,1,62;102,1,78;123,1,89;349,1,129;506,1,149;711,1,37;712,1,35;584,1,51;715,1,236;270,2,257,279;517,1,212;519,1,280;694,2,118,141;667,1,81;173,4,14,28,47,123;818,3,11,23,51;291,1,161;976,1,160;874,1,71;535,1,79;433,2,116,126;389,1,117;973,1,82;539,1,49
817,8,8:924,1,71;324,1,69;90,1,119;898,1,121;491,1,227;163,1,79;614,1,46;683,1,95
818,12,26:924,1,74;792,1,184;550,1,90;892,2,8,22;476,3,6,18,26;893,2,7,20;639,3,334,377,387;675,1,163;494,5,2,10,18,155,222;647,2,4,13;262,4,11,23,43,53;671,1,87
819,7,7:924,1,83;443,1,190;779,1,80;567,1,75;746,1,45;500,1,45;161,1,109
820,36,68:924,3,88,128,154;15,1,198;446,1,113;549,6,3,15,28,93,452,479;685,3,117,160,176;963,1,106;552,6,5,15,44,155,215,223;400,1,136;52,3,99,198,209;467,2,46,75;565,1,47;75,1,316;86,2,131,137;742,1,118;571,1,129;109,3,47,68,94;611,5,51,57,88,97,151;576,2,63,83;583,1,34;907,2,72,87;141,1,160;146,1,33;426,2,89,174;815,1,32;667,1,177;525,1,78;736,1,223;188,1,242;874,1,93;200,1,33;389,6,8,16,38,60,77,83;598,1,88;600,1,76;217,1,106;616,1,117;220,1,90
821,63,116:924,1,91;6,1,48;617,1,81;444,4,9,19,34,41;620,2,34,60;323,1,196;622,3,82,93,96;826,2,29,60;456,3,130,204,241;625,1,91;626,3,64,74,146;56,2,257,272;58,4,7,21,87,92;632,3,11,31,81;703,1,105;469,1,206;763,1,70;779,1,201;804,3,9,19,44;480,2,241,245;806,3,9,24,45;487,2,150,161;966,2,41,48;489,1,143;639,3,30,330,372;98,4,66,106,116,129;256,3,66,309,371;675,3,221,234,254;571,1,32;105,1,65;413,1,21;644,1,37;108,2,55,79;497,5,7,18,32,54,76;995,3,6,19,41;118,1,29;649,1,279;348,1,128;349,3,63,91,121;732,1,61;350,1,206;853,3,11,25,45;420,2,68,73;713,1,101;582,1,48;141,1,124;269,1,27;358,1,54;589,1,44;908,1,36;717,1,195;978,1,46;280,2,8,36;373,4,15,36,53,89;316,1,353;912,4,106,108,111,125;998,1,17;876,1,162;203,1,273;883,1,68;217,2,65,95;545,1,72;786,1,100
822,53,64:924,1,96;6,1,55;224,1,237;17,1,86;548,1,124;756,1,75;685,1,60;983,1,85;325,1,167;701,2,77,179;242,1,169;799,1,67;63,1,145;67,1,209;315,1,134;801,1,46;779,1,162;252,1,228;765,1,49;478,1,182;88,1,108;808,1,54;97,1,144;491,1,193;845,1,81;969,2,20,31;112,3,16,32,63;119,2,132,185;417,1,76;122,1,82;128,1,254;511,1,100;140,1,239;662,2,104,110;715,1,241;357,1,143;359,1,105;274,4,16,46,93,237;587,1,118;717,1,81;920,1,60;694,1,66;720,1,38;594,1,46;668,1,61;375,1,70;377,1,96;188,1,221;670,1,38;695,3,12,24,51;383,1,79;389,1,123;786,1,178
823,49,58:924,1,107;392,1,108;443,1,85;226,2,76,81;618,1,74;394,1,98;752,1,68;17,1,112;833,1,74;22,2,239,296;25,1,49;399,1,300;798,1,92;760,1,44;761,1,103;315,1,85;469,1,236;564,2,74,126;472,1,93;74,1,56;635,2,99,130;607,1,245;762,2,87,274;804,1,130;407,1,92;87,1,61;480,2,52,78;806,1,64;897,1,55;960,1,56;610,1,48;107,1,148;260,1,41;578,2,33,56;500,1,50;813,1,87;418,1,88;651,1,55;732,2,111,137;691,1,29;781,1,94;657,1,87;585,2,73,213;144,1,355;518,1,277;667,1,180;737,1,45;602,1,102;787,1,53
824,1,1:924,1,110
825,28,32:924,2,112,141;321,1,45;453,1,225;835,1,58;397,1,286;460,1,55;33,1,31;46,1,108;332,1,232;608,1,186;841,1,38;101,1,64;259,1,73;643,1,110;646,1,127;347,1,100;850,2,288,313;134,2,86,132;681,1,117;364,1,88;165,1,160;372,1,153;377,1,134;193,2,126,176;739,1,106;821,1,36;991,1,114;389,1,102
826,5,5:924,1,118;617,1,107;595,1,106;317,1,208;204,1,248
827,45,49:924,1,133;885,1,31;309,1,177;227,1,183;446,1,85;27,2,160,181;399,1,216;41,1,182;46,1,134;60,1,144;247,1,103;403,1,462;73,1,202;474,1,202;478,1,360;343,1,269;97,2,101,158;107,1,66;746,1,93;494,1,171;111,1,93;416,1,113;734,1,153;152,1,233;276,1,201;520,1,148;426,1,95;279,1,119;719,1,82;951,1,86;694,1,105;595,1,87;529,1,123;288,1,126;530,2,40,173;291,1,255;292,1,299;185,1,51;976,1,122;187,1,189;188,1,191;430,2,49,145;870,1,110;953,1,95;221,1,161
828,18,27:924,1,138;395,1,71;232,1,308;30,1,41;240,1,195;78,1,58;688,2,51,75;477,1,22;809,1,157;769,2,242,276;116,2,58,97;649,1,93;652,2,5,26;263,2,40,130;142,1,36;267,2,36,172;144,3,296,308,347;526,2,509,562
829,9,11:924,1,144;34,1,50;463,1,118;310,1,104;936,1,89;486,1,19;706,1,48;118,2,49,76;521,2,88,100
830,5,5:924,1,149;702,1,162;254,1,98;289,1,226;178,1,169
831,12,22:440,3,8,17,42;562,1,47;69,3,8,17,37;474,1,193;566,1,182;567,3,7,18,26;572,1,88;747,3,11,23,80;851,1,30;708,1,8;512,2,23,136;829,2,73,104
832,48,78:440,1,37;225,1,98;12,1,34;697,6,11,23,37,113,200,212;13,1,95;752,1,244;621,1,125;549,3,181,263,286;622,1,75;955,1,44;457,2,94,149;325,1,31;794,2,95,105;461,1,156;36,1,203;42,1,224;465,1,214;630,1,60;799,1,124;403,1,376;69,1,124;471,1,33;73,1,162;635,2,94,138;939,3,10,24,52;487,1,30;842,1,67;91,3,12,31,66;968,1,43;345,1,35;115,1,201;122,1,37;130,2,48,194;653,1,106;271,1,140;272,1,150;428,1,54;372,2,88,121;181,2,28,67;910,3,6,13,29;295,2,54,121;193,5,157,201,221,243,252;197,2,46,70;784,1,20;883,4,18,38,74,192;914,3,11,28,50;539,1,60;878,1,50
833,22,46:440,1,49;225,1,75;548,1,159;323,1,198;22,7,65,69,88,214,219,280,301;23,2,11,23;623,1,33;456,3,45,96,138;795,1,40;688,2,5,28;252,8,3,12,30,67,79,84,163,194;80,1,342;936,1,126;567,1,67;977,1,56;769,1,142;649,1,46;658,1,154;142,1,78;584,5,2,16,198,209,236;432,1,56;604,4,2,15,68,292
834,5,6:440,2,52,155;22,1,311;471,1,70;487,1,195;747,1,186
835,9,17:440,5,53,156,178,186,189;22,1,77;471,3,5,15,65;474,1,48;487,1,113;747,1,187;781,1,55;504,2,2,10;604,2,296,409
836,60,66:440,1,59;226,1,157;18,1,51;323,1,154;324,1,59;833,1,67;955,1,71;453,1,205;454,1,52;552,1,97;397,1,157;398,1,282;36,1,251;47,1,112;48,2,127,289;248,1,111;402,1,221;404,1,118;475,1,44;82,1,55;487,1,111;105,1,113;676,1,90;493,2,109,249;969,1,41;348,1,97;813,1,99;131,1,240;708,1,55;132,1,301;350,1,138;613,1,132;512,1,114;270,1,140;360,1,225;517,1,69;155,1,315;277,1,84;156,2,77,126;426,1,85;165,2,71,112;369,1,159;666,2,72,154;169,1,67;171,1,209;373,1,76;316,1,433;375,1,95;377,1,93;292,1,338;193,1,307;819,1,37;433,1,246;201,1,173;598,1,78;212,2,71,190;540,1,109;216,1,196;545,1,80;220,1,109
837,9,9:440,1,73;23,1,45;24,1,68;397,1,273;801,1,98;766,1,61;730,1,107;571,1,190;985,1,86
838,38,45:440,1,76;745,2,50,61;752,1,50;395,1,62;19,1,172;832,1,64;740,1,37;925,1,70;235,1,45;794,1,30;458,2,176,187;327,1,278;48,1,108;332,3,19,43,133;632,1,184;252,2,105,117;481,1,49;921,1,42;497,1,73;118,1,18;119,1,212;747,1,98;690,1,90;771,1,205;423,1,197;773,1,57;354,1,60;356,1,140;993,1,16;151,2,60,112;589,2,231,239;694,1,79;774,1,58;867,1,10;190,1,29;193,1,92;722,1,54;202,1,142
839,28,31:440,1,79;698,2,57,69;752,1,52;228,1,218;549,1,331;685,1,101;700,1,72;398,1,37;35,1,185;399,2,232,249;556,1,205;727,1,266;801,1,70;469,2,181,230;75,1,340;252,1,107;804,1,93;342,1,114;842,1,31;500,1,153;126,1,50;651,1,98;424,1,125;694,1,81;592,1,124;596,1,66;541,1,168;786,1,137
840,33,36:440,1,82;745,1,181;309,1,152;618,1,228;926,1,193;33,1,253;56,1,342;702,1,176;311,1,294;403,1,460;67,1,182;473,1,452;407,1,121;608,2,46,67;915,1,165;412,1,226;111,1,148;117,1,96;131,1,388;504,2,110,246;514,2,116,227;146,1,139;858,1,125;166,1,159;595,1,81;289,1,182;179,1,257;863,1,172;432,1,83;386,1,136;602,1,213;604,1,312;541,1,220
841,23,34:440,1,85;22,1,52;23,4,5,17,61,78;459,1,389;795,1,30;460,1,36;33,1,173;562,1,103;762,1,246;80,1,280;567,1,61;487,2,26,234;489,4,13,27,41,92;572,1,67;848,1,24;121,1,245;125,3,1,7,198;504,2,62,168;512,1,68;671,2,135,144;540,1,127;604,1,405;219,1,76
842,9,13:440,1,86;795,1,31;33,1,174;487,3,108,118,127;101,2,48,99;572,1,45;848,1,25;125,2,119,142;530,1,77
843,4,5:440,1,87;964,2,38,46;759,1,41;887,1,24
844,10,10:440,1,89;835,1,41;964,1,48;759,1,42;688,1,78;577,1,64;284,1,137;285,1,251;185,1,170;537,1,98
845,3,3:440,1,97;489,1,99;977,1,46
846,53,110:440,5,98,114,182,212,232;12,1,86;548,1,207;323,1,136;22,2,48,292;834,4,45,51,60,73;398,1,141;795,3,43,77,177;460,1,37;33,1,53;35,1,53;606,7,4,11,34,38,74,82,132;799,1,166;562,1,44;564,1,136;471,2,40,78;474,6,2,10,28,33,197,216;763,2,95,183;996,1,53;487,4,7,15,211,216;489,4,14,28,42,93;977,1,47;412,2,75,247;572,1,126;769,1,133;747,2,10,22;125,2,65,111;503,1,44;652,1,46;781,2,72,186;504,5,63,148,169,199,266;133,3,2,10,180;657,1,72;512,1,29;514,6,4,12,67,153,174,250;858,1,58;162,1,188;916,1,68;920,3,115,123,138;694,1,74;958,1,93;179,2,73,108;180,1,60;866,1,27;867,1,15;943,3,34,104,121;872,2,58,218;989,5,47,50,124,158,178;597,1,57;883,1,97;824,3,3,14,46;539,1,72;604,2,289,318
847,112,157:440,3,102,123,134;7,3,109,175,230;751,1,95;443,1,89;618,2,124,181;394,1,145;792,3,89,121,136;323,1,178;832,1,55;833,1,69;451,1,91;835,1,119;554,2,184,246;964,3,1,7,20;397,1,329;757,1,21;460,1,68;836,1,109;401,3,129,150,156;333,3,5,14,88;606,1,170;630,3,7,30,107;561,1,120;799,1,172;66,2,20,95;838,1,108;313,2,92,155;469,2,122,226;73,1,232;802,1,148;803,1,93;892,2,4,18;476,4,2,14,51,76;893,2,3,16;607,3,39,87,163;762,1,124;75,1,380;839,1,82;77,1,183;252,1,189;566,3,1,11,48;804,1,106;407,1,200;568,1,56;974,1,113;840,1,101;478,2,363,370;86,1,74;87,1,187;806,1,133;487,1,39;898,1,155;256,1,152;99,1,193;844,1,110;492,1,33;641,1,49;940,1,80;645,1,98;646,2,98,118;495,1,77;345,1,195;109,1,72;110,1,80;884,3,262,291,358;113,1,32;848,1,46;262,1,39;417,1,115;902,1,38;122,1,189;747,1,171;347,1,85;503,4,1,17,36,162;731,2,2,19;732,1,38;657,2,97,170;828,1,21;422,1,73;907,1,138;141,1,127;660,1,72;714,1,59;359,1,195;518,2,1,26;681,2,1,23;155,1,124;160,1,49;858,4,137,192,230,238;859,1,146;717,1,132;718,1,107;815,1,81;816,1,110;669,1,88;531,2,135,179;292,1,156;181,1,152;882,1,87;976,1,118;191,1,85;201,1,167;389,1,154;877,1,54;785,2,77,91;538,1,279;878,2,26,38;723,1,31;541,1,177;542,1,16;545,1,106;616,1,95
848,9,22:440,4,121,149,197,256;606,1,161;763,1,192;996,1,83;487,3,61,249,299;747,5,35,71,101,166,179;781,3,4,17,30;881,1,4;512,3,4,10,299
849,58,71:440,1,131;7,1,192;11,1,261;698,1,72;792,1,129;19,1,87;229,1,109;20,2,152,158;459,1,120;40,1,19;464,2,69,80;801,1,65;893,1,37;896,1,46;804,1,105;478,1,269;86,1,211;805,1,36;484,1,63;485,1,124;342,1,96;90,1,111;638,1,80;96,1,93;97,1,102;98,1,50;256,1,194;102,3,7,26,52;345,1,146;572,1,86;118,1,89;902,1,44;732,1,34;264,1,215;971,1,63;508,1,66;351,1,170;713,2,38,108;679,1,17;585,1,138;144,2,12,36;273,3,93,193,217;587,1,226;972,3,123,127,136;919,1,58;279,1,66;366,1,117;165,1,119;181,3,58,62,88;889,1,145;866,1,91;959,1,41;187,2,49,110;872,1,122;873,1,96;384,1,334;953,1,75;218,1,272
850,16,33:440,1,132;231,3,24,49,63;459,1,294;398,2,161,200;39,1,47;53,1,139;884,3,11,25,155;422,3,9,20,28;716,3,13,39,67;425,2,9,21;158,3,8,28,48;972,3,3,8,20;168,1,227;823,3,12,33,72;672,1,103;953,2,9,20
851,19,22:440,1,135;441,1,171;230,1,200;323,1,112;549,1,361;455,1,44;637,1,26;608,2,3,14;254,1,32;122,1,46;654,1,168;655,1,27;419,1,40;709,1,171;424,1,42;176,1,197;193,3,105,215,277;739,1,73;991,1,35
852,22,22:440,1,140;6,1,252;790,1,71;228,1,126;19,1,115;451,1,79;700,1,188;325,1,136;758,1,64;478,1,59;806,1,59;256,1,356;645,1,75;646,1,75;125,1,97;506,1,126;136,1,111;718,1,53;526,1,285;527,1,111;862,1,193;181,1,55
853,4,4:440,1,141;758,1,65;558,1,26;526,1,286
854,40,50:440,1,145;224,1,281;227,1,176;447,1,52;754,1,114;232,1,377;700,1,75;34,1,92;40,1,111;463,1,28;45,1,81;46,2,96,150;797,1,57;472,1,90;405,1,62;406,1,47;80,1,64;566,3,10,20,54;481,1,42;966,1,22;492,1,61;847,1,55;884,4,46,57,88,229;811,1,90;500,1,131;970,1,74;651,1,60;504,1,158;886,1,93;505,1,113;350,1,53;514,1,163;516,2,217,239;737,1,79;912,2,72,76;943,1,80;870,1,81;384,1,220;204,3,69,242,257;683,1,19
855,1,2:440,2,153,266
856,2,2:440,1,158;512,1,263
857,112,235:440,2,159,264;790,1,52;696,4,4,18,42,69;224,1,241;225,1,96;226,1,138;14,6,28,90,94,117,132,171;618,1,60;394,2,44,76;698,7,10,27,89,103,154,174,247;752,1,154;395,2,42,59;792,7,51,174,210,213,223,232,242;18,4,13,26,44,74;322,4,4,14,93,166;230,1,82;20,1,121;754,1,74;232,1,365;549,1,406;24,1,102;452,2,8,20;454,1,90;237,4,4,17,35,163;983,1,89;29,6,103,175,242,279,299,334;673,1,94;625,1,53;238,1,76;34,1,147;462,1,78;39,1,65;42,1,244;556,2,177,184;247,1,111;799,1,104;62,2,57,73;467,2,128,166;468,1,162;760,2,40,91;761,1,89;402,1,74;65,1,46;403,4,81,189,227,331;69,3,34,108,143;71,1,63;471,1,85;472,2,44,54;74,1,54;405,1,86;607,5,17,36,68,148,178;340,1,40;935,1,37;78,1,138;688,1,48;477,1,35;80,1,87;83,1,32;764,2,82,118;936,5,52,83,105,150,159;84,1,70;478,3,310,324,333;408,1,183;482,1,202;484,3,5,13,32;807,2,4,11;729,3,11,22,71;90,2,42,85;960,1,25;93,1,100;571,2,128,201;706,3,2,14,56;769,1,58;115,2,66,134;116,1,92;118,1,87;120,3,153,172,321;576,2,55,107;501,5,11,30,43,134,141;502,4,64,73,77,117;128,5,62,182,193,216,246;652,1,49;732,4,82,125,144,202;131,1,238;653,1,93;734,2,163,186;512,1,264;658,2,119,171;583,1,122;828,1,66;142,1,95;584,5,40,110,136,144,213;585,8,77,93,116,130,155,167,172,195;146,2,74,119;680,1,60;524,6,10,29,159,195,218,284;376,1,55;527,2,1,11;976,1,48;187,1,72;670,1,64;298,1,40;877,1,82;209,1,70;210,1,34;212,1,177;602,4,47,120,193,313;724,1,153;216,3,73,153,167;541,7,46,71,87,109,123,153,163;879,6,16,37,114,136,204,213;672,2,95,132
858,49,83:440,1,160;622,1,108;436,1,49;963,1,46;826,1,31;552,2,128,141;30,1,49;42,1,50;330,2,3,16;332,5,7,31,57,174,195;58,4,99,144,148,179;249,1,65;760,1,94;68,1,158;703,2,94,96;469,2,207,213;935,1,26;80,1,35;407,1,152;805,2,9,22;341,3,8,20,55;344,2,137,185;345,1,138;984,2,10,30;346,2,3,10;348,1,21;581,1,66;423,1,279;268,2,64,103;585,2,16,32;151,2,13,35;273,2,20,48;586,3,4,14,42;155,1,93;519,2,183,518;366,2,9,22;165,1,155;427,2,106,136;283,4,15,35,101,145;526,1,585;528,1,167;187,1,209;598,1,93;210,1,61;304,2,12,29;217,1,123;786,2,94,129;825,2,92,98;616,3,77,124,178
859,5,10:440,1,173;795,2,75,175;471,1,80;781,3,100,144,189;512,3,145,217,271
860,7,7:440,1,177;22,1,85;557,1,38;884,1,115;350,1,43;715,1,77;821,1,123
861,45,76:440,2,179,187;790,2,57,70;698,1,148;20,1,126;22,3,54,63,78;27,1,238;454,2,199,220;398,1,242;460,1,127;240,1,186;50,2,183,203;606,1,22;245,1,99;403,1,105;69,2,26,134;71,1,38;76,1,51;83,1,47;253,5,12,26,46,67,123;408,3,40,91,187;729,2,28,48;487,1,183;706,1,77;345,1,164;769,1,283;984,4,8,20,28,40;120,3,44,189,262;812,3,21,34,49;125,1,96;418,1,169;652,1,165;264,1,44;131,1,261;906,1,106;350,1,125;135,3,7,18,37;512,1,70;139,1,144;585,1,86;158,8,20,40,64,217,244,277,303,340;870,1,28;212,1,139;216,2,182,190;604,1,410;218,1,179
862,5,5:440,1,185;22,1,59;629,1,108;606,1,29;143,1,143
863,35,36:440,1,193;744,1,74;619,1,93;752,1,46;230,1,221;447,1,104;22,1,249;685,1,67;834,1,86;459,1,68;837,1,68;893,1,48;779,1,156;80,1,73;342,2,111,171;90,1,27;966,1,24;570,1,97;675,1,138;705,1,66;119,1,166;500,1,23;579,1,56;131,1,102;654,1,29;505,1,61;136,1,96;147,1,41;917,1,32;181,1,40;866,1,31;739,1,95;872,1,62;961,1,113;300,1,96
864,2,2:440,1,195;828,1,80
865,34,67:440,1,205;323,1,28;449,1,147;551,1,56;236,1,162;456,1,279;40,3,1,7,96;727,7,2,15,188,205,224,253,267;702,1,148;473,5,1,17,35,119,184;474,1,178;487,2,272,297;345,1,82;575,1,105;850,4,15,34,79,316;711,2,8,20;712,1,97;692,1,90;856,3,1,13,26;515,1,51;270,3,4,19,42;148,1,273;273,1,119;526,4,393,397,495,498;595,1,76;530,1,91;596,8,33,127,172,209,235,256,268,311;194,1,83;819,1,31;199,1,40;991,1,70;600,1,91;946,3,6,23,43;302,1,70
866,34,45:440,1,206;394,1,120;753,1,99;793,1,102;231,1,105;701,1,116;988,2,9,32;631,1,69;838,2,58,258;250,1,123;688,1,76;779,1,153;477,1,23;82,1,72;100,3,2,10,104;769,2,243,277;120,1,238;649,1,94;651,2,106,113;505,1,108;135,1,139;144,1,348;360,1,193;518,2,253,279;158,1,238;375,1,301;528,1,161;862,1,179;987,1,16;184,3,123,127,218;380,1,65;534,1,124;973,1,54;825,3,126,188,204
867,31,34:440,1,208;224,1,282;443,2,259,273;226,1,60;228,1,227;547,1,239;754,1,115;27,2,91,104;673,1,67;555,1,127;459,1,328;557,1,116;54,1,75;631,2,106,127;563,1,22;779,1,180;80,1,307;480,1,147;609,1,77;642,1,96;657,1,168;358,1,70;274,1,113;519,1,55;161,1,21;783,1,113;526,1,417;530,1,42;187,1,195;879,1,192;786,1,135
868,14,22:440,1,210;792,1,186;28,1,27;240,1,270;91,1,49;494,1,128;678,3,4,22,85;359,1,33;273,2,3,31;518,1,55;364,2,9,30;159,2,64,108;908,4,4,14,81,91;599,1,46
869,4,5:440,1,222;156,1,135;284,2,95,116;193,1,66
870,28,29:440,1,225;309,1,216;791,1,110;685,1,154;38,1,127;40,1,29;41,1,142;43,1,127;243,1,74;629,1,129;761,1,130;255,1,93;730,1,178;108,2,118,234;120,1,318;503,1,80;651,1,187;677,1,91;658,1,78;353,1,100;520,1,133;163,1,104;279,1,111;533,1,58;195,1,136;432,1,73;722,1,39;540,1,112
871,28,31:440,1,239;617,1,112;443,1,95;698,1,249;447,1,106;826,1,34;628,2,150,205;56,1,355;632,1,140;336,1,111;68,1,234;474,1,131;607,1,174;566,2,152,205;840,1,93;480,1,67;769,1,286;115,1,182;125,1,173;128,1,126;993,1,23;153,1,179;591,1,61;816,1,91;817,1,39;179,2,218,255;382,1,111;824,1,50
872,17,17:440,1,240;6,1,132;745,1,29;792,1,118;22,1,155;826,1,107;41,1,14;310,1,85;482,1,55;97,1,122;491,1,123;138,1,154;151,1,268;364,1,87;203,1,450;538,1,332;546,1,141
873,29,41:440,1,245;687,1,89;554,1,179;330,1,28;630,2,5,28;69,1,89;74,1,64;764,4,41,105,122,134;840,3,79,96,112;957,1,109;256,1,313;107,1,141;494,1,119;573,2,98,109;346,1,16;500,1,150;134,1,91;663,3,15,35,65;275,1,51;783,1,90;289,1,95;887,1,36;910,2,16,73;774,1,70;532,1,91;874,1,96;204,1,292;602,3,131,166,206;953,1,29
874,6,6:440,1,253;229,1,93;230,1,305;628,1,142;691,1,92;585,1,185
875,41,44:440,1,262;6,1,216;17,1,118;396,1,180;20,1,170;450,1,52;453,1,169;700,1,359;326,2,53,72;459,1,196;460,1,71;400,1,71;48,1,133;606,1,164;311,1,73;632,1,76;403,1,253;634,1,176;339,1,133;255,1,76;975,1,67;572,1,41;611,1,147;731,1,122;128,2,168,189;653,2,140,150;654,1,108;505,1,40;613,1,84;266,1,104;143,1,252;358,1,38;156,1,222;161,1,101;170,1,160;961,1,59;821,1,138;203,1,436;672,1,149;219,1,213;546,1,211
876,1,1:440,1,269
877,83,121:440,1,271;6,1,184;441,1,98;393,1,33;443,1,155;226,1,78;618,1,203;15,1,134;228,3,222,273,283;396,1,119;622,1,54;22,1,97;449,1,88;834,2,50,286;552,2,170,208;29,2,55,297;626,1,200;397,1,356;398,2,294,298;726,1,96;42,1,226;240,1,192;797,1,102;727,3,76,169,200;55,1,58;59,3,12,26,40;467,1,152;64,1,431;473,1,328;762,3,4,17,61;77,1,112;480,1,110;482,4,51,99,125,200;939,2,4,18;487,1,53;95,1,67;97,1,165;98,1,187;256,1,389;641,3,6,16,81;107,1,81;108,1,52;707,1,153;650,1,119;348,1,76;128,1,214;130,1,55;505,1,51;856,2,199,204;421,1,181;658,2,88,122;513,2,14,30;661,2,7,16;146,1,117;148,1,207;150,1,44;360,1,268;278,1,86;519,6,1,9,22,58,166,189;665,1,87;368,1,101;817,2,9,20;170,1,219;316,1,84;374,2,132,155;375,1,150;284,2,20,49;285,1,141;527,1,159;528,1,56;174,2,65,203;378,1,80;193,1,75;384,3,224,243,268;386,1,142;299,1,187;538,2,181,324;602,2,72,294;540,1,138;603,2,27,98;304,1,73;748,3,8,25,45;604,1,152
878,26,33:440,1,272;745,1,105;226,1,79;618,1,77;394,1,104;549,4,139,200,217,391;456,1,290;800,1,84;761,1,106;564,1,142;74,1,59;407,1,95;806,1,69;897,1,65;610,1,51;643,3,25,50,72;260,1,44;345,1,86;261,1,82;418,1,91;651,2,58,117;264,1,124;131,1,140;519,2,206,470;598,1,49;601,1,82
879,21,40:6,4,6,14,305,357;22,4,6,17,36,103;457,1,26;397,1,37;71,2,12,28;475,2,103,106;84,2,9,24;87,2,37,93;97,3,9,26,179;412,2,10,22;644,1,42;116,1,34;747,2,42,160;123,1,45;503,2,15,31;731,2,16,33;506,1,189;508,1,51;285,2,110,115;604,3,9,22,58;546,1,56
880,78,181:6,5,7,15,36,306,358;744,3,5,11,86;224,1,88;321,3,10,25,50;753,2,5,11;16,1,81;27,3,12,25,38;325,4,4,13,20,34;326,4,4,17,32,131;397,5,8,19,38,130,214;45,1,26;556,3,7,17,30;400,2,203,310;241,1,108;797,1,111;56,2,361,372;332,4,12,36,80,188;58,4,10,24,44,108;837,1,44;333,1,36;334,3,167,175,180;630,1,67;335,1,63;562,2,9,22;66,3,3,12,28;313,5,8,22,45,67,83;74,1,109;565,2,13,32;763,4,8,20,46,195;84,1,58;840,2,32,106;915,1,173;344,5,14,34,47,59,109;256,1,79;257,1,167;412,2,11,23;106,2,65,183;676,3,1,10,20;705,1,36;746,2,5,16;769,1,83;109,4,6,15,25,134;261,1,73;119,1,75;576,2,12,31;747,3,6,18,43;347,3,14,31,38;503,2,13,29;731,2,14,31;130,1,34;131,1,34;904,2,21,56;350,5,8,21,40,55,235;134,3,8,26,58;351,4,6,18,29,111;510,1,35;512,2,91,156;360,2,123,145;152,1,197;162,1,165;523,1,78;368,4,1,7,22,65;373,3,19,40,57;316,2,83,193;172,7,10,28,57,141,167,178,203;173,1,94;382,4,2,10,18,96;317,4,10,27,44,220;383,1,145;385,1,79;386,1,118;388,5,1,7,19,97,142;537,3,4,18,35;201,1,27;945,1,51;601,1,37;434,4,7,15,26,46;603,1,31
881,98,217:6,3,21,32,268;224,1,72;619,3,98,127,145;791,1,143;16,2,72,91;17,6,10,24,53,121,161,201;547,6,202,207,245,316,341,359;232,1,318;453,3,7,18,138;454,1,64;673,1,47;325,2,129,161;326,3,109,124,147;459,2,194,251;398,4,128,150,212,268;461,2,117,210;37,1,106;38,1,123;41,1,42;43,1,123;329,1,128;628,2,204,214;56,7,188,214,231,239,241,289,352;331,2,22,54;57,4,12,28,36,144;560,2,79,208;837,5,4,13,24,92,97;333,5,9,18,32,115,129;246,4,5,25,51,156;630,1,135;248,1,114;800,1,143;336,6,2,21,61,81,91,104;568,1,32;974,6,34,96,116,132,145,169;840,1,91;409,1,119;806,1,85;569,1,55;488,1,181;92,1,83;638,1,63;343,2,243,263;97,1,318;915,1,169;490,5,8,29,54,98,105;411,1,132;570,4,2,17,33,135;492,1,86;412,1,56;114,1,33;261,2,105,111;348,1,120;850,3,11,30,43;349,1,139;263,4,8,25,92,112;129,2,128,175;653,3,41,44,53;504,1,230;350,1,65;351,1,241;580,3,11,28,39;581,3,11,22,32;854,3,11,30,43;712,1,43;713,2,32,90;677,3,118,208,212;513,1,83;265,2,154,240;679,1,32;353,2,65,126;270,1,155;149,2,43,73;360,4,24,53,164,192;276,1,103;156,1,220;157,1,148;972,1,71;280,3,257,277,282;281,1,203;282,1,102;525,3,126,133,147;594,2,73,155;373,1,83;375,1,252;284,2,110,122;285,3,140,151,281;290,2,152,172;175,4,13,39,73,132;388,1,166;537,1,84;203,1,165;683,1,178;604,1,162;390,7,6,33,71,133,195,220,225;306,3,82,221,250;308,8,40,96,110,133,136,138,148,159;546,3,11,35,159
882,31,52:6,2,22,33;309,2,155,212;325,1,151;437,2,122,130;52,1,268;59,1,287;333,4,44,51,62,64;247,1,261;632,1,132;778,2,129,148;80,1,53;482,2,171,175;486,1,27;827,6,61,79,98,134,145,179;349,3,76,110,166;504,1,117;852,1,66;133,1,130;514,1,123;278,2,120,128;519,1,339;427,2,116,126;281,2,213,225;736,1,87;668,3,44,173,239;595,2,138,231;172,1,229;287,1,184;175,1,148;299,1,195;824,1,94
883,19,39:6,1,37;461,5,6,13,116,137,184;36,2,14,32;239,1,98;837,2,66,91;68,1,49;87,2,102,116;487,1,319;97,1,174;256,1,113;415,2,59,99;139,4,13,35,82,201;144,2,141,336;158,1,144;281,3,15,39,66;291,3,19,46,197;784,1,66;538,5,76,122,137,180,305;546,1,63
884,8,8:6,1,41;237,1,100;48,1,80;479,1,82;494,1,226;267,1,75;389,1,156;604,1,113
885,7,10:6,1,50;740,1,42;558,1,47;136,1,24;290,3,45,130,193;205,2,29,63;600,1,111
886,24,30:6,1,57;232,1,272;622,3,11,24,68;449,1,22;453,1,112;983,1,83;624,1,199;701,2,1,8;726,1,109;727,1,156;403,1,211;894,1,87;102,2,121,222;414,1,32;128,1,276;130,1,251;504,1,26;580,1,92;514,1,31;519,3,285,307,444;170,1,176;864,1,65;534,1,67;201,1,111
887,23,26:6,1,68;619,1,109;979,1,95;228,1,173;834,1,98;234,1,91;700,1,362;397,1,102;795,1,189;403,1,117;779,2,43,101;639,1,150;98,1,214;915,2,125,141;782,2,34,44;267,1,134;277,1,270;920,1,72;592,1,69;594,1,87;171,1,54;432,1,65;302,1,31
888,1,1:6,1,70
889,4,4:6,1,75;234,1,87;57,1,150;429,1,26
890,27,27:6,1,79;617,1,98;21,1,242;436,1,176;22,1,172;437,1,54;57,1,161;334,1,48;250,1,114;762,1,95;767,1,93;349,1,202;652,1,265;654,1,193;655,1,114;906,1,19;350,1,175;155,1,89;588,1,96;590,1,121;370,1,64;917,1,85;198,1,191;389,1,164;973,1,40;302,1,44;543,1,88
891,20,20:6,1,80;745,1,89;228,1,310;24,1,119;459,1,300;33,1,165;399,1,199;45,1,174;315,1,77;475,1,88;566,1,105;842,1,24;675,1,160;115,1,102;848,1,34;782,1,43;715,1,125;908,1,123;280,1,199;867,1,25
892,7,8:6,1,87;620,1,77;396,1,228;64,2,10,21;800,1,21;810,1,108;733,1,243
893,13,24:6,1,88;64,3,5,16,402;66,1,70;87,1,104;96,1,97;412,1,127;573,4,6,20,35,81;415,2,72,82;503,3,61,85,136;731,2,51,138;131,1,161;512,1,179;714,3,8,19,46
894,10,11:6,1,92;224,1,227;21,1,182;459,1,228;437,1,31;572,1,117;651,1,107;135,1,141;869,2,7,19;873,1,72
895,11,17:6,1,94;753,1,89;21,1,184;456,2,69,332;560,1,99;76,2,1,7;839,2,8,17;840,1,68;97,4,189,208,234,325;572,1,71;431,1,53
896,12,12:6,1,95;954,1,33;466,1,62;562,1,37;64,1,302;423,1,317;682,1,34;920,1,81;195,1,115;380,1,47;389,1,91;599,1,15
897,13,16:6,1,96;753,1,94;554,1,197;964,2,73,82;50,1,133;675,1,27;412,1,170;121,1,92;657,1,154;270,1,39;682,1,42;589,3,49,134,179;602,1,187
898,1,1:6,1,97
899,1,1:6,1,100
900,2,2:6,1,107;77,1,223
901,1,1:6,1,108
902,2,2:6,1,110;77,1,225
903,28,56:6,1,122;725,5,5,14,45,74,79;20,1,175;27,2,57,195;454,1,82;35,1,91;73,2,185,299;77,1,228;78,2,38,111;688,1,70;252,1,197;477,1,57;936,2,4,15;408,3,1,12,42;93,3,14,31,103;96,2,72,119;941,1,39;649,1,58;133,1,160;734,1,136;658,6,47,99,126,157,182,203;138,1,54;142,1,124;584,4,13,27,63,192;517,5,15,31,110,157,170;273,1,150;207,1,85;538,4,20,40,88,199
904,58,73:6,2,130,138;8,1,79;16,3,1,14,98;623,1,81;834,2,247,328;24,1,131;238,1,212;726,1,113;34,1,180;46,1,160;241,1,276;51,1,164;465,1,200;59,6,67,147,186,249,289,301;247,1,213;67,1,211;634,1,134;404,1,67;564,1,123;75,1,633;688,1,71;608,1,41;97,1,120;115,1,166;415,1,69;120,1,378;732,1,228;263,1,122;130,1,216;264,2,140,173;658,1,211;138,1,155;139,1,188;142,1,43;773,1,77;360,2,93,242;151,1,269;153,1,103;162,1,83;163,1,146;951,1,56;595,1,182;172,1,99;529,1,99;180,1,147;912,2,151,217;185,1,207;202,1,209;203,2,251,422;204,1,119;775,1,99;538,2,159,331;208,1,40;216,1,120;683,1,127;604,2,193,320;219,1,295;546,1,153
905,57,65:6,1,144;9,1,91;792,1,75;230,1,214;549,2,132,384;22,1,125;450,1,111;551,2,87,130;27,1,215;552,1,130;32,2,103,209;238,1,209;461,1,48;36,1,314;399,1,191;400,1,186;727,1,80;629,1,156;560,2,185,242;606,1,54;702,1,177;245,1,116;403,2,91,461;471,1,76;473,2,166,274;82,1,151;608,1,38;489,1,150;570,1,146;494,1,228;345,1,148;747,1,195;349,1,123;264,1,197;133,1,151;508,1,67;581,1,143;854,1,50;692,1,128;856,1,183;423,1,76;144,1,191;153,1,96;361,2,68,82;518,1,235;160,1,32;525,1,150;288,1,138;176,1,204;863,1,61;183,1,108;187,1,241;188,1,204;596,1,264;597,2,69,80;212,1,57;683,1,97
906,33,35:6,1,145;618,1,137;699,1,218;835,1,170;38,1,136;39,1,156;41,1,78;43,1,136;50,1,263;437,1,68;57,1,151;473,1,494;485,1,61;638,1,45;256,1,328;730,1,192;104,2,82,192;110,1,120;112,1,156;811,1,136;134,1,120;661,1,65;424,1,238;277,1,103;693,1,95;287,1,202;176,2,24,40;192,1,68;299,1,171;213,1,113;540,1,130;616,1,156;546,1,197
907,13,44:6,2,150,186;22,1,197;403,8,72,129,143,206,250,264,443,469;87,3,6,14,141;650,4,12,24,43,82;503,1,49;658,4,7,14,33,185;139,6,8,30,76,115,153,168;144,5,15,39,128,151,319;153,4,11,37,64,158;664,3,9,26,46;527,2,8,18;210,1,41
908,22,22:6,1,178;547,1,57;458,1,274;777,1,183;461,1,173;475,1,87;77,1,217;253,1,130;482,1,204;806,1,129;488,1,83;957,1,46;97,1,296;107,1,188;828,1,75;145,1,111;367,1,74;280,1,356;172,1,94;180,1,144;602,1,70;724,1,123
909,9,10:6,1,188;62,1,127;97,1,169;415,1,60;120,1,361;510,1,170;144,1,137;961,1,116;210,2,42,48
910,29,30:6,1,194;8,1,95;396,1,271;232,2,190,334;458,1,285;39,1,105;48,1,113;55,1,90;311,1,456;246,1,135;249,1,72;405,1,75;84,1,127;765,1,61;921,1,84;260,1,72;847,1,91;415,1,37;578,1,78;747,1,149;148,1,246;155,1,38;162,1,317;370,1,90;375,1,195;294,1,61;380,1,86;785,1,76;435,1,105
911,18,24:6,1,210;622,1,40;756,1,35;325,1,123;981,1,68;980,1,53;315,1,53;469,3,4,22,55;75,5,154,159,173,232,350;742,1,44;341,1,47;107,1,67;969,1,37;349,1,228;654,1,104;942,1,27;715,1,257;668,1,116
912,58,126:6,2,229,309;227,3,20,45,70;619,2,19,43;740,3,9,18,36;451,1,34;453,3,11,22,36;30,1,68;325,1,209;31,3,14,28,59;757,1,31;239,2,29,58;38,1,68;43,1,68;556,3,10,20,33;464,1,38;47,3,7,29,78;241,1,111;56,1,35;559,3,13,26,36;560,3,14,31,66;837,3,9,18,28;59,3,11,25,39;630,4,15,38,73,140;562,2,13,26;66,1,32;336,3,19,38,48;565,2,16,35;895,2,9,22;85,3,6,15,112;742,1,203;569,3,14,28,61;489,4,9,23,37,57;808,2,25,47;96,3,10,27,47;99,2,68,149;705,2,39,93;109,3,9,18,28;112,5,8,24,54,90,137;884,1,378;576,2,15,34;126,2,9,18;144,2,80,246;365,1,44;172,2,78,189;173,3,10,24,41;377,3,66,114,142;287,1,199;531,1,172;952,3,12,24,43;537,3,7,21,38;203,4,13,29,41,427;598,1,126;538,1,57;603,1,105;953,1,41;749,3,14,28,47;825,1,54;306,3,17,37,71
913,25,25:6,1,243;12,1,151;436,1,112;826,1,93;461,1,97;241,1,283;797,1,79;632,1,154;403,1,138;315,1,59;74,1,132;409,1,83;730,1,52;115,1,87;120,1,305;827,1,163;128,1,199;652,1,124;583,1,116;270,1,343;961,1,98;197,1,160;991,1,96;600,1,117;306,1,144
914,21,21:6,1,258;548,1,172;832,1,39;673,1,31;32,1,126;48,1,197;55,1,50;559,1,91;247,1,37;78,1,40;343,1,89;843,1,59;123,1,91;613,1,54;853,1,76;169,1,58;284,1,200;526,1,275;287,1,189;194,1,38;307,1,228
915,30,32:6,1,262;393,1,108;225,1,139;232,2,70,437;963,1,91;326,1,106;795,1,140;36,1,266;336,2,77,109;470,1,47;78,1,98;742,1,166;638,1,92;809,1,124;107,1,101;349,1,45;906,1,110;132,1,291;350,1,74;352,1,110;521,1,116;316,1,111;958,1,130;292,1,270;889,1,91;866,1,105;867,1,74;872,1,136;597,1,98;215,1,73
916,3,4:6,1,271;497,2,56,90;816,1,101
917,16,18:6,1,280;237,1,94;554,1,89;465,1,147;311,1,336;893,1,64;566,2,84,156;254,1,73;111,1,103;498,1,78;512,1,292;594,1,24;535,2,7,22;299,1,76;973,1,23;216,1,28
918,17,20:6,1,295;753,1,119;453,1,195;51,1,173;635,1,52;76,2,50,81;89,1,134;127,3,11,25,113;690,1,66;353,1,79;362,1,188;280,1,90;668,1,145;911,1,30;198,1,78;540,1,90;604,1,187
919,42,67:6,1,329;322,1,206;231,1,99;826,1,131;29,1,148;36,3,82,100,222;239,2,295,298;37,2,57,60;758,2,30,114;47,1,142;437,1,183;727,1,46;68,2,67,144;474,1,174;84,2,81,87;344,1,150;689,3,42,91,94;649,3,134,138,152;121,1,59;827,1,121;127,2,36,133;652,1,84;129,1,65;584,1,35;144,1,209;153,1,251;664,1,67;587,1,230;291,1,110;175,1,96;863,1,59;183,3,100,111,186;185,1,67;298,1,45;200,2,97,118;207,7,122,126,236,240,261,279,283;538,1,109;214,3,59,69,90;215,1,69;748,1,114;307,3,117,162,165;221,1,152
920,15,17:6,1,334;23,1,80;834,1,96;700,1,363;29,1,71;397,1,283;238,2,225,239;806,2,58,93;675,1,37;572,1,49;905,1,42;717,1,123;370,1,41;292,1,208;871,1,43
921,15,15:6,1,336;22,1,242;25,1,120;927,1,64;57,1,121;763,1,128;99,1,115;769,1,208;351,1,77;677,1,216;360,1,279;694,1,76;287,1,194;918,1,29;602,1,154
922,5,5:6,1,339;711,1,134;733,1,26;158,1,79;519,1,148
923,33,35:6,1,341;753,1,142;322,1,43;396,1,83;44,1,64;241,1,226;52,1,306;561,1,172;64,1,359;68,1,84;71,1,120;78,1,28;84,1,97;97,1,93;120,1,93;812,1,58;121,1,127;418,1,158;652,2,65,199;781,1,148;733,1,75;692,1,131;266,1,114;270,1,101;281,1,63;524,1,98;668,1,219;285,1,87;531,1,157;303,1,158;683,1,190;306,1,169;221,2,105,131
924,26,27:6,1,342;605,1,153;685,1,61;29,1,370;458,1,135;459,1,246;800,1,150;703,1,53;801,1,85;992,1,72;639,1,358;975,1,64;734,1,62;814,1,51;662,1,68;273,1,293;589,1,213;591,1,142;524,1,267;284,1,86;188,1,125;200,1,138;784,1,84;218,2,212,240;219,1,181;546,1,82
925,32,61:6,1,352;790,1,27;618,1,205;322,3,64,133,188;454,1,183;687,1,128;464,2,32,56;327,1,139;606,1,171;634,1,240;78,1,118;480,1,112;112,1,95;120,2,208,265;813,3,5,15,32;265,1,86;423,1,290;360,1,286;275,1,106;277,1,174;158,7,129,132,153,207,210,230,252;279,1,82;280,5,102,139,191,216,306;427,1,130;281,1,153;285,2,195,229;207,5,8,33,55,79,357;538,3,129,145,148;305,1,199;541,1,130;306,3,163,236,339;219,5,15,32,51,167,288
926,33,43:6,1,353;225,1,31;752,1,233;548,1,267;232,1,240;233,1,49;983,1,17;41,1,38;242,1,165;245,1,79;403,3,140,203,245;67,1,229;71,2,108,115;87,1,69;97,1,228;705,1,117;116,1,45;120,5,97,209,217,252,266;709,1,91;512,1,39;148,1,93;518,1,213;681,2,98,134;427,1,101;281,1,229;951,1,108;167,2,144,148;530,1,118;175,1,138;189,2,150,154;203,1,277;973,1,98;602,1,81
927,35,39:6,1,362;745,1,176;12,1,182;547,1,309;436,1,204;551,1,123;699,1,187;625,1,100;397,1,361;398,3,47,102,147;44,1,364;400,1,207;464,1,89;56,1,344;71,1,157;340,1,52;936,1,112;253,1,142;408,1,114;254,1,97;898,1,75;343,1,272;730,1,147;111,2,28,160;129,1,185;141,1,145;143,1,221;270,1,251;590,2,124,151;595,1,252;179,1,49;774,1,68;615,1,50;300,1,110;879,1,59
928,42,45:6,1,386;696,1,93;226,1,84;13,1,144;622,2,78,154;456,1,140;29,1,150;757,1,47;461,1,160;36,1,177;928,1,118;45,2,125,160;437,1,125;631,1,76;67,1,160;250,2,100,131;312,1,39;472,1,71;407,1,130;637,1,52;478,1,287;742,1,155;767,1,51;610,1,63;417,1,59;850,1,236;136,1,71;711,1,73;733,1,176;658,1,87;814,1,44;153,1,149;978,1,58;667,1,93;527,1,66;737,1,70;433,1,72;201,1,148;204,1,345;214,1,148;544,1,78;217,1,74
929,14,19:885,1,15;621,1,153;243,1,131;54,1,30;314,1,120;79,1,46;996,1,82;845,2,44,54;646,3,9,20,54;143,1,229;868,1,24;317,2,2,19;945,1,20;540,2,57,88
930,6,6:885,1,25;104,1,203;423,1,239;162,1,129;523,1,72;534,1,78
931,1,1:885,1,28
932,40,42:885,1,42;9,1,20;392,1,131;11,1,153;224,1,153;442,1,57;697,1,44;618,1,149;227,1,102;926,1,171;461,1,213;54,3,3,15,118;250,1,155;338,1,54;404,1,90;72,1,86;931,1,34;965,1,49;894,1,26;252,1,167;87,1,119;937,1,100;258,1,21;101,1,75;345,1,181;498,1,107;415,1,120;649,1,34;902,1,59;503,1,93;856,1,126;828,1,43;962,1,79;158,1,164;718,1,94;590,1,66;178,1,137;863,1,18;294,1,46;601,1,53
933,14,15:744,1,15;309,1,34;445,1,56;622,1,203;235,1,137;400,2,120,283;804,1,58;112,1,42;520,1,127;287,1,69;194,1,29;822,1,54;597,1,39;877,1,108
934,1,1:744,1,18
935,4,4:744,1,24;465,1,167;522,1,83;961,1,62
936,4,4:744,1,29;629,1,112;634,1,227;314,1,219
937,28,29:744,1,38;441,1,119;309,1,64;979,1,55;18,1,96;793,1,35;955,1,28;550,1,93;726,1,47;760,1,37;607,1,166;565,1,68;763,2,49,159;966,1,67;94,1,65;101,1,177;576,1,148;747,1,191;679,1,55;515,1,42;720,1,40;169,1,103;288,1,150;670,1,157;820,1,31;196,1,72;973,1,48;220,1,195
938,17,19:744,1,43;441,1,78;443,1,209;834,1,27;926,2,67,146;54,1,113;939,2,30,79;960,1,32;902,1,49;500,1,159;716,1,94;162,1,158;316,1,221;869,1,95;432,1,15;200,1,25;220,1,44
939,7,10:744,1,46;834,3,1,6,23;463,2,100,170;342,1,137;98,1,25;411,1,74;989,1,59
940,22,30:744,2,50,94;444,1,47;228,1,253;436,1,87;631,2,5,17;404,1,70;802,1,58;473,1,146;405,1,80;639,1,91;915,1,98;675,1,74;107,1,42;643,3,6,31,81;707,1,93;747,2,55,198;515,1,82;715,2,66,83;286,2,42,57;818,1,78;958,1,133;299,2,241,289
941,43,71:744,1,65;792,5,7,19,33,65,79;548,2,105,143;26,1,67;453,1,95;234,1,106;235,2,120,170;700,1,173;983,1,43;458,5,196,204,213,251,263;37,1,69;400,4,53,165,288,386;797,1,45;560,3,53,203,248;59,7,5,19,33,72,120,153,316;247,1,220;778,1,84;67,1,246;476,1,91;87,1,63;742,4,3,17,35,176;569,3,6,20,32;487,2,168,178;642,1,83;105,1,52;259,1,55;345,1,106;576,2,79,90;130,1,234;781,1,88;782,1,47;133,1,204;510,1,158;167,1,112;524,1,143;525,1,123;527,1,155;182,1,116;189,1,124;721,1,72;784,1,44;388,1,106;823,1,110
942,29,39:744,1,70;224,1,173;29,2,209,273;553,1,6;398,1,114;45,1,80;559,1,69;313,1,49;965,2,6,17;638,1,70;609,1,71;345,1,113;112,1,117;119,1,230;131,1,80;653,1,31;904,1,38;906,1,71;507,1,23;715,7,49,73,164,200,215,228,266;278,1,114;156,1,170;157,2,109,136;285,2,108,129;179,1,181;959,1,40;670,1,105;819,1,18;203,1,56
943,16,20:744,1,90;37,1,73;47,2,188,289;311,1,234;778,1,122;78,1,114;119,3,6,19,33;651,1,207;733,1,242;516,1,94;519,1,38;588,1,25;162,1,179;284,2,16,45;695,1,79;546,1,225
944,16,17:744,1,109;227,2,87,240;29,1,187;673,1,88;398,1,250;476,1,88;75,1,83;341,1,36;639,1,328;122,1,107;512,1,62;423,1,192;266,1,82;424,1,247;425,1,79;430,1,99
945,13,14:744,1,116;15,1,133;446,1,104;793,1,78;397,1,349;638,1,103;986,1,55;101,1,129;262,1,110;905,1,115;426,2,98,141;281,1,201;299,1,94
946,10,11:744,1,117;26,1,59;48,1,174;59,1,122;778,1,75;898,1,55;316,2,57,359;863,1,84;198,1,142;299,1,114
947,6,6:744,1,126;696,1,35;399,1,279;693,1,60;198,1,26;991,1,38
948,30,36:744,1,139;700,1,98;456,2,51,272;29,1,265;325,2,51,68;554,1,97;32,1,206;397,1,40;464,1,70;837,1,75;64,1,275;632,1,222;314,1,187;95,1,96;411,2,46,82;495,1,164;112,1,55;848,1,15;119,1,41;347,1,46;278,1,119;990,1,137;978,2,69,83;736,1,222;976,1,50;193,1,291;537,2,10,24;877,2,73,88;541,1,154;786,1,95
949,3,9:441,3,5,23,76;64,5,11,22,110,286,319;800,1,23
950,1,3:441,3,8,26,53
951,3,3:441,1,64;704,1,60;576,1,46
952,23,27:441,2,103,141;447,1,81;834,1,224;454,1,184;456,1,180;29,1,267;400,1,399;401,1,79;631,1,80;402,1,225;841,1,56;639,2,312,385;131,1,166;708,1,12;132,1,70;709,1,181;828,1,90;427,2,16,32;887,1,69;987,2,1,7;386,1,145;204,1,46;883,1,51
953,1,1:441,1,105
954,16,16:441,1,112;11,1,39;224,1,215;754,1,57;834,1,182;60,1,160;469,1,74;343,1,77;705,1,68;500,1,69;581,1,133;661,1,82;514,1,217;590,1,73;199,1,58;989,1,52
955,1,1:441,1,113
956,113,137:441,1,123;227,1,134;321,1,88;792,1,126;229,1,46;832,1,51;955,1,75;550,1,95;834,1,188;24,1,140;457,1,124;397,2,337,383;459,2,54,295;398,2,61,163;35,1,124;42,1,252;44,1,46;463,2,26,148;46,1,76;240,1,81;328,1,105;48,1,188;50,1,233;55,1,138;57,1,59;798,1,91;334,1,196;630,1,137;247,2,13,31;65,1,23;838,1,136;336,1,63;250,1,40;337,1,68;313,2,106,184;339,2,118,192;932,2,153,162;75,2,1,9;764,1,81;253,1,110;408,1,78;966,1,44;343,1,160;490,1,115;101,1,169;845,2,26,65;610,1,52;105,1,139;676,1,78;648,1,19;884,1,342;115,1,83;416,1,75;120,1,150;348,1,106;903,3,22,35,40;125,2,132,209;128,1,31;130,1,163;653,1,114;505,2,58,103;905,1,140;506,1,109;507,1,49;350,1,146;421,2,27,116;423,1,54;141,1,77;584,1,106;679,1,15;680,1,34;270,2,11,26;517,1,210;152,2,100,138;361,1,141;363,1,36;156,2,47,133;859,1,153;523,1,96;366,1,50;428,1,78;168,1,267;861,1,56;282,1,60;283,1,172;667,1,190;284,2,10,39;287,1,81;882,1,36;911,1,42;182,1,66;912,1,69;183,1,179;184,1,159;952,1,25;187,1,98;429,1,48;193,1,65;870,1,62;194,1,58;195,2,90,94;872,1,38;534,1,139;873,1,44;536,1,55;822,1,37;198,3,63,93,132;945,1,38;203,1,388;300,2,12,27;723,1,22;540,1,96;221,2,9,38
957,3,3:441,1,127;523,1,124;316,1,172
958,16,17:441,1,129;751,1,166;392,2,35,66;224,1,263;754,1,96;452,1,30;234,1,114;966,1,85;639,1,120;843,1,110;986,1,51;847,1,78;141,1,173;682,1,54;207,1,185;604,1,355
959,13,19:441,1,138;964,1,64;880,1,48;409,1,135;494,1,176;905,1,88;421,1,56;582,2,103,145;515,2,54,75;858,2,127,245;179,1,235;994,4,2,7,32,39;911,1,51
960,6,8:441,1,143;234,1,125;108,1,155;662,2,1,6;715,1,100;666,2,11,24
961,14,14:441,1,152;461,1,87;39,1,112;50,1,154;87,1,165;898,1,85;570,1,94;345,1,77;884,1,315;581,1,185;141,1,33;426,1,213;523,1,87;863,1,205
962,45,71:441,1,157;686,2,78,136;451,1,64;963,1,36;455,2,4,10;456,1,240;624,1,22;29,2,81,249;458,1,74;795,2,24,42;33,1,106;48,1,122;559,2,9,22;560,2,10,27;59,1,244;466,2,5,17;311,2,283,286;632,2,9,29;761,1,87;474,4,1,9,32,215;804,1,42;341,1,83;487,2,6,14;949,1,60;641,2,103,110;643,1,63;645,1,121;108,1,126;572,1,125;811,3,8,22,50;747,2,9,21;985,1,93;134,1,191;359,1,200;717,1,180;162,3,150,168,173;920,3,6,18,45;592,3,33,43,169;863,1,190;882,2,10,22;918,1,35;976,2,8,22;821,1,193;383,2,52,134;602,1,287
963,7,7:441,1,160;44,1,339;474,1,184;112,1,128;141,1,162;516,1,103;546,1,100
964,3,3:441,1,167;624,1,196;174,1,114
965,81,174:7,4,10,25,149,218;8,1,70;320,1,17;445,6,114,126,145,154,174,182;446,1,74;324,1,116;700,3,253,301,310;552,2,125,138;237,3,6,19,37;398,1,253;238,2,26,51;42,1,246;556,1,181;46,1,52;799,1,106;63,1,155;485,1,108;90,2,44,87;841,2,2,10;957,5,8,28,68,85,102;843,1,100;767,2,76,90;105,2,66,80;345,1,44;111,2,40,56;500,1,136;128,2,120,259;655,2,10,21;886,5,5,11,18,68,84;657,1,131;159,2,88,113;588,3,44,50,112;426,3,117,147,156;161,4,26,84,131,142;908,1,37;859,1,44;717,1,200;665,1,74;163,1,38;919,2,70,96;916,1,55;166,1,77;719,1,59;167,4,13,42,96,261;168,5,109,113,168,250,275;720,1,46;917,5,6,13,25,64,90;737,2,41,122;738,1,109;176,4,32,58,70,132;862,1,121;177,1,50;178,1,199;292,5,83,172,190,234,336;882,1,54;182,4,6,25,39,80;912,7,55,89,100,112,126,184,206;889,2,84,153;293,2,61,72;866,1,97;943,3,7,21,115;976,2,1,15;189,3,13,43,187;295,2,148,174;192,2,109,118;870,4,22,85,96,115;871,1,46;195,3,48,91,111;380,1,80;695,2,89,92;196,4,5,18,28,70;721,2,57,66;872,1,128;961,2,69,95;874,1,101;722,1,52;204,4,156,174,260,342;598,1,111;914,1,59;301,4,9,18,30,50;210,2,3,12
966,42,58:7,1,38;697,1,148;618,1,97;227,1,222;619,1,171;321,1,82;456,1,55;29,2,2,13;31,1,68;555,2,130,161;956,1,93;400,2,93,103;464,1,133;48,1,212;988,2,3,26;337,1,85;932,3,4,27,54;893,1,33;637,1,38;87,2,30,134;341,1,104;675,1,199;107,1,91;707,1,108;611,2,2,17;579,1,193;886,2,22,35;419,1,43;711,2,1,13;712,2,1,11;146,1,28;518,2,2,27;681,2,2,24;160,1,16;736,1,159;286,1,115;889,1,45;943,1,42;596,2,7,18;883,2,47,188;215,2,2,10;219,1,127
967,44,58:7,2,41,240;751,1,153;752,1,155;445,1,35;231,1,234;20,2,85,132;22,1,45;834,1,124;956,2,62,95;726,2,45,107;399,3,235,243,252;400,1,303;838,1,235;469,1,210;762,1,285;935,1,38;688,1,49;729,1,42;410,1,54;968,1,45;345,1,228;116,1,59;984,2,5,25;649,2,193,196;125,1,41;652,1,47;264,1,64;131,2,296,337;655,2,86,121;505,1,57;905,2,117,137;142,1,37;144,1,190;829,1,144;167,1,88;524,2,73,285;182,1,65;189,1,102;191,1,57;192,1,38;193,3,32,111,143;946,1,73;300,1,54;602,1,293
968,47,91:7,1,47;697,2,5,17;232,1,383;955,3,5,10,15;963,1,81;40,3,2,8,97;46,2,86,118;47,1,114;48,1,106;311,1,435;247,4,8,26,51,80;403,1,77;339,2,19,38;932,1,75;473,1,406;780,1,107;97,4,181,212,290,307;490,2,46,150;106,2,63,75;345,1,182;261,2,48,80;121,1,55;849,1,57;138,2,63,160;266,4,11,22,102,123;142,1,22;148,1,53;151,5,56,62,114,277,290;517,8,6,22,41,45,96,189,208,227;972,1,97;279,3,8,22,50;860,1,63;369,3,9,39,77;281,1,132;526,2,398,437;172,2,61,92;287,1,126;958,2,18,135;596,2,4,15;296,2,1,5;194,2,26,54;998,1,18;819,2,8,16;207,2,76,286;538,1,275;221,2,97,113;546,1,88
969,8,8:7,1,50;8,1,50;11,1,231;697,1,130;273,1,190;533,1,134;819,1,29;382,1,69
970,25,29:7,1,51;831,1,40;11,1,179;396,1,220;436,1,103;834,1,64;40,1,58;48,2,72,260;61,1,96;639,1,34;613,2,45,108;510,2,105,127;734,2,33,40;356,1,90;359,1,67;364,1,96;371,1,175;285,1,295;526,1,324;882,1,31;596,1,287;872,1,50;384,1,140;299,1,113;775,1,39
971,16,17:7,1,54;456,1,304;554,1,147;400,1,106;69,1,159;948,1,118;742,1,61;940,1,99;355,1,69;153,1,99;736,1,51;668,2,181,204;431,1,75;821,1,89;433,1,210;384,1,178
972,2,2:7,1,61;990,1,87
973,15,16:7,1,63;243,1,53;796,1,84;408,1,181;86,1,147;102,1,72;107,1,199;112,1,149;122,1,158;709,1,28;736,1,65;198,2,111,186;973,1,103;749,1,53;825,1,66
974,14,25:7,2,75,165;547,2,130,188;963,4,3,14,59,108;30,1,21;964,1,71;459,1,133;795,1,102;402,3,41,179,199;252,1,77;410,1,74;982,3,2,17,32;587,1,175;670,1,197;739,3,31,124,133
975,13,28:7,1,80;325,1,78;437,9,21,52,114,129,179,239,259,278,328;62,1,56;257,1,208;641,1,86;263,1,97;677,1,73;524,1,259;973,2,21,36;603,3,5,14,23;748,1,42;216,5,26,114,118,162,207
976,10,11:7,2,85,139;309,1,67;323,1,83;261,1,49;125,1,143;160,1,29;378,1,43;670,1,138;389,1,29;785,1,55
977,19,30:7,1,87;17,2,41,193;625,2,132,137;400,1,152;50,1,121;465,1,212;56,1,345;334,2,8,27;408,1,102;261,1,50;130,1,40;135,1,126;513,1,41;661,1,58;148,2,10,27;368,1,55;200,1,68;879,6,9,30,50,90,203,212;672,3,6,22,57
978,48,52:7,1,94;752,1,47;621,1,100;834,1,318;27,1,157;455,1,79;701,1,69;398,1,131;45,1,134;56,1,290;403,1,326;838,1,232;337,1,143;313,1,152;476,1,32;974,1,105;85,1,139;608,1,87;478,1,293;742,1,69;91,2,5,24;766,1,92;256,1,141;676,1,76;493,1,132;260,1,162;650,1,113;500,1,102;125,1,126;128,1,109;708,1,52;132,1,110;709,1,143;658,1,201;141,1,43;158,1,227;720,1,48;169,1,61;283,4,6,26,46,178;174,1,48;818,1,69;379,1,47;721,1,67;203,1,193;215,1,52;216,1,161;786,1,192;221,1,170
979,2,2:7,1,98;512,1,173
980,6,8:7,1,104;992,1,65;183,1,72;721,1,69;961,1,48;821,3,12,27,216
981,51,88:7,1,108;328,3,12,29,82;628,4,46,62,69,114;52,1,111;55,1,42;57,1,65;702,1,184;763,1,177;992,6,7,18,31,37,51,77;957,3,16,36,70;95,2,16,32;766,2,9,26;921,1,78;609,1,98;730,1,122;106,1,73;676,3,6,15,27;117,1,53;261,1,57;416,2,12,31;347,1,45;420,2,77,107;582,1,19;141,2,29,40;660,3,11,30,55;354,1,92;357,1,66;360,2,78,270;517,2,94,234;155,1,85;587,1,33;859,1,67;735,3,10,20,33;665,3,44,62,78;168,1,50;316,2,90,208;526,1,361;377,1,150;866,2,59,159;976,1,84;187,2,134,237;188,3,137,173,212;193,1,80;819,1,55;913,2,41,74;196,1,91;872,3,90,190,251;961,1,51;821,1,73;382,1,42;202,3,80,84,216
982,2,4:7,2,117,182;917,2,49,61
983,4,5:7,2,123,196;132,1,210;693,1,134;876,1,169
984,33,43:7,1,126;445,3,110,141,150;231,1,285;756,1,132;32,2,71,75;42,1,274;950,2,55,69;467,1,149;760,1,98;674,2,56,84;762,2,153,166;75,1,503;764,1,145;257,1,238;575,1,67;827,1,122;690,1,128;130,2,87,260;691,2,62,77;709,1,57;583,1,88;584,1,168;156,1,203;426,1,158;719,1,63;284,1,97;887,1,57;179,1,292;918,1,73;185,2,132,157;295,1,171;204,1,104;308,2,123,129
985,14,15:7,1,127;618,1,85;756,1,133;555,1,40;727,1,196;894,1,56;407,1,105;641,1,55;642,1,200;850,1,113;651,2,141,153;521,1,90;172,1,117;382,1,106
986,17,23:7,1,135;396,1,152;51,1,206;61,1,42;811,1,105;850,3,126,158,222;580,1,69;581,2,86,117;854,2,68,104;711,1,91;713,1,117;733,1,182;856,1,103;693,1,137;171,1,195;384,3,7,25,238;672,1,51
987,12,15:7,1,143;309,2,142,210;697,1,189;398,3,72,122,252;836,1,120;133,1,209;733,1,161;361,1,153;370,1,52;668,1,92;531,1,25;873,1,101
988,36,43:7,1,150;9,1,37;790,2,45,87;10,1,64;448,1,69;26,1,110;699,1,152;30,1,37;398,1,246;34,1,189;461,1,49;42,1,198;329,1,114;61,2,66,75;249,1,33;402,1,60;250,1,58;608,1,248;766,1,117;609,3,3,18,72;101,1,79;103,1,61;349,1,102;134,1,179;283,1,72;526,3,161,528,653;958,1,141;191,1,64;195,1,108;820,1,21;822,1,21;198,2,101,182;945,1,22;213,1,166;616,1,80;390,1,90
989,71,101:7,1,154;225,1,86;12,1,126;228,1,202;232,1,81;955,1,55;834,1,331;453,3,51,87,92;700,1,233;625,1,79;687,1,88;398,1,42;35,1,173;38,1,173;43,1,156;557,2,22,147;56,1,359;559,3,4,17,29;560,3,45,148,159;59,6,2,16,30,112,150,313;333,1,121;562,2,1,14;632,2,50,177;468,1,165;66,1,68;472,2,1,14;475,1,82;779,1,187;566,1,97;567,1,66;568,1,62;728,1,73;479,2,9,21;569,3,3,17,29;966,1,34;101,1,154;949,1,27;730,1,72;412,1,192;494,1,205;108,1,269;900,3,12,27,53;650,1,111;850,1,192;503,1,83;506,1,46;350,2,107,170;134,1,98;734,1,197;421,1,95;583,3,1,8,15;907,1,79;714,1,37;515,1,90;145,1,80;151,1,232;158,2,68,82;908,2,89,151;590,1,146;168,1,138;591,1,132;593,1,58;736,1,102;316,2,37,301;531,3,104,121,193;292,1,106;739,1,127;207,1,181;541,1,96;218,3,113,176,192;787,1,119
990,32,38:7,2,160,185;17,1,177;395,1,84;323,1,98;826,1,122;236,1,59;239,1,105;240,1,180;437,1,90;560,1,115;85,1,90;638,1,77;343,1,110;257,1,92;107,1,198;496,1,84;769,2,38,49;122,1,157;504,2,77,151;709,1,27;420,1,91;828,1,94;423,1,33;514,2,81,156;371,1,106;170,1,231;283,1,75;736,1,64;181,2,127,182;721,1,80;198,2,110,185;616,1,104
991,1,1:7,1,161
992,7,15:7,4,163,207,222,246;11,2,78,91;105,1,96;141,3,122,167,193;666,1,136;911,1,35;991,3,19,64,105
993,2,2:7,1,171;861,1,75
994,3,3:7,1,174;46,1,157;184,1,88
995,68,98:7,1,198;751,1,84;226,1,100;697,1,161;752,1,247;322,1,157;232,2,303,315;233,1,88;621,2,63,132;449,1,71;454,1,189;624,2,53,57;325,1,127;981,3,14,29,52;397,1,46;35,1,50;399,2,266,273;42,1,256;44,1,328;464,1,77;327,3,82,96,118;329,2,46,123;437,2,162,177;74,1,67;339,1,53;474,2,118,166;607,3,19,38,59;340,1,66;407,1,117;85,1,84;480,2,82,225;482,1,161;93,1,64;107,1,119;260,4,106,117,127,176;111,1,139;884,2,116,160;574,1,84;576,1,153;850,1,322;813,1,83;418,1,94;985,1,58;656,1,149;711,1,110;712,1,53;713,2,36,106;733,1,219;692,2,95,126;677,1,64;715,1,263;270,1,81;273,2,213,328;361,1,101;156,2,145,292;165,1,203;524,1,215;595,1,165;174,2,140,153;192,2,75,115;193,2,150,186;533,1,160;820,3,2,12,36;879,4,13,34,74,128;616,1,83;307,1,140;308,1,90;546,1,131
996,66,112:7,2,210,225;309,1,202;225,1,102;14,1,78;18,1,94;232,4,113,144,213,217;756,1,101;25,1,51;686,2,86,91;826,1,128;456,1,278;624,1,119;29,2,78,153;42,1,93;47,1,133;52,1,195;56,1,130;333,1,59;950,1,21;800,1,54;338,1,155;313,1,89;474,1,177;839,1,47;808,1,32;767,1,31;257,3,121,237,258;411,3,54,91,116;105,1,140;707,1,39;649,3,145,258,269;418,2,162,184;781,1,175;350,1,242;677,1,140;664,1,92;277,1,96;157,2,111,172;978,1,75;919,1,57;783,1,166;427,1,62;167,3,25,54,66;736,4,11,22,34,117;594,3,49,88,161;668,3,40,182,205;175,1,122;180,1,83;183,1,103;185,1,65;976,2,139,146;188,7,27,55,124,157,176,195,202;189,3,26,56,74;295,4,12,32,89,127;961,1,99;197,6,5,18,39,82,133,138;615,3,9,18,43;389,1,90;877,2,74,80;302,3,98,106,124;602,1,85;214,2,66,68;435,1,152;748,1,80;604,1,324;306,1,113
997,96,115:7,1,212;392,1,86;393,1,99;697,1,178;227,1,108;321,1,116;792,2,42,221;19,1,72;230,1,117;20,1,135;755,2,43,148;324,1,47;685,1,86;686,1,40;27,1,129;700,1,273;237,1,51;35,2,44,97;758,1,217;464,1,86;240,1,140;56,2,50,154;561,1,145;760,1,57;337,1,111;804,1,55;974,1,125;608,1,233;729,1,44;485,1,118;982,1,73;343,1,184;639,1,299;767,1,59;256,2,147,387;257,1,137;675,1,280;104,1,167;412,1,36;642,1,276;644,1,62;968,1,18;113,1,28;115,1,91;848,1,18;575,1,37;349,1,201;652,1,150;905,1,77;985,1,96;351,1,122;856,1,75;677,3,121,170,188;266,1,89;515,1,101;715,1,248;585,1,66;144,1,86;962,1,38;518,1,146;681,3,52,70,141;155,1,187;277,1,181;158,1,71;522,2,27,52;717,1,126;916,1,43;951,2,28,45;167,1,277;168,3,77,92,164;592,1,90;282,2,16,36;736,2,45,121;375,1,255;172,1,85;377,1,115;818,1,83;177,1,36;179,1,269;866,1,102;188,1,84;695,1,67;721,1,103;872,1,133;874,1,42;199,1,111;991,1,30;203,4,101,219,322,327;538,1,52;435,1,148;748,1,37;216,2,88,169;217,1,131;825,1,160;308,1,55;219,1,94
998,5,10:8,2,1,13;46,3,5,19,40;105,2,1,3;259,2,6,14;121,1,218
999,2,4:8,3,10,22,32;378,1,40
1000,3,5:8,1,25;259,3,38,82,94;111,1,85
1001,40,57:8,1,31;547,3,8,19,23;396,2,66,105;232,1,282;236,1,50;32,1,175;626,1,249;39,1,121;400,1,251;59,1,223;702,1,74;311,1,217;467,3,9,22,35;482,3,7,16,28;957,3,12,32,59;96,2,7,24;642,1,116;105,1,95;109,1,125;111,1,125;120,1,106;503,1,48;587,1,85;693,1,140;163,1,206;667,1,57;526,1,587;527,1,38;737,1,30;178,1,184;182,3,9,28,46;868,1,49;382,2,1,9;536,1,123;387,1,32;300,3,7,22,43;301,3,4,13,65;888,1,95;214,1,78;540,1,119
1002,11,12:8,1,44;322,1,153;461,1,46;248,1,45;120,1,77;747,1,176;516,2,225,252;585,1,203;365,1,130;526,1,73;388,1,90
1003,19,24:8,1,47;826,1,72;235,1,171;627,1,62;401,3,100,120,135;315,1,45;342,2,139,249;103,1,199;781,1,163;655,1,135;829,1,93;155,2,125,260;666,1,95;169,1,74;181,1,39;182,2,55,92;193,1,101;870,1,41;739,1,114
1004,10,10:8,1,48;392,1,114;792,1,195;607,1,140;569,1,35;344,1,105;678,1,68;278,1,117;165,1,185;545,1,137
1005,15,17:8,1,68;309,1,65;698,2,208,220;833,1,47;25,1,117;458,1,147;956,1,38;459,2,57,119;399,1,237;804,1,104;571,1,58;781,1,174;585,1,131;519,1,292;787,1,66
1006,4,4:8,1,73;111,1,74;886,1,97;723,1,20
1007,3,3:8,1,75;119,1,126;380,1,102
1008,41,51:8,1,85;14,1,112;19,1,166;229,2,104,148;230,1,142;449,1,171;234,1,118;45,1,33;46,1,127;327,1,165;57,1,73;60,1,121;467,1,97;313,1,176;78,2,77,90;82,1,57;807,1,18;97,1,38;256,1,292;100,1,24;101,1,109;491,1,126;108,2,123,244;848,1,54;118,1,66;130,1,228;508,1,86;713,1,144;512,2,52,233;274,1,260;276,1,171;520,1,177;162,3,71,228,324;595,3,7,26,161;290,1,174;187,2,185,214;192,1,105;203,1,397;204,1,117;299,2,8,23;390,1,117
1009,22,33:8,1,91;745,1,74;56,1,297;59,2,178,297;674,1,133;337,1,48;102,1,80;675,2,332,343;506,1,144;677,1,167;353,1,129;270,1,267;274,2,200,208;743,1,32;281,4,114,126,150,176;286,3,29,80,144;290,2,115,127;179,2,170,315;203,1,113;303,2,193,202;308,1,53;546,1,94
1010,4,10:8,1,94;324,1,84;843,6,8,20,33,43,69,104;378,2,7,26
1011,2,3:8,2,100,121;184,1,163
1012,26,29:8,1,104;436,1,142;686,1,89;40,1,55;556,1,144;56,2,175,268;564,2,44,106;473,1,34;762,1,42;101,1,86;124,1,84;502,1,51;971,1,61;613,1,74;657,1,29;711,1,36;712,1,34;512,1,38;142,1,81;273,1,348;783,1,158;427,1,100;694,2,115,138;530,1,117;976,1,158;874,1,69
1013,16,18:8,1,105;436,1,143;236,2,113,246;632,1,159;633,2,2,15;779,1,120;608,1,179;898,1,116;675,1,90;119,1,221;731,1,133;511,1,106;715,1,182;358,1,26;526,1,384;388,1,43
1014,10,11:8,1,108;46,1,176;628,1,54;71,1,131;490,1,148;162,1,95;526,1,387;180,1,162;204,2,89,115;212,1,128
1015,4,4:8,1,111;436,1,21;526,1,554;952,1,63
1016,34,37:8,1,122;792,1,154;547,1,109;231,1,282;436,1,228;400,1,296;627,1,65;798,1,58;561,2,8,25;468,1,172;778,1,74;607,1,133;974,2,30,83;85,1,113;608,1,74;408,1,70;742,1,334;102,1,194;675,1,196;103,1,177;577,2,27,42;507,1,25;677,1,147;582,1,69;682,1,85;694,1,27;668,1,70;958,1,20;292,1,320;882,1,33;943,1,96;433,1,63;877,1,40;303,1,114
1017,58,197:320,3,2,8,27;841,5,1,9,25,30,70;957,2,55,106;843,2,54,99;659,4,2,14,30,60;516,1,113;162,9,2,11,41,56,137,222,232,246,321;163,3,12,28,107;919,5,8,19,33,91,95;916,2,2,11;164,3,9,22,40;920,5,2,8,14,20,40;166,7,2,13,61,66,119,133,157;428,5,1,7,20,47,73;719,3,7,20,36;694,1,47;167,3,15,44,98;720,3,3,11,21;176,7,4,8,14,45,92,158,259;862,6,5,18,50,61,102,213;177,4,3,14,25,77;958,3,30,100,102;178,3,29,61,162;292,1,347;179,11,7,20,63,77,88,98,133,222,246,278,329;180,1,123;181,2,49,143;910,4,1,8,20,82;882,1,48;864,1,60;889,2,48,152;866,1,153;187,1,231;189,2,15,45;295,2,151,153;190,1,49;695,5,1,13,26,81,88;913,3,2,8,17;196,5,1,14,61,74,97;721,6,9,23,36,76,95,114;872,3,32,184,275;961,3,4,12,30;197,4,1,14,32,120;874,5,4,13,30,58,100;875,2,4,18;784,2,17,47;597,3,2,12,136;204,6,6,20,122,322,355,382;389,1,31;205,4,1,8,26,60;206,3,1,16,32;600,3,9,22,44;877,4,3,12,23,46;946,1,135;208,3,7,21,31;209,3,6,15,24;539,3,22,53,77;878,6,3,9,30,43,65,78
1018,106,189:320,1,18;831,3,8,16,35;393,1,115;227,4,66,107,148,225;619,5,9,33,72,96,174;15,1,47;698,1,202;752,1,86;17,2,34,185;548,1,226;232,2,192,340;233,2,3,12;549,2,237,327;324,1,117;25,1,85;234,1,90;700,1,142;456,1,217;624,1,210;326,2,112,127;31,4,4,18,45,71;556,1,80;46,1,100;464,2,2,10;47,4,2,24,100,176;49,2,3,16;241,4,57,168,217,268;50,1,241;55,1,111;56,2,143,350;560,2,61,75;59,3,146,248,263;245,1,52;630,2,11,34;335,3,2,14,36;248,2,56,125;633,2,5,18;336,1,66;71,1,73;251,3,3,19,42;81,1,149;804,3,2,12,30;84,1,55;608,1,180;88,1,77;341,1,145;806,1,79;638,1,109;97,1,246;915,1,62;967,1,52;99,1,55;491,2,5,19;412,2,95,113;642,1,76;676,1,70;705,1,28;112,1,140;346,2,7,14;261,1,97;416,3,2,21,52;501,1,111;851,1,56;652,1,255;263,1,44;131,2,246,326;653,1,95;781,2,9,22;886,4,26,38,69,85;420,3,2,18,42;421,1,39;513,1,34;137,3,3,13,42;139,3,5,27,165;678,3,12,30,110;714,1,88;515,1,98;662,1,45;144,1,298;354,2,35,49;148,1,125;150,1,40;358,2,30,42;360,5,129,141,155,184,246;274,1,283;362,2,90,205;155,1,60;364,2,14,35;859,1,159;280,1,84;168,2,80,218;720,1,47;591,1,53;375,2,203,213;527,1,47;287,2,77,136;182,4,7,26,42,81;196,4,13,26,29,39;535,1,75;382,1,113;536,2,46,62;203,5,5,21,88,157,321;304,5,3,20,47,107,126;544,1,118;825,2,87,152;219,1,73
1019,37,37:320,1,20;831,1,23;10,1,52;17,1,206;547,1,49;755,1,118;232,1,369;23,1,37;453,1,164;236,1,174;46,1,63;836,1,94;437,1,199;798,1,26;931,1,71;809,1,45;609,1,68;413,1,100;770,1,49;114,1,62;131,1,189;422,1,32;165,1,229;887,1,17;177,1,80;912,1,195;378,1,115;429,1,24;870,1,78;670,1,26;195,1,105;695,1,42;203,1,105;206,1,48;216,1,46;749,1,39;825,1,46
1020,1,1:320,1,22
1021,14,22:320,1,28;696,1,88;228,2,294,315;66,1,111;608,1,201;409,1,159;639,2,74,452;949,1,50;940,1,55;108,1,230;738,2,72,84;179,6,99,105,119,228,327,348;181,1,153;989,1,80
1022,14,15:320,1,35;463,1,107;473,1,335;343,1,108;96,1,121;118,1,78;137,1,49;354,1,69;149,1,89;783,1,98;958,1,109;180,2,53,153;181,1,180;821,1,163
1023,45,91:320,1,36;551,2,3,14;30,1,53;956,1,29;33,3,29,88,110;836,3,13,30,87;63,6,6,12,32,99,149,183;760,1,35;469,1,91;763,1,173;485,1,30;992,4,5,16,23,85;841,3,6,14,36;410,3,11,26,50;982,4,11,26,41,82;843,5,9,21,34,44,70;921,1,75;730,1,204;770,1,37;136,2,21,36;907,1,48;142,1,64;660,1,78;857,2,42,81;149,2,5,13;360,1,265;517,1,84;858,1,140;908,3,10,20,169;859,3,151,182,190;735,2,7,17;978,2,6,15;860,3,8,27,51;176,3,47,160,261;292,3,102,144,325;181,1,52;182,3,11,30,48;184,1,87;187,1,57;429,2,37,61;190,4,7,14,24,55;821,1,166;535,1,58;600,1,103;219,2,13,30
1024,42,64:745,3,2,12,31;979,2,1,13;322,2,99,175;450,1,77;557,1,118;437,1,147;55,1,95;880,1,34;70,3,5,14,42;703,2,1,9;315,1,71;762,1,93;779,1,233;252,1,34;479,1,40;485,1,101;921,1,20;811,1,38;499,4,6,26,42,108;417,1,50;679,1,50;365,1,110;158,1,42;159,1,121;281,1,120;167,1,80;372,1,112;171,3,9,26,42;316,1,333;958,2,132,158;189,1,88;295,1,100;378,1,78;821,1,229;317,1,112;298,2,27,36;784,1,40;601,3,8,18,109;946,5,61,126,142,165,198;824,1,96;301,1,60;546,3,8,32,102
1025,3,9:745,4,7,17,38,171;979,3,8,20,39;701,2,6,13
1026,40,87:745,4,10,20,41,174;309,1,88;979,3,12,24,43;16,1,65;547,1,299;396,2,125,216;548,3,11,22,28;624,1,142;459,2,37,333;398,3,31,204,287;758,1,42;314,2,18,37;763,2,101,118;974,1,50;884,3,14,28,158;995,1,67;121,1,124;850,1,108;125,1,19;126,1,111;851,1,152;827,2,19,38;580,5,17,34,59,99,135;581,4,27,51,62,196;711,4,4,16,53,71;712,2,4,14;855,2,5,17;733,3,7,14,194;856,3,6,18,31;716,3,15,41,69;425,3,12,24,42;158,3,11,31,51;972,3,5,10,23;823,3,15,36,75;888,1,18;602,1,366;603,2,65,74;672,4,16,32,40,106;953,2,11,22;546,1,190
1027,16,21:745,1,26;954,1,50;559,1,73;630,2,119,126;639,1,363;494,1,193;769,4,161,187,234,300;902,1,17;356,1,209;155,1,144;372,1,44;737,1,103;202,1,139;203,1,305;879,2,4,25;545,1,149
1028,21,24:745,1,27;32,1,221;964,1,40;459,1,274;758,1,92;556,1,136;69,1,168;97,1,205;495,1,143;120,2,328,342;691,1,78;504,1,93;709,1,68;511,1,46;143,1,126;271,1,227;162,1,192;179,2,213,237;185,2,114,133;961,1,139;537,1,119
1029,13,21:745,1,35;547,6,74,117,143,260,330,354;231,2,92,104;826,1,99;398,1,99;838,1,57;884,1,94;716,3,4,30,63;425,1,105;784,1,70;538,1,216;604,1,215;546,1,67
1030,33,82:745,1,47;225,6,4,18,43,83,146,173;14,8,5,14,43,159,166,178,190,197;752,1,169;232,6,4,14,31,99,116,137;42,5,3,19,108,130,270;47,1,243;58,1,140;798,5,10,21,36,65,105;62,1,109;933,1,80;765,2,26,67;609,1,91;104,4,8,19,170,196;106,4,84,122,162,173;846,2,32,87;112,1,98;262,1,105;267,7,4,19,41,79,121,170,181;148,1,259;664,1,101;860,1,56;526,2,292,512;595,2,158,216;193,1,228;821,1,78;317,1,237;991,1,45;212,8,4,9,21,44,118,150,163,185;724,1,172;305,1,182;216,2,78,85;219,1,118
1031,7,9:745,2,53,146;979,1,75;547,1,78;459,1,353;425,1,58;672,2,99,127;546,1,186
1032,8,8:745,1,65;309,1,13;701,1,17;328,1,54;336,1,74;70,1,37;992,1,71;494,1,26
1033,19,37:745,2,67,139;979,2,31,68;249,1,59;403,2,1,11;506,1,24;507,3,8,17,32;582,1,140;422,1,45;362,2,17,36;518,3,17,42,187;681,1,77;155,1,54;425,5,4,16,31,46,67;158,2,202,256;369,3,1,31,72;171,3,98,160,196;291,2,224,256;317,1,71;546,1,177
1034,12,13:745,1,76;398,1,68;838,1,87;480,2,128,152;102,1,82;884,1,84;498,1,75;506,1,146;279,1,89;281,1,128;596,1,300;546,1,96
1035,12,13:745,2,79,133;321,1,79;25,1,136;456,1,187;34,1,246;638,1,68;413,1,96;884,1,296;122,1,72;666,1,98;889,1,77;213,1,145
1036,11,12:745,1,85;309,1,30;25,1,46;794,1,74;238,1,264;335,1,49;64,2,26,197;568,1,83;675,1,83;526,1,67;203,1,256
1037,46,48:745,1,88;228,1,191;547,1,105;740,1,69;699,1,246;453,1,168;239,1,171;51,1,113;933,1,33;636,1,80;936,1,141;253,1,105;948,1,36;259,1,109;746,1,53;770,1,88;995,1,81;850,1,96;418,1,217;886,1,73;905,1,72;419,1,38;580,1,121;581,1,165;421,1,128;424,1,59;587,1,51;158,1,55;595,1,213;172,1,98;530,2,45,163;178,1,160;292,1,114;863,2,193,225;910,1,80;183,1,64;185,1,154;943,1,62;189,1,120;874,1,46;203,1,243;206,1,59;877,1,36;602,1,66;786,1,157;306,1,281
1038,1,1:745,1,95
1039,24,47:745,1,96;328,2,13,30;557,3,4,13,30;48,1,216;891,2,7,21;341,1,133;101,1,51;844,3,15,31,56;900,2,7,22;123,3,7,20,51;508,2,10,25;663,3,1,7,24;362,1,106;363,1,66;155,2,11,29;364,3,16,37,69;716,1,59;371,1,164;170,1,64;381,3,10,23,42;433,1,79;383,3,4,15,116;385,3,6,17,32;386,3,10,25,45
1040,2,3:745,2,97,110;821,1,87
1041,47,69:745,1,99;393,1,131;605,1,102;11,1,235;752,5,66,96,115,124,135;547,1,54;19,3,53,124,204;396,1,224;20,1,156;23,1,30;554,1,48;777,1,102;461,1,21;327,2,11,22;53,1,156;332,2,84,132;838,1,126;703,1,77;763,1,80;252,1,100;80,1,285;566,2,94,135;479,3,2,14,71;948,1,121;413,1,36;498,1,77;117,1,155;811,3,6,20,39;649,4,123,161,166,239;677,1,96;659,1,80;679,1,27;171,3,58,118,220;374,1,151;527,1,157;818,3,12,24,52;863,1,27;186,1,66;774,1,80;952,1,105;821,1,90;989,1,161;598,1,62;671,1,50;888,1,93;213,3,94,99,104;540,1,98
1042,32,33:745,1,103;617,1,70;547,1,351;549,1,421;552,1,121;726,1,110;35,1,178;437,2,275,288;56,1,70;313,1,110;634,1,204;87,1,83;481,1,50;103,1,188;828,1,76;515,1,67;271,1,202;586,1,173;275,1,95;519,1,308;591,1,120;289,1,282;179,1,178;293,1,67;183,1,105;959,1,51;596,1,238;991,1,51;597,1,128;203,1,296;877,1,66;616,1,175
1043,33,47:745,1,109;443,2,299,349;698,2,17,34;752,1,132;25,1,164;42,1,102;44,2,179,271;248,1,94;703,1,56;471,3,3,13,64;804,1,98;921,1,96;809,1,123;491,1,35;111,1,106;884,1,55;649,1,144;579,1,204;850,1,242;852,3,13,28,51;132,1,290;662,1,33;585,2,114,171;972,1,139;978,3,8,17,32;592,1,87;316,1,110;533,1,73;198,1,42;389,3,7,15,37;600,1,160;724,3,14,32,44;219,1,124
1044,42,44:745,1,122;790,1,86;549,1,194;25,1,100;835,1,113;626,1,217;460,1,121;399,1,104;240,1,55;59,1,82;468,1,174;974,1,85;87,1,167;480,1,260;569,1,37;92,1,58;915,1,34;105,1,40;643,1,129;109,1,107;116,1,55;499,1,96;119,1,62;575,1,100;577,1,29;124,1,56;658,1,21;423,1,327;972,1,30;159,1,153;589,3,52,99,203;367,1,28;694,1,29;372,1,134;171,1,69;287,1,201;184,1,200;532,1,74;596,1,55;873,1,82;207,1,221;539,1,75
1045,5,5:745,1,124;800,1,121;512,1,34;158,1,310;538,1,323
1046,75,116:745,1,135;9,1,30;392,1,117;393,1,153;618,2,3,20;231,1,150;699,2,7,28;237,2,2,15;45,1,201;328,2,1,18;50,3,9,27,55;797,1,118;559,4,2,15,27,97;333,1,125;334,3,2,21,111;630,2,8,31;335,1,52;632,3,7,27,63;838,1,109;633,1,129;337,2,128,140;313,1,226;634,2,32,260;475,1,19;607,1,138;805,1,75;342,1,43;898,1,156;256,2,162,268;99,1,51;491,1,140;844,1,64;104,1,85;571,3,5,16,170;643,1,120;108,1,188;847,2,2,14;112,2,1,17;849,1,30;347,2,1,18;813,2,26,95;781,1,166;852,1,41;134,3,2,20,199;351,2,1,13;711,1,77;353,2,75,103;356,1,298;149,1,84;829,2,1,30;361,1,137;518,2,159,248;162,2,293,311;666,1,37;591,1,76;371,2,1,22;667,1,169;669,3,6,25,83;172,1,161;179,1,341;182,1,78;889,1,79;532,1,60;193,2,2,17;873,3,2,15,60;384,4,43,64,194,215;386,1,99;388,1,68;389,2,26,62;671,1,132;538,1,282;213,1,147;602,1,280;541,2,178,199;953,1,55
1047,32,50:745,1,185;19,3,90,119,201;551,2,154,182;327,4,32,168,185,317;557,1,89;51,1,83;337,1,43;255,1,89;344,2,2,22;101,2,107,119;884,1,141;811,6,10,24,52,73,119,128;499,1,97;123,2,30,81;509,1,31;134,1,159;425,1,91;972,1,74;159,1,67;161,1,146;523,1,110;367,1,126;165,1,69;170,1,193;171,4,126,128,131,134;316,2,249,412;185,1,185;188,1,241;296,1,28;432,1,114;383,1,166;384,1,305
1048,1,2:309,2,2,7
1049,5,15:309,6,4,9,50,92,95,224;751,4,3,9,45,102;402,2,140,181;315,2,4,13;540,1,40
1050,17,30:309,1,18;224,1,180;791,3,4,22,48;754,1,24;756,2,12,26;24,1,31;468,3,8,29,58;761,4,11,37,62,86;402,2,82,116;931,3,6,22,47;801,1,19;410,3,6,21,41;770,1,25;814,1,13;144,1,75;200,1,92;435,1,75
1051,24,45:309,3,19,111,259;224,1,181;791,3,5,23,49;754,1,25;756,2,13,27;24,3,4,15,32;795,1,26;468,3,9,30,59;761,4,12,38,63,88;402,2,83,117;403,1,33;315,1,30;931,3,7,23,48;801,1,20;842,1,20;410,3,7,22,42;982,3,6,21,36;640,1,132;845,2,37,68;103,1,28;770,1,26;942,1,47;814,2,14,50;435,1,76
1052,30,88:309,5,27,115,130,188,271;751,1,29;791,6,17,35,41,67,90,125;755,3,17,78,113;756,3,59,109,124;24,3,10,21,44;836,6,16,33,48,91,103,131;468,7,20,41,79,95,136,150,211;760,4,15,72,82,108;761,6,25,51,75,81,113,140;402,7,17,35,88,99,125,191,205;314,4,12,31,99,115;315,3,41,68,127;931,3,15,31,59;801,1,32;966,2,54,111;842,1,57;410,3,14,29,60;982,3,14,29,44;977,1,63;640,1,19;570,2,12,27;492,1,49;845,1,74;969,1,12;770,1,45;417,2,56,68;942,1,23;814,5,24,41,69,116,135;435,1,82
1053,6,7:309,1,47;85,1,83;158,2,180,313;588,1,106;283,1,78;539,1,112
1054,18,19:309,1,48;831,1,58;224,1,258;754,1,91;795,1,92;726,1,124;42,1,284;802,1,152;339,1,93;639,2,131,464;571,1,120;884,1,273;143,1,172;516,1,45;682,1,48;285,1,331;535,1,100;317,1,109
1055,20,30:309,1,56;751,1,159;445,4,5,22,74,99;228,1,210;793,1,67;231,1,212;755,1,98;456,1,93;33,4,49,97,179,219;836,3,37,53,118;314,1,136;564,1,71;79,1,44;966,1,27;135,1,152;733,1,241;587,1,232;602,2,96,333;435,2,89,92;542,1,44
1056,15,19:309,1,58;396,1,52;834,1,78;954,1,126;42,1,173;957,1,87;101,2,111,122;423,1,38;362,1,109;293,3,9,19,28;204,1,327;877,1,30;211,1,52;604,1,291;219,2,144,183
1057,1,1:309,1,60
1058,21,24:309,1,66;392,1,67;21,1,26;758,1,219;463,1,135;563,1,21;75,3,139,583,625;936,1,40;343,1,277;571,1,59;494,1,202;969,1,64;731,1,121;128,1,243;136,1,110;580,1,84;155,2,173,221;365,1,107;588,1,92;908,1,119;724,1,229
1059,3,4:309,1,74;24,2,52,61;252,1,85
1060,14,14:309,1,77;696,1,110;12,1,108;232,1,40;45,1,42;628,1,75;55,1,189;779,1,215;125,1,24;149,1,98;271,1,137;272,1,147;173,1,79;604,1,77
1061,45,53:309,2,81,193;697,1,59;791,2,52,150;228,1,91;547,2,28,156;685,1,151;954,1,74;27,1,46;554,1,50;626,1,60;460,1,93;51,2,62,137;56,1,82;63,1,26;468,2,141,217;402,2,49,92;67,1,181;336,1,53;315,2,44,151;86,1,222;487,1,190;921,1,45;256,1,226;574,1,40;850,1,52;124,1,48;502,1,39;349,1,37;128,1,270;781,1,39;580,1,48;581,1,41;814,1,126;424,1,34;664,1,49;278,1,143;520,2,36,122;588,1,60;592,1,129;862,1,82;179,1,306;182,1,44;774,1,51;973,1,114;683,1,166
1062,35,39:309,1,90;618,1,125;394,1,146;323,1,190;451,1,88;964,1,107;627,1,75;559,1,102;246,1,140;803,1,94;473,3,85,253,433;252,1,190;407,1,201;478,1,371;342,1,161;99,1,194;845,1,46;949,1,58;675,1,104;705,1,79;345,1,196;846,1,55;848,1,71;348,1,102;813,1,92;581,1,171;662,1,116;356,1,240;358,1,113;990,3,3,13,123;526,1,355;595,1,232;292,1,157;882,1,88;616,1,96
1063,8,9:309,1,93;21,1,158;25,1,11;402,2,141,182;804,1,71;966,1,13;842,1,32;98,1,78
1064,3,6:309,1,96;751,4,4,10,46,103;487,1,167
1065,1,1:309,1,108
1066,4,4:309,1,112;493,1,203;734,1,24;888,1,52
1067,15,34:309,1,121;13,1,127;622,1,126;330,3,1,14,57;837,1,41;606,2,37,81;87,1,46;481,3,3,14,79;915,5,2,14,48,69,88;346,3,1,8,47;357,1,27;165,9,4,18,30,93,117,170,172,181,191;821,1,118;432,1,81;724,1,205
1068,11,14:309,2,128,186;755,1,97;836,1,36;79,1,41;921,3,8,17,36;977,1,61;570,1,140;682,1,102;193,1,183;435,1,91;540,1,114
1069,5,5:309,1,134;639,1,20;730,1,99;851,1,108;164,1,66
1070,2,3:309,2,136,229;603,1,60
1071,7,9:309,1,137;399,2,2,13;53,1,19;899,1,93;143,2,55,262;158,1,358;211,1,83
1072,6,8:309,1,144;459,3,128,160,179;398,1,221;836,1,122;838,1,82;674,1,52
1073,84,155:309,1,148;831,1,39;18,1,53;230,2,144,180;232,1,62;622,1,117;236,2,9,20;28,1,35;325,1,241;37,3,4,16,51;42,3,8,24,189;328,3,10,27,80;329,2,16,37;241,2,18,38;50,3,13,31,59;465,1,149;628,1,78;242,2,109,121;53,1,259;727,2,12,25;57,1,90;245,2,78,120;334,2,18,37;247,2,62,194;891,2,12,26;66,1,48;338,2,68,186;472,1,126;473,3,5,21,39;405,1,88;91,3,18,37,75;638,1,117;809,1,137;98,5,109,119,133,144,159;490,1,159;256,3,20,43,82;609,1,110;844,3,11,27,52;676,1,36;493,1,233;107,1,133;413,1,116;650,1,55;781,1,76;678,3,17,35,50;265,3,6,23,51;267,3,7,22,61;516,1,80;962,5,1,11,22,64,88;354,1,94;355,2,21,43;356,2,9,21;357,1,64;358,1,20;359,1,41;360,1,76;151,2,174,215;518,3,13,38,256;681,1,114;155,3,17,35,65;364,3,20,41,74;278,3,4,31,60;156,3,52,165,290;279,2,13,27;366,3,1,14,35;816,1,37;817,1,48;614,1,27;371,1,93;170,4,3,21,89,135;283,3,2,22,41;372,2,6,26;171,2,14,31;373,1,64;374,1,117;285,1,178;526,2,346,596;595,2,16,35;377,1,148;290,1,141;433,1,219;388,2,59,133;202,3,17,36,67;786,3,9,29,54
1074,7,19:309,1,156;24,2,36,123;50,1,150;402,5,14,32,46,121,202;804,1,114;497,2,43,82;434,7,8,16,27,47,64,76,106
1075,5,5:309,1,163;634,1,232;936,1,108;267,1,176;592,1,32
1076,9,13:309,1,167;926,3,49,116,156;42,1,136;75,1,76;409,3,11,22,54;120,1,202;125,1,204;424,1,99;317,1,238
1077,31,45:309,1,181;448,1,215;454,1,204;397,1,269;468,1,179;636,1,44;974,2,155,174;342,2,95,193;846,1,117;579,2,50,186;850,2,17,36;419,2,17,85;657,1,36;678,3,8,26,63;354,3,5,20,111;360,4,23,52,163,191;518,1,106;280,1,281;285,1,150;287,1,177;292,1,267;182,1,106;866,1,93;870,1,31;872,1,124;432,1,38;317,1,135;203,1,142;543,1,76;544,3,9,20,48;825,1,108
1078,9,11:309,1,190;395,1,88;755,1,21;24,1,142;332,1,142;760,1,112;675,1,267;862,1,232;203,3,199,207,307
1079,3,3:309,1,196;956,1,118;289,1,306
1080,9,10:309,1,198;697,2,67,105;50,1,68;53,1,234;333,1,140;413,1,102;649,1,113;351,1,71;214,1,47
1081,3,3:309,1,200;798,1,60;357,1,38
1082,10,19:309,1,213;751,4,5,11,104,160;24,1,75;402,2,80,187;78,1,102;729,1,36;639,1,353;677,2,4,12;601,2,9,19;724,4,4,22,144,260
1083,6,8:309,1,219;955,2,1,6;399,2,29,202;56,1,166;311,1,274;872,1,234
1084,1,1:309,1,222
1085,20,23:309,1,228;618,1,194;24,1,81;328,2,87,93;310,1,84;74,1,113;75,2,35,293;408,1,148;639,2,108,220;640,1,90;107,1,52;501,1,62;510,1,113;422,1,92;423,1,61;156,1,226;594,1,150;526,1,139;821,1,144;604,1,394
1086,1,1:309,1,231
1087,28,29:309,1,233;224,2,21,98;17,1,167;396,1,42;755,1,23;21,1,222;700,1,223;29,1,133;400,1,391;311,1,301;247,1,232;760,1,114;936,1,88;417,1,99;970,1,82;266,1,75;143,1,87;990,1,154;693,1,76;522,1,100;859,1,123;368,1,95;591,1,82;286,1,31;863,1,235;870,1,57;533,1,83;304,1,100
1088,9,13:309,2,236,245;619,1,89;400,1,218;560,1,210;402,2,58,134;805,2,1,14;851,1,136;191,2,47,106;876,1,70
1089,4,4:309,1,242;487,1,106;350,1,144;209,1,60
1090,2,2:309,1,244;752,1,61
1091,27,42:309,1,249;224,1,70;551,2,165,184;454,2,112,146;794,1,54;459,1,381;400,1,243;247,1,168;252,1,145;487,1,213;957,1,97;689,1,131;263,3,119,141,147;134,1,78;658,3,108,167,197;907,3,1,17,92;424,1,179;360,1,240;364,1,185;161,1,140;859,1,124;168,1,111;526,1,558;818,1,106;596,3,96,196,220;946,2,124,162;390,5,7,34,72,191,218
1092,1,1:309,1,254
1093,6,8:309,1,256;621,1,66;726,3,4,16,31;486,1,45;498,1,42;524,1,292
1094,1,1:309,1,265
1095,1,1:309,1,267
1096,8,10:751,1,17;392,3,5,19,163;697,1,28;478,1,123;345,1,183;262,1,81;650,1,71;786,1,85
1097,20,28:751,1,22;605,1,24;436,1,125;456,1,171;325,1,59;555,1,254;314,1,185;478,1,262;498,1,21;574,1,79;505,1,133;132,1,180;361,1,122;425,1,51;160,3,4,11,27;161,3,3,12,29;615,3,4,13,34;991,1,18;879,1,127;787,3,43,69,128
1098,6,9:751,2,23,178;402,1,145;411,1,39;640,2,9,18;540,1,41;604,2,363,368
1099,1,1:751,1,24
1100,3,5:751,1,26;77,1,107;985,3,4,21,44
1101,1,1:751,1,34
1102,13,15:751,1,38;323,2,65,76;456,1,42;777,1,158;54,1,153;838,1,156;634,1,170;423,1,42;523,2,47,64;166,1,138;614,1,84;176,1,112;786,1,238
1103,8,17:751,1,50;624,2,111,128;795,1,123;915,1,116;845,3,6,13,23;942,2,1,5;814,4,3,7,21,32;962,3,10,20,98
1104,4,5:751,2,53,113;81,1,73;819,1,66;888,1,29
1105,1,1:751,1,62
1106,2,2:751,1,66;21,1,132
1107,1,1:751,1,80
1108,2,2:751,1,82;383,1,90
1109,29,34:751,1,96;792,1,90;451,1,92;835,2,1,7;606,1,172;476,1,77;893,1,46;762,1,125;79,1,51;779,2,40,136;566,1,147;568,1,59;86,1,75;87,1,188;806,2,1,16;489,1,133;256,1,154;675,1,150;261,1,114;500,1,97;135,1,83;422,1,74;356,2,105,164;358,2,79,92;271,1,162;272,1,172;586,1,155;209,1,84;215,1,17
1110,3,3:751,1,107;675,1,56;715,1,184
1111,1,1:751,1,108
1112,14,16:751,2,109,157;696,1,73;619,1,85;230,1,225;835,1,111;397,1,370;34,1,188;401,1,67;311,1,136;120,1,380;122,1,200;424,1,147;518,2,154,196;860,1,78
1113,6,7:751,2,110,169;925,1,73;632,1,187;566,1,137;657,1,161;976,1,110
1114,6,6:751,1,111;561,1,123;611,1,161;682,1,96;918,1,54;869,1,99
1115,41,47:751,1,121;232,1,88;21,2,134,166;955,1,19;963,1,93;234,1,52;457,1,73;399,1,54;48,1,167;55,1,134;403,1,64;404,1,47;932,1,170;80,1,27;87,1,154;98,1,127;105,1,60;259,1,39;746,1,110;969,1,43;111,1,47;122,1,121;126,1,181;851,1,20;129,1,151;734,1,97;512,4,77,96,147,208;516,1,223;150,1,165;362,1,182;858,1,182;919,1,25;164,1,77;283,1,226;595,1,201;737,1,116;178,1,103;863,1,180;184,1,157;194,2,8,16;317,2,5,22
1116,11,11:751,1,128;392,1,65;833,1,50;834,1,106;79,1,64;494,1,200;852,1,70;166,1,149;592,1,151;958,1,62;601,1,85
1117,27,30:751,1,129;11,2,51,260;17,1,156;22,1,308;624,1,118;555,1,98;400,1,416;327,1,301;71,2,199,228;79,1,65;256,1,279;642,1,168;577,1,123;129,1,143;139,1,136;423,1,210;520,1,155;736,1,47;668,2,104,177;174,1,112;289,1,124;862,1,234;958,1,126;378,1,122;722,1,48;204,1,241;544,1,109
1118,2,3:751,2,130,138;79,1,66
1119,34,37:751,1,133;224,1,277;227,1,184;17,1,91;754,1,110;458,1,64;38,1,140;399,1,290;48,1,128;334,1,152;561,1,109;64,1,284;838,1,230;473,1,408;895,1,27;935,1,28;779,1,50;80,2,111,352;568,1,68;85,1,133;608,1,145;87,1,152;409,2,46,59;118,1,62;125,1,86;827,1,127;852,1,67;512,1,284;143,2,67,131;516,1,203;990,1,77;174,1,231;870,1,15;306,1,258
1120,37,91:751,1,135;605,4,43,54,126,144;696,1,70;697,1,127;14,5,29,118,133,156,172;229,9,5,14,30,69,96,99,135,139,170;230,6,9,30,92,231,262,315;548,2,137,242;30,1,94;956,1,85;34,1,143;403,5,310,352,355,425,458;838,1,257;69,1,144;404,4,7,21,79,133;935,2,24,55;78,2,3,11;79,2,8,24;477,3,2,12,100;80,7,7,14,100,116,125,191,289;407,1,145;936,1,61;478,6,29,44,78,90,199,229;342,1,204;706,3,8,20,87;810,2,3,19;115,1,124;120,2,159,319;650,1,75;579,2,156,177;813,1,91;418,3,10,34,116;732,2,14,28;585,1,207;424,1,199;524,2,11,30;430,2,78,93
1121,6,6:751,1,141;436,1,139;473,1,178;933,1,98;143,1,206;695,1,77
1122,32,32:751,1,156;392,1,149;12,1,31;792,1,111;323,1,172;453,1,209;240,1,224;465,1,140;988,1,51;250,1,56;81,1,59;566,1,219;408,1,147;742,1,336;609,1,70;117,1,138;500,1,169;579,1,119;661,1,63;424,1,206;523,1,89;283,1,71;526,1,159;530,1,27;192,1,66;195,1,107;198,1,209;384,1,324;203,1,53;207,1,321;946,1,189;787,1,40
1123,4,4:751,1,158;27,1,53;973,1,107;683,1,159
1124,30,30:751,1,183;396,1,295;685,1,79;834,1,68;551,1,23;325,1,117;964,1,35;34,1,83;327,1,355;50,1,102;242,1,75;727,1,74;246,1,76;635,1,32;765,1,77;637,1,55;409,1,111;937,1,51;807,1,51;992,1,89;571,1,116;995,1,57;120,1,316;650,1,25;657,1,27;585,1,98;993,1,67;718,1,113;181,1,38;197,1,127
1125,1,1:751,1,184
1126,7,7:9,1,31;26,1,26;932,1,52;356,1,110;361,1,133;184,1,117;534,1,41
1127,20,24:9,1,33;547,1,85;954,1,156;238,1,384;400,1,181;468,1,195;842,1,107;257,1,175;570,1,72;494,1,209;496,1,74;690,1,118;142,1,26;363,1,35;166,1,127;668,1,77;737,3,59,83,125;862,2,142,169;198,1,181;204,2,177,269
1128,35,65:9,1,40;443,1,61;549,5,8,20,33,87,473;622,1,111;699,1,155;826,3,3,7,25;757,2,8,17;38,2,49,239;43,2,49,207;45,2,37,94;464,3,4,12,110;50,1,137;467,3,4,17,30;632,2,14,34;70,2,8,17;703,1,27;475,2,49,53;779,3,7,22,48;566,1,39;936,2,9,20;254,1,44;898,2,25,67;675,2,1,7;644,1,40;707,1,35;649,1,107;813,1,41;134,1,192;359,5,70,115,122,131,138;279,1,33;815,1,78;863,3,117,175,192;976,1,68;206,2,14,29;303,2,106,125
1129,24,24:9,1,66;700,1,57;926,1,75;47,1,178;557,1,110;628,1,67;70,1,29;974,1,64;807,1,65;898,1,123;491,1,228;572,1,90;418,1,201;504,1,224;510,1,40;152,1,198;153,1,95;361,1,67;158,1,320;281,1,152;614,1,48;284,1,148;597,1,68;914,1,67
1130,20,21:9,1,84;11,1,48;791,1,99;446,1,86;700,1,342;238,1,272;628,1,52;242,1,91;936,1,152;567,2,64,86;255,1,90;639,1,291;675,1,281;117,1,62;734,1,213;521,1,82;285,1,232;943,1,111;601,1,106;683,1,119
1131,3,3:9,1,90;898,1,19;269,1,123
1132,13,13:9,1,97;459,1,38;37,1,66;330,1,52;764,1,70;804,1,84;608,1,138;346,1,41;907,1,107;862,1,155;820,1,34;821,1,226;991,1,89
1133,10,17:9,2,100,108;392,1,73;15,1,151;400,1,85;75,1,432;86,1,133;768,4,4,15,30,43;113,3,4,14,26;611,1,128;901,2,4,17
1134,15,16:9,1,134;443,1,92;725,1,60;793,1,81;928,1,59;437,2,97,313;838,1,36;607,1,90;85,1,114;408,1,71;649,1,249;263,1,127;364,1,194;198,1,157;307,1,135
1135,14,14:9,1,135;226,1,104;792,1,119;981,1,40;398,1,66;482,1,49;841,1,49;571,1,156;106,1,171;128,1,43;852,1,89;856,1,139;719,1,77;389,1,163
1136,17,20:9,1,137;448,1,115;56,1,252;81,1,61;488,1,230;343,1,231;99,1,182;124,1,58;731,1,113;713,1,62;151,1,285;161,2,93,125;168,1,220;176,3,99,135,222;910,1,87;211,1,69;218,1,92
1137,21,22:9,1,149;696,1,161;231,1,207;396,1,238;777,1,154;32,1,245;46,1,136;742,1,342;111,1,94;578,1,48;121,1,256;731,2,86,134;713,1,82;512,1,189;583,1,101;423,1,203;141,1,174;316,1,133;173,1,135;378,1,92;670,1,77
1138,3,3:9,1,153;884,1,297;506,1,155
1139,39,54:790,2,3,8;26,1,68;699,2,11,32;455,1,22;983,1,71;726,1,80;628,3,15,34,66;69,2,4,13;634,1,43;314,1,149;475,1,66;409,1,38;766,1,81;492,1,24;675,1,151;106,1,37;676,1,114;705,1,29;768,2,8,19;110,1,31;417,1,31;901,2,8,21;747,1,38;347,1,37;126,4,5,14,93,184;851,1,57;130,1,67;131,1,277;781,1,67;904,1,20;139,1,166;738,3,6,21,37;433,1,25;198,2,62,92;383,2,3,14;537,1,34;600,1,138;825,2,132,166;308,1,84
1140,27,28:790,1,21;436,1,108;623,1,19;834,1,173;400,1,215;243,1,78;606,1,168;311,1,67;74,1,93;75,1,403;253,1,108;408,1,76;341,1,78;487,1,309;92,1,73;766,1,116;706,1,72;770,1,68;851,1,132;585,1,48;358,1,97;195,1,55;297,1,78;384,1,326;204,1,394;220,1,142;787,2,26,65
1141,7,15:790,1,28;846,1,67;360,1,287;428,1,37;207,5,9,34,56,80,358;305,1,200;219,5,16,33,52,168,289
1142,21,22:790,1,38;323,1,72;31,1,64;50,1,43;311,1,245;64,1,174;476,1,67;566,1,64;840,1,23;986,1,33;572,1,94;733,1,56;143,2,52,113;714,1,49;990,1,147;667,1,124;595,1,102;286,1,23;596,1,38;876,1,86;384,1,262
1143,6,6:790,1,40;22,1,134;242,1,118;633,1,84;474,1,108;75,1,51
1144,11,12:790,1,41;618,2,132,191;52,1,104;57,1,75;311,1,428;473,1,384;884,1,353;770,1,104;850,1,87;163,1,78;184,1,72
1145,16,17:790,1,47;13,1,155;49,1,35;561,1,92;335,1,34;313,1,101;705,1,23;112,2,82,106;356,1,125;520,1,171;783,1,34;614,1,67;667,1,161;199,1,118;203,1,337;541,1,230
1146,9,13:790,1,48;725,1,85;951,1,39;785,1,42;545,1,53;786,1,51;749,3,1,15,30;825,3,2,15,28;616,1,42
1147,5,5:790,1,64;399,1,218;349,1,237;876,1,44;207,1,183
1148,11,13:790,1,65;755,1,103;240,1,86;837,1,32;247,1,260;770,1,32;680,1,35;595,3,137,230,254;536,1,149;537,1,45;204,1,374
1149,10,10:790,1,67;777,1,181;64,1,143;80,1,180;742,1,323;780,1,147;816,1,81;179,1,91;872,1,283;306,1,260
1150,36,113:790,1,97;698,2,217,227;321,2,41,107;21,3,45,58,119;554,1,236;795,1,103;327,15,5,16,35,60,104,116,135,146,169,186,202,207,227,242,318;328,2,3,20;49,2,6,19;59,3,91,173,276;61,4,6,17,37,52;337,2,90,145;675,1,131;494,3,162,208,219;647,1,53;499,1,98;123,2,31,100;347,4,4,21,72,97;507,3,9,18,33;508,4,5,20,34,82;350,10,6,19,37,85,108,148,171,179,216,256;134,8,6,24,56,76,104,130,155,176;858,2,103,248;523,1,50;366,8,4,17,37,62,95,140,158,171;369,2,73,93;283,5,8,28,48,180,195;525,1,84;171,7,12,29,44,127,140,165,186;316,1,287;818,1,118;531,5,2,9,18,140,167;193,1,116;383,1,152;384,2,10,28;385,1,86
1151,12,12:790,1,99;777,1,175;311,1,365;64,1,188;74,1,87;939,1,57;884,1,389;423,1,120;362,1,210;280,1,147;317,1,104;602,1,424
1152,24,24:790,1,100;392,1,51;230,1,263;26,1,113;699,1,93;58,1,129;62,1,130;473,1,132;77,1,173;343,1,214;344,1,221;491,1,135;571,1,202;642,1,227;423,1,177;143,1,151;150,1,141;316,1,215;526,1,401;176,1,145;178,1,147;596,1,48;536,1,93;598,1,59
1153,2,2:790,1,101;311,1,309
1154,3,4:790,1,105;548,1,276;639,2,66,302
1155,12,16:790,1,109;547,1,118;70,2,9,18;568,2,6,17;974,2,5,15;478,1,116;948,1,56;805,1,35;516,1,35;716,1,87;425,1,106;818,2,6,18
1156,17,17:790,1,115;323,1,50;699,1,91;632,1,124;402,1,56;472,1,99;933,1,110;80,1,101;478,1,75;343,1,98;915,1,82;747,1,144;350,1,172;316,1,119;595,1,54;317,1,37;198,1,81
1157,41,46:790,1,118;443,1,138;226,1,72;618,1,195;394,1,129;792,1,76;238,1,369;41,1,81;400,1,271;560,3,131,156,243;64,1,357;71,1,212;892,1,35;75,1,133;637,1,37;253,1,174;408,2,138,149;87,1,133;92,1,27;491,1,79;104,1,84;642,1,125;940,1,68;107,1,145;494,1,211;646,1,143;111,1,29;129,1,119;856,1,224;658,1,85;422,1,93;353,1,116;663,1,41;717,1,149;165,2,58,87;166,1,116;739,1,112;388,1,122;600,1,30;602,2,138,208;879,1,189
1158,47,53:790,1,121;605,1,131;444,2,55,116;232,1,157;549,1,402;22,1,92;777,1,77;40,1,69;399,1,56;42,1,227;627,1,38;50,1,140;837,1,78;632,1,80;634,1,44;315,1,78;470,1,29;477,1,83;974,1,176;806,1,114;95,1,72;809,1,134;491,1,108;412,2,67,204;119,1,200;747,1,104;129,1,103;612,1,60;132,1,228;658,1,179;660,3,15,34,60;516,1,155;357,1,39;155,1,78;587,1,139;156,1,246;158,1,204;916,2,32,49;172,1,192;174,1,276;531,1,92;176,1,230;739,1,56;533,1,65;198,1,190;385,1,94;786,2,101,172
1159,24,26:790,1,123;617,1,83;16,1,54;17,1,153;45,1,64;400,1,59;606,1,160;634,1,159;940,1,49;119,1,168;577,1,126;732,1,206;135,1,85;582,1,71;353,1,119;357,1,122;517,2,159,222;289,2,62,106;865,1,16;721,1,34;201,1,41;208,1,75;543,1,113;221,1,240
1160,1,1:790,1,126
1161,1,1:790,1,128
1162,4,4:790,1,135;20,1,161;33,1,192;295,1,239
1163,78,116:790,1,139;605,1,58;14,1,216;725,1,48;446,1,78;322,1,28;20,1,164;955,1,18;27,1,141;453,1,121;454,1,109;237,1,77;624,1,134;673,1,28;238,1,75;42,1,259;240,2,145,263;52,1,184;242,1,143;243,1,87;796,3,2,15,41;310,3,4,9,37;65,2,3,13;778,3,37,53,184;251,1,60;932,1,202;809,1,151;940,1,38;494,1,173;941,2,3,10;117,1,107;120,1,165;649,6,141,150,222,252,263,283;500,1,156;131,2,273,306;504,1,206;971,2,30,57;507,1,53;509,2,2,10;512,1,129;139,1,63;140,2,166,171;423,1,330;266,1,72;514,1,124;277,2,82,141;972,2,143,160;162,1,258;369,2,12,42;169,3,73,83,84;171,2,4,21;374,1,86;284,2,128,178;285,1,157;286,4,3,11,143,159;174,1,136;288,1,156;530,1,54;289,1,126;290,2,156,181;818,1,141;862,2,206,231;182,1,118;912,1,223;864,1,69;889,2,132,172;866,1,142;378,4,1,20,85,87;430,2,13,33;194,1,59;998,1,32;872,1,173;197,2,78,182;199,1,43;305,1,205;218,2,3,25;306,2,132,203;221,1,147
1164,7,14:392,1,31;837,2,63,89;257,5,120,223,236,243,257;648,3,4,13,53;152,1,219;748,1,79;306,1,85
1165,12,14:392,1,34;231,1,154;557,1,150;628,2,50,141;838,1,158;252,1,222;608,1,133;344,1,145;118,1,82;691,1,91;270,1,281;281,2,178,187
1166,23,49:392,1,37;979,3,4,16,34;16,4,8,21,61,115;547,6,11,22,26,141,333,355;396,1,212;447,1,120;459,3,90,110,153;398,2,145,160;403,1,60;838,1,203;674,1,36;677,4,25,43,128,158;512,1,49;422,3,8,19,27;266,1,59;587,1,38;743,2,7,19;425,5,8,20,34,72,94;158,3,47,112,116;291,1,67;601,1,38;543,1,87;953,2,7,18
1167,39,42:392,1,60;752,1,131;232,2,136,165;23,1,100;551,1,124;686,1,143;699,1,236;29,1,116;325,1,155;459,1,188;727,1,157;250,1,135;314,1,190;948,1,95;808,1,210;97,1,253;344,1,146;571,1,62;884,1,54;689,1,115;122,1,119;731,1,132;653,1,102;350,1,153;580,1,93;658,2,51,138;584,1,175;144,1,202;270,1,252;362,2,131,217;277,1,138;158,1,299;592,1,86;669,1,78;912,1,49;192,1,144;537,1,89;724,1,239;748,1,63
1168,45,93:392,1,75;393,5,6,17,34,78,163;15,1,163;17,2,65,97;954,1,58;826,2,30,59;673,1,59;626,4,49,86,121,202;239,2,155,215;57,2,67,92;403,2,152,177;779,1,194;91,4,16,35,69,73;98,1,188;705,1,96;707,2,111,144;611,5,7,22,78,121,184;650,1,121;827,3,64,88,140;904,1,18;512,1,203;421,1,103;360,4,26,55,110,237;154,3,12,34,77;274,1,119;586,1,129;364,1,124;427,4,6,22,38,53;817,1,66;371,1,95;172,1,135;286,4,7,15,18,90;174,2,101,142;529,1,118;287,3,8,35,62;288,3,9,42,75;289,2,10,21;381,3,12,25,45;434,1,89;973,1,72;303,1,107;304,4,6,23,51,71;305,3,7,28,56;307,3,15,47,78;220,1,31
1169,40,61:392,1,76;393,1,79;621,1,158;241,1,102;55,1,152;246,1,56;467,1,163;779,4,140,173,230,239;566,4,71,80,88,145;95,1,95;344,1,93;256,4,93,125,260,299;611,4,8,23,122,185;970,1,43;349,2,180,191;652,3,96,148,213;732,1,105;782,3,7,17,68;511,1,99;733,2,129,213;421,1,104;662,2,82,97;270,1,389;356,1,116;360,1,81;274,1,209;589,2,170,183;368,1,104;280,1,179;720,1,58;862,1,204;867,2,52,64;193,1,60;670,1,185;739,1,128;197,1,172;434,1,90;602,1,423;303,1,203;786,1,117
1170,9,10:392,1,81;488,1,94;107,1,116;781,1,127;132,1,148;511,1,85;136,1,115;158,1,308;162,2,84,234
1171,13,17:392,1,97;697,1,71;452,1,86;259,1,92;126,2,4,13;710,1,56;587,2,100,209;428,1,84;284,1,203;917,1,31;180,1,160;187,1,96;191,3,48,95,107
1172,11,11:392,1,151;617,1,48;14,1,154;48,1,26;58,1,219;485,1,81;348,1,26;135,1,71;657,1,111;138,1,138;151,1,238
1173,26,28:392,1,154;443,1,358;460,1,96;463,2,98,168;50,1,112;836,1,78;242,1,262;797,1,71;727,1,261;401,2,51,91;72,1,98;315,1,89;608,1,107;948,1,39;115,1,46;707,1,66;652,1,184;691,1,81;677,1,210;279,1,136;171,1,95;870,1,17;317,1,156;298,1,19;390,1,176;306,1,280
1174,5,7:392,1,159;605,2,73,132;30,1,98;311,1,159;649,2,122,165
1175,25,36:831,3,3,11,31;797,1,24;64,1,389;71,1,127;72,1,53;339,1,123;765,1,93;608,1,88;638,1,59;256,2,9,32;101,3,13,27,174;496,2,12,32;648,2,1,10;114,2,2,10;120,1,196;123,1,67;129,1,120;713,3,4,14,132;161,2,24,82;166,1,117;181,1,139;596,1,30;432,1,167;201,1,104;203,1,184
1176,12,18:831,2,5,13;954,1,53;399,1,149;730,1,90;677,1,94;829,1,82;908,1,190;217,4,8,22,46,84;218,2,5,27;786,2,18,38;825,1,32;616,1,47
1177,1,2:831,2,6,14
1178,8,9:831,1,25;13,1,70;231,1,180;456,2,192,209;325,1,26;333,1,49;355,1,55;863,1,25
1179,8,8:831,1,27;232,1,172;83,1,77;101,1,254;570,1,65;104,1,157;119,1,147;889,1,40
1180,4,4:831,1,28;393,1,150;406,1,68;114,1,79
1181,54,135:831,2,33,72;954,3,2,14,85;26,2,7,17;453,2,127,154;626,2,5,11;47,5,20,42,59,75,85;243,1,142;53,1,194;333,1,118;247,3,14,32,53;251,3,11,27,63;965,3,9,20,41;473,3,7,23,41;636,3,10,21,25;898,3,3,9,22;638,1,119;490,1,116;256,1,74;100,2,4,12;609,4,6,21,42,83;493,1,231;107,4,10,22,40,170;705,5,6,14,42,52,76;746,4,2,13,26,84;110,4,4,13,29,106;114,5,5,13,23,32,73;499,1,84;707,3,6,21,97;575,5,5,17,26,95,119;265,1,47;151,1,176;276,3,6,28,53;815,2,1,10;280,1,276;282,5,2,18,22,38,74;376,2,13,28;284,2,4,33;285,3,19,39,188;526,1,453;595,2,18,37;527,2,4,14;172,7,7,25,56,152,177,202,228;291,2,91,184;533,2,52,122;998,3,5,11,31;819,1,57;433,3,3,11,29;383,2,10,21;384,2,304,342;385,1,97;386,2,5,20;202,3,18,37,68;203,1,378;390,3,9,36,60
1182,10,10:831,1,46;36,1,247;44,1,126;463,1,126;240,1,222;310,1,123;966,1,58;412,1,51;345,1,184;364,1,132
1183,2,2:831,1,49;858,1,51
1184,15,15:831,1,70;230,1,125;232,1,331;950,1,22;933,1,74;104,1,122;119,1,232;128,1,104;652,1,180;512,1,258;587,1,198;165,1,51;433,1,243;213,1,64;604,1,237
1185,10,10:831,1,85;550,1,85;449,1,81;25,1,24;469,1,38;473,1,143;255,1,51;905,1,48;269,1,118;908,1,117
1186,38,107:393,8,10,21,30,46,87,105,145,160;13,1,138;17,10,8,22,42,70,78,102,127,146,170,194;44,3,47,72,168;400,4,111,154,204,311;627,4,4,15,46,50;329,4,7,28,63,161;241,5,4,24,51,144,166;251,1,59;407,1,151;608,1,243;481,1,36;898,2,69,103;98,1,86;100,1,62;101,4,44,91,244,265;491,4,14,28,58,131;675,5,22,33,189,209,220;103,2,9,20;106,1,67;107,4,2,14,98,108;746,1,96;643,2,20,45;108,9,9,20,30,59,72,89,111,148,158;110,2,33,49;114,1,25;707,4,10,25,36,115;575,1,32;506,2,135,190;677,1,144;151,2,89,196;517,2,66,120;663,1,25;518,2,11,36;681,3,16,38,107;363,3,2,5,22;433,3,27,51,211;388,1,180
1187,24,25:393,1,36;618,1,185;752,1,254;832,1,31;687,1,117;239,1,280;928,1,108;42,1,232;563,1,33;337,1,117;646,1,134;572,1,139;263,1,175;129,1,172;132,1,175;361,1,85;277,1,216;159,1,125;279,1,64;166,1,105;862,1,56;877,1,56;602,2,132,368;603,1,77
1188,38,43:393,1,40;697,1,46;618,1,48;227,1,85;792,1,115;228,1,171;548,1,70;621,1,90;622,1,190;29,1,27;555,1,140;956,1,21;606,1,79;630,1,129;67,1,76;337,1,31;338,1,56;97,2,99,161;100,1,110;642,1,30;115,1,24;649,1,82;851,1,43;905,1,64;350,1,30;421,1,169;829,1,95;518,1,211;681,1,131;155,2,7,25;520,1,58;316,1,341;889,1,149;532,2,11,31;872,1,30;300,1,36;879,2,112,151;616,2,6,20
1189,31,45:393,1,52;620,2,4,14;465,1,50;628,1,170;242,1,188;797,3,2,9,28;402,1,104;250,1,104;314,2,148,235;636,2,37,68;608,1,132;100,3,21,119,131;845,1,41;417,1,30;731,1,101;144,1,157;150,2,139,156;520,1,81;162,1,73;720,1,62;614,1,98;374,4,3,18,36,109;375,1,42;285,1,262;377,2,3,16;286,1,123;183,1,222;184,1,33;186,1,76;429,3,7,17,35;191,1,86
1190,7,7:393,1,53;557,1,140;762,1,220;80,1,199;641,1,94;144,1,339;214,1,144
1191,5,6:393,1,57;244,1,69;899,1,88;858,2,93,114;589,1,45
1192,20,22:393,1,70;394,1,121;458,1,68;980,1,38;327,1,42;311,1,318;249,3,3,15,40;633,1,57;473,1,121;252,1,86;974,1,147;254,1,56;570,1,137;118,1,26;506,1,111;147,1,29;360,1,142;695,1,55;297,1,32;210,1,29
1193,60,129:393,2,74,97;620,1,37;395,1,46;792,1,80;548,1,85;832,1,92;551,1,94;452,1,47;456,11,5,17,61,133,177,206,224,243,271,302,322;30,1,60;757,1,35;35,2,38,66;758,3,72,86,156;759,3,5,13,64;463,2,4,8;557,2,176,191;241,1,241;465,4,53,108,172,183;52,1,121;401,1,83;247,2,223,237;631,2,37,170;800,2,3,11;249,2,9,21;741,1,33;314,7,3,22,43,90,110,213,216;635,1,79;762,1,31;76,2,6,12;636,4,8,19,71,92;81,3,5,17,46;742,2,87,199;966,4,82,90,95,100;842,3,3,6,78;92,6,9,22,41,64,70,97;638,1,112;746,1,80;413,3,1,5,57;496,3,20,40,61;573,3,7,21,82;110,1,41;114,1,97;848,3,14,38,51;130,1,235;511,1,61;853,3,14,28,47;679,1,53;269,1,37;271,1,136;272,1,146;154,1,161;375,1,294;526,4,4,26,49,606;286,1,67;188,1,218;433,4,8,16,43,178;384,2,76,285;597,2,120,133;824,1,115;787,4,51,77,109,141
1194,10,13:393,2,75,95;726,1,131;34,3,5,20,105;38,1,268;43,1,235;247,1,226;915,1,124;417,1,103;130,1,236;515,1,88
1195,38,48:393,1,85;698,1,92;17,2,5,19;19,1,84;232,1,145;834,1,180;701,2,38,49;56,1,301;332,1,207;58,1,84;838,1,173;68,1,162;339,1,194;474,1,205;636,1,65;82,1,128;343,1,67;257,2,146,190;609,1,76;101,1,214;984,1,51;732,1,189;505,1,127;508,1,84;712,1,27;855,1,52;856,2,9,21;585,2,103,121;149,1,38;156,1,198;157,1,183;168,1,40;285,1,275;292,3,227,264,295;295,2,265,272;207,1,201;683,1,35;221,3,90,162,172
1196,23,33:393,1,89;12,1,89;25,1,126;552,2,207,219;325,3,9,18,43;397,1,106;33,1,214;35,1,101;57,1,56;934,1,61;77,1,204;608,2,35,61;569,2,45,50;992,1,53;499,1,72;707,1,56;141,1,131;156,1,207;157,1,144;281,3,118,162,185;290,1,111;175,2,159,162;537,3,8,22,68
1197,15,18:393,1,91;983,1,91;957,1,101;163,2,37,139;720,2,30,44;176,1,131;178,1,198;864,1,59;293,1,71;189,1,186;695,1,45;721,1,61;961,1,93;821,2,97,202;883,1,63
1198,5,5:393,1,100;23,1,136;72,1,81;423,1,64;738,1,65
1199,3,5:393,1,117;261,3,8,22,52;360,1,214
1200,1,1:393,1,127
1201,51,57:393,1,165;448,1,187;954,3,93,125,132;456,1,79;626,1,243;964,1,93;980,1,32;327,1,353;437,1,83;560,2,162,224;336,1,88;802,1,28;472,1,110;839,1,79;608,1,246;86,1,59;89,1,129;341,1,44;255,1,97;343,1,225;767,1,15;99,1,180;571,1,230;642,2,122,166;610,1,106;107,1,115;260,1,145;647,1,72;811,1,134;120,1,295;732,1,181;129,2,105,116;130,1,71;507,1,38;135,1,25;657,1,91;359,2,133,171;364,1,183;366,1,29;370,1,33;816,1,106;593,1,43;525,1,115;736,1,82;536,1,139;383,1,96;386,1,95;945,1,15;208,1,95;602,1,291;953,1,47
1202,104,160:605,1,17;14,1,106;725,1,75;446,1,51;19,1,143;20,1,70;27,1,92;673,1,44;36,4,165,174,201,255;239,2,100,213;462,1,18;928,1,66;44,1,79;327,1,271;241,1,289;52,4,4,14,165,246;243,1,104;796,1,73;58,1,79;247,1,44;778,3,2,10,49;250,1,64;72,1,101;339,3,16,35,130;473,3,125,334,432;84,1,31;742,1,217;343,1,224;843,2,65,83;809,1,71;491,1,151;493,1,72;116,2,10,20;117,3,2,22,146;261,1,59;499,2,86,109;119,1,114;575,1,93;652,1,75;129,1,43;709,2,196,201;613,1,139;771,1,33;853,2,71,80;420,1,35;513,2,5,21;138,1,89;139,4,70,71,172,194;144,1,90;270,2,142,145;150,2,3,10;151,2,48,154;517,7,2,18,37,72,137,155,204;273,1,249;743,1,25;276,1,67;278,1,161;157,1,115;365,1,119;519,1,151;520,2,71,165;367,2,26,44;369,2,114,129;280,1,350;166,1,88;861,1,51;373,1,74;316,2,158,367;375,2,93,155;595,2,9,28;527,1,21;286,3,100,109,135;528,2,63,210;529,1,136;287,1,84;288,1,97;291,2,86,244;175,1,104;176,1,113;178,1,62;180,1,108;182,1,140;912,1,90;864,5,4,13,22,83,88;889,1,109;187,1,154;188,1,236;295,1,106;192,1,60;596,3,27,46,159;194,1,70;380,1,18;197,1,61;382,1,132;536,3,34,143,182;298,3,2,8,14;203,1,79;204,2,418,431;946,3,3,20,37;305,1,166;306,1,96;307,1,97;221,1,61;546,1,49
1203,3,5:605,1,63;56,1,55;144,3,96,187,303
1204,19,22:605,2,64,118;696,1,82;448,1,165;826,1,65;552,1,182;29,1,34;325,1,185;238,1,40;333,1,35;78,1,93;82,2,7,18;960,1,24;93,1,86;746,1,71;120,2,113,346;773,1,67;386,1,105;299,1,256;219,1,102
1205,52,121:605,2,65,119;224,3,5,13,84;617,7,9,22,38,52,64,101,126;227,1,138;229,1,151;549,2,339,444;22,1,202;699,3,140,156,213;27,5,13,26,39,168,207;454,3,13,30,54;397,1,142;928,1,96;41,1,109;47,2,95,257;628,1,218;56,2,266,280;560,3,49,104,189;403,1,265;404,2,105,117;71,1,85;635,1,158;78,3,26,81,127;779,1,90;84,2,60,93;840,2,10,20;409,1,145;569,5,66,68,71,75,78;97,6,89,150,168,180,215,310;915,1,126;109,1,135;120,4,9,25,86,331;501,2,8,27;126,1,101;851,1,121;827,3,14,33,69;506,1,57;771,1,146;510,6,5,19,36,70,150,172;515,1,31;158,2,7,27;280,1,238;281,5,6,30,50,146,207;172,5,11,29,71,81,114;531,1,133;600,3,65,106,120;877,3,64,86,103;914,1,80;538,4,12,32,66,315;210,1,45;878,1,29;221,6,13,42,95,142,157,175;546,2,16,40
1206,13,19:605,1,71;461,1,83;487,2,37,205;423,1,356;151,1,194;519,3,180,215,223;426,2,79,157;161,2,27,85;524,1,214;316,1,406;174,1,265;722,1,53;304,2,105,128
1207,28,63:605,4,75,134,149,161;620,1,82;322,3,10,20,124;230,4,18,39,98,297;448,2,145,226;21,8,8,16,192,210,216,235,272,288;963,1,101;700,1,249;30,1,100;554,7,7,14,64,74,96,124,264;31,1,75;238,1,337;34,2,240,254;51,2,68,99;727,7,6,19,30,41,94,138,154;702,1,188;950,2,4,12;76,1,102;90,1,33;650,1,66;127,1,74;128,1,106;516,1,176;277,1,94;670,1,207;820,1,24;876,1,112;604,5,71,103,121,200,236
1208,5,5:605,1,76;42,1,89;59,1,335;96,1,134;97,1,83
1209,32,36:605,1,81;443,2,144,165;834,1,325;46,1,183;327,2,211,216;52,1,310;69,1,195;71,1,122;704,1,181;475,1,133;607,2,192,238;78,1,71;82,1,103;83,1,97;494,1,232;117,1,171;130,1,181;504,1,245;656,1,124;733,1,228;266,1,116;353,1,45;524,1,173;736,1,235;668,1,221;316,1,76;375,1,64;285,2,102,126;889,1,167;192,1,47;195,1,70;212,1,56
1210,45,56:605,1,84;227,1,194;620,1,53;230,1,104;448,1,47;450,1,63;626,2,113,192;459,2,141,232;398,2,36,184;557,1,77;437,2,243,248;52,1,36;796,1,86;53,2,109,228;246,1,94;932,1,90;476,1,79;843,1,132;106,1,161;811,1,41;848,1,40;123,1,48;709,1,125;508,1,48;423,1,194;907,1,135;266,1,128;357,1,32;151,2,121,188;153,1,136;519,1,78;588,1,73;161,1,103;908,1,73;665,2,50,65;167,3,21,50,60;171,1,61;191,1,81;380,1,64;991,1,63;385,1,99;599,1,34;206,3,4,19,37;600,1,153;973,1,88
1211,2,2:605,1,86;229,1,81
1212,31,36:605,1,88;791,3,70,128,136;19,1,62;235,1,68;554,1,19;626,1,176;459,1,112;437,1,169;244,1,103;606,1,57;60,1,75;761,1,83;473,3,116,267,403;82,1,181;484,1,31;807,1,90;609,1,104;108,1,272;119,1,83;906,1,80;360,1,259;271,1,118;276,1,89;783,1,171;591,1,28;375,1,185;526,1,440;181,1,95;184,2,59,104;973,1,93;604,1,245
1213,40,53:605,1,90;696,1,138;618,1,153;19,1,105;229,1,89;448,1,220;23,1,49;454,1,162;238,1,99;42,2,115,206;240,1,98;797,1,127;481,1,110;489,1,52;92,3,5,18,37;256,1,254;496,3,16,36,57;108,1,65;116,2,27,69;731,1,99;130,1,209;677,1,168;140,1,218;270,4,89,258,263,293;148,1,220;664,4,106,123,130,135;271,1,169;272,1,184;587,1,129;277,1,86;426,1,191;718,1,60;281,1,129;434,1,86;214,1,129;303,1,196;749,1,64;825,2,112,140;219,1,134;546,1,97
1214,2,2:605,1,95;403,1,69
1215,1,1:605,1,100
1216,19,21:605,1,101;225,1,61;15,1,137;36,1,191;758,1,48;44,1,343;52,1,217;67,3,106,141,157;339,1,201;251,1,87;81,1,137;609,1,31;121,1,266;127,1,50;131,1,248;664,1,83;524,1,63;527,1,63;307,1,225
1217,3,3:605,1,121;606,1,122;503,1,108
1218,4,5:605,2,123,141;108,1,103;120,1,322;285,1,204
1219,2,2:605,1,129;230,1,277
1220,11,11:605,1,145;444,1,69;16,1,92;325,1,190;632,1,260;315,1,91;571,1,95;734,1,190;521,1,89;525,1,73;193,1,159
1221,15,16:605,1,157;618,1,160;394,1,71;752,1,183;229,1,101;687,1,142;493,1,185;810,1,104;847,1,32;117,1,87;120,2,58,373;270,1,216;316,1,179;526,1,271;390,1,234
1222,43,63:605,1,160;696,1,63;791,2,134,145;446,1,106;230,1,308;549,2,398,415;448,1,245;27,1,241;459,2,238,280;239,1,305;556,3,156,165,187;53,1,46;247,2,149,165;761,1,144;403,4,179,192,230,422;68,1,120;473,1,308;100,1,32;609,1,114;411,1,123;689,2,83,129;126,1,143;652,1,93;138,1,107;585,3,152,192,194;144,2,169,321;270,2,207,402;271,2,217,231;274,2,191,233;587,1,165;158,2,246,318;519,1,122;426,3,169,172,178;165,1,46;694,1,144;316,1,398;285,1,162;291,1,163;207,1,311;303,2,180,209;305,1,151;306,1,178;219,1,231
1223,24,27:605,1,164;14,2,114,208;686,1,130;457,1,108;459,1,273;239,1,222;400,1,257;468,1,154;472,1,112;762,1,160;75,1,513;90,2,40,83;102,1,214;502,1,96;690,1,125;856,2,90,99;362,1,196;157,1,159;290,1,170;175,1,144;179,1,70;918,1,66;295,1,162;961,1,138
1224,22,25:10,2,5,12;445,1,168;229,3,68,95,134;22,1,137;35,1,40;461,1,42;927,1,56;241,1,270;628,1,131;332,1,197;247,1,82;799,1,135;741,1,59;85,1,30;899,1,62;134,1,163;661,1,38;278,1,102;374,1,111;285,1,177;874,1,112;434,1,40
1225,2,2:10,1,25;303,1,143
1226,19,27:10,1,31;322,1,58;230,1,119;234,1,60;33,1,182;726,2,7,19;40,1,116;727,1,52;311,1,467;468,1,63;68,1,110;69,1,123;709,1,34;511,1,13;273,6,10,38,96,138,168,241;430,1,69;191,3,5,12,44;973,1,127;604,1,45
1227,2,2:10,1,33;709,1,36
1228,18,20:10,1,38;443,2,296,399;955,1,30;834,1,163;794,1,61;42,1,101;44,2,178,270;797,1,92;479,1,91;986,1,42;653,1,82;132,1,47;772,1,70;357,1,87;159,1,155;375,1,300;527,1,76;786,1,198
1229,24,24:10,1,41;235,1,94;777,1,88;47,1,185;311,1,346;81,1,65;939,1,41;342,1,130;106,1,33;577,1,90;902,1,54;652,1,168;664,1,38;518,1,89;682,1,58;426,1,101;614,1,34;526,1,127;530,1,32;958,1,67;430,1,138;382,1,73;384,1,301;879,1,200
1230,9,10:10,1,57;461,1,67;629,2,180,200;606,1,109;314,1,107;121,1,222;128,1,146;781,1,59;519,1,511
1231,20,24:10,1,60;442,1,74;231,1,194;454,1,124;687,1,83;243,1,128;629,1,203;311,2,201,252;65,1,30;880,1,64;487,1,328;102,3,16,35,61;845,1,32;103,1,64;810,2,13,29;884,1,374;350,1,245;588,1,37;161,1,43;738,1,69
1232,19,25:10,1,63;231,1,330;326,1,150;36,2,146,237;629,1,193;339,1,90;75,1,125;676,1,72;261,1,102;416,1,117;649,2,172,251;579,1,74;849,5,10,23,36,62,82;677,1,81;148,1,104;149,1,40;279,1,86;375,1,221;212,1,66
1233,17,17:10,1,71;325,1,118;35,1,131;464,1,122;437,1,225;63,1,73;64,1,451;314,1,126;578,1,72;651,1,166;781,1,156;134,1,121;162,1,108;590,1,77;316,1,403;204,1,440;953,1,64
1234,1,1:10,1,75
1235,9,9:10,1,78;63,1,83;892,1,31;651,1,168;360,1,253;682,1,105;162,1,109;316,1,415;299,1,48
1236,1,5:11,5,2,16,56,101,131
1237,19,30:11,5,6,20,94,171,271;19,1,50;436,2,186,201;777,1,45;314,1,114;339,2,18,37;678,1,74;158,1,101;519,3,182,231,406;916,2,39,74;367,1,48;951,1,165;371,2,11,32;171,1,200;961,2,61,122;821,1,75;381,1,61;383,1,120;386,1,108
1238,7,17:11,2,7,21;793,3,9,20,30;833,3,8,17,42;437,3,229,244,249;343,2,198,211;709,3,21,84,119;169,1,111
1239,13,30:11,7,10,24,69,123,150,191,233;19,2,35,95;436,3,77,93,217;625,1,34;91,1,81;709,2,200,226;273,2,98,199;519,6,7,15,28,68,253,436;520,1,47;522,1,47;161,1,115;199,1,53;540,2,60,106
1240,23,49:11,4,13,27,32,192;13,2,62,79;436,5,1,7,13,126,162;551,1,164;624,1,75;795,1,186;465,1,33;606,1,96;405,1,43;747,1,74;125,1,71;423,1,249;516,1,36;972,1,104;520,1,68;521,3,37,73,121;160,1,25;951,1,61;183,5,36,52,85,125,201;184,1,28;185,5,3,13,25,56,181;876,9,2,4,6,8,55,58,60,71,158;615,1,32
1241,2,3:11,1,45;19,2,32,54
1242,13,18:11,3,46,202,229;322,1,61;19,1,55;241,1,105;62,1,70;771,1,44;138,1,70;519,1,400;520,2,43,96;522,1,45;369,3,6,36,76;187,1,65;390,1,99
1243,5,7:11,1,47;436,2,215,224;631,1,114;273,2,12,40;876,1,144
1244,1,1:11,1,53
1245,3,4:11,1,55;436,2,23,88;551,1,32
1246,5,6:11,2,59,88;487,1,310;170,1,147;372,1,143;292,1,258
1247,3,3:11,1,65;437,1,309;677,1,100
1248,2,3:11,2,67,268;39,1,138
1249,2,4:11,3,70,124,151;19,1,96
1250,6,7:11,2,73,257;488,1,218;969,1,57;527,1,109;958,1,119;541,1,211
1251,8,14:11,2,77,85;56,1,179;674,1,102;480,2,143,164;256,1,382;845,1,80;270,1,381;283,5,59,114,126,142,186
1252,5,5:11,1,79;901,1,35;141,1,49;517,1,101;155,1,340
1253,29,55:11,1,87;231,1,118;755,2,30,107;756,1,44;398,2,121,125;468,3,13,34,64;760,2,28,33;761,3,16,42,67;402,3,45,120,186;469,1,90;480,2,139,169;982,4,10,25,39,63;843,3,5,17,30;770,1,36;349,2,90,120;350,1,209;771,1,201;358,1,49;271,1,119;274,2,133,228;361,1,152;518,1,143;371,1,55;283,5,57,107,119,138,184;316,1,352;531,1,24;295,1,112;200,3,9,20,45;946,4,10,27,44,97
1254,13,17:11,1,93;752,1,149;626,1,248;248,1,72;64,1,251;842,1,19;957,3,11,31,58;115,1,152;363,1,11;737,1,29;868,1,48;301,3,3,12,64;879,1,211
1255,2,2:11,1,95;771,1,45
1256,1,1:11,1,99
1257,19,35:11,1,102;321,2,4,19;56,1,137;703,1,87;766,1,110;257,5,10,28,74,77,152;730,2,38,161;350,5,3,16,34,67,272;141,1,136;270,2,168,315;155,1,252;859,3,19,64,178;666,4,6,19,56,131;316,1,256;531,1,164;943,1,69;944,1,43;873,1,64;384,1,53
1258,8,9:11,1,110;686,1,151;777,1,37;52,1,320;356,2,176,234;298,1,29;722,1,66;308,1,135
1259,38,55:11,2,111,142;328,2,37,58;329,1,131;437,3,209,253,262;52,2,299,321;59,1,89;247,1,104;341,1,125;569,1,47;257,1,73;123,1,54;508,3,3,18,32;677,1,163;513,1,85;270,2,158,221;356,1,130;149,1,75;663,1,72;275,1,89;681,3,15,37,57;155,1,310;158,3,19,39,63;279,1,100;280,1,253;282,1,104;171,2,75,177;375,1,224;284,1,144;818,1,92;531,1,21;291,1,169;175,3,15,41,75;384,1,59;202,1,48;203,1,84;538,2,45,173;221,1,81;546,2,134,198
1260,20,22:11,1,118;436,1,97;449,1,68;401,1,27;930,1,56;64,1,61;957,1,105;490,1,88;493,1,79;111,1,158;125,2,74,78;133,1,223;584,1,260;354,1,38;360,2,7,36;693,1,72;526,1,209;286,1,69;174,1,122;876,1,146
1261,17,46:11,1,121;19,2,59,109;437,6,3,6,18,232,299,311;332,4,24,48,92,136;702,2,164,180;340,2,56,74;948,1,91;97,2,72,293;99,2,14,36;900,2,2,17;652,7,60,87,109,117,134,194,202;732,4,52,122,158,223;263,2,136,190;134,1,161;369,3,18,48,104;171,1,136;198,4,11,22,135,154
1262,14,24:11,2,126,128;19,2,89,121;327,6,34,134,145,183,324,329;123,1,28;985,1,41;151,1,193;517,1,131;163,1,228;523,2,84,109;367,1,132;372,2,20,40;865,1,80;187,1,172;533,2,143,164
1263,1,1:11,1,127
1264,1,1:11,1,134
1265,8,9:11,2,136,161;461,1,26;73,1,203;638,1,96;118,1,144;707,1,119;378,1,70;433,1,227
1266,1,1:11,1,141
1267,16,29:11,1,143;921,1,58;709,1,116;521,2,9,23;160,2,2,9;162,1,261;951,2,2,12;183,2,2,15;184,3,3,9,15;186,2,5,15;774,2,12,30;952,3,7,19,39;722,1,30;199,2,6,20;991,2,1,7;301,2,1,10
1268,17,28:11,1,146;224,2,1,9;241,1,203;246,3,6,26,52;337,1,154;404,1,116;473,1,330;409,3,3,14,148;515,2,68,85;148,3,14,31,102;149,1,94;276,2,64,112;280,1,333;281,2,55,60;170,1,115;298,1,54;616,2,110,161
1269,10,21:11,2,149,209;446,1,56;312,1,74;767,3,1,7,34;921,1,123;102,3,18,37,63;730,5,10,25,43,135,203;903,2,5,15;141,2,5,17;170,1,113
1270,2,2:11,1,172;417,1,137
1271,13,13:11,1,176;619,1,137;698,1,172;548,1,99;48,1,68;802,1,62;412,1,177;846,1,90;352,1,48;816,1,68;176,1,79;872,1,47;299,1,110
1272,32,37:11,1,178;14,1,139;20,1,99;954,1,109;452,1,40;26,1,51;29,2,141,155;794,1,7;464,1,108;242,1,263;634,1,234;839,1,67;766,1,88;344,1,216;977,1,31;645,1,113;494,1,170;649,1,281;582,1,133;857,1,71;993,1,37;151,1,73;154,1,107;273,1,128;155,1,200;525,1,97;375,1,99;818,1,126;187,2,133,236;188,2,172,211;189,3,20,50,68;946,1,85
1273,13,14:11,1,182;228,2,68,230;22,1,25;964,1,15;329,1,73;51,1,91;779,1,109;915,1,65;811,1,31;356,1,221;316,1,23;183,1,29;945,1,45
1274,1,3:11,3,186,201,227
1275,27,28:11,2,190,213;396,1,279;20,1,25;623,1,97;826,1,74;625,1,13;37,1,27;47,1,47;60,1,23;762,1,52;253,1,31;408,1,25;948,1,66;409,1,30;843,1,58;845,1,17;648,1,37;970,1,29;503,1,35;852,1,35;364,1,227;365,1,122;667,1,33;286,1,95;976,1,31;204,1,410;787,1,94
1276,26,40:11,2,193,278;979,1,96;228,1,80;33,4,44,57,72,117;242,1,40;243,1,135;123,1,55;133,1,91;582,1,109;138,1,143;659,1,85;151,5,242,247,265,281,297;587,1,63;159,1,69;520,3,119,153,178;522,1,28;951,2,25,83;167,1,266;183,1,83;184,1,152;185,3,70,82,94;186,1,28;380,1,56;199,2,97,100;784,1,48;386,1,109
1277,3,3:11,1,196;105,1,115;493,1,67
1278,5,12:11,1,205;860,3,16,35,60;178,1,202;183,3,13,26,67;184,4,60,74,105,184
1279,6,9:11,1,210;446,1,57;105,1,137;292,1,104;615,3,5,14,35;991,2,3,9
1280,9,14:11,1,218;13,1,61;487,4,5,13,25,248;966,1,10;572,1,124;126,1,60;151,3,241,280,296;774,1,77;870,1,24
1281,18,34:11,1,238;322,1,71;19,1,147;673,1,26;465,1,28;932,1,79;350,1,79;270,7,75,163,212,228,260,285,407;427,2,61,142;372,5,12,32,54,58,105;171,2,48,201;528,1,240;174,3,4,23,277;529,1,128;530,3,48,167,192;295,1,118;378,1,45;946,1,50
1282,15,16:11,1,241;954,1,107;554,1,60;45,1,136;628,1,179;798,1,27;63,2,46,62;475,1,60;407,1,161;491,1,159;642,1,179;649,1,118;377,1,61;531,1,106;596,1,93
1283,13,13:11,1,265;232,1,412;236,1,164;36,1,212;628,1,87;247,1,253;99,1,197;506,1,75;361,1,99;816,1,109;298,1,51;212,1,171;214,1,51
1284,3,3:11,1,274;270,1,333;162,1,251
1285,5,5:11,1,275;777,1,152;268,1,85;150,1,74;277,1,37
1286,20,38:11,1,281;236,3,153,201,249;557,2,59,131;992,3,2,13,82;681,2,83,95;520,1,62;160,1,20;951,2,23,44;183,2,118,217;184,6,52,68,93,113,205,234;186,1,92;774,1,74;187,2,182,199;193,1,209;381,1,49;615,3,2,11,29;199,1,122;991,3,15,37,60;384,1,184;386,1,141
1287,8,9:696,1,34;834,2,171,273;52,1,187;54,1,154;422,1,44;163,1,56;178,1,102;882,1,81
1288,14,15:696,1,41;445,1,96;229,1,119;68,1,138;762,1,175;75,2,454,523;102,1,216;412,1,39;641,1,56;651,1,154;281,1,155;290,1,136;207,1,275;305,1,157
1289,12,13:696,1,44;226,1,112;726,1,91;245,1,113;487,1,287;411,1,126;116,1,41;649,1,195;121,1,86;747,2,131,140;512,1,108;973,1,105
1290,6,11:696,1,54;314,2,1,20;80,2,37,316;780,2,82,143;643,3,2,27,126;526,1,662
1291,3,3:696,1,60;23,1,119;314,1,178
1292,7,10:696,1,64;33,1,62;241,1,193;343,2,101,209;134,2,14,32;265,2,83,142;524,1,276
1293,8,8:696,1,75;58,1,58;250,1,83;119,1,152;526,1,445;862,1,230;178,1,96;212,1,126
1294,5,6:696,2,78,91;232,1,236;48,1,52;252,1,225;189,1,213
1295,20,23:696,1,79;396,2,202,276;606,1,142;249,1,55;404,1,81;73,1,41;105,1,125;108,1,246;121,1,202;264,1,159;734,1,42;658,1,147;516,1,72;162,2,42,138;286,1,92;187,1,40;429,2,2,12;195,1,10;299,1,107;390,1,271
1296,1,1:696,1,81
1297,1,1:696,1,105
1298,5,6:696,1,129;457,1,67;73,1,131;846,1,42;816,2,65,76
1299,11,11:696,1,135;17,1,74;322,1,198;29,1,184;311,1,107;478,1,226;99,1,113;656,1,116;888,1,33;604,1,131;306,1,172
1300,2,2:696,1,143;298,1,75
1301,5,5:696,1,150;491,1,165;859,1,16;202,1,131;220,1,144
1302,10,10:696,1,160;12,1,155;228,1,280;22,1,210;52,1,132;344,1,136;119,1,183;662,1,80;524,1,194;670,1,86
1303,14,34:224,2,2,10;229,1,160;628,2,111,146;409,2,4,15;96,4,14,31,51,127;97,1,81;412,1,40;415,3,5,21,42;747,1,69;123,1,74;131,7,7,20,55,106,318,369,392;138,4,5,27,92,116;268,3,9,31,62;151,2,197,219
1304,1,2:224,2,8,16
1305,1,1:224,1,25
1306,15,32:224,1,27;15,1,124;628,4,68,182,196,217;763,3,11,23,142;84,1,59;409,2,44,123;97,1,46;747,1,154;510,1,41;421,4,9,19,30,124;152,2,179,199;157,3,7,37,84;158,2,6,26;281,4,5,9,29,33;546,2,15,39
1307,2,3:224,2,37,151;683,1,169
1308,1,1:224,1,44
1309,18,21:224,1,46;956,1,48;557,1,86;311,1,118;82,1,63;566,1,121;936,1,144;478,1,69;842,1,72;915,1,163;501,1,83;651,1,197;132,1,142;285,1,146;595,2,135,143;202,1,149;600,3,55,94,125;218,1,64
1310,8,12:224,2,53,61;453,1,143;628,2,48,116;763,3,12,24,65;412,1,118;152,1,180;587,1,35;389,1,47
1311,19,22:224,1,65;548,1,157;699,1,220;700,1,189;554,1,90;51,1,211;401,3,122,128,155;252,1,193;255,1,45;992,1,88;413,1,14;942,1,35;136,1,39;316,1,428;526,2,178,260;527,1,112;818,1,84;430,1,62;604,1,65
1312,21,21:224,1,69;622,1,150;240,1,153;628,1,64;69,1,186;73,1,174;608,1,32;99,1,107;491,1,119;103,1,168;642,1,216;770,1,72;713,1,60;353,1,139;273,1,196;161,1,87;162,1,327;292,1,260;180,1,172;186,1,54;204,1,203
1313,4,4:224,1,76;446,1,119;229,1,125;279,1,108
1314,5,9:224,3,79,128,170;229,1,34;628,3,4,23,162;508,1,73;421,1,149
1315,15,39:224,1,95;548,1,224;834,1,200;458,3,11,26,47;777,1,46;757,1,65;474,2,159,173;762,3,13,26,67;75,6,325,387,421,448,519,589;92,2,13,26;644,1,98;962,5,6,16,31,68,93;428,3,24,51,83;591,6,9,18,27,59,94,117;816,3,10,20,45
1316,3,3:224,1,97;461,1,41;103,1,95
1317,22,27:224,1,99;19,2,3,11;548,2,41,95;323,1,147;777,1,195;48,1,298;797,1,98;57,1,173;402,1,172;73,1,63;802,1,99;567,1,89;408,1,62;966,1,7;411,1,17;570,1,102;495,3,10,27,66;574,1,60;852,2,3,18;682,1,80;908,1,136;181,1,47
1318,10,10:224,1,105;326,1,91;53,1,167;559,1,88;75,1,115;639,1,258;269,1,70;284,1,167;527,1,128;596,1,314
1319,11,17:224,1,106;17,1,81;560,4,48,172,179,188;59,1,210;74,1,99;704,1,157;742,1,103;574,1,42;122,1,44;506,2,53,56;887,3,41,49,72
1320,3,3:224,1,111;589,1,29;883,1,201
1321,6,7:224,1,112;455,2,23,51;311,1,184;884,1,302;146,1,127;883,1,202
1322,10,10:224,1,113;464,1,153;629,1,97;73,1,216;473,1,273;143,1,163;863,1,63;876,1,52;602,1,342;724,1,151
1323,3,3:224,1,119;236,1,115;938,1,60
1324,23,25:224,1,131;699,2,75,196;456,1,257;33,1,239;39,1,155;52,1,287;727,1,142;97,1,121;112,1,155;811,1,139;575,1,69;131,1,350;655,1,56;514,1,245;152,1,164;367,1,73;289,2,83,123;863,1,204;186,1,39;871,1,63;739,1,108;596,1,166;304,1,130
1325,34,48:224,1,135;17,3,43,171,195;832,1,96;456,1,268;326,2,10,23;627,2,5,16;241,2,97,182;245,1,72;335,3,12,24,43;473,1,427;839,2,68,92;571,1,198;106,1,68;676,1,49;261,1,90;416,2,16,35;649,1,284;579,1,125;504,1,176;350,1,97;514,1,181;148,1,66;356,2,137,216;517,1,67;152,1,146;368,1,40;167,1,176;282,1,126;668,3,119,125,130;285,1,214;595,1,101;193,3,35,55,293;695,1,40;883,1,70
1326,1,1:224,1,136
1327,25,39:224,1,138;230,1,105;22,1,206;834,2,309,315;458,1,141;701,1,63;64,1,269;800,1,22;71,1,114;779,1,193;87,1,47;487,1,54;97,4,111,178,197,259;570,1,87;492,1,68;581,1,195;421,1,32;162,2,46,124;428,1,70;292,1,151;179,5,12,25,29,137,335;863,4,7,15,43,104;181,3,5,11,24;910,1,25;210,1,46
1328,1,1:224,1,141
1329,5,5:224,1,160;777,1,179;461,1,133;258,1,27;103,1,55
1330,23,48:224,1,185;698,4,12,29,88,153;20,1,58;754,3,7,16,29;27,1,62;454,1,89;78,3,25,80,126;477,1,33;80,1,133;407,1,54;936,1,51;478,1,55;484,3,4,12,34;807,2,3,10;729,4,10,21,38,70;706,1,90;810,1,66;649,1,262;418,8,76,153,165,183,198,208,241,254;732,1,78;584,1,39;585,1,92;524,6,9,28,89,158,241,295
1331,51,85:224,1,188;698,1,166;756,1,122;700,1,281;626,1,223;239,1,261;400,1,156;50,1,229;56,2,88,117;68,2,60,82;313,1,191;73,1,208;932,3,21,44,137;607,1,157;97,1,74;675,1,327;642,1,264;260,1,84;647,2,25,38;495,2,54,57;707,1,59;120,2,16,32;850,2,263,270;652,2,63,90;263,1,68;510,1,46;138,2,79,109;270,1,117;151,3,18,40,83;274,1,161;362,2,63,77;275,1,97;276,1,157;717,1,73;718,1,38;366,6,68,78,86,101,124,132;280,2,24,52;281,2,20,44;166,1,96;167,4,8,28,37,57;374,2,58,73;375,3,53,128,168;285,2,83,124;290,2,16,36;188,2,17,45;189,2,7,37;295,2,20,40;207,1,140;946,2,17,34;306,1,126;221,3,19,48,206
1332,16,28:224,1,191;754,1,33;464,1,164;55,1,64;930,3,4,18,35;632,1,133;337,1,155;803,6,11,24,36,50,150,184;807,2,46,85;938,3,10,20,59;343,1,151;647,2,9,18;416,1,103;148,1,206;360,2,211,277;316,1,146
1333,2,2:224,1,206;754,1,48
1334,26,66:224,1,222;698,1,234;620,2,1,11;754,3,2,11,64;755,4,3,8,29,91;324,1,62;756,4,6,20,41,53;551,4,83,103,126,170;236,1,236;456,2,38,136;468,4,5,26,51,182;760,4,4,9,21,120;761,3,5,31,55;402,3,6,24,114;469,5,70,85,88,139,164;936,1,124;480,1,220;996,2,7,21;410,3,2,17,38;770,3,6,13,21;771,2,160,194;585,2,12,28;587,1,55;200,3,4,15,41;723,3,5,12,30;724,3,148,187,210
1335,16,23:224,1,229;14,2,33,128;461,1,146;800,1,53;480,1,51;486,1,26;808,1,114;344,1,206;261,2,12,26;707,1,38;827,4,60,78,97,178;361,1,107;736,2,86,116;594,2,131,160;668,1,39;879,1,72
1336,13,15:224,1,232;697,2,164,173;13,1,114;754,1,70;239,1,162;48,1,24;437,1,280;468,1,97;98,1,83;498,1,85;771,2,102,150;821,1,108;381,1,33
1337,16,19:224,1,235;443,1,322;698,1,139;552,1,206;777,1,69;607,1,231;101,2,106,118;495,1,110;811,1,75;130,1,79;144,1,54;175,3,156,161,167;383,1,171;823,1,80;303,1,161;390,1,206
1338,31,45:224,1,248;792,1,164;754,1,81;550,1,69;687,1,31;726,1,34;38,2,159,179;43,2,142,162;628,1,81;702,2,17,37;336,1,40;801,3,5,12,24;73,1,45;635,1,25;77,1,70;637,1,24;806,1,49;256,1,209;579,2,163,200;419,1,22;852,3,9,24,47;134,1,89;510,1,120;136,1,19;711,1,35;712,1,33;772,1,34;783,3,8,22,47;668,3,7,20,50;386,1,64;538,3,9,29,79
1339,45,47:224,1,253;321,1,97;396,2,179,251;754,1,86;701,1,191;45,1,85;240,1,126;327,1,220;437,1,256;629,1,222;54,1,89;56,1,132;64,1,209;68,1,155;880,1,40;337,1,77;703,1,81;801,1,52;85,1,149;807,1,75;808,1,96;675,1,294;415,1,90;127,1,104;132,1,280;136,1,131;582,1,50;142,1,108;143,1,220;273,1,362;364,1,134;277,1,77;519,2,314,394;167,1,263;524,1,118;668,1,223;285,1,182;290,1,98;531,1,159;295,1,103;600,1,114;210,1,69;878,1,63;216,1,193;825,1,136
1340,4,4:224,1,256;754,1,89;467,1,80;384,1,314
1341,9,9:224,1,266;547,1,159;754,1,99;398,1,181;334,1,86;693,1,122;589,1,267;724,1,93;390,1,143
1342,19,19:224,1,269;12,1,186;754,1,102;453,1,97;29,1,302;34,1,45;42,1,200;469,1,174;90,1,114;487,1,307;489,1,66;766,1,115;828,1,134;166,1,113;739,1,36;296,1,11;297,1,76;876,1,166;214,1,111
1343,14,27:224,1,275;754,3,3,12,108;755,2,1,6;463,3,2,6,69;760,2,2,7;402,2,8,26;314,1,42;801,2,1,8;842,2,1,4;982,1,53;845,3,5,12,22;770,2,4,11;942,1,29;814,2,2,6
1344,5,6:224,1,280;548,1,84;754,1,113;966,2,16,99;733,1,232
1345,20,22:224,1,287;754,1,120;759,1,40;311,1,230;474,1,99;808,1,169;102,1,197;899,1,74;811,1,44;125,1,53;582,1,97;266,1,131;158,1,100;972,1,53;588,1,76;279,3,2,16,35;165,1,153;171,1,64;784,1,52;385,1,102
1346,4,4:224,1,289;754,1,122;677,1,229;354,1,129
1347,2,2:224,1,290;754,1,123
1348,8,11:225,2,7,21;704,2,16,34;977,1,40;771,2,14,30;580,1,138;581,1,24;526,1,325;819,1,77
1349,3,9:225,3,11,25,108;14,1,192;232,5,132,198,212,270,397
1350,21,22:225,2,35,88;232,1,24;826,1,69;36,1,39;242,1,50;797,1,18;246,1,43;704,1,148;933,1,31;476,1,28;252,1,24;107,1,28;900,1,51;501,1,41;828,1,18;367,1,25;369,1,63;526,1,149;172,1,39;534,1,39;873,1,58
1351,2,4:225,2,47,119;232,2,432,440
1352,21,25:225,2,56,159;14,1,61;31,1,88;759,1,78;42,1,71;44,1,344;52,1,185;101,1,160;108,1,96;110,1,118;118,1,153;709,1,19;711,2,12,24;712,2,10,20;733,2,3,10;148,1,199;860,1,45;376,1,51;173,1,144;952,1,26;220,1,112
1353,5,8:225,1,59;234,1,64;55,1,87;493,2,9,25;613,3,18,37,102
1354,2,2:225,1,60;524,1,62
1355,3,3:225,1,62;15,1,138;42,1,75
1356,14,17:225,1,65;322,3,6,16,119;21,1,116;54,1,52;247,1,159;63,2,58,81;249,1,37;121,1,195;127,1,71;709,1,56;511,1,43;159,1,101;521,1,44;302,1,74
1357,12,17:225,1,79;236,4,100,128,181,198;794,1,56;554,1,138;629,3,7,17,26;633,1,120;82,1,198;346,1,30;362,1,116;275,1,70;209,1,97;540,1,36
1358,10,10:225,1,80;228,1,53;555,1,28;797,1,95;57,1,125;102,1,127;345,1,63;972,1,116;519,1,233;783,1,57
1359,7,15:225,2,104,120;232,3,122,187,433;32,4,170,207,251,274;674,3,8,24,58;839,1,29;342,1,166;105,1,141
1360,4,4:225,1,113;232,1,153;234,1,110;894,1,52
1361,44,54:225,1,129;226,1,57;698,1,232;549,1,166;622,1,175;756,1,84;550,1,59;700,2,192,202;687,1,103;555,1,252;397,1,304;238,2,292,326;37,1,98;60,1,80;799,2,110,200;467,1,144;468,1,186;403,2,173,213;67,1,92;634,1,62;71,1,266;607,1,77;895,1,31;82,3,91,159,175;83,1,56;764,1,15;407,1,171;478,2,212,252;89,2,26,50;482,1,173;103,2,186,204;104,1,117;642,1,262;645,1,67;500,1,67;851,1,48;130,1,148;775,1,42;671,1,18;213,1,111;215,1,45;724,1,169;604,1,110;543,2,21,43
1362,32,40:225,1,149;792,1,261;231,2,14,39;236,1,86;35,1,107;44,1,103;68,2,58,70;71,2,53,64;83,1,58;96,1,132;102,1,112;116,1,51;418,1,186;264,2,82,107;140,1,235;270,1,298;271,1,175;272,2,123,190;273,1,100;274,1,175;276,1,91;426,1,80;167,1,130;524,1,81;374,1,89;375,1,161;973,1,119;207,2,127,138;303,1,156;305,3,109,120,142;308,1,77;546,1,125
1363,5,9:442,2,2,11;60,1,148;827,2,4,23;590,2,2,11;961,2,1,9
1364,5,10:442,3,5,14,49;12,1,179;733,1,106;358,1,100;590,4,5,14,41,155
1365,4,9:442,3,9,18,53;12,1,166;718,1,124;590,4,9,18,45,116
1366,2,3:442,1,22;882,2,5,17
1367,24,29:442,1,31;232,1,85;448,4,3,19,39,270;50,1,172;930,2,10,24;402,1,166;80,1,347;101,1,71;845,1,48;646,1,112;572,1,113;113,1,48;141,1,112;962,1,75;277,1,154;366,1,47;524,1,247;178,1,78;889,1,99;191,2,15,37;388,1,89;205,1,47;299,1,164;215,1,85
1368,7,10:442,2,32,40;46,1,38;402,1,65;780,2,32,65;143,1,102;162,2,22,244;296,1,36
1369,3,3:442,1,35;25,1,156;311,1,56
1370,2,2:442,1,46;952,1,98
1371,5,5:442,1,62;928,1,75;77,1,34;958,1,22;822,1,17
1372,27,30:442,1,65;227,1,81;621,1,82;459,1,40;795,1,54;461,2,43,192;400,1,238;48,1,33;402,1,131;69,1,42;965,1,23;892,1,29;939,1,61;103,1,97;412,1,84;109,1,38;498,1,28;900,1,47;143,2,89,153;358,1,121;159,1,80;316,2,101,186;863,1,218;196,1,84;297,1,56;299,1,49;883,1,148
1373,2,2:442,1,68;526,1,104
1374,2,2:442,1,70;162,1,118
1375,4,6:442,1,72;880,1,63;317,3,153,164,182;604,1,88
1376,2,2:442,1,89;590,1,58
1377,12,12:442,1,93;237,1,139;238,1,238;48,1,258;632,1,219;71,1,218;314,1,210;639,1,453;345,1,211;715,1,121;590,1,62;193,1,279
1378,3,3:442,1,95;590,1,64;524,1,289
1379,47,107:12,3,4,11,25;44,1,41;328,1,116;241,2,86,134;437,1,136;56,2,101,207;331,1,46;332,3,65,180,200;58,3,136,154,175;334,6,12,31,58,125,136,157;337,1,69;338,3,105,121,135;637,1,60;485,1,104;898,1,28;95,1,50;256,2,196,369;257,1,106;102,1,87;103,1,87;261,3,13,27,76;653,1,152;654,1,44;137,1,62;265,1,74;354,1,73;148,1,70;355,2,18,40;150,2,26,175;517,1,52;361,3,9,19,28;362,4,60,74,172,198;363,1,70;155,4,285,306,334,345;156,8,12,32,66,101,109,175,256,300;367,6,5,16,36,60,118,140;371,1,120;282,4,11,31,61,112;283,3,109,116,121;374,1,52;375,1,47;381,3,6,19,40;383,5,6,17,31,103,181;385,4,4,15,71,115;386,6,12,27,47,77,129,165;387,2,9,19;388,1,114
1380,13,15:12,1,23;321,1,85;323,3,53,129,205;955,1,34;461,1,149;342,1,35;125,1,85;657,1,169;516,1,208;718,1,17;165,1,223;739,1,47;989,1,64
1381,64,99:12,2,33,48;443,4,12,28,69,216;226,1,75;752,2,102,111;444,1,37;620,1,22;232,1,186;699,2,15,36;326,1,71;397,1,282;459,1,92;398,2,195,202;627,2,7,18;557,2,42,58;331,1,42;561,1,44;632,2,19,39;633,1,116;634,1,41;469,1,216;86,3,12,26,43;254,1,80;341,1,135;90,1,110;344,1,90;99,1,60;571,1,43;260,1,64;648,1,29;112,1,51;576,1,129;500,1,49;131,1,147;654,1,71;655,1,119;886,1,31;906,1,84;581,1,73;512,1,102;678,1,61;661,1,35;814,1,87;145,1,98;360,1,132;158,5,13,18,33,38,57;858,1,40;665,1,38;718,3,4,9,123;783,3,12,26,51;372,2,17,37;594,4,7,15,29,143;668,3,11,24,54;531,1,169;943,4,12,26,55,61;190,1,45;379,1,65;991,1,23;600,1,51;602,3,39,229,242;542,1,47;879,2,12,33;217,3,13,27,50;786,1,59;616,2,52,59
1382,5,5:12,1,42;315,1,124;511,1,87;158,1,231;596,1,327
1383,6,8:12,2,45,64;323,1,170;992,1,28;638,1,36;821,2,77,104;876,1,177
1384,7,7:12,1,47;20,1,159;455,1,50;328,1,96;71,1,227;86,1,158;126,1,176
1385,15,15:12,1,52;619,1,90;38,1,244;43,1,212;463,1,102;400,1,219;403,1,307;419,1,74;985,1,115;362,1,216;526,1,143;737,1,104;293,1,66;533,1,88;206,1,71
1386,8,11:12,1,58;547,1,52;19,1,42;324,1,35;46,4,12,26,69,84;465,1,131;971,1,52;209,1,75
1387,2,3:12,1,61;615,2,22,45
1388,9,21:12,1,63;551,5,93,111,133,147,176;843,1,89;908,3,59,93,139;978,1,22;183,2,1,14;184,3,2,8,14;379,4,8,21,33,69;615,1,31
1389,2,2:12,1,66;649,1,232
1390,1,1:12,1,68
1391,9,9:12,1,73;50,1,39;703,1,19;780,1,104;733,1,40;184,1,175;867,1,37;976,1,108;384,1,232
1392,4,4:12,1,80;698,1,74;334,1,42;779,1,157
1393,2,2:12,1,83;821,1,82
1394,42,65:12,1,84;13,1,57;983,1,44;400,2,74,197;67,3,6,29,78;635,1,106;766,1,107;98,1,198;344,1,208;345,1,45;119,2,109,124;901,1,32;677,2,69,98;582,1,31;265,4,15,32,61,213;907,1,44;141,1,179;660,1,42;270,4,86,234,248,290;858,2,88,109;162,2,153,305;920,1,36;719,1,35;720,1,86;887,1,61;862,1,86;292,1,350;179,6,54,171,266,271,281,309;180,1,142;181,2,21,159;864,1,58;943,1,120;976,1,87;190,1,18;821,1,159;784,1,57;202,1,198;597,3,51,77,126;204,2,130,386;598,1,115;599,1,40;539,2,84,120
1395,16,24:12,1,87;752,1,63;552,1,109;701,1,184;459,4,8,21,283,301;311,1,126;674,4,11,27,41,66;103,1,69;143,1,201;679,1,45;156,1,193;693,1,54;316,2,316,426;376,1,45;533,1,18;540,2,62,86
1396,4,5:12,1,90;550,1,38;799,2,93,127;165,1,213
1397,9,10:12,1,91;16,1,34;455,1,28;86,1,114;805,1,42;843,2,86,117;350,1,143;159,1,71;166,1,79
1398,20,31:12,2,95,102;13,3,11,27,76;323,1,145;921,2,53,116;730,2,36,159;130,1,54;265,1,146;141,1,130;857,1,39;270,1,115;164,1,61;694,1,61;524,1,203;177,1,73;181,3,2,8,118;882,1,46;976,1,36;190,1,96;204,3,76,123,187;598,3,5,19,39
1399,10,11:12,1,111;228,2,266,305;762,1,185;487,1,285;645,1,90;646,1,90;108,1,275;904,1,29;748,1,101;672,1,79
1400,4,11:12,2,119,138;887,5,2,5,11,35,55;178,2,213,230;774,2,8,26
1401,60,103:12,1,123;226,1,131;623,4,16,71,106,114;686,1,47;29,1,62;981,1,74;555,1,81;626,1,172;559,1,70;246,1,133;561,4,7,24,52,94;564,1,41;607,1,175;762,1,140;252,1,56;804,1,62;478,2,304,313;341,1,121;898,1,148;844,3,6,22,45;949,1,68;675,2,306,352;730,1,189;571,1,94;940,1,81;259,1,67;494,4,104,130,143,223;968,1,51;884,4,213,215,222,238;127,1,67;128,3,53,84,236;654,2,153,171;505,1,104;905,1,86;906,1,85;350,1,93;351,3,163,173,200;662,1,28;356,1,156;993,3,35,53,59;361,2,23,130;362,5,4,23,42,95,128;518,5,133,162,173,228,266;681,5,8,30,50,68,156;682,2,66,83;425,1,52;589,4,140,152,233,241;718,2,5,10;168,1,131;371,2,8,29;917,2,55,87;181,1,120;193,1,87;876,1,32;991,1,116;597,1,52;435,1,117;541,1,157;544,1,82;787,1,79
1402,2,2:12,1,135;191,1,19
1403,3,3:12,1,142;443,1,365;132,1,156
1404,15,26:12,2,145,147;634,3,69,71,255;405,1,105;642,2,89,91;413,2,103,105;846,1,68;135,2,78,80;267,5,15,30,51,69,86;814,1,95;592,1,100;869,1,61;876,1,24;305,1,201;541,2,196,198;219,1,215
1405,3,3:12,1,148;624,1,169;898,1,153
1406,7,7:12,1,160;556,1,92;567,1,91;608,1,136;654,1,56;426,1,203;540,1,156
1407,2,2:12,1,163;590,1,169
1408,34,44:12,1,165;322,2,91,163;24,1,150;551,1,116;554,1,190;32,1,269;626,1,164;42,1,240;465,1,119;702,1,171;762,1,192;766,2,4,21;102,1,229;494,1,90;138,3,11,33,65;907,1,67;141,3,6,18,50;660,1,77;857,2,77,88;144,1,351;270,1,308;151,2,66,288;159,1,111;519,1,99;426,1,116;858,1,168;861,3,4,16,43;371,1,151;668,1,143;991,1,67;537,1,101;602,1,180;724,1,254;748,1,97
1409,6,6:12,1,167;926,1,46;649,1,259;359,1,64;152,1,68;273,1,155
1410,17,18:12,1,173;698,1,129;699,1,88;453,1,77;238,1,180;34,1,132;240,1,181;59,1,107;485,1,121;101,1,116;649,1,242;585,1,80;274,1,109;168,2,182,192;181,1,85;202,1,72;604,1,216
1411,17,18:12,1,175;443,1,246;228,1,169;323,1,142;311,1,191;779,1,183;742,1,301;482,1,156;570,1,121;143,1,254;361,2,77,96;693,1,104;783,1,127;666,1,79;371,1,140;204,1,167;208,1,84
1412,18,28:12,1,176;237,1,134;240,1,114;242,1,42;243,1,137;881,1,9;132,4,2,11,127,219;709,2,183,227;133,4,8,16,22,93;771,2,53,80;679,1,66;171,1,89;376,2,2,17;530,1,49;869,2,3,15;888,1,97;214,1,153;308,1,156
1413,13,13:12,1,191;21,1,154;29,1,287;835,1,47;478,1,303;86,1,210;349,1,152;654,1,119;905,1,55;678,1,87;364,1,63;589,1,169;384,1,278
1414,8,11:12,1,206;752,3,150,175,223;229,1,129;549,2,182,458;83,1,42;120,1,55;218,1,124;306,1,246
1415,3,3:617,1,51;101,1,42;510,1,83
1416,20,30:617,2,53,102;698,2,1,18;623,1,111;925,1,86;826,1,87;50,1,65;559,1,67;566,1,201;997,3,1,7,13;766,1,102;572,1,81;510,1,84;148,1,36;356,1,260;359,1,152;993,3,1,6,18;152,3,1,32,67;366,1,30;819,1,74;787,3,2,9,63
1417,8,10:617,1,60;66,2,105,113;564,1,56;131,1,99;421,1,159;269,2,62,111;739,1,140;601,1,88
1418,1,1:617,1,75
1419,2,2:617,1,79;307,1,175
1420,2,2:617,1,80;537,1,59
1421,30,36:617,2,88,111;548,1,218;21,1,155;700,1,320;397,1,270;462,1,35;68,1,168;73,1,80;474,1,123;253,1,149;408,1,122;897,1,28;571,2,64,155;846,1,118;131,1,360;710,1,32;151,2,6,28;274,1,112;277,2,83,142;426,1,84;909,2,33,40;366,2,149,164;283,1,210;530,1,41;179,1,165;952,1,84;188,1,104;821,1,237;724,1,240;220,1,156
1422,22,25:617,1,104;698,1,100;725,1,23;22,1,139;25,1,90;33,1,85;329,1,198;247,1,106;473,1,45;767,1,21;490,1,119;111,1,162;585,1,177;147,1,28;426,3,96,136,151;816,1,111;593,1,61;526,2,371,500;958,1,28;183,1,161;295,1,260;193,1,174
1423,7,7:617,1,117;456,1,184;487,1,197;108,1,182;267,1,131;951,1,100;991,1,73
1424,53,79:443,4,4,20,41,43;618,2,46,221;791,1,97;395,1,70;18,2,34,76;322,2,74,126;231,1,248;755,1,135;549,2,290,305;22,1,122;624,1,26;238,3,88,92,331;33,1,147;35,2,32,122;758,1,179;759,1,60;44,2,48,51;50,2,18,36;628,1,105;727,1,140;629,1,41;837,1,76;467,1,53;406,1,78;762,1,119;80,1,336;804,2,53,87;478,2,276,283;253,1,161;408,1,150;87,1,117;729,1,24;90,1,74;639,2,178,198;99,2,110,118;609,1,50;260,4,19,74,95,164;497,2,27,58;573,1,58;578,1,61;500,1,82;348,1,38;731,1,107;130,1,139;153,1,148;817,1,61;285,1,91;671,4,57,73,97,140;213,1,41;723,1,50;435,1,101;542,2,2,9;545,3,11,29,130
1425,6,7:443,2,38,131;561,1,129;482,1,132;915,1,150;133,1,183;191,1,51
1426,1,1:443,1,42
1427,26,51:443,1,60;549,5,7,19,32,86,472;622,1,110;954,4,10,22,70,83;826,3,2,6,24;758,3,5,16,23;38,2,48,238;43,2,48,206;45,2,36,93;464,3,3,11,109;797,1,37;632,2,13,33;779,3,6,21,47;566,1,38;936,2,8,19;644,1,39;649,1,106;813,1,40;916,3,5,14,24;164,1,130;815,3,7,16,77;951,1,163;721,1,40;874,1,61;206,1,44;303,2,105,124
1428,33,38:443,1,99;229,1,75;234,1,83;236,1,27;28,1,44;35,1,126;41,1,82;57,3,6,22,141;59,2,163,227;929,1,65;69,1,156;253,1,175;408,1,139;742,1,187;89,1,145;97,1,299;101,1,224;746,1,100;810,1,34;496,1,76;111,1,114;120,2,181,226;652,1,160;515,1,112;152,1,126;522,1,92;426,1,206;165,1,61;178,1,79;208,2,63,96;209,1,102;300,1,116;540,1,94
1429,50,54:443,1,105;618,2,148,199;549,1,188;21,1,299;22,1,192;235,1,159;326,1,168;554,1,53;795,1,53;36,1,240;980,1,52;44,1,355;556,1,38;52,1,22;401,1,56;606,1,151;988,2,15,38;334,1,187;63,1,90;402,1,215;803,1,47;339,1,185;473,1,256;763,1,146;252,1,153;764,1,95;566,1,124;804,1,79;948,1,68;966,1,68;102,1,123;571,2,146,178;644,1,69;654,1,59;905,1,98;678,1,111;907,1,127;364,1,138;159,1,79;718,1,67;173,1,90;987,1,14;197,1,149;534,1,134;383,1,133;388,1,184;389,1,107;598,2,10,24;210,1,74;683,1,60
1430,9,16:443,1,117;226,5,11,23,45,65,159;549,1,73;687,1,28;566,1,22;480,1,107;104,2,27,152;846,3,12,27,70;671,1,48
1431,1,1:443,1,126
1432,77,85:443,2,140,159;14,1,100;227,2,185,238;752,1,231;792,1,138;396,1,76;22,1,79;834,1,322;26,1,74;454,1,101;237,1,102;29,1,185;956,1,66;397,1,125;399,1,280;42,1,168;45,1,68;557,1,99;560,1,209;59,2,290,302;798,1,63;64,1,327;632,3,18,38,70;338,1,152;475,1,129;476,1,86;607,2,189,235;77,1,176;78,1,69;82,1,99;83,1,94;567,1,92;478,1,255;341,1,34;482,1,195;841,1,65;489,1,94;915,1,95;256,2,120,237;570,1,126;494,1,227;108,1,165;769,1,293;109,1,31;579,1,77;501,1,73;348,1,85;125,1,54;131,1,174;504,1,74;350,1,51;511,1,79;733,1,180;512,1,60;658,1,158;139,1,156;423,1,189;141,1,155;267,1,194;514,1,78;144,1,225;424,1,53;663,1,49;153,1,121;271,1,125;272,1,135;273,1,294;425,1,78;163,1,211;943,1,91;959,1,44;192,1,133;596,1,61;201,1,136;202,2,183,194;602,1,210;603,1,63
1433,28,28:443,1,173;445,1,121;699,1,207;461,1,47;628,1,167;67,1,189;73,1,241;636,1,69;935,1,40;779,1,252;608,1,93;253,1,71;411,1,49;570,1,145;133,1,118;985,1,48;512,1,183;658,1,187;361,1,81;519,1,216;163,1,141;285,1,203;204,1,92;207,1,200;210,1,78;212,1,109;602,1,326;683,1,116
1434,5,5:443,1,179;41,1,88;423,1,322;156,1,137;316,1,400
1435,4,5:443,1,192;455,1,92;964,1,30;463,2,63,78
1436,9,9:443,1,200;561,1,142;838,1,148;71,1,222;349,1,240;678,1,101;372,1,151;526,1,268;724,1,177
1437,24,26:443,1,206;228,2,72,163;19,1,43;235,1,93;455,1,34;777,1,194;398,1,55;51,1,192;762,1,54;479,1,94;966,1,6;489,1,152;639,1,130;642,1,49;847,1,37;970,1,76;356,1,279;168,2,1,13;176,1,206;178,1,50;292,1,313;193,1,214;541,1,225;879,1,101
1438,18,18:443,1,237;13,1,82;634,1,82;607,1,260;762,1,267;77,1,84;566,1,193;898,1,150;977,1,28;412,1,206;769,1,251;662,1,52;681,1,158;521,1,52;961,1,83;382,1,52;823,1,118;546,1,142
1439,7,12:443,3,240,254,283;63,1,138;730,1,81;646,4,64,124,140,147;718,1,20;541,1,65;546,1,146
1440,2,2:443,1,243;858,1,213
1441,16,17:443,1,261;555,1,241;701,1,164;50,1,49;630,1,123;800,1,102;407,1,163;255,1,112;921,1,71;109,1,101;579,1,133;589,1,101;368,1,33;168,2,3,15;952,1,52;383,1,71
1442,23,25:443,1,268;619,1,128;228,1,179;25,1,129;700,1,289;795,1,136;464,1,66;69,1,106;338,1,90;71,1,189;801,3,62,110,122;808,1,162;95,1,103;642,1,238;121,1,251;267,1,153;277,1,237;427,1,57;526,1,177;181,1,72;185,1,100;873,1,32;786,1,208
1443,12,13:443,1,269;740,1,74;777,1,170;40,2,70,73;464,1,46;53,1,151;101,1,209;655,1,95;421,1,134;178,1,235;987,1,47;602,1,274
1444,4,5:443,1,275;730,1,34;155,1,46;602,2,61,401
1445,7,7:443,1,287;628,1,85;639,1,379;811,1,131;356,1,242;163,1,50;882,1,90
1446,4,4:443,1,292;915,1,180;170,1,39;785,1,94
1447,2,2:443,1,307;270,1,360
1448,4,6:443,1,310;570,2,6,21;270,1,372;175,2,142,183
1449,1,1:443,1,318
1450,13,13:443,1,329;777,1,57;778,1,203;71,1,134;115,1,196;708,1,23;132,1,81;709,1,178;658,1,150;516,1,61;280,1,328;189,1,217;380,1,61
1451,2,2:443,1,332;884,1,45
1452,4,4:443,1,333;633,1,78;489,1,174;670,1,95
1453,3,3:443,1,344;143,1,192;299,1,274
1454,1,1:443,1,345
1455,33,46:443,1,361;13,3,3,19,47;618,1,151;15,1,88;753,1,104;449,1,94;30,1,80;42,1,179;50,1,176;246,1,145;561,3,10,27,104;934,1,39;75,1,23;486,1,16;93,1,143;260,1,54;706,1,74;112,1,39;970,1,36;851,1,36;661,1,23;715,1,40;355,2,5,27;356,3,3,15,35;149,1,20;170,1,52;372,3,4,24,109;667,1,37;289,1,242;384,2,4,22;202,3,4,23,44;216,2,112,205;879,1,46
1456,6,7:443,1,363;235,1,83;80,1,183;984,2,14,34;195,1,24;390,1,217
1457,26,30:443,1,366;231,2,153,231;458,2,174,245;398,2,89,135;45,1,202;557,1,181;727,1,251;838,1,119;764,1,106;485,1,57;730,1,156;107,2,137,166;131,1,156;654,1,158;852,1,69;424,1,242;858,1,136;908,1,146;919,1,64;668,1,140;181,1,110;910,1,81;384,1,134;434,1,77;602,1,164;215,1,29
1458,17,18:443,1,367;40,1,122;437,1,67;58,1,121;474,1,189;608,1,128;478,2,73,165;570,1,85;848,1,33;125,1,161;418,1,128;652,1,143;886,1,44;858,1,115;738,1,86;199,1,110;202,1,123
1459,3,3:443,1,368;941,1,52;178,1,236
1460,23,23:443,1,371;398,1,279;249,1,26;933,1,67;476,1,100;80,1,21;975,1,19;884,1,179;970,1,58;507,1,59;143,1,222;268,1,108;516,1,248;715,1,35;586,1,27;523,1,123;316,1,417;376,1,32;289,1,27;381,1,82;945,1,17;878,1,17;724,1,220
1461,3,3:443,1,390;243,1,16;361,1,135
1462,4,4:443,1,403;561,1,158;993,1,25;378,1,113
1463,1,1:443,1,409
1464,18,33:226,2,8,20;791,3,6,24,50;24,2,5,16;700,1,125;981,2,8,23;402,1,118;839,2,26,49;764,3,6,12,62;896,4,7,17,75,83;608,2,11,22;805,1,48;93,2,108,119;808,2,7,14;899,2,9,18;571,1,41;646,1,50;414,1,34;739,1,54
1465,86,170:226,1,36;792,4,6,18,32,64;231,1,192;26,1,102;926,1,56;625,3,101,127,142;400,1,168;627,1,29;328,1,88;465,1,205;628,1,104;52,2,107,231;798,1,30;335,2,29,64;248,1,73;64,1,333;312,1,27;315,3,8,17,33;965,1,44;474,1,103;75,3,177,239,285;763,2,44,197;764,1,56;566,1,178;253,1,143;408,1,115;482,4,8,17,29,110;485,1,83;640,3,3,12,91;107,2,1,13;705,1,31;345,1,134;573,1,94;415,2,98,104;501,2,63,140;126,1,27;131,3,36,148,267;135,2,130,162;354,1,63;360,1,72;665,1,34;162,4,4,13,36,279;163,3,42,127,173;919,2,4,15;916,1,26;164,2,11,24;920,4,11,23,26,52;368,6,4,10,23,66,75,98;428,1,36;719,1,38;951,1,32;168,2,34,49;720,3,5,13,24;667,1,58;862,3,7,20,41;292,1,42;179,2,9,22;863,1,41;180,3,3,10,29;889,2,5,20;918,3,7,17,24;866,2,9,20;183,4,7,20,38,193;184,3,5,11,20;185,5,5,15,28,44,190;774,3,15,33,42;943,1,51;959,1,23;944,3,6,15,27;294,2,9,21;187,1,54;379,3,12,25,37;695,3,3,15,29;872,3,9,20,220;197,1,64;821,1,41;875,1,41;200,4,10,21,46,166;597,1,27;204,5,8,22,39,324,420;598,2,7,21;206,3,3,18,36;600,4,11,24,46,60;877,1,25;914,2,6,23;879,1,218
1466,9,9:226,1,51;323,1,52;632,1,209;344,1,107;141,1,35;590,1,142;882,1,35;873,1,42;786,1,233
1467,15,19:226,1,53;697,2,30,204;698,1,76;620,1,72;323,1,146;925,1,69;403,1,132;801,1,69;762,1,111;86,1,205;766,1,94;902,1,40;734,1,72;148,1,228;883,4,12,32,59,196
1468,2,2:226,1,86;758,1,32
1469,7,7:226,1,91;752,1,287;804,1,46;576,1,101;783,1,170;375,1,145;973,1,135
1470,3,3:226,1,95;394,1,124;732,1,98
1471,32,58:226,1,96;227,6,10,35,54,98,155,192;397,3,10,21,45;238,2,263,276;836,1,76;629,2,93,110;798,1,52;467,2,129,167;469,1,100;802,1,106;472,1,98;763,1,87;840,5,6,16,29,62,86;103,1,83;412,1,124;497,2,69,93;573,1,67;574,1,67;747,1,200;579,1,175;128,4,2,12,59,67;653,1,49;905,2,10,26;419,1,98;512,1,159;828,1,37;145,1,95;269,3,11,24,46;917,4,7,14,27,41;737,3,43,51,124;823,1,92;209,1,43
1472,13,14:226,1,108;323,1,164;700,1,132;242,1,191;564,1,37;809,1,107;415,1,50;613,2,142,150;361,1,56;718,1,68;863,1,131;882,1,78;883,1,88
1473,1,1:226,1,115
1474,15,19:226,1,116;451,2,71,102;404,1,131;314,1,155;476,1,63;779,2,154,174;105,1,30;259,1,50;647,1,23;584,1,158;717,1,114;167,1,91;286,1,126;189,2,105,108;946,2,76,79
1475,42,55:226,1,118;698,1,83;228,2,259,336;547,1,293;686,1,70;456,1,76;36,1,106;240,1,68;48,1,71;465,1,92;55,1,183;332,2,107,157;310,2,20,135;801,1,87;73,1,57;635,1,59;839,1,87;480,2,196,211;806,1,124;639,1,175;258,1,20;610,1,90;940,1,91;121,1,174;710,1,10;583,1,27;423,1,202;772,1,42;148,1,175;280,1,96;524,1,177;667,1,90;285,1,319;534,1,97;381,1,111;973,1,124;207,4,149,197,227,331;602,3,42,123,202;748,3,16,33,65;216,2,36,158;541,1,188;825,2,42,90
1476,3,3:697,1,48;547,1,263;718,1,76
1477,1,1:697,1,53
1478,6,6:697,1,77;399,1,122;762,1,83;610,1,34;295,1,146;946,1,112
1479,6,6:697,1,129;461,1,228;841,1,40;133,1,44;595,1,67;202,1,208
1480,3,6:697,4,141,144,184,188;437,1,193;369,1,97
1481,3,3:697,1,145;703,1,102;818,1,127
1482,7,7:697,1,147;131,1,203;360,1,89;517,1,129;165,1,80;590,1,154;193,1,130
1483,13,18:697,1,152;752,1,105;465,1,125;564,1,149;478,1,249;103,1,187;579,3,42,111,150;502,1,79;827,3,58,76,95;905,1,58;734,1,182;658,2,191,200;583,1,93
1484,5,8:697,1,167;445,2,13,30;295,2,3,23;378,2,4,23;299,1,255
1485,6,10:697,1,205;725,3,6,15,104;69,1,140;512,1,319;273,2,8,36;220,2,119,184
1486,8,11:697,1,209;164,1,114;719,1,83;865,2,20,41;959,1,18;190,2,3,10;874,2,27,52;878,1,36
1487,12,19:13,3,10,26,54;627,1,33;608,1,141;915,2,44,152;609,1,61;346,1,43;261,1,71;350,1,188;354,1,32;150,2,97,132;360,4,5,34,134,154;282,1,48
1488,26,43:13,1,75;17,1,181;41,1,170;328,1,43;338,1,154;473,3,284,291,324;343,1,106;95,1,129;257,1,58;491,1,186;675,1,30;351,1,193;138,1,85;270,12,84,93,108,132,194,237,255,274,291,304,388,398;148,1,83;151,2,87,136;276,1,86;366,1,108;282,2,66,130;283,1,149;316,1,70;375,1,180;284,1,90;285,2,105,130;595,2,121,175;386,1,67
1489,5,5:13,1,84;478,1,291;884,1,235;347,1,51;852,1,87
1490,7,7:13,1,94;21,1,164;555,1,117;563,1,37;566,1,32;503,1,160;356,1,292
1491,3,4:13,2,96,103;372,1,89;888,1,20
1492,38,39:13,1,165;752,1,56;547,1,110;230,1,141;311,1,52;891,1,55;632,1,218;315,1,152;77,1,106;480,2,66,249;492,1,96;113,1,47;262,1,56;851,1,18;655,1,33;351,1,143;712,1,23;855,1,27;352,1,38;659,1,56;141,1,111;357,1,101;586,1,126;859,1,185;163,1,145;531,1,50;176,1,243;292,1,62;180,1,68;181,1,187;191,1,23;871,1,67;670,1,189;534,1,47;205,1,46;299,1,98;877,1,41;825,1,57
1493,46,50:13,1,166;36,1,66;47,2,116,202;240,2,79,92;52,1,79;242,2,155,198;53,1,236;59,1,213;60,1,58;68,1,102;566,1,228;84,1,76;102,1,69;106,1,99;120,1,120;658,1,62;266,2,53,103;270,1,113;151,1,138;517,1,108;278,1,116;367,1,145;368,1,31;281,1,69;167,1,72;374,1,68;375,1,123;376,1,65;284,1,159;285,1,93;528,1,168;289,1,157;290,1,53;291,1,69;175,1,68;188,1,99;189,1,80;295,1,98;378,1,50;192,1,33;207,1,77;304,1,78;218,1,266;390,1,185;221,1,115;546,1,98
1494,5,5:13,1,171;47,1,144;328,1,133;261,1,37;187,1,33
1495,9,9:13,1,173;44,1,44;477,1,43;157,1,103;167,1,78;188,1,70;189,1,86;295,1,66;946,1,56
1496,14,18:13,1,185;14,1,82;329,1,91;259,1,49;652,2,68,139;263,1,114;692,1,110;856,1,174;140,1,119;285,1,84;174,4,17,36,59,91;180,1,135;295,1,213;384,1,258
1497,10,22:13,2,187,195;238,4,123,162,192,309;241,4,14,34,60,138;64,1,361;313,3,115,193,196;349,1,125;150,2,5,12;153,1,122;528,3,23,48,90;670,1,72
1498,30,67:13,1,188;45,1,27;328,4,7,24,52,113;55,3,4,16,37;331,2,6,16;335,3,7,19,38;95,4,11,27,56,155;106,4,6,16,38,61;676,3,2,11,23;493,1,106;351,3,7,19,30;853,2,6,20;420,3,10,26,52;265,1,70;359,1,39;360,3,16,45,73;362,2,57,148;278,2,20,47;368,1,86;280,4,13,41,313,362;371,2,109,115;284,2,27,56;377,1,145;998,1,23;382,3,3,11,32;317,4,11,28,45,221;383,2,114,176;384,2,208,252;386,1,90;388,1,189
1499,4,4:13,1,194;334,1,64;149,1,80;285,1,70
1500,11,21:13,1,196;241,3,15,35,61;741,1,35;137,3,9,19,36;354,3,9,24,64;150,2,6,13;283,2,13,33;374,2,7,22;285,2,16,36;526,1,477;202,1,78
1501,68,157:14,1,42;625,1,102;458,1,143;36,3,13,31,55;239,1,97;38,2,71,260;43,2,71,227;330,3,2,15,59;59,1,217;800,4,1,9,29,41;403,2,202,244;336,2,6,25;315,1,34;808,1,28;256,1,183;412,1,102;415,4,9,25,46,142;346,3,2,9,49;120,4,48,107,212,359;771,1,40;144,3,77,140,335;962,3,9,19,97;162,4,5,14,44,281;163,6,5,21,44,110,128,174;919,3,5,16,35;916,1,29;164,5,12,25,46,95,136;860,1,62;281,1,228;166,3,6,17,36;719,2,10,23;951,1,35;694,3,4,12,37;720,3,7,15,26;292,1,148;889,1,74;293,3,6,16,25;866,3,10,21,29;183,2,8,21;185,2,6,16;186,3,9,19,34;774,3,17,35,44;867,1,18;943,3,13,27,109;976,3,10,24,44;959,1,26;944,1,28;870,1,89;695,3,4,16,30;913,2,5,11;196,3,7,20,33;872,6,10,21,35,60,221,278;961,3,7,15,35;197,2,6,19;874,4,8,17,36,105;385,1,52;202,1,53;597,1,30;203,1,276;204,3,37,141,226;389,3,4,12,34;883,3,3,23,78;206,2,10,25;600,1,61;300,2,9,24;301,3,5,14,66;211,4,9,19,43,62;307,3,12,44,75
1502,9,20:14,1,48;227,2,115,227;619,3,74,100,179;453,2,142,147;560,1,105;257,1,114;648,3,3,12,52;281,4,10,34,172,220;748,3,11,28,50
1503,4,4:14,1,60;509,1,63;604,1,206;219,1,74
1504,13,13:14,1,64;323,1,99;42,1,82;50,1,108;632,1,245;856,1,217;271,1,127;272,1,137;273,1,296;371,1,196;171,1,214;176,1,215;212,1,67
1505,3,3:14,1,67;42,1,85;131,1,312
1506,1,1:14,1,71
1507,1,1:14,1,73
1508,28,70:14,2,83,86;322,2,42,44;548,4,284,287,295,298;236,1,65;403,2,369,372;250,2,126,128;762,1,207;82,1,155;487,3,84,90,93;97,2,65,68;258,1,46;975,2,54,60;491,2,77,78;769,3,69,104,122;812,2,68,71;121,2,67,70;851,2,76,84;130,1,204;528,5,24,49,88,91,246;174,5,18,37,60,92,286;529,8,18,21,40,43,71,74,85,88;289,1,137;189,1,97;431,1,58;946,1,69;824,2,30,38;604,9,42,180,182,224,307,310,338,352,388;546,2,78,81
1509,17,22:14,1,93;618,1,59;230,1,81;20,1,130;233,1,76;797,1,50;688,1,47;93,1,96;809,1,91;706,2,1,13;116,2,57,96;734,1,162;142,1,94;584,2,143,212;434,1,66;879,3,15,36,135;218,1,199
1510,2,2:14,1,97;290,1,63
1511,16,17:14,1,99;752,1,71;236,1,90;44,1,77;329,1,99;50,1,300;68,1,93;469,1,241;84,1,83;827,1,107;732,1,140;517,2,54,201;829,1,128;275,1,99;277,1,256;532,1,109
1512,15,15:14,1,142;228,1,93;396,1,267;699,1,90;41,1,59;46,1,179;87,1,20;780,1,165;642,1,99;746,1,68;646,1,154;269,1,40;858,1,251;180,1,155;204,1,114
1513,20,27:14,2,145,176;15,1,144;436,1,188;30,1,58;777,1,117;38,2,73,107;43,2,73,107;703,1,34;473,1,153;86,1,107;100,2,80,129;575,1,114;134,1,49;853,3,12,26,44;420,1,103;360,2,95,206;374,1,131;317,1,235;212,1,62;219,1,55
1514,28,37:14,1,148;925,2,98,107;42,1,141;44,1,260;463,1,136;778,1,217;741,1,47;71,1,174;478,3,54,89,198;489,1,126;641,1,85;642,1,253;413,1,85;969,2,70,75;575,1,121;649,1,127;418,2,8,32;510,1,147;140,5,19,40,70,141,149;514,1,222;274,1,204;586,1,81;280,1,203;299,1,265;543,1,89;786,1,102;825,1,81;308,1,50
1515,22,36:14,2,152,170;698,1,188;230,1,85;956,1,70;248,1,65;403,5,51,124,238,263,323;838,2,188,206;69,1,30;404,3,45,104,122;762,1,250;75,2,447,574;407,2,7,23;478,2,86,162;810,1,68;418,1,81;732,1,201;512,1,262;658,3,6,13,32;585,2,15,31;587,1,48;193,1,289;604,1,64
1516,30,36:14,1,180;548,1,102;232,3,32,100,138;549,1,128;458,1,115;34,1,173;40,1,64;629,1,38;798,2,8,19;69,1,166;634,1,118;802,1,68;411,1,94;104,2,173,199;412,1,180;106,1,85;746,1,85;110,1,37;120,1,53;574,1,119;501,1,126;712,1,106;773,1,72;587,2,5,20;526,1,613;193,1,297;433,1,39;203,2,375,389;207,1,339;212,1,19
1517,12,15:14,1,186;232,1,311;42,2,121,209;741,1,57;104,2,132,135;846,1,99;128,1,82;267,2,82,113;664,1,132;280,1,178;212,1,146;219,1,143
1518,6,6:14,1,189;323,1,56;48,1,303;480,1,104;267,1,54;294,1,73
1519,2,2:14,1,193;199,1,84
1520,26,37:14,1,202;321,2,12,27;323,1,96;983,3,6,12,14;42,1,57;741,1,36;932,2,155,165;841,1,26;256,1,80;412,3,33,38,143;347,1,41;348,1,109;152,1,176;743,1,40;159,2,75,189;920,3,116,124,139;165,1,224;283,1,80;372,1,106;289,1,259;989,1,17;201,1,119;945,1,54;597,1,58;304,2,59,110;546,2,181,193
1521,5,5:14,1,204;467,1,82;314,1,230;265,1,234;285,1,222
1522,42,47:618,1,40;619,1,57;622,1,105;436,1,232;963,1,33;237,1,117;325,1,24;326,1,42;964,1,32;437,1,108;53,1,154;59,1,77;466,1,77;800,1,26;704,2,62,196;474,1,30;478,1,208;101,1,180;494,2,111,197;646,1,44;769,2,65,100;499,1,94;576,1,65;127,1,120;782,1,53;580,1,131;581,1,59;712,1,45;856,1,215;962,1,45;149,1,87;276,3,115,147,181;667,1,125;284,1,79;291,1,215;889,1,62;193,1,240;739,1,29;433,1,202;384,1,319;537,1,53;824,1,64
1523,2,2:618,1,43;478,1,289
1524,12,12:618,1,94;237,1,181;627,1,37;562,1,129;403,1,44;500,1,96;146,1,126;908,1,134;171,1,157;186,1,26;204,1,135;888,1,78
1525,17,18:618,2,133,192;555,1,158;980,1,24;253,1,172;408,1,136;676,1,54;970,1,79;651,1,85;781,1,158;655,1,43;151,1,222;159,1,177;783,1,125;178,1,232;193,1,98;883,1,217;786,1,143
1526,49,64:618,2,138,227;619,1,86;17,1,159;323,1,179;29,2,136,190;555,1,99;397,1,377;701,1,183;459,2,285,319;400,2,338,417;242,1,248;559,1,62;560,6,1,18,36,197,211,226;333,1,152;310,1,31;467,1,63;632,1,251;674,1,88;634,2,99,123;704,1,155;607,2,160,171;485,1,62;256,1,282;940,2,40,104;643,1,103;495,2,86,96;112,1,126;811,1,137;120,1,381;262,1,36;577,1,97;850,1,232;419,1,69;856,1,221;662,1,24;356,1,69;815,1,82;168,2,214,223;736,1,48;668,1,178;918,1,63;866,1,126;943,1,95;959,2,2,7;872,1,157;873,1,35;388,1,168;201,1,159;203,1,136
1527,25,37:618,1,164;232,1,228;956,1,126;33,1,123;61,1,41;470,1,64;707,1,103;121,1,143;123,1,103;852,1,33;856,1,229;158,2,4,24;164,1,32;694,3,2,10,35;171,1,194;316,1,243;291,2,117,200;976,1,42;296,2,13,30;384,4,6,24,124,237;204,1,49;538,3,6,26,61;672,1,50;221,3,5,34,84;546,1,54
1528,3,3:618,1,174;792,1,180;497,1,67
1529,13,14:618,1,226;232,1,400;832,1,35;35,1,139;40,1,123;464,1,130;56,1,341;101,1,230;129,1,106;771,2,51,58;713,1,130;161,1,81;172,1,198
1530,1,1:394,1,81
1531,16,16:394,1,114;549,1,219;685,1,143;556,1,52;64,1,422;250,1,115;803,1,54;762,1,96;482,1,205;102,1,223;675,1,302;610,1,40;651,1,48;511,1,76;179,1,188;748,1,94
1532,1,1:394,1,132
1533,18,19:394,1,155;453,1,101;926,1,78;626,1,158;36,1,196;797,1,77;401,1,46;760,1,101;471,1,82;409,1,81;968,1,39;650,1,51;656,1,155;156,1,314;281,2,139,166;614,1,90;432,1,59;308,1,184
1534,7,8:227,1,58;904,1,7;163,2,121,162;919,1,30;916,1,102;862,1,30;179,1,122
1535,10,10:227,1,63;779,1,82;742,1,186;93,1,113;643,1,92;847,1,70;273,1,235;667,1,194;866,1,134;872,1,165
1536,16,16:227,1,77;549,1,120;451,1,60;555,1,250;311,1,425;561,1,147;491,1,161;345,1,26;120,1,344;575,1,91;851,1,134;504,1,124;135,1,31;514,1,131;368,1,16;952,1,94
1537,14,28:227,5,92,123,168,213,236;619,2,139,195;453,1,79;56,2,75,196;560,2,118,144;59,3,133,202,332;974,1,183;742,2,211,267;96,1,130;904,1,34;290,3,42,50,120;175,2,24,50;203,1,146;390,2,25,52
1538,16,16:227,1,99;752,1,295;27,1,180;459,1,88;45,1,151;400,1,88;108,1,231;900,1,58;653,1,129;905,1,113;424,1,166;773,1,48;372,1,78;526,1,489;384,1,100;823,1,129
1539,44,102:227,3,116,139,228;619,3,75,101,180;15,1,77;956,2,27,127;41,1,110;50,1,132;99,1,58;768,1,46;901,2,11,24;747,1,155;515,1,32;662,4,5,10,38,126;860,2,19,38;783,3,10,24,140;719,3,40,72,108;694,1,113;861,3,8,20,40;525,2,6,12;736,3,6,17,216;668,2,9,22;172,2,12,30;290,1,96;862,4,8,21,42,139;177,2,6,17;864,3,9,18,27;889,7,9,24,54,112,121,136,158;918,3,10,20,27;866,3,45,55,155;183,4,39,58,95,177;184,7,6,12,21,54,76,180,207;185,4,31,45,60,192;943,1,53;294,1,44;868,1,51;721,1,93;872,3,76,86,186;197,1,67;200,1,137;204,5,9,23,204,325,421;205,1,52;300,1,44;210,1,65;211,2,54,76;539,3,10,20,37
1540,7,7:227,1,160;54,1,141;630,1,93;996,1,77;168,1,211;283,1,206;218,1,151
1541,12,16:227,1,171;54,1,144;64,3,57,104,442;314,1,242;103,1,78;577,1,125;349,1,103;518,1,280;858,1,240;178,1,94;193,3,223,238,305;317,1,201
1542,23,25:227,1,173;725,1,27;29,1,348;556,1,113;630,1,102;64,2,106,444;402,1,128;86,1,239;742,1,291;482,1,190;640,1,129;747,1,193;504,1,172;510,1,102;828,1,128;143,1,122;514,1,177;663,1,37;668,2,142,211;526,1,505;317,1,203;203,1,383;390,1,173
1543,10,10:227,1,180;463,1,93;437,1,337;349,1,233;654,1,127;678,1,80;364,1,156;370,1,38;943,1,101;598,1,51
1544,4,4:227,1,200;727,1,263;689,1,79;850,1,271
1545,10,13:227,1,201;699,1,104;314,1,234;255,1,66;609,1,49;676,1,47;123,2,9,22;585,1,56;665,3,6,13,33;291,1,193
1546,15,30:227,1,217;619,1,165;19,1,130;956,6,2,10,17,59,86,148;964,1,102;240,1,176;437,1,325;932,2,120,147;283,1,164;532,3,1,21,95;721,2,77,115;202,1,145;824,3,1,12,54;544,3,24,92,105;787,3,4,11,93
1547,28,48:227,1,231;19,1,37;450,1,42;453,1,85;461,2,7,14;56,2,96,201;332,3,10,34,60;58,3,14,28,48;59,1,61;66,1,38;87,3,8,16,58;898,1,114;344,3,177,205,230;257,2,89,116;118,1,182;128,1,49;655,1,71;138,1,129;265,1,226;360,2,180,229;377,8,8,21,43,52,60,104,121,137;958,1,75;184,1,39;876,1,29;202,1,56;389,1,127;672,1,130;786,2,88,222
1548,23,24:227,1,239;753,1,75;447,1,93;622,1,140;795,1,96;799,1,55;632,1,226;674,1,38;82,1,146;992,1,69;412,1,168;108,1,34;846,2,49,84;884,1,217;347,1,49;850,1,82;731,1,110;128,1,249;589,1,268;958,1,107;912,1,66;195,1,63;786,1,186
1549,8,12:619,3,6,30,83;17,1,114;634,1,268;315,1,87;406,2,31,43;107,1,150;172,1,230;289,2,240,270
1550,9,19:619,6,15,39,64,105,121,151;33,1,255;992,3,11,22,41;957,3,20,40,74;985,2,78,108;713,1,75;855,1,37;582,1,23;266,1,31
1551,11,11:619,1,52;98,1,23;100,1,42;706,1,27;136,1,59;143,1,106;153,1,112;364,1,173;170,1,100;174,1,161;540,1,152
1552,1,1:619,1,54
1553,4,5:619,1,55;954,1,44;524,2,5,24;201,1,39
1554,34,40:619,1,78;963,1,65;28,1,41;458,1,275;240,1,76;51,1,126;64,1,279;339,1,158;79,1,54;478,1,315;742,1,163;89,1,83;94,1,34;609,1,55;495,1,172;747,3,59,91,95;349,2,4,21;581,1,94;854,1,80;421,1,152;142,1,75;679,1,58;280,2,159,244;593,2,3,10;285,1,272;172,2,49,95;181,1,64;866,1,114;943,1,33;195,1,21;872,1,145;198,1,172;989,1,104;213,1,106
1555,17,24:619,3,92,143,158;555,1,142;956,1,133;701,2,105,159;758,2,187,232;400,2,184,392;702,2,78,105;476,1,93;607,1,209;746,1,50;494,2,79,98;847,1,128;905,1,85;783,1,112;668,1,215;302,1,131;602,1,159
1556,1,1:619,1,103
1557,17,22:619,3,106,122,152;549,2,163,453;48,1,6;80,1,123;571,2,184,227;705,1,64;884,1,138;770,1,54;651,1,111;582,1,136;951,1,70;816,1,104;289,2,100,169;534,1,122;388,1,103;823,1,123;683,1,46
1558,5,5:619,1,148;480,1,150;255,1,86;111,1,59;667,1,99
1559,1,1:619,1,156
1560,25,29:619,1,161;396,1,155;27,1,69;236,1,62;238,2,190,203;46,1,181;329,1,89;52,1,308;403,1,338;68,1,100;491,1,50;111,1,82;119,1,107;812,1,60;121,1,139;731,1,48;127,1,97;581,1,204;270,1,103;356,1,262;281,2,21,45;524,1,100;529,3,17,39,70;670,1,70;604,1,384
1561,38,50:619,1,162;15,3,61,114,131;753,1,143;792,1,140;396,1,129;238,1,347;400,2,151,189;241,1,229;53,1,273;727,1,97;841,1,66;809,1,97;344,3,167,195,223;769,1,295;111,3,83,146,157;123,1,86;418,1,159;652,1,104;263,2,108,115;658,1,130;138,1,84;139,1,158;270,2,104,128;151,2,86,135;517,1,80;278,1,123;158,1,280;519,1,125;783,1,133;180,2,128,136;976,2,135,142;295,1,214;201,1,138;202,1,185;207,1,258;602,1,212;683,1,100;306,1,170
1562,1,1:619,1,164
1563,10,15:619,1,189;753,1,34;833,1,77;334,1,127;838,1,75;647,1,68;681,5,20,42,64,144,179;366,2,69,125;188,1,207;305,1,144
1564,36,57:15,4,4,26,109,148;826,1,55;325,1,104;777,1,65;460,2,48,89;628,4,44,61,153,226;55,1,40;404,1,115;470,3,4,11,57;73,1,51;74,1,114;77,1,76;409,1,57;95,2,14,30;97,1,329;101,1,182;106,1,71;676,3,5,14,26;116,1,33;261,1,55;416,2,11,30;747,2,41,159;123,1,42;130,1,106;264,1,47;131,1,332;351,1,34;512,2,88,153;151,1,257;152,3,170,208,268;518,1,179;681,1,110;316,1,88;285,1,109;535,3,10,25,65;543,3,9,31,147
1565,35,46:15,2,9,31;16,1,113;396,1,128;548,1,283;454,1,50;457,1,38;564,1,83;73,1,303;84,1,118;409,1,104;742,1,233;487,1,89;98,1,213;118,1,189;119,1,96;501,2,7,26;652,2,17,38;131,1,231;133,1,195;351,1,219;733,1,184;513,1,54;138,2,21,43;265,1,147;515,1,28;517,1,79;290,2,20,40;295,2,117,250;533,1,126;431,1,57;535,1,60;973,1,30;538,4,18,38,96,230;946,3,8,25,49;545,1,153
1566,31,46:15,2,10,32;834,1,118;27,1,66;758,2,175,195;330,1,73;64,1,397;78,1,86;84,1,94;409,2,40,105;95,1,125;97,2,90,151;346,1,62;418,1,142;652,2,126,235;906,1,40;511,1,111;266,1,44;515,1,29;148,1,52;152,3,202,210,270;815,1,43;280,2,9,37;376,1,59;284,2,28,57;188,1,217;991,1,54;784,1,63;389,1,113;390,1,243;221,7,100,111,128,133,139,184,197;546,1,60
1567,1,2:15,2,16,38
1568,17,20:15,2,22,44;231,1,123;548,1,294;757,1,20;702,1,154;564,1,94;259,1,47;111,1,156;652,1,101;771,1,157;584,1,59;519,1,383;524,1,115;286,1,127;195,1,68;201,1,112;604,3,306,337,387
1569,48,60:15,1,53;963,1,51;552,1,104;926,1,149;238,1,380;400,1,314;836,1,74;560,1,108;632,1,192;71,1,223;470,1,16;406,1,63;87,1,54;88,1,82;97,2,125,302;491,3,138,215,220;104,2,1,12;940,1,79;415,1,78;120,1,271;123,1,68;651,1,102;128,1,176;129,1,113;133,1,18;772,1,80;424,2,72,160;773,2,43,83;149,1,29;153,1,215;518,1,70;719,1,49;167,1,210;284,1,149;285,1,268;377,1,123;293,1,36;295,1,228;532,2,42,101;872,2,211,256;534,1,90;821,1,161;201,1,26;538,1,163;946,1,187;218,4,56,89,142,160;221,1,224;546,2,155,171
1570,8,15:15,2,56,127;33,1,45;491,1,87;504,2,60,146;505,2,59,64;711,1,148;514,3,64,151,248;204,3,139,224,254
1571,8,8:15,1,60;238,1,306;742,1,239;98,1,193;102,1,122;856,1,120;375,1,138;285,1,53
1572,3,3:15,1,73;531,1,108;910,1,34
1573,17,24:15,1,84;26,1,30;455,2,47,80;461,1,222;41,1,94;75,1,62;479,1,49;342,2,100,163;496,4,10,30,51,67;846,2,15,30;122,2,5,15;653,1,142;655,1,133;358,1,84;958,1,80;432,1,137;879,1,61
1574,34,49:15,1,130;47,1,155;327,1,281;437,1,143;727,1,119;629,1,98;702,1,65;247,1,133;78,2,8,16;252,1,208;566,1,170;88,2,17,34;97,3,17,34,76;98,1,122;490,2,19,40;102,1,90;120,3,15,31,128;649,1,286;501,2,19,38;658,1,129;714,1,33;356,2,246,261;153,2,26,52;664,2,17,34;829,1,139;273,1,289;274,1,141;369,2,80,83;280,2,25,53;373,2,8,29;287,1,147;191,1,94;305,1,111;546,2,23,47
1575,1,1:15,1,161
1576,6,7:15,1,165;458,1,221;242,1,67;424,2,83,116;153,1,191;519,1,108
1577,3,6:15,2,170,187;236,2,84,120;973,2,90,110
1578,48,57:15,1,179;620,1,91;447,1,125;44,1,351;400,1,365;47,1,236;557,1,69;52,1,259;331,1,80;403,1,114;337,1,103;404,1,62;802,1,158;75,1,644;253,1,56;481,2,104,128;809,1,132;102,2,174,195;899,1,105;652,1,176;708,1,16;132,2,74,136;709,2,167,191;351,1,230;692,2,113,133;265,2,139,166;144,2,99,152;270,1,379;517,1,153;156,1,308;717,1,184;163,2,61,124;524,1,273;174,1,272;530,1,95;179,1,354;912,1,226;943,1,141;188,1,148;203,1,412;598,1,130;785,1,106;538,2,190,195;724,1,55;825,1,148;390,1,269;306,1,302;546,1,191
1579,7,7:15,1,183;63,1,177;80,1,40;841,1,69;111,1,77;280,1,361;204,1,146
1580,17,33:15,1,188;445,2,82,162;459,2,186,230;52,1,97;67,2,125,173;339,1,162;639,1,350;662,1,140;519,2,139,466;167,3,26,55,67;736,1,100;284,1,101;188,6,26,54,156,175,188,200;189,3,27,57,75;295,3,13,33,90;305,2,118,159;604,1,360
1581,1,1:15,1,193
1582,6,9:698,2,65,212;835,1,95;634,1,87;495,3,6,23,62;732,1,65;144,1,262
1583,4,5:698,2,67,214;634,1,88;732,1,66;144,1,263
1584,10,11:698,1,91;793,1,43;607,2,5,24;764,1,119;805,1,47;258,1,62;504,1,128;655,1,150;514,1,135;724,1,201
1585,1,1:698,1,111
1586,1,1:698,1,121
1587,5,5:698,1,123;568,1,79;254,1,39;141,1,121;204,1,53
1588,12,13:698,1,125;445,1,92;19,1,129;755,1,49;46,1,131;760,1,63;97,1,250;345,1,27;847,1,66;139,2,109,204;866,1,90;872,1,121
1589,33,43:698,1,146;30,1,63;554,1,239;626,1,93;330,1,45;311,1,384;561,2,72,98;632,3,144,234,271;339,1,177;839,1,88;81,1,36;766,2,76,80;767,2,63,69;675,1,77;730,3,118,151,196;112,1,110;346,1,34;731,1,96;132,1,186;351,1,185;421,1,88;141,1,149;142,1,67;715,1,53;356,3,83,151,276;519,1,157;426,1,194;167,1,138;593,1,17;976,1,127;189,1,144;670,1,102;825,2,117,145
1590,5,6:698,1,159;20,1,115;930,1,73;78,2,94,137;80,1,33
1591,12,13:698,1,167;67,1,72;804,1,129;490,1,43;969,1,47;582,1,135;267,1,85;155,1,202;717,1,136;193,1,132;200,1,129;946,2,88,181
1592,4,4:698,1,179;625,1,32;477,1,107;478,1,176
1593,3,3:698,1,193;968,1,38;182,1,86
1594,19,26:698,1,198;231,1,195;623,1,42;459,3,93,191,387;398,1,196;797,1,93;631,1,133;810,2,14,30;710,1,34;856,1,61;659,1,64;679,1,29;916,1,85;427,1,63;174,2,133,280;529,1,80;873,2,55,100;824,2,104,120;218,2,154,259
1595,16,18:698,1,204;395,1,81;328,1,126;334,1,113;562,1,71;564,2,79,115;675,1,319;494,2,139,167;647,1,55;140,1,174;585,1,144;993,1,34;152,1,98;681,1,176;364,1,115;593,1,63
1596,11,13:698,1,235;35,1,34;62,1,97;251,1,50;253,1,179;411,1,109;585,1,142;151,2,90,128;184,2,161,191;187,1,99;200,1,126
1597,6,6:698,1,239;793,1,109;40,1,85;468,1,127;502,1,86;602,1,168
1598,11,15:321,2,1,16;329,2,12,33;631,1,31;256,1,172;423,1,305;659,1,27;159,1,85;165,1,89;524,1,256;184,1,110;431,3,2,10,23
1599,16,39:321,5,7,22,56,106,142;45,1,45;337,3,53,62,136;338,4,2,18,112,196;313,1,75;703,5,7,15,28,57,119;341,1,128;344,2,6,26;257,1,76;119,1,69;134,1,175;281,1,111;171,4,72,141,151,166;316,2,255,283;290,1,86;818,6,4,16,35,44,89,108
1600,15,68:321,6,11,26,51,132,146,155;332,12,6,18,30,42,56,71,97,168,173,194,214,236;58,9,6,20,98,143,147,171,178,190,206;68,3,55,126,157;338,1,205;313,1,249;256,5,177,253,333,383,391;119,7,2,15,28,84,144,169,216;270,1,382;283,11,14,34,60,79,108,115,120,127,143,187,193;372,1,101;173,1,87;198,1,129;202,7,14,33,95,116,133,174,201;601,2,48,116
1601,2,3:321,2,33,86;359,1,142
1602,7,8:321,1,35;330,2,6,19;313,1,63;354,1,119;519,1,54;426,1,110;382,1,116
1603,55,89:321,1,40;686,1,154;325,1,178;327,1,295;328,2,38,46;329,2,132,146;50,2,179,210;437,3,254,263,270;56,2,42,326;59,1,90;247,1,105;703,1,76;608,1,91;341,2,126,129;569,1,48;992,1,59;344,2,7,27;101,3,147,216,261;675,4,278,287,316,339;110,1,86;577,1,52;508,3,4,19,33;677,1,164;513,1,86;423,1,130;660,1,45;814,1,62;270,4,159,222,296,404;356,1,131;149,1,76;518,2,132,172;681,4,7,29,49,155;155,1,180;276,1,216;859,1,158;280,1,254;281,1,102;666,2,140,150;719,2,79,92;282,1,105;171,5,142,148,167,172,178;375,1,225;284,1,145;290,1,102;291,1,170;175,3,16,42,76;873,1,112;201,1,45;202,1,49;203,1,85;538,5,46,153,174,211,236;301,1,53;211,1,47;221,1,82;546,1,135
1604,17,17:321,1,44;21,1,203;623,1,82;700,1,32;337,1,110;407,1,44;485,1,40;915,1,161;570,1,47;676,1,31;131,1,76;677,1,202;163,1,52;595,1,183;179,1,142;199,1,123;200,1,50
1605,3,5:321,1,52;313,3,11,25,38;316,1,59
1606,4,4:321,1,53;350,1,42;663,1,71;384,1,57
1607,4,6:321,1,71;246,3,13,33,68;344,1,72;675,1,193
1608,2,2:321,1,75;252,1,161
1609,44,54:321,1,89;444,2,45,134;16,3,6,19,59;547,1,155;232,1,29;323,1,102;398,1,274;34,1,127;48,2,170,189;54,1,127;246,1,82;247,1,57;469,1,62;339,1,119;932,1,163;569,2,10,24;639,1,151;710,1,11;423,1,105;662,1,31;148,1,257;273,1,129;274,1,117;277,3,48,60,185;426,1,108;720,1,72;371,1,212;171,1,96;526,1,154;287,1,133;818,1,59;176,1,82;862,1,100;870,1,63;194,1,44;195,1,87;534,1,52;317,1,157;822,1,38;207,2,329,342;946,2,90,183;300,1,56;786,2,20,40;219,1,149
1610,14,18:321,1,101;339,1,178;473,3,133,165,414;948,1,77;343,1,62;494,1,105;575,2,36,68;505,1,22;419,1,50;920,1,44;526,1,382;176,1,83;958,2,54,116;863,1,74
1611,62,68:321,1,123;228,2,30,67;20,1,24;623,1,96;826,1,68;461,1,190;36,1,38;399,1,80;41,1,179;45,1,61;627,1,25;437,1,341;242,1,37;53,1,96;797,1,17;332,1,123;58,1,232;837,1,20;311,1,487;246,1,42;402,1,151;633,1,144;404,1,96;802,1,27;779,2,108,191;253,1,30;408,1,24;88,1,111;898,1,14;808,1,16;344,1,122;256,1,265;851,1,112;652,1,274;613,1,49;853,1,35;514,1,167;356,1,26;150,2,16,183;364,1,44;365,1,121;164,1,71;366,2,28,60;367,1,24;369,1,62;170,1,101;375,1,119;285,1,323;595,1,92;172,1,38;286,1,94;292,1,133;866,1,36;379,1,28;872,1,67;534,1,38;535,1,32;298,1,77;386,1,94;389,1,18;883,3,45,143,161;787,1,16
1612,31,31:321,1,129;21,1,143;436,1,156;456,1,52;926,1,188;461,1,29;338,1,128;762,1,43;77,1,37;81,1,40;85,1,20;742,1,111;481,1,106;780,1,167;487,1,102;343,1,177;256,1,229;100,1,183;259,1,78;114,1,71;575,1,86;125,1,206;516,1,129;279,1,70;591,1,83;593,1,35;171,1,190;526,1,349;173,1,130;292,1,97;602,1,262
1613,32,76:321,1,133;673,1,95;38,2,256,264;43,2,223,231;332,3,1,25,50;58,3,1,15,35;837,2,59,96;247,6,4,22,77,91,112,154;632,1,116;490,4,16,37,64,130;108,1,135;499,3,14,34,51;119,7,3,16,29,145,170,217,231;136,8,2,5,28,79,86,91,119,146;680,2,2,5;152,1,220;273,2,325,390;274,2,171,287;373,1,86;376,1,56;595,5,6,25,89,95,207;527,2,2,12;377,1,79;536,1,127;201,3,5,17,46;202,3,100,117,202;945,1,65;203,1,73;303,1,184;304,1,42;307,3,6,38,244;220,1,147
1614,13,14:321,1,150;236,1,158;627,1,72;65,1,50;339,1,199;473,1,251;845,1,57;114,1,113;654,2,146,177;655,1,137;280,1,80;912,1,94;300,1,123
1615,3,6:321,1,156;449,1,97;344,4,91,163,191,214
1616,1,1:752,1,29
1617,6,7:752,1,42;552,1,179;926,1,96;553,1,50;763,2,112,131;168,1,260
1618,3,3:752,1,57;484,1,40;827,1,172
1619,14,16:752,1,91;236,1,137;397,2,221,234;33,1,81;674,1,39;73,2,62,103;640,1,44;511,1,67;856,1,190;142,1,27;145,1,62;424,1,60;590,1,109;530,1,197
1620,2,2:752,1,97;858,1,156
1621,45,53:752,1,103;230,1,226;755,2,46,126;549,1,400;27,1,214;552,1,69;554,1,288;701,1,104;727,2,135,258;558,1,50;247,1,156;760,2,60,87;403,2,288,404;312,1,104;75,1,69;77,1,184;82,1,65;488,1,178;570,2,130,143;770,1,73;115,1,179;264,1,196;709,1,59;512,1,58;659,1,74;584,1,230;270,1,336;360,1,294;274,1,276;586,1,123;519,1,317;165,1,103;526,1,502;862,2,184,219;178,1,130;292,3,163,203,261;873,1,107;432,1,49;433,1,185;203,1,187;883,1,229;603,1,87;303,1,182;786,1,212;390,1,214
1622,6,7:752,2,157,289;808,1,93;610,1,43;260,1,110;651,1,51;786,1,263
1623,3,4:752,2,160,273;459,1,148;130,1,263
1624,7,8:752,2,181,191;26,1,89;458,1,216;82,1,168;495,1,107;357,1,124;543,1,135
1625,10,11:752,1,197;757,2,5,14;462,1,30;240,1,61;634,1,89;99,1,121;747,1,116;421,1,23;137,1,34;976,1,65
1626,6,6:752,1,202;764,1,38;677,1,178;422,1,50;184,1,236;199,1,91
1627,1,1:752,1,205
1628,2,2:752,1,216;456,1,116
1629,23,41:752,1,228;24,2,48,107;624,1,115;625,3,23,35,103;33,4,65,128,138,154;50,2,145,169;247,1,265;804,3,10,20,45;729,1,39;845,2,38,71;497,2,49,85;942,1,48;511,1,135;584,1,75;814,1,29;595,3,141,227,250;527,1,122;180,1,35;183,2,5,18;184,1,18;434,1,67;723,1,44;879,5,10,31,51,91,216
1630,7,7:752,1,241;231,1,78;111,1,68;827,1,71;158,1,268;602,1,162;306,1,331
1631,22,25:752,1,251;621,1,141;963,3,11,22,56;554,1,145;437,1,105;633,1,95;87,1,106;482,1,225;960,1,42;96,1,99;921,1,21;98,1,79;412,1,129;769,1,280;415,2,74,84;655,1,65;512,1,181;715,1,114;682,1,99;589,1,137;532,1,77;670,1,141
1632,1,1:752,1,267
1633,4,4:752,1,283;251,1,75;261,1,39;373,1,72
1634,6,8:753,1,19;120,1,94;531,1,152;600,3,66,107,121;877,1,95;538,1,64
1635,2,2:753,1,27;935,1,73
1636,4,4:753,1,38;71,1,66;84,1,73;586,1,175
1637,1,1:753,1,52
1638,1,1:753,1,59
1639,10,10:753,1,60;231,1,107;454,1,75;44,1,117;727,1,44;354,1,78;663,1,54;784,1,78;604,1,378;546,1,74
1640,18,29:753,1,88;725,1,113;834,2,88,141;795,2,88,162;460,2,23,76;400,2,274,348;64,2,236,416;474,2,6,14;763,3,54,105,168;974,1,56;87,2,145,198;103,1,150;412,2,68,229;848,1,76;504,1,21;505,1,72;514,1,26;683,2,103,129
1641,4,7:753,1,90;560,1,101;840,1,69;97,4,190,209,235,326
1642,5,5:753,1,97;74,1,61;607,1,104;657,1,120;671,1,100
1643,5,5:753,1,98;607,1,106;477,1,73;769,1,183;657,1,122
1644,7,14:444,3,2,12,30;16,1,30;834,1,147;464,3,7,15,40;81,1,103;683,2,67,162;787,3,49,107,139
1645,1,1:444,1,31
1646,14,20:444,1,33;620,2,23,55;395,1,44;792,2,70,94;456,1,203;704,1,192;405,2,3,14;966,2,76,107;842,1,56;115,1,98;574,2,92,116;130,2,185,241;715,1,181;426,1,193
1647,6,7:444,1,50;686,1,106;727,2,130,237;343,1,119;497,1,50;527,1,97
1648,28,68:444,5,52,60,79,95,118;620,1,78;453,1,211;236,7,32,39,149,168,171,241,251;456,6,4,16,35,132,270,321;28,2,4,11;554,2,118,202;777,1,165;795,5,61,78,154,178,185;726,1,93;51,1,101;465,2,102,114;53,3,61,93,249;797,1,85;629,1,225;314,3,60,109,212;564,1,63;473,1,390;405,1,30;966,2,81,94;969,1,81;511,4,60,72,105,140;519,10,87,119,128,168,178,195,213,244,372,377;520,1,117;591,2,89,126;816,1,73;174,1,263;786,1,218
1649,1,2:444,2,54,109
1650,10,15:444,2,59,66;622,3,12,25,69;834,1,179;954,1,54;726,1,92;778,3,83,105,159;153,1,186;614,1,39;531,1,100;824,1,100
1651,2,3:444,2,65,121;629,1,226
1652,1,3:444,3,78,107,136
1653,22,30:444,3,82,99,112;395,3,8,17,37;792,3,11,23,38;835,1,37;554,1,155;34,1,52;243,1,38;797,1,54;244,1,55;476,1,40;479,1,60;807,1,60;410,3,1,16,37;982,1,31;413,1,56;497,1,87;117,1,111;655,1,83;133,1,216;144,1,161;519,1,66;597,1,44
1654,3,3:444,1,92;232,1,323;118,1,32
1655,39,63:444,1,142;686,1,145;699,1,109;624,1,59;687,1,46;45,1,30;464,3,65,149,169;49,2,48,79;50,5,187,237,244,260,273;243,1,103;331,1,35;332,3,22,46,90;58,2,67,83;247,2,86,186;69,1,53;473,2,340,378;475,1,57;95,1,106;344,3,12,32,131;256,1,202;117,2,60,79;575,1,34;134,3,11,29,61;351,3,38,206,216;510,2,51,111;420,3,84,92,111;148,1,151;150,3,31,117,160;157,1,133;280,1,71;374,1,42;375,1,271;284,1,139;595,1,221;527,1,61;535,1,61;384,1,82;387,1,37;202,1,96
1656,5,5:620,1,24;629,1,22;571,1,63;904,1,78;670,1,52
1657,7,14:620,1,35;233,1,86;621,2,61,130;76,1,34;371,7,15,19,36,40,50,54,183;170,1,123;670,1,32
1658,2,2:620,1,40;966,1,45
1659,6,6:620,1,43;56,1,66;267,1,197;287,1,149;183,1,180;187,1,101
1660,10,10:620,1,44;625,1,42;465,1,54;333,1,20;715,1,188;682,1,60;694,1,55;383,1,73;389,1,99;823,1,108
1661,4,4:620,1,48;548,1,109;622,1,37;364,1,45
1662,6,9:620,1,50;52,4,96,188,204,224;778,1,179;528,1,237;299,1,244;616,1,88
1663,2,2:620,1,64;174,1,199
1664,6,9:620,1,73;28,2,2,9;554,2,2,9;956,1,108;64,2,126,167;432,1,88
1665,1,1:620,1,76
1666,27,92:620,1,85;436,1,130;450,5,18,29,32,103,117;236,3,5,16,99;28,2,30,51;554,4,4,11,35,85;465,9,4,13,36,68,146,160,191,197,234;629,7,6,16,25,47,139,160,177;54,3,11,23,47;511,2,2,8;423,6,8,17,26,88,152,355;516,3,9,22,169;519,3,2,10,23;520,4,9,18,32,85;522,4,10,20,41,114;426,5,20,40,67,73,78;161,1,116;286,1,72;528,5,7,32,54,106,203;174,3,7,26,44;529,2,7,29;530,3,4,15,37;289,7,42,153,245,275,286,295,319;432,1,91;722,4,5,13,34,61;199,2,14,28;220,1,116
1667,22,36:620,1,89;725,1,34;40,1,118;401,1,33;702,1,68;311,4,142,396,417,500;247,3,15,33,54;250,4,12,28,54,97;478,1,104;490,1,117;493,1,43;499,1,112;504,1,180;507,1,36;511,2,6,12;514,1,185;680,1,38;365,2,10,27;527,1,29;596,1,68;533,2,8,16;536,4,15,30,39,107
1668,4,7:445,4,4,21,73,98;554,1,224;521,1,103;961,1,143
1669,4,12:445,6,16,33,42,125,153,181;161,4,5,14,31,66;167,1,63;189,1,62
1670,28,54:445,3,17,34,43;231,1,141;461,1,185;240,4,44,82,169,291;329,1,83;333,2,111,133;68,1,52;313,1,73;804,1,123;957,2,2,22;97,1,78;344,4,20,40,65,143;256,7,18,41,72,185,224,277,375;257,2,15,33;845,1,66;350,1,202;270,1,189;589,1,257;283,1,61;171,1,70;288,3,26,59,95;289,2,73,324;737,1,120;195,1,95;721,2,1,15;383,1,101;201,4,9,21,51,56;202,3,15,34,175
1671,2,2:445,1,45;172,1,69
1672,6,6:445,1,59;832,1,76;112,1,45;155,1,160;193,1,234;194,1,92
1673,1,1:445,1,61
1674,2,2:445,1,101;601,1,107
1675,6,9:445,2,104,136;465,3,7,16,39;345,1,42;421,1,174;141,1,157;858,1,116
1676,30,40:445,2,107,138;18,1,78;622,1,136;454,2,37,148;238,3,29,78,166;400,1,318;471,1,25;841,1,51;101,1,137;103,1,191;769,2,204,211;111,1,132;418,1,192;652,1,228;263,1,85;690,1,95;130,1,244;781,1,46;656,2,68,148;856,1,141;907,1,71;144,2,312,328;919,2,69,80;367,1,147;281,2,148,174;290,1,125;862,2,120,123;865,1,50;212,1,36;672,1,152
1677,15,26:445,6,112,124,143,152,172,180;27,1,198;464,1,163;674,1,51;741,1,41;634,1,246;652,2,205,226;133,1,47;862,2,117,149;295,2,203,253;199,1,85;299,1,186;305,1,173;218,1,194;219,4,91,160,195,233
1678,16,23:445,2,134,169;727,2,133,194;64,1,346;760,1,85;471,1,43;762,2,171,195;75,2,491,537;608,1,63;490,1,163;642,1,199;850,4,260,266,296,301;656,1,84;773,1,105;289,1,209;185,1,113;219,1,268
1679,22,23:445,1,149;228,1,166;396,1,165;232,1,146;399,1,74;311,1,446;473,1,75;810,1,94;707,1,160;827,1,142;504,1,210;856,2,166,214;514,1,210;585,1,191;271,1,156;272,1,166;154,1,168;163,1,113;171,1,105;738,1,103;292,1,266;317,1,216
1680,7,7:445,1,166;327,1,99;629,1,134;674,1,103;656,1,62;590,1,149;382,1,85
1681,4,5:445,1,177;17,2,40,192;76,1,83;362,1,143
1682,3,5:979,2,5,17;758,1,55;411,2,5,12
1683,4,6:979,3,6,18,37;549,1,207;494,1,43;385,1,67
1684,8,11:979,3,9,21,40;85,1,143;343,1,183;256,1,271;125,1,62;917,2,2,9;738,1,110;203,1,227
1685,11,17:979,1,32;842,1,96;350,2,76,134;422,2,6,17;516,1,187;158,2,1,21;521,1,58;171,2,76,197;818,3,46,62,68;724,1,88;546,1,199
1686,2,2:979,1,36;425,1,36
1687,2,4:979,1,52;547,3,75,140,312
1688,1,1:979,1,72
1689,3,3:979,1,77;80,1,78;781,1,172
1690,9,10:979,1,84;396,1,297;311,1,265;114,1,94;121,2,209,240;143,1,75;280,1,290;285,1,192;390,1,258
1691,3,3:979,1,87;884,1,237;168,1,130
1692,4,4:979,1,91;730,1,92;872,1,261;197,1,107
1693,12,16:979,1,98;327,1,70;61,1,43;101,2,193,276;361,1,123;155,1,205;158,1,337;951,2,123,151;818,1,110;381,2,58,88;384,2,155,239;386,1,111
1694,14,18:725,2,2,11;396,1,285;312,1,85;842,1,92;103,1,57;106,1,30;423,1,55;161,1,20;523,1,92;316,1,347;287,3,5,32,59;911,1,43;296,1,17;317,2,61,84
1695,3,4:725,1,20;460,1,69;155,2,248,318
1696,4,5:725,2,36,44;400,1,316;409,1,150;945,1,32
1697,12,18:725,1,49;832,1,74;625,6,59,64,72,80,134,144;554,1,159;966,1,30;842,1,21;106,1,116;119,1,58;505,1,29;419,1,24;139,1,64;962,2,35,72
1698,6,9:725,1,50;400,1,340;505,1,141;166,3,5,16,35;683,2,6,14;787,1,60
1699,2,2:725,1,57;609,1,35
1700,44,63:725,2,62,102;792,2,116,124;793,1,114;625,2,37,85;325,1,174;835,2,66,81;397,2,266,272;701,3,16,33,87;39,1,92;45,1,139;328,1,102;401,1,132;332,1,138;59,2,45,83;63,2,175,197;468,1,119;313,1,118;806,2,51,71;639,1,308;675,2,157,311;107,2,88,183;573,1,49;850,1,136;125,2,128,139;886,1,78;350,2,59,266;581,1,97;814,1,102;662,1,90;152,4,9,40,65,71;681,1,87;425,1,43;589,1,189;859,1,58;371,1,135;531,1,160;183,1,168;184,1,46;943,3,2,16,30;944,1,32;381,1,28;537,1,69;775,1,80;683,1,47
1701,4,5:725,1,70;763,1,191;650,2,4,16;533,1,20
1702,1,1:725,1,78
1703,1,1:725,1,88
1704,28,36:725,1,99;29,1,251;325,1,182;458,1,138;554,1,297;795,1,14;400,1,298;559,1,74;337,1,66;965,3,3,14,36;345,1,150;414,1,16;710,1,66;581,1,135;423,1,84;143,1,215;585,1,132;357,1,68;517,1,49;155,1,76;717,1,106;371,1,217;173,1,70;958,1,154;912,1,138;184,1,30;976,1,113;198,7,6,17,65,130,149,173,189
1705,28,43:725,1,114;20,1,101;23,1,88;623,1,84;27,1,147;454,1,125;983,1,56;35,2,15,30;399,3,50,147,155;836,1,69;606,2,16,136;314,2,5,24;763,1,55;936,1,110;974,1,28;997,2,6,12;489,3,11,25,39;808,1,79;649,2,7,23;747,4,12,24,106,119;505,4,5,10,94,142;133,1,165;734,1,22;145,1,106;273,1,162;888,1,14;602,1,149;787,1,61
1706,1,4:16,4,3,16,56,102
1707,6,6:16,1,37;323,1,138;397,1,276;764,1,14;785,1,39;786,1,163
1708,3,3:16,1,42;89,1,82;587,1,203
1709,15,16:16,1,43;700,1,369;89,2,79,119;482,1,47;766,1,59;256,1,176;120,1,80;500,1,118;133,1,43;420,1,80;582,1,89;668,1,75;172,1,62;178,1,177;786,1,195
1710,14,20:16,1,44;22,1,76;456,1,349;554,1,133;56,1,199;333,2,60,79;631,1,151;808,1,149;709,1,207;677,1,103;279,1,106;427,1,65;529,1,107;289,6,99,168,218,249,289,300
1711,24,56:16,1,66;547,1,194;231,4,94,112,128,276;624,1,41;701,2,29,96;459,7,11,24,33,143,166,236,277;398,6,7,17,27,100,229,277;838,2,11,23;674,3,6,22,61;475,1,120;936,1,34;984,1,76;851,4,96,101,123,149;827,2,16,35;512,1,48;157,2,10,40;716,1,141;425,1,71;158,2,75,85;823,4,20,41,81,136;435,1,151;542,1,60;672,5,13,29,36,53,126;546,2,185,210
1712,1,1:16,1,73
1713,3,4:16,1,84;632,1,100;277,2,6,17
1714,7,7:16,1,86;230,1,233;242,1,101;742,1,71;101,1,77;119,1,134;191,1,63
1715,21,31:16,1,142;34,1,69;38,1,154;475,1,40;763,2,4,16;566,1,190;637,3,8,17,31;608,2,10,21;481,1,53;639,1,101;899,2,8,17;949,1,40;676,1,105;769,4,1,11,200,246;577,1,132;505,3,4,9,93;152,1,214;718,1,15;371,1,172;288,1,124;382,1,49
1716,2,6:17,3,13,27,218;67,3,21,44,66
1717,20,20:17,1,50;549,1,306;699,1,70;552,1,184;34,1,129;927,1,73;41,1,76;55,1,170;468,1,91;704,1,89;80,1,117;413,1,59;709,1,87;677,1,155;421,1,91;658,1,27;267,1,167;682,1,63;184,1,35;597,1,59
1718,15,27:17,4,54,122,162,202;700,1,20;36,2,91,230;239,7,13,42,83,234,258,272,285;48,1,50;329,1,147;312,3,2,10,22;339,1,48;742,1,98;151,1,224;170,1,76;372,1,111;173,1,57;911,1,53;220,1,74
1719,1,2:17,2,71,103
1720,17,28:17,1,73;336,2,64,85;312,3,7,15,45;251,2,1,17;473,1,370;652,2,171,216;732,2,56,72;140,1,238;354,1,47;355,2,9,31;356,2,136,187;150,2,36,122;274,3,193,221,279;375,1,212;317,1,78;303,1,192;305,1,177
1721,22,26:17,2,106,137;22,1,304;758,1,228;332,1,223;58,1,194;247,1,99;467,2,103,137;403,1,88;607,1,186;765,1,82;345,1,166;827,1,101;781,1,80;504,1,236;370,1,81;288,1,142;188,1,162;722,1,74;201,1,121;202,3,160,181,192;302,1,149;221,1,210
1722,10,10:17,1,107;34,1,179;632,1,227;473,1,306;497,1,61;142,1,49;517,1,221;426,1,202;369,1,108;876,1,36
1723,7,7:17,1,113;315,1,86;939,1,38;107,1,149;715,1,282;518,1,278;200,1,77
1724,6,6:17,1,119;310,1,78;747,1,138;662,1,16;829,1,63;203,1,80
1725,1,1:17,1,173
1726,2,4:395,3,6,15,34;792,1,35
1727,3,3:395,1,39;452,1,70;261,1,92
1728,10,11:395,1,51;700,1,335;40,1,40;891,1,64;78,1,97;480,1,192;115,1,42;148,1,55;908,2,43,50;219,1,166
1729,1,1:395,1,61
1730,11,17:395,1,66;834,1,187;966,3,2,4,77;412,1,131;969,2,24,39;131,1,200;280,3,98,103,113;526,1,483;173,1,76;430,2,84,94;683,1,68
1731,17,20:792,1,73;686,2,76,134;457,1,74;32,2,100,222;461,1,85;556,2,121,139;247,1,95;75,1,44;567,1,55;843,1,38;644,1,115;811,1,80;856,1,181;715,1,230;163,1,46;600,1,68;724,1,198
1732,5,6:792,1,74;686,2,77,135;465,1,209;490,1,162;592,1,91
1733,30,43:792,1,78;834,1,154;24,1,82;758,2,84,154;556,1,97;465,2,35,101;800,1,40;312,1,95;73,3,6,22,39;802,3,2,14,43;803,1,61;474,1,73;762,1,77;77,1,120;966,1,110;103,1,102;573,4,5,19,34,80;574,2,89,114;122,1,105;691,1,40;264,1,79;131,3,130,168,199;140,1,144;144,2,53,364;424,1,197;280,1,322;200,1,31;989,1,188;601,1,93;207,1,170
1734,4,4:792,1,200;35,1,166;762,1,230;899,1,38
1735,21,37:792,1,202;793,2,41,85;700,1,220;777,2,147,190;437,1,319;65,2,5,15;337,1,101;315,3,1,10,22;564,2,54,118;82,1,60;89,1,60;941,4,6,13,25,44;650,1,118;500,1,20;651,3,5,17,195;732,1,149;505,1,107;518,1,273;365,3,17,34,72;737,2,65,127;724,3,13,31,43
1736,38,40:792,1,203;396,1,249;21,1,296;436,1,173;235,1,149;458,1,71;459,1,320;40,1,48;557,1,173;606,1,152;798,1,95;249,1,73;472,1,73;932,1,151;762,1,241;80,1,176;841,1,18;966,1,69;809,1,98;491,1,204;572,1,57;115,1,61;578,2,1,13;502,1,41;734,1,224;717,1,221;168,1,244;292,2,278,345;912,1,41;184,1,146;876,1,82;203,1,385;213,1,33;214,1,34;216,1,91;879,1,197;306,1,298;220,1,63
1737,8,8:792,1,211;241,1,178;80,1,66;915,1,92;256,1,266;524,1,268;171,1,88;952,1,90
1738,4,6:228,1,48;700,2,69,138;110,2,25,60;433,1,60
1739,2,2:228,1,50;326,1,95
1740,20,21:228,1,77;447,1,62;22,1,72;237,1,192;927,2,24,61;838,1,256;931,1,62;763,1,79;637,1,68;87,1,193;254,1,42;97,1,103;345,1,30;747,1,33;653,1,57;971,1,60;512,1,230;422,1,36;978,1,24;430,1,51
1741,13,14:228,1,107;53,1,199;403,1,57;473,1,181;343,1,115;412,1,250;262,1,93;781,2,10,23;159,1,132;526,1,451;818,1,66;823,1,143;542,1,62
1742,2,2:228,1,134;27,1,190
1743,29,31:228,1,136;549,1,144;436,1,80;834,1,250;450,1,50;954,1,150;983,1,47;326,1,79;397,2,154,368;778,2,137,192;71,1,205;474,1,142;75,1,161;252,1,122;94,1,57;705,1,120;111,1,128;811,1,55;349,1,131;654,1,80;886,1,47;709,1,75;734,1,208;583,1,78;584,1,265;587,1,62;717,1,224;719,1,105;531,1,205
1744,8,8:228,1,138;230,1,276;27,1,240;557,1,188;437,1,213;606,1,70;634,1,162;642,1,150
1745,28,36:228,1,167;622,1,31;699,2,2,23;553,1,9;625,1,120;701,1,15;400,1,332;932,3,1,24,48;895,2,1,14;480,1,59;99,1,178;119,1,157;651,1,88;132,1,42;357,1,76;588,1,64;426,1,197;919,1,46;694,1,91;720,1,67;171,1,106;316,1,163;178,1,180;866,2,2,13;294,3,1,13,57;870,1,80;872,2,2,13;207,1,312
1746,1,1:228,1,188
1747,3,3:228,1,213;77,1,93;432,1,45
1748,10,10:228,1,247;323,1,163;26,1,124;933,1,112;82,1,46;481,1,117;898,1,32;94,1,32;423,1,134;317,1,52
1749,1,1:228,1,255
1750,64,105:228,2,269,307;18,1,33;230,2,193,273;548,1,235;22,2,96,110;834,2,100,233;700,1,219;457,1,51;795,1,107;35,3,3,18,79;39,1,146;465,1,216;606,1,49;245,1,49;311,3,111,228,238;562,1,97;64,1,295;800,1,67;314,1,238;73,1,90;75,3,395,498,532;763,1,125;81,1,140;487,1,288;808,1,89;102,7,10,29,55,96,107,185,234;491,1,36;411,1,38;492,1,22;493,1,82;645,2,54,94;646,1,96;810,1,83;969,1,87;573,1,55;884,2,100,164;417,1,128;578,1,31;747,2,141,178;850,4,65,78,146,278;502,1,23;125,2,101,177;127,1,70;581,2,69,106;854,1,93;711,5,6,18,58,81,113;712,3,6,16,50;713,2,51,121;855,2,1,13;733,5,69,96,146,218,245;692,3,44,84,98;856,1,41;142,1,136;714,1,93;515,1,97;273,3,228,281,333;170,1,216;596,1,229;200,1,108;823,1,85;824,2,92,111;602,1,106;683,1,121;604,1,274
1751,1,1:228,1,279
1752,8,8:228,1,313;255,1,117;115,1,105;582,1,85;141,1,105;962,1,40;591,1,46;197,1,96
1753,3,3:228,1,314;466,1,60;639,1,394
1754,3,3:228,1,326;644,1,93;541,1,84
1755,4,4:228,1,338;625,1,110;777,1,162;238,1,237
1756,1,1:228,1,340
1757,3,6:18,2,6,19;63,2,2,8;267,2,8,23
1758,1,2:18,2,7,20
1759,4,5:18,1,27;759,1,75;515,2,1,9;200,1,104
1760,3,3:18,1,60;241,1,69;366,1,114
1761,1,1:18,1,62
1762,9,15:18,1,73;28,1,34;726,2,11,23;68,1,106;471,1,84;131,1,237;273,6,145,149,161,201,237,246;519,1,269;430,1,71
1763,8,21:446,4,7,15,21,35;554,4,44,137,158,165;465,1,76;159,4,11,23,41,52;519,2,57,323;693,3,2,6,120;426,2,5,25;432,1,90
1764,22,72:446,3,22,50,100;436,2,98,147;423,5,9,18,27,213,307;516,1,136;159,3,53,160,185;519,1,40;521,3,3,17,138;693,2,37,121;588,5,3,9,26,49,111;426,4,6,26,47,208;168,6,7,19,27,161,177,257;370,7,6,14,21,29,56,68,93;912,1,185;430,5,6,26,54,118,149;191,3,6,13,45;192,4,3,9,15,21;195,4,4,8,72,150;820,1,60;380,5,2,9,17,37,83;431,4,4,12,25,64;876,1,173;722,2,26,67
1765,4,4:446,1,32;248,1,100;412,1,227;220,1,113
1766,1,1:446,1,39
1767,11,12:446,1,41;21,1,93;624,1,93;64,1,116;80,1,265;966,2,93,98;94,1,29;884,1,93;594,1,140;191,1,87;299,1,137
1768,14,39:446,1,61;551,3,39,49,200;54,3,10,22,73;974,2,72,165;94,1,53;423,1,316;159,1,116;520,4,1,10,31,162;521,3,12,26,45;588,3,5,11,57;426,4,17,37,72,127;161,3,8,17,36;876,8,1,3,5,57,84,102,150,157;199,2,5,19
1769,7,13:446,1,63;78,1,150;766,1,79;520,3,29,115,164;426,5,19,39,65,132,187;283,1,89;193,1,261
1770,4,5:446,2,68,96;32,1,142;62,1,134;270,1,312
1771,21,31:446,1,75;231,2,302,341;239,1,196;465,2,192,198;631,3,4,16,40;487,1,218;652,1,162;510,2,99,135;658,1,55;584,1,112;426,2,118,148;161,1,143;370,1,53;286,1,130;528,3,11,36,58;174,2,84,251;870,1,73;195,1,49;876,2,66,155;213,1,152;683,1,74
1772,14,21:446,1,101;436,1,109;850,1,142;854,1,75;423,4,160,214,308,333;516,1,137;521,1,139;693,1,147;426,2,48,209;370,4,15,30,69,94;430,1,150;195,1,56;820,1,61;722,1,68
1773,3,3:446,1,107;913,1,58;196,1,52
1774,19,23:446,1,118;397,1,350;311,4,12,31,436,492;247,1,234;473,2,313,407;90,1,97;487,1,222;343,1,96;141,1,36;857,1,52;426,1,176;595,1,225;185,1,61;188,1,228;870,1,111;872,1,243;198,1,95;879,1,109;306,1,340
1775,18,25:322,2,2,12;963,2,1,12;237,1,56;238,1,356;33,1,177;42,1,84;327,2,1,12;242,1,253;310,2,75,101;988,2,19,42;247,1,59;975,1,30;131,1,241;507,1,30;509,2,18,28;171,2,123,158;286,1,117;536,1,43
1776,4,5:322,1,32;528,1,65;174,2,74,268;289,1,185
1777,11,15:322,1,36;548,2,8,19;436,1,154;834,1,201;631,3,9,21,43;75,1,449;705,1,40;275,2,34,91;289,1,45;431,1,55;546,1,182
1778,11,19:322,1,39;548,1,291;75,1,37;348,1,107;851,2,80,91;733,2,24,149;528,3,21,46,85;174,4,15,34,57,120;529,1,67;289,1,176;604,2,38,304
1779,9,12:322,1,46;33,1,187;39,1,140;327,1,45;51,1,96;311,4,192,340,374,483;251,1,61;649,1,176;186,1,22
1780,10,10:322,1,50;755,1,71;238,1,18;460,1,123;726,1,136;327,1,56;490,1,50;123,1,98;420,1,40;856,1,34
1781,5,5:322,1,52;31,1,65;860,1,84;876,1,61;208,1,83
1782,5,5:322,1,54;236,1,218;554,1,167;52,1,28;586,1,179
1783,2,3:322,1,56;519,2,344,399
1784,4,4:322,1,60;230,1,121;727,1,54;988,1,61
1785,12,18:322,3,65,134,189;323,2,202,207;465,2,29,154;62,1,126;156,2,134,224;522,2,71,80;160,1,34;161,1,110;372,1,91;287,1,130;289,1,268;199,1,42
1786,17,19:322,2,89,161;755,1,63;326,2,63,158;32,1,270;42,1,241;468,1,107;762,1,193;95,1,69;102,1,230;144,1,352;426,1,114;367,1,51;668,1,144;991,1,68;602,1,181;724,1,255;748,1,98
1787,37,63:322,1,113;236,2,228,256;673,1,49;325,1,143;556,1,131;47,1,174;727,5,32,151,187,211,223;61,2,4,15;63,1,55;314,1,92;488,1,58;767,2,43,89;103,1,105;499,3,7,27,43;501,1,86;350,1,131;265,5,1,18,56,89,113;814,1,82;276,2,2,24;156,5,3,23,57,129,229;157,5,2,32,76,162,186;519,2,258,483;281,1,108;167,1,119;373,3,11,32,49;316,1,234;287,1,180;290,1,89;291,1,160;189,1,133;190,1,58;317,1,76;384,2,8,26;385,1,84;389,1,122;883,1,199;539,1,48
1788,18,32:322,1,125;396,1,118;236,1,169;554,1,116;727,6,1,14,28,92,129,139;63,1,71;761,1,142;90,1,31;121,1,185;511,1,73;269,1,41;174,5,40,126,144,241,246;529,1,120;288,3,11,44,77;530,1,154;289,4,8,19,109,205;870,1,97;302,1,68
1789,3,3:322,1,168;554,1,192;511,1,53
1790,4,5:322,1,170;524,2,1,20;918,1,43;871,1,47
1791,11,11:322,1,200;940,1,65;771,1,57;856,1,147;517,1,228;277,1,268;158,1,265;530,1,112;596,1,109;204,1,358;218,1,119
1792,1,1:322,1,201
1793,22,24:322,1,202;237,1,170;326,1,119;239,1,159;44,1,209;47,1,172;803,1,181;642,1,249;707,1,161;504,1,211;514,1,211;146,1,104;270,2,79,334;273,2,315,341;280,1,263;526,1,522;530,1,52;317,1,217;207,1,154;825,1,184;221,1,88;546,1,114
1794,1,1:322,1,205
1795,33,67:547,2,6,17;231,2,133,331;461,1,138;242,3,2,8,26;243,1,35;796,4,3,16,42,54;310,1,80;838,1,27;254,1,95;343,1,72;809,1,113;103,1,85;498,1,54;649,1,173;849,7,12,25,37,63,80,83,94;708,2,28,51;132,5,57,86,109,181,195;709,3,138,174,237;971,4,11,22,34,62;710,1,26;613,2,70,128;771,4,16,32,49,227;677,3,2,10,18;679,1,21;743,1,41;373,1,102;316,1,386;284,2,8,37;526,3,19,41,338;530,1,200;540,2,61,81;672,2,142,168;218,1,93
1796,6,12:547,3,10,21,25;977,2,1,6;121,1,48;127,2,13,27;708,1,9;509,3,6,14,40
1797,3,7:547,5,35,46,97,171,227;693,1,14;316,1,107
1798,1,2:547,2,44,63
1799,12,13:547,1,58;834,1,130;954,1,152;454,1,181;77,1,218;97,1,319;418,1,123;141,1,126;360,1,199;958,1,85;433,1,123;600,2,81,109
1800,4,4:547,1,60;855,1,49;692,1,46;856,1,143
1801,18,52:547,1,61;983,3,4,10,19;673,2,19,22;625,1,33;459,1,336;703,1,44;80,1,291;509,1,20;140,9,67,107,138,152,176,179,204,233,248;266,3,10,21,57;274,8,10,40,87,151,182,245,263,291;586,8,9,19,47,69,97,113,146,182;279,3,7,21,39;818,1,77;876,1,143;973,3,7,15,32;540,4,1,7,44,105;216,1,40
1802,2,2:547,1,62;233,1,36
1803,10,13:547,1,66;549,2,49,129;622,1,44;834,1,92;808,1,104;128,1,72;904,1,80;179,2,66,284;295,2,133,159;946,1,121
1804,2,3:547,1,69;674,2,14,30
1805,11,17:547,1,71;396,3,59,199,294;701,1,65;459,4,103,227,314,384;398,1,232;838,1,49;674,1,136;712,1,90;713,1,78;733,2,1,8;888,1,60
1806,4,7:547,4,77,138,241,332;398,1,144;278,1,106;316,1,363
1807,6,7:547,1,81;701,2,4,11;459,1,85;851,1,102;425,1,39;158,1,347
1808,23,31:547,3,95,169,225;26,1,84;34,2,40,109;437,1,283;54,1,132;468,1,114;482,1,243;641,1,132;901,1,50;418,1,237;149,2,4,12;920,1,68;860,3,7,26,50;737,1,129;987,1,36;184,3,86,160,210;378,1,82;695,1,39;381,1,98;784,1,30;600,1,88;914,1,76;543,1,145
1809,1,1:547,1,113
1810,9,10:547,1,116;235,1,164;398,2,6,16;491,1,85;715,1,250;176,1,165;865,1,37;200,1,27;384,1,329
1811,22,31:547,1,119;239,1,175;240,7,7,21,48,85,162,237,284;241,1,95;53,1,76;56,1,376;251,3,6,22,45;100,1,41;101,1,43;491,2,12,26;106,1,156;153,1,111;364,1,172;990,1,146;282,1,122;866,1,35;872,1,66;202,1,108;212,1,32;218,1,293;390,1,64;787,1,24
1812,6,7:547,1,120;106,1,157;824,1,59;212,2,33,99;218,1,294;787,1,25
1813,1,1:547,1,121
1814,4,5:547,1,124;437,2,220,316;607,1,228;590,1,74
1815,1,1:547,1,126
1816,9,9:547,1,151;461,1,94;53,1,83;64,1,399;809,1,112;126,1,135;423,1,104;270,1,321;987,1,41
1817,32,37:547,1,162;549,1,299;699,1,74;794,1,15;461,2,130,234;239,1,236;557,1,84;56,1,340;764,1,144;409,1,66;480,1,155;99,1,181;412,2,167,175;641,1,66;131,1,397;152,1,191;274,1,185;156,1,270;519,2,427,506;426,1,123;170,1,198;595,1,192;528,2,122,187;529,1,94;291,1,162;430,1,86;670,1,58;432,1,98;384,1,263;202,1,176;208,2,65,94;303,1,197
1818,16,16:547,1,163;235,1,147;310,1,26;634,1,261;77,1,250;948,1,143;254,1,109;342,1,225;898,1,93;103,1,163;907,1,64;269,1,101;161,1,90;717,1,56;168,1,243;958,1,79
1819,8,9:547,1,165;44,2,115,193;560,1,232;311,1,70;285,1,156;531,1,199;291,1,239;218,1,250
1820,2,2:547,1,176;267,1,186
1821,2,3:547,2,181,272;343,1,240
1822,1,1:547,1,184
1823,5,6:547,1,187;436,1,161;252,1,169;372,1,129;596,2,141,178
1824,26,41:547,1,193;793,1,34;231,7,23,48,62,93,111,127,275;456,1,191;838,3,10,22,63;475,1,119;936,1,33;481,1,116;977,1,66;103,1,54;104,1,23;496,2,2,22;984,1,75;995,1,70;575,1,83;576,1,147;126,1,108;851,4,95,100,122,148;827,2,15,34;512,1,47;157,2,9,39;425,1,70;668,1,132;602,1,375;542,1,59;953,2,8,19
1825,2,2:547,1,198;57,1,167
1826,13,14:547,1,217;955,1,24;23,2,62,79;623,1,93;554,1,105;758,1,214;974,1,25;512,1,246;523,1,143;958,1,41;952,1,66;533,1,135;671,1,136
1827,4,4:547,1,233;398,1,257;465,1,232;286,1,55
1828,13,18:547,2,237,304;20,2,53,183;27,1,146;935,1,32;477,1,84;407,1,187;936,1,76;478,1,51;706,2,45,50;418,2,175,262;732,1,212;585,2,88,149;524,1,108
1829,31,42:547,2,238,305;231,4,15,40,143,294;838,1,164;842,1,114;105,3,17,46,105;259,1,58;984,1,43;121,1,80;579,2,51,187;126,3,33,84,122;584,1,46;516,1,147;163,1,217;428,2,33,42;666,1,65;167,2,125,227;524,1,296;285,1,305;737,1,68;176,1,117;862,1,143;182,1,137;912,1,70;865,1,55;295,1,276;870,1,104;961,1,41;300,1,128;216,1,33;544,1,44;672,1,145
1830,4,5:547,2,243,314;55,1,199;132,1,271;888,1,90
1831,5,5:547,1,249;396,1,196;59,1,138;707,1,79;718,1,45
1832,3,4:547,2,257,327;540,1,117;218,1,280
1833,1,1:547,1,265
1834,1,1:547,1,278
1835,1,1:547,1,285
1836,9,9:547,1,286;50,1,91;631,1,108;646,1,151;657,1,158;279,1,130;193,1,42;533,1,84;602,1,428
1837,2,2:547,1,295;28,1,31
1838,12,14:547,1,296;232,1,293;983,1,80;334,1,122;473,1,318;933,1,103;566,1,158;97,1,224;283,1,152;375,2,6,24;527,1,98;602,2,301,378
1839,3,3:547,1,308;418,1,179;612,1,63
1840,13,14:547,2,329,353;685,1,171;456,1,288;33,1,247;556,1,61;247,1,118;64,1,447;652,1,247;356,1,68;151,1,192;425,1,104;183,1,153;379,1,72
1841,2,2:547,1,335;459,1,349
1842,1,3:19,3,7,15,24
1843,17,29:19,3,8,16,26;557,1,102;249,1,93;70,3,6,15,43;76,5,2,8,14,98,105;839,2,9,18;639,1,366;516,1,95;166,1,32;958,1,38;178,2,2,9;385,1,103;204,1,147;538,1,197;208,1,77;211,3,6,16,59;539,1,29
1844,26,44:19,1,33;396,1,236;622,1,197;68,1,181;255,1,61;485,3,5,15,29;992,1,76;766,2,17,34;995,1,28;121,1,258;660,3,17,36,62;517,1,98;859,1,94;866,2,58,158;183,3,12,25,60;184,4,57,102,134,183;867,1,43;976,3,7,21,81;190,1,53;695,1,33;721,1,92;872,2,89,189;821,3,7,22,67;991,1,104;206,1,35;539,3,5,15,32
1845,5,5:19,1,47;399,1,127;44,1,52;505,1,139;428,1,25
1846,4,5:19,1,52;436,2,29,74;963,1,88;613,1,63
1847,15,27:19,2,57,107;437,3,170,196,297;948,2,30,89;257,1,98;101,4,54,123,219,263;900,2,1,16;276,1,167;158,2,243,302;972,1,73;369,3,16,46,102;171,1,133;316,2,237,251;383,1,168;385,1,105;546,1,218
1848,1,1:19,1,63
1849,7,12:19,2,69,178;314,2,162,195;639,4,145,169,193,424;417,1,145;958,1,92;883,1,96;546,1,101
1850,1,1:19,1,76
1851,3,3:19,1,78;259,1,90;118,1,193
1852,15,24:19,2,82,133;232,2,45,195;826,1,66;554,1,20;244,1,84;632,3,20,40,123;485,1,59;413,1,68;906,2,28,78;151,1,324;517,1,162;167,1,159;189,1,165;295,2,132,158;946,4,81,103,119,157
1853,2,2:19,1,92;818,1,40
1854,1,1:19,1,99
1855,17,35:19,1,103;701,2,74,109;461,2,113,206;36,4,147,186,238,270;629,1,218;674,1,95;254,1,55;271,2,206,230;274,1,183;586,1,178;524,1,151;199,1,60;303,1,189;216,2,4,13;390,5,149,158,207,235,246;306,2,118,189;308,7,67,102,115,126,141,170,192
1856,6,8:19,1,110;56,1,178;703,1,33;948,1,31;112,3,10,26,56;783,1,161
1857,7,8:19,1,116;247,1,225;636,1,43;974,1,173;478,2,42,161;203,1,141;825,1,107
1858,14,15:19,1,164;461,1,231;327,1,163;404,1,66;101,1,128;102,1,173;115,1,165;132,1,245;506,1,142;170,1,226;283,1,215;595,2,162,195;187,1,176;219,1,294
1859,2,3:19,1,176;742,2,14,28
1860,4,4:19,1,181;453,1,98;288,1,137;724,1,193
1861,2,2:19,1,187;652,1,142
1862,16,17:19,1,198;232,1,247;549,1,462;451,1,120;239,1,194;52,1,322;467,1,156;742,1,284;611,1,43;651,1,122;130,2,36,248;583,1,102;362,1,191;185,1,147;991,1,82;537,1,94
1863,4,4:19,1,200;111,1,91;884,1,91;589,1,226
1864,6,11:229,5,3,12,98,138,169;239,1,207;966,2,61,103;264,1,182;158,1,357;432,1,85
1865,1,1:229,1,37
1866,2,2:229,1,54;68,1,115
1867,15,17:229,1,59;230,1,53;47,1,58;689,2,127,140;140,1,126;265,1,46;154,1,152;274,1,68;519,1,100;287,1,102;288,2,106,116;295,1,73;998,1,30;303,1,99;305,1,78
1868,1,1:229,1,63
1869,39,43:229,1,64;793,1,74;457,1,72;399,1,53;46,1,37;557,1,135;437,1,79;52,2,163,290;778,1,32;892,1,34;607,1,121;253,1,54;996,1,31;841,1,43;570,1,52;104,1,34;941,1,18;122,1,197;127,1,107;652,1,243;654,1,35;852,1,62;657,1,165;142,1,72;154,1,49;859,1,106;162,2,21,243;283,2,212,225;176,1,209;862,1,92;910,1,92;882,1,30;864,1,51;866,1,137;872,1,168;384,1,213;204,2,61,318;877,1,122;775,1,76
1870,14,15:229,1,82;323,1,193;826,1,17;36,2,84,93;240,1,203;329,1,84;311,1,249;491,1,64;106,1,79;131,1,338;167,1,82;861,1,59;285,1,94;189,1,90
1871,1,1:229,1,86
1872,1,1:229,1,87
1873,16,21:229,2,117,161;239,1,300;556,2,137,194;121,2,121,153;652,1,222;856,2,165,172;267,1,164;144,1,115;270,1,229;274,2,186,298;276,1,116;284,1,136;174,1,240;303,1,190;308,1,111;219,1,239
1874,2,2:229,1,136;121,1,147
1875,22,30:230,4,3,24,70,100;448,1,256;932,2,10,33;78,1,128;80,1,273;807,2,45,84;343,1,150;256,1,95;491,1,41;770,1,43;649,1,215;907,1,121;141,1,139;360,1,282;735,1,38;170,1,165;284,3,11,40,59;918,1,46;867,1,50;821,1,100;883,1,66;300,2,13,28
1876,14,16:230,1,49;239,1,66;47,1,56;240,1,36;251,1,58;129,1,53;265,1,42;153,3,15,41,71;743,1,30;278,1,64;287,1,89;288,1,102;295,1,69;946,1,59
1877,1,1:230,1,61
1878,2,2:230,1,63;287,1,95
1879,1,1:230,1,101
1880,7,17:230,2,107,261;396,4,74,113,147,187;314,3,163,172,196;932,3,12,35,63;85,1,147;417,3,49,90,107;284,1,120
1881,1,1:230,1,124
1882,1,1:230,1,164
1883,5,5:230,1,166;310,1,51;937,1,41;286,1,82;430,1,121
1884,6,6:230,1,188;396,1,121;55,1,203;247,1,180;771,1,172;277,1,245
1885,34,37:230,1,281;447,1,85;832,1,20;983,1,13;40,1,115;243,1,96;558,1,19;59,2,158,258;248,1,44;406,1,89;762,1,282;83,1,83;85,1,77;807,1,22;107,2,155,190;496,1,71;108,1,169;846,1,124;111,1,54;771,1,65;658,1,213;356,1,65;149,1,17;663,1,82;681,1,76;365,1,129;859,2,20,173;427,1,37;287,1,161;181,1,174;197,1,146;203,1,177;205,1,42;543,1,105
1886,5,9:793,4,11,22,32,126;437,1,155;411,2,81,140;105,1,70;859,1,98
1887,13,14:793,1,47;833,1,66;554,1,103;248,1,92;314,1,140;252,1,175;764,1,35;480,1,121;729,1,53;342,1,104;584,1,161;952,1,73;193,2,83,86
1888,1,1:793,1,71
1889,4,4:793,1,80;608,1,168;650,1,116;596,1,324
1890,10,11:793,1,89;771,1,188;145,1,23;150,1,103;163,1,74;590,1,110;918,1,72;670,2,123,129;317,1,138;385,1,63
1891,13,18:793,1,93;235,2,55,101;794,1,101;461,1,174;556,2,43,58;632,1,233;73,1,223;89,2,36,76;904,1,79;274,2,194,222;598,1,61;671,1,49;213,2,90,103
1892,2,2:793,1,101;651,1,105
1893,4,5:793,1,121;437,1,40;985,1,76;180,2,116,124
1894,1,1:793,1,124
1895,4,12:231,3,5,30,264;838,2,29,117;126,5,1,10,92,128,183;906,2,4,8
1896,2,10:231,9,8,33,73,89,137,196,202,283,334;528,1,228
1897,4,6:231,3,11,36,55;396,1,257;838,1,32;672,1,47
1898,3,11:231,6,12,37,244,260,267,315;625,2,129,139;838,3,143,163,244
1899,1,4:231,4,25,50,64,274
1900,6,11:231,1,52;311,1,330;612,5,2,7,25,40,87;906,2,27,52;587,1,96;602,1,370
1901,7,8:231,2,68,148;459,1,248;399,1,39;809,1,122;730,1,89;677,1,47;512,1,306
1902,5,6:231,1,69;253,2,2,16;654,1,188;292,1,41;944,1,20
1903,1,2:231,2,70,314
1904,1,1:231,1,72
1905,2,10:231,6,74,138,197,203,284,335;838,4,6,18,33,138
1906,1,1:231,1,101
1907,1,1:231,1,115
1908,22,38:231,1,121;701,1,37;459,1,66;674,2,109,125;480,1,227;487,2,81,270;850,3,19,38,326;781,1,115;135,1,104;712,1,105;713,1,53;972,1,36;528,2,154,243;174,4,89,146,257,283;529,3,14,36,131;530,1,196;289,4,139,194,211,222;820,3,10,20,44;873,1,99;603,1,79;604,2,340,390;546,1,108
1909,8,22:231,1,124;834,1,42;838,1,70;711,1,135;712,1,104;733,6,27,35,71,102,154,222;692,4,12,32,55,76;856,7,80,138,170,175,187,201,206
1910,3,3:231,1,131;403,1,85;82,1,80
1911,2,2:231,1,135;250,1,125
1912,1,1:231,1,163
1913,1,1:231,1,175
1914,2,2:231,1,182;310,1,88
1915,2,2:231,1,190;631,1,111
1916,3,3:231,1,201;128,1,103;220,1,191
1917,2,4:231,3,223,230,289;604,1,145
1918,5,5:231,1,238;838,1,238;488,1,211;121,1,246;851,1,26
1919,4,4:231,1,246;396,1,79;398,1,103;152,1,182
1920,5,5:231,1,257;342,1,165;361,1,114;518,1,176;371,1,64
1921,4,4:231,1,286;115,1,116;503,1,184;652,1,223
1922,9,14:231,1,296;36,1,46;44,2,180,272;796,1,52;403,1,402;100,3,3,11,172;609,1,82;277,2,8,19;945,2,2,8
1923,3,3:231,1,306;488,1,212;587,1,231
1924,2,2:231,1,313;128,1,155
1925,4,4:231,1,323;755,1,22;242,1,80;760,1,113
1926,5,5:231,1,325;838,1,170;280,1,142;526,1,152;383,1,61
1927,2,2:231,1,333;398,1,45
1928,5,19:396,8,3,12,46,99,109,171,223,299;733,7,74,90,119,127,131,211,231;856,1,157;158,1,167;540,2,46,50
1929,1,3:396,3,4,13,110
1930,1,5:396,5,5,14,176,229,245
1931,5,8:396,3,7,16,211;398,1,276;674,1,35;143,1,83;425,2,7,19
1932,2,4:396,2,9,18;174,2,50,70
1933,2,3:396,2,27,33;316,1,38
1934,1,2:396,2,28,34
1935,3,4:396,2,29,151;64,1,48;888,1,86
1936,1,1:396,1,30
1937,2,2:396,1,35;638,1,31
1938,1,1:396,1,36
1939,8,8:396,1,43;957,1,81;417,1,100;504,1,97;512,1,21;514,1,104;356,1,61;546,1,205
1940,1,3:396,3,47,94,141
1941,1,3:396,3,55,193,291
1942,8,8:396,1,57;461,1,81;58,1,124;842,1,82;689,1,64;578,1,69;501,1,68;596,1,169
1943,2,2:396,1,61;781,1,140
1944,3,3:396,1,63;165,1,44;590,1,158
1945,17,21:396,1,68;954,1,47;240,1,73;702,1,62;838,1,69;68,1,62;568,1,50;98,1,162;501,1,154;129,1,54;131,1,229;140,2,90,170;151,1,93;153,3,16,42,72;426,1,57;175,2,9,35;536,1,157
1946,1,1:396,1,69
1947,1,1:396,1,71
1948,3,3:396,1,75;733,1,85;184,1,95
1949,12,13:396,1,80;554,1,261;465,1,134;54,1,94;512,1,43;520,1,78;521,2,76,80;588,1,45;161,1,135;185,1,146;431,1,33;991,1,97
1950,6,7:396,1,86;838,1,60;83,2,61,64;167,1,85;189,1,93;946,1,65
1951,1,1:396,1,87
1952,38,86:396,1,91;623,2,60,74;450,1,44;236,8,60,75,102,111,127,136,210,214;795,1,181;44,1,366;327,3,66,84,253;328,1,65;557,2,56,112;629,1,196;481,1,71;101,3,95,251,268;506,1,128;508,1,65;266,3,68,107,112;151,2,105,148;517,1,61;155,1,193;364,1,148;159,1,70;519,6,143,249,265,319,380,464;520,1,116;426,2,66,133;161,1,153;366,4,75,90,116,130;951,4,115,121,135,147;818,1,93;183,3,92,127,206;184,2,141,224;185,9,22,75,99,125,128,145,156,168,179;186,1,78;192,5,2,8,14,20,147;670,1,163;820,3,5,15,39;991,2,69,118;383,2,35,107;384,2,114,219;386,1,71
1953,3,4:396,2,100,300;856,1,158;876,1,97
1954,8,8:396,1,102;25,1,32;46,1,147;631,1,128;642,1,46;173,1,54;184,1,36;952,1,47
1955,3,4:396,1,111;974,2,73,166;585,1,150
1956,1,1:396,1,117
1957,8,10:396,1,124;701,1,45;417,1,55;850,1,73;125,1,18;851,1,151;425,2,11,23;672,2,39,105
1958,3,3:396,1,134;258,1,70;856,1,161
1959,3,4:396,1,136;93,2,17,34;316,1,46
1960,5,8:396,1,143;76,1,17;642,1,131;651,1,137;435,4,9,27,59,78
1961,3,6:396,1,145;64,4,74,158,248,300;162,1,219
1962,2,2:396,1,157;709,1,225
1963,3,3:396,1,159;239,1,220;517,1,191
1964,1,1:396,1,161
1965,2,2:396,1,162;604,1,302
1966,4,4:396,1,163;568,1,51;733,1,185;856,1,178
1967,2,2:396,1,164;257,1,78
1968,10,11:396,1,166;125,1,110;130,1,249;734,2,30,37;267,1,132;362,1,154;427,1,140;951,1,103;303,1,199;220,1,45
1969,13,13:396,1,168;455,1,63;243,1,132;559,1,89;81,1,62;884,1,288;119,1,138;124,1,59;132,1,273;165,1,47;958,1,172;203,1,57;211,1,70
1970,1,1:396,1,173
1971,4,4:396,1,174;715,1,105;666,1,100;179,1,156
1972,1,1:396,1,183
1973,3,4:396,1,186;548,2,78,228;629,1,49
1974,3,12:396,1,189;120,7,11,27,88,116,224,353,360;510,4,7,21,38,138
1975,1,1:396,1,204
1976,18,30:396,2,208,312;548,2,80,230;324,1,60;236,1,220;687,1,78;838,1,208;674,1,44;71,1,136;342,1,98;487,1,301;121,3,42,107,187;579,3,155,161,171;348,1,95;135,1,120;733,5,77,93,122,134,233;587,2,58,187;593,2,6,13;602,1,276
1977,1,1:396,1,209
1978,1,1:396,1,233
1979,3,3:396,1,234;733,1,188;856,1,208
1980,19,27:396,2,243,287;232,1,174;832,1,37;41,1,15;58,1,33;560,3,6,23,59;69,2,22,93;339,2,4,23;81,1,89;638,1,107;256,1,58;101,1,257;940,3,4,14,89;496,1,53;122,1,24;268,1,97;201,2,68,85;205,1,58;775,1,16
1981,2,2:396,1,246;207,1,298
1982,3,3:396,1,259;398,1,248;425,1,81
1983,1,1:396,1,260
1984,1,2:396,2,262,306
1985,9,9:396,1,263;22,1,327;456,1,65;843,1,123;734,1,151;584,1,133;161,1,76;203,1,167;786,1,131
1986,3,3:396,1,272;311,1,153;718,1,100
1987,20,22:396,1,281;53,1,32;343,1,148;809,3,1,16,68;572,1,108;577,1,88;851,1,139;135,1,32;853,1,66;136,1,133;356,1,186;586,1,25;717,1,217;165,1,199;369,1,140;280,1,349;169,1,21;375,1,279;952,1,28;535,1,96
1988,1,1:396,1,289
1989,25,27:396,1,301;233,1,105;955,1,31;57,1,69;489,1,107;94,1,30;98,1,215;986,1,43;412,1,237;114,1,69;121,1,175;747,1,60;131,1,29;653,1,115;132,1,292;421,2,2,12;143,2,155,186;424,1,48;148,1,160;972,1,156;171,1,55;526,1,308;185,1,206;533,1,42;534,1,135
1990,5,5:396,1,303;561,1,73;344,1,217;884,1,392;204,1,113
1991,2,2:396,1,308;384,1,125
1992,3,3:396,1,311;361,1,160;681,1,108
1993,3,3:396,1,314;326,1,115;384,1,293
1994,4,4:20,1,37;27,1,30;253,1,59;961,1,129
1995,3,5:20,1,59;27,1,63;983,3,35,66,76
1996,2,2:20,1,60;401,1,43
1997,2,4:20,1,63;727,3,220,233,241
1998,2,2:20,1,83;532,1,116
1999,1,2:20,2,89,97
2000,1,1:20,1,98
2001,7,7:20,1,149;701,1,186;341,1,68;828,1,46;427,1,46;543,1,133;306,1,287
2002,4,4:20,1,174;624,1,38;487,1,62;512,1,35
2003,1,1:20,1,182
2004,1,3:548,3,2,13,76
2005,4,14:548,10,24,88,97,107,152,155,194,221,247,270;44,1,362;127,2,95,138;604,1,323
2006,1,1:548,1,25
2007,2,2:548,1,46;487,1,117
2008,16,34:548,1,48;834,2,20,105;562,1,154;474,4,43,60,115,181;405,1,45;762,1,225;487,3,112,217,225;412,2,76,248;848,1,41;747,1,72;781,3,6,19,106;504,1,96;881,1,1;512,5,105,220,240,298,313;514,6,3,11,46,66,103,173;144,1,195
2009,20,26:548,1,52;54,1,74;606,1,25;838,1,118;778,2,100,160;342,1,205;996,1,42;487,4,8,16,28,242;344,1,74;103,1,76;572,1,127;121,1,249;125,1,210;419,1,111;424,1,52;148,1,165;526,1,93;994,2,5,10;739,2,27,159;876,1,103
2010,2,2:548,1,54;384,1,149
2011,3,3:548,1,56;986,1,35;198,1,50
2012,4,6:548,1,66;411,1,16;417,3,22,127,146;284,1,115
2013,3,3:548,1,72;474,1,204;604,1,270
2014,12,13:548,1,82;34,1,33;39,1,61;247,1,153;631,1,74;636,1,84;81,1,100;974,2,58,61;640,1,79;134,1,144;528,1,160;998,1,16
2015,5,5:548,1,92;898,1,48;532,1,58;601,1,24;209,1,82
2016,30,79:548,1,114;232,2,345,382;622,2,64,225;26,2,50,87;234,2,55,130;777,1,91;31,4,8,22,53,86;41,2,19,191;633,1,135;68,4,184,194,212,231;313,3,103,138,174;339,1,161;608,1,176;91,2,55,102;256,5,88,169,218,286,344;411,4,1,8,28,99;492,1,79;119,1,161;262,1,107;577,1,37;121,5,106,113,190,233,272;127,1,117;128,6,5,15,70,152,173,262;680,1,12;365,1,68;595,1,206;203,5,7,23,62,217,417;671,1,124;604,11,5,18,48,76,118,141,192,209,240,278,424;543,6,6,28,69,98,114,157
2017,2,2:548,1,130;800,1,94
2018,2,2:548,1,140;299,1,182
2019,2,2:548,1,156;771,1,195
2020,10,10:548,1,162;686,1,107;451,1,126;495,1,183;140,1,251;587,1,107;287,1,145;961,1,140;207,1,172;218,1,133
2021,13,30:548,1,167;24,1,92;758,2,75,125;45,8,5,15,38,71,83,106,118,156;727,1,99;55,2,101,148;351,3,58,94,147;771,2,169,198;656,1,92;428,1,28;292,3,211,238,257;203,1,365;539,4,7,17,34,43
2022,1,1:548,1,179
2023,7,7:548,1,205;624,1,17;325,1,179;471,1,23;103,1,180;345,1,147;581,1,190
2024,19,34:548,2,206,217;22,2,47,291;834,2,44,137;606,5,3,10,33,73,131;562,1,28;69,1,117;564,3,4,15,24;474,2,27,122;805,1,30;997,1,15;258,1,59;412,1,62;572,1,54;769,1,132;812,1,38;142,2,1,6;829,3,4,33,66;739,2,23,137;604,2,288,317
2025,2,2:548,1,232;594,1,115
2026,6,9:548,1,234;562,1,164;314,1,237;411,1,120;640,2,36,52;604,3,273,294,407
2027,1,1:548,1,273
2028,31,32:548,1,281;756,1,112;740,1,59;29,1,353;32,1,266;964,1,86;42,1,237;464,1,72;465,1,202;727,2,172,215;403,1,347;315,1,120;469,1,214;473,1,74;609,1,57;122,1,78;850,1,127;827,1,104;264,1,137;580,1,73;581,1,87;854,1,69;711,1,62;153,1,218;519,1,200;280,1,76;720,1,34;172,1,116;382,1,105;914,1,65;302,1,110
2029,10,12:548,1,286;471,1,45;766,1,93;499,2,20,40;350,1,162;856,1,200;137,1,46;290,2,17,37;207,1,142;212,1,52
2030,22,43:548,2,288,299;702,3,63,66,156;311,1,412;247,4,68,71,131,134;838,1,62;487,3,78,85,94;967,2,65,68;975,2,55,61;493,1,58;769,2,70,123;812,1,72;121,1,71;851,1,85;127,1,40;781,1,149;584,1,60;369,4,81,84,146,149;289,1,138;431,1,59;536,2,148,158;200,2,100,121;604,6,43,183,311,339,353,389
2031,13,15:548,1,289;834,1,43;702,1,157;311,1,413;838,1,71;487,1,96;975,2,57,63;769,2,71,124;812,1,73;121,1,72;127,1,41;584,1,61;604,1,185
2032,4,4:548,1,297;487,1,83;851,1,83;856,1,205
2033,3,5:447,3,7,20,32;84,1,105;679,1,25
2034,14,34:447,3,8,21,33;37,1,39;758,4,7,18,28,60;245,1,121;480,1,246;273,1,202;274,5,11,41,88,264,292;586,3,10,20,48;207,1,81;302,1,36;603,3,6,15,24;303,2,117,173;306,1,319;220,7,8,16,28,50,58,107,121
2035,4,5:447,2,10,23;470,1,24;677,1,29;316,1,294
2036,16,51:447,3,13,26,40;60,6,2,12,36,73,90,142;631,4,3,15,39,73;498,1,34;677,5,6,14,32,54,137;513,4,16,32,65,71;266,3,8,19,55;143,3,27,109,235;679,1,63;661,3,9,18,42;279,2,5,19;316,2,180,297;528,5,1,26,57,159,217;174,5,1,20,47,67,172;529,3,1,23,47;530,1,109
2037,5,6:447,1,34;236,1,47;758,1,39;603,1,25;308,2,49,71
2038,1,1:447,1,35
2039,1,1:447,1,38
2040,1,1:447,1,39
2041,2,2:447,1,48;385,1,108
2042,8,9:447,1,51;34,1,91;463,1,27;46,2,95,149;966,1,21;492,1,60;516,1,216;389,1,67
2043,12,14:447,1,57;458,1,39;31,1,82;891,1,36;341,1,118;645,1,28;648,2,25,41;262,1,34;678,2,41,108;366,1,153;958,1,170;869,1,73
2044,1,1:447,1,66
2045,18,32:447,1,95;22,1,53;23,2,6,18;795,1,198;460,1,126;778,3,1,9,25;762,1,247;80,1,281;487,1,182;98,2,168,206;101,1,236;572,5,2,14,30,68,84;848,5,1,5,26,42,60;125,2,95,199;781,2,47,176;512,1,69;603,1,55;305,1,131
2046,1,1:447,1,108
2047,5,12:755,3,4,9,108;236,2,51,83;29,2,139,232;688,1,56;435,4,7,25,54,150
2048,18,35:755,1,26;451,3,6,15,29;981,1,47;52,1,244;760,2,24,117;404,1,124;76,1,21;80,1,110;728,2,6,20;410,3,8,23,43;706,1,81;120,1,167;951,7,10,20,41,73,79,116,136;736,1,38;888,2,23,37;724,2,74,100;540,1,25;216,4,50,141,148,184
2049,6,6:755,1,27;760,1,118;423,1,44;719,1,107;187,1,56;602,1,351
2050,3,3:755,1,58;402,1,217;942,1,18
2051,1,1:755,1,66
2052,2,2:755,1,80;760,1,76
2053,2,2:755,1,102;770,1,31
2054,2,2:755,1,104;770,1,33
2055,17,21:755,1,109;238,1,69;52,1,247;770,1,38;707,1,148;265,2,105,134;270,2,121,384;271,2,77,97;272,2,84,109;273,1,112;586,1,92;519,1,19;427,1,109;289,1,262;175,1,116;912,1,192;603,1,97
2056,1,1:755,1,144
2057,4,7:232,2,23,82;455,1,59;456,3,26,119,265;780,1,23
2058,40,159:232,1,36;622,1,231;26,3,4,14,96;234,4,7,15,21,76;983,1,73;325,2,64,196;36,12,9,27,48,81,99,136,221,234,243,279,294,304;239,9,23,52,90,165,192,218,243,252,297;37,8,1,13,42,59,78,87,105,123;38,8,4,16,37,76,122,163,232,274;41,6,1,6,23,155,167,188;43,8,4,16,37,76,122,146,200,241;44,13,4,17,29,142,161,182,211,234,248,263,274,305,330;56,1,68;59,1,286;333,1,63;929,3,5,18,32;68,8,4,19,42,64,118,141,164,169;84,1,86;91,4,3,22,46,51;490,5,10,31,57,145,178;846,7,7,22,52,62,81,103,125;261,1,110;689,9,1,13,28,41,77,81,93,101,112;158,4,120,131,209,229;858,1,154;281,1,212;286,1,148;291,3,26,53,225;175,1,152;863,1,58;430,4,17,37,58,141;671,1,121;538,2,70,147;603,2,29,100;748,3,9,26,47;543,6,3,25,59,66,92,117;307,1,218;308,1,144;221,10,12,41,94,119,122,141,156,187,194,200
2059,1,2:232,2,39,402
2060,2,2:232,1,42;323,1,203
2061,12,18:232,2,47,295;624,2,120,218;702,1,139;741,1,49;473,1,471;97,1,145;664,1,71;280,1,219;527,1,147;433,1,112;305,5,4,25,51,135,185;216,1,65
2062,6,10:232,1,53;42,1,45;634,1,235;650,1,94;356,1,295;219,5,17,34,53,169,290
2063,10,11:232,1,68;756,1,32;29,2,51,307;34,1,168;103,1,100;610,1,72;187,1,37;878,1,74;603,1,40;749,1,94
2064,10,10:232,1,87;38,1,149;974,1,32;92,1,61;491,1,124;122,1,202;613,1,110;136,1,77;209,1,47;786,1,122
2065,1,2:232,2,125,184
2066,17,18:232,1,129;323,1,60;673,1,85;50,1,106;60,1,110;996,1,66;343,1,53;639,1,281;915,2,121,136;418,1,151;781,1,134;916,1,80;920,1,37;176,1,73;183,1,228;888,1,83;213,1,65
2067,1,1:232,1,133
2068,3,3:232,1,134;29,1,212;89,1,33
2069,2,2:232,1,135;236,1,226
2070,1,1:232,1,141
2071,6,6:232,1,224;233,1,104;607,1,73;572,1,44;125,1,155;878,1,37
2072,1,2:232,2,229,283
2073,10,13:232,1,239;235,2,109,129;625,1,57;45,2,102,148;240,1,107;253,1,134;408,1,103;571,1,211;298,1,43;604,2,75,191
2074,3,6:232,4,246,298,333,407;26,1,81;846,1,97
2075,1,1:232,1,249
2076,2,2:232,1,262;117,1,57
2077,1,1:232,1,287
2078,2,2:232,1,288;983,1,70
2079,4,4:232,1,294;97,1,240;656,1,83;299,1,206
2080,1,1:232,1,301
2081,3,3:232,1,305;32,1,119;299,1,185
2082,42,55:232,1,325;700,4,200,207,212,217;325,1,146;238,1,128;34,1,156;239,1,256;47,2,92,254;327,2,101,113;50,2,185,205;58,1,60;561,1,139;674,2,106,122;472,2,136,146;803,1,153;636,1,53;253,1,150;100,2,18,116;101,1,188;969,1,28;575,1,75;850,1,155;125,1,193;350,1,127;581,1,115;854,1,102;711,2,33,88;712,2,74,84;274,1,241;361,1,108;362,1,49;276,1,202;519,1,450;371,1,69;818,1,73;179,1,288;429,3,4,14,32;869,1,62;317,1,145;537,1,111;601,1,89;210,1,32;390,1,221
2083,13,19:232,1,352;954,2,67,144;826,1,130;795,1,118;797,1,104;67,1,200;779,2,206,213;649,1,133;274,1,145;365,3,8,25,97;815,3,39,42,50;434,1,98;215,1,24
2084,1,1:232,1,360
2085,1,1:232,1,362
2086,1,1:232,1,385
2087,17,27:232,1,388;458,1,231;981,3,15,30,53;67,1,93;341,1,74;573,1,75;747,1,88;579,6,3,9,15,36,98,136;653,2,76,80;655,1,156;906,1,73;143,1,194;166,1,46;694,1,18;197,1,89;597,1,42;723,3,3,10,18
2088,6,7:232,1,394;26,1,45;798,1,54;67,1,90;75,2,126,312;671,1,25
2089,6,6:232,1,427;454,1,73;236,1,88;344,1,162;120,1,136;212,1,75
2090,6,10:233,3,1,10,59;621,3,1,10,38;450,1,24;949,1,55;363,1,60;168,1,144
2091,4,4:233,1,24;587,1,194;169,1,27;888,1,88
2092,3,6:233,1,28;478,4,6,19,62,125;610,1,35
2093,2,2:233,1,30;707,1,137
2094,1,1:233,1,32
2095,3,3:233,1,35;973,1,125;540,1,28
2096,18,23:233,1,38;701,1,28;64,2,294,383;800,1,66;850,1,64;505,1,52;581,1,182;713,3,31,44,89;855,1,36;733,3,15,68,95;716,1,140;375,1,151;528,1,93;291,1,65;175,1,65;820,1,23;876,1,111;823,1,84
2097,2,2:233,1,40;540,1,83
2098,2,2:233,1,46;338,1,202
2099,1,1:233,1,100
2100,4,4:621,1,30;766,1,36;706,1,35;731,1,42
2101,1,1:621,1,31
2102,9,17:621,1,36;626,1,19;956,1,122;463,1,14;503,1,95;856,1,86;583,1,42;718,8,1,6,14,29,115,120,125,132;909,2,5,16
2103,22,26:621,1,64;451,1,123;757,1,40;762,2,84,214;566,1,215;808,1,78;96,1,63;412,1,70;769,1,193;109,1,36;122,1,177;264,1,126;505,1,34;583,1,51;142,1,140;614,2,44,58;862,1,40;178,1,228;185,1,219;597,1,26;204,1,71;787,3,58,88,104
2104,12,12:621,1,78;51,1,210;87,1,19;142,1,16;143,1,38;516,1,202;163,1,87;164,1,68;523,1,32;166,1,170;286,1,37;178,1,25
2105,1,1:621,1,79
2106,1,1:621,1,81
2107,1,1:621,1,85
2108,2,2:621,1,106;818,1,76
2109,11,12:621,1,109;549,2,179,456;236,1,243;460,1,75;437,1,23;75,1,567;847,1,42;990,1,40;386,1,89;389,1,112;604,1,132
2110,4,4:621,1,157;436,1,67;778,1,212;587,1,171
2111,1,1:621,1,165
2112,1,4:323,4,4,17,29,160
2113,13,18:323,3,12,25,42;630,2,118,125;762,1,134;254,1,51;769,1,160;498,1,116;857,1,63;155,1,143;909,1,69;666,1,163;193,1,128;785,3,11,23,88;786,1,242
2114,5,7:323,3,13,26,43;476,1,66;641,1,117;678,1,106;356,1,267
2115,7,7:323,1,33;25,1,27;479,1,33;498,1,30;586,1,32;990,1,23;722,1,43
2116,6,6:323,1,34;459,1,368;460,1,115;403,1,29;476,1,70;596,1,167
2117,5,5:323,1,39;678,1,103;522,1,37;160,1,39;161,1,69
2118,1,1:323,1,45
2119,1,1:323,1,46
2120,2,2:323,1,47;915,1,142
2121,1,1:323,1,49
2122,1,1:323,1,59
2123,6,7:323,2,62,183;950,1,63;342,1,195;486,1,59;810,1,87;135,1,148
2124,1,1:323,1,66
2125,17,26:323,2,67,189;832,1,77;925,4,15,30,40,83;450,1,82;762,1,135;921,2,50,110;112,1,46;884,1,377;498,1,117;135,1,75;857,1,64;356,2,54,289;909,1,70;666,1,164;171,1,110;193,2,129,170;785,3,12,24,89
2126,11,12:323,1,70;455,1,37;461,1,101;980,1,37;52,1,340;633,1,56;473,2,242,302;566,1,123;489,1,146;642,1,50;526,1,416
2127,1,1:323,1,73
2128,3,3:323,1,75;80,1,304;886,1,41
2129,5,5:323,1,82;38,1,148;437,1,76;731,1,109;203,1,421
2130,3,3:323,1,92;193,1,194;534,1,49
2131,3,3:323,1,94;921,1,77;516,1,172
2132,6,6:323,1,95;98,1,47;177,1,93;961,1,43;198,1,188;384,1,333
2133,3,3:323,1,105;155,1,122;202,1,102
2134,1,1:323,1,117
2135,4,5:323,1,123;964,1,79;587,1,65;316,2,318,425
2136,1,1:323,1,131
2137,9,12:323,1,134;456,3,106,199,228;64,2,2,13;471,1,28;83,1,20;493,1,136;374,1,144;317,1,63;218,1,140
2138,5,8:323,1,152;737,2,10,20;738,1,99;176,1,173;178,3,7,14,53
2139,19,36:323,1,161;455,3,6,12,68;459,1,391;461,1,39;48,1,218;53,1,130;479,4,41,65,97,105;948,2,93,142;342,1,92;996,1,44;343,2,195,212;570,1,62;949,1,76;734,1,104;693,1,16;958,3,8,16,147;739,4,7,17,48,161;300,2,15,30;540,5,3,9,21,31,72
2140,3,3:323,1,167;986,1,38;587,1,211
2141,1,1:323,1,169
2142,7,10:323,1,174;158,2,123,146;281,1,135;175,1,111;989,2,45,156;538,2,124,139;546,1,90
2143,1,1:323,1,175
2144,2,2:323,1,185;250,1,78
2145,11,18:323,1,201;515,1,38;164,1,132;719,1,71;864,1,24;889,5,53,73,111,120,157;774,1,43;784,1,69;210,2,8,17;211,3,41,61,75;546,1,66
2146,34,85:323,1,208;64,1,334;336,2,7,26;915,3,8,20,58;570,1,88;771,2,176,191;162,5,77,186,217,282,301;163,6,6,22,45,111,129,175;916,1,30;951,9,6,16,36,49,60,82,92,111,128;694,1,43;720,1,27;862,1,87;292,1,221;863,4,106,166,186,222;181,1,78;866,1,120;186,4,10,20,35,106;774,5,18,36,45,60,63;976,4,11,25,45,101;959,1,27;695,1,31;913,3,38,53,61;196,2,64,80;872,1,151;961,7,36,47,54,73,103,119,137;197,2,7,20;874,1,106;597,2,97,110;389,4,5,13,74,144;598,3,68,119,146;599,1,52;300,2,10,25;301,1,67
2147,5,5:323,1,209;423,1,287;167,1,155;189,1,161;946,1,149
2148,20,31:832,2,6,14;448,3,1,17,34;30,1,15;51,1,178;930,2,8,22;248,3,3,22,40;249,1,27;66,2,7,16;80,1,22;575,1,72;268,1,109;516,3,1,14,249;715,1,36;523,1,18;316,1,418;526,1,81;297,1,79;432,1,23;822,2,1,6;388,2,4,10
2149,4,5:832,2,8,16;456,1,112;673,1,79;741,1,68
2150,16,20:832,1,18;834,1,70;456,3,10,22,310;983,1,25;553,1,36;310,1,44;73,1,272;80,1,18;805,1,60;128,1,24;137,1,27;520,1,73;164,1,33;297,1,12;875,3,2,16,30;200,1,85
2151,3,3:832,1,33;437,1,64;540,1,140
2152,5,5:832,1,44;458,1,123;988,1,47;965,1,62;908,1,175
2153,4,4:832,1,52;57,1,127;118,1,83;382,1,61
2154,12,13:832,1,59;549,1,123;891,1,51;71,1,208;75,1,267;341,1,147;260,1,120;363,1,37;858,1,54;180,1,65;183,2,122,198;989,1,83
2155,9,12:832,1,61;826,1,63;456,1,346;687,1,30;766,2,13,30;497,1,30;660,3,14,33,59;858,1,189;388,1,50
2156,4,4:832,1,65;747,1,99;773,1,58;302,1,40
2157,13,14:832,1,67;925,2,42,67;687,1,101;632,1,46;563,1,16;571,1,29;642,1,181;363,1,78;859,1,141;717,1,98;190,1,71;602,1,403;879,1,146
2158,24,40:832,1,69;700,1,172;33,1,205;759,2,2,10;463,1,77;328,1,40;57,1,124;634,1,178;704,1,119;473,1,183;575,1,104;270,3,3,18,41;356,1,257;951,2,48,91;526,3,392,494,497;595,1,75;530,1,90;291,2,112,155;596,8,32,126,171,208,234,255,267,310;194,1,82;819,1,30;199,1,39;946,3,5,22,42;878,1,45
2159,1,1:832,1,75
2160,8,14:832,1,90;757,1,33;628,1,72;92,3,7,20,39;100,1,71;496,3,18,38,59;611,3,32,145,163;131,1,94
2161,3,9:832,1,95;459,1,64;152,7,14,45,78,135,203,211,271
2162,3,3:549,1,71;400,1,395;573,1,108
2163,10,16:549,1,74;561,1,106;494,3,75,87,94;905,1,83;814,1,79;358,2,1,9;993,3,5,10,22;155,1,118;593,2,7,14;594,1,136
2164,1,1:549,1,101
2165,3,3:549,1,113;428,1,63;736,1,165
2166,27,35:549,3,126,204,226;685,3,2,14,80;925,1,117;235,1,169;397,1,246;891,3,1,15,37;563,1,17;801,1,78;635,2,66,119;893,1,45;482,1,63;639,2,165,265;576,1,78;577,1,59;122,1,141;421,1,74;145,1,115;772,1,58;783,1,89;667,1,129;525,1,122;173,1,69;289,1,64;386,1,38;387,1,22;775,1,25;213,1,132
2167,1,1:549,1,171
2168,5,6:549,2,178,454;400,1,42;75,1,566;418,1,214;604,1,128
2169,1,1:549,1,274
2170,5,6:549,2,278,360;55,1,161;340,1,47;566,1,27;144,1,253
2171,3,3:549,1,309;607,1,151;192,1,132
2172,23,41:549,1,310;756,1,121;700,3,278,288,365;333,1,66;561,2,148,171;562,6,66,110,111,120,121,122;73,3,215,217,224;487,1,141;808,1,179;977,2,36,37;571,1,97;494,3,102,123,146;647,1,63;423,1,318;270,1,37;717,1,78;185,2,89,109;294,1,25;192,4,94,95,96,98;869,2,6,18;195,1,116;380,1,49;600,1,36
2173,5,8:549,1,313;397,3,274,290,301;766,1,62;717,2,118,128;883,1,135
2174,4,4:549,1,324;556,1,78;647,1,78;871,1,59
2175,1,1:549,1,329
2176,14,17:549,1,357;926,1,122;437,1,320;483,1,32;107,1,140;705,1,63;884,1,137;577,3,47,67,129;269,1,121;518,1,271;368,2,20,63;783,1,109;433,1,128;536,1,167
2177,20,20:549,1,377;456,1,173;628,1,220;52,1,324;338,1,143;634,1,115;564,1,138;482,1,80;488,1,134;707,1,139;732,1,151;771,1,178;516,1,40;144,1,160;693,1,40;858,1,227;286,1,27;180,1,36;819,1,56;616,1,174
2178,4,4:549,1,464;685,1,179;450,1,95;247,1,188
2179,3,4:324,1,40;294,2,27,71;600,1,38
2180,1,1:324,1,42
2181,3,5:324,3,81,92,98;126,1,106;910,1,65
2182,1,1:324,1,97
2183,7,11:324,1,111;851,4,6,12,41,128;827,2,11,30;905,1,134;694,1,102;816,1,108;197,1,117
2184,18,18:448,1,46;22,1,323;699,1,202;777,1,184;467,1,39;803,1,56;895,1,48;80,1,323;409,1,74;969,1,60;109,1,41;136,1,26;713,1,96;143,1,130;715,1,254;993,1,26;297,1,64;541,1,182
2185,26,26:448,1,60;449,1,159;455,1,73;38,1,203;43,1,176;327,1,54;48,1,233;64,1,95;470,1,40;73,1,166;85,1,56;497,1,114;124,1,54;134,1,106;360,1,61;285,1,283;530,1,69;430,1,42;533,1,132;297,1,38;822,1,15;199,1,113;389,1,22;543,1,123;306,1,283;220,1,127
2186,1,1:448,1,64
2187,5,5:448,1,66;477,1,66;415,1,115;270,1,68;530,1,74
2188,1,1:448,1,71
2189,8,8:448,1,116;929,1,45;253,1,90;921,1,88;128,1,112;144,1,343;145,1,55;161,1,94
2190,1,1:448,1,137
2191,1,1:448,1,149
2192,3,3:448,1,159;974,1,65;641,1,127
2193,8,10:448,1,225;462,2,8,16;328,2,17,34;501,1,51;278,1,100;170,1,61;291,1,218;821,1,51
2194,6,6:448,1,230;686,1,99;727,1,189;339,1,154;773,1,107;204,1,175
2195,2,3:448,1,279;400,2,8,20
2196,3,7:622,5,8,21,52,121,180;26,1,35;810,1,60
2197,9,9:622,1,87;803,1,114;473,1,185;840,1,51;344,1,68;491,1,190;112,1,78;416,1,111;189,1,188
2198,7,7:622,1,124;22,1,56;834,1,110;554,1,152;52,1,358;314,1,181;349,1,40
2199,4,5:622,1,139;700,1,368;399,2,88,148;958,1,118
2200,2,2:622,1,147;103,1,214
2201,20,31:622,1,173;23,1,103;834,1,53;463,1,84;631,1,58;69,1,119;564,3,6,17,26;762,1,262;997,1,17;258,1,61;104,1,118;812,2,25,40;654,1,26;734,1,73;143,6,8,16,58,184,197,218;424,2,51,112;829,3,5,34,69;373,1,105;530,1,101;289,1,201
2202,29,33:622,1,189;955,1,35;925,1,61;398,1,285;39,1,62;51,1,201;401,1,151;466,1,36;338,1,198;474,1,182;935,2,16,60;936,1,54;765,1,59;94,1,62;570,1,119;104,2,136,144;493,1,122;126,1,129;718,1,69;162,3,233,265,322;919,1,92;592,1,171;179,1,64;534,1,59;876,1,41;383,1,85;601,1,26;209,1,49;683,1,154
2203,2,2:622,1,217;958,1,138
2204,2,2:622,1,223;104,1,186
2205,3,3:622,1,237;765,1,98;97,1,184
2206,28,65:622,1,239;826,3,4,8,82;983,4,20,32,34,36;461,1,61;36,1,64;239,1,216;242,6,6,12,45,71,123,154;797,2,72,112;401,8,7,14,25,54,60,94,108,115;778,4,5,13,22,44;68,2,77,252;470,2,7,14;779,2,35,208;80,1,292;89,1,158;117,3,16,36,69;771,1,66;512,1,296;272,1,118;154,2,80,134;815,3,9,18,79;817,3,7,18,46;824,2,11,22;215,3,8,16,90;303,2,112,120;304,1,72;307,3,18,50,81;220,1,34
2207,11,12:622,1,245;685,1,99;456,1,183;402,1,213;488,2,77,132;647,1,82;587,1,234;184,1,89;870,1,55;876,1,25;299,1,70
2208,19,23:833,1,29;954,1,79;634,2,60,151;74,1,46;704,1,144;895,1,38;83,1,80;764,2,116,130;840,1,109;960,1,34;644,1,25;163,2,118,159;919,1,27;916,1,99;862,1,27;190,1,21;821,1,156;388,1,47;602,2,57,404
2209,5,5:833,1,55;563,1,51;472,1,78;884,1,176;858,1,72
2210,4,6:21,2,2,10;243,1,115;98,1,54;670,2,1,11
2211,5,7:21,3,5,13,17;834,1,74;727,1,244;161,1,49;889,1,39
2212,3,3:21,1,36;235,1,167;297,1,82
2213,2,4:21,1,51;193,3,63,74,270
2214,3,15:21,3,53,79,113;139,8,19,41,60,89,121,150,175,197;829,4,12,41,75,106
2215,7,15:21,1,61;562,7,69,108,109,116,117,118,119;657,2,89,100;582,1,128;364,2,144,150;386,1,63;602,1,100
2216,4,4:21,1,94;103,1,48;649,1,80;286,1,113
2217,2,2:21,1,96;242,1,23
2218,1,1:21,1,136
2219,3,3:21,1,142;693,1,41;595,1,80
2220,1,1:21,1,145
2221,1,1:21,1,147
2222,1,1:21,1,148
2223,4,4:21,1,150;567,1,58;772,1,78;217,1,113
2224,10,14:21,1,152;453,1,208;80,1,68;86,1,157;96,3,102,112,157;747,1,169;851,1,67;131,1,371;519,3,367,395,484;524,1,248
2225,3,3:21,1,186;80,1,48;488,1,71
2226,4,11:21,3,191,271,287;554,4,6,13,63,263;164,3,45,92,133;883,1,73
2227,8,8:21,1,200;456,1,337;886,1,63;273,1,188;719,1,93;876,1,75;989,1,75;218,1,146
2228,5,5:21,1,202;931,1,40;839,1,69;352,1,93;356,1,271
2229,8,13:21,1,208;449,1,176;551,2,64,196;456,1,201;554,1,272;503,1,179;690,1,76;713,5,2,12,24,118,145
2230,1,1:21,1,213
2231,9,9:21,1,217;42,1,58;52,1,51;343,1,268;130,1,51;270,1,323;360,1,289;427,1,135;287,1,169
2232,2,2:21,1,218;124,1,37
2233,3,3:21,1,221;880,1,45;936,1,98
2234,11,11:21,1,246;41,1,68;311,1,188;480,1,36;342,1,155;489,1,139;360,1,87;163,1,92;916,1,96;666,1,160;384,1,205
2235,2,3:21,1,251;990,2,58,132
2236,1,1:21,1,254
2237,1,1:21,1,255
2238,1,1:21,1,257
2239,1,1:21,1,259
2240,15,15:21,1,294;398,1,60;402,1,194;703,1,79;75,1,253;977,1,13;853,1,58;584,1,196;916,1,77;372,1,84;668,1,121;887,1,38;429,1,40;868,1,33;602,1,282
2241,4,4:21,1,295;954,1,133;800,1,17;476,1,90
2242,1,2:436,2,2,8
2243,1,3:436,3,6,12,184
2244,4,4:436,1,25;241,1,242;742,1,75;527,1,158
2245,2,3:436,2,33,177;380,1,113
2246,7,7:436,1,39;964,1,36;933,1,93;936,1,67;101,1,38;850,1,171;207,1,162
2247,8,11:436,1,43;34,1,61;628,1,185;767,1,57;887,1,8;378,1,104;883,4,13,33,60,197;306,1,230
2248,19,26:436,1,55;26,1,40;926,1,60;33,1,151;628,1,79;629,1,58;68,1,209;779,1,210;766,2,8,25;257,1,130;132,1,114;709,1,147;141,1,42;660,3,10,29,54;273,2,19,47;586,3,3,13,41;193,1,62;304,2,10,27;825,1,41
2249,1,1:436,1,69
2250,1,2:436,2,78,94
2251,1,1:436,1,85
2252,1,1:436,1,96
2253,7,7:436,1,99;709,1,112;516,1,49;159,1,161;693,1,38;426,1,103;279,1,48
2254,1,1:436,1,106
2255,1,1:436,1,120
2256,1,1:436,1,122
2257,5,6:436,1,129;624,2,207,226;238,1,127;285,1,238;203,1,300
2258,1,1:436,1,133
2259,1,1:436,1,135
2260,1,1:436,1,151
2261,3,3:436,1,158;80,1,318;809,1,120
2262,2,2:436,1,160;264,1,160
2263,2,2:436,1,164;777,1,139
2264,30,32:436,2,170,210;450,1,74;551,1,193;699,1,79;453,2,76,118;454,1,160;701,1,35;238,1,242;241,1,218;311,1,476;780,1,137;899,1,60;413,1,84;577,1,94;905,1,130;709,1,230;692,1,116;423,1,95;516,1,111;277,1,205;519,1,47;522,1,75;720,1,82;592,1,59;176,1,214;912,1,81;188,1,235;785,1,95;538,1,206;304,1,134
2265,5,5:436,1,190;678,1,70;170,1,57;381,1,68;386,1,106
2266,9,9:436,1,230;553,1,61;463,1,156;932,1,131;592,1,115;866,1,76;186,1,40;872,1,107;206,1,65
2267,11,13:22,2,67,90;834,1,185;794,1,107;557,1,168;606,1,174;77,1,91;742,1,152;644,1,55;781,1,66;670,1,210;775,2,21,96
2268,13,15:22,1,68;964,1,53;328,1,83;50,1,114;89,2,73,122;489,1,131;412,1,140;121,1,84;715,1,281;589,2,210,212;920,1,127;594,1,172;871,1,41
2269,11,11:22,1,111;834,1,117;794,1,143;247,1,139;799,1,158;64,1,335;689,1,165;583,1,120;144,1,110;275,1,60;591,1,119
2270,21,34:22,2,121,147;403,4,82,190,228,332;71,2,59,186;564,2,55,120;406,1,77;75,4,509,540,560,570;936,1,122;478,2,275,282;487,1,36;488,1,89;258,1,39;975,1,43;769,2,212,270;120,1,248;500,2,143,176;501,1,151;653,1,100;135,1,49;657,2,32,42;824,1,130;604,1,108
2271,7,7:22,1,126;702,1,178;504,1,262;514,1,246;862,1,64;178,1,127;876,1,184
2272,1,1:22,1,146
2273,7,10:22,2,196,200;757,1,28;437,1,44;840,3,9,19,64;97,1,117;109,1,23;537,1,41
2274,2,2:22,1,203;71,1,84
2275,5,5:22,1,207;634,1,76;863,1,46;867,1,57;389,1,145
2276,4,4:22,1,217;42,1,103;524,1,282;533,1,173
2277,4,5:22,1,223;562,1,107;567,1,62;512,2,24,138
2278,1,1:22,1,245
2279,12,15:22,2,281,286;325,1,231;329,1,163;56,2,3,12;59,1,214;61,1,33;256,2,398,413;130,1,65;139,1,93;150,1,133;987,1,17;989,1,29
2280,1,1:22,1,297
2281,6,11:22,1,312;35,1,62;39,4,8,17,34,87;75,2,61,109;568,1,37;424,2,216,246
2282,3,3:22,1,313;487,1,241;640,1,69
2283,52,93:22,1,314;325,3,38,149,157;326,3,9,22,67;47,1,206;327,1,204;437,1,294;56,1,176;333,1,42;245,1,71;335,3,11,23,42;336,2,11,30;480,1,158;257,1,204;99,1,61;104,2,2,13;571,1,197;676,1,48;261,1,89;416,2,15,34;578,1,38;122,1,180;731,1,69;349,3,74,108,164;133,1,128;985,3,17,34,72;350,3,12,25,96;420,3,15,31,57;857,1,91;152,1,145;519,2,331,340;522,1,60;368,1,39;783,4,13,27,52,163;369,1,92;427,1,114;281,1,97;666,1,46;861,1,44;736,2,71,135;594,4,30,91,121,168;668,6,12,25,55,118,124,129;171,1,139;172,2,17,35;290,2,81,99;175,1,146;943,1,56;976,2,53,154;193,3,54,136,292;874,1,75;535,1,86;203,4,163,269,344,379;883,4,9,29,69,84
2284,2,2:22,1,319;694,1,122
2285,4,4:22,1,334;504,1,164;514,1,169;293,1,55
2286,12,15:955,2,3,8;237,1,129;61,1,73;416,1,80;854,1,115;159,1,58;869,1,80;193,1,211;670,1,161;534,1,137;384,1,315;724,3,9,27,57
2287,1,1:955,1,43
2288,3,4:23,2,9,21;747,1,121;658,1,206
2289,1,4:23,4,12,24,56,84
2290,2,2:23,1,26;884,1,279
2291,1,2:23,2,33,113
2292,1,2:23,2,35,116
2293,3,4:23,1,52;80,1,258;706,2,41,76
2294,1,2:23,2,76,98
2295,1,1:23,1,87
2296,1,1:23,1,114
2297,1,1:23,1,137
2298,2,2:756,1,30;837,1,21
2299,3,3:756,1,56;845,1,70;814,1,47
2300,1,1:756,1,61
2301,1,1:756,1,62
2302,11,11:756,1,71;52,1,351;504,1,100;514,1,106;425,1,77;163,1,210;887,1,77;912,1,107;183,1,68;991,1,88;597,1,121
2303,11,15:756,1,76;685,1,123;740,1,55;555,1,61;63,1,146;468,1,98;969,1,16;112,3,11,27,58;814,1,37;662,1,107;274,3,21,51,98
2304,4,4:756,1,81;314,1,137;80,1,16;433,1,179
2305,3,3:756,1,87;555,1,36;668,1,80
2306,1,2:756,2,110,125
2307,1,1:685,1,84
2308,3,3:685,1,87;270,1,122;285,1,224
2309,1,1:685,1,90
2310,16,28:685,2,93,98;64,1,283;800,1,58;607,1,70;480,1,89;486,1,33;808,1,91;769,2,180,206;498,1,101;905,3,52,96,127;736,4,76,157,192,211;594,1,99;179,5,203,234,264,291,305;188,1,116;869,2,8,20;961,1,80
2311,1,1:685,1,95
2312,2,2:685,1,106;380,1,48
2313,1,1:685,1,107
2314,7,8:685,1,122;452,1,75;629,1,59;948,1,85;742,2,104,123;270,1,383;912,1,104
2315,1,1:740,1,58
2316,1,1:740,1,61
2317,11,19:740,1,63;29,3,42,144,327;50,3,15,33,61;475,1,102;707,4,13,28,42,83;575,1,28;582,1,41;817,1,45;285,1,114;180,1,28;214,2,8,20
2318,16,19:550,3,24,52,79;236,1,70;557,1,53;437,1,237;76,1,60;567,1,60;730,1,74;647,1,40;656,1,122;364,1,211;163,1,183;591,2,37,135;816,1,103;525,1,39;175,1,118;541,1,111
2319,6,6:550,1,50;629,1,164;404,1,82;406,1,48;940,1,46;293,1,54
2320,6,6:550,1,51;458,1,107;423,1,114;155,1,133;859,1,117;717,1,169
2321,2,2:550,1,56;649,1,207
2322,18,18:550,1,61;399,1,112;240,1,134;557,1,183;69,1,137;73,1,119;482,1,193;843,1,26;107,1,118;643,1,131;260,1,147;120,1,230;145,1,77;424,1,244;166,1,129;594,1,77;531,1,119;602,1,71
2323,2,2:550,1,75;883,1,153
2324,2,5:623,4,4,10,14,104;884,1,211
2325,3,6:623,4,5,11,15,105;626,1,171;884,1,212
2326,2,2:623,1,18;693,1,88
2327,4,5:623,1,22;954,2,110,123;639,1,190;920,1,108
2328,3,3:623,1,24;423,1,45;592,1,37
2329,21,24:623,1,32;44,1,295;557,1,165;632,1,131;405,1,49;406,1,71;80,3,82,113,272;407,1,185;921,1,52;344,1,114;884,1,220;579,1,39;131,2,183,198;713,1,46;582,1,88;141,1,27;591,1,65;592,1,41;374,1,119;882,1,56;721,1,108
2330,1,1:623,1,35
2331,1,1:623,1,37
2332,1,1:623,1,40
2333,11,13:623,1,41;726,1,65;39,1,60;606,1,95;562,1,157;405,1,42;781,3,5,18,105;856,1,60;773,1,37;824,1,103;683,1,27
2334,1,1:623,1,43
2335,1,1:623,1,46
2336,3,3:623,1,57;562,1,124;125,1,81
2337,1,1:623,1,62
2338,5,5:623,1,64;473,1,362;356,1,97;526,1,402;601,1,41
2339,9,9:623,1,109;36,1,67;67,1,120;97,1,77;711,1,106;158,1,97;159,1,136;717,1,138;369,1,121
2340,8,8:623,1,110;631,1,62;314,1,239;482,1,183;259,1,105;581,1,218;371,1,206;602,1,302
2341,4,5:449,2,2,12;76,1,107;871,1,25;739,1,141
2342,14,21:449,2,30,64;624,1,100;93,2,107,118;967,3,9,32,55;493,2,87,161;119,1,57;504,1,175;613,1,118;771,1,127;656,3,21,43,78;514,1,180;680,1,71;595,1,100;527,1,85
2343,1,1:449,1,37
2344,1,6:449,6,39,51,90,119,166,182
2345,1,2:449,2,42,100
2346,1,1:449,1,54
2347,2,4:449,1,61;501,3,10,29,102
2348,22,34:449,1,78;686,2,123,140;554,1,121;727,2,79,116;244,3,6,16,35;313,3,107,167,185;482,1,146;847,1,67;113,1,27;130,1,164;513,1,62;661,1,39;271,1,120;519,1,311;783,2,86,94;667,3,109,136,192;525,1,104;668,1,107;669,2,99,110;173,3,44,102,120;377,1,38;671,1,94
2349,31,34:449,1,96;925,1,34;451,1,61;700,1,317;29,1,77;458,1,89;795,1,13;399,1,96;627,1,74;242,1,142;243,2,44,99;311,1,315;631,1,156;566,1,45;342,1,138;493,1,51;984,1,65;419,1,70;135,1,29;856,1,123;857,1,24;815,1,22;370,1,40;316,3,48,77,91;291,1,63;175,1,63;869,1,37;193,1,67;596,1,326;533,1,47;879,1,110
2350,4,4:449,1,107;38,1,130;43,1,130;54,1,145
2351,1,1:449,1,111
2352,2,2:449,1,112;715,1,199
2353,20,23:449,1,120;240,1,294;52,1,190;796,2,9,22;702,1,53;631,1,154;68,1,87;843,1,46;99,1,150;117,1,128;649,1,112;650,1,60;849,2,59,91;123,1,96;420,1,64;580,1,122;581,1,166;354,2,11,26;693,1,50;526,1,157
2354,2,2:449,1,128;373,1,61
2355,31,44:449,1,132;29,3,260,276,367;458,1,116;835,2,114,149;397,1,362;462,1,75;400,2,79,374;52,2,238,326;243,1,93;562,2,77,87;470,1,23;473,1,352;75,1,105;806,1,67;843,1,51;915,3,77,118,133;106,1,139;497,2,3,14;121,1,276;131,2,138,204;657,2,93,136;733,1,65;677,2,28,151;274,2,265,293;668,1,157;177,1,61;184,1,201;197,1,143;317,1,192;203,1,246;775,1,89
2356,11,15:449,1,148;55,1,186;340,1,62;742,1,110;767,1,73;118,1,143;715,3,81,160,208;148,1,190;973,3,1,9,25;300,1,49;216,1,32
2357,3,3:449,1,150;51,1,149;693,1,23
2358,1,1:449,1,154
2359,2,2:449,1,155;489,1,147
2360,1,1:449,1,161
2361,3,3:449,1,170;624,1,10;528,1,129
2362,8,15:834,4,4,9,79,89;795,2,89,163;460,3,5,11,24;606,1,135;474,2,7,15;848,1,77;504,1,22;514,1,27
2363,1,1:834,1,14
2364,7,12:834,1,35;37,1,46;474,1,80;762,1,34;139,4,12,34,81,200;860,2,18,37;290,2,4,24
2365,3,3:834,1,58;781,1,184;504,1,264
2366,1,1:834,1,62
2367,6,11:834,1,75;342,1,70;996,4,4,18,39,84;655,1,30;906,1,13;739,3,2,12,156
2368,5,8:834,1,80;33,1,257;400,1,45;747,2,105,118;683,3,7,15,57
2369,4,4:834,1,114;474,1,96;876,1,151;683,1,38
2370,10,13:834,1,119;709,1,117;143,1,86;520,1,111;521,2,10,24;522,1,30;951,2,143,164;171,1,81;722,1,31;199,2,11,25
2371,16,46:834,1,135;954,1,41;59,1,204;73,1,248;639,1,50;98,17,19,45,59,75,80,95,101,111,112,121,135,151,161,174,181,192,212;644,1,101;613,4,2,4,21,23;771,4,2,5,18,21;656,6,2,5,24,27,54,57;265,1,43;356,1,231;151,2,19,41;517,2,12,28;524,2,4,23;295,1,82
2372,17,18:834,1,151;451,1,73;29,2,192,323;795,1,81;41,1,93;556,1,35;332,1,170;333,1,71;467,1,130;934,1,78;780,1,46;109,1,59;145,1,124;595,1,115;172,1,208;377,1,45;602,1,257
2373,1,1:834,1,159
2374,2,2:834,1,164;742,1,67
2375,14,16:834,1,167;757,1,34;38,1,269;631,1,87;742,1,197;97,1,148;131,1,131;421,1,85;287,1,174;288,1,128;601,1,94;207,3,13,38,60;538,1,265;604,1,51
2376,2,2:834,1,197;325,1,53
2377,1,1:834,1,215
2378,1,1:834,1,217
2379,2,2:834,1,221;132,1,124
2380,8,8:834,1,246;634,1,156;936,1,162;349,1,199;187,1,194;596,1,322;989,1,49;672,1,60
2381,8,11:834,2,252,311;397,2,137,147;38,1,119;43,1,119;478,2,149,234;349,1,149;511,1,102;920,1,112
2382,13,17:834,1,289;686,1,54;626,1,39;397,1,105;635,2,37,105;675,1,106;104,1,105;412,3,169,190,196;731,1,100;662,1,74;715,1,301;213,1,156;545,2,99,110
2383,4,4:834,1,298;842,1,110;489,1,170;596,1,272
2384,1,1:834,1,314
2385,1,1:834,1,330
2386,6,6:834,1,337;327,1,287;474,1,57;644,1,19;677,1,99;308,1,139
2387,8,14:834,1,338;398,1,71;85,1,137;644,1,20;217,2,10,24;545,3,13,31,45;218,2,46,304;616,3,13,27,49
2388,4,4:834,1,343;33,1,168;799,1,162;80,1,382
2389,6,11:925,4,14,29,39,82;40,1,141;949,2,4,10;155,1,142;909,2,2,13;193,1,100
2390,3,3:925,1,44;607,1,85;641,1,52
2391,1,1:925,1,45
2392,1,1:925,1,64
2393,1,1:925,1,76
2394,2,2:925,1,108;592,1,64
2395,2,3:925,1,116;50,2,87,110
2396,2,4:24,3,7,18,153;963,1,30
2397,12,17:24,3,42,78,111;242,1,62;468,2,78,94;71,1,75;254,1,107;480,2,250,255;937,1,56;884,1,383;653,1,62;814,2,40,115;183,1,74;432,1,69
2398,1,1:24,1,51
2399,37,68:24,1,74;332,1,193;58,1,177;637,1,62;255,1,59;485,3,3,13,27;992,2,4,15;841,3,5,13,34;921,2,95,122;491,1,52;845,2,51,62;730,3,9,24,42;903,1,31;677,1,45;660,3,6,25,50;814,1,20;680,1,39;517,1,47;362,4,69,85,141,221;155,3,281,302,341;156,2,84,251;365,1,56;859,2,79,189;978,1,67;666,1,121;371,2,101,107;282,3,7,27,57;283,1,248;178,1,185;187,1,55;188,3,7,35,73;190,3,6,13,54;381,3,8,21,36;385,3,7,18,33;386,3,14,29,49;201,1,114;202,1,59
2400,2,3:24,2,89,120;966,1,91
2401,1,1:24,1,96
2402,14,14:24,1,117;32,1,19;463,1,40;633,1,29;639,1,55;94,1,46;492,1,75;705,1,73;781,1,96;715,1,243;176,1,219;991,1,93;299,1,294;786,1,204
2403,25,42:24,1,126;954,4,11,23,71,84;31,1,85;626,1,24;758,3,6,17,24;797,1,38;401,6,37,47,53,87,93,107;246,1,89;634,1,51;841,1,24;639,1,162;675,1,187;705,2,32,83;643,1,62;416,2,14,33;580,3,16,33,62;581,1,54;357,1,54;663,1,69;815,2,8,17;280,2,17,45;818,2,5,17;197,1,43;203,1,293;206,1,45
2404,1,1:24,1,136
2405,2,7:450,2,1,7;693,5,26,32,36,63,133
2406,1,4:450,4,2,8,16,25
2407,4,6:450,2,6,12;311,2,11,30;487,1,50;131,1,294
2408,12,18:450,4,13,55,71,97;311,2,130,220;85,1,125;86,1,236;573,1,104;114,1,76;852,1,60;132,1,226;368,2,96,108;168,1,236;918,2,2,12;203,1,402
2409,4,4:450,1,15;403,1,98;82,1,120;121,1,36
2410,1,2:450,2,26,100
2411,1,2:450,2,28,116
2412,1,1:450,1,33
2413,2,2:450,1,38;127,1,66
2414,1,3:450,3,39,47,57
2415,1,1:450,1,45
2416,8,10:450,1,54;767,1,92;490,1,157;419,1,52;274,1,289;909,3,7,18,24;291,1,124;218,1,104
2417,7,7:450,1,62;36,1,315;86,1,231;650,1,50;172,1,224;193,1,217;541,1,219
2418,1,1:450,1,66
2419,7,7:450,1,72;329,1,173;242,1,97;509,1,53;677,1,203;171,1,217;959,1,32
2420,2,5:450,1,81;54,4,5,17,119,139
2421,7,7:450,1,86;701,1,90;77,1,159;494,1,214;783,1,128;433,1,180;298,1,30
2422,3,3:450,1,90;310,1,114;180,1,125
2423,1,1:450,1,93
2424,2,3:450,1,99;54,2,12,24
2425,2,2:450,1,110;423,1,358
2426,2,3:551,2,6,17;554,1,62
2427,1,2:551,2,8,19
2428,1,2:551,2,9,20
2429,1,1:551,1,27
2430,5,5:551,1,65;884,1,128;850,1,67;978,1,72;193,1,160
2431,1,1:551,1,68
2432,14,15:551,1,173;399,1,186;327,1,149;628,1,221;727,1,208;247,2,120,211;73,1,242;97,1,214;411,1,50;157,1,182;163,1,142;180,1,119;185,1,64;199,1,105
2433,1,1:551,1,181
2434,2,7:25,4,3,6,30,44;950,3,8,16,32
2435,5,5:25,1,9;73,1,36;898,1,15;907,1,81;592,1,156
2436,1,4:25,4,16,35,65,168
2437,1,1:25,1,18
2438,6,7:25,1,36;42,1,78;477,1,80;80,2,99,115;131,1,268;219,1,77
2439,4,5:25,1,52;53,1,188;90,2,57,80;521,1,142
2440,1,1:25,1,72
2441,19,36:25,1,102;687,3,33,53,86;326,1,135;332,1,238;837,1,83;561,6,1,18,85,99,126,156;633,1,105;74,3,26,90,95;411,1,128;675,3,164,179,283;641,1,113;494,1,127;135,4,1,12,26,43;854,1,84;359,1,173;858,2,219,225;370,2,1,16;594,2,52,104;377,1,124
2442,12,12:25,1,105;236,1,92;37,1,102;312,1,96;806,1,89;257,1,248;258,1,29;846,1,107;576,1,119;852,1,81;267,1,165;862,1,157
2443,1,1:25,1,138
2444,1,1:25,1,157
2445,2,2:25,1,181;55,1,163
2446,9,10:25,2,183,184;983,1,42;50,1,146;800,1,137;412,1,212;135,1,142;718,1,24;174,1,163;824,1,60
2447,4,4:25,1,185;252,1,183;847,1,106;148,1,187
2448,18,34:686,3,2,13,36;835,1,139;701,2,83,198;459,2,80,356;56,9,1,10,45,91,145,171,225,265,329;246,1,130;804,1,61;995,1,36;713,1,26;662,1,123;993,3,4,9,21;156,1,92;783,1,139;525,1,136;668,1,189;172,3,16,34,70;385,1,51;786,1,249
2449,7,10:686,3,9,20,31;459,2,83,351;468,1,184;633,1,28;730,1,91;209,1,41;786,1,251
2450,2,5:686,1,46;844,4,5,21,43,87
2451,4,4:686,1,59;662,1,76;274,1,303;207,1,256
2452,7,7:686,1,60;701,1,117;241,1,201;488,1,151;656,1,85;289,1,263;381,1,96
2453,10,11:686,1,84;564,1,51;704,1,116;273,1,359;783,1,160;694,2,117,140;976,1,159;295,1,264;874,1,70;219,1,212
2454,15,17:686,1,120;239,1,211;46,1,138;67,1,233;689,1,166;120,1,340;578,1,50;731,1,136;134,2,124,151;713,1,84;423,1,206;862,2,127,151;378,1,93;195,1,67;308,1,121
2455,3,5:451,3,9,18,32;757,1,67;800,1,133
2456,12,21:451,2,46,54;235,1,144;458,5,61,130,171,203,281;35,1,136;244,2,2,12;469,1,48;894,1,41;75,4,96,215,243,334;938,1,42;939,1,70;715,1,116;146,1,60
2457,1,1:451,1,50
2458,11,15:451,1,53;235,1,143;458,1,170;35,1,135;244,2,1,11;469,1,47;894,1,40;75,4,95,214,242,333;938,1,41;939,1,69;146,1,59
2459,1,1:451,1,57
2460,14,18:451,1,58;794,1,78;458,1,145;467,1,124;97,1,251;675,1,49;571,2,124,138;500,1,86;579,1,95;654,4,53,63,126,139;662,1,135;145,1,25;671,1,91;213,1,96
2461,2,2:451,1,108;564,1,92
2462,4,4:451,1,130;52,1,273;471,1,54;486,1,36
2463,49,144:954,4,12,24,72,100;826,3,26,102,127;700,1,170;983,5,5,11,45,52,88;626,5,25,57,136,206,245;795,1,139;461,7,5,12,90,135,167,183,205;36,9,61,90,130,144,150,181,224,229,265;239,6,17,46,82,158,233,246;758,1,81;52,1,48;242,3,86,100,136;796,1,78;797,4,7,14,61,109;727,5,78,90,125,179,202;629,4,75,104,172,186;401,2,75,169;606,1,148;778,3,58,103,118;68,3,51,128,228;470,1,60;779,3,9,24,95;83,1,36;765,1,99;967,1,61;117,2,94,118;689,1,62;649,2,132,277;504,5,8,16,28,68,189;782,2,49,60;656,2,48,98;511,1,131;140,1,97;514,5,8,16,33,72,221;829,1,97;271,2,85,106;272,3,93,98,181;154,4,114,122,127,175;274,5,116,134,144,207,212;519,4,113,192,274,439;815,2,35,56;524,4,19,38,58,283;973,5,8,16,34,85,101;824,1,42;214,2,45,80;215,3,28,68,76;303,6,108,126,137,147,176,201;216,3,41,152,166;220,2,73,177
2464,1,1:954,1,34
2465,2,2:954,1,37;962,1,44
2466,2,2:954,1,38;639,1,41
2467,1,1:954,1,39
2468,3,4:954,1,40;904,1,13;524,2,3,22
2469,2,3:954,1,42;524,2,6,25
2470,1,1:954,1,43
2471,2,2:954,1,48;856,1,169
2472,21,27:954,1,64;237,1,160;397,1,253;462,1,69;628,1,94;407,1,207;996,1,50;100,2,35,166;110,1,46;417,1,93;827,2,137,148;271,2,80,100;272,2,87,112;273,1,115;817,1,64;594,1,65;433,1,48;203,2,96,368;601,1,113;825,1,178;306,2,166,315
2473,6,6:954,1,80;634,1,61;74,1,47;840,1,110;960,1,35;821,1,157
2474,5,7:954,1,97;797,3,5,12,107;469,1,201;804,1,113;214,1,44
2475,6,10:954,1,99;797,3,6,13,108;469,2,203,255;804,1,111;524,2,48,134;973,1,97
2476,2,2:954,1,115;540,1,149
2477,5,6:954,1,118;626,1,118;641,2,21,96;358,1,69;364,1,102
2478,4,4:954,1,151;626,1,92;48,1,39;920,1,119
2479,1,1:954,1,154
2480,1,1:954,1,157
2481,3,4:954,1,160;524,1,198;600,2,6,19
2482,8,10:452,3,9,21,77;625,1,54;120,1,90;131,1,91;829,1,79;527,1,35;189,1,66;538,1,58
2483,7,10:452,2,25,57;56,1,357;66,1,43;113,1,51;415,1,33;506,1,44;532,3,4,24,45
2484,1,1:452,1,26
2485,2,3:452,1,33;921,2,9,18
2486,2,2:452,1,39;158,1,54
2487,1,1:452,1,41
2488,2,3:452,1,49;980,2,7,15
2489,3,3:452,1,56;242,1,186;311,1,227
2490,1,1:452,1,58
2491,6,6:452,1,59;69,1,81;313,1,50;479,1,92;521,1,71;162,1,271
2492,1,1:452,1,61
2493,4,4:452,1,63;100,1,93;425,1,99;526,1,236
2494,1,1:963,1,23
2495,6,8:963,1,26;243,1,33;426,1,56;369,1,71;171,3,7,24,40;298,1,71
2496,1,1:963,1,83
2497,6,8:26,2,62,103;727,1,145;762,1,199;427,2,14,30;524,1,145;887,1,62
2498,14,23:26,1,91;399,1,123;606,1,85;639,3,237,259,286;115,1,153;276,2,149,178;158,3,124,147,211;916,1,67;920,2,114,135;281,1,138;175,1,112;989,3,46,157,179;538,2,125,140;546,1,91
2499,9,9:26,1,108;399,1,189;632,1,253;83,1,123;492,1,38;125,1,166;655,1,100;871,1,23;297,1,34
2500,10,10:26,1,114;50,1,295;98,1,35;769,1,254;850,1,194;589,1,255;889,1,137;208,1,99;218,1,258;390,1,183
2501,4,4:26,1,115;311,1,493;337,1,125;155,1,137
2502,7,7:26,1,117;397,1,375;727,1,272;561,1,50;898,1,87;495,1,42;718,1,78
2503,5,5:26,1,119;66,1,80;343,1,157;853,1,53;523,1,107
2504,2,2:26,1,129;91,1,90
2505,1,1:699,1,59
2506,6,6:699,1,94;33,1,142;54,1,102;87,1,150;860,1,73;536,1,69
2507,6,6:699,1,103;476,1,97;344,1,115;901,1,48;585,1,55;425,1,37
2508,1,1:699,1,125
2509,1,1:699,1,131
2510,5,5:699,1,144;398,1,186;608,1,129;856,1,65;862,1,182
2511,2,2:699,1,186;728,1,48
2512,1,1:699,1,197
2513,3,3:699,1,206;606,1,52;517,1,193
2514,2,2:27,1,54;142,1,128
2515,8,12:27,2,55,227;562,2,56,158;404,1,125;487,2,194,224;997,1,27;120,1,168;649,1,59;524,2,67,104
2516,1,1:27,1,64
2517,1,1:27,1,97
2518,2,2:27,1,100;84,1,43
2519,5,6:27,1,116;762,2,163,167;86,1,180;514,1,230;424,1,190
2520,1,1:27,1,126
2521,5,6:27,1,137;75,2,468,599;899,1,85;295,1,218;946,1,169
2522,3,3:27,1,161;64,1,199;168,1,247
2523,7,8:27,1,171;59,1,46;606,1,36;310,1,72;568,2,29,91;713,1,98;299,1,263
2524,5,6:27,1,182;454,1,92;265,2,195,237;152,1,230;156,1,274
2525,11,11:27,1,228;624,1,62;48,1,250;437,1,11;54,1,59;64,1,27;634,1,136;856,1,177;734,1,57;516,1,52;198,1,23
2526,1,1:27,1,244
2527,1,1:453,1,43
2528,3,3:453,1,72;693,1,89;203,1,183
2529,1,1:453,1,148
2530,6,13:454,3,15,32,56;48,2,254,281;688,2,8,31;252,1,64;810,2,15,31;649,3,6,22,163
2531,13,22:454,1,74;50,2,231,288;727,1,62;251,1,67;732,1,114;585,2,79,222;151,2,98,143;829,1,132;518,3,25,50,151;681,2,149,184;366,4,72,88,103,128;527,1,55;602,1,146
2532,2,2:454,1,85;53,1,238
2533,5,8:454,1,97;399,2,33,205;437,2,9,215;568,1,53;265,2,185,211
2534,3,3:454,1,118;552,1,106;203,1,121
2535,10,10:454,1,139;687,1,127;325,1,220;60,1,115;247,1,171;101,1,213;417,1,86;510,1,156;516,1,227;874,1,79
2536,18,26:454,1,201;327,2,126,342;633,1,91;992,3,1,12,81;131,1,208;266,1,67;277,1,98;521,1,62;160,1,19;183,2,91,216;184,2,51,92;185,1,55;774,1,73;943,1,37;198,1,76;615,3,1,10,28;991,2,14,59;299,1,84
2537,13,13:454,1,226;45,1,210;50,1,250;72,1,82;88,1,97;490,1,108;109,1,141;120,1,195;131,1,398;139,1,211;163,1,193;295,1,242;216,1,136
2538,6,7:234,1,24;30,1,54;41,1,106;763,2,143,187;747,1,163;517,1,74
2539,7,24:234,1,36;71,6,5,21,34,214,231,246;72,7,4,13,30,55,72,94,113;120,7,2,18,39,199,280,308,363;652,1,185;305,1,89;219,1,146
2540,12,22:234,1,37;42,1,170;75,7,143,476,486,496,530,580,629;81,1,127;82,1,53;568,2,11,22;487,2,189,231;902,1,81;502,1,48;851,1,97;424,3,122,151,218;603,1,80
2541,5,5:234,1,43;29,1,226;52,1,256;242,1,224;353,1,36
2542,5,6:234,1,51;46,1,33;935,1,64;105,1,119;207,2,1,26
2543,29,87:234,2,56,116;555,1,257;44,1,361;45,3,10,20,70;327,2,92,173;52,1,203;55,2,100,147;56,2,258,288;332,1,219;633,2,4,17;336,2,60,95;338,6,7,23,59,140,150,172;313,4,79,129,134,255;343,5,143,174,182,233,256;95,4,84,111,120,135;256,12,5,28,87,126,138,145,168,217,261,270,300,343;675,1,92;106,2,101,163;124,5,13,28,32,44,88;351,2,46,80;354,1,112;148,2,145,176;149,1,95;358,1,29;283,2,91,249;535,4,5,20,37,82;382,2,44,76;202,1,126;203,13,8,24,61,210,216,230,238,253,314,330,364,416,447
2544,4,5:234,1,61;311,1,468;277,1,66;596,2,249,279
2545,8,8:234,1,78;42,1,186;50,1,294;799,1,180;934,1,73;728,1,75;491,1,142;724,1,122
2546,1,1:234,1,81
2547,5,8:234,1,88;984,2,17,37;127,3,9,23,111;271,1,205;529,1,79
2548,1,1:234,1,103
2549,7,10:234,1,107;983,1,92;52,3,150,277,331;67,1,267;95,1,140;117,2,103,140;169,1,94
2550,9,11:234,1,121;795,1,109;315,1,141;490,1,124;846,1,130;162,1,145;951,1,140;388,1,92;204,3,220,332,360
2551,2,3:826,2,12,81;164,1,67
2552,23,60:826,2,14,113;626,2,133,150;461,2,60,76;239,1,294;758,1,82;52,1,258;727,1,56;778,2,128,147;67,2,9,32;68,2,79,89;117,1,65;649,2,137,278;140,3,108,153,205;271,9,13,39,113,174,180,186,209,221,239;272,6,12,37,127,189,194,199;154,1,139;273,6,220,257,305,330,338,373;586,2,99,148;519,3,114,275,440;207,6,125,239,246,269,282,349;303,2,128,139;307,2,154,161;220,1,178
2553,1,1:826,1,19
2554,1,2:826,2,21,119
2555,4,5:826,2,22,52;675,1,305;523,1,31;166,1,87
2556,1,1:826,1,37
2557,1,1:826,1,47
2558,5,6:826,1,50;240,2,5,19;733,1,170;191,1,93;991,1,112
2559,10,11:826,1,76;45,1,200;559,1,96;256,2,285,295;492,1,65;509,1,43;912,1,187;195,1,127;300,1,127;542,1,56
2560,16,18:826,1,84;36,1,320;400,1,127;83,1,124;948,1,144;482,1,143;485,1,120;843,1,62;100,1,75;128,1,23;148,2,35,279;522,1,62;283,1,239;286,1,84;889,1,105;299,2,44,194
2561,2,2:826,1,86;342,1,248
2562,1,1:826,1,101
2563,7,9:826,1,103;779,1,36;81,1,141;417,2,129,147;156,2,74,97;218,1,81;616,1,56
2564,5,5:826,1,111;482,1,134;356,1,155;593,1,67;198,1,194
2565,1,1:826,1,117
2566,24,42:235,2,8,21;455,2,2,8;249,1,60;473,1,71;474,1,63;488,3,3,12,31;843,1,130;423,3,81,146,234;978,1,27;163,2,2,18;919,2,2,13;916,2,3,12;168,2,8,20;316,1,334;526,1,289;173,2,2,16;912,2,2,14;952,1,102;430,3,7,27,55;870,2,4,11;380,3,38,58,96;821,1,149;317,1,113;597,2,3,13
2567,11,15:235,2,44,92;624,1,171;244,3,38,59,93;607,1,108;742,1,81;125,1,16;127,2,14,28;270,1,60;520,1,56;858,1,179;541,1,189
2568,21,34:235,1,65;807,2,44,83;992,1,45;610,1,88;770,1,42;649,1,63;907,3,14,30,120;660,3,4,23,48;857,1,74;715,1,198;858,2,90,111;859,1,23;717,3,4,18,33;735,4,4,14,37,53;592,3,10,21,108;173,1,116;867,1,49;721,1,42;821,1,99;991,1,26;883,1,65
2569,1,1:235,1,78
2570,27,43:235,1,89;238,2,177,216;57,1,34;470,1,18;934,1,65;77,1,207;779,2,115,226;608,2,34,60;569,2,44,49;639,7,146,170,194,252,297,367,425;499,1,71;850,1,342;733,2,54,97;423,1,319;145,2,109,117;156,1,206;157,1,143;281,3,117,161,184;666,2,80,84;290,1,110;291,1,133;175,1,158;862,1,125;181,1,160;195,1,117;201,2,108,128;598,1,139
2571,3,3:235,1,90;675,1,154;203,1,228
2572,2,2:235,1,97;475,1,98
2573,20,21:235,1,107;35,1,142;51,1,107;54,1,70;245,1,41;933,1,69;476,1,101;921,1,85;986,2,2,13;975,1,20;570,1,78;770,1,85;970,1,59;155,1,39;166,1,130;376,1,33;181,1,113;192,1,69;869,1,26;381,1,83
2574,6,9:235,1,114;458,1,242;796,1,56;132,2,122,284;971,3,6,17,47;141,1,102
2575,8,11:235,1,127;473,2,145,457;80,1,61;713,2,9,19;733,1,21;990,1,84;526,1,411;299,2,60,288
2576,3,3:235,1,134;802,1,123;87,1,74
2577,2,2:235,1,154;385,1,24
2578,1,1:235,1,157
2579,3,3:235,1,163;777,1,176;390,1,274
2580,7,12:236,1,61;519,2,138,465;375,1,189;284,2,100,212;197,3,11,24,44;991,1,91;604,2,332,372
2581,1,1:236,1,66
2582,1,1:236,1,71
2583,4,8:236,1,72;490,1,76;519,1,381;284,5,13,42,61,158,193
2584,5,7:236,2,116,130;727,1,181;97,1,223;274,1,304;602,2,300,377
2585,14,14:236,1,129;40,1,148;242,1,266;674,1,67;566,1,61;675,1,308;494,1,106;121,1,197;143,1,116;354,1,125;681,1,166;719,1,84;526,1,314;306,1,329
2586,10,10:236,1,133;701,1,202;467,1,60;314,1,93;339,1,144;806,1,103;655,1,61;363,1,52;522,1,76;602,1,299
2587,1,1:236,1,140
2588,4,4:236,1,143;554,1,93;758,1,107;799,1,170
2589,3,3:236,1,145;316,1,280;183,1,71
2590,4,4:236,1,163;53,1,214;340,1,49;389,1,159
2591,14,16:236,1,165;626,2,90,98;463,1,165;401,1,80;55,1,206;57,1,165;64,1,207;314,1,97;742,2,101,121;417,1,69;159,1,171;951,1,99;283,1,150;739,1,81
2592,1,1:236,1,180
2593,4,4:236,1,183;28,1,46;629,1,35;848,1,75
2594,1,1:236,1,206
2595,4,4:236,1,222;242,1,133;838,1,189;101,1,191
2596,2,2:236,1,227;794,1,77
2597,1,2:236,2,229,257
2598,1,1:236,1,245
2599,2,2:236,1,258;409,1,80
2600,1,1:455,1,21
2601,6,9:455,1,25;68,2,172,200;479,2,98,106;131,1,118;583,1,113;908,2,39,188
2602,4,4:455,1,35;572,1,100;990,1,60;316,1,42
2603,1,1:455,1,42
2604,1,1:455,1,53
2605,6,6:455,1,61;795,1,195;423,1,139;990,1,109;526,1,108;541,1,172
2606,14,35:700,2,25,174;36,1,169;140,3,18,39,69;154,1,75;274,3,12,42,89;586,1,115;207,1,86;303,3,12,39,70;305,3,9,30,58;748,3,6,23,44;390,1,255;306,8,9,29,62,237,271,318,326,338;308,2,5,22;220,3,29,59,122
2607,1,1:700,1,245
2608,5,9:700,2,252,300;237,3,5,18,36;63,1,154;128,2,119,258;657,1,130
2609,6,6:700,1,279;252,1,158;85,1,24;504,1,73;514,1,77;715,1,237
2610,4,4:700,1,306;624,1,143;898,1,95;852,1,84
2611,4,6:456,2,12,24;974,1,22;414,2,6,12;593,1,30
2612,2,2:456,1,32;311,1,125
2613,6,10:456,1,36;315,2,105,147;405,2,1,12;714,3,3,14,41;430,1,131;991,1,99
2614,14,28:456,3,47,99,296;460,1,64;33,5,58,103,119,228,243;35,3,12,27,160;399,1,260;563,3,5,11,24;405,3,10,21,36;848,1,36;118,2,84,138;125,1,109;168,1,117;870,1,116;878,1,42;616,2,140,153
2615,2,2:456,1,64;64,1,234
2616,1,2:456,2,67,330
2617,1,2:456,2,68,331
2618,16,17:456,1,72;243,1,85;53,1,106;797,1,67;898,1,170;489,1,105;104,1,121;494,1,201;118,1,92;577,1,128;423,2,178,347;161,1,117;526,1,403;918,1,53;869,1,98;533,1,89
2619,3,3:456,1,77;635,1,33;98,1,32
2620,1,1:456,1,81
2621,5,5:456,1,82;553,1,35;83,1,110;526,1,101;989,1,86
2622,3,3:456,1,84;132,1,269;828,1,135
2623,2,2:456,1,89;842,1,68
2624,2,2:456,1,124;311,1,499
2625,3,3:456,1,131;709,1,45;592,1,161
2626,1,2:456,2,151,253
2627,1,1:456,1,161
2628,1,1:456,1,163
2629,6,10:456,1,174;325,4,7,16,41,71;44,1,337;405,1,50;577,1,36;537,2,14,28
2630,2,2:456,1,195;289,1,94
2631,1,1:456,1,220
2632,10,10:456,1,238;980,1,34;399,1,85;465,1,230;64,1,99;488,1,175;579,1,70;782,1,51;133,1,84;989,1,31
2633,4,4:456,1,266;639,1,473;285,1,324;604,1,233
2634,12,12:456,1,312;626,1,196;41,1,85;64,1,92;938,1,48;111,1,129;124,1,34;128,1,156;359,1,84;184,1,128;739,1,97;888,1,46
2635,3,3:456,1,316;437,1,182;345,1,168
2636,1,1:456,1,326
2637,1,1:456,1,328
2638,1,1:456,1,339
2639,2,2:456,1,340;143,1,98
2640,3,5:552,2,127,213;52,2,133,241;668,1,123
2641,3,4:552,2,140,221;52,1,124;668,1,128
2642,7,7:552,1,200;624,1,56;635,1,62;771,1,170;658,1,164;299,1,239;207,1,191
2643,10,12:552,1,218;835,1,31;992,1,62;640,2,38,61;811,1,81;140,1,157;272,1,208;154,1,177;519,2,418,424;749,1,105
2644,17,18:926,1,25;777,1,24;800,2,59,98;315,1,121;474,1,105;89,1,120;104,1,111;579,1,172;653,1,77;419,1,93;581,1,136;424,1,106;737,1,35;179,1,224;380,1,107;432,1,46;883,1,178
2645,5,5:926,1,82;108,1,223;770,1,112;596,1,307;545,1,145
2646,1,1:926,1,118
2647,1,1:237,1,32
2648,5,8:237,4,61,83,115,137;242,1,265;988,1,54;534,1,85;536,1,110
2649,4,6:237,2,70,101;458,1,112;668,1,127;604,2,123,198
2650,1,1:237,1,74
2651,1,1:237,1,110
2652,9,9:237,1,159;407,1,206;100,1,165;654,1,134;512,1,16;193,1,286;198,1,53;540,1,135;825,1,177
2653,7,11:983,2,2,8;563,2,18,40;639,1,472;844,1,98;654,2,2,11;164,2,2,15;523,1,22
2654,6,6:983,1,26;239,1,179;95,1,122;851,1,92;298,1,78;202,1,75
2655,1,2:983,2,27,50
2656,1,1:983,1,31
2657,5,11:983,1,33;325,1,76;36,2,278,293;401,6,5,12,23,59,114,168;978,1,81
2658,20,29:983,1,41;50,1,152;562,1,33;64,1,296;800,1,51;489,1,119;808,1,81;986,2,7,18;977,1,39;571,1,91;576,3,112,132,155;850,4,50,265,300,339;657,1,69;580,1,107;581,1,126;854,3,18,37,49;594,1,137;882,1,73;188,1,111;869,2,9,21
2659,10,11:983,2,59,79;67,1,205;344,1,218;119,1,44;417,1,105;513,1,52;907,1,75;659,1,48;270,1,410;821,1,111
2660,1,2:983,2,60,69
2661,3,3:983,1,61;717,1,84;604,1,105
2662,8,11:983,1,65;36,3,5,23,60;336,2,16,35;915,1,172;150,1,100;859,1,86;593,1,60;179,1,194
2663,6,6:983,1,68;758,1,27;504,1,107;514,1,113;524,1,69;385,1,65
2664,11,25:624,2,4,8;243,2,24,140;53,5,23,53,114,164,210;81,1,29;809,2,6,21;849,1,88;132,2,35,264;709,3,9,18,128;710,3,4,8,14;545,1,46;616,3,14,28,50
2665,1,2:624,2,28,108
2666,2,2:624,1,47;607,1,118
2667,18,40:624,1,63;52,1,37;242,1,34;796,2,35,87;53,3,42,110,229;310,1,24;339,2,69,148;809,1,82;849,5,5,18,41,50,79;708,2,43,50;886,1,56;132,8,43,101,108,121,152,229,233,283;709,3,78,131,137;971,4,3,14,26,46;710,1,44;423,2,168,223;280,1,300;602,1,360
2668,21,55:624,2,64,74;52,4,7,17,72,298;242,1,137;243,1,34;796,2,28,59;53,1,30;67,5,151,179,232,270,281;407,1,222;881,1,14;132,2,7,16;710,2,46,65;168,1,70;169,2,43,54;869,2,45,56;785,2,56,70;217,1,105;545,4,17,35,49,119;786,2,108,270;749,6,9,11,23,25,42,44;825,8,3,5,16,18,49,51,91,189;616,5,60,76,116,123,181
2669,5,6:624,1,65;796,1,60;53,1,31;881,1,15;132,2,8,17
2670,6,8:624,1,72;606,1,93;474,1,91;520,3,2,11,183;951,1,112;876,1,13
2671,6,6:624,1,79;566,1,115;103,1,208;872,1,285;671,1,53;542,1,37
2672,10,11:624,1,83;32,1,128;48,1,282;404,2,52,86;72,1,20;78,1,48;937,1,58;807,1,26;847,1,51;296,1,33
2673,1,1:624,1,89
2674,1,1:624,1,99
2675,1,1:624,1,125
2676,4,5:624,1,137;242,1,87;771,2,95,145;218,1,74
2677,1,1:624,1,138
2678,5,9:624,3,153,185,195;595,1,125;738,3,8,23,39;183,1,226;208,1,82
2679,3,4:624,1,163;845,2,52,63;942,1,45
2680,1,1:624,1,212
2681,1,1:624,1,221
2682,23,39:457,2,5,13;29,5,11,22,146,157,329;462,3,4,12,33;758,1,163;39,1,122;242,1,229;702,1,102;311,1,465;69,1,147;314,1,116;475,1,65;578,1,40;502,3,5,14,36;504,1,183;514,1,189;715,1,306;180,3,5,12,173;534,3,14,32,142;536,1,58;298,3,6,12,22;822,1,24;209,2,64,93;545,1,143
2683,2,2:457,1,40;519,1,385
2684,16,21:457,1,56;554,1,168;803,1,72;762,1,106;80,1,377;842,1,86;808,1,84;675,1,146;105,1,19;657,1,58;711,2,120,137;856,1,42;920,2,33,63;373,1,60;185,4,105,117,119,131;602,1,104
2685,14,18:457,1,91;258,1,45;123,1,85;158,1,279;519,1,124;524,1,113;285,1,73;529,3,20,42,73;180,1,107;784,1,62;538,1,83;212,1,54;221,3,125,138,183;546,1,59
2686,4,4:457,1,98;778,1,198;104,1,36;203,1,173
2687,1,1:457,1,103
2688,1,1:457,1,104
2689,2,2:457,1,106;505,1,86
2690,12,15:457,1,127;29,1,246;956,1,74;467,2,68,120;77,1,211;415,1,112;129,1,130;859,2,161,168;919,1,76;920,1,65;380,1,42;824,2,52,124
2691,4,4:457,1,144;52,1,311;610,1,108;824,1,70
2692,1,1:29,1,40
2693,2,2:29,1,45;991,1,20
2694,5,6:29,1,69;48,2,244,280;474,1,121;526,1,654;958,1,97
2695,4,5:29,1,80;398,1,178;80,1,150;128,2,52,235
2696,23,29:29,1,88;242,1,114;607,1,137;566,2,116,129;479,1,108;342,1,199;487,1,155;639,1,176;843,1,127;730,3,69,173,200;903,4,9,19,23,28;905,1,124;351,1,137;141,1,114;990,1,155;519,1,174;667,1,84;526,1,250;292,1,204;670,1,90;991,1,33;671,1,55;435,1,156
2697,5,5:29,1,93;649,1,201;519,1,225;370,1,48;184,1,166
2698,1,1:29,1,122
2699,2,2:29,1,142;326,1,92
2700,7,8:29,1,170;241,1,231;84,1,106;153,1,120;170,2,153,182;375,1,101;306,1,89
2701,1,1:29,1,207
2702,5,5:29,1,214;238,1,253;291,1,247;176,1,144;536,1,67
2703,1,2:29,2,218,318
2704,4,4:29,1,255;48,1,131;667,1,116;317,1,87
2705,2,2:29,1,259;207,1,302
2706,11,14:29,1,292;58,1,62;334,1,116;915,1,106;850,1,74;985,1,106;353,1,68;150,3,46,71,110;279,1,87;368,1,103;202,2,8,27
2707,2,3:29,2,313,344;993,1,31
2708,6,6:29,1,350;63,1,176;805,1,44;690,1,86;583,1,104;424,1,129
2709,2,2:29,1,364;528,1,139
2710,2,2:673,1,20;64,1,453
2711,4,7:673,1,23;266,3,9,20,56;990,1,82;279,2,6,20
2712,1,1:673,1,33
2713,1,1:673,1,35
2714,2,2:673,1,36;808,1,133
2715,2,2:673,1,37;528,1,97
2716,11,18:673,1,40;238,1,373;558,1,39;988,1,57;702,2,3,23;967,2,1,24;105,1,110;613,2,48,112;656,2,15,37;534,3,17,35,123;536,2,1,16
2717,5,5:673,1,46;327,1,247;155,1,107;526,1,578;603,1,56
2718,3,4:673,1,51;851,1,141;155,2,115,130
2719,1,1:673,1,57
2720,1,1:673,1,60
2721,2,2:673,1,61;199,1,29
2722,5,5:673,1,63;311,1,132;252,1,234;524,1,201;596,1,225
2723,23,25:30,1,17;56,1,26;704,1,201;935,1,49;488,1,28;92,1,66;638,1,55;412,1,216;849,1,46;512,1,66;423,2,30,78;424,1,208;962,1,60;681,1,73;519,1,51;718,1,57;316,1,275;526,2,87,113;286,1,63;889,1,87;875,1,60;722,1,21;879,1,98
2724,3,3:30,1,19;159,1,33;289,1,130
2725,3,3:30,1,25;492,1,47;515,1,65
2726,7,9:30,1,51;325,2,90,212;326,1,61;266,1,38;365,1,50;280,1,338;283,2,10,30
2727,8,8:30,1,77;61,1,86;478,1,39;969,1,61;866,1,171;820,1,54;872,1,202;879,1,143
2728,1,1:30,1,78
2729,10,10:30,1,107;65,1,51;675,1,350;768,1,40;116,1,83;850,1,164;580,1,118;581,1,162;854,1,110;300,1,122
2730,2,7:553,3,1,3,12;540,4,5,11,23,65
2731,12,31:553,4,2,4,27,40;701,1,199;995,2,9,22;850,3,5,24,46;580,3,5,22,42;581,4,5,16,35,149;854,5,5,16,24,35,46;712,1,63;713,1,28;855,2,10,22;692,2,17,37;856,3,12,24,225
2732,1,2:553,2,18,58
2733,3,4:553,2,20,22;459,1,361;158,1,184
2734,2,2:553,1,24;780,1,159
2735,4,4:553,1,42;133,1,87;908,1,182;785,1,81
2736,1,1:553,1,55
2737,2,2:625,1,43;193,1,119
2738,2,4:625,3,58,128,138;587,1,99
2739,1,1:625,1,63
2740,13,21:625,1,111;956,1,44;36,1,86;399,1,308;44,2,75,110;727,1,60;59,2,291,303;93,1,55;854,3,17,36,53;663,1,52;366,4,80,81,134,135;369,1,125;532,2,114,120
2741,1,2:625,2,133,143
2742,1,1:687,1,92
2743,6,8:687,1,129;327,1,140;314,2,188,227;808,1,57;280,2,92,267;374,1,146
2744,2,2:325,1,19;388,1,62
2745,2,2:325,1,45;75,1,148
2746,2,5:325,2,80,95;526,3,22,44,365
2747,3,5:325,1,105;57,3,42,113,147;702,1,172
2748,1,1:325,1,111
2749,7,7:325,1,122;948,1,73;487,1,176;488,1,234;571,1,161;734,1,211;299,1,151
2750,6,8:325,1,140;57,1,54;254,1,53;708,2,25,35;132,2,83,93;537,1,66
2751,11,17:325,2,150,158;56,2,57,177;333,1,43;99,1,62;349,3,75,109,165;133,1,129;513,1,81;427,1,115;861,2,7,19;594,2,31,169;175,1,147
2752,4,4:325,1,164;850,1,228;368,1,72;537,1,128
2753,6,6:325,1,172;52,1,253;275,1,108;167,1,206;189,1,211;946,1,139
2754,4,7:325,1,206;56,2,224,365;85,1,50;743,3,5,17,35
2755,2,2:325,1,218;178,1,74
2756,2,2:325,1,221;178,1,76
2757,1,1:325,1,226
2758,7,8:325,1,233;837,1,108;803,1,170;906,1,91;196,1,106;383,2,130,163;207,1,263
2759,13,18:326,1,39;63,1,141;562,1,138;65,1,37;343,1,210;646,3,8,19,53;572,1,104;118,1,35;352,2,52,77;359,3,80,95,167;590,1,28;385,1,53;775,1,50
2760,1,1:326,1,40
2761,19,24:326,1,50;329,1,187;241,1,211;246,1,147;334,1,66;631,1,103;337,1,65;349,1,184;356,1,43;357,1,133;517,1,48;362,1,137;155,5,75,264,282,303,342;278,1,134;371,1,216;316,1,230;530,2,122,139;289,1,233;912,1,137
2762,20,27:326,1,59;50,1,141;242,1,162;57,5,14,30,41,112,146;837,1,79;334,1,119;779,1,229;566,1,70;95,1,94;349,1,179;148,1,75;355,2,12,34;149,1,26;150,1,80;517,1,86;155,1,81;526,1,475;670,1,184;998,1,20;208,3,11,25,35
2763,1,1:326,1,81
2764,2,2:326,1,83;676,1,46
2765,11,17:326,1,85;459,2,81,235;837,1,81;470,1,17;566,1,93;641,1,105;611,1,188;148,1,91;156,1,94;723,1,48;218,6,49,53,205,224,245,277
2766,3,3:326,1,86;400,1,153;334,1,104
2767,12,13:326,1,89;399,1,200;44,1,266;60,1,145;247,1,210;64,1,178;86,1,228;847,1,79;267,1,162;166,1,160;183,1,160;299,2,95,252
2768,4,4:326,1,96;45,1,58;103,1,72;641,1,137
2769,12,15:326,1,102;336,1,55;337,1,41;779,1,68;413,2,39,65;849,1,86;519,1,159;693,1,93;173,1,67;866,2,40,51;872,2,71,82;541,1,192
2770,2,2:326,1,118;877,1,134
2771,2,2:326,1,141;659,1,89
2772,8,11:794,1,8;965,3,2,13,35;637,1,23;608,2,2,13;948,1,61;596,1,138;534,1,82;888,1,48
2773,2,2:794,1,81;825,1,199
2774,2,2:794,1,87;488,1,232
2775,1,1:794,1,111
2776,6,8:794,1,119;562,1,30;884,2,339,346;717,2,64,108;718,1,85;786,1,99
2777,2,6:458,4,63,132,212,283;577,2,7,17
2778,5,5:458,1,80;797,1,89;644,1,84;358,1,102;592,1,68
2779,1,1:458,1,88
2780,3,3:458,1,94;626,1,46;641,1,39
2781,8,8:458,1,98;64,1,381;572,1,62;120,1,325;143,1,142;179,1,161;190,1,34;386,1,32
2782,15,15:458,1,110;32,1,38;397,1,244;465,1,62;466,1,55;801,1,92;639,1,218;349,1,54;130,1,173;505,1,117;906,1,65;516,1,265;863,1,152;824,1,89;724,1,76
2783,11,12:458,1,111;36,1,214;633,1,143;473,2,56,349;406,1,72;974,1,52;915,1,102;130,1,198;581,1,155;734,1,179;299,1,160
2784,3,9:458,2,122,153;777,5,9,18,41,95,120;715,2,88,112
2785,2,2:458,1,127;908,1,179
2786,6,9:458,1,144;948,4,4,10,14,108;692,1,117;662,1,134;181,1,123;870,1,87
2787,4,5:458,1,161;360,1,99;600,1,141;541,2,106,120
2788,3,3:458,1,164;566,1,159;568,1,87
2789,1,1:458,1,258
2790,1,1:835,1,28
2791,2,2:835,1,34;593,1,51
2792,10,10:835,1,45;474,1,51;90,1,108;356,1,27;150,1,17;993,1,14;364,1,213;858,1,18;371,1,204;876,1,62
2793,1,1:835,1,63
2794,3,4:835,1,64;398,1,106;530,2,134,184
2795,9,11:835,2,70,80;795,1,122;36,1,72;242,2,158,164;778,1,42;272,1,97;154,1,126;815,1,55;434,1,75
2796,1,1:835,1,77
2797,1,1:835,1,83
2798,2,2:835,1,85;594,1,177
2799,10,10:835,1,88;39,1,125;40,1,105;473,1,418;742,1,339;423,1,295;353,1,73;289,1,34;819,1,69;536,1,96
2800,2,4:835,1,97;495,3,8,25,64
2801,3,3:835,1,104;629,1,121;974,1,76
2802,1,1:835,1,117
2803,2,2:835,1,118;541,1,222
2804,1,1:835,1,143
2805,1,1:835,1,152
2806,2,2:554,1,24;726,1,36
2807,1,1:554,1,34
2808,1,1:554,1,37
2809,1,1:554,1,139
2810,1,3:554,3,220,256,301
2811,2,2:554,1,225;889,1,168
2812,3,3:554,1,244;907,1,86;598,1,87
2813,1,1:554,1,252
2814,1,1:554,1,259
2815,9,10:554,1,293;239,1,275;473,1,81;100,1,68;504,1,223;985,1,62;523,1,52;666,1,64;285,2,249,256
2816,5,5:554,1,295;560,1,193;965,1,76;263,1,162;191,1,91
2817,1,1:554,1,296
2818,4,5:777,1,27;839,1,62;344,1,77;541,2,10,20
2819,1,1:777,1,32
2820,1,1:777,1,35
2821,2,3:777,1,47;628,2,10,29
2822,1,1:777,1,73
2823,2,2:777,1,75;76,1,97
2824,5,5:777,1,81;52,1,294;311,1,489;178,1,107;179,1,321
2825,2,2:777,1,85;143,1,160
2826,2,2:777,1,104;400,1,228
2827,6,6:777,1,109;779,1,59;908,1,67;166,1,147;299,1,157;786,1,154
2828,4,5:777,1,127;884,2,77,82;280,1,319;724,1,63
2829,1,1:777,1,131
2830,7,7:777,1,141;32,1,184;629,1,165;332,1,149;957,1,126;811,1,57;668,1,165
2831,9,24:777,1,150;32,11,5,13,29,46,52,98,108,123,166,205,253;464,2,96,101;313,1,179;493,1,212;498,5,6,15,61,64,88;119,1,54;148,1,201;198,1,44
2832,5,5:777,1,171;628,1,168;314,1,124;103,1,123;390,1,119
2833,4,4:777,1,192;57,1,170;252,1,124;487,1,253
2834,2,4:981,2,33,70;44,2,243,293
2835,3,4:981,1,64;51,2,32,118;734,1,55
2836,1,1:981,1,65
2837,2,2:31,1,31;495,1,73
2838,1,1:31,1,32
2839,1,1:31,1,33
2840,1,1:31,1,34
2841,6,6:31,1,78;466,1,83;898,1,171;118,1,70;715,1,57;952,1,78
2842,8,8:31,1,80;570,1,34;709,1,123;426,1,104;595,1,73;530,1,114;378,1,76;961,1,76
2843,2,2:31,1,84;161,1,80
2844,1,1:555,1,29
2845,1,1:555,1,53
2846,3,3:555,1,58;327,1,360;808,1,85
2847,6,7:555,2,90,146;36,1,62;646,1,103;593,1,46;285,1,88;298,1,18
2848,2,2:555,1,102;599,1,35
2849,1,1:555,1,104
2850,3,3:555,1,105;45,1,35;437,1,150
2851,2,2:555,1,106;311,1,341
2852,3,3:555,1,111;373,1,66;616,1,94
2853,1,1:555,1,132
2854,4,6:555,1,216;642,2,141,174;610,2,76,89;651,1,145
2855,6,6:555,1,222;628,1,181;608,1,105;899,1,46;642,1,214;904,1,75
2856,2,2:555,1,235;642,1,222
2857,4,7:555,1,236;49,1,28;50,4,5,23,51,79;642,1,223
2858,7,8:555,2,239,249;62,1,120;742,1,295;642,1,226;677,1,62;517,1,88;946,1,98
2859,2,2:555,1,243;839,1,91
2860,7,7:555,1,261;956,1,128;459,1,348;339,1,87;119,1,133;505,1,62;191,1,62
2861,9,31:32,5,4,12,28,45,97;498,2,5,14;951,1,59;179,6,11,24,28,136,185,334;863,8,6,14,38,50,83,98,165,221;181,3,4,10,23;910,4,3,10,24,64;774,1,62;598,1,89
2862,9,9:32,1,23;632,1,102;635,1,16;473,1,428;80,1,28;345,1,110;909,1,52;316,1,113;296,1,37
2863,1,1:32,1,31
2864,9,9:32,1,35;484,1,52;884,1,175;349,1,50;351,1,181;908,1,177;590,1,47;294,1,74;869,1,86
2865,1,2:32,2,51,107
2866,4,5:32,2,58,73;584,1,167;989,1,168;602,1,118
2867,1,2:32,2,67,178
2868,3,3:32,1,87;247,1,160;709,1,67
2869,6,6:32,1,99;465,1,70;128,1,145;590,1,148;976,1,105;198,1,115
2870,1,1:32,1,121
2871,5,6:32,1,131;48,1,238;80,2,103,127;657,1,59;917,1,71
2872,15,19:32,1,133;54,1,93;559,1,72;560,1,87;988,1,53;702,1,89;311,1,427;566,1,221;490,1,61;499,2,48,115;711,1,147;534,1,72;536,4,4,19,87,98;298,1,64;879,1,81
2873,1,1:32,1,134
2874,1,1:32,1,137
2875,1,1:32,1,159
2876,3,4:32,1,161;61,1,46;742,2,10,24
2877,3,4:32,2,199,220;98,1,16;101,1,56
2878,2,2:32,1,202;780,1,116
2879,1,1:32,1,213
2880,1,1:32,1,241
2881,2,2:32,1,242;168,1,103
2882,2,2:32,1,247;70,1,27
2883,1,2:626,2,2,8
2884,11,15:626,3,34,129,183;561,1,69;915,2,5,17;491,1,231;107,1,100;907,1,101;357,1,114;908,2,56,106;165,1,91;372,1,57;824,1,73
2885,4,4:626,1,44;523,1,36;736,1,30;668,1,58
2886,3,5:626,3,73,80,145;898,1,164;643,1,100
2887,4,4:626,1,83;125,1,32;582,1,56;317,1,188
2888,2,2:626,1,103;302,1,146
2889,1,1:626,1,104
2890,2,3:626,2,114,193;132,1,56
2891,2,2:626,1,140;572,1,27
2892,3,3:626,1,142;54,1,115;666,1,174
2893,2,3:626,1,156;192,2,88,126
2894,2,2:626,1,157;185,1,153
2895,13,19:626,2,194,229;795,1,121;36,2,71,95;242,1,157;778,2,41,56;68,1,251;806,1,50;577,1,65;271,1,84;272,3,92,96,180;154,2,121,125;815,1,54;434,1,74
2896,2,2:626,1,209;556,1,199
2897,1,1:626,1,213
2898,4,8:956,3,4,12,112;461,1,38;437,1,73;570,3,1,16,32
2899,1,1:956,1,24
2900,4,4:956,1,129;53,1,152;187,1,161;188,1,92
2901,2,2:956,1,131;390,1,268
2902,11,18:964,1,54;401,3,66,85,152;606,5,1,8,75,104,159;703,1,116;108,1,215;142,1,105;958,1,42;911,1,49;870,1,37;540,1,82;219,2,6,23
2903,9,9:964,1,59;631,1,157;762,1,235;343,1,85;500,1,140;654,1,60;356,1,77;587,1,214;161,1,55
2904,10,15:964,1,61;105,1,42;259,1,63;428,2,32,41;371,1,154;887,5,42,47,50,65,73;292,1,292;182,1,109;188,1,114;204,1,276
2905,1,1:964,1,63
2906,2,2:964,1,91;534,1,131
2907,15,20:964,1,92;48,2,166,278;246,2,10,30;561,1,161;339,1,207;82,1,185;654,1,200;678,1,129;356,1,282;829,1,111;274,1,319;364,4,180,182,212,226;284,1,187;285,1,344;602,1,395
2908,2,2:964,1,95;943,1,73
2909,4,4:397,1,42;115,1,163;148,1,236;785,1,50
2910,6,8:397,1,60;63,1,142;651,1,79;352,2,53,78;359,2,81,96;775,1,51
2911,12,15:397,1,63;73,1,87;122,1,81;677,1,61;352,1,51;148,1,65;359,1,166;316,1,68;375,1,69;670,2,8,18;671,1,69;724,3,84,225,248
2912,1,1:397,1,85
2913,6,6:397,1,127;77,1,178;567,1,94;108,1,167;131,1,176;214,1,114
2914,1,3:397,3,136,204,226
2915,21,36:397,1,140;557,1,78;628,1,197;931,3,2,18,53;74,1,100;704,1,158;635,1,155;405,1,95;106,1,66;574,1,43;122,1,45;123,3,8,21,49;506,1,54;508,2,49,90;512,1,204;138,3,14,36,68;585,3,8,24,45;144,1,264;151,5,70,122,125,180,189;517,1,105;665,3,5,12,32
2916,4,6:397,3,206,219,228;269,1,56;158,1,344;601,1,35
2917,1,1:397,1,211
2918,2,2:397,1,264;463,1,53
2919,5,5:397,1,281;557,1,189;703,1,72;806,1,95;807,1,32
2920,8,8:757,1,49;328,1,132;560,1,220;467,1,107;102,1,119;153,1,237;275,1,100;188,1,68
2921,9,14:701,2,7,14;492,1,69;854,1,74;711,1,108;713,2,10,20;855,1,43;733,1,22;692,2,20,40;856,3,93,121,231
2922,22,50:701,2,22,53;459,1,305;398,1,299;314,1,201;258,2,8,17;975,2,8,17;411,2,4,11;570,4,8,23,38,82;492,4,5,13,27,78;850,3,4,23,45;580,3,4,21,41;581,3,4,15,34;854,3,4,23,45;711,4,11,23,43,90;712,3,9,19,38;713,1,27;855,2,9,21;733,2,2,9;856,3,11,23,106;990,1,85;888,1,8;953,2,6,17
2923,10,19:701,4,23,68,84,189;459,2,307,357;674,1,83;995,3,37,45,71;580,1,78;711,1,44;712,1,39;713,4,1,11,94,100;856,1,111;888,1,54
2924,1,1:701,1,64
2925,2,6:701,3,93,119,148;716,3,25,51,108
2926,1,3:701,3,102,124,144
2927,2,2:701,1,108;276,1,193
2928,4,4:701,1,113;519,1,127;291,1,131;295,1,176
2929,1,1:701,1,115
2930,2,3:701,1,121;108,2,137,247
2931,1,1:701,1,127
2932,1,1:701,1,137
2933,1,1:701,1,151
2934,3,3:701,1,152;459,1,245;530,1,161
2935,7,7:701,1,162;48,1,308;311,1,323;473,1,443;567,1,71;489,1,158;150,1,113
2936,3,3:701,1,172;47,1,269;529,1,87
2937,3,4:701,1,174;423,1,357;604,2,343,385
2938,4,10:701,1,181;459,4,7,20,282,326;674,4,10,26,65,87;822,1,46
2939,12,15:701,1,194;327,1,41;562,1,131;337,1,94;102,1,156;844,1,68;571,1,207;733,1,59;680,1,30;365,3,2,19,37;595,2,113,145;292,1,248
2940,5,5:701,1,197;344,1,79;715,1,253;385,1,25;213,1,86
2941,2,11:459,8,5,18,43,76,167,185,229,271;674,3,7,23,62
2942,1,4:459,4,10,23,32,71
2943,7,20:459,3,12,25,371;398,4,9,19,30,203;258,3,4,13,34;884,3,13,27,157;422,3,10,21,29;823,3,14,35,74;540,1,122
2944,10,18:459,2,13,26;398,2,10,20;564,1,95;258,3,5,14,35;118,1,190;422,3,11,22,30;829,1,142;158,2,177,352;533,2,120,127;824,1,31
2945,1,3:459,3,36,212,332
2946,2,2:459,1,46;888,1,43
2947,4,4:459,1,49;58,1,81;176,1,199;784,1,25
2948,3,3:459,1,53;461,1,164;990,1,114
2949,10,22:459,1,65;674,2,108,124;995,1,49;850,6,122,148,218,250,280,293;580,1,71;581,2,82,108;854,2,64,95;711,2,39,79;712,4,30,64,76,94;856,1,94
2950,3,3:459,1,70;109,1,63;131,1,361
2951,1,1:459,1,72
2952,1,1:459,1,74
2953,1,1:459,1,75
2954,3,4:459,2,77,272;991,1,50;604,1,210
2955,2,2:459,1,97;994,1,45
2956,2,2:459,1,102;398,1,231
2957,3,4:459,2,104,267;398,1,233;158,1,360
2958,2,2:459,1,105;398,1,235
2959,1,2:459,2,107,269
2960,4,5:459,2,109,234;398,1,159;107,1,69;357,1,106
2961,5,5:459,1,139;398,1,227;936,1,93;742,1,84;195,1,26
2962,3,4:459,2,142,233;313,1,209;991,1,92
2963,24,40:459,1,152;398,1,157;559,2,10,23;560,2,11,28;246,1,55;338,1,42;341,4,7,19,54,85;676,1,66;643,1,64;345,1,137;512,1,46;352,2,11,26;148,1,117;356,4,10,22,50,115;357,2,47,98;151,2,12,34;743,1,36;278,1,66;156,1,161;165,1,154;170,1,85;172,1,52;377,1,75;289,6,4,15,77,177,251,321
2964,1,2:459,2,162,203
2965,15,17:459,1,192;398,1,197;37,1,117;463,1,37;60,2,10,20;411,2,47,84;904,1,60;365,1,84;859,1,154;919,1,75;862,1,165;181,1,75;184,1,164;193,1,71;218,1,77
2966,1,1:459,1,207
2967,2,4:459,3,209,265,296;674,1,33
2968,1,1:459,1,215
2969,5,5:459,1,216;42,1,275;810,1,101;108,1,63;689,1,154
2970,2,3:459,2,241,244;344,1,194
2971,1,1:459,1,242
2972,3,5:459,2,281,325;575,1,124;527,2,94,150
2973,6,7:459,1,293;401,1,160;311,2,189,335;473,1,444;86,1,101;531,1,49
2974,3,3:459,1,303;50,1,77;860,1,82
2975,1,1:459,1,309
2976,1,1:459,1,311
2977,4,5:459,2,317,378;676,1,95;159,1,180;316,1,50
2978,2,2:459,1,318;851,1,119
2979,4,8:459,2,337,363;311,1,105;995,2,12,25;829,3,16,45,78
2980,6,8:459,1,340;850,3,125,157,221;580,1,68;581,1,85;854,1,67;856,1,102
2981,1,1:459,1,341
2982,1,1:459,1,343
2983,1,1:459,1,345
2984,1,1:459,1,346
2985,2,2:459,1,360;716,1,112
2986,1,1:459,1,364
2987,2,2:459,1,365;174,1,234
2988,1,1:459,1,367
2989,1,1:459,1,372
2990,3,3:459,1,374;403,1,145;733,1,78
2991,3,4:398,1,22;106,1,164;589,2,109,150
2992,1,1:398,1,52
2993,1,2:398,2,82,117
2994,1,1:398,1,90
2995,1,1:398,1,94
2996,1,1:398,1,96
2997,6,11:398,1,132;837,1,38;409,1,147;515,3,7,15,27;976,1,112;877,4,5,14,63,128
2998,1,1:398,1,139
2999,2,2:398,1,249;425,1,82
3000,2,6:398,1,263;265,5,152,171,180,197,206
3001,2,3:398,1,288;995,2,60,76
3002,1,1:398,1,290
3003,1,1:398,1,295
3004,10,12:238,3,60,147,394;407,1,183;579,1,76;612,1,18;587,1,172;366,1,179;168,1,105;375,1,245;302,1,137;602,1,321
3005,2,3:238,2,65,363;702,1,55
3006,4,6:238,1,102;799,3,51,97,153;481,1,58;166,1,48
3007,1,1:238,1,111
3008,5,12:238,8,120,124,163,188,193,204,307,310;241,1,81;257,1,67;282,1,99;284,1,184
3009,1,1:238,1,133
3010,1,1:238,1,135
3011,1,1:238,1,153
3012,1,1:238,1,154
3013,1,1:238,1,156
3014,1,2:238,2,176,215
3015,1,1:238,1,222
3016,1,1:238,1,228
3017,1,1:238,1,229
3018,2,2:238,1,230;418,1,131
3019,7,13:238,2,280,341;248,1,91;653,1,43;736,2,24,162;594,2,72,154;668,3,36,169,235;724,2,157,190
3020,12,13:238,1,318;801,1,112;252,1,211;657,1,164;359,1,124;151,1,278;361,1,75;427,1,117;596,1,257;538,2,132,193;946,1,132;683,1,106
3021,1,1:238,1,332
3022,2,3:238,2,364,377;608,1,215
3023,1,1:238,1,371
3024,1,1:238,1,381
3025,4,7:795,2,3,9;399,2,58,124;572,2,9,21;781,1,99
3026,2,5:795,2,4,10;572,3,10,22,38
3027,7,11:795,2,6,12;399,3,6,17,293;606,1,138;562,1,45;250,1,152;734,1,18;829,2,29,58
3028,10,11:795,1,33;248,1,105;101,1,120;730,1,39;495,2,4,21;426,1,152;183,1,227;384,1,126;542,1,72;218,1,106
3029,1,1:795,1,44
3030,8,11:795,1,50;33,1,258;562,1,50;567,2,40,80;974,1,77;808,1,172;977,1,19;125,3,45,73,76
3031,10,16:795,1,66;460,1,131;399,3,108,172,226;562,1,75;567,2,34,98;572,3,12,24,40;747,1,110;142,1,19;829,2,17,46;273,1,158
3032,3,5:795,1,146;936,2,80,101;524,2,109,237
3033,1,1:795,1,150
3034,3,5:795,1,155;974,2,69,162;733,2,88,229
3035,1,1:795,1,157
3036,1,1:795,1,169
3037,7,7:795,1,184;328,1,55;110,1,63;518,1,66;717,1,102;384,1,58;204,1,236
3038,4,8:460,1,16;344,3,174,202,227;118,1,36;349,3,13,30,161
3039,5,8:460,2,49,90;766,1,55;136,3,1,4,16;141,1,47;665,1,89
3040,6,7:460,1,74;562,2,58,168;487,1,192;997,1,28;781,1,54;888,1,38
3041,3,3:460,1,105;111,1,87;187,1,35
3042,3,3:460,1,114;400,1,214;423,1,183
3043,3,7:33,5,8,18,42,56,116;399,1,125;118,1,106
3044,2,2:33,1,34;91,1,98
3045,3,6:33,1,39;399,2,98,146;118,3,5,11,45
3046,3,6:33,3,67,70,114;465,1,42;159,2,117,141
3047,4,4:33,1,69;80,1,364;842,1,11;524,1,56
3048,4,6:33,1,77;479,2,7,19;900,2,10,25;424,1,225
3049,1,2:33,2,94,206
3050,5,7:33,1,100;266,1,108;517,1,200;163,2,16,32;989,2,108,121
3051,1,1:33,1,144
3052,1,1:33,1,167
3053,1,1:33,1,184
3054,4,10:33,4,195,199,216,221;518,3,52,110,123;682,2,3,13;371,1,79
3055,1,1:33,1,196
3056,5,5:33,1,220;850,1,340;782,1,29;862,1,122;214,1,89
3057,3,5:33,1,235;118,3,115,171,195;216,1,101
3058,10,12:726,3,3,15,30;64,1,125;800,1,47;105,1,129;504,1,130;361,1,106;362,1,48;518,1,140;159,1,99;371,1,68
3059,15,19:726,1,42;475,1,75;839,1,33;256,1,91;570,1,79;901,1,37;612,1,33;520,1,39;166,3,4,15,34;736,1,41;187,1,220;821,1,164;597,1,25;823,1,99;208,3,10,24,34
3060,1,1:726,1,66
3061,13,17:726,1,79;628,1,187;64,2,162,252;404,1,56;766,1,50;767,3,4,10,39;106,2,100,125;143,1,152;859,1,87;197,1,168;382,1,54;199,1,65;203,1,202
3062,19,23:726,1,83;64,3,330,338,341;95,1,124;969,1,35;611,1,35;125,1,26;652,2,125,234;263,1,96;708,1,32;132,1,90;714,1,97;514,1,238;520,1,98;280,1,169;525,1,107;375,1,314;377,1,33;187,2,123,249;188,1,134
3063,1,1:726,1,84
3064,3,3:726,1,95;310,1,137;311,1,128
3065,2,2:726,1,142;118,1,198
3066,2,2:34,1,31;628,1,43
3067,8,8:34,1,96;38,1,207;43,1,180;499,1,100;501,1,65;512,1,118;287,1,141;533,1,102
3068,1,2:34,2,118,150
3069,6,6:34,1,153;437,1,172;167,1,215;529,1,104;176,1,238;683,1,25
3070,1,1:34,1,166
3071,1,1:34,1,231
3072,2,2:34,1,243;103,1,133
3073,1,1:35,1,87
3074,1,1:35,1,89
3075,1,1:35,1,93
3076,8,8:35,1,130;465,1,142;60,1,147;143,1,41;316,1,402;285,1,327;298,1,60;204,1,290
3077,6,6:35,1,175;399,1,263;629,1,136;848,1,56;168,1,65;961,1,125
3078,1,1:35,1,182
3079,1,2:461,2,22,91
3080,1,1:461,1,28
3081,2,2:461,1,57;214,1,151
3082,7,11:461,1,59;254,2,24,58;271,2,17,43;272,2,16,41;273,2,97,198;519,1,67;522,1,46
3083,4,4:461,1,89;638,1,43;345,1,79;125,1,64
3084,2,2:461,1,103;298,1,52
3085,1,1:461,1,109
3086,1,1:461,1,121
3087,2,2:461,1,126;310,1,28
3088,1,1:461,1,131
3089,6,6:461,1,134;53,1,120;339,1,176;351,1,184;364,1,104;277,1,33
3090,3,3:461,1,170;913,1,25;961,1,123
3091,1,1:461,1,171
3092,4,4:461,1,176;80,1,248;571,1,162;852,1,63
3093,4,4:461,1,194;249,1,75;80,1,250;412,1,86
3094,1,1:461,1,227
3095,1,1:461,1,235
3096,1,1:36,1,63
3097,9,16:36,2,79,115;44,1,88;62,1,45;493,1,179;354,1,76;274,3,30,60,107;528,1,176;174,3,55,99,182;303,3,27,54,93
3098,10,10:36,1,88;399,1,310;50,1,293;97,1,84;100,1,37;121,1,162;267,1,160;829,1,130;275,1,98;276,1,162
3099,12,19:36,1,103;327,1,189;329,1,97;681,5,22,44,66,146,181;366,2,70,126;281,1,216;282,1,86;374,2,13,28;375,2,16,34;864,1,63;204,1,82;221,1,69
3100,6,8:36,2,108,160;54,2,32,83;335,1,46;247,1,42;416,1,46;375,1,91
3101,5,7:36,1,142;401,1,73;64,1,336;962,3,7,17,94;786,1,106
3102,3,3:36,1,162;102,1,137;844,1,104
3103,5,5:36,1,175;242,1,259;702,1,144;370,1,47;536,1,53
3104,3,3:36,1,192;758,1,51;524,1,64
3105,4,4:36,1,244;929,1,74;91,1,52;132,1,296
3106,4,5:36,1,275;46,2,122,140;241,1,50;214,1,116
3107,6,6:36,1,288;52,1,158;82,1,186;107,1,152;172,1,137;289,1,214
3108,3,3:36,1,306;145,1,110;277,1,151
3109,3,8:239,4,24,53,91,166;729,3,8,19,35;604,1,87
3110,3,3:239,1,124;743,1,52;306,1,51
3111,1,1:239,1,125
3112,1,1:239,1,127
3113,20,44:239,1,129;243,3,3,10,119;310,2,13,47;778,1,20;473,1,411;487,1,313;345,4,5,10,16,157;781,1,168;423,2,175,345;143,1,244;972,3,105,107,110;159,1,48;693,6,4,8,86,115,117,125;162,2,264,328;916,2,40,75;168,2,28,258;171,2,99,155;533,3,3,11,50;998,3,3,9,39;819,3,4,12,22
3114,4,4:239,1,134;473,1,117;345,1,171;316,1,374
3115,2,2:239,1,176;201,1,37
3116,1,1:239,1,177
3117,10,14:462,1,17;240,3,4,18,56;250,1,63;96,1,36;713,1,139;358,1,35;155,3,2,20,127;283,1,54;187,1,175;198,1,83
3118,9,11:462,1,27;328,1,136;62,1,43;120,1,140;511,1,33;366,1,82;281,1,195;374,2,15,30;375,2,18,36
3119,3,3:462,1,50;702,1,133;380,1,115
3120,1,1:37,1,62
3121,2,4:758,3,11,22,38;273,1,274
3122,13,16:758,1,44;58,1,229;466,3,12,24,51;63,2,102,115;838,1,200;260,1,34;645,1,111;646,1,42;133,1,65;814,1,58;525,1,69;736,1,43;594,1,40
3123,2,2:758,1,50;42,1,69
3124,3,3:758,1,103;742,1,286;707,1,75
3125,1,2:758,2,130,192
3126,1,1:758,1,134
3127,3,6:758,1,141;94,1,48;432,4,6,12,70,96
3128,6,6:758,1,170;107,1,187;413,1,72;500,1,120;280,1,149;671,1,84
3129,1,1:758,1,209
3130,1,2:759,2,3,11
3131,4,6:759,2,7,15;76,1,24;997,2,22,24;273,1,165
3132,3,4:759,2,8,16;997,1,23;273,1,166
3133,1,1:759,1,31
3134,11,11:759,1,38;474,1,97;84,1,98;742,1,234;808,1,167;125,1,51;771,1,77;510,1,50;582,1,95;972,1,51;524,1,208
3135,11,11:759,1,72;41,1,87;73,1,291;260,1,167;769,1,230;649,1,184;122,1,131;733,1,63;828,1,84;200,1,149;723,1,56
3136,5,14:38,3,72,106,261;43,3,72,106,228;47,2,94,256;490,3,139,155,173;369,3,5,35,75
3137,6,7:38,1,85;43,1,85;730,1,94;351,1,177;356,1,144;589,2,82,91
3138,6,6:38,1,124;40,1,129;43,1,124;571,1,217;512,1,76;990,1,117
3139,7,9:38,1,184;43,1,167;899,1,84;280,2,329,335;528,1,71;737,1,27;865,2,3,8
3140,3,4:38,1,197;929,1,78;68,2,54,125
3141,2,2:38,1,198;929,1,79
3142,17,20:38,1,253;43,1,220;46,1,151;249,1,34;402,2,66,157;608,1,249;676,1,91;651,2,1,13;521,1,105;164,1,87;526,1,88;292,1,142;882,1,44;536,1,70;539,1,110;541,2,1,11;616,1,81
3143,1,1:980,1,45
3144,2,2:980,1,47;41,1,132
3145,3,3:980,1,55;880,1,24;731,1,84
3146,6,10:928,1,79;44,1,105;327,2,107,156;468,1,113;185,4,74,98,127,167;989,1,147
3147,4,4:928,1,93;55,1,35;351,1,209;384,1,248
3148,1,1:928,1,116
3149,2,4:39,3,5,14,135;822,1,43
3150,2,3:39,1,55;640,2,58,104
3151,1,1:39,1,70
3152,4,4:39,1,80;463,1,157;58,1,225;381,1,119
3153,2,3:39,2,84,110;158,1,46
3154,2,2:39,1,139;437,1,287
3155,1,1:39,1,144
3156,2,6:40,4,4,10,24,125;655,2,2,13
3157,10,10:40,1,22;633,1,34;254,1,69;89,1,106;675,1,213;730,1,106;495,1,154;579,1,87;738,1,87;883,1,172
3158,2,2:40,1,33;675,1,121
3159,3,3:40,1,43;280,1,233;526,1,652
3160,4,5:40,1,57;950,1,62;289,2,69,279;388,1,128
3161,1,1:40,1,132
3162,1,1:40,1,142
3163,1,1:399,1,41
3164,2,6:399,5,42,49,91,97,106;311,1,260
3165,1,1:399,1,57
3166,2,3:399,1,59;118,2,102,175
3167,1,1:399,1,67
3168,1,2:399,2,92,154
3169,1,1:399,1,120
3170,1,1:399,1,121
3171,1,1:399,1,129
3172,1,1:399,1,140
3173,4,5:399,1,142;343,1,205;344,2,134,181;266,1,49
3174,2,2:399,1,143;739,1,49
3175,2,2:399,1,144;158,1,78
3176,5,7:399,1,156;562,1,136;997,1,21;649,1,61;121,3,166,170,296
3177,1,1:399,1,157
3178,1,1:399,1,159
3179,2,4:399,1,211;586,3,7,17,45
3180,5,7:399,2,219,285;52,1,342;473,2,43,244;641,1,98;193,1,263
3181,2,2:399,1,221;260,1,133
3182,1,1:399,1,223
3183,1,1:399,1,244
3184,2,2:399,1,255;915,1,84
3185,10,11:399,1,258;838,1,248;337,1,151;252,1,192;80,2,218,296;675,1,292;902,1,36;419,1,32;350,1,273;155,1,114
3186,2,2:399,1,282;109,1,33
3187,1,1:399,1,296
3188,1,1:41,1,34
3189,1,1:41,1,37
3190,2,2:41,1,49;709,1,113
3191,2,2:41,1,60;334,1,100
3192,1,1:41,1,126
3193,1,1:41,1,139
3194,1,1:42,1,46
3195,25,50:42,1,47;52,1,120;809,1,79;782,1,59;582,1,44;659,3,12,24,38;162,3,9,18,285;163,2,9,25;919,3,11,22,39;164,1,100;166,3,11,22,41;719,1,74;168,1,55;862,3,13,26,46;864,4,3,12,30,87;889,1,57;190,2,59,84;721,2,6,20;821,1,86;204,3,12,26,424;389,3,120,131,147;205,3,7,14,34;883,4,16,36,123,200;914,1,58;539,1,59
3196,5,5:42,1,48;559,1,66;525,1,28;736,1,128;668,1,232
3197,3,3:42,1,55;465,1,164;974,1,151
3198,2,2:42,1,70;811,1,69
3199,8,16:42,1,77;311,4,170,270,311,472;250,5,3,19,45,142,151;493,1,118;148,2,128,197;280,1,86;375,1,79;285,1,301
3200,1,1:42,1,79
3201,1,1:42,1,91
3202,1,1:42,1,97
3203,1,1:42,1,99
3204,17,25:42,1,124;55,3,102,149,153;332,1,144;702,1,127;60,1,76;313,4,124,141,146,256;473,1,371;343,1,114;102,1,74;121,1,274;123,1,90;127,1,91;140,2,167,172;356,1,80;272,1,217;154,2,176,187;274,2,135,213
3205,2,2:42,1,125;380,1,106
3206,1,1:42,1,148
3207,1,1:42,1,155
3208,2,2:42,1,159;316,1,213
3209,5,6:42,1,175;798,1,86;339,1,139;933,2,8,22;416,1,96
3210,5,6:42,1,180;798,1,49;659,1,63;916,2,34,84;300,1,65
3211,4,4:42,1,184;473,1,232;707,1,123;162,1,96
3212,4,4:42,1,202;497,1,132;670,1,112;207,1,324
3213,5,6:42,1,249;406,1,57;104,1,130;143,2,63,114;681,1,97
3214,2,2:42,1,254;90,1,78
3215,1,1:42,1,255
3216,1,1:42,1,262
3217,9,11:42,2,263,287;400,2,115,278;46,1,171;311,1,138;339,1,45;80,1,329;409,1,113;580,1,145;192,1,137
3218,1,1:43,1,91
3219,1,1:43,1,96
3220,2,2:44,1,34;649,1,212
3221,5,5:44,1,56;47,1,192;144,1,134;366,1,113;305,1,124
3222,3,3:44,1,58;144,1,121;366,1,112
3223,4,6:44,3,59,171,312;68,1,224;157,1,178;220,1,181
3224,1,1:44,1,62
3225,3,4:44,1,86;251,2,16,32;657,1,103
3226,2,3:44,2,90,197;116,1,67
3227,3,4:44,1,138;634,2,8,20;354,1,42
3228,2,2:44,1,322;51,1,77
3229,2,3:44,1,341;432,2,154,171
3230,1,1:44,1,342
3231,10,10:44,1,354;53,1,50;247,1,108;78,1,133;101,1,205;570,1,123;884,1,166;582,1,143;295,1,263;204,1,91
3232,5,5:463,1,12;437,1,48;311,1,100;70,1,21;101,1,171
3233,2,2:463,1,20;468,1,180
3234,5,5:463,1,81;56,1,20;641,1,116;204,1,372;302,1,52
3235,1,1:463,1,89
3236,6,7:463,1,114;99,1,112;349,2,78,112;662,1,70;858,1,113;876,1,59
3237,2,2:463,1,125;541,1,62
3238,1,1:463,1,143
3239,1,1:45,1,40
3240,8,9:45,1,52;575,1,51;351,1,40;526,2,244,265;671,1,77;216,1,70;604,1,97;541,1,132
3241,1,1:45,1,99
3242,5,6:45,2,117,155;310,1,60;707,1,67;712,1,93;193,1,267
3243,2,2:45,1,120;73,1,269
3244,1,1:45,1,154
3245,2,2:45,1,197;482,1,181
3246,9,12:45,1,211;240,1,226;329,2,140,166;71,1,276;104,2,35,205;578,1,71;426,1,205;165,1,59;737,2,2,12
3247,6,6:556,1,85;100,1,146;421,1,131;162,1,184;163,1,171;595,1,56
3248,3,3:556,1,89;904,1,77;188,1,244
3249,2,2:556,1,202;53,1,161
3250,3,3:556,1,211;915,1,132;941,1,47
3251,1,1:400,1,36
3252,5,5:400,1,112;93,1,125;661,1,66;182,1,88;195,1,77
3253,3,3:400,1,222;683,1,139;787,1,125
3254,10,25:400,2,223,266;162,1,255;166,2,58,162;862,6,3,16,66,76,188,223;177,4,11,22,75,94;178,4,89,116,133,149;952,3,36,60,107;598,1,76;683,1,160;787,1,126
3255,2,2:400,1,226;990,1,111
3256,1,1:400,1,280
3257,2,2:400,1,307;953,1,78
3258,4,6:400,1,308;474,1,109;842,1,37;424,3,67,126,154
3259,3,3:400,1,345;742,1,316;292,1,123
3260,1,1:46,1,88
3261,1,1:46,1,104
3262,1,1:46,1,110
3263,15,35:46,1,117;105,1,136;166,1,76;168,1,74;917,2,39,76;737,1,28;738,3,4,19,35;176,9,3,7,13,44,63,91,122,157,258;887,1,14;177,5,1,12,32,49,97;958,3,33,69,101;178,2,32,60;182,1,84;912,3,50,209,213;870,1,68
3264,4,4:46,1,128;105,1,47;259,1,59;515,1,17
3265,6,6:464,1,19;55,1,71;75,1,134;493,1,141;127,1,52;604,1,421
3266,1,1:464,1,26
3267,2,4:464,1,178;198,3,1,12,100
3268,6,8:47,1,57;56,1,120;251,3,7,23,46;762,1,105;142,1,144;154,1,146
3269,10,21:47,2,106,228;140,2,158,187;271,2,194,215;272,1,209;154,1,178;274,2,165,197;166,2,73,143;917,3,5,12,36;738,1,57;178,5,4,11,45,81,223
3270,4,4:47,1,123;67,1,175;276,1,128;278,1,169
3271,1,1:47,1,125
3272,2,3:47,2,140,169;975,1,59
3273,1,1:47,1,148
3274,4,4:47,1,205;49,1,49;355,1,81;372,1,80
3275,8,8:47,1,246;52,1,237;106,1,88;652,1,190;519,1,420;166,1,168;176,1,147;178,1,20
3276,1,1:47,1,280
3277,14,21:47,1,298;67,1,228;705,1,116;522,1,33;280,5,100,118,213,222,270;285,2,200,245;289,1,265;187,2,125,251;188,1,136;199,1,41;671,1,80;749,1,67;825,2,115,143;306,1,274
3278,1,7:240,7,10,24,88,165,190,240,287
3279,1,8:240,8,14,28,65,77,94,205,211,247
3280,1,6:240,6,42,111,167,217,281,289
3281,1,6:240,6,43,103,168,183,283,290
3282,1,1:240,1,52
3283,4,5:240,1,64;702,2,18,38;534,1,91;198,1,166
3284,1,1:240,1,112
3285,4,9:240,1,120;694,4,3,11,36,112;976,2,130,153;389,2,114,143
3286,1,1:240,1,121
3287,2,2:240,1,137;214,1,118
3288,4,4:240,1,184;471,1,59;595,1,148;721,1,84
3289,5,6:240,2,198,243;412,1,46;112,1,165;273,1,205;383,1,119
3290,11,14:240,1,272;52,3,55,144,193;632,1,88;778,1,86;809,1,128;132,2,159,177;782,1,30;217,1,129;218,1,72;786,1,267;749,1,55
3291,1,1:240,1,302
3292,6,26:327,10,9,20,73,120,150,205,212,226,298,328;110,4,5,14,67,107;119,2,47,108;266,6,5,16,47,66,95,106;518,1,190;433,3,80,95,119
3293,4,13:327,9,10,21,59,201,206,218,261,285,323;48,1,181;518,1,188;366,2,139,170
3294,10,21:327,2,93,174;465,1,87;250,1,143;338,4,8,24,141,173;313,1,80;95,3,85,121,136;351,3,81,120,156;738,3,15,30,46;382,1,77;203,2,234,372
3295,7,7:327,1,143;405,1,67;895,1,51;487,1,179;658,1,188;587,1,119;601,1,96
3296,2,2:327,1,217;519,1,205
3297,2,2:327,1,264;677,1,219
3298,5,12:327,2,268,294;328,1,45;110,1,85;270,6,14,29,256,278,295,314;433,2,115,125
3299,3,4:327,1,269;647,1,59;991,2,48,87
3300,1,1:327,1,277
3301,2,2:327,1,280;390,1,232
3302,7,12:327,2,282,289;52,1,154;60,1,54;374,2,66,84;375,2,60,139;285,1,74;192,3,41,43,46
3303,7,10:327,2,325,330;328,1,106;437,1,330;101,2,8,22;108,1,282;352,1,71;369,2,2,32
3304,3,4:327,1,333;504,1,197;514,2,1,9
3305,1,1:327,1,359
3306,3,9:328,3,6,23,51;280,4,12,40,312,332;284,2,26,55
3307,1,1:328,1,56
3308,17,34:328,1,59;557,1,39;48,1,16;51,7,4,14,30,43,116,133,141;563,3,6,12,25;110,1,64;884,2,7,21;811,3,3,17,35;516,3,68,92,149;663,1,73;518,1,67;155,1,313;371,4,21,42,56,185;171,2,65,79;774,1,39;821,1,124;384,1,62
3309,13,24:328,1,100;330,2,9,22;57,7,8,24,48,82,100,117,140;333,1,24;334,1,179;335,1,26;633,2,8,21;915,1,110;705,2,5,13;746,2,1,12;354,1,54;384,2,15,33;385,1,44
3310,4,4:328,1,118;53,1,266;649,1,273;528,1,164
3311,6,6:328,1,120;241,1,91;337,1,71;374,1,56;375,1,51;877,1,99
3312,1,1:328,1,124
3313,2,2:328,1,130;527,1,57
3314,2,2:328,1,131;284,1,134
3315,9,9:328,1,134;808,1,185;490,1,171;847,1,62;131,1,284;366,1,136;528,1,82;174,1,180;204,1,348
3316,1,1:328,1,138
3317,5,5:557,1,29;101,1,52;362,1,107;364,1,68;381,1,43
3318,6,9:557,2,88,101;101,1,192;266,1,111;170,1,191;177,3,2,13,24;379,1,78
3319,1,1:557,1,93
3320,5,5:557,1,106;80,1,194;639,1,111;138,1,111;151,1,163
3321,4,10:557,1,123;313,1,241;341,7,1,13,26,59,96,113,150;884,1,343
3322,6,7:557,1,126;80,1,187;138,1,100;151,2,172,200;864,1,78;187,1,218
3323,3,3:557,1,154;646,1,61;165,1,35
3324,1,1:557,1,156
3325,1,1:557,1,159
3326,1,1:557,1,161
3327,1,1:557,1,167
3328,1,1:557,1,170
3329,1,1:557,1,171
3330,2,2:48,1,12;800,1,140
3331,8,8:48,1,13;311,1,401;119,1,125;418,1,245;163,1,132;368,1,111;783,1,75;667,1,68
3332,1,1:48,1,31
3333,2,2:48,1,46;523,1,27
3334,2,2:48,1,48;990,1,33
3335,8,10:48,1,49;339,2,8,27;343,2,10,27;516,1,171;588,1,119;316,1,226;526,1,623;876,1,109
3336,1,1:48,1,59
3337,4,4:48,1,63;649,1,57;713,1,129;142,1,34
3338,1,1:48,1,66
3339,2,2:48,1,83;872,1,42
3340,5,5:48,1,134;900,1,48;364,1,168;294,1,64;819,1,64
3341,1,1:48,1,151
3342,2,2:48,1,155;80,1,354
3343,2,2:48,1,157;863,1,113
3344,3,3:48,1,200;523,1,115;169,1,109
3345,3,3:48,1,203;248,1,131;296,1,18
3346,1,1:48,1,214
3347,14,31:48,1,217;50,2,75,218;331,2,1,11;60,2,50,68;561,5,17,34,45,58,81;891,2,8,22;633,2,125,138;705,2,33,86;643,1,65;513,3,10,26,44;661,2,59,90;355,2,50,97;193,3,34,147,204;432,2,133,152
3348,1,1:48,1,223
3349,8,8:48,1,226;332,1,77;761,1,78;148,1,132;520,1,53;373,1,95;316,1,240;431,1,41
3350,4,4:48,1,241;310,1,136;280,1,247;381,1,112
3351,3,3:48,1,245;638,1,39;143,1,23
3352,1,1:48,1,253
3353,2,2:48,1,269;808,1,121
3354,1,1:48,1,271
3355,3,3:48,1,291;561,1,56;294,1,66
3356,16,30:49,3,13,26,45;50,5,64,113,122,138,160;60,1,42;334,1,47;561,1,117;249,2,49,62;933,1,52;123,2,10,23;508,3,9,24,52;661,1,33;680,1,53;523,1,75;280,2,137,210;526,2,473,549;595,3,13,32,47;432,1,128
3357,1,1:49,1,31
3358,5,7:49,1,55;152,2,140,184;858,1,130;291,1,134;201,2,109,129
3359,2,2:49,1,58;199,1,71
3360,24,38:329,3,20,41,55;334,1,121;247,1,49;337,2,8,21;339,1,189;473,1,317;933,1,102;638,2,8,17;95,4,9,25,52,108;114,1,107;265,3,11,28,69;355,2,14,36;149,4,7,15,35,66;156,1,80;280,1,144;283,1,151;372,1,116;316,1,116;374,1,39;375,2,5,23;376,1,63;285,1,340;998,1,21;535,1,47
3361,16,20:329,4,43,141,167,177;336,1,115;71,1,229;87,1,129;493,1,172;498,1,90;501,1,147;851,1,137;710,1,27;134,1,46;135,1,33;287,2,158,204;289,1,312;722,1,49;203,1,139;544,1,110
3362,2,2:329,1,75;219,1,115
3363,11,13:329,1,86;241,1,149;337,1,74;741,1,60;99,1,202;137,1,55;354,1,82;280,1,123;374,1,63;285,1,77;535,3,15,30,70
3364,1,1:329,1,111
3365,1,1:329,1,158
3366,1,1:329,1,175
3367,1,1:329,1,193
3368,1,1:241,1,71
3369,4,4:241,1,89;861,1,66;538,1,253;221,1,71
3370,1,1:241,1,94
3371,1,1:241,1,96
3372,1,1:241,1,101
3373,2,3:241,2,116,238;493,1,247
3374,13,21:241,1,137;437,1,247;340,3,6,17,35;895,2,12,25;97,1,115;99,1,57;970,3,6,19,49;128,1,222;652,2,9,30;732,2,10,24;263,2,12,29;510,1,86;537,1,39
3375,1,1:241,1,180
3376,1,1:241,1,200
3377,4,4:241,1,220;311,1,240;509,1,50;380,1,99
3378,1,1:241,1,228
3379,3,3:241,1,230;256,1,407;106,1,60
3380,3,3:241,1,245;97,1,199;256,1,393
3381,1,1:241,1,258
3382,2,2:50,1,84;876,1,127
3383,2,4:50,1,149;347,3,9,26,66
3384,1,1:50,1,168
3385,1,1:50,1,219
3386,1,1:51,1,84
3387,8,10:51,1,172;852,1,95;713,1,65;715,1,214;681,2,161,169;972,1,22;193,2,242,251;823,1,91
3388,2,2:51,1,189;117,1,42
3389,12,15:51,1,209;55,1,34;313,1,98;96,1,82;97,2,95,177;105,1,29;812,1,70;652,3,66,92,137;584,1,157;773,1,117;174,1,285;289,1,136
3390,2,2:51,1,213;516,1,53
3391,3,3:51,1,214;125,1,133;864,1,52
3392,3,5:836,3,2,19,50;314,1,119;572,1,115
3393,7,12:836,5,9,26,40,68,125;562,1,49;564,1,130;258,1,56;977,1,24;572,1,91;812,2,7,15
3394,2,2:836,1,43;315,1,146
3395,2,2:836,1,58;598,1,56
3396,10,13:836,1,67;338,1,201;86,1,230;977,1,23;746,1,47;812,2,6,14;418,2,197,240;951,2,90,126;168,1,264;212,1,125
3397,1,1:836,1,75
3398,1,1:836,1,79
3399,2,2:836,1,111;585,1,204
3400,2,2:836,1,113;803,1,152
3401,1,1:836,1,116
3402,1,1:465,1,26
3403,1,1:465,1,30
3404,1,1:465,1,34
3405,6,8:465,3,57,80,156;123,1,104;501,1,75;133,1,111;613,1,144;199,1,55
3406,1,1:465,1,58
3407,1,1:465,1,63
3408,1,5:465,5,74,81,99,111,157
3409,3,3:465,1,97;411,1,34;165,1,186
3410,2,3:465,2,100,112;587,1,132
3411,2,2:465,1,109;165,1,180
3412,5,6:465,1,138;252,1,180;166,1,51;532,2,2,22;201,1,54
3413,5,5:465,1,163;629,1,185;132,1,55;718,1,86;540,1,104
3414,3,3:465,1,169;423,1,266;522,1,81
3415,3,3:465,1,170;932,1,66;108,1,184
3416,1,1:465,1,171
3417,2,2:465,1,178;669,1,86
3418,3,3:465,1,181;778,1,69;882,1,37
3419,1,1:465,1,188
3420,10,12:465,1,208;762,1,272;343,1,124;995,3,4,17,39;121,1,77;125,1,106;140,1,216;714,1,85;156,1,108;524,1,223
3421,1,1:437,1,13
3422,6,7:437,2,19,233;654,1,40;856,1,83;363,1,16;374,1,113;872,1,25
3423,5,13:437,3,27,104,121;246,2,20,40;347,4,16,33,40,91;350,1,210;134,3,13,31,126
3424,1,1:437,1,29
3425,1,1:437,1,32
3426,4,4:437,1,50;467,1,126;886,1,65;294,1,52
3427,15,26:437,1,62;52,1,49;242,1,79;67,6,17,40,62,114,121,169;407,1,148;708,1,53;132,1,299;709,1,111;585,1,60;168,1,47;169,2,8,16;193,3,8,23,290;786,1,69;825,1,43;616,4,11,25,90,114
3428,2,2:437,1,72;104,1,99
3429,6,6:437,1,77;102,1,70;139,1,95;266,1,70;283,1,104;191,1,76
3430,14,15:437,1,93;796,1,61;53,1,24;631,1,140;250,1,93;649,1,105;881,1,23;132,2,25,206;677,1,26;143,1,207;519,1,79;530,1,190;869,1,69;683,1,183
3431,2,2:437,1,128;631,1,55
3432,1,1:437,1,157
3433,1,2:437,2,160,165
3434,1,1:437,1,186
3435,3,4:437,1,223;884,1,79;158,2,158,329
3436,1,1:437,1,228
3437,1,1:437,1,251
3438,1,1:437,1,286
3439,6,13:437,1,295;487,1,105;257,1,205;350,1,128;734,7,3,11,81,91,157,202,215;142,2,2,7
3440,9,9:437,1,303;473,1,294;80,1,262;848,1,63;280,1,296;876,1,128;208,1,68;209,1,66;541,1,217
3441,1,1:437,1,332
3442,1,1:628,1,39
3443,1,1:628,1,41
3444,2,2:628,1,201;418,1,257
3445,1,1:628,1,207
3446,7,18:52,4,6,16,58,76;242,1,78;53,1,252;67,3,16,39,61;809,1,54;117,6,13,33,56,59,78,178;825,2,10,23
3447,2,5:52,3,10,20,66;242,2,28,48
3448,3,3:52,1,23;473,1,359;908,1,70
3449,14,36:52,3,33,103,302;242,4,5,11,22,122;796,6,7,20,36,45,58,88;310,1,65;778,5,4,12,21,43,57;67,3,15,38,60;407,2,147,221;98,2,5,11;117,4,20,40,50,115;782,1,40;585,1,59;168,1,46;869,1,44;193,2,7,22
3450,5,5:52,1,68;426,1,199;279,1,123;888,1,102;214,1,141
3451,3,3:52,1,71;526,1,580;540,1,121
3452,1,1:52,1,73
3453,1,1:52,1,90
3454,1,1:52,1,94
3455,2,3:52,2,102,164;997,1,30
3456,1,1:52,1,115
3457,1,1:52,1,117
3458,2,2:52,1,127;356,1,101
3459,3,3:52,1,153;728,1,45;117,1,143
3460,1,2:52,2,159,288
3461,2,2:52,1,175;144,1,120
3462,3,3:52,1,177;499,1,65;172,1,112
3463,2,2:52,1,180;302,1,55
3464,6,11:52,1,214;850,2,2,21;580,2,2,19;581,2,2,13;854,2,2,21;214,2,73,126
3465,5,5:52,1,216;771,1,220;155,1,152;909,1,73;533,1,179
3466,11,14:52,1,218;67,3,107,142,158;313,1,171;339,1,202;251,1,89;81,2,138,145;609,1,32;493,1,99;509,1,64;664,1,84;527,1,64
3467,2,2:52,1,251;76,1,95
3468,1,1:52,1,264
3469,6,6:52,1,286;87,1,126;409,1,93;356,1,248;531,1,183;385,1,76
3470,14,24:52,1,297;560,1,109;568,2,2,13;974,3,1,11,120;254,4,4,11,43,88;493,1,81;849,1,93;349,4,7,24,156,194;504,1,188;677,1,67;423,2,259,271;679,1,46;360,1,255;524,1,147
3471,9,19:52,1,317;242,1,52;243,2,39,118;796,1,79;53,1,141;67,7,13,36,58,118,156,166,250;809,2,70,150;117,3,6,26,108;169,1,79
3472,1,1:52,1,348
3473,3,3:52,1,350;473,1,240;533,1,156
3474,1,1:242,1,82
3475,2,2:242,1,163;843,1,135
3476,1,1:242,1,184
3477,6,10:242,1,189;243,2,50,60;53,1,124;809,1,57;98,4,104,114,154,183;117,1,158
3478,2,2:242,1,203;55,1,165
3479,7,7:242,1,208;53,1,269;809,1,92;132,1,54;710,1,45;540,1,93;218,1,202
3480,1,1:242,1,215
3481,1,1:242,1,231
3482,2,2:242,1,234;779,1,149
3483,6,6:242,1,245;82,1,192;117,1,117;287,1,104;976,1,141;207,1,117
3484,5,5:242,1,258;423,1,227;316,1,414;876,1,67;384,1,290
3485,3,6:242,1,264;738,3,11,26,42;912,2,193,220
3486,5,5:242,1,269;503,1,152;198,1,211;218,1,298;749,1,90
3487,1,4:243,4,7,14,55,89
3488,3,6:243,1,66;53,2,64,253;218,3,54,278,283
3489,18,27:796,3,5,18,32;60,1,146;64,1,161;403,4,50,123,237,322;69,1,29;404,1,44;315,1,29;473,1,320;75,2,446,573;77,1,122;478,1,85;640,2,7,16;732,1,200;512,1,261;265,3,10,27,68;156,1,79;280,1,143;535,1,46
3490,17,34:796,3,6,19,33;903,2,4,14;907,2,15,31;659,3,9,21,35;660,3,5,24,49;857,1,75;361,1,156;859,1,24;717,3,5,19,34;735,3,5,15,54;916,1,31;164,2,97,131;920,1,56;738,3,9,24,40;863,1,187;943,1,58;208,3,13,27,37
3491,6,14:796,2,8,21;76,1,79;94,1,58;708,1,33;132,6,91,115,160,164,178,204;709,3,64,76,148
3492,2,2:796,1,89;488,1,149
3493,1,1:53,1,17
3494,1,1:53,1,55
3495,11,12:53,1,67;898,1,51;639,1,88;105,1,111;132,1,132;286,1,104;530,1,143;670,1,61;198,1,138;991,1,110;384,2,147,152
3496,1,1:53,1,77
3497,1,1:53,1,78
3498,2,2:53,1,85;81,1,31
3499,1,1:53,1,87
3500,1,1:53,1,168
3501,4,5:53,1,183;64,1,287;162,2,201,224;594,1,35
3502,3,3:53,1,221;118,1,155;604,1,395
3503,1,1:53,1,244
3504,4,4:53,1,255;838,1,64;125,1,17;126,1,109
3505,2,2:53,1,257;809,1,125
3506,4,4:53,1,272;809,1,96;270,1,125;370,1,86
3507,2,2:797,1,68;254,1,105
3508,3,3:797,1,87;73,1,200;707,1,116
3509,5,9:727,4,4,17,39,250;519,1,301;522,1,49;185,2,23,180;991,1,76
3510,1,1:727,1,86
3511,14,26:727,1,121;629,1,101;59,2,222,305;702,1,138;415,1,54;649,5,149,256,267,274,287;271,2,181,187;272,2,195,200;274,1,146;586,2,100,149;519,1,441;524,1,95;973,1,111;604,5,170,226,329,345,380
3512,2,2:727,1,152;990,1,158
3513,1,1:727,1,173
3514,1,1:727,1,236
3515,1,1:727,1,248
3516,1,1:727,1,270
3517,2,3:629,2,52,72;604,1,134
3518,2,2:629,1,105;651,1,184
3519,2,2:629,1,122;715,1,78
3520,3,4:629,1,142;118,1,130;289,2,180,189
3521,1,1:629,1,144
3522,3,3:629,1,146;120,1,243;958,1,86
3523,1,1:629,1,148
3524,3,3:629,1,154;965,1,54;733,1,135
3525,2,2:629,1,166;161,1,45
3526,8,8:629,1,181;72,1,78;477,1,77;256,1,289;492,1,92;120,1,229;849,1,71;546,1,152
3527,2,4:629,1,188;539,3,6,16,33
3528,1,2:629,2,189,212
3529,1,1:629,1,194
3530,1,1:629,1,197
3531,1,1:629,1,209
3532,7,8:629,1,217;707,1,141;516,1,118;425,1,98;316,1,266;526,2,234,386;596,1,111
3533,8,19:629,1,227;72,1,44;650,5,1,13,33,58,87;785,1,63;217,4,44,64,110,122;545,3,10,28,129;218,3,17,39,80;616,1,55
3534,5,12:54,2,4,16;135,1,74;908,2,80,90;869,5,12,24,34,71,83;193,2,169,184
3535,5,6:54,1,27;258,1,51;370,2,66,82;195,1,53;380,1,110
3536,2,2:54,1,35;164,1,83
3537,4,5:54,1,37;932,1,178;990,2,36,102;879,1,122
3538,1,1:54,1,39
3539,3,4:54,2,65,135;311,1,166;536,1,94
3540,5,5:54,1,110;80,1,369;124,1,76;136,1,60;181,1,109
3541,9,9:54,1,122;562,1,130;64,1,227;76,1,78;780,1,64;613,1,107;580,1,141;814,1,92;150,1,182
3542,2,2:54,1,142;197,1,136
3543,1,1:54,1,158
3544,5,5:54,1,159;75,1,227;503,1,113;731,1,56;505,1,39
3545,1,1:54,1,161
3546,2,7:401,4,36,52,92,106;467,3,3,16,29
3547,1,1:401,1,61
3548,1,1:401,1,69
3549,2,2:401,1,99;143,1,257
3550,4,5:401,1,102;650,1,31;785,1,28;218,2,129,303
3551,3,3:55,1,49;935,1,75;989,1,22
3552,2,18:55,1,83;311,17,3,22,76,95,115,171,198,224,243,253,261,271,278,327,348,397,473
3553,6,12:55,2,151,205;609,3,7,22,85;575,2,3,15;352,1,103;360,3,9,38,80;285,1,190
3554,33,51:55,1,173;246,3,90,95,101;631,1,79;313,1,206;314,2,17,36;841,1,53;638,1,98;95,1,46;100,1,54;105,1,91;106,2,143,168;417,3,9,19,37;711,2,3,15;712,2,3,13;855,2,4,16;733,3,6,13,193;856,3,5,17,30;677,2,175,183;582,1,59;265,3,99,130,190;266,1,79;270,1,374;148,1,155;158,1,292;589,3,1,15,53;285,1,174;181,1,142;430,1,108;317,1,195;386,1,144;883,1,50;878,1,86;888,1,17
3555,6,7:55,2,178,200;95,1,137;106,1,132;266,1,46;280,1,323;285,1,234
3556,4,6:558,3,8,17,23;153,1,140;524,1,260;532,1,87
3557,1,1:558,1,32
3558,4,4:330,1,46;915,1,76;106,1,138;346,1,35
3559,7,11:330,1,74;336,1,42;915,1,155;346,1,63;859,1,35;864,3,7,16,25;721,3,12,26,44
3560,2,2:56,1,21;778,1,126
3561,3,3:56,1,23;424,1,212;667,1,140
3562,16,22:56,1,31;333,1,67;338,1,191;75,2,142,628;843,4,4,16,29,95;995,1,35;501,1,150;652,1,193;132,2,60,64;135,1,48;156,1,87;858,2,66,85;783,1,100;427,1,94;180,1,95;878,1,77
3563,3,5:56,1,86;313,3,116,194,197;256,1,214
3564,7,11:56,1,90;995,1,73;129,3,19,38,72;889,1,165;192,3,6,18,29;307,1,93;546,1,77
3565,1,1:56,1,126
3566,6,8:56,1,164;907,1,109;148,2,144,256;154,1,159;167,1,175;946,2,89,182
3567,2,2:56,1,245;338,1,49
3568,1,1:56,1,253
3569,5,8:56,1,256;256,2,242,308;257,1,227;129,2,127,135;531,2,71,112
3570,1,1:56,1,261
3571,2,2:56,1,295;515,1,18
3572,2,2:56,1,358;506,1,45
3573,1,1:56,1,377
3574,1,1:56,1,378
3575,7,8:331,1,63;403,2,9,19;478,1,56;485,1,89;257,1,170;653,1,144;202,1,136
3576,2,4:57,3,4,20,138;72,1,108
3577,1,1:57,1,53
3578,1,1:57,1,164
3579,1,1:57,1,168
3580,6,9:244,1,107;608,1,227;413,3,13,38,48;990,1,116;858,2,151,164;917,1,66
3581,1,1:244,1,117
3582,7,26:332,6,14,17,38,41,67,70;313,8,9,23,36,68,84,112,188,230;344,7,15,35,60,110,140,188,211;256,1,68;257,1,85;119,1,76;178,2,212,229
3583,4,13:332,1,98;246,9,7,27,53,93,98,104,116,151,162;703,1,66;119,2,85,214
3584,1,1:332,1,101
3585,2,4:332,1,102;716,3,6,32,71
3586,1,1:332,1,118
3587,1,1:332,1,120
3588,10,14:332,1,122;702,1,71;247,1,66;638,1,34;613,1,52;771,2,11,27;656,2,11,33;369,1,88;380,1,22;536,3,37,105,177
3589,1,1:332,1,125
3590,2,2:332,1,127;191,1,36
3591,6,8:332,1,152;338,3,88,145,177;313,1,127;256,1,350;351,1,84;202,1,124
3592,1,1:332,1,211
3593,3,3:332,1,228;256,1,412;352,1,47
3594,3,4:332,1,230;134,2,165,202;283,1,244
3595,4,4:332,1,235;66,1,79;829,1,117;990,1,161
3596,2,2:332,1,237;615,1,40
3597,3,11:58,5,13,27,41,47,126;520,4,5,14,25,136;279,2,105,142
3598,1,2:58,2,82,132
3599,4,4:58,1,93;589,1,172;951,1,37;774,1,46
3600,10,20:58,1,119;70,2,3,12;337,3,11,24,45;948,1,28;344,3,4,24,57;257,1,100;119,3,102,118,225;900,2,9,24;283,3,20,40,67;171,1,130
3601,2,2:58,1,133;270,1,50
3602,13,31:58,2,167,202;633,1,132;338,4,14,30,65,161;637,1,70;256,4,174,247,331,380;678,2,11,29;270,3,147,182,377;356,4,93,146,170,191;359,2,46,108;363,1,61;155,3,59,218,268;364,3,13,34,59;821,1,127
3603,1,1:58,1,216
3604,5,7:559,1,49;310,3,3,8,12;473,1,410;476,1,107;202,1,153
3605,2,2:559,1,55;531,1,95
3606,7,7:560,1,152;351,1,48;990,1,35;916,1,79;289,1,131;739,1,131;785,1,59
3607,3,3:560,1,166;59,1,211;742,1,209
3608,2,2:560,1,187;829,1,129
3609,1,1:837,1,34
3610,9,15:837,1,39;59,1,218;68,2,8,23;87,1,40;412,1,103;415,3,47,105,145;131,1,153;175,2,141,185;307,3,13,45,76
3611,1,1:837,1,50
3612,5,8:837,1,51;341,4,28,43,70,98;98,1,90;382,1,65;300,1,84
3613,1,1:837,1,82
3614,2,2:837,1,116;512,1,160
3615,1,2:59,2,50,142
3616,8,14:59,4,79,168,245,271;85,3,3,12,109;807,1,66;901,1,49;349,1,122;531,1,60;387,2,5,15;203,1,38
3617,1,1:59,1,121
3618,11,18:59,2,175,294;256,3,178,334,384;506,1,150;140,1,92;270,2,15,30;517,1,213;271,1,199;154,1,109;519,3,240,354,490;528,1,138;203,2,315,448
3619,1,1:59,1,199
3620,1,1:59,1,201
3621,1,1:59,1,278
3622,2,2:59,1,283;649,1,237
3623,2,3:333,2,3,12;907,1,68
3624,1,1:333,1,54
3625,1,1:333,1,70
3626,3,3:333,1,75;899,1,41;118,1,104
3627,4,4:333,1,77;80,1,120;492,1,44;352,1,84
3628,1,1:333,1,83
3629,4,4:333,1,149;510,1,95;380,1,34;749,1,91
3630,13,15:606,1,30;563,1,47;482,2,68,100;100,2,127,140;353,1,117;693,1,141;667,1,97;526,1,231;287,1,139;179,1,215;989,1,65;204,1,40;546,1,223
3631,6,6:606,1,32;935,1,35;407,1,47;343,1,100;706,1,53;659,1,83
3632,5,5:606,1,59;732,1,162;270,1,271;519,1,137;195,1,39
3633,2,2:606,1,67;723,1,41
3634,3,3:606,1,144;117,1,175;595,1,155
3635,4,5:606,1,147;779,2,8,23;782,1,48;524,1,57
3636,1,4:310,4,5,10,38,69
3637,1,2:310,2,17,25
3638,5,8:310,1,23;849,1,40;165,1,150;378,2,6,25;206,3,6,21,39
3639,1,1:310,1,41
3640,5,7:310,1,50;649,1,170;507,1,44;613,3,15,34,83;182,1,121
3641,5,5:310,1,53;485,1,46;651,1,183;962,1,41;168,1,59
3642,1,1:310,1,56
3643,3,4:310,2,61,67;64,1,37;932,1,176
3644,1,1:310,1,66
3645,1,1:310,1,70
3646,1,2:310,2,77,116
3647,2,2:310,1,130;473,1,391
3648,6,6:310,1,143;468,1,189;497,1,122;423,1,289;525,1,30;876,1,123
3649,2,2:310,1,146;356,1,268
3650,1,1:988,1,49
3651,1,1:702,1,58
3652,1,1:702,1,61
3653,11,12:702,1,82;709,1,161;658,1,144;144,1,179;273,1,186;158,2,160,353;908,1,108;783,1,123;863,1,155;209,1,55;306,1,255
3654,1,2:702,2,110,142
3655,2,5:702,3,131,173,183;305,2,117,158
3656,1,1:702,1,147
3657,1,1:702,1,155
3658,4,4:702,1,186;290,1,184;198,1,165;214,1,28
3659,2,3:702,1,199;536,2,83,170
3660,1,1:798,1,43
3661,2,3:798,1,82;524,2,2,21
3662,1,1:798,1,83
3663,1,1:798,1,85
3664,9,13:466,1,59;568,1,46;637,1,71;359,2,112,125;589,4,61,120,148,176;717,1,72;162,1,102;917,1,34;918,1,32
3665,1,1:466,1,64
3666,11,13:466,1,67;412,1,121;496,1,69;502,1,120;771,1,217;584,1,262;150,1,53;155,1,100;165,1,115;372,1,96;285,3,9,29,62
3667,1,1:929,1,44
3668,3,3:929,1,53;497,1,124;306,1,252
3669,2,2:929,1,55;639,1,405
3670,3,4:245,2,4,17;81,1,144;409,1,154
3671,3,3:245,1,87;413,1,77;513,1,48
3672,3,7:311,5,4,23,172,176,199;402,1,142;867,1,56
3673,2,4:311,3,9,28,481;493,1,39
3674,2,2:311,1,48;858,1,242
3675,1,1:311,1,49
3676,1,1:311,1,59
3677,1,1:311,1,61
3678,2,2:311,1,64;343,1,266
3679,1,1:311,1,75
3680,2,2:311,1,89;178,1,17
3681,1,4:311,4,90,120,232,353
3682,2,6:311,5,94,114,197,223,277;596,1,87
3683,7,7:311,1,109;940,1,102;495,1,84;771,1,225;150,1,136;589,1,221;169,1,34
3684,1,1:311,1,147
3685,1,1:311,1,150
3686,2,2:311,1,157;64,1,40
3687,11,11:311,1,162;608,1,57;97,1,238;101,1,35;122,1,41;130,1,271;517,1,198;274,1,223;368,1,117;427,1,76;591,1,91
3688,7,7:311,1,194;634,1,148;314,1,128;86,1,194;384,1,91;883,1,140;775,1,73
3689,2,2:311,1,203;206,1,58
3690,6,7:311,1,209;632,1,256;634,1,264;771,1,213;155,2,209,228;193,1,133
3691,3,4:311,1,211;771,1,131;664,2,126,138
3692,6,9:311,1,215;501,1,91;771,1,134;656,4,103,128,135,157;533,1,77;207,1,96
3693,3,4:311,1,235;404,1,73;932,2,67,194
3694,1,3:311,3,248,312,372
3695,1,1:311,1,255
3696,1,2:311,2,256,263
3697,1,1:311,1,257
3698,1,1:311,1,262
3699,2,2:311,1,272;918,1,51
3700,1,1:311,1,284
3701,1,1:311,1,287
3702,1,1:311,1,290
3703,1,1:311,1,293
3704,7,9:311,1,302;252,2,61,90;80,1,335;810,1,45;417,1,87;125,2,174,195;584,1,250
3705,2,3:311,1,307;493,2,124,188
3706,2,2:311,1,316;214,1,145
3707,1,1:311,1,317
3708,2,2:311,1,325;524,1,66
3709,1,1:311,1,332
3710,1,1:311,1,333
3711,1,1:311,1,345
3712,2,2:311,1,355;778,1,175
3713,1,1:311,1,357
3714,1,1:311,1,358
3715,1,1:311,1,360
3716,8,14:311,1,363;247,2,83,198;499,1,89;613,1,147;680,2,11,13;365,3,1,18,36;595,2,109,168;527,2,68,131
3717,1,1:311,1,398
3718,8,12:311,1,411;652,1,103;712,1,101;733,1,99;538,2,182,297;604,1,41;307,1,95;221,4,29,58,209,246
3719,1,1:311,1,423
3720,1,1:311,1,430
3721,3,3:311,1,447;593,1,65;526,1,164
3722,11,12:311,1,449;314,1,47;315,1,115;484,1,58;842,2,8,28;489,1,161;412,1,88;715,1,273;168,1,239;872,1,237;433,1,136
3723,1,1:311,1,457
3724,1,1:311,1,495
3725,5,30:60,4,7,17,41,56;513,2,13,29;265,3,133,193,219;270,18,83,85,88,111,165,186,193,199,233,236,238,247,254,266,273,289,294,303;169,3,6,14,32
3726,1,1:60,1,53
3727,8,10:60,1,125;936,1,163;808,1,196;969,1,49;516,1,189;590,1,24;818,3,7,19,47;739,1,88
3728,1,1:60,1,140
3729,1,1:60,1,166
3730,1,1:246,1,80
3731,1,1:246,1,100
3732,8,14:246,1,111;608,3,77,197,205;898,2,71,140;256,2,102,359;491,1,167;675,1,264;165,2,62,106;203,2,198,206
3733,1,1:246,1,132
3734,5,5:246,1,159;992,1,52;119,1,48;356,1,167;587,1,167
3735,5,5:334,1,54;571,1,65;359,1,168;829,1,98;385,1,54
3736,7,13:334,1,71;473,1,321;151,2,118,275;362,1,144;374,2,6,21;375,2,4,22;193,4,10,25,37,178
3737,1,1:334,1,95
3738,13,19:334,1,142;633,1,145;637,1,20;644,2,8,74;262,1,112;576,2,92,144;970,1,64;142,1,143;590,2,35,89;289,1,92;317,1,92;883,4,101,124,144,162;300,1,89
3739,1,1:334,1,151
3740,2,2:334,1,190;112,1,135
3741,1,1:630,1,70
3742,1,1:561,1,71
3743,2,3:561,1,74;991,2,27,41
3744,2,2:561,1,119;940,1,86
3745,9,11:561,1,164;779,1,243;482,1,186;847,1,132;359,1,169;593,2,38,42;371,2,188,203;283,1,240;202,1,140
3746,2,4:335,3,10,22,41;368,1,38
3747,2,2:335,1,45;903,1,52
3748,1,3:61,3,2,13,24
3749,2,2:61,1,39;906,1,98
3750,3,3:61,1,82;771,1,137;204,1,367
3751,1,1:61,1,94
3752,10,12:61,1,105;634,2,193,237;473,2,259,388;677,1,111;354,1,36;150,1,147;155,1,102;526,1,133;178,1,119;987,1,52
3753,2,3:247,2,18,36;194,1,76
3754,4,5:247,2,72,229;376,1,36;595,1,99;527,1,121
3755,8,11:247,1,89;473,1,343;933,2,11,25;261,1,44;134,1,164;510,2,11,25;374,2,79,112;375,1,134
3756,3,3:247,1,123;692,1,102;183,1,163
3757,1,1:247,1,129
3758,2,5:247,4,135,174,208,242;908,1,166
3759,1,1:247,1,145
3760,3,3:247,1,191;985,1,103;526,1,602
3761,4,4:247,1,196;477,1,85;996,1,33;904,1,47
3762,2,2:247,1,233;132,1,215
3763,3,3:631,1,26;377,1,58;289,1,60
3764,2,2:631,1,27;289,1,90
3765,2,2:631,1,57;64,1,34
3766,3,3:631,1,59;948,1,40;289,1,111
3767,2,2:631,1,65;838,1,61
3768,1,1:631,1,66
3769,2,2:631,1,83;780,1,94
3770,3,3:631,1,97;763,1,52;937,1,55
3771,5,10:631,1,100;254,3,6,13,20;174,1,233;530,2,132,181;871,3,6,12,15
3772,3,6:631,1,118;273,1,197;519,4,82,90,116,131
3773,1,1:631,1,126
3774,2,2:631,1,141;143,1,208
3775,3,3:631,1,164;423,1,281;533,1,155
3776,2,2:930,1,42;316,1,299
3777,4,6:799,2,70,114;651,2,171,219;585,1,82;663,1,57
3778,8,9:799,1,83;75,1,124;808,1,72;99,1,94;675,1,65;571,1,189;145,1,91;717,2,161,202
3779,1,2:799,2,161,179
3780,1,1:799,1,197
3781,3,3:799,1,213;747,1,81;583,1,35
3782,1,1:799,1,217
3783,1,2:62,2,6,22
3784,2,2:62,1,122;523,1,79
3785,1,1:62,1,139
3786,2,5:63,2,94,199;639,3,331,373,427
3787,7,15:63,1,107;469,1,191;484,3,6,14,25;807,4,5,12,39,55;497,4,8,19,35,103;584,1,189;724,1,96
3788,4,4:63,1,203;742,1,184;731,1,128;595,1,198
3789,1,1:63,1,208
3790,3,3:63,1,216;467,1,165;128,1,212
3791,6,6:63,1,223;479,1,44;811,1,92;858,1,243;166,1,151;429,1,42
3792,1,3:950,3,6,14,30
3793,4,6:950,3,7,15,31;252,1,138;990,1,150;873,1,52
3794,1,1:562,1,31
3795,1,3:562,3,32,34,36
3796,5,5:562,1,52;471,1,30;567,1,37;258,1,54;977,1,18
3797,8,8:562,1,63;763,1,122;80,1,142;408,1,110;125,1,103;829,1,65;521,1,55;671,1,145
3798,1,1:562,1,65
3799,1,1:562,1,68
3800,5,5:562,1,88;593,1,55;431,1,47;913,1,56;824,1,71
3801,1,1:562,1,90
3802,1,1:562,1,104
3803,6,6:562,1,128;969,1,54;113,1,21;659,1,71;147,1,44;358,1,36
3804,2,2:562,1,143;683,1,30
3805,1,1:562,1,150
3806,1,2:562,2,151,161
3807,1,1:562,1,160
3808,1,1:562,1,165
3809,3,5:562,1,167;64,2,80,392;504,2,1,9
3810,3,3:248,1,71;765,1,72;570,1,48
3811,4,4:248,1,121;345,1,34;849,1,49;657,1,173
3812,1,1:467,1,108
3813,1,1:467,1,132
3814,1,1:467,1,158
3815,3,3:64,1,29;908,1,115;163,1,122
3816,1,1:64,1,31
3817,2,2:64,1,35;143,1,139
3818,1,1:64,1,42
3819,1,1:64,1,43
3820,4,4:64,1,51;654,1,32;655,1,36;590,1,32
3821,1,1:64,1,54
3822,1,4:64,4,63,81,118,393
3823,3,3:64,1,76;870,1,48;540,1,34
3824,1,1:64,1,77
3825,1,1:64,1,79
3826,5,11:64,2,102,119;655,2,3,14;168,1,167;912,5,10,22,38,146,164;213,1,150
3827,1,2:64,2,117,407
3828,2,3:64,1,139;314,2,45,111
3829,2,2:64,1,147;178,1,123
3830,1,1:64,1,164
3831,1,1:64,1,170
3832,1,1:64,1,176
3833,1,1:64,1,182
3834,1,1:64,1,191
3835,1,1:64,1,203
3836,1,1:64,1,225
3837,5,5:64,1,228;65,1,38;847,1,75;516,1,199;822,1,51
3838,2,2:64,1,273;314,1,94
3839,1,1:64,1,274
3840,1,1:64,1,342
3841,1,1:64,1,347
3842,1,2:64,2,351,360
3843,2,2:64,1,354;478,1,233
3844,1,1:64,1,367
3845,1,1:64,1,403
3846,1,1:64,1,408
3847,1,1:64,1,433
3848,7,7:64,1,438;487,1,72;97,1,315;138,1,77;151,1,81;200,1,134;914,1,77
3849,3,4:800,2,6,14;906,1,101;713,1,120
3850,2,7:800,3,8,16,48;896,4,10,20,28,86
3851,1,1:800,1,124
3852,1,1:891,1,58
3853,1,1:891,1,66
3854,4,6:249,3,2,14,39;847,1,38;170,1,72;432,1,118
3855,4,4:249,1,82;638,1,33;285,1,49;527,1,27
3856,2,2:249,1,86;378,1,65
3857,1,3:632,3,5,25,48
3858,2,3:632,2,10,30;518,1,58
3859,6,6:632,1,90;342,1,80;423,1,67;858,1,191;862,1,110;432,1,92
3860,2,2:632,1,122;872,1,240
3861,1,1:632,1,172
3862,3,4:632,1,178;778,2,138,193;299,1,75
3863,1,1:632,1,193
3864,1,1:632,1,202
3865,5,5:632,1,205;607,1,129;766,1,100;498,1,114;155,1,158
3866,3,3:632,1,206;766,1,101;155,1,159
3867,1,1:632,1,207
3868,5,6:632,1,232;167,1,90;189,1,104;946,1,75;604,2,168,334
3869,2,2:632,1,259;545,1,154
3870,5,5:632,1,274;75,1,74;843,1,121;95,1,40;657,1,153
3871,4,4:468,1,103;674,1,127;724,1,251;748,1,93
3872,2,3:760,1,25;430,2,9,29
3873,6,15:402,7,5,23,40,76,113,178,198;469,2,84,163;521,1,34;951,2,122,150;524,2,106,124;723,1,29
3874,1,1:402,1,52
3875,1,1:402,1,130
3876,1,1:402,1,153
3877,1,1:402,1,155
3878,1,1:402,1,209
3879,1,1:402,1,211
3880,1,1:65,1,35
3881,7,9:403,2,6,16;713,1,141;682,1,78;866,1,165;739,1,40;872,1,196;209,2,2,11
3882,1,1:403,1,70
3883,1,1:403,1,71
3884,2,4:403,3,75,437,465;389,1,111
3885,1,1:403,1,94
3886,4,4:403,1,95;521,1,84;161,1,130;202,1,109
3887,5,7:403,1,133;933,2,2,16;515,1,49;526,2,459,640;211,1,37
3888,2,2:403,1,182;639,1,51
3889,2,2:403,1,184;350,1,167
3890,1,2:403,2,195,233
3891,1,2:403,2,197,235
3892,1,1:403,1,222
3893,6,7:403,1,257;93,2,15,32;990,1,148;170,1,99;174,1,160;824,1,58
3894,3,3:403,1,368;856,1,186;519,1,146
3895,1,1:403,1,371
3896,11,14:403,2,392,395;634,1,179;71,1,175;80,1,25;118,1,136;579,1,142;422,1,90;143,1,226;716,1,80;879,2,155,158;672,2,3,19
3897,2,2:66,1,44;113,1,52
3898,1,1:66,1,82
3899,2,6:838,5,3,15,137,195,211;126,1,118
3900,1,5:838,5,5,17,142,198,216
3901,2,3:838,2,12,24;990,1,138
3902,1,1:838,1,43
3903,1,1:838,1,52
3904,1,1:838,1,53
3905,1,1:838,1,54
3906,1,1:838,1,84
3907,1,1:838,1,146
3908,1,1:838,1,162
3909,2,3:838,2,192,213;493,1,210
3910,2,2:838,1,229;252,1,171
3911,4,7:838,1,236;485,1,115;860,2,10,29;295,3,142,167,180
3912,1,2:674,2,15,31
3913,1,1:674,1,45
3914,2,2:674,1,63;197,1,81
3915,1,1:674,1,94
3916,14,21:778,1,18;607,1,130;494,1,194;495,1,99;769,3,162,235,301;498,1,36;143,2,29,237;679,1,65;155,4,163,166,211,230;158,1,92;162,1,329;916,2,41,76;724,1,125;786,1,243
3917,10,25:778,5,89,132,154,165,214;649,1,160;509,1,21;140,1,96;272,1,159;154,3,14,36,113;273,5,92,174,192,216,369;519,4,8,16,63,254;973,1,33;307,3,20,52,83
3918,4,4:778,1,134;473,1,194;641,1,67;198,1,195
3919,2,3:778,1,151;951,2,107,127
3920,3,3:778,1,168;67,1,221;140,1,250
3921,3,7:67,1,127;154,3,22,44,88;273,3,28,56,66
3922,4,4:67,1,128;157,1,114;426,1,60;175,1,99
3923,4,6:67,1,152;106,1,91;270,3,12,27,95;287,1,152
3924,3,4:67,1,168;659,1,69;285,2,50,100
3925,5,6:67,2,208,256;675,1,205;217,1,70;545,1,76;786,1,174
3926,7,8:67,1,238;420,1,101;270,1,280;274,1,203;519,1,443;281,2,177,186;290,1,145
3927,2,2:67,1,244;280,1,156
3928,1,1:67,1,251
3929,1,1:633,1,43
3930,2,2:633,1,47;541,1,146
3931,1,1:633,1,48
3932,1,1:633,1,63
3933,1,1:633,1,68
3934,1,1:633,1,81
3935,2,2:633,1,86;718,1,119
3936,1,2:336,2,10,29
3937,3,6:336,2,99,123;676,1,75;354,3,6,21,115
3938,1,1:336,1,118
3939,1,1:336,1,120
3940,1,2:250,2,15,31
3941,1,2:250,2,16,32
3942,5,6:250,1,34;607,1,193;104,1,24;496,2,3,23;724,1,38
3943,2,3:250,1,41;910,2,40,49
3944,1,1:250,1,57
3945,6,6:250,1,77;971,1,58;423,1,293;159,1,31;588,1,13;596,1,276
3946,1,1:563,1,30
3947,1,2:68,2,12,27
3948,1,1:68,1,72
3949,1,1:68,1,74
3950,1,1:68,1,95
3951,1,1:68,1,113
3952,8,8:68,1,199;252,1,112;608,1,127;742,1,160;268,1,84;532,1,68;200,1,156;203,1,334
3953,1,1:68,1,239
3954,1,1:68,1,240
3955,1,1:68,1,242
3956,1,1:69,1,84
3957,1,1:69,1,86
3958,1,1:69,1,184
3959,3,4:312,1,37;354,1,34;150,2,95,130
3960,3,4:312,1,53;530,2,135,185;187,1,120
3961,1,1:312,1,61
3962,1,1:312,1,100
3963,19,34:312,1,107;341,1,139;255,1,124;166,2,69,111;168,2,75,90;917,1,77;737,3,7,17,50;738,3,55,62,81;176,6,87,95,141,185,233,251;177,1,57;958,1,70;178,1,71;292,5,75,84,173,235,337;179,1,41;912,1,178;191,1,28;192,1,52;211,1,34;539,1,95
3964,2,2:880,1,22;693,1,29
3965,2,2:880,1,42;473,1,484
3966,1,1:880,1,67
3967,1,1:70,1,30
3968,8,19:337,2,13,26;257,1,217;347,3,3,20,96;134,2,75,154;152,4,24,55,88,117;283,4,17,37,63,132;171,2,170,175;316,1,259
3969,2,3:337,2,28,122;372,1,74
3970,2,2:338,1,151;106,1,102
3971,3,3:313,1,130;382,1,45;203,1,212
3972,1,1:313,1,149
3973,4,4:313,1,163;500,1,106;739,1,111;537,1,118
3974,3,4:313,1,180;649,2,129,158;170,1,116
3975,3,3:313,1,231;155,1,98;202,1,64
3976,1,1:703,1,45
3977,1,1:703,1,47
3978,5,6:703,1,49;634,1,120;144,1,365;994,2,1,6;435,1,109
3979,3,4:703,1,51;634,1,130;649,2,10,26
3980,1,1:703,1,62
3981,1,1:703,1,64
3982,1,2:703,2,65,95
3983,2,10:703,1,91;119,9,8,21,35,65,86,131,139,180,189
3984,2,4:703,1,93;716,3,7,33,72
3985,2,2:703,1,98;716,1,115
3986,7,17:741,2,1,11;148,3,17,34,81;517,1,56;157,3,14,44,90;367,6,8,19,39,63,97,113;316,1,61;375,1,57
3987,5,5:741,1,65;125,1,162;349,1,241;592,1,116;526,1,138
3988,2,3:634,2,7,19;520,1,141
3989,3,6:634,1,50;863,3,116,174,191;206,2,13,28
3990,2,2:634,1,58;642,1,78
3991,1,1:634,1,68
3992,7,7:634,1,146;957,1,118;144,1,358;517,1,160;518,1,282;195,1,141;208,1,66
3993,3,3:634,1,157;642,1,157;166,1,122
3994,5,6:634,2,209,230;895,1,56;89,1,143;99,1,83;652,1,268
3995,1,1:634,1,267
3996,1,1:404,1,30
3997,1,1:404,1,36
3998,4,4:404,1,63;803,1,145;104,1,140;293,1,51
3999,1,1:404,1,120
4000,1,1:404,1,130
4001,1,1:71,1,46
4002,1,1:71,1,56
4003,6,7:71,1,80;167,2,139,171;187,1,117;189,1,145;946,1,104;303,1,121
4004,4,6:71,1,83;97,1,45;580,3,15,32,61;581,1,53
4005,1,1:72,1,63
4006,2,3:314,2,52,220;969,1,78
4007,1,2:314,2,68,132
4008,1,1:314,1,95
4009,3,3:314,1,113;781,1,143;863,1,95
4010,5,11:314,1,159;411,2,7,14;570,3,15,30,44;492,2,8,16;417,3,10,20,41
4011,5,12:314,1,171;411,1,31;570,3,7,22,37;492,3,4,12,26;417,4,48,89,106,126
4012,4,4:314,1,173;636,1,73;742,1,91;133,1,213
4013,1,1:314,1,174
4014,3,3:314,1,183;566,1,127;598,1,122
4015,2,2:314,1,207;125,1,70
4016,1,1:314,1,211
4017,8,9:314,1,224;809,1,153;131,1,373;504,1,58;423,1,257;514,2,62,87;172,1,149;211,1,82
4018,2,2:314,1,246;511,1,137
4019,1,1:314,1,249
4020,3,3:314,1,250;528,1,96;604,1,322
4021,1,1:314,1,251
4022,1,1:315,1,55
4023,2,2:315,1,81;255,1,95
4024,1,2:315,2,107,149
4025,1,1:315,1,150
4026,2,2:801,1,38;707,1,104
4027,3,3:469,1,113;573,1,102;654,1,162
4028,3,3:469,1,176;713,1,103;364,1,229
4029,2,2:469,1,179;667,1,127
4030,1,1:469,1,223
4031,2,2:469,1,239;593,1,57
4032,1,1:469,1,250
4033,1,1:469,1,262
4034,1,3:470,3,5,12,58
4035,7,10:470,1,52;779,1,209;675,1,153;650,2,88,114;269,1,129;156,3,20,40,116;203,1,222
4036,1,1:564,1,40
4037,7,9:564,1,49;572,1,74;573,1,44;110,2,7,16;587,1,74;289,2,290,299;433,1,172
4038,1,1:564,1,81
4039,1,1:564,1,84
4040,1,1:564,1,102
4041,2,2:564,1,103;471,1,72
4042,2,2:564,1,146;524,1,54
4043,1,1:471,1,51
4044,1,1:471,1,75
4045,4,4:73,1,72;704,1,111;736,1,203;210,1,64
4046,2,2:73,1,73;649,1,104
4047,1,1:73,1,163
4048,1,1:73,1,170
4049,3,3:73,1,205;131,1,297;221,1,148
4050,5,11:73,1,247;704,2,58,168;406,1,26;104,4,3,14,28,153;846,3,13,28,71
4051,1,1:73,1,302
4052,3,3:802,1,156;895,1,43;156,1,158
4053,1,1:74,1,63
4054,7,7:803,1,40;705,1,99;351,1,158;581,1,151;711,1,93;516,1,211;544,1,59
4055,2,2:803,1,44;610,1,112
4056,1,1:704,1,93
4057,5,8:704,1,98;780,4,34,44,67,89;939,1,36;113,1,55;264,1,148
4058,2,2:704,1,100;264,1,150
4059,2,2:704,1,114;500,1,76
4060,1,1:704,1,171
4061,1,1:704,1,177
4062,1,1:635,1,69
4063,1,2:635,2,75,134
4064,1,1:635,1,88
4065,4,4:635,1,100;87,1,62;781,1,95;787,1,54
4066,1,1:635,1,128
4067,1,1:635,1,149
4068,3,3:339,1,81;691,1,67;604,1,104
4069,1,1:339,1,132
4070,1,1:339,1,159
4071,1,1:251,1,71
4072,7,7:965,1,28;101,1,158;493,1,96;155,1,117;858,1,181;863,1,112;204,1,430
4073,2,2:965,1,65;381,1,66
4074,2,2:965,1,72;142,1,133
4075,7,13:932,1,77;160,1,40;528,3,9,34,67;174,3,128,137,271;529,3,11,33,56;530,1,102;819,1,32
4076,6,6:932,1,95;893,1,27;252,1,76;358,1,40;155,1,53;364,1,54
4077,1,1:932,1,175
4078,3,11:473,9,12,28,137,246,304,423,446,458,490;575,1,88;184,1,84
4079,1,1:473,1,100
4080,1,1:473,1,135
4081,1,2:473,2,152,367
4082,9,11:473,1,167;488,1,166;984,1,69;587,1,42;159,3,10,22,40;530,1,129;876,1,168;299,1,220;217,1,114
4083,1,1:473,1,203
4084,2,3:473,1,229;162,2,92,112
4085,6,8:473,1,237;607,1,117;142,2,30,70;536,1,50;388,1,86;204,2,217,314
4086,2,2:473,1,257;358,1,62
4087,2,2:473,1,261;388,1,94
4088,5,6:473,1,289;647,2,61,69;135,1,157;150,1,90;861,1,62
4089,5,5:473,1,299;508,1,89;148,1,234;517,1,188;523,1,74
4090,1,1:473,1,382
4091,1,1:473,1,438
4092,6,6:933,1,75;653,1,66;143,1,46;526,1,91;191,1,84;989,1,125
4093,8,9:933,1,85;974,2,70,163;102,1,171;970,1,68;267,1,89;276,1,172;194,1,73;299,1,191
4094,3,3:933,1,114;693,1,20;919,1,41
4095,1,1:933,1,118
4096,1,1:474,1,20
4097,1,1:474,1,21
4098,1,1:474,1,24
4099,1,1:474,1,36
4100,1,1:474,1,44
4101,1,1:474,1,52
4102,1,1:474,1,89
4103,2,2:474,1,102;75,1,284
4104,4,6:474,1,110;75,1,224;842,1,39;424,3,68,127,155
4105,1,1:474,1,148
4106,1,2:474,2,190,208
4107,1,1:475,1,62
4108,2,2:475,1,72;902,1,41
4109,6,6:405,1,38;779,1,222;96,1,149;908,1,168;526,1,456;193,1,296
4110,2,4:405,1,52;848,3,4,8,29
4111,1,1:405,1,70
4112,1,1:405,1,73
4113,1,1:405,1,85
4114,2,2:405,1,102;845,1,29
4115,2,3:892,2,1,15;762,1,209
4116,3,3:476,1,55;718,1,99;181,1,105
4117,5,6:476,2,59,74;780,1,26;714,1,25;154,1,47;916,1,93
4118,1,1:476,1,92
4119,1,1:893,1,50
4120,1,1:934,1,58
4121,1,1:934,1,60
4122,1,1:934,1,72
4123,4,4:934,1,74;728,1,76;814,1,49;959,1,21
4124,1,1:607,1,65
4125,1,1:607,1,71
4126,1,1:607,1,96
4127,1,2:607,2,101,202
4128,1,1:607,1,115
4129,2,2:607,1,143;267,1,117
4130,6,6:607,1,144;828,1,99;908,1,164;184,1,186;721,1,78;616,1,101
4131,3,5:607,1,155;416,2,18,37;420,2,7,23
4132,1,2:607,2,158,253
4133,2,2:607,1,197;424,1,176
4134,2,2:607,1,242;824,1,101
4135,1,1:607,1,249
4136,1,1:607,1,251
4137,1,2:565,2,1,20
4138,1,1:406,1,49
4139,3,3:406,1,73;763,1,157;292,1,283
4140,3,4:762,1,36;769,2,85,116;531,1,36
4141,2,2:762,1,81;412,1,69
4142,1,1:762,1,90
4143,1,1:762,1,103
4144,1,1:762,1,104
4145,1,1:762,1,107
4146,1,1:762,1,108
4147,1,1:762,1,208
4148,3,5:762,1,244;487,2,137,235;125,2,2,8
4149,4,4:762,1,253;80,1,302;575,1,84;388,1,38
4150,1,1:762,1,255
4151,2,11:75,10,157,230,273,298,348,411,425,485,495,529;828,1,101
4152,2,2:75,1,168;502,1,52
4153,2,2:75,1,199;936,1,154
4154,2,6:75,5,272,424,484,494,528;218,1,186
4155,8,10:75,2,286,310;478,1,237;254,1,76;720,1,51;196,2,43,69;961,1,111;537,1,114;210,1,27
4156,1,1:75,1,292
4157,1,1:75,1,295
4158,2,2:75,1,311;808,1,98
4159,2,2:75,1,480;292,1,296
4160,1,1:75,1,481
4161,1,1:76,1,22
4162,1,1:76,1,25
4163,2,4:76,1,47;349,3,80,113,169
4164,1,1:76,1,67
4165,1,1:76,1,90
4166,1,1:76,1,96
4167,4,5:76,1,109;98,2,173,211;162,1,302;862,1,47
4168,4,6:839,3,4,13,74;582,1,42;168,1,62;914,1,56
4169,2,2:839,1,39;209,1,42
4170,2,2:839,1,78;422,1,56
4171,8,25:763,5,1,13,37,86,149;487,1,293;96,1,155;345,1,71;747,5,1,13,31,92,199;131,4,197,219,359,385;653,6,3,6,12,36,65,68;904,2,3,6
4172,3,3:763,1,67;937,1,64;352,1,86
4173,2,2:763,1,76;858,1,215
4174,1,1:340,1,45
4175,5,5:77,1,251;728,1,58;641,1,48;734,1,223;356,1,76
4176,7,8:636,1,30;779,1,218;705,2,85,90;901,1,44;509,1,36;389,1,89;786,1,113
4177,2,2:636,1,95;130,1,197
4178,1,1:636,1,96
4179,2,4:935,1,62;884,3,241,313,325
4180,1,1:78,1,23
4181,8,10:78,1,68;256,1,288;510,1,71;139,1,155;144,1,224;517,1,182;288,1,131;538,3,201,283,306
4182,5,5:78,1,117;906,1,82;277,1,172;594,1,37;207,1,168
4183,1,1:78,1,136
4184,1,1:78,1,142
4185,2,2:78,1,143;480,1,193
4186,2,2:78,1,151;524,1,94
4187,11,23:79,2,7,23;477,3,1,11,99;80,1,124;706,2,44,86;813,1,90;418,4,9,33,80,115;732,2,13,27;658,3,5,12,31;585,3,14,30,206;587,1,56;524,1,279
4188,2,4:79,2,15,31;477,2,10,20
4189,1,2:79,2,16,32
4190,3,9:688,2,60,90;809,4,12,27,40,145;214,3,9,21,29
4191,1,1:779,1,56
4192,3,3:779,1,77;642,1,26;879,1,141
4193,5,7:779,1,98;492,1,39;643,1,89;707,3,7,22,128;592,1,52
4194,4,5:779,2,123,198;179,1,153;186,1,52;190,1,26
4195,1,1:779,1,176
4196,1,1:779,1,249
4197,2,2:252,1,218;587,1,176
4198,7,7:252,1,223;478,1,166;133,1,56;266,1,99;952,1,87;739,1,70;299,1,233
4199,1,1:477,1,60
4200,1,1:80,1,63
4201,1,1:80,1,69
4202,1,1:80,1,72
4203,1,1:80,1,96
4204,1,1:80,1,149
4205,1,1:80,1,151
4206,1,1:80,1,202
4207,4,4:80,1,203;808,1,107;847,1,101;908,1,163
4208,1,1:80,1,216
4209,1,1:80,1,226
4210,1,1:80,1,229
4211,1,1:80,1,230
4212,1,1:80,1,231
4213,1,1:80,1,236
4214,1,1:80,1,238
4215,3,3:80,1,240;503,1,118;731,1,61
4216,1,1:80,1,242
4217,1,1:80,1,243
4218,1,1:80,1,246
4219,1,1:80,1,253
4220,1,1:80,1,257
4221,1,1:80,1,261
4222,1,1:80,1,270
4223,1,1:80,1,288
4224,7,11:80,1,314;936,1,167;807,2,48,87;343,3,138,219,274;647,2,7,16;658,1,54;316,1,144
4225,1,1:80,1,351
4226,1,1:80,1,355
4227,1,1:80,1,360
4228,1,1:80,1,363
4229,1,1:80,1,365
4230,1,1:80,1,366
4231,1,1:80,1,367
4232,1,1:80,1,368
4233,1,2:80,2,371,379
4234,1,1:80,1,372
4235,1,1:80,1,373
4236,1,1:80,1,374
4237,2,3:80,1,375;282,2,5,25
4238,1,1:80,1,376
4239,1,1:80,1,380
4240,1,1:80,1,381
4241,1,1:81,1,78
4242,1,1:81,1,118
4243,1,1:81,1,129
4244,1,1:82,1,41
4245,1,1:82,1,122
4246,2,3:83,1,90;170,2,152,180
4247,1,1:83,1,105
4248,4,4:566,1,66;896,1,51;133,1,63;523,1,57
4249,1,1:566,1,154
4250,1,1:566,1,161
4251,1,1:566,1,197
4252,1,1:896,1,77
4253,1,2:804,2,4,14
4254,1,3:804,3,5,15,67
4255,2,3:804,2,8,18;670,1,209
4256,1,1:804,1,60
4257,1,1:804,1,66
4258,2,2:804,1,117;298,1,39
4259,3,4:804,1,119;157,1,131;158,2,5,25
4260,1,3:407,3,6,22,144
4261,1,1:407,1,112
4262,1,1:936,1,27
4263,1,1:936,1,38
4264,2,3:936,2,43,109;987,1,26
4265,1,1:936,1,62
4266,4,4:936,1,77;486,1,23;504,1,113;514,1,119
4267,2,2:936,1,116;520,1,92
4268,2,2:936,1,131;770,1,92
4269,6,6:84,1,45;256,1,280;121,1,50;613,1,78;512,1,134;998,1,33
4270,1,1:84,1,66
4271,1,1:84,1,79
4272,1,1:84,1,89
4273,3,5:567,2,33,97;487,2,255,262;142,1,18
4274,4,9:568,2,9,20;974,3,8,18,45;258,2,7,16;975,2,7,16
4275,1,1:568,1,48
4276,1,1:568,1,67
4277,6,6:568,1,84;884,1,386;120,1,162;716,1,138;718,1,56;295,1,149
4278,2,4:974,3,57,59,149;640,1,85
4279,3,3:974,1,79;254,1,35;915,1,30
4280,1,1:974,1,94
4281,2,2:974,1,124;915,1,131
4282,2,2:765,1,46;408,1,123
4283,1,1:840,1,35
4284,1,1:840,1,58
4285,1,1:840,1,100
4286,1,1:85,1,40
4287,2,2:85,1,61;127,1,57
4288,3,4:85,1,117;808,2,152,177;993,1,42
4289,1,1:85,1,129
4290,1,1:728,1,31
4291,1,2:728,2,36,80
4292,1,2:728,2,38,82
4293,1,1:728,1,39
4294,1,1:728,1,40
4295,2,2:728,1,41;714,1,31
4296,1,1:728,1,42
4297,1,1:728,1,43
4298,2,2:728,1,46;163,1,99
4299,3,3:637,1,56;951,1,58;185,1,209
4300,9,34:608,1,54;101,8,11,25,32,59,141,162,202,222;899,2,67,90;108,1,185;708,1,44;132,7,69,102,112,146,153,171,185;709,12,2,11,22,30,47,85,120,145,158,187,212,241;148,1,218;169,1,112
4301,1,1:608,1,62
4302,1,1:608,1,66
4303,1,1:608,1,73
4304,3,4:608,2,108,209;899,1,43;675,1,236
4305,3,4:608,2,109,210;898,1,68;616,1,186
4306,1,1:608,1,140
4307,2,2:608,1,207;198,1,214
4308,1,1:608,1,217
4309,1,2:478,2,4,17
4310,1,1:478,1,41
4311,2,2:478,1,49;729,1,58
4312,1,1:478,1,72
4313,6,9:478,1,99;105,1,9;259,2,18,89;493,2,65,128;121,2,99,264;613,1,96
4314,1,1:478,1,100
4315,1,1:478,1,107
4316,2,2:478,1,169;516,1,77
4317,1,1:478,1,200
4318,1,1:408,1,56
4319,1,1:408,1,175
4320,2,6:479,3,12,24,27;900,3,15,30,37
4321,1,1:479,1,25
4322,1,1:479,1,26
4323,2,2:479,1,45;872,1,44
4324,1,1:479,1,56
4325,1,1:479,1,62
4326,1,1:479,1,66
4327,1,1:479,1,70
4328,2,2:479,1,72;886,1,50
4329,1,1:479,1,73
4330,1,1:479,1,75
4331,1,1:479,1,76
4332,1,1:479,1,87
4333,1,1:479,1,115
4334,2,2:948,1,21;499,1,74
4335,2,2:948,1,26;598,1,42
4336,1,1:948,1,55
4337,2,2:948,1,62;571,1,123
4338,1,1:948,1,80
4339,8,9:948,1,100;898,1,94;103,1,141;970,2,31,83;781,1,161;423,1,243;863,1,236;943,1,127
4340,6,6:948,1,132;132,1,168;167,1,165;187,1,225;188,1,229;189,1,192
4341,1,1:948,1,147
4342,2,3:86,2,33,200;421,1,46
4343,1,1:86,1,125
4344,2,2:87,1,162;526,1,660
4345,1,1:409,1,26
4346,1,1:409,1,29
4347,2,2:409,1,37;656,1,72
4348,2,2:409,1,45;368,1,115
4349,1,1:409,1,48
4350,1,1:409,1,61
4351,1,1:409,1,94
4352,1,2:409,2,100,130
4353,1,2:409,2,102,132
4354,1,1:409,1,110
4355,1,1:409,1,115
4356,2,2:409,1,117;539,1,87
4357,1,1:409,1,125
4358,1,1:409,1,141
4359,1,1:409,1,153
4360,2,2:88,1,123;364,1,174
4361,1,1:742,1,41
4362,1,2:742,2,136,150
4363,1,1:742,1,157
4364,2,2:742,1,224;284,1,183
4365,1,1:742,1,226
4366,2,2:742,1,246;282,1,72
4367,4,4:742,1,275;827,1,143;734,1,209;989,1,41
4368,3,3:742,1,294;152,1,223;307,1,186
4369,1,1:742,1,305
4370,1,1:742,1,309
4371,1,1:742,1,325
4372,1,1:742,1,328
4373,1,3:254,3,5,12,19
4374,1,1:254,1,18
4375,1,2:254,2,21,111
4376,2,2:254,1,31;539,1,89
4377,4,4:254,1,40;730,1,85;952,1,54;193,1,96
4378,1,1:254,1,59
4379,1,1:254,1,60
4380,2,2:254,1,100;316,1,389
4381,2,2:254,1,102;294,1,72
4382,2,3:480,1,32;602,2,58,405
4383,1,1:480,1,39
4384,4,4:480,1,137;770,1,55;201,1,79;218,1,83
4385,1,1:480,1,159
4386,1,1:480,1,210
4387,2,2:480,1,252;642,1,163
4388,1,1:937,1,46
4389,1,1:937,1,48
4390,1,3:89,3,7,15,19
4391,1,1:89,1,38
4392,15,31:341,3,4,16,73;342,1,64;996,2,1,15;579,6,2,8,14,35,97,135;654,1,95;655,2,26,96;906,4,1,5,10,72;907,1,55;858,1,25;168,1,86;193,3,14,29,52;670,1,191;739,1,113;300,1,83;723,3,2,9,17
4393,1,2:341,2,5,17
4394,2,5:341,2,10,22;682,3,9,19,25
4395,4,4:341,1,31;481,1,94;110,1,84;904,1,71
4396,1,1:341,1,72
4397,4,4:341,1,93;949,1,70;194,1,23;785,1,104
4398,2,3:481,2,45,89;682,1,45
4399,2,5:481,2,47,101;104,3,55,60,161
4400,1,1:481,1,57
4401,1,1:481,1,91
4402,1,1:481,1,109
4403,4,4:482,1,92;667,1,118;525,1,55;669,1,92
4404,5,8:482,1,93;159,4,91,112,128,159;667,1,119;525,1,57;669,1,93
4405,4,4:482,1,95;667,1,121;525,1,66;669,1,95
4406,2,2:482,1,152;176,1,180
4407,4,4:482,1,157;642,1,118;875,1,62;205,1,55
4408,3,3:482,1,174;596,1,105;604,1,111
4409,2,2:482,1,177;582,1,139
4410,3,4:482,1,179;984,2,2,22;615,1,21
4411,3,3:482,1,208;577,1,77;711,1,55
4412,6,6:483,1,39;489,1,71;256,1,132;847,1,65;769,1,222;849,1,34
4413,3,3:806,1,40;675,1,73;352,1,69
4414,1,1:806,1,94
4415,3,3:806,1,132;500,1,89;657,1,96
4416,1,4:569,4,70,73,76,79
4417,1,2:569,2,74,80
4418,1,1:484,1,48
4419,1,1:807,1,25
4420,1,1:729,1,61
4421,1,1:780,1,37
4422,1,2:780,2,69,91
4423,1,1:780,1,71
4424,1,1:780,1,73
4425,1,1:780,1,86
4426,4,4:780,1,100;166,1,175;204,1,232;775,1,36
4427,1,1:780,1,111
4428,2,2:780,1,120;178,1,42
4429,1,1:780,1,152
4430,1,1:780,1,155
4431,1,1:780,1,157
4432,2,2:255,1,22;710,1,29
4433,1,1:255,1,36
4434,22,36:255,1,60;485,3,4,14,28;992,1,75;766,2,16,33;884,1,126;709,1,210;985,1,63;660,3,16,35,61;859,1,93;911,1,60;866,2,57,157;867,1,42;976,3,6,20,80;190,1,52;695,1,32;721,1,91;872,2,88,188;821,3,6,21,66;989,2,33,103;206,1,34;207,1,166;539,3,4,14,31
4435,1,1:255,1,65
4436,25,55:255,1,67;992,1,73;841,3,4,12,33;766,2,14,31;767,1,80;730,1,110;582,1,113;907,4,4,20,34,116;660,1,56;857,2,41,76;858,5,6,13,37,99,167;859,3,25,78,188;717,3,6,20,42;735,4,9,19,30,59;665,1,61;694,3,1,9,34;167,2,253,270;910,1,23;187,4,122,130,238,248;188,3,131,170,209;913,3,4,10,40;196,1,90;721,1,89;872,1,250;961,3,6,14,34
4437,2,2:255,1,74;152,1,277
4438,4,4:255,1,113;821,1,178;883,1,180;539,1,105
4439,1,1:485,1,87
4440,5,5:485,1,107;167,1,260;189,1,185;868,1,39;821,1,201
4441,3,7:992,3,8,19,38;957,3,17,37,71;582,1,20
4442,5,9:992,3,9,20,39;957,3,18,38,72;582,1,21;189,1,112;913,1,70
4443,2,2:992,1,25;771,1,96
4444,1,1:992,1,27
4445,1,1:992,1,91
4446,1,1:992,1,93
4447,2,2:992,1,94;129,1,85
4448,2,2:939,1,34;516,1,233
4449,1,1:939,1,58
4450,1,1:939,1,60
4451,2,2:939,1,73;857,1,55
4452,1,1:939,1,76
4453,1,1:342,1,39
4454,5,5:342,1,65;996,1,75;507,1,24;143,1,45;670,1,192
4455,6,10:342,1,119;996,2,3,17;841,1,61;654,1,19;906,2,12,60;739,3,1,11,22
4456,1,1:342,1,146
4457,6,7:342,1,151;488,1,40;940,1,71;349,2,47,215;942,1,26;185,1,81
4458,7,7:342,1,157;906,1,35;134,1,137;358,1,67;592,1,28;170,1,69;372,1,100
4459,1,1:342,1,168
4460,3,4:996,2,9,23;670,1,106;875,1,57
4461,2,3:996,1,41;739,2,26,158
4462,2,2:996,1,58;739,1,164
4463,2,2:996,1,65;905,1,101
4464,5,6:996,1,68;95,2,55,154;270,1,316;427,1,79;387,1,33
4465,1,1:960,1,38
4466,1,1:841,1,20
4467,2,2:841,1,62;121,1,219
4468,1,3:487,3,3,11,33
4469,3,3:487,1,92;649,1,219;281,1,92
4470,1,2:487,2,114,124
4471,3,6:487,2,115,126;302,2,108,126;213,2,69,75
4472,5,7:487,1,180;916,2,1,10;166,1,132;190,1,48;597,2,1,11
4473,4,4:487,1,186;842,1,48;128,1,164;536,1,65
4474,1,1:487,1,196
4475,2,2:487,1,199;504,1,94
4476,2,2:487,1,237;289,1,165
4477,3,4:487,2,256,263;747,1,134;881,1,2
4478,3,6:966,2,1,3;969,2,5,10;942,2,4,8
4479,1,1:966,1,62
4480,1,1:966,1,64
4481,1,1:842,1,12
4482,1,1:842,1,13
4483,1,1:842,1,60
4484,1,1:842,1,61
4485,1,1:842,1,64
4486,1,1:842,1,74
4487,1,1:842,1,98
4488,1,1:842,1,105
4489,1,1:842,1,113
4490,3,3:898,1,35;884,1,305;292,1,181
4491,3,4:898,2,57,73;344,1,73;350,1,92
4492,4,5:898,1,118;771,1,111;388,1,44;672,2,64,72
4493,1,1:997,1,25
4494,4,6:997,1,26;810,2,72,79;133,1,162;273,2,140,163
4495,5,5:488,1,23;651,1,158;854,1,113;421,1,111;534,1,119
4496,4,4:488,1,26;990,1,73;297,1,16;299,1,31
4497,1,1:488,1,44
4498,1,1:488,1,68
4499,1,1:488,1,69
4500,1,1:488,1,97
4501,1,1:488,1,109
4502,1,1:488,1,123
4503,2,2:488,1,135;595,1,248
4504,2,3:488,1,199;345,2,89,114
4505,1,1:982,1,70
4506,1,1:489,1,114
4507,1,1:489,1,153
4508,1,1:92,1,50
4509,1,1:92,1,52
4510,2,3:92,1,86;940,2,3,13
4511,1,1:957,1,47
4512,1,1:957,1,117
4513,1,2:93,2,16,33
4514,1,1:93,1,57
4515,1,1:93,1,66
4516,1,1:93,1,68
4517,7,9:93,1,110;573,1,74;747,1,87;579,1,127;142,1,122;829,1,125;172,3,5,23,45
4518,1,1:808,1,82
4519,2,3:808,1,110;213,2,93,98
4520,1,1:808,1,120
4521,1,1:638,1,24
4522,1,1:638,1,26
4523,1,1:638,1,41
4524,3,4:638,1,50;343,1,71;174,2,85,116
4525,1,1:638,1,81
4526,1,1:638,1,84
4527,1,2:343,2,7,24
4528,1,1:343,1,46
4529,3,7:343,2,55,246;677,3,1,9,40;530,2,142,182
4530,1,2:343,2,64,215
4531,1,1:343,1,69
4532,2,2:343,1,75;278,1,112
4533,1,1:343,1,95
4534,1,1:343,1,135
4535,2,6:343,1,139;825,5,39,97,105,156,169
4536,4,7:343,4,144,175,234,257;783,1,72;525,1,23;668,1,65
4537,2,2:343,1,179;874,1,54
4538,1,1:343,1,189
4539,2,2:343,1,193;715,1,277
4540,2,2:343,1,197;432,1,169
4541,1,1:343,1,201
4542,1,1:343,1,207
4543,4,6:343,2,244,264;677,1,214;284,2,111,123;869,1,93
4544,5,5:343,1,251;256,1,249;148,1,182;738,1,66;388,1,174
4545,3,3:343,1,261;360,1,63;517,1,133
4546,1,1:639,1,38
4547,1,1:639,1,43
4548,1,1:639,1,44
4549,1,1:639,1,45
4550,1,1:639,1,46
4551,1,1:639,1,47
4552,1,1:639,1,52
4553,4,9:639,1,71;949,1,45;423,2,174,344;693,5,3,7,105,114,116
4554,1,1:639,1,79
4555,7,8:639,1,98;276,1,175;163,1,47;920,2,122,137;180,1,37;384,1,242;308,1,183
4556,3,3:639,1,133;356,1,273;973,1,113
4557,2,2:639,1,185;421,1,87
4558,1,2:639,2,201,211
4559,5,5:639,1,204;858,1,110;589,1,275;179,1,212;546,1,201
4560,1,2:639,2,244,248
4561,1,1:639,1,340
4562,1,1:639,1,342
4563,1,1:639,1,396
4564,1,1:639,1,422
4565,1,1:639,1,443
4566,2,6:843,5,6,18,31,96,136;188,1,245
4567,4,4:843,1,48;117,1,130;858,1,200;218,1,148
4568,6,11:843,2,68,103;423,1,264;864,3,8,17,26;868,1,47;913,1,54;721,3,13,27,45
4569,1,1:843,1,125
4570,2,2:95,1,87;604,1,72
4571,2,2:95,1,113;724,1,135
4572,2,2:95,1,117;292,1,196
4573,1,1:95,1,160
4574,1,1:96,1,67
4575,2,2:96,1,113;144,1,306
4576,2,2:96,1,156;266,1,78
4577,3,4:766,1,64;589,2,11,25;717,1,61
4578,1,1:766,1,71
4579,1,1:766,1,77
4580,1,1:766,1,103
4581,1,1:766,1,126
4582,1,1:97,1,64
4583,1,1:97,1,67
4584,1,1:97,1,86
4585,1,1:97,1,204
4586,1,1:97,1,275
4587,1,1:97,1,279
4588,1,1:97,1,287
4589,2,2:767,1,37;183,1,86
4590,1,1:767,1,82
4591,1,1:921,1,37
4592,1,1:921,1,106
4593,3,3:921,1,107;850,1,56;904,1,17
4594,1,5:809,5,15,30,43,56,144
4595,4,5:809,1,94;137,1,60;354,1,87;221,2,127,196
4596,2,2:809,1,127;132,1,298
4597,2,13:98,12,6,12,53,58,94,100,130,156,169,177,185,221;382,1,58
4598,1,1:98,1,18
4599,1,1:98,1,22
4600,1,1:98,1,30
4601,2,2:98,1,39;296,1,31
4602,1,1:98,1,41
4603,1,1:98,1,42
4604,1,1:98,1,49
4605,1,7:98,7,74,89,107,117,141,150,207
4606,1,1:98,1,77
4607,2,5:98,1,92;675,4,2,8,188,237
4608,3,5:98,1,176;995,2,61,77;973,2,61,68
4609,4,4:98,1,182;154,1,155;426,1,59;369,1,145
4610,1,1:98,1,202
4611,4,5:915,1,29;143,1,22;358,1,106;361,2,53,126
4612,1,1:915,1,113
4613,1,1:915,1,166
4614,1,1:986,1,34
4615,1,2:967,2,13,36
4616,2,4:967,2,15,38;493,2,12,28
4617,6,11:967,2,22,45;493,2,15,31;613,2,10,29;353,1,46;148,2,59,63;536,2,11,26
4618,3,5:967,2,23,46;493,2,16,32;369,1,89
4619,3,4:967,1,83;493,2,76,151;613,1,153
4620,2,4:490,2,18,39;499,2,16,36
4621,1,1:490,1,48
4622,1,1:490,1,72
4623,1,1:490,1,74
4624,2,2:490,1,92;692,1,94
4625,1,1:490,1,122
4626,8,10:490,1,135;108,1,41;747,1,147;271,2,16,42;272,2,15,40;693,1,132;378,1,52;533,1,107
4627,3,3:344,1,94;152,1,102;863,1,39
4628,3,3:344,1,95;136,1,22;283,1,100
4629,1,1:344,1,116
4630,2,2:344,1,166;572,1,130
4631,1,1:344,1,178
4632,1,1:344,1,184
4633,1,1:344,1,222
4634,2,3:256,2,118,235;203,1,301
4635,1,1:256,1,153
4636,8,9:256,1,193;349,2,2,19;276,1,85;283,1,209;958,1,153;198,1,160;434,1,97;306,1,288
4637,1,1:256,1,243
4638,3,3:256,1,347;418,1,145;380,1,74
4639,1,1:257,1,48
4640,1,1:257,1,64
4641,2,2:257,1,66;276,1,136
4642,1,1:257,1,209
4643,1,1:258,1,47
4644,1,1:258,1,66
4645,1,1:258,1,67
4646,1,1:258,1,68
4647,1,1:258,1,69
4648,1,1:977,1,20
4649,1,1:977,1,35
4650,7,10:977,1,48;656,2,14,36;854,2,13,32;359,1,170;168,1,133;526,1,327;386,2,8,23
4651,4,4:977,1,52;640,1,120;570,1,90;492,1,85
4652,3,4:977,1,54;526,1,674;882,2,9,21
4653,2,2:975,1,46;498,1,115
4654,3,3:975,1,48;192,1,45;218,1,171
4655,2,2:975,1,53;816,1,28
4656,1,1:100,1,44
4657,1,1:100,1,46
4658,1,1:100,1,47
4659,1,1:100,1,49
4660,3,3:100,1,69;144,1,322;306,1,183
4661,4,4:100,1,83;110,1,38;120,1,110;433,1,40
4662,3,5:609,2,1,16;125,1,135;371,2,3,24
4663,1,1:609,1,45
4664,2,2:609,1,48;515,1,26
4665,1,1:609,1,93
4666,1,1:101,1,45
4667,1,1:101,1,102
4668,2,2:101,1,104;102,1,155
4669,1,1:101,1,112
4670,1,1:101,1,132
4671,4,5:101,1,183;709,2,155,235;133,1,227;162,1,190
4672,1,1:101,1,237
4673,1,1:102,1,66
4674,1,3:491,3,8,22,44
4675,1,4:491,4,13,27,57,155
4676,9,9:491,1,31;125,1,91;709,1,104;350,1,105;581,1,189;280,1,155;595,1,149;887,1,25;876,1,90
4677,1,1:491,1,39
4678,4,4:491,1,40;130,1,134;140,1,193;287,1,115
4679,1,2:491,2,56,154
4680,3,3:491,1,60;121,1,69;295,1,81
4681,6,8:491,1,66;494,1,50;130,2,116,119;511,1,62;587,1,52;278,2,14,41
4682,2,3:491,1,67;157,2,30,60
4683,1,1:491,1,69
4684,3,4:899,1,102;881,1,16;132,2,9,18
4685,2,2:844,1,79;150,1,93
4686,2,2:844,1,100;384,1,132
4687,1,3:411,3,53,90,115
4688,5,9:411,1,118;640,4,39,62,78,95;492,1,21;540,1,43;604,2,295,408
4689,1,1:411,1,131
4690,2,2:640,1,71;419,1,97
4691,1,1:640,1,114
4692,1,1:570,1,41
4693,1,1:570,1,59
4694,2,3:570,2,68,151;492,1,99
4695,2,3:570,2,70,153;492,1,101
4696,1,1:570,1,74
4697,2,2:570,1,86;524,1,78
4698,1,1:570,1,106
4699,1,1:570,1,113
4700,2,2:570,1,138;848,1,19
4701,5,5:492,1,72;813,1,93;853,1,61;292,1,161;201,1,169
4702,2,2:492,1,90;862,1,135
4703,1,3:845,3,3,10,20
4704,13,18:845,1,55;675,1,107;493,1,120;416,3,5,24,55;689,1,143;903,1,24;709,1,31;351,1,228;420,3,5,21,47;148,2,130,198;280,1,88;375,1,81;285,1,303
4705,1,2:949,2,1,7
4706,1,2:949,2,18,30
4707,1,1:949,1,48
4708,1,1:949,1,49
4709,1,1:675,1,66
4710,1,1:675,1,115
4711,1,1:675,1,169
4712,2,2:675,1,270;275,1,72
4713,1,1:675,1,272
4714,1,1:103,1,24
4715,1,1:103,1,43
4716,1,1:103,1,45
4717,1,1:103,1,74
4718,1,1:103,1,80
4719,1,1:103,1,82
4720,3,3:103,1,90;133,1,138;266,1,58
4721,3,3:103,1,116;122,1,34;130,1,45
4722,1,1:103,1,144
4723,1,1:103,1,166
4724,2,2:103,1,202;883,1,214
4725,1,3:730,3,76,154,184
4726,1,1:730,1,195
4727,1,4:104,4,10,21,172,198
4728,1,1:104,1,54
4729,1,1:104,1,104
4730,1,1:104,1,150
4731,1,1:104,1,154
4732,1,1:104,1,163
4733,2,2:412,1,81;266,1,48
4734,1,1:412,1,117
4735,1,1:412,1,120
4736,1,1:412,1,139
4737,3,6:412,1,183;158,1,293;427,4,3,19,50,73
4738,3,3:412,1,189;362,1,167;203,1,342
4739,1,1:412,1,193
4740,2,2:641,1,75;972,1,41
4741,3,3:641,1,111;884,1,60;985,1,94
4742,1,1:641,1,123
4743,1,1:571,1,66
4744,2,2:571,1,102;905,1,45
4745,2,2:571,1,117;316,1,319
4746,1,1:571,1,140
4747,1,1:571,1,204
4748,1,1:642,1,77
4749,1,1:642,1,113
4750,2,2:642,1,136;661,1,69
4751,2,2:642,1,176;847,1,40
4752,1,1:642,1,243
4753,2,2:642,1,260;713,1,92
4754,2,2:642,1,267;961,1,89
4755,1,1:940,1,33
4756,1,1:940,1,54
4757,1,2:105,2,2,4
4758,2,2:105,1,7;124,1,82
4759,1,1:105,1,15
4760,2,2:105,1,18;259,1,23
4761,1,1:105,1,20
4762,3,3:105,1,26;666,1,92;182,1,102
4763,2,2:105,1,31;143,1,223
4764,7,8:105,1,37;493,1,68;182,1,120;193,1,235;194,2,5,13;198,1,114;876,1,185
4765,6,7:105,1,44;259,1,65;910,1,71;182,1,111;596,2,199,244;204,1,278
4766,1,1:105,1,71
4767,4,4:105,1,75;587,1,112;165,1,82;951,1,65
4768,1,2:259,2,4,12
4769,1,1:259,1,24
4770,1,1:259,1,25
4771,1,1:259,1,27
4772,1,1:259,1,28
4773,1,1:259,1,29
4774,2,2:259,1,30;851,1,73
4775,1,1:259,1,31
4776,1,1:259,1,34
4777,3,3:259,1,85;510,1,116;860,1,81
4778,1,1:106,1,40
4779,2,7:106,1,41;493,6,5,21,35,98,140,228
4780,1,1:106,1,45
4781,3,3:106,1,55;117,1,132;382,1,139
4782,2,4:106,3,77,111,119;421,1,28
4783,1,1:106,1,83
4784,1,1:106,1,158
4785,13,26:676,1,24;853,2,7,21;677,1,46;138,3,12,34,66;148,2,56,68;355,1,64;151,4,67,119,276,289;276,1,90;156,2,172,200;165,1,158;280,4,14,42,314,355;372,2,18,38;375,2,11,29
4786,1,6:493,6,4,20,34,97,139,227
4787,1,2:493,2,84,133
4788,1,1:493,1,198
4789,1,1:493,1,207
4790,6,7:107,2,134,163;614,1,26;592,1,55;525,1,149;736,1,226;616,1,73
4791,3,3:107,1,153;160,1,62;172,1,138
4792,5,7:705,3,2,10,48;707,1,134;714,1,111;269,1,104;353,1,112
4793,2,2:705,1,57;746,1,33
4794,1,1:705,1,59
4795,1,1:746,1,35
4796,3,3:746,1,48;361,1,34;365,1,102
4797,3,3:746,1,58;884,1,393;863,1,214
4798,1,2:643,2,14,39
4799,1,1:413,1,11
4800,1,1:413,1,43
4801,2,2:413,1,93;958,1,168
4802,1,3:644,3,1,3,6
4803,1,2:644,2,13,105
4804,2,3:644,2,22,100;847,1,88
4805,2,2:644,1,26;737,1,58
4806,1,1:644,1,102
4807,1,1:260,1,50
4808,1,3:260,3,104,125,174
4809,1,1:260,1,137
4810,2,2:494,1,48;510,1,76
4811,1,1:494,1,49
4812,1,1:494,1,51
4813,1,1:494,1,54
4814,3,4:494,2,74,86;905,1,82;195,1,15
4815,2,3:494,2,78,97;131,1,190
4816,1,1:494,1,81
4817,1,6:494,6,82,101,122,132,136,145
4818,1,2:494,2,100,121
4819,1,1:494,1,118
4820,1,1:494,1,133
4821,1,1:494,1,135
4822,1,1:646,1,27
4823,1,4:646,4,63,123,133,139
4824,1,1:646,1,110
4825,1,1:646,1,128
4826,1,1:646,1,146
4827,1,2:647,2,1,10
4828,1,1:647,1,20
4829,1,1:647,1,24
4830,1,3:647,3,37,47,65
4831,2,2:647,1,45;213,1,60
4832,1,1:647,1,48
4833,1,1:647,1,57
4834,1,1:647,1,66
4835,1,1:647,1,67
4836,1,1:647,1,83
4837,1,1:647,1,85
4838,1,1:495,1,37
4839,1,1:495,1,48
4840,1,1:495,1,74
4841,1,1:495,1,75
4842,1,1:495,1,103
4843,2,2:495,1,105;850,1,176
4844,1,1:495,1,168
4845,1,2:706,2,11,23
4846,1,1:706,1,30
4847,2,2:706,1,82;829,1,119
4848,1,2:810,2,6,22
4849,1,1:810,1,77
4850,1,1:810,1,95
4851,1,1:810,1,102
4852,2,2:496,1,42;142,1,100
4853,1,1:108,1,51
4854,1,1:108,1,115
4855,2,2:108,1,202;430,1,47
4856,2,2:108,1,205;285,1,309
4857,1,1:108,1,264
4858,1,10:345,10,4,9,15,52,57,144,156,192,202,221
4859,6,6:345,1,88;118,1,51;781,1,109;165,1,187;300,1,47;220,1,155
4860,1,1:345,1,120
4861,2,3:345,2,123,209;851,1,117
4862,2,2:345,1,149;747,1,196
4863,3,4:345,1,162;666,2,114,129;206,1,69
4864,1,1:345,1,188
4865,1,1:345,1,198
4866,1,1:846,1,38
4867,1,1:846,1,66
4868,1,2:572,2,6,18
4869,1,1:572,1,58
4870,1,1:572,1,79
4871,2,2:572,1,96;592,1,138
4872,1,1:572,1,105
4873,1,1:572,1,118
4874,1,1:572,1,128
4875,1,1:572,1,131
4876,1,1:572,1,132
4877,1,1:572,1,133
4878,1,1:572,1,134
4879,2,2:572,1,136;181,1,108
4880,1,1:572,1,137
4881,1,1:572,1,138
4882,1,1:847,1,36
4883,1,1:847,1,45
4884,1,1:847,1,63
4885,2,2:847,1,81;578,1,75
4886,1,1:847,1,83
4887,1,1:847,1,92
4888,1,1:847,1,102
4889,1,1:847,1,104
4890,1,1:847,1,111
4891,2,2:847,1,113;601,1,69
4892,1,1:847,1,114
4893,1,1:847,1,116
4894,1,1:847,1,122
4895,1,1:847,1,127
4896,1,1:847,1,130
4897,1,1:497,1,62
4898,1,1:497,1,119
4899,1,1:497,1,127
4900,2,6:769,4,43,52,76,99;824,2,34,75
4901,2,2:769,1,105;824,1,39
4902,1,1:769,1,106
4903,2,2:769,1,176;990,1,121
4904,1,1:769,1,185
4905,1,1:769,1,266
4906,1,1:769,1,291
4907,1,2:109,2,4,13
4908,2,2:109,1,40;883,1,150
4909,1,1:109,1,112
4910,1,1:573,1,107
4911,1,3:110,3,6,15,108
4912,2,2:110,1,19;995,1,27
4913,2,2:110,1,20;116,1,22
4914,3,3:111,1,84;855,1,31;953,1,50
4915,2,2:111,1,110;170,1,177
4916,1,1:111,1,131
4917,7,8:111,1,136;709,1,182;359,1,182;666,1,142;430,1,112;192,2,92,120;380,1,84
4918,2,2:112,1,170;421,1,142
4919,4,7:884,1,35;263,1,75;171,4,73,145,147,171;316,1,285
4920,1,1:884,1,51
4921,1,1:884,1,66
4922,1,1:884,1,109
4923,2,2:884,1,110;814,1,141
4924,1,1:884,1,111
4925,2,3:884,1,113;116,2,8,18
4926,1,1:884,1,119
4927,1,1:884,1,129
4928,2,2:884,1,134;158,1,141
4929,1,1:884,1,145
4930,2,2:884,1,149;714,1,114
4931,2,2:884,1,169;118,1,22
4932,1,1:884,1,180
4933,1,1:884,1,221
4934,1,1:884,1,234
4935,1,1:884,1,242
4936,2,2:884,1,253;142,1,131
4937,1,1:884,1,267
4938,1,1:884,1,286
4939,1,1:884,1,301
4940,1,1:884,1,307
4941,1,1:884,1,317
4942,1,1:884,1,355
4943,1,1:884,1,368
4944,1,1:884,1,371
4945,1,1:884,1,382
4946,1,1:884,1,395
4947,1,5:770,5,1,8,52,78,109
4948,1,1:113,1,35
4949,1,1:113,1,36
4950,2,2:113,1,38;505,1,109
4951,1,1:113,1,54
4952,1,1:113,1,57
4953,1,1:113,1,59
4954,1,3:941,3,2,9,40
4955,1,1:941,1,21
4956,2,2:115,1,32;131,1,253
4957,1,1:115,1,52
4958,3,4:115,1,89;849,2,13,26;709,1,95
4959,2,3:115,1,139;304,2,15,32
4960,1,1:115,1,145
4961,2,2:116,1,21;198,1,113
4962,1,1:116,1,48
4963,1,3:498,3,4,13,129
4964,1,1:498,1,22
4965,1,1:498,1,27
4966,1,1:498,1,31
4967,2,2:498,1,48;528,1,73
4968,1,1:498,1,52
4969,1,1:498,1,59
4970,3,3:498,1,83;677,1,24;679,1,47
4971,1,1:498,1,103
4972,1,1:415,1,34
4973,7,10:415,1,55;120,2,216,251;270,2,133,275;587,2,117,158;280,1,266;427,1,110;374,1,142
4974,1,1:415,1,75
4975,2,4:984,3,7,27,55;542,1,69
4976,3,3:984,1,44;612,1,45;821,1,92
4977,1,2:995,2,1,14
4978,2,4:995,2,13,26;677,2,83,222
4979,1,1:995,1,51
4980,2,3:995,2,62,78;431,1,50
4981,1,1:995,1,64
4982,4,4:117,1,82;167,1,109;533,1,146;724,1,231
4983,1,3:117,3,91,99,126
4984,1,1:117,1,122
4985,1,1:117,1,123
4986,3,3:261,1,106;736,1,220;308,1,143
4987,1,2:416,2,19,38
4988,3,3:416,1,68;188,1,181;212,1,77
4989,2,4:811,3,2,16,34;162,1,298
4990,1,1:811,1,47
4991,1,1:811,1,64
4992,1,1:811,1,68
4993,2,2:811,1,117;371,1,118
4994,1,2:499,2,17,37
4995,1,1:499,1,67
4996,3,4:499,1,75;132,2,147,235;946,1,193
4997,1,4:848,4,2,6,27,37
4998,1,1:848,1,57
4999,1,1:118,1,23
5000,3,3:118,1,114;423,1,63;519,1,329
5001,2,2:118,1,122;771,1,36
5002,3,5:118,1,133;579,1,165;852,3,11,26,49
5003,1,1:118,1,140
5004,1,1:118,1,166
5005,1,1:118,1,183
5006,1,3:119,3,12,25,39
5007,3,3:119,1,80;151,1,53;155,1,97
5008,2,2:119,1,105;709,1,239
5009,2,4:119,1,193;291,3,15,42,153
5010,4,4:119,1,220;270,1,352;380,1,93;219,1,123
5011,1,1:119,1,228
5012,1,1:707,1,52
5013,1,1:707,1,126
5014,1,1:707,1,131
5015,1,1:707,1,164
5016,3,5:120,1,49;510,1,126;281,3,13,37,64
5017,2,2:120,1,98;374,1,114
5018,1,1:120,1,99
5019,3,4:120,2,102,206;144,1,325;587,1,163
5020,1,1:120,1,178
5021,2,2:120,1,232;528,1,145
5022,2,2:120,1,259;528,1,134
5023,1,2:120,2,288,384
5024,1,1:611,1,45
5025,1,1:611,1,50
5026,1,2:611,2,123,186
5027,1,2:812,2,30,53
5028,1,2:812,2,32,55
5029,1,1:812,1,37
5030,1,1:575,1,61
5031,1,1:575,1,63
5032,1,1:575,1,102
5033,1,1:576,1,48
5034,7,7:649,1,115;271,1,108;272,1,120;154,1,136;273,1,126;530,1,169;888,1,82
5035,1,1:649,1,125
5036,1,1:649,1,135
5037,1,2:649,2,139,154
5038,1,1:649,1,148
5039,1,1:649,1,182
5040,1,1:649,1,188
5041,2,2:649,1,190;599,1,28
5042,1,1:649,1,191
5043,2,2:649,1,198;350,1,137
5044,1,1:649,1,208
5045,1,1:649,1,209
5046,2,2:649,1,214;214,1,132
5047,1,1:649,1,233
5048,2,2:649,1,236;973,1,76
5049,1,1:649,1,238
5050,1,1:649,1,241
5051,2,3:649,1,255;280,2,28,56
5052,2,2:649,1,266;517,1,116
5053,1,1:649,1,282
5054,2,3:577,2,21,99;715,1,127
5055,1,1:417,1,45
5056,1,1:417,1,46
5057,1,1:417,1,109
5058,1,1:900,1,39
5059,2,2:900,1,40;578,1,43
5060,1,1:900,1,43
5061,2,2:900,1,45;419,1,91
5062,1,1:900,1,52
5063,3,3:901,1,36;666,1,122;912,1,157
5064,1,1:578,1,32
5065,1,1:650,1,36
5066,3,7:121,1,49;123,1,38;133,5,6,14,25,52,172
5067,1,1:121,1,54
5068,1,1:121,1,56
5069,1,1:121,1,83
5070,1,1:121,1,104
5071,2,4:121,3,128,156,163;733,1,76
5072,2,5:121,3,129,157,164;127,2,99,126
5073,2,3:121,2,133,144;509,1,61
5074,1,1:121,1,141
5075,1,3:121,3,145,207,212
5076,1,2:121,2,205,215
5077,1,2:121,2,206,216
5078,1,1:121,1,248
5079,1,2:500,2,2,11
5080,1,1:500,1,25
5081,1,1:500,1,26
5082,1,1:500,1,105
5083,1,1:500,1,112
5084,3,3:500,1,149;348,1,28;828,1,78
5085,1,2:970,2,7,20
5086,1,1:747,1,94
5087,3,8:579,3,1,7,13;168,1,85;193,4,13,28,51,89
5088,2,3:579,1,68;827,2,160,176
5089,9,9:579,1,91;501,1,137;125,1,179;886,1,33;612,1,85;281,1,96;528,1,52;290,1,80;818,1,42
5090,1,1:579,1,174
5091,3,6:849,3,2,15,54;132,1,44;709,2,79,132
5092,2,2:849,1,75;156,1,181
5093,1,1:347,1,79
5094,1,1:347,1,107
5095,3,7:347,1,109;369,3,22,52,118;373,3,20,41,58
5096,5,10:501,1,55;510,4,14,28,59,77;153,3,81,155,239;664,1,58;743,1,67
5097,2,2:501,1,79;656,1,131
5098,1,1:501,1,93
5099,2,5:501,1,94;430,4,16,36,57,140
5100,1,3:348,3,5,11,44
5101,1,1:348,1,41
5102,2,2:348,1,58;586,1,130
5103,1,1:348,1,125
5104,1,2:850,2,12,31
5105,1,2:850,2,13,32
5106,6,17:850,4,49,129,132,224;580,2,45,75;581,4,38,89,92,139;854,5,15,34,48,71,78;856,1,110;525,1,139
5107,1,1:850,1,58
5108,1,1:850,1,59
5109,1,1:850,1,178
5110,4,4:850,1,182;370,1,61;296,1,43;433,1,131
5111,1,1:850,1,217
5112,2,2:850,1,255;991,1,56
5113,4,5:850,1,268;508,1,69;366,2,110,111;200,1,116
5114,4,4:850,1,333;581,1,103;854,1,89;856,1,230
5115,1,1:124,1,68
5116,1,1:124,1,78
5117,2,2:502,1,55;128,1,203
5118,1,1:502,1,60
5119,11,28:502,1,127;168,3,60,89,116;882,1,51;912,2,53,229;191,3,3,10,41;193,1,302;870,1,27;871,5,3,9,16,30,53;208,3,6,20,30;209,4,5,14,23,51;300,4,3,18,50,86
5120,1,1:125,1,46
5121,2,2:125,1,48;362,1,110
5122,1,1:125,1,72
5123,1,1:125,1,79
5124,1,3:126,3,3,12,32
5125,1,3:126,3,39,83,121
5126,1,1:126,1,41
5127,1,2:126,2,80,144
5128,4,4:126,1,105;827,1,112;144,1,83;527,1,42
5129,1,1:851,1,77
5130,1,1:851,1,105
5131,1,2:827,2,1,20
5132,1,2:827,2,2,21
5133,1,1:827,1,44
5134,1,1:827,1,46
5135,4,4:503,1,115;731,1,58;165,1,144;214,1,113
5136,2,2:503,1,130;985,1,61
5137,1,1:503,1,186
5138,1,1:731,1,44
5139,1,1:731,1,46
5140,1,2:127,2,7,21
5141,1,2:127,2,34,131
5142,1,1:127,1,39
5143,1,2:127,2,98,125
5144,1,1:418,1,73
5145,2,3:418,1,129;732,2,81,143
5146,1,1:349,1,49
5147,1,4:349,4,56,70,87,148
5148,3,3:349,1,57;651,1,178;185,1,169
5149,1,1:349,1,71
5150,3,3:349,1,96;178,1,181;953,1,51
5151,1,1:349,1,181
5152,1,1:349,1,192
5153,1,1:349,1,221
5154,1,1:651,1,70
5155,1,1:128,1,90
5156,2,2:128,1,170;361,1,37
5157,1,1:128,1,197
5158,1,1:128,1,204
5159,1,1:128,1,229
5160,2,2:128,1,242;654,1,91
5161,1,1:652,1,78
5162,1,1:652,1,80
5163,2,2:263,1,57;137,1,67
5164,2,2:263,1,70;856,1,128
5165,3,3:263,1,107;354,1,62;291,1,84
5166,1,1:263,1,184
5167,2,4:129,2,12,31;151,2,22,44
5168,1,1:129,1,82
5169,1,1:129,1,83
5170,2,2:690,1,123;920,1,98
5171,1,1:130,1,82
5172,2,2:130,1,149;425,1,88
5173,3,3:130,1,219;181,1,42;878,1,76
5174,1,1:130,1,252
5175,2,4:264,2,10,24;733,2,91,120
5176,1,1:264,1,59
5177,1,1:264,1,61
5178,1,1:264,1,67
5179,1,1:264,1,69
5180,2,2:264,1,84;276,1,93
5181,1,1:264,1,86
5182,1,1:264,1,109
5183,1,1:264,1,111
5184,1,1:264,1,143
5185,1,1:131,1,59
5186,1,1:131,1,159
5187,1,1:131,1,228
5188,1,1:131,1,232
5189,1,1:131,1,270
5190,2,2:131,1,302;204,1,84
5191,3,4:131,2,317,320;583,1,81;430,1,114
5192,1,2:131,2,341,345
5193,3,3:131,1,357;859,1,114;205,1,68
5194,1,1:653,1,45
5195,1,1:653,1,119
5196,4,4:781,1,122;511,1,58;200,1,81;299,1,181
5197,1,1:781,1,180
5198,2,2:504,1,88;514,1,94
5199,3,5:504,3,131,213,249;512,1,17;514,1,214
5200,4,5:504,1,195;360,2,20,49;278,1,90;589,1,244
5201,3,3:708,1,48;132,1,106;709,1,135
5202,2,2:904,1,14;714,1,30
5203,1,1:904,1,16
5204,1,1:904,1,43
5205,1,1:904,1,46
5206,1,1:654,1,50
5207,1,1:654,1,52
5208,1,1:654,1,68
5209,1,1:654,1,110
5210,2,2:654,1,116;990,1,118
5211,1,1:654,1,152
5212,3,4:654,1,170;589,2,102,164;672,1,89
5213,1,5:655,5,4,15,38,53,149
5214,1,1:655,1,37
5215,2,2:655,1,90;870,1,67
5216,1,1:655,1,123
5217,1,1:655,1,155
5218,1,1:655,1,158
5219,1,1:886,1,49
5220,2,2:886,1,54;143,1,24
5221,1,1:612,1,77
5222,1,1:419,1,59
5223,1,1:419,1,96
5224,1,1:419,1,108
5225,1,1:419,1,110
5226,1,1:852,1,56
5227,1,1:852,1,71
5228,1,1:906,1,17
5229,1,1:906,1,94
5230,2,5:132,3,32,213,261;709,2,40,127
5231,3,4:132,2,51,63;771,1,120;152,1,193
5232,3,7:132,1,67;709,5,4,13,107,176,222;218,1,187
5233,1,2:132,2,119,139
5234,1,1:132,1,141
5235,5,5:132,1,163;582,1,47;379,1,44;599,1,53;210,1,60
5236,1,1:132,1,170
5237,1,1:709,1,102
5238,4,5:709,1,115;520,1,61;951,2,21,43;199,1,121
5239,5,12:709,1,205;509,1,37;434,1,102;214,5,5,17,53,87,137;215,4,4,12,31,56
5240,2,2:709,1,206;184,1,230
5241,5,9:709,1,218;168,1,166;912,3,7,19,161;192,1,35;193,3,199,220,249
5242,1,3:782,3,6,16,67
5243,9,10:710,1,58;423,2,86,196;143,1,242;972,1,93;160,1,37;161,1,67;295,1,269;194,1,48;998,1,37
5244,1,1:710,1,60
5245,1,1:506,1,51
5246,1,1:507,1,46
5247,1,1:133,1,40
5248,1,1:133,1,68
5249,1,1:133,1,77
5250,2,6:133,5,122,126,154,164,201;749,1,100
5251,2,2:133,1,127;274,1,152
5252,1,1:133,1,196
5253,2,6:985,3,5,22,45;908,3,5,15,82
5254,1,2:985,2,6,23
5255,1,4:985,4,16,33,71,124
5256,1,2:985,2,46,111
5257,1,1:508,1,42
5258,1,1:508,1,43
5259,2,2:508,1,44;828,1,120
5260,2,2:508,1,45;828,1,121
5261,1,2:508,2,61,96
5262,1,1:508,1,63
5263,1,1:509,1,58
5264,1,1:350,1,219
5265,1,1:134,1,84
5266,3,4:134,1,103;171,2,10,27;316,1,286
5267,1,1:351,1,53
5268,1,1:351,1,134
5269,2,2:351,1,161;587,1,204
5270,1,1:351,1,196
5271,1,1:351,1,224
5272,1,1:351,1,226
5273,3,6:613,2,11,30;771,2,12,28;656,2,12,34
5274,2,2:613,1,59;279,1,137
5275,2,9:613,1,127;771,8,15,31,37,99,144,175,197,223
5276,1,1:771,1,55
5277,1,1:771,1,62
5278,1,1:771,1,76
5279,1,1:771,1,78
5280,1,1:771,1,82
5281,1,1:771,1,85
5282,1,2:771,2,101,149
5283,1,2:771,2,103,151
5284,1,1:771,1,139
5285,1,1:771,1,142
5286,1,1:771,1,158
5287,1,1:771,1,163
5288,1,1:771,1,165
5289,1,1:771,1,180
5290,2,2:771,1,183;951,1,105
5291,1,1:771,1,187
5292,1,1:656,1,46
5293,1,1:656,1,47
5294,1,1:656,1,51
5295,1,1:656,1,75
5296,1,1:656,1,138
5297,1,1:510,1,73
5298,1,1:510,1,85
5299,1,1:510,1,139
5300,1,1:510,1,167
5301,3,3:135,1,131;167,1,115;189,1,127
5302,1,1:942,1,21
5303,4,4:511,1,35;585,1,219;366,1,92;219,1,180
5304,1,1:511,1,71
5305,2,2:853,1,31;888,1,13
5306,1,1:136,1,62
5307,1,1:657,1,57
5308,1,1:657,1,101
5309,2,2:657,1,125;188,1,113
5310,2,2:657,1,151;669,1,84
5311,2,4:420,3,13,29,55;590,1,140
5312,2,2:420,1,102;604,1,374
5313,2,2:580,1,46;581,1,39
5314,1,1:580,1,67
5315,1,1:580,1,79
5316,1,1:580,1,80
5317,1,1:580,1,91
5318,3,4:580,1,96;581,2,183,209;711,1,68
5319,2,2:580,1,134;581,1,26
5320,1,1:581,1,44
5321,1,1:581,1,46
5322,1,1:581,1,71
5323,1,1:581,1,75
5324,1,1:581,1,146
5325,2,2:581,1,187;822,1,29
5326,1,1:581,1,191
5327,4,4:581,1,200;271,1,157;272,1,167;154,1,169
5328,1,1:854,1,83
5329,1,1:711,1,63
5330,1,1:711,1,121
5331,1,1:711,1,123
5332,1,1:711,1,124
5333,1,1:711,1,132
5334,1,1:711,1,140
5335,1,1:711,1,145
5336,1,1:711,1,152
5337,3,3:712,1,47;193,1,224;544,1,106
5338,1,1:712,1,51
5339,1,1:712,1,55
5340,3,3:712,1,103;692,1,75;546,1,80
5341,2,2:713,1,59;889,1,138
5342,1,1:713,1,71
5343,1,1:713,1,72
5344,1,1:713,1,88
5345,1,1:713,1,135
5346,1,1:713,1,137
5347,2,4:855,1,45;692,3,1,21,100
5348,1,1:855,1,47
5349,3,5:855,1,51;692,3,48,80,82;856,1,145
5350,4,10:733,3,25,34,101;856,2,79,136;532,1,124;604,4,221,309,327,351
5351,5,10:733,1,30;140,2,17,38;516,1,54;274,1,313;540,5,29,39,48,115,128
5352,1,1:733,1,37
5353,2,2:733,1,43;424,1,26
5354,1,1:733,1,44
5355,1,1:733,1,70
5356,1,2:733,2,83,198
5357,1,1:733,1,84
5358,1,2:733,2,92,121
5359,1,3:733,3,109,141,202
5360,1,1:733,1,117
5361,1,1:733,1,133
5362,2,6:733,4,143,173,217,244;692,2,3,23
5363,1,1:733,1,145
5364,1,2:733,2,150,221
5365,1,1:733,1,151
5366,2,2:733,1,153;946,1,78
5367,1,1:733,1,164
5368,1,1:733,1,166
5369,2,2:733,1,171;602,1,317
5370,1,1:733,1,179
5371,2,2:733,1,186;536,1,188
5372,1,1:733,1,189
5373,1,1:733,1,199
5374,1,1:733,1,215
5375,1,1:733,1,236
5376,1,3:692,3,9,29,52
5377,1,3:692,3,11,31,54
5378,1,2:692,2,19,39
5379,1,1:692,1,60
5380,1,1:692,1,78
5381,1,1:692,1,86
5382,1,1:692,1,93
5383,3,3:692,1,103;693,1,61;976,1,147
5384,1,1:692,1,122
5385,1,1:692,1,124
5386,1,1:856,1,25
5387,1,1:856,1,27
5388,1,1:856,1,51
5389,1,1:856,1,58
5390,1,1:856,1,64
5391,4,6:856,3,77,134,203;267,1,87;277,1,45;815,1,44
5392,1,1:856,1,137
5393,1,1:856,1,149
5394,1,1:856,1,159
5395,1,1:856,1,163
5396,1,1:856,1,167
5397,1,1:856,1,193
5398,1,1:856,1,209
5399,1,1:734,1,26
5400,1,1:734,1,28
5401,1,1:734,1,29
5402,1,1:734,1,32
5403,1,1:734,1,39
5404,1,1:734,1,46
5405,1,1:734,1,50
5406,1,1:734,1,52
5407,1,1:734,1,59
5408,1,1:734,1,61
5409,1,1:734,1,102
5410,1,2:734,2,110,221
5411,1,1:734,1,119
5412,4,7:677,2,8,16;143,2,48,111;155,1,145;786,2,13,33
5413,1,2:677,2,51,76
5414,4,6:677,1,68;290,1,134;390,2,177,256;306,2,317,327
5415,1,1:677,1,108
5416,1,1:677,1,182
5417,1,1:677,1,191
5418,1,1:512,1,73
5419,2,2:512,1,184;585,1,158
5420,1,1:421,1,33
5421,1,1:421,1,64
5422,1,1:421,1,66
5423,1,1:421,1,106
5424,1,1:421,1,144
5425,1,1:421,1,148
5426,1,1:421,1,167
5427,3,3:582,1,77;184,1,148;186,1,32
5428,2,2:582,1,127;367,1,106
5429,2,2:658,1,65;543,1,129
5430,1,1:658,1,75
5431,1,1:658,1,217
5432,1,1:583,1,55
5433,1,1:828,1,39
5434,1,1:828,1,40
5435,1,1:828,1,42
5436,1,1:828,1,53
5437,3,11:513,3,12,28,50;265,4,103,132,192,218;270,4,5,20,54,329
5438,1,1:513,1,46
5439,5,18:513,1,51;265,1,104;270,10,9,24,58,77,98,174,317,332,356,409;316,2,142,155;291,4,20,47,194,214
5440,3,3:513,1,56;137,1,58;354,1,85
5441,5,9:137,1,47;354,1,68;156,5,76,90,153,236,268;284,1,173;384,1,322
5442,1,1:352,1,70
5443,1,2:138,2,22,44
5444,1,1:138,1,61
5445,2,2:138,1,69;517,1,102
5446,4,6:138,1,141;151,3,246,264,294;521,1,61;671,1,21
5447,2,7:139,4,16,38,57,86;829,3,27,56,120
5448,4,13:139,7,18,40,59,88,120,149,196;829,4,11,40,74,105;273,1,180;542,1,71
5449,1,1:139,1,174
5450,3,7:140,3,15,36,63;272,3,25,50,60;154,1,57
5451,3,5:140,1,98;154,1,115;274,3,94,136,230
5452,2,2:140,1,140;586,1,78
5453,5,6:140,1,147;281,1,151;290,1,133;303,1,198;306,2,158,182
5454,3,3:140,1,192;170,1,103;174,1,164
5455,1,1:678,1,99
5456,2,2:265,1,77;156,1,104
5457,5,11:422,4,5,16,24,38;359,1,185;716,1,137;972,4,1,6,17,39;546,1,226
5458,1,1:422,1,41
5459,1,1:422,1,57
5460,1,2:422,2,58,65
5461,1,3:423,3,6,15,24
5462,2,2:423,1,36;990,1,66
5463,2,2:423,1,39;520,1,104
5464,2,2:423,1,74;390,1,165
5465,2,4:423,1,89;159,3,12,24,43
5466,1,1:423,1,102
5467,1,2:423,2,117,200
5468,2,2:423,1,125;526,1,426
5469,1,1:423,1,144
5470,1,2:423,2,166,221
5471,1,2:423,2,167,222
5472,1,1:423,1,170
5473,21,36:423,1,171;141,1,125;522,1,54;717,1,196;919,1,81;920,1,79;166,1,78;666,2,28,42;168,2,185,187;171,1,114;375,1,243;917,4,26,37,51,74;737,2,42,123;176,3,33,59,71;862,1,124;177,1,51;911,4,4,12,29,56;182,1,41;912,3,56,210,214;183,2,139,167;192,2,78,110
5474,1,2:423,2,185,350
5475,1,1:423,1,260
5476,1,2:423,2,276,285
5477,1,1:423,1,300
5478,1,1:423,1,321
5479,1,1:423,1,334
5480,1,1:423,1,341
5481,2,2:423,1,362;858,1,133
5482,5,17:907,4,8,24,60,136;858,3,61,81,147;865,5,5,10,23,33,74;944,1,41;211,4,2,12,53,89
5483,1,2:907,2,16,32
5484,3,7:907,1,94;908,5,33,64,100,131,147;978,1,20
5485,2,3:907,1,99;908,2,61,97
5486,3,6:907,1,117;859,2,32,95;717,3,14,28,177
5487,1,1:659,1,59
5488,1,1:266,1,43
5489,4,4:266,1,76;167,1,233;191,1,102;192,1,135
5490,1,1:141,1,32
5491,3,3:141,1,106;858,1,122;197,1,97
5492,1,1:141,1,120
5493,2,2:141,1,135;199,1,96
5494,1,1:141,1,140
5495,1,1:141,1,146
5496,1,1:141,1,147
5497,1,1:141,1,159
5498,1,1:142,1,13
5499,2,2:142,1,50;364,1,177
5500,1,1:142,1,112
5501,2,2:142,1,116;430,1,79
5502,1,1:142,1,118
5503,2,2:142,1,129;738,1,104
5504,2,2:142,1,137;973,1,108
5505,1,1:584,1,41
5506,1,1:584,1,44
5507,1,1:584,1,48
5508,1,1:584,1,83
5509,1,1:584,1,87
5510,1,1:584,1,128
5511,1,1:584,1,129
5512,3,3:660,1,71;161,1,50;735,1,46
5513,1,1:857,1,47
5514,1,2:857,2,48,86
5515,1,1:857,1,79
5516,2,2:857,1,80;879,1,73
5517,1,1:857,1,90
5518,2,9:143,7,2,10,18,69,179,189,210;679,2,5,10
5519,1,4:143,4,7,15,183,217
5520,1,1:143,1,42
5521,1,2:143,2,57,137
5522,1,1:143,1,60
5523,1,2:143,2,61,85
5524,1,2:143,2,78,247
5525,1,2:143,2,79,248
5526,1,2:143,2,80,249
5527,1,2:143,2,81,250
5528,2,2:143,1,88;286,1,41
5529,2,2:143,1,97;192,1,49
5530,1,1:143,1,101
5531,2,2:143,1,132;316,1,429
5532,1,1:143,1,161
5533,1,1:143,1,174
5534,1,1:143,1,200
5535,3,3:143,1,232;990,1,129;286,1,101
5536,1,1:679,1,61
5537,1,5:267,5,6,21,43,94,127
5538,1,1:267,1,50
5539,1,1:267,1,71
5540,3,3:267,1,97;424,1,47;356,1,275
5541,3,3:267,1,118;317,1,171;299,1,207
5542,1,1:661,1,61
5543,1,1:814,1,78
5544,1,1:714,1,32
5545,1,1:714,1,34
5546,1,1:714,1,35
5547,1,1:714,1,54
5548,1,1:714,1,118
5549,2,2:268,1,79;291,1,253
5550,1,1:514,1,99
5551,1,1:514,1,137
5552,1,1:515,1,20
5553,1,1:515,1,24
5554,1,1:516,1,56
5555,2,4:516,1,140;666,3,1,14,40
5556,1,1:516,1,215
5557,1,1:662,1,64
5558,1,1:662,1,137
5559,1,1:715,1,91
5560,1,1:715,1,96
5561,1,1:715,1,118
5562,1,1:715,1,119
5563,2,2:715,1,155;736,1,199
5564,2,2:715,1,189;682,1,61
5565,1,1:715,1,205
5566,1,1:715,1,252
5567,1,1:715,1,269
5568,1,1:144,1,133
5569,1,1:144,1,158
5570,1,1:144,1,171
5571,1,1:144,1,214
5572,1,1:144,1,216
5573,1,1:144,1,230
5574,1,1:144,1,251
5575,1,1:144,1,269
5576,1,1:144,1,305
5577,1,1:144,1,315
5578,1,2:144,2,316,332
5579,1,1:144,1,331
5580,1,1:145,1,128
5581,1,1:269,1,63
5582,2,2:269,1,103;390,1,89
5583,1,1:424,1,25
5584,1,1:424,1,105
5585,1,1:424,1,210
5586,1,1:773,1,61
5587,1,1:773,1,63
5588,1,1:962,1,42
5589,1,1:147,1,40
5590,2,3:353,1,47;148,2,60,64
5591,1,1:353,1,53
5592,1,1:353,1,55
5593,2,2:353,1,109;720,1,88
5594,1,1:353,1,130
5595,1,1:680,1,42
5596,1,1:680,1,57
5597,1,1:270,1,48
5598,1,1:270,1,49
5599,2,2:270,1,119;180,1,127
5600,1,1:270,1,124
5601,1,1:270,1,127
5602,1,1:270,1,224
5603,4,5:270,2,261,286;278,1,160;158,1,151;538,1,130
5604,2,2:270,1,283;594,1,165
5605,1,1:270,1,400
5606,1,1:270,1,403
5607,2,2:354,1,102;172,1,211
5608,1,1:354,1,106
5609,1,3:148,3,16,33,79
5610,1,1:148,1,47
5611,1,1:148,1,49
5612,1,1:148,1,72
5613,1,1:148,1,98
5614,1,1:148,1,154
5615,2,2:148,1,157;150,1,81
5616,2,2:148,1,164;432,1,125
5617,1,1:148,1,188
5618,2,2:355,1,103;815,1,87
5619,2,2:356,1,32;888,1,68
5620,1,1:356,1,48
5621,1,2:356,2,82,150
5622,3,3:356,1,85;375,1,97;527,1,33
5623,1,1:356,1,158
5624,1,1:356,1,174
5625,1,1:356,1,193
5626,1,1:356,1,198
5627,1,1:356,1,200
5628,1,1:356,1,210
5629,1,1:356,1,219
5630,1,1:356,1,270
5631,1,1:356,1,283
5632,1,1:356,1,287
5633,1,2:149,2,24,102
5634,1,1:150,1,43
5635,2,2:150,1,65;207,1,177
5636,1,2:150,2,138,155
5637,2,2:357,1,74;590,1,98
5638,1,1:358,1,27
5639,1,1:358,1,83
5640,1,1:358,1,88
5641,1,1:358,1,123
5642,1,2:359,2,4,14
5643,5,11:359,2,6,16;360,1,197;369,3,21,51,117;282,2,6,26;373,3,18,39,56
5644,2,2:359,1,29;863,1,141
5645,1,1:359,1,40
5646,1,1:359,1,43
5647,1,1:359,1,74
5648,1,1:359,1,114
5649,1,1:359,1,127
5650,1,2:359,2,130,137
5651,1,1:359,1,155
5652,1,1:359,1,160
5653,1,1:359,1,161
5654,3,3:360,1,171;919,1,48;530,1,188
5655,1,1:360,1,196
5656,1,1:360,1,207
5657,1,1:360,1,212
5658,1,1:360,1,263
5659,2,3:360,1,266;285,2,97,210
5660,1,1:360,1,267
5661,2,3:360,1,274;720,2,43,66
5662,2,3:993,1,44;367,2,150,152
5663,1,1:993,1,45
5664,1,1:993,1,46
5665,1,1:993,1,47
5666,1,1:993,1,48
5667,1,1:993,1,50
5668,1,1:993,1,56
5669,1,1:993,1,61
5670,1,1:151,1,100
5671,1,1:151,1,109
5672,1,1:151,1,145
5673,1,1:151,1,152
5674,2,2:151,1,184;187,1,242
5675,2,2:151,1,316;877,1,135
5676,1,1:517,1,90
5677,2,2:517,1,127;862,1,138
5678,1,1:517,1,145
5679,1,1:517,1,171
5680,1,3:152,3,16,47,80
5681,1,1:152,1,111
5682,1,1:152,1,113
5683,2,2:152,1,119;305,1,72
5684,2,2:152,1,121;743,1,61
5685,1,1:152,1,142
5686,1,1:153,1,63
5687,1,1:153,1,88
5688,1,1:153,1,108
5689,1,1:153,1,110
5690,1,1:153,1,114
5691,1,1:153,1,247
5692,1,2:664,2,1,18
5693,1,3:664,3,7,24,44
5694,1,1:664,1,76
5695,1,1:664,1,91
5696,1,4:829,4,15,44,83,118
5697,2,4:829,3,18,47,85;273,1,141
5698,1,3:829,3,24,53,122
5699,1,1:829,1,84
5700,1,1:829,1,146
5701,3,6:271,2,18,44;272,2,17,42;154,2,130,138
5702,2,4:271,3,26,52,62;154,1,55
5703,5,14:271,6,71,103,148,172,178,184;272,3,74,115,187;154,1,73;273,3,120,123,367;220,1,49
5704,4,5:271,1,83;272,2,91,179;154,1,120;217,1,124
5705,3,3:271,1,150;272,1,160;154,1,162
5706,1,1:271,1,177
5707,1,1:271,1,183
5708,12,14:271,1,191;272,1,205;154,1,181;586,1,165;156,2,201,271;157,2,138,180;693,1,98;167,1,238;284,1,107;218,1,120;308,1,127;221,1,159
5709,1,1:271,1,213
5710,3,3:272,1,63;273,1,69;972,1,151
5711,2,4:272,1,99;273,3,258,339,374
5712,1,1:272,1,192
5713,1,1:272,1,197
5714,1,2:273,2,132,135
5715,1,1:273,1,177
5716,1,1:273,1,273
5717,1,1:273,1,276
5718,2,2:274,1,70;303,1,101
5719,1,1:274,1,131
5720,1,1:274,1,163
5721,2,2:586,1,61;390,1,95
5722,1,1:586,1,96
5723,1,1:361,1,117
5724,1,1:361,1,127
5725,3,6:362,2,2,21;518,2,4,29;681,2,4,26
5726,3,3:362,1,46;155,1,309;371,1,182
5727,5,11:362,1,51;275,1,87;518,2,10,35;681,3,13,35,55;371,4,20,41,71,184
5728,1,1:362,1,125
5729,2,2:362,1,177;198,1,203
5730,5,13:362,1,208;275,1,79;518,5,59,129,169,226,264;681,5,46,101,137,152,173;682,1,30
5731,1,1:275,1,50
5732,1,1:275,1,82
5733,1,1:518,1,74
5734,2,2:518,1,138;961,1,63
5735,1,1:518,1,141
5736,1,1:518,1,157
5737,1,1:363,1,34
5738,1,1:363,1,42
5739,1,1:363,1,43
5740,2,2:363,1,72;596,1,296
5741,4,17:155,2,3,21;364,10,3,24,47,77,92,120,164,191,221,235;165,3,12,26,175;170,2,4,22
5742,2,3:155,2,128,147;540,1,145
5743,1,1:155,1,140
5744,2,2:155,1,162;171,1,103
5745,1,1:155,1,312
5746,1,1:155,1,330
5747,1,1:155,1,336
5748,1,1:155,1,347
5749,3,3:364,1,90;385,1,42;213,1,155
5750,1,1:364,1,110
5751,1,1:364,1,175
5752,1,1:364,1,205
5753,1,2:682,2,2,12
5754,1,1:682,1,36
5755,1,1:682,1,39
5756,1,1:682,1,51
5757,3,3:682,1,79;380,1,105;297,1,72
5758,1,1:682,1,95
5759,1,2:587,2,10,25
5760,1,1:587,1,88
5761,1,1:587,1,124
5762,2,2:587,1,180;882,1,55
5763,1,1:587,1,201
5764,7,15:743,3,6,18,38;276,3,17,39,59;278,4,22,49,67,88;157,1,86;291,2,66,260;175,1,66;304,1,67
5765,3,7:743,1,39;276,3,18,40,60;157,3,8,38,85
5766,2,2:743,1,54;307,1,107
5767,1,1:743,1,69
5768,1,1:743,1,76
5769,1,3:276,3,14,36,227
5770,2,9:276,6,20,42,62,110,143,195;278,3,25,52,70
5771,2,8:276,2,21,43;278,6,26,53,71,96,140,152
5772,2,3:276,1,75;278,2,15,42
5773,1,1:276,1,77
5774,1,1:276,1,97
5775,1,1:276,1,122
5776,1,1:276,1,131
5777,1,1:276,1,138
5778,1,1:276,1,169
5779,1,1:276,1,177
5780,1,1:276,1,190
5781,2,2:276,1,192;316,1,66
5782,1,1:276,1,199
5783,6,8:276,1,205;157,1,154;716,1,120;158,1,212;818,1,72;221,3,191,203,242
5784,1,1:276,1,225
5785,2,4:277,3,2,13,30;163,1,167
5786,2,5:277,1,70;193,4,11,26,38,179
5787,1,1:277,1,74
5788,1,2:278,2,17,44
5789,1,1:278,1,65
5790,2,3:278,1,87;307,2,30,62
5791,1,2:278,2,94,150
5792,3,3:156,1,162;530,1,201;540,1,99
5793,1,1:156,1,189
5794,1,1:156,1,218
5795,2,2:156,1,244;202,1,179
5796,1,3:157,3,13,43,89
5797,2,5:157,3,16,46,92;283,2,12,32
5798,2,4:157,3,17,47,93;283,1,128
5799,1,3:157,3,23,53,71
5800,1,1:157,1,113
5801,2,2:157,1,125;283,1,153
5802,1,2:157,2,130,174
5803,1,1:157,1,175
5804,1,1:157,1,177
5805,1,1:365,1,126
5806,1,1:716,1,119
5807,1,1:425,1,75
5808,2,4:158,3,10,30,50;546,1,189
5809,1,1:158,1,66
5810,5,16:158,1,80;528,4,25,50,92,247;174,5,19,38,61,93,287;529,3,22,44,75;218,3,111,174,190
5811,1,2:158,2,88,288
5812,2,3:158,2,127,213;538,1,149
5813,1,2:158,2,156,328
5814,1,1:158,1,161
5815,1,1:158,1,166
5816,1,1:158,1,178
5817,1,1:158,1,181
5818,1,1:158,1,270
5819,3,3:158,1,335;530,1,88;179,1,272
5820,1,1:158,1,349
5821,1,1:158,1,355
5822,1,3:990,3,8,18,78
5823,1,3:990,3,10,20,134
5824,1,1:990,1,21
5825,1,1:990,1,28
5826,1,1:990,1,31
5827,1,1:990,1,49
5828,1,1:990,1,53
5829,1,1:990,1,55
5830,1,1:990,1,70
5831,1,1:990,1,75
5832,1,1:990,1,89
5833,1,1:990,1,95
5834,1,1:990,1,112
5835,1,1:990,1,140
5836,1,1:990,1,145
5837,1,1:990,1,152
5838,1,1:990,1,162
5839,1,1:972,1,43
5840,1,1:972,1,45
5841,2,2:972,1,129;159,1,158
5842,1,1:972,1,147
5843,5,17:159,7,7,19,36,49,74,95,188;428,3,3,9,23;292,4,6,14,28,192;209,1,78;539,2,35,123
5844,1,1:159,1,27
5845,1,1:159,1,94
5846,1,1:159,1,103
5847,2,2:159,1,104;161,1,52
5848,4,4:159,1,127;912,1,180;187,1,156;380,1,75
5849,1,1:159,1,140
5850,2,2:159,1,164;194,1,18
5851,2,2:519,1,96;602,1,246
5852,2,2:519,1,97;529,1,89
5853,1,2:519,2,149,386
5854,1,1:519,1,296
5855,1,1:519,1,302
5856,2,2:519,1,390;913,1,67
5857,5,6:519,1,392;530,1,158;913,1,71;603,1,26;748,2,7,24
5858,2,2:519,1,438;219,1,283
5859,1,1:519,1,446
5860,6,10:520,2,41,94;162,1,259;168,2,31,68;862,1,173;182,2,119,134;195,2,29,73
5861,1,1:520,1,101
5862,1,1:520,1,109
5863,1,1:520,1,130
5864,1,1:520,1,145
5865,2,2:521,1,93;595,1,239
5866,1,1:521,1,104
5867,1,1:521,1,107
5868,1,1:521,1,134
5869,4,7:521,1,144;588,1,83;192,1,77;195,4,1,5,12,149
5870,6,13:521,1,145;588,1,84;523,1,132;286,1,45;195,5,2,6,13,61,151;431,4,5,13,26,65
5871,2,2:693,1,18;388,1,61
5872,1,1:693,1,44
5873,1,1:693,1,48
5874,1,1:693,1,58
5875,1,1:693,1,70
5876,2,2:693,1,83;426,1,70
5877,1,1:693,1,101
5878,1,1:693,1,143
5879,1,1:693,1,144
5880,1,1:522,1,38
5881,1,1:522,1,44
5882,2,2:522,1,55;171,1,115
5883,1,1:522,1,73
5884,1,1:588,1,35
5885,4,7:426,2,13,33;189,2,22,52;295,2,5,25;380,1,71
5886,1,1:426,1,51
5887,1,1:426,1,52
5888,6,8:426,1,53;166,1,93;187,1,81;189,1,63;295,3,78,206,246;195,1,83
5889,8,13:426,1,54;166,1,94;187,1,82;189,3,23,53,64;295,4,6,26,79,207;192,1,26;195,1,84;380,1,72
5890,1,1:426,1,124
5891,2,3:160,2,6,13;199,1,95
5892,1,1:161,1,60
5893,1,1:161,1,63
5894,1,1:161,1,77
5895,1,1:161,1,105
5896,1,1:858,1,64
5897,2,2:858,1,89;994,1,36
5898,2,3:858,1,152;989,2,145,185
5899,2,5:589,4,4,18,56,223;878,1,89
5900,1,1:589,1,30
5901,1,2:589,2,104,166
5902,1,1:589,1,106
5903,1,1:589,1,107
5904,1,3:589,3,111,195,205
5905,1,1:589,1,245
5906,1,1:589,1,260
5907,1,3:908,3,3,13,157
5908,1,1:908,1,27
5909,18,22:908,2,54,104;369,1,98;590,1,135;694,3,32,108,133;737,1,24;179,1,113;863,2,4,12;865,1,51;866,1,117;943,1,48;976,1,125;944,1,40;190,1,36;872,1,148;821,1,219;597,1,104;600,1,137;207,1,224
5910,1,1:908,1,113
5911,1,1:908,1,162
5912,2,2:908,1,167;193,1,295
5913,1,1:908,1,174
5914,2,2:908,1,185;737,1,101
5915,2,6:859,3,5,11,181;735,3,6,16,28
5916,1,1:859,1,47
5917,2,2:859,1,49;299,1,65
5918,2,3:717,2,30,190;978,1,94
5919,1,1:717,1,41
5920,1,1:717,1,53
5921,1,1:717,1,94
5922,2,3:717,1,100;430,2,81,91
5923,2,2:717,1,152;528,1,212
5924,1,1:717,1,155
5925,1,1:717,1,187
5926,1,1:735,1,23
5927,1,1:665,1,69
5928,2,2:665,1,95;298,1,37
5929,1,1:978,1,40
5930,1,1:978,1,41
5931,3,3:978,1,100;163,1,117;299,1,61
5932,1,3:718,3,2,7,126
5933,1,6:718,6,18,30,48,63,87,133
5934,1,1:718,1,25
5935,1,3:718,3,37,40,79
5936,2,2:718,1,96;818,1,55
5937,1,1:718,1,101
5938,1,1:718,1,103
5939,3,3:718,1,130;910,1,53;193,1,104
5940,1,1:718,1,138
5941,46,136:162,6,6,15,37,47,125,141;919,3,6,17,36;916,2,9,18;164,6,13,26,47,63,96,137;920,3,12,24,27;166,3,7,18,37;428,1,71;719,2,11,24;694,3,5,13,38;720,2,8,16;292,10,8,16,30,44,68,119,149,152,194,327;179,2,13,26;863,4,8,16,44,79;181,3,6,12,25;910,3,4,11,26;889,1,75;293,3,7,17,26;866,3,11,22,30;183,2,9,22;185,2,7,17;867,1,19;943,4,14,28,86,110;944,1,29;695,2,5,17;913,3,6,12,19;196,4,8,21,34,88;872,7,11,22,36,61,222,248,279;961,2,8,16;874,3,9,18,37;875,3,11,25,44;597,3,7,17,31;204,1,38;389,1,35;598,7,8,14,22,28,84,90,121;599,3,5,10,23;883,5,6,26,81,100,117;206,3,11,26,42;600,4,13,26,49,62;877,2,7,16;914,1,46;209,1,68;301,3,6,15,24;210,2,9,18;211,3,10,20,63;539,1,124;878,2,6,12
5942,1,1:162,1,30
5943,1,1:162,1,39
5944,7,8:162,1,100;163,1,101;719,1,50;866,1,33;867,1,28;872,1,64;600,2,2,15
5945,3,3:162,1,103;183,1,159;943,1,98
5946,1,1:162,1,105
5947,1,1:162,1,132
5948,1,1:162,1,160
5949,6,10:162,1,166;176,1,16;862,2,10,23;204,1,54;208,3,14,28,38;209,2,63,91
5950,5,9:162,1,203;720,2,61,85;429,3,6,16,34;821,1,211;204,2,42,51
5951,1,1:162,1,214
5952,1,1:162,1,226
5953,1,1:162,1,229
5954,1,2:163,2,54,188
5955,1,1:163,1,55
5956,1,1:163,1,97
5957,2,2:163,1,98;204,1,433
5958,1,1:163,1,102
5959,4,4:163,1,114;280,1,287;524,1,189;389,1,55
5960,2,2:163,1,224;283,1,148
5961,14,21:919,1,55;951,1,97;694,1,65;720,3,2,10,20;918,1,71;184,1,41;185,2,87,163;976,1,145;196,1,68;721,1,65;961,3,68,94,132;197,3,10,23,171;597,1,119;301,1,49
5962,1,1:919,1,101
5963,6,8:916,3,6,15,25;861,1,32;176,1,119;596,1,161;721,1,41;874,1,62
5964,6,10:916,2,20,58;164,1,42;181,1,165;189,1,221;874,3,6,15,32;597,2,22,56
5965,15,23:916,1,27;719,1,39;951,1,33;524,1,55;180,3,4,11,30;889,2,6,21;918,3,8,18,25;185,2,29,191;943,1,52;959,1,24;944,2,7,16;294,2,10,22;197,1,65;875,1,42;597,1,28
5966,2,2:916,1,35;372,1,59
5967,1,1:916,1,61
5968,1,1:916,1,104
5969,1,1:916,1,107
5970,4,5:916,1,109;172,1,140;382,1,95;388,2,27,96
5971,1,1:164,1,69
5972,1,1:164,1,86
5973,1,2:164,2,94,135
5974,1,1:164,1,117
5975,3,3:920,1,69;187,1,165;190,1,91
5976,1,1:920,1,109
5977,1,1:920,1,111
5978,1,1:920,1,120
5979,1,1:909,1,61
5980,1,1:909,1,78
5981,1,1:523,1,43
5982,1,1:523,1,112
5983,1,1:523,1,135
5984,1,2:279,2,1,15
5985,1,1:279,1,103
5986,1,1:279,1,127
5987,1,1:366,1,56
5988,1,2:366,2,79,133
5989,1,1:367,1,52
5990,1,3:367,3,85,101,123
5991,1,2:367,2,129,135
5992,1,1:367,1,154
5993,1,1:815,1,97
5994,1,1:860,1,70
5995,1,1:165,1,57
5996,2,3:165,2,63,107;879,1,221
5997,1,1:165,1,208
5998,5,5:783,1,168;525,1,160;736,1,152;695,1,36;203,1,224
5999,1,1:369,1,127
6000,1,2:590,2,23,46
6001,1,1:590,1,29
6002,1,1:590,1,61
6003,1,1:590,1,76
6004,2,2:590,1,81;212,1,108
6005,1,1:590,1,84
6006,1,1:590,1,92
6007,1,1:590,1,164
6008,1,1:280,1,230
6009,1,1:280,1,274
6010,1,1:280,1,316
6011,1,1:280,1,357
6012,1,3:427,3,5,21,52
6013,10,24:427,4,7,23,39,54;372,1,102;286,4,8,16,19,91;528,1,197;174,1,143;529,1,119;287,4,9,36,63,168;288,3,10,43,76;530,3,124,148,177;289,2,108,204
6014,2,2:427,1,55;174,1,173
6015,3,3:427,1,105;882,1,85;598,1,138
6016,1,2:281,2,24,48
6017,1,1:281,1,79
6018,2,2:281,1,81;308,1,65
6019,3,6:281,2,98,105;371,1,148;290,3,82,100,105
6020,2,2:281,1,137;546,1,196
6021,1,1:281,1,198
6022,5,6:281,1,199;167,1,201;189,2,209,215;384,1,265;946,1,137
6023,1,1:281,1,232
6024,8,19:166,3,1,12,31;666,4,8,21,69,152;887,2,1,4;958,3,7,15,99;178,2,1,8;882,1,53;912,3,1,13,152;870,1,35
6025,9,16:166,1,42;293,1,37;918,4,4,14,21,60;867,2,3,7;959,3,4,9,13;944,1,24;196,1,79;872,2,214,229;600,1,57
6026,3,3:166,1,90;195,1,89;204,1,99
6027,1,1:166,1,95
6028,1,1:166,1,155
6029,2,3:166,1,166;178,2,18,156
6030,1,1:428,1,69
6031,1,1:666,1,103
6032,2,6:666,2,111,125;911,4,8,16,40,64
6033,1,1:666,1,145
6034,2,2:719,1,67;918,1,59
6035,2,5:951,3,1,11,22;774,2,11,29
6036,1,1:951,1,98
6037,1,1:951,1,102
6038,1,1:951,1,117
6039,2,2:951,1,139;604,1,231
6040,1,1:951,1,146
6041,1,1:951,1,161
6042,1,1:951,1,166
6043,6,12:694,3,7,15,40;874,1,39;597,3,9,19,33;877,1,49;914,3,13,30,52;300,1,68
6044,2,2:694,1,121;976,1,163
6045,1,1:694,1,124
6046,3,7:167,3,22,51,61;189,3,21,51,71;295,1,96
6047,1,2:167,2,29,58
6048,1,1:167,1,70
6049,2,2:167,1,133;189,1,139
6050,2,5:167,1,267;989,4,1,7,163,189
6051,2,6:168,2,12,24;430,4,20,40,61,142
6052,2,2:168,1,52;878,1,55
6053,1,1:168,1,53
6054,1,1:168,1,124
6055,1,1:168,1,126
6056,1,2:168,2,162,169
6057,1,2:168,2,178,235
6058,1,1:168,1,190
6059,2,5:168,1,203;991,4,6,12,28,81
6060,1,1:168,1,212
6061,5,6:168,1,251;882,1,82;912,1,198;192,1,82;195,2,34,98
6062,1,1:168,1,262
6063,1,3:370,3,8,23,58
6064,2,4:370,3,11,26,91;533,1,36
6065,1,1:370,1,44
6066,2,5:720,2,31,45;695,3,7,19,44
6067,1,1:591,1,45
6068,3,4:591,1,75;525,1,108;594,2,1,9
6069,1,2:816,2,25,89
6070,1,1:816,1,26
6071,1,1:816,1,27
6072,1,1:816,1,30
6073,1,1:816,1,56
6074,1,1:816,1,113
6075,1,1:524,1,87
6076,2,4:524,1,90;295,3,8,28,84
6077,5,8:524,1,91;187,1,87;295,4,9,29,85,247;197,1,66;204,1,98
6078,1,1:524,1,101
6079,1,1:524,1,116
6080,1,1:524,1,133
6081,1,1:524,1,188
6082,1,1:524,1,252
6083,1,1:524,1,263
6084,1,1:524,1,286
6085,1,3:861,3,6,18,49
6086,1,2:592,2,4,15
6087,2,2:592,1,54;389,1,71
6088,2,2:592,1,78;173,1,53
6089,1,1:592,1,153
6090,1,1:593,1,27
6091,1,1:593,1,29
6092,1,1:593,1,36
6093,1,1:593,1,44
6094,1,1:593,1,47
6095,1,1:593,1,49
6096,1,1:593,1,53
6097,1,3:371,3,16,37,51
6098,2,5:371,1,46;170,4,120,141,206,218
6099,2,2:371,1,163;867,1,62
6100,1,1:371,1,174
6101,1,3:282,3,19,39,75
6102,2,2:282,1,88;207,1,129
6103,1,1:282,1,96
6104,1,1:282,1,98
6105,1,1:282,1,123
6106,1,1:282,1,125
6107,2,3:170,2,65,124;178,1,218
6108,2,2:170,1,172;202,1,188
6109,1,1:283,1,73
6110,1,1:283,1,90
6111,1,1:283,1,155
6112,1,1:283,1,194
6113,1,1:372,1,104
6114,2,2:372,1,122;528,1,229
6115,1,1:667,1,100
6116,1,1:667,1,138
6117,2,2:667,1,157;669,1,106
6118,2,2:667,1,159;669,1,104
6119,1,1:525,1,89
6120,1,1:525,1,113
6121,1,2:736,2,8,19
6122,1,1:736,1,136
6123,1,1:736,1,206
6124,1,1:736,1,227
6125,1,1:594,1,116
6126,1,1:594,1,126
6127,1,1:594,1,176
6128,1,1:668,1,88
6129,1,1:668,1,103
6130,1,1:668,1,106
6131,1,1:668,1,133
6132,2,4:669,3,12,31,63;600,1,131
6133,1,1:669,1,54
6134,1,1:171,1,92
6135,1,1:171,1,116
6136,1,1:316,1,34
6137,1,1:316,1,39
6138,1,1:316,1,44
6139,1,1:316,1,58
6140,1,1:316,1,64
6141,1,1:316,1,105
6142,1,1:316,1,149
6143,1,1:316,1,152
6144,1,1:316,1,310
6145,1,1:316,1,312
6146,1,1:316,1,330
6147,1,2:316,2,344,399
6148,1,1:316,1,345
6149,1,1:316,1,365
6150,1,1:316,1,370
6151,1,1:316,1,371
6152,1,1:316,1,375
6153,1,1:316,1,390
6154,1,1:316,1,396
6155,1,1:316,1,411
6156,3,6:316,1,422;868,3,1,9,25;540,2,58,89
6157,1,1:316,1,424
6158,2,2:374,1,55;375,1,50
6159,2,2:374,1,59;375,1,54
6160,2,2:374,1,64;375,1,58
6161,1,1:374,1,94
6162,1,2:375,2,9,27
6163,1,1:375,1,65
6164,1,1:375,1,244
6165,1,2:376,2,5,20
6166,1,2:376,2,6,21
6167,1,2:376,2,8,23
6168,1,1:376,1,37
6169,1,1:284,1,63
6170,1,1:284,1,65
6171,1,1:284,1,66
6172,1,2:284,2,94,105
6173,1,1:284,1,132
6174,1,2:285,2,15,35
6175,1,2:285,2,133,160
6176,1,1:285,1,213
6177,1,1:285,1,226
6178,2,2:285,1,352;202,1,82
6179,1,1:526,1,301
6180,1,1:526,1,334
6181,1,1:526,1,340
6182,1,1:526,1,539
6183,1,1:526,1,565
6184,1,1:526,1,609
6185,2,2:595,1,66;297,1,42
6186,1,1:595,1,84
6187,1,1:595,1,86
6188,2,2:595,1,133;382,1,62
6189,2,2:595,1,147;299,1,271
6190,1,1:527,1,71
6191,1,1:527,1,72
6192,1,1:527,1,74
6193,1,1:527,1,142
6194,1,1:527,1,153
6195,1,1:172,1,105
6196,1,1:173,1,82
6197,1,1:173,1,106
6198,1,1:286,1,24
6199,1,1:286,1,40
6200,1,1:286,1,53
6201,1,1:286,1,71
6202,1,1:286,1,77
6203,1,1:286,1,145
6204,1,1:286,1,152
6205,1,1:286,1,158
6206,1,1:286,1,160
6207,1,1:286,1,162
6208,1,1:286,1,163
6209,1,1:528,1,72
6210,1,1:528,1,80
6211,1,1:528,1,94
6212,2,2:528,1,142;174,1,68
6213,1,1:528,1,152
6214,1,1:528,1,162
6215,4,8:528,2,178,190;174,3,102,123,236;530,1,106;289,2,11,22
6216,2,3:528,2,185,218;530,1,79
6217,1,1:528,1,215
6218,1,1:528,1,224
6219,2,2:528,1,230;299,1,68
6220,3,6:174,2,81,270;529,3,10,32,55;289,1,198
6221,1,2:174,2,108,125
6222,2,2:174,1,191;973,1,53
6223,2,2:174,1,196;529,1,92
6224,1,2:174,2,205,219
6225,1,1:529,1,63
6226,1,1:529,1,65
6227,1,1:529,1,84
6228,2,4:287,2,27,54;288,2,33,66
6229,1,1:287,1,123
6230,1,1:287,1,151
6231,1,1:287,1,190
6232,1,2:288,2,130,141
6233,1,1:530,1,29
6234,1,1:530,1,76
6235,2,2:530,1,153;221,1,168
6236,1,1:289,1,271
6237,1,1:289,1,301
6238,1,1:290,1,65
6239,1,1:818,1,101
6240,1,2:291,2,8,35
6241,1,2:291,2,9,36
6242,1,2:291,2,18,45
6243,1,1:291,1,100
6244,1,1:291,1,104
6245,1,4:291,4,113,118,156,201
6246,1,1:291,1,191
6247,1,1:291,1,192
6248,1,1:291,1,203
6249,1,1:291,1,229
6250,1,1:291,1,268
6251,1,1:175,1,83
6252,1,2:175,2,143,184
6253,2,2:917,1,30;870,1,70
6254,1,1:917,1,35
6255,1,1:917,1,46
6256,1,1:917,1,69
6257,1,1:737,1,31
6258,1,1:737,1,46
6259,1,1:737,1,53
6260,1,1:738,1,76
6261,1,1:738,1,79
6262,1,1:176,1,26
6263,4,6:176,1,31;912,3,61,88,99;191,1,27;870,1,84
6264,1,1:176,1,39
6265,1,1:176,1,50
6266,1,1:176,1,53
6267,1,2:176,2,57,69
6268,1,1:176,1,143
6269,1,2:176,2,168,242
6270,1,1:176,1,218
6271,1,1:176,1,244
6272,2,2:176,1,247;200,1,157
6273,1,1:887,1,43
6274,1,1:862,1,48
6275,1,1:862,1,79
6276,1,1:862,1,133
6277,1,1:862,1,178
6278,2,2:862,1,198;198,1,39
6279,2,2:862,1,215;204,1,197
6280,2,3:177,1,83;991,2,42,72
6281,1,1:958,1,66
6282,1,1:958,1,78
6283,2,2:958,1,95;987,1,33
6284,1,1:958,1,106
6285,5,7:958,2,128,151;178,1,174;952,2,4,16;209,1,28;683,1,140
6286,2,2:958,1,162;386,1,73
6287,1,1:178,1,99
6288,1,1:178,1,112
6289,1,1:178,1,114
6290,1,1:178,1,126
6291,1,1:178,1,148
6292,1,1:178,1,187
6293,1,3:292,3,4,12,26
6294,4,4:292,1,146;913,1,59;721,1,75;300,1,41
6295,2,2:292,1,247;596,1,82
6296,1,5:179,5,30,138,186,198,318
6297,1,1:179,1,42
6298,1,1:179,1,81
6299,1,1:179,1,174
6300,1,1:179,1,236
6301,1,2:179,2,336,351
6302,1,1:863,1,99
6303,1,1:863,1,125
6304,2,2:863,1,217;216,1,177
6305,1,1:863,1,230
6306,1,1:180,1,75
6307,1,1:180,1,143
6308,1,1:180,1,166
6309,3,5:180,1,170;874,1,113;204,3,137,183,201
6310,1,1:181,1,17
6311,1,1:181,1,44
6312,1,1:181,1,104
6313,1,1:181,1,158
6314,1,1:994,1,28
6315,1,1:994,1,38
6316,1,1:994,1,43
6317,2,2:882,1,76;602,1,311
6318,1,2:987,2,4,10
6319,1,1:987,1,15
6320,1,1:987,1,18
6321,1,1:987,1,21
6322,1,1:987,1,34
6323,2,2:987,1,45;876,1,77
6324,2,4:911,3,5,13,57;912,1,46
6325,1,1:911,1,17
6326,1,1:911,1,19
6327,1,1:911,1,21
6328,1,2:182,2,14,33
6329,2,2:182,1,64;300,1,53
6330,1,1:182,1,139
6331,1,1:912,1,63
6332,1,1:912,1,143
6333,1,1:912,1,171
6334,1,1:912,1,177
6335,1,1:912,1,179
6336,2,3:912,2,181,230;191,1,42
6337,3,5:912,1,191;867,1,47;208,3,12,26,36
6338,1,1:912,1,211
6339,1,1:912,1,215
6340,2,4:864,2,6,15;774,2,16,34
6341,2,3:889,2,7,22;868,1,45
6342,1,4:889,4,51,71,135,155
6343,1,1:889,1,124
6344,1,4:865,4,4,9,44,54
6345,1,1:865,1,22
6346,1,1:865,1,34
6347,2,2:865,1,64;211,1,44
6348,1,1:865,1,76
6349,1,1:865,1,89
6350,1,1:293,1,35
6351,4,5:918,1,69;184,2,122,130;670,1,165;220,1,85
6352,2,2:866,1,38;872,1,69
6353,5,6:866,1,121;976,1,51;872,1,152;537,2,11,25;600,1,79
6354,2,2:866,1,166;872,1,197
6355,2,6:183,2,11,24;184,4,56,101,133,182
6356,1,1:183,1,56
6357,2,2:183,1,143;186,1,101
6358,1,1:183,1,150
6359,2,2:183,1,157;943,1,79
6360,3,3:183,1,221;184,1,32;186,1,75
6361,1,1:183,1,230
6362,2,3:184,1,44;185,2,88,164
6363,1,1:186,1,46
6364,1,1:186,1,55
6365,1,1:952,1,81
6366,2,2:867,1,9;959,1,34
6367,1,1:943,1,78
6368,1,1:943,1,116
6369,3,3:976,1,43;874,1,63;388,1,54
6370,1,1:976,1,67
6371,1,1:976,1,69
6372,1,2:187,2,10,20
6373,1,1:187,1,88
6374,3,3:187,1,90;200,1,94;204,1,95
6375,1,1:188,1,110
6376,1,1:188,1,146
6377,1,1:188,1,160
6378,1,1:188,1,179
6379,1,1:189,1,69
6380,2,4:189,2,94,98;946,2,66,70
6381,1,1:189,1,107
6382,1,1:295,1,53
6383,1,1:295,1,83
6384,2,4:295,2,113,251;946,2,11,28
6385,1,1:295,1,124
6386,1,1:295,1,223
6387,2,2:295,1,235;946,1,170
6388,1,2:378,2,10,29
6389,1,1:378,1,69
6390,2,2:378,1,97;221,1,238
6391,1,3:532,3,5,25,46
6392,1,1:532,1,111
6393,1,1:430,1,72
6394,1,1:430,1,73
6395,1,1:430,1,88
6396,1,1:430,1,119
6397,1,1:430,1,127
6398,1,1:430,1,133
6399,1,1:430,1,136
6400,1,2:191,2,1,8
6401,1,1:191,1,60
6402,1,1:191,1,74
6403,1,3:192,3,5,17,28
6404,2,6:192,2,11,23;870,4,3,10,65,100
6405,1,1:192,1,40
6406,1,1:192,1,42
6407,1,1:192,1,48
6408,1,1:192,1,111
6409,2,2:192,1,142;870,1,32
6410,1,1:869,1,31
6411,1,1:193,1,121
6412,1,1:193,1,259
6413,1,1:193,1,264
6414,1,1:193,1,304
6415,1,1:870,1,47
6416,1,1:870,1,49
6417,1,1:870,1,58
6418,1,1:870,1,121
6419,1,3:871,3,5,11,14
6420,1,1:871,1,27
6421,1,1:871,1,28
6422,1,1:871,1,50
6423,1,1:871,1,55
6424,1,1:670,1,134
6425,1,1:596,1,49
6426,1,1:596,1,86
6427,1,1:596,1,100
6428,1,1:596,1,184
6429,1,1:596,1,262
6430,2,2:596,1,292;195,1,75
6431,2,2:596,1,319;296,1,24
6432,2,3:296,1,10;953,2,1,12
6433,1,1:533,1,138
6434,2,2:194,1,32;945,1,30
6435,1,1:194,1,35
6436,1,1:194,1,60
6437,1,1:194,1,79
6438,1,1:194,1,94
6439,1,1:819,1,51
6440,1,1:195,1,57
6441,1,1:820,1,27
6442,1,1:820,1,28
6443,1,1:820,1,29
6444,3,5:380,3,7,14,28;431,1,72;299,1,67
6445,1,1:380,1,90
6446,1,1:913,1,47
6447,1,1:913,1,52
6448,1,1:913,1,66
6449,1,1:196,1,51
6450,1,1:196,1,53
6451,1,1:721,1,49
6452,1,1:961,1,22
6453,1,1:197,1,74
6454,1,1:197,1,76
6455,1,1:197,1,102
6456,1,1:297,1,49
6457,1,1:297,1,54
6458,1,1:297,1,70
6459,1,1:534,1,48
6460,1,4:381,4,2,15,32,93
6461,1,3:873,3,8,21,68
6462,1,3:873,3,12,25,74
6463,1,1:873,1,28
6464,1,1:873,1,77
6465,1,1:432,1,58
6466,1,1:432,1,87
6467,1,1:432,1,116
6468,1,1:432,1,170
6469,1,3:535,3,14,29,69
6470,2,4:382,1,57;203,3,211,233,371
6471,1,1:382,1,64
6472,1,1:317,1,58
6473,1,1:317,1,119
6474,1,1:317,1,224
6475,1,1:433,1,152
6476,1,1:433,1,212
6477,1,1:536,1,72
6478,1,1:536,1,186
6479,1,1:536,1,189
6480,1,1:298,1,84
6481,1,1:298,1,89
6482,1,1:822,1,61
6483,1,1:198,1,28
6484,1,1:198,1,30
6485,1,1:198,1,33
6486,1,1:198,1,35
6487,1,1:198,1,49
6488,1,1:198,1,67
6489,1,1:198,1,70
6490,1,1:198,1,164
6491,1,1:198,1,168
6492,1,1:198,1,179
6493,1,1:876,1,23
6494,1,1:876,1,37
6495,1,1:876,1,40
6496,1,1:876,1,50
6497,1,1:876,1,63
6498,1,1:876,1,85
6499,1,1:876,1,95
6500,1,1:876,1,117
6501,1,1:876,1,119
6502,1,1:876,1,120
6503,1,1:876,1,126
6504,1,1:876,1,131
6505,1,1:876,1,135
6506,1,1:876,1,147
6507,1,1:876,1,182
6508,1,1:722,1,77
6509,1,1:199,1,47
6510,1,1:199,1,49
6511,1,1:199,1,106
6512,1,1:200,1,74
6513,1,1:200,1,84
6514,1,1:200,1,112
6515,2,2:200,1,113;672,1,174
6516,1,1:200,1,131
6517,1,1:200,1,170
6518,1,2:991,2,40,103
6519,1,1:991,1,47
6520,1,1:989,1,36
6521,1,1:989,1,67
6522,1,1:989,1,69
6523,1,1:989,1,84
6524,1,1:989,1,89
6525,1,1:989,1,122
6526,1,1:989,1,130
6527,1,1:989,1,141
6528,1,1:989,1,155
6529,1,1:989,1,173
6530,1,1:784,1,16
6531,1,1:784,1,29
6532,1,1:784,1,38
6533,1,1:784,1,42
6534,1,1:784,1,81
6535,1,1:784,1,83
6536,1,1:383,1,88
6537,1,1:384,1,61
6538,1,1:384,1,173
6539,1,1:384,1,198
6540,1,1:384,1,211
6541,1,1:384,1,222
6542,1,1:384,1,264
6543,1,1:384,1,275
6544,1,1:384,1,298
6545,1,2:386,2,62,147
6546,1,1:388,1,25
6547,2,2:388,1,111;602,1,87
6548,1,1:537,1,46
6549,1,1:201,1,32
6550,1,1:201,1,33
6551,1,1:201,1,35
6552,1,1:201,1,38
6553,2,2:201,1,116;202,1,61
6554,1,1:202,1,76
6555,1,1:202,1,110
6556,1,1:202,1,112
6557,2,2:202,1,154;786,1,279
6558,2,2:202,1,177;601,1,86
6559,1,1:945,1,56
6560,1,2:597,2,6,16
6561,1,1:597,1,95
6562,1,1:204,1,97
6563,1,1:204,1,102
6564,1,1:204,1,259
6565,1,1:204,1,295
6566,1,1:204,1,396
6567,1,1:204,1,416
6568,1,1:204,1,441
6569,1,1:389,1,24
6570,1,2:389,2,45,165
6571,1,1:389,1,54
6572,1,1:389,1,58
6573,1,1:389,1,142
6574,1,1:598,1,92
6575,1,1:598,1,149
6576,1,1:599,1,13
6577,1,1:599,1,16
6578,1,1:599,1,24
6579,1,1:599,1,25
6580,1,1:599,1,26
6581,1,1:599,1,27
6582,1,1:599,1,29
6583,1,3:299,3,6,21,82
6584,1,1:299,1,42
6585,1,1:299,1,64
6586,1,1:299,1,66
6587,1,1:299,1,87
6588,1,1:299,1,132
6589,1,1:299,1,133
6590,1,1:299,1,134
6591,1,1:299,1,138
6592,1,1:299,1,174
6593,1,1:299,1,211
6594,1,1:299,1,253
6595,1,1:883,1,226
6596,1,1:600,1,140
6597,2,4:877,2,28,114;914,2,8,25
6598,1,1:877,1,51
6599,1,1:877,1,123
6600,1,2:601,2,6,16
6601,1,2:601,2,7,17
6602,1,1:601,1,60
6603,1,1:601,1,76
6604,1,1:775,1,24
6605,1,1:775,1,106
6606,1,1:973,1,44
6607,1,3:973,3,63,70,115
6608,1,1:973,1,129
6609,1,1:973,1,130
6610,1,1:973,1,132
6611,1,1:823,1,89
6612,1,1:823,1,120
6613,3,9:785,3,5,17,29;749,3,5,19,36;825,3,9,22,34
6614,4,19:785,3,6,18,30;217,3,11,25,48;545,2,14,32;218,11,7,15,29,37,47,90,98,131,143,161,305
6615,6,12:785,1,61;217,4,41,62,109,119;545,4,9,27,117,127;218,1,70;786,1,60;616,1,53
6616,1,1:785,1,80
6617,1,1:207,1,93
6618,1,1:207,1,113
6619,1,1:207,1,131
6620,1,1:207,1,230
6621,1,1:207,1,304
6622,1,3:538,3,10,30,80
6623,1,1:538,1,104
6624,1,2:946,2,45,101
6625,1,2:824,2,9,20
6626,1,1:824,1,41
6627,1,1:824,1,61
6628,1,2:824,2,80,118
6629,1,3:208,3,43,74,90
6630,1,1:208,1,45
6631,1,2:208,2,46,93
6632,1,1:208,1,48
6633,1,1:208,1,50
6634,3,7:208,1,85;300,4,4,19,38,118;211,2,39,50
6635,1,1:301,1,34
6636,1,1:301,1,36
6637,1,2:210,2,6,15
6638,1,1:210,1,47
6639,1,1:210,1,51
6640,1,1:210,1,55
6641,1,1:210,1,57
6642,1,1:210,1,75
6643,1,2:211,2,8,18
6644,1,1:211,1,30
6645,1,2:539,2,8,18
6646,1,2:539,2,9,19
6647,1,1:539,1,44
6648,1,2:878,2,2,8
6649,1,1:878,1,53
6650,1,1:878,1,54
6651,1,1:878,1,64
6652,1,2:888,2,2,5
6653,1,1:888,1,32
6654,1,1:888,1,36
6655,1,1:888,1,50
6656,1,1:888,1,80
6657,1,2:212,2,34,100
6658,1,1:213,1,51
6659,1,1:213,1,55
6660,1,1:213,1,81
6661,1,1:213,1,129
6662,1,1:602,1,110
6663,1,1:602,1,116
6664,1,1:602,1,128
6665,1,1:602,1,156
6666,1,1:602,1,221
6667,1,1:602,1,273
6668,1,1:602,1,327
6669,1,1:602,1,352
6670,1,1:602,1,355
6671,1,1:602,1,356
6672,1,1:602,1,376
6673,1,1:602,1,386
6674,1,1:602,1,392
6675,1,3:214,3,10,22,30
6676,1,2:214,2,12,24
6677,1,1:214,1,67
6678,1,1:214,1,77
6679,1,1:214,1,134
6680,1,1:214,1,140
6681,1,1:724,1,242
6682,1,2:435,2,18,36
6683,1,1:435,1,72
6684,1,1:540,1,51
6685,1,1:540,1,66
6686,1,2:540,2,87,107
6687,2,2:603,1,43;305,1,140
6688,1,1:603,1,45
6689,1,1:603,1,68
6690,1,1:603,1,91
6691,2,6:303,3,13,40,71;305,3,10,31,59
6692,1,1:303,1,132
6693,1,1:303,1,160
6694,1,2:304,2,17,34
6695,1,1:304,1,53
6696,1,1:304,1,65
6697,1,1:305,1,113
6698,1,1:305,1,122
6699,1,1:216,1,155
6700,1,1:683,1,21
6701,1,1:683,1,40
6702,1,1:683,1,45
6703,1,1:683,1,73
6704,1,1:604,1,80
6705,1,1:604,1,107
6706,1,1:604,1,246
6707,1,1:604,1,255
6708,1,2:604,2,335,349
6709,1,1:604,1,347
6710,1,1:604,1,369
6711,1,2:542,2,3,10
6712,1,1:542,1,67
6713,1,1:543,1,130
6714,1,1:879,1,164
6715,1,1:879,1,195
6716,1,1:544,1,54
6717,1,1:544,1,56
6718,1,1:672,1,45
6719,1,1:672,1,77
6720,1,1:672,1,170
6721,1,1:672,1,171
6722,1,1:672,1,172
6723,1,1:953,1,80
6724,1,1:953,1,96
6725,2,4:217,2,61,94;545,2,71,98
6726,1,1:545,1,64
6727,1,1:545,1,111
6728,1,1:545,1,156
6729,1,2:218,2,8,30
6730,1,2:218,2,18,40
6731,1,2:218,2,52,223
6732,1,2:218,2,105,118
6733,1,2:218,2,110,189
6734,1,1:218,1,173
6735,1,4:218,4,206,219,225,246
6736,1,1:218,1,209
6737,1,1:218,1,211
6738,1,1:218,1,231
6739,1,1:218,1,233
6740,1,2:218,2,235,252
6741,1,1:218,1,237
6742,1,1:218,1,239
6743,1,1:218,1,253
6744,1,1:218,1,255
6745,1,1:218,1,295
6746,1,2:786,2,12,32
6747,1,1:786,1,57
6748,1,1:786,1,62
6749,1,1:786,1,96
6750,1,1:786,1,105
6751,1,1:749,1,60
6752,1,8:825,8,12,25,38,96,104,134,155,168
6753,1,1:825,1,75
6754,1,1:825,1,77
6755,1,3:390,3,12,39,75
6756,1,3:390,3,22,49,87
6757,1,3:390,3,23,50,88
6758,1,1:390,1,189
6759,1,1:390,1,203
6760,1,1:390,1,262
6761,1,1:306,1,103
6762,1,1:306,1,107
6763,1,1:306,1,193
6764,1,3:306,3,265,301,321
6765,1,1:306,1,289
6766,1,3:307,3,14,46,77
6767,1,2:307,2,32,64
6768,1,1:307,1,119
6769,1,2:307,2,168,183
6770,1,1:307,1,176
6771,1,2:308,2,4,21
6772,1,1:308,1,62
6773,1,1:308,1,63
6774,1,6:308,6,114,125,140,155,169,191
6775,1,2:219,2,9,26
6776,2,5:219,2,10,27;546,3,21,24,48
6777,1,1:219,1,86
6778,1,2:219,2,175,257
6779,1,1:219,1,242
6780,1,1:219,1,251
6781,1,1:219,1,271
6782,1,1:220,1,151
6783,1,1:787,1,20
6784,1,1:546,1,145
