204,34,53:999,2,1,18;1000,1,68;1001,3,1,31,360;1002,2,107,116;1003,1,42;1004,1,51;1005,1,104;1006,1,54;1007,1,56;1008,6,17,35,49,114,147,152;1009,1,36;1010,4,12,30,62,119;1011,1,48;1012,1,93;1013,1,68;1014,2,70,261;1015,1,32;1016,1,41;1017,1,36;1018,1,101;1019,1,100;1020,1,215;1021,3,11,25,39;1022,1,56;1023,1,123;1024,1,128;1025,2,5,24;1026,2,35,119;1027,3,10,23,63;1028,1,290;1029,1,58;1030,1,90;1031,1,114;1032,1,81
205,56,99:999,2,2,19;1033,1,96;1034,1,43;1000,1,69;1001,2,2,32;1002,2,108,117;1003,1,43;1035,1,94;1004,1,52;1005,2,77,105;1006,1,43;1036,5,6,29,49,72,102;1008,4,18,36,50,115;1009,1,37;1010,3,13,31,120;1037,4,3,6,10,44;1038,3,6,12,18;1011,1,49;1012,1,94;1013,1,69;1014,4,71,184,201,262;1015,1,33;1016,1,42;1039,1,71;1040,2,62,139;1017,1,37;1041,1,44;1018,1,102;1019,1,101;1020,1,216;1042,1,27;1043,1,26;1021,3,12,26,40;1022,1,57;1023,1,124;1044,3,26,52,68;1045,1,72;1046,1,40;1024,1,129;1025,2,6,25;1047,1,27;1048,6,8,16,22,206,323,606;1049,3,8,22,61;1050,1,26;1026,1,36;1027,4,11,24,64,209;1051,1,52;1052,1,62;1028,1,291;1053,1,58;1029,1,59;1030,2,77,91;1031,3,22,43,115;1054,3,17,34,55;1055,1,44;1056,2,12,24
2,66,108:999,2,3,20;1057,1,165;1058,1,19;1000,2,5,20;1059,1,84;1060,2,4,21;1001,1,208;1061,1,19;1002,2,4,15;1062,2,5,26;1063,1,81;1064,2,2,10;1065,2,6,24;1003,1,31;1066,3,1,31,62;1035,3,1,22,44;1067,1,15;1068,2,3,15;1069,2,3,8;1070,1,66;1071,1,48;1072,1,113;1073,1,116;1074,1,291;1075,3,2,21,41;1076,2,2,27;1077,1,22;1078,4,3,27,52,118;1011,4,3,26,50,108;1079,2,52,163;1080,2,2,20;1081,3,2,22,44;1082,1,33;1039,1,47;1083,1,23;1084,2,141,152;1085,1,28;1041,1,21;1018,1,83;1086,1,10;1087,1,110;1088,1,128;1089,1,22;1043,1,98;1090,1,155;1048,2,641,664;1091,1,12;1050,1,102;1092,1,33;1093,2,2,20;1094,1,27;1051,3,1,20,41;1052,3,1,15,30;1095,1,96;1053,1,48;1096,3,2,28,55;1031,2,1,11;1054,2,1,18;1097,4,3,15,31,148;1098,2,3,25;1099,1,117;1100,2,2,15;1101,1,263;1102,1,39;1103,1,49;1056,1,69
619,33,67:999,4,6,23,36,110;1104,3,6,14,115;1034,5,6,14,26,90,135;1105,2,6,14;1106,2,6,14;1107,2,6,14;1108,2,6,14;1109,2,6,14;1110,2,6,14;1111,2,6,14;1112,1,88;1113,4,19,39,42,60;1114,1,216;1065,2,4,22;1066,2,102,192;1035,1,98;1115,2,53,156;1075,2,65,184;1116,2,75,137;1117,1,114;1118,1,113;1014,1,210;1119,3,6,21,37;1041,1,70;1043,1,77;1120,2,40,189;1121,5,7,27,140,214,228;1050,1,75;1122,1,96;1053,3,76,119,224;1030,1,169;1097,2,99,107;1055,1,18
1024,24,48:999,4,8,25,38,120;1104,2,8,16;1034,2,8,16;1105,2,8,16;1106,2,8,16;1107,2,8,16;1108,2,8,16;1109,2,8,16;1110,3,8,16,126;1111,2,8,16;1123,1,15;1124,1,94;1001,1,92;1125,1,153;1074,2,76,213;1080,4,37,63,125,181;1081,7,80,109,131,151,171,203,218;1126,1,204;1042,1,41;1127,1,241;1045,1,96;1128,1,209;1122,1,98;1129,2,287,292
361,44,97:999,4,9,26,39,126;1130,1,104;1131,1,19;1132,2,18,47;1133,1,19;1134,2,14,36;1135,2,2,19;1136,2,2,12;1137,2,17,55;1138,3,1,10,20;1139,1,98;1125,1,154;1140,2,1,9;1141,2,2,7;1072,6,2,8,33,44,97,117;1142,1,54;1073,2,4,17;1143,1,26;1078,3,6,30,127;1011,3,6,29,117;1144,4,2,19,36,61;1145,2,2,14;1146,1,124;1082,1,165;1147,7,6,17,25,48,194,226,236;1148,1,338;1022,2,14,31;1121,3,8,28,215;1149,2,107,280;1092,1,184;1128,5,8,16,51,95,261;1150,4,5,23,44,187;1053,5,8,31,81,196,208;1029,3,6,20,82;1151,1,27;1152,1,27;1100,1,95;1153,1,69;1032,1,107;1101,1,302;1154,1,239;1103,1,191;1155,4,6,29,63,178;1156,2,1,10
407,45,73:999,4,10,27,40,127;1106,1,65;1107,1,153;1157,2,82,108;1060,1,63;1158,2,2,9;1003,2,54,143;1068,1,28;1159,1,229;1160,1,93;1161,1,456;1078,4,9,33,60,130;1011,4,9,32,58,120;1079,3,8,33,66;1146,1,31;1162,1,116;1163,1,94;1164,1,117;1165,1,112;1039,1,40;1166,1,66;1084,3,9,25,50;1018,1,26;1167,1,278;1168,1,45;1169,3,81,84,334;1170,3,6,21,35;1171,1,71;1172,1,34;1043,1,34;1173,1,72;1044,3,8,34,211;1050,1,34;1150,1,85;1027,1,105;1051,3,14,33,65;1174,4,4,25,51,180;1028,1,275;1031,1,52;1054,1,68;1175,1,175;1153,1,56;1102,2,153,182;1154,1,216;1176,1,90
4259,2,4:999,3,13,30,44;1062,1,73
1634,2,4:999,3,14,31,45;1018,1,68
337,61,110:999,4,15,32,46,86;1034,1,79;1105,2,60,92;1106,1,34;1177,3,138,442,494;1113,1,118;1001,1,167;1178,3,101,107,113;1066,1,126;1035,1,198;1004,1,267;1115,1,138;1179,1,33;1070,2,93,144;1180,1,153;1140,1,118;1181,1,130;1182,1,181;1161,1,199;1009,1,154;1078,1,107;1079,1,92;1116,1,182;1183,3,64,80,148;1184,1,48;1185,4,37,59,128,133;1013,1,137;1186,2,50,109;1187,1,50;1014,3,51,58,77;1188,1,54;1189,1,58;1040,2,90,194;1190,1,78;1017,4,5,16,45,284;1018,2,69,111;1191,2,325,360;1192,4,30,62,86,159;1193,1,169;1120,3,94,124,137;1194,1,43;1195,2,85,188;1121,3,84,180,220;1024,3,108,227,236;1196,1,92;1197,5,19,46,124,173,237;1090,1,224;1198,1,53;1199,1,51;1094,1,51;1174,2,117,193;1052,1,64;1095,1,70;1200,1,138;1201,9,53,58,63,79,101,117,137,151,186;1029,2,87,95;1030,3,205,231,268;1096,1,123;1054,1,137;1202,1,71;1055,1,30
1306,11,24:999,3,16,33,43;1177,1,135;1060,1,91;1001,2,72,153;1115,6,5,29,175,195,221,250;1007,1,67;1039,1,230;1171,2,141,262;1149,4,49,132,156,256;1197,1,93;1055,2,26,94
1205,40,89:999,4,17,34,47,51;1034,1,80;1134,1,134;1203,2,46,86;1177,1,139;1000,1,79;1060,1,96;1001,2,154,171;1002,2,55,122;1005,1,52;1159,1,258;1179,5,8,16,27,46,76;1204,1,139;1182,1,184;1013,1,26;1186,4,16,32,48,77;1205,5,182,202,224,255,276;1164,1,48;1015,1,104;1039,2,134,155;1040,5,55,85,97,150,192;1018,3,6,15,56;1043,1,182;1194,3,12,27,97;1121,2,10,30;1149,1,203;1206,1,174;1207,1,167;1024,7,5,14,20,52,94,135,222;1196,1,74;1197,3,83,184,234;1208,4,11,23,33,66;1090,4,7,18,33,136;1209,1,153;1050,1,185;1210,1,55;1095,2,138,177;1030,5,13,29,42,67,258;1129,1,189;1055,4,2,10,31,90
1061,19,20:999,1,49;1106,1,80;1211,1,26;1134,1,22;1212,1,73;1213,1,170;1214,1,31;1215,1,235;1216,1,36;1009,1,52;1163,1,28;1217,1,40;1218,1,42;1086,2,93,265;1219,1,32;1088,1,25;1120,1,161;1220,1,19;1221,1,104
1569,24,30:999,1,55;1222,1,33;1061,1,227;1223,1,31;1009,1,79;1037,1,150;1224,1,71;1225,1,126;1187,1,68;1191,1,271;1226,1,198;1170,1,108;1088,3,53,159,179;1089,1,75;1043,1,172;1044,1,149;1209,1,118;1227,1,44;1050,1,175;1174,3,19,40,142;1228,1,196;1099,1,44;1229,3,29,158,198;1176,1,128
1327,10,14:999,1,56;1230,3,1,4,23;1223,1,32;1182,1,148;1231,2,5,15;1082,1,145;1232,1,55;1195,1,101;1233,2,29,103;1200,1,119
2275,3,3:999,1,57;1113,1,68;1040,1,86
83,20,45:999,1,58;1105,1,78;1060,1,95;1001,3,74,147,332;1234,1,59;1068,1,71;1069,1,125;1004,4,5,17,38,275;1204,1,138;1079,2,237,281;1235,2,34,180;1039,4,14,29,113,243;1232,3,9,22,51;1194,1,55;1121,2,80,236;1197,4,87,94,271,286;1090,1,196;1236,1,59;1099,10,1,10,21,79,125,132,189,224,231,237;1176,1,40
1493,17,23:999,1,60;1001,1,225;1062,3,106,116,235;1065,1,40;1003,2,90,109;1067,4,56,164,215,232;1237,1,35;1238,1,186;1181,1,21;1076,1,111;1039,1,86;1194,1,59;1022,1,50;1044,1,118;1197,1,64;1052,1,226;1030,1,237
64,50,81:999,1,63;1033,1,106;1105,1,85;1136,1,49;1061,2,80,125;1067,1,140;1004,5,58,119,150,213,297;1005,1,123;1115,6,6,30,71,176,196,251;1070,1,205;1072,4,37,136,179,273;1239,1,44;1181,1,15;1161,1,63;1037,1,164;1240,1,169;1185,1,33;1013,2,43,153;1117,1,81;1235,1,29;1241,4,8,17,34,50;1242,2,75,161;1083,1,37;1084,1,302;1232,1,58;1167,1,206;1243,2,12,25;1088,1,244;1043,1,212;1244,1,41;1220,1,28;1173,4,2,13,34,148;1149,1,45;1050,1,217;1150,1,126;1245,1,88;1246,1,93;1095,3,10,30,64;1202,1,45;1247,1,131;1097,1,41;1228,3,5,13,38;1099,3,128,284,302;1055,1,88;1101,1,312;1154,1,86;1155,3,12,35,68;1248,2,65,73;1249,1,43;1250,1,43
2058,10,18:999,3,64,70,103;1177,1,258;1001,2,149,172;1014,1,130;1121,1,285;1197,2,131,185;1090,1,229;1053,1,99;1096,4,26,52,80,99;1099,2,84,185
2997,1,1:999,1,68
734,17,38:999,2,69,139;1251,5,2,6,20,29,32;1252,7,3,7,15,25,80,108,162;1001,1,73;1137,7,6,13,23,44,62,72,93;1140,1,113;1253,2,11,26;1254,2,8,18;1013,2,45,155;1188,1,120;1041,1,38;1018,1,43;1255,1,274;1170,1,130;1197,2,57,118;1095,1,47;1030,1,119
1202,52,91:999,3,72,111,121;1033,1,81;1034,1,54;1256,1,130;1257,1,150;1258,2,21,109;1259,4,23,31,64,86;1260,1,18;1058,1,169;1177,3,57,279,304;1135,1,149;1157,1,139;1000,1,70;1113,1,44;1065,1,88;1003,5,14,28,170,227,292;1261,1,60;1067,2,89,138;1068,3,37,63,133;1069,2,83,117;1004,4,53,80,156,210;1115,1,79;1072,1,85;1262,1,126;1160,1,37;1074,3,70,90,240;1078,2,140,157;1011,2,131,146;1079,1,84;1012,1,41;1263,2,2,9;1082,1,152;1015,1,67;1039,1,227;1040,3,98,208,256;1084,1,33;1017,1,26;1086,1,282;1264,1,40;1172,2,93,134;1265,1,39;1044,2,139,171;1025,3,7,26,42;1026,3,37,86,257;1210,1,23;1266,1,171;1052,1,164;1053,3,92,131,173;1030,5,2,18,62,203,215;1054,1,176;1267,2,2,15;1055,1,59
202,12,13:999,1,74;1259,1,33;1135,1,155;1268,1,54;1002,1,133;1077,1,72;1269,1,27;1014,1,294;1243,2,52,83;1168,1,174;1026,1,89;1270,1,71
343,53,105:999,1,76;1034,3,24,60,101;1107,2,59,84;1109,2,23,161;1110,2,17,41;1111,2,26,52;1261,3,14,37,63;1068,2,48,142;1179,2,35,55;1180,1,67;1036,3,58,111,119;1074,1,265;1271,3,8,18,34;1007,1,78;1075,2,53,200;1037,2,72,77;1076,4,24,49,58,76;1077,4,8,16,39,59;1080,1,109;1081,1,87;1272,2,117,122;1225,1,35;1118,4,34,48,156,197;1014,1,84;1273,2,111,117;1274,1,242;1275,1,162;1085,1,42;1041,4,5,14,30,124;1243,1,91;1276,1,41;1226,3,17,35,56;1171,1,31;1277,1,46;1220,1,183;1278,1,53;1173,1,40;1044,6,16,42,82,141,173,225;1121,1,106;1045,2,5,14;1024,3,1,10,79;1048,1,619;1279,2,72,125;1026,1,323;1266,4,63,88,153,178;1027,5,43,57,88,100,109;1094,1,71;1053,1,91;1030,1,151;1031,1,63;1202,3,6,21,48;1280,1,137;1281,3,1,9,57
217,109,265:999,2,78,131;1033,1,86;1034,1,116;1107,4,113,131,143,161;1108,1,68;1109,2,128,156;1110,1,128;1177,3,80,254,460;1000,3,14,29,73;1060,3,13,30,48;1001,6,19,49,82,100,124,340;1002,2,54,65;1062,5,57,133,141,163,196;1282,1,110;1178,1,119;1068,1,41;1004,6,8,20,41,77,84,218;1139,2,71,116;1005,2,14,30;1115,4,20,44,84,145;1070,3,35,78,90;1180,2,91,142;1231,2,9,19;1036,1,129;1007,1,71;1008,3,11,29,64;1009,2,169,221;1010,1,102;1075,1,107;1037,2,22,199;1038,1,26;1076,1,115;1183,2,91,154;1283,1,143;1185,2,58,132;1254,1,86;1013,6,7,19,50,104,175,180;1225,1,57;1269,1,244;1235,1,185;1205,4,181,201,223,275;1164,2,2,5;1284,1,115;1015,3,63,114,119;1016,4,77,106,115,175;1039,1,73;1273,2,133,167;1040,3,12,30,210;1084,1,37;1085,1,68;1190,1,73;1017,5,55,96,155,215,270;1041,1,34;1018,1,93;1218,2,26,104;1243,2,98,128;1086,2,194,303;1087,1,123;1169,3,161,290,366;1285,1,80;1192,4,144,216,231,253;1286,1,200;1264,1,45;1226,2,66,176;1170,1,120;1171,3,245,259,284;1277,2,40,108;1088,1,180;1089,1,60;1043,2,105,242;1287,1,165;1288,1,62;1173,1,157;1194,2,63,84;1127,1,209;1044,2,188,232;1121,6,16,36,60,96,157,175;1149,8,86,95,183,191,224,229,249,273;1197,3,9,36,71;1209,2,57,76;1289,1,71;1048,12,93,155,229,243,278,310,378,518,535,570,585,597;1279,2,47,128;1050,2,109,247;1246,2,188,215;1266,1,133;1027,1,159;1094,1,60;1051,6,117,129,138,163,178,209;1174,1,204;1052,6,46,123,154,159,208,216;1095,7,19,39,105,127,137,176,200;1053,3,19,42,63;1029,3,12,26,56;1030,6,80,94,138,186,195,287;1096,3,10,36,66;1031,4,55,70,83,95;1054,4,71,90,131,141;1202,6,8,23,51,64,79,161;1097,1,78;1175,1,151;1098,2,8,30;1290,1,161;1099,1,45;1055,3,7,15,62;1101,10,3,29,56,104,118,173,205,234,272,280;1154,1,207;1291,1,128;1056,1,37
218,67,108:999,1,79;1107,1,162;1109,1,157;1177,3,72,81,477;1001,5,20,50,83,101,125;1002,1,66;1062,1,58;1063,3,14,31,90;1223,2,9,19;1114,4,9,43,52,86;1004,3,9,21,42;1139,1,117;1125,1,118;1070,2,36,79;1180,1,92;1231,2,10,20;1292,1,192;1216,1,31;1009,1,170;1037,1,23;1183,1,92;1013,3,8,20,51;1225,5,10,20,66,99,142;1284,1,116;1015,1,115;1039,1,74;1242,1,92;1273,1,168;1040,2,13,31;1084,1,38;1275,2,121,267;1017,1,56;1041,1,35;1243,1,129;1293,1,83;1147,1,187;1169,1,162;1192,1,217;1294,4,15,30,51,80;1170,1,121;1171,1,185;1277,3,41,164,171;1089,1,61;1043,1,106;1288,1,63;1194,1,64;1127,1,210;1044,1,189;1121,2,66,97;1149,3,87,192,274;1207,1,105;1289,1,72;1279,1,48;1050,1,110;1245,1,129;1246,1,189;1094,1,61;1051,4,118,130,164,210;1174,1,205;1052,1,47;1202,3,9,24,172;1097,2,79,83;1290,1,162;1280,1,100;1055,2,8,16;1101,2,206,273;1056,2,38,82
3461,1,1:999,1,81
6785,1,1:999,1,83
18,41,80:999,1,88;1105,2,62,94;1106,1,36;1113,1,120;1178,4,21,53,84,103;1004,2,226,269;1159,1,46;1070,2,95,146;1180,8,10,42,88,113,119,155,210,220;1161,1,241;1009,1,156;1183,2,66,150;1184,1,50;1185,1,39;1013,1,139;1186,1,52;1117,1,149;1187,1,52;1014,1,79;1189,1,60;1040,3,92,177,286;1017,1,47;1018,3,113,150,173;1295,1,64;1170,1,83;1120,4,74,96,126,139;1121,2,182,222;1196,1,94;1197,6,24,51,78,126,239,277;1090,1,226;1198,1,55;1199,1,53;1174,1,119;1095,1,72;1201,9,55,60,65,81,103,119,139,153,188;1053,1,161;1029,3,89,97,131;1030,3,207,233,270;1096,1,125;1202,1,73;1101,1,197
296,80,116:999,2,89,133;1110,1,94;1258,2,74,101;1177,2,69,272;1296,2,48,85;1297,1,302;1298,1,80;1268,1,213;1001,2,267,342;1299,1,139;1062,2,70,234;1114,1,258;1065,1,93;1234,1,41;1067,1,132;1004,1,79;1300,1,101;1125,2,21,42;1180,1,199;1253,1,105;1161,1,368;1271,1,69;1007,1,73;1010,1,77;1075,2,102,181;1037,1,33;1077,1,120;1011,1,166;1012,1,53;1254,1,114;1013,1,73;1301,1,52;1225,2,59,110;1186,1,106;1235,2,159,279;1014,3,86,137,280;1082,2,135,149;1302,1,147;1016,2,79,211;1242,7,11,22,46,57,89,126,182;1040,2,88,253;1303,1,69;1274,1,214;1084,1,163;1275,1,255;1085,1,74;1243,1,126;1192,2,87,96;1226,3,68,76,178;1170,1,118;1277,2,37,182;1288,1,180;1265,1,42;1021,1,35;1127,1,213;1044,1,131;1121,1,183;1304,1,125;1289,1,67;1048,6,89,120,153,226,275,567;1279,1,41;1049,2,48,67;1027,1,157;1174,1,233;1052,2,161,210;1095,1,102;1305,1,40;1053,2,109,122;1030,1,208;1202,1,169;1129,1,148;1306,1,46;1097,1,74;1307,1,47;1099,1,177;1055,1,64;1153,1,30;1032,4,141,157,162,196;1308,1,146;1250,1,100
6786,1,1:999,1,91
6787,1,1:999,1,93
123,121,152:999,1,94;1104,1,55;1107,2,87,170;1108,3,21,34,87;1109,4,25,62,89,151;1256,1,41;1130,1,107;1258,1,114;1057,2,26,219;1259,1,29;1309,1,19;1310,1,52;1311,1,17;1312,1,149;1177,2,38,172;1313,1,16;1296,1,32;1314,1,31;1315,1,52;1316,1,28;1135,1,175;1298,1,32;1268,2,181,231;1157,2,69,90;1252,1,138;1317,1,33;1137,2,26,99;1282,1,46;1178,1,158;1223,1,48;1318,1,43;1065,1,127;1004,1,27;1300,1,56;1071,1,75;1140,2,74,95;1239,1,86;1262,2,52,104;1181,1,140;1142,2,76,107;1073,1,39;1160,1,77;1319,1,52;1182,1,78;1006,1,57;1074,1,54;1038,2,57,77;1320,3,20,68,102;1077,2,41,57;1078,1,173;1011,1,204;1321,1,36;1263,1,30;1322,1,25;1224,1,167;1240,1,159;1013,1,34;1323,1,83;1301,1,95;1225,1,38;1324,2,22,58;1241,1,168;1205,1,286;1126,1,193;1014,1,305;1165,1,19;1242,2,113,187;1189,1,85;1083,1,40;1325,1,44;1119,1,48;1274,1,232;1085,1,62;1217,1,91;1167,1,186;1168,2,39,213;1019,1,105;1294,1,82;1326,1,100;1255,2,250,263;1170,1,133;1171,2,55,162;1042,1,51;1172,1,18;1043,3,76,117,247;1120,1,128;1288,1,171;1021,1,31;1327,1,159;1045,1,37;1328,1,45;1196,1,15;1208,1,81;1090,1,162;1289,1,42;1279,1,112;1050,3,74,120,252;1245,1,105;1329,2,51,106;1198,2,99,115;1199,2,99,154;1266,1,65;1330,1,27;1236,2,35,73;1029,1,114;1202,1,33;1151,1,21;1152,1,21;1267,1,48;1331,1,132;1306,1,37;1175,1,50;1270,1,197;1099,1,257;1229,1,48;1332,1,26;1100,1,51;1281,1,123;1154,1,81;1291,1,132;1249,1,67
277,53,96:999,1,96;1104,2,3,11;1034,5,3,11,34,66,72;1105,2,3,11;1106,2,3,11;1107,2,3,11;1108,2,3,11;1109,2,3,11;1110,2,3,11;1111,2,3,11;1259,1,39;1222,1,156;1333,1,97;1177,1,18;1113,1,62;1060,2,72,126;1001,3,3,33,323;1318,3,5,22,52;1003,1,184;1261,2,2,25;1237,1,22;1125,1,150;1180,3,1,33,161;1074,3,78,93,104;1271,3,5,15,61;1010,4,14,32,39,47;1075,2,60,186;1320,1,55;1077,2,5,13;1078,1,120;1011,1,110;1225,3,21,114,132;1083,1,74;1166,1,166;1041,1,72;1020,1,217;1264,1,22;1226,2,37,152;1277,1,210;1288,1,201;1265,1,21;1047,1,20;1197,3,6,33,108;1227,2,2,16;1049,3,3,17,53;1026,2,17,34;1266,1,73;1027,1,154;1030,1,222;1096,2,81,106;1202,2,31,76;1334,2,5,15;1056,3,7,19,29
534,41,51:999,1,99;1107,2,70,107;1110,1,142;1257,1,72;1312,1,85;1212,1,38;1268,1,98;1061,1,159;1070,1,102;1180,1,100;1006,1,32;1009,1,91;1078,1,133;1011,1,124;1080,1,152;1183,1,186;1185,1,90;1269,3,134,158,184;1241,1,54;1014,1,45;1274,1,237;1017,1,95;1335,1,42;1243,1,111;1168,1,99;1147,1,167;1191,1,362;1336,1,103;1286,3,12,26,46;1226,4,12,30,51,120;1148,1,78;1089,1,62;1173,1,60;1121,1,47;1337,1,24;1196,1,138;1289,3,13,32,53;1279,1,119;1266,1,128;1330,1,54;1129,1,262
492,30,58:999,2,100,102;1338,3,7,15,24;1297,1,312;1318,3,4,21,51;1065,1,106;1003,4,10,24,169,223;1066,2,138,159;1180,1,101;1339,1,112;1340,1,46;1143,1,54;1271,3,9,19,35;1078,3,1,25,50;1011,2,1,24;1185,1,91;1014,1,94;1302,1,76;1040,1,103;1341,2,101,107;1342,5,86,119,124,136,140;1023,2,44,102;1195,2,161,256;1121,1,48;1304,3,9,19,23;1196,2,137,139;1210,3,41,125,158;1053,1,172;1129,1,263;1343,1,132;1306,3,11,23,30
406,42,68:999,1,101;1256,1,65;1203,1,80;1316,1,34;1135,3,10,27,147;1252,1,34;1136,2,55,66;1299,1,32;1344,2,9,19;1137,1,32;1114,1,112;1071,2,25,30;1140,2,54,78;1141,2,31,60;1072,1,200;1239,1,132;1238,3,13,27,110;1345,1,97;1262,1,94;1346,4,11,23,43,61;1073,1,61;1253,4,4,19,34,127;1347,2,224,232;1340,1,45;1143,1,53;1348,1,22;1144,4,4,21,38,72;1145,2,52,128;1146,1,47;1349,1,66;1269,1,237;1118,1,98;1166,1,115;1350,1,23;1351,2,6,13;1196,1,136;1210,1,137;1129,1,171;1352,2,54,75;1290,5,57,65,110,115,179;1308,1,62;1154,1,70
124,157,397:999,1,104;1033,2,115,148;1104,2,118,135;1034,2,27,29;1106,1,94;1108,1,71;1110,2,123,127;1260,1,32;1133,1,44;1333,3,8,22,37;1312,1,25;1058,2,52,141;1177,7,194,218,222,233,241,259,330;1353,1,71;1354,1,38;1135,2,17,34;1230,2,27,88;1212,1,39;1298,1,50;1268,1,200;1000,1,50;1113,3,8,28,61;1001,1,93;1136,1,63;1299,4,8,16,22,134;1137,4,31,66,76,97;1138,4,9,18,31,79;1002,2,98,134;1062,2,43,153;1282,1,80;1223,1,62;1355,1,123;1114,3,194,200,217;1318,3,1,18,48;1065,1,113;1003,4,12,26,182,225;1067,2,126,157;1356,1,24;1004,1,178;1005,2,90,113;1115,2,54,157;1357,1,36;1070,5,72,116,135,154,184;1071,2,33,35;1140,1,59;1141,1,28;1072,5,205,210,253,262,287;1358,4,18,37,66,81;1262,6,10,20,36,82,95,172;1346,1,98;1142,3,12,24,38;1073,2,74,105;1253,2,15,30;1160,3,12,30,51;1319,6,13,22,35,44,58,68;1215,3,41,78,117;1339,2,56,79;1182,4,8,18,82,95;1347,1,233;1359,1,118;1036,2,110,148;1074,2,77,214;1143,5,48,62,72,75,81;1009,1,190;1010,1,37;1075,6,66,118,162,180,185,191;1037,2,113,135;1080,4,38,64,126,182;1081,4,81,110,132,152;1144,4,8,25,42,76;1145,1,166;1146,1,132;1360,2,7,15;1240,1,33;1283,1,46;1184,2,107,189;1272,1,59;1254,3,42,76,98;1013,1,82;1225,1,112;1269,4,32,41,59,107;1235,4,70,107,220,234;1241,2,145,152;1187,6,13,28,60,83,212,227;1014,4,188,192,208,211;1082,1,57;1165,1,80;1273,6,1,10,25,71,78,124;1166,2,116,161;1274,1,93;1084,7,5,21,65,109,130,248,282;1275,1,61;1085,5,1,11,35,55,76;1017,5,75,118,137,231,262;1041,4,29,53,71,157;1018,3,38,107,136;1217,4,26,57,73,106;1218,2,54,112;1232,3,4,17,80;1167,1,162;1243,1,45;1341,1,45;1086,2,376,384;1020,1,212;1087,1,46;1169,4,30,103,313,350;1285,1,64;1192,2,33,59;1276,1,55;1226,5,6,24,45,139,184;1295,1,100;1255,3,13,27,42;1170,2,53,103;1171,1,133;1277,1,43;1219,1,64;1172,1,76;1088,1,259;1043,4,78,121,163,185;1244,1,36;1120,4,41,153,190,220;1288,2,89,215;1350,1,27;1265,1,19;1121,6,136,141,197,248,264,296;1024,4,2,11,73,122;1196,1,77;1047,1,19;1197,6,5,32,107,198,220,267;1090,2,95,147;1209,2,32,120;1361,1,71;1289,1,81;1048,2,104,407;1279,5,8,18,32,43,132;1050,4,76,124,166,188;1128,1,210;1093,1,81;1210,3,98,115,130;1266,2,71,214;1027,2,167,208;1053,3,77,120,225;1029,1,126;1030,2,170,265;1096,8,96,137,140,176,193,233,236,257;1202,4,35,75,102,197;1129,6,95,191,204,244,288,293;1097,2,100,108;1307,1,52;1175,4,11,23,42,164;1228,1,41;1290,6,52,58,116,123,175,180;1055,3,3,11,19;1101,7,13,39,208,223,249,284,316;1308,11,14,33,55,184,201,212,217,241,275,284,308;1154,7,19,39,71,116,150,205,236;1291,1,157
1259,14,19:999,1,106;1105,2,64,106;1234,1,61;1204,1,126;1180,1,103;1074,2,111,306;1079,3,119,239,283;1086,1,409;1295,1,116;1127,1,163;1121,1,50;1174,1,138;1096,2,91,171;1129,1,265
1603,23,34:999,2,107,117;1033,1,29;1259,1,103;1203,1,72;1252,2,130,208;1204,1,127;1180,1,104;1339,1,114;1074,1,293;1079,3,120,240,284;1360,1,206;1349,2,10,25;1187,4,110,320,507,525;1295,2,117,152;1127,1,164;1121,1,51;1174,2,139,177;1029,1,84;1096,2,92,172;1129,1,266;1331,1,63;1247,1,104;1156,1,180
1047,8,26:999,1,114;1001,11,6,36,63,133,191,213,229,240,243,273,337;1125,2,51,106;1180,7,29,61,127,159,165,191,204;1295,1,151;1172,1,62;1022,1,122;1128,2,167,228
1847,6,9:999,1,116;1180,4,16,48,76,129;1011,1,196;1362,1,152;1018,1,167;1026,1,158
968,17,25:999,1,123;1177,1,88;1002,2,41,79;1125,1,158;1074,5,9,22,41,84,120;1008,1,170;1010,1,56;1224,1,111;1225,3,30,49,119;1040,1,123;1084,2,62,88;1148,1,202;1044,1,128;1025,1,76;1051,1,84;1029,1,80;1055,1,85
906,16,17:999,1,125;1258,1,132;1057,1,94;1125,1,167;1072,1,80;1239,1,89;1349,1,95;1235,1,238;1085,1,86;1190,1,123;1017,1,187;1169,1,98;1026,1,287;1094,1,107;1247,2,114,171;1363,1,156
1533,10,11:999,1,128;1107,1,176;1110,1,76;1297,1,299;1012,2,50,114;1225,1,55;1089,1,54;1027,1,155;1052,1,206;1291,1,139
1163,39,67:999,1,130;1130,1,59;1057,2,67,130;1260,2,43,64;1364,1,58;1365,1,101;1177,3,116,452,482;1135,2,163,203;1157,1,148;1002,1,113;1237,2,74,103;1366,1,57;1004,1,302;1005,2,54,106;1125,1,115;1072,2,57,133;1239,3,38,83,106;1073,1,97;1182,1,25;1036,2,91,118;1008,1,119;1009,5,11,23,30,87,134;1037,2,124,194;1078,3,2,26,51;1011,2,2,25;1012,1,95;1014,1,202;1242,1,49;1040,1,134;1044,1,191;1121,1,92;1048,1,295;1091,1,36;1026,1,65;1122,3,13,27,51;1030,3,133,145,181;1031,3,88,106,116;1054,3,80,106,149;1101,2,114,242
228,126,287:999,1,132;1033,1,87;1034,1,117;1106,1,75;1107,4,114,132,138,144;1108,1,69;1109,1,129;1110,2,129,131;1177,9,236,243,271,372,378,454,461,467,484;1297,2,370,403;1367,2,224,240;1000,3,15,30,74;1060,3,14,31,49;1001,1,341;1062,3,134,142,164;1282,2,111,117;1178,1,120;1063,6,65,106,123,134,144,161;1355,3,17,35,81;1114,5,171,177,285,289,329;1368,1,67;1213,1,54;1261,1,54;1067,1,21;1068,2,31,42;1004,3,78,85,219;1139,1,72;1115,5,21,45,85,93,146;1070,1,91;1180,1,143;1160,1,42;1036,1,130;1074,1,33;1007,1,72;1008,3,12,30,65;1009,1,222;1010,2,54,103;1075,1,108;1037,1,200;1038,1,27;1076,2,116,123;1183,1,155;1283,1,144;1254,1,87;1013,2,105,111;1225,1,58;1269,1,245;1235,2,173,186;1241,1,160;1014,3,96,117,123;1082,1,115;1015,3,64,89,120;1016,7,78,88,107,116,148,176,253;1242,2,10,21;1369,1,130;1273,1,134;1040,2,215,252;1325,2,99,103;1166,1,47;1275,6,77,95,170,183,186,198;1085,1,69;1190,1,74;1017,8,65,97,146,156,216,219,225,271;1018,1,94;1218,2,27,105;1335,1,69;1243,1,99;1086,4,136,195,304,310;1020,1,126;1087,1,124;1169,1,367;1285,1,81;1192,3,145,232,254;1264,2,46,112;1226,5,67,75,109,116,177;1171,4,207,246,260,285;1277,5,67,98,109,147,152;1370,2,128,159;1043,1,243;1220,1,158;1287,1,214;1173,1,158;1194,2,85,126;1044,1,233;1121,5,17,37,61,158,176;1304,1,39;1149,6,59,96,120,154,164,250;1207,1,129;1197,3,10,37,72;1209,2,58,77;1048,13,94,156,230,244,279,311,379,459,519,536,571,586,598;1279,1,129;1050,1,248;1150,2,149,202;1246,1,216;1266,1,134;1027,2,28,160;1051,2,139,179;1052,5,124,155,160,209,217;1028,2,212,234;1201,1,200;1053,4,20,43,64,108;1030,9,81,95,105,139,187,196,288,306,311;1096,3,11,37,67;1031,4,56,71,84,96;1054,4,72,91,132,142;1202,4,52,65,80,162;1129,1,103;1151,1,42;1175,1,152;1098,4,9,11,31,33;1371,1,54;1270,1,81;1099,1,46;1280,1,103;1055,2,63,72;1101,11,4,30,57,85,105,119,171,174,235,281,289;1308,1,207;1154,3,108,125,208;1221,1,76;1291,1,129;1155,1,290;1334,2,25,85;1056,1,66;1372,1,30;1250,1,74
1339,17,27:999,1,136;1298,1,85;1035,1,173;1142,1,109;1079,1,263;1269,1,124;1187,1,98;1126,1,123;1082,1,197;1165,6,7,14,33,62,146,182;1040,1,69;1169,1,266;1326,1,80;1170,1,74;1127,1,167;1044,1,120;1246,6,8,21,79,125,162,211
883,5,14:999,1,140;1177,8,152,198,214,356,370,448,487,497;1001,2,78,162;1070,1,127;1246,2,107,229
469,57,88:999,1,143;1256,2,134,138;1123,3,151,159,161;1338,1,81;1312,1,198;1177,1,417;1373,1,55;1296,1,57;1135,1,73;1230,1,102;1268,4,2,14,72,212;1252,1,10;1000,1,109;1113,3,12,32,47;1062,1,166;1065,3,9,27,74;1234,1,54;1066,5,18,48,80,89,182;1035,4,5,26,53,212;1070,1,112;1180,1,123;1253,1,94;1215,1,199;1182,1,28;1340,1,61;1074,1,299;1077,1,118;1362,1,120;1012,1,98;1374,1,33;1301,1,35;1235,1,278;1164,1,115;1086,1,135;1191,2,70,84;1169,1,168;1294,1,49;1171,1,79;1288,1,87;1351,1,39;1046,1,85;1149,1,29;1197,1,274;1090,1,223;1128,3,170,181,238;1122,2,5,19;1027,1,60;1028,1,233;1053,1,191;1129,1,185;1267,1,66;1343,5,1,11,40,89,103;1306,2,82,97;1247,2,8,20;1097,2,118,127;1307,1,18;1290,4,21,112,121,143
3320,3,3:999,1,144;1147,1,152;1096,1,260
46,69,118:999,1,145;1033,1,100;1130,1,76;1258,1,63;1133,1,103;1058,1,235;1177,1,469;1157,1,77;1344,1,56;1002,1,102;1282,1,76;1114,1,261;1065,2,18,36;1003,3,47,179,197;1066,1,204;1067,1,120;1068,1,122;1005,1,130;1115,2,10,34;1180,1,138;1214,1,18;1253,3,2,17,68;1359,3,2,17,109;1006,3,1,12,24;1074,1,173;1161,3,123,164,348;1009,1,50;1075,1,166;1076,2,5,30;1079,3,1,26,59;1080,3,5,23,42;1116,3,6,26,66;1145,2,26,86;1146,2,23,43;1322,1,87;1225,1,137;1324,1,84;1126,1,130;1014,2,2,22;1015,1,48;1016,5,1,14,51,132,162;1369,4,2,11,44,90;1189,1,110;1083,1,152;1325,3,16,32,80;1119,2,81,105;1274,1,121;1084,2,2,18;1017,4,2,13,87,102;1217,2,32,94;1243,1,96;1087,2,85,88;1336,1,192;1171,1,65;1173,1,152;1022,2,8,25;1121,2,1,21;1090,2,112,145;1209,1,170;1245,3,2,14,26;1052,3,152,172,214;1028,1,206;1202,1,127;1306,1,95;1175,1,159;1290,2,62,150;1101,4,1,27,54,124;1154,1,203;1250,1,81
1987,12,14:1033,2,1,9;1257,1,149;1137,1,85;1234,1,109;1004,1,270;1271,2,1,11;1043,1,221;1048,1,647;1375,1,62;1050,1,226;1093,1,107;1026,1,82
1115,16,19:1033,2,2,10;1268,1,53;1299,1,119;1114,1,324;1234,1,26;1004,1,30;1074,1,36;1143,1,103;1348,1,13;1010,2,3,21;1322,1,23;1118,2,2,14;1043,1,79;1048,1,628;1050,1,77;1250,1,35
5693,1,2:1033,2,4,12
684,46,106:1033,5,5,13,38,75,113;1105,3,52,66,118;1106,2,31,78;1177,1,510;1297,1,228;1002,2,124,147;1004,3,92,139,205;1139,3,14,28,49;1159,4,165,182,220,265;1070,4,46,76,140,164;1358,3,4,23,55;1231,2,6,16;1161,4,4,16,42,73;1037,1,117;1184,2,46,52;1117,4,7,14,54,144;1376,3,12,24,60;1039,1,244;1242,5,5,16,26,84,135;1040,3,42,160,248;1086,1,268;1293,1,69;1087,3,67,146,165;1169,2,158,187;1377,1,38;1295,2,11,24;1170,1,131;1171,3,142,264,291;1043,4,8,19,38,102;1288,2,7,23;1045,1,45;1046,1,120;1206,2,5,12;1024,1,210;1196,1,119;1025,1,48;1090,2,11,22;1209,4,36,167,199,252;1050,4,8,19,38,106;1246,1,166;1027,1,107;1029,3,10,24,45;1030,3,16,32,45;1129,1,130;1100,2,10,23;1248,2,53,72
94,55,151:1033,5,7,15,24,95,180;1104,2,20,98;1107,1,35;1109,2,37,113;1282,2,19,39;1037,4,1,4,8,42;1038,4,4,10,16,35;1076,2,23,48;1183,2,5,13;1283,2,2,10;1235,5,7,15,25,60,126;1241,4,1,10,27,43;1187,1,46;1014,4,19,39,72,297;1082,3,14,29,51;1039,3,7,22,44;1040,1,60;1303,1,47;1017,2,7,18;1041,4,1,10,32,42;1018,4,1,10,21,100;1232,3,8,21,33;1341,3,6,15,20;1169,2,49,150;1377,3,1,14,32;1342,1,92;1089,3,8,18,57;1043,4,10,21,24,104;1278,5,4,9,68,76,112;1288,2,15,31;1265,2,3,12;1327,1,84;1045,3,48,71,130;1046,1,119;1328,3,1,5,53;1196,1,23;1025,3,9,28,44;1090,4,1,12,28,125;1209,7,4,14,38,91,108,248,300;1361,1,34;1049,2,6,20;1050,4,10,21,24,108;1053,1,57;1030,1,76;1031,2,21,42;1054,3,16,33,54;1129,4,6,14,33,146;1099,5,66,136,198,254,275;1280,1,136;1055,3,6,14,42;1153,3,1,8,77;1291,3,11,23,33;1176,3,8,18,53;1334,4,7,17,22,82;1056,2,10,22
200,30,58:1033,2,8,16;1107,1,36;1378,2,8,16;1035,1,78;1070,2,7,20;1358,2,11,30;1161,2,115,372;1010,2,18,36;1015,2,6,17;1016,4,13,26,111,244;1191,1,207;1342,1,33;1171,1,167;1043,2,11,22;1265,2,4,13;1127,2,24,48;1045,1,50;1149,3,14,28,248;1024,2,9,18;1025,3,10,29,45;1209,2,39,301;1050,2,11,22;1092,2,11,22;1128,1,221;1150,1,162;1245,1,163;1246,3,114,131,134;1174,3,16,37,63;1052,2,7,21;1032,3,11,22,69
1817,14,18:1033,1,17;1338,1,42;1177,2,42,392;1001,1,282;1068,1,83;1180,1,212;1008,1,103;1040,3,157,162,181;1255,2,219,253;1148,1,27;1090,1,216;1174,1,226;1200,1,140;1096,1,160
2285,2,2:1033,1,18;1255,1,220
127,74,121:1033,3,19,50,63;1130,1,115;1311,1,23;1312,1,96;1373,2,37,123;1354,2,156,162;1379,3,84,116,140;1316,2,26,55;1230,2,35,75;1212,3,2,12,96;1298,1,18;1268,1,125;1252,1,158;1367,1,271;1059,3,3,16,40;1136,1,46;1380,2,8,25;1002,1,26;1178,1,138;1063,1,139;1064,1,32;1368,3,7,19,34;1139,3,2,16,108;1159,1,217;1300,1,107;1072,2,245,281;1239,1,69;1345,1,68;1346,1,80;1347,2,21,249;1340,3,2,8,26;1292,2,15,172;1183,3,77,117,137;1162,2,126,136;1240,3,129,137,203;1184,1,158;1272,3,74,148,158;1186,1,90;1117,5,3,10,21,127,136;1241,1,90;1187,1,248;1205,1,233;1188,1,31;1242,2,41,111;1166,1,99;1274,1,210;1167,1,110;1335,1,64;1168,3,2,19,66;1169,2,302,375;1377,1,44;1276,1,65;1326,1,123;1370,1,104;1287,1,228;1304,1,179;1045,1,21;1046,1,48;1207,1,53;1361,2,3,16;1289,3,2,21,40;1128,2,74,82;1150,4,2,20,68,92;1233,2,44,147;1096,1,168;1175,1,122;1352,1,43;1228,1,21;1229,2,128,145;1100,1,67;1102,2,75,111;1176,1,124;1248,1,75;1334,1,65
390,39,62:1033,1,22;1130,1,128;1311,2,25,73;1132,1,48;1338,1,28;1134,1,69;1353,3,24,55,58;1354,1,130;1297,2,71,217;1124,1,103;1298,1,116;1268,2,163,177;1381,1,64;1158,1,119;1159,1,30;1072,2,34,193;1347,1,106;1340,3,6,12,30;1271,1,56;1146,1,20;1272,2,39,135;1301,1,61;1187,3,178,197,438;1205,1,302;1164,1,100;1189,2,7,18;1274,1,205;1020,2,7,21;1287,1,135;1288,1,192;1304,2,43,175;1327,2,29,60;1382,1,134;1343,1,61;1306,1,50;1229,2,97,147;1332,2,51,86;1153,2,24,62;1155,6,9,32,58,158,170,181
423,54,99:1033,2,25,181;1104,2,2,10;1034,2,2,10;1105,2,2,10;1106,2,2,10;1107,2,2,10;1108,2,2,10;1109,2,2,10;1110,2,2,10;1111,2,2,10;1177,1,77;1060,4,3,20,68,71;1178,1,143;1158,1,140;1035,3,21,42,74;1237,1,72;1366,1,56;1004,1,49;1005,2,2,18;1161,8,48,98,114,132,138,178,209,271;1009,1,226;1037,1,30;1038,1,36;1077,1,89;1078,2,135,144;1011,5,101,106,126,135,168;1362,5,35,54,78,89,136;1012,2,40,58;1283,1,142;1013,1,149;1039,1,42;1189,1,117;1019,1,19;1087,1,126;1171,4,148,166,209,266;1172,2,125,133;1088,1,303;1278,1,154;1195,2,83,186;1304,1,63;1327,1,85;1328,2,38,51;1149,1,272;1024,1,143;1209,1,298;1245,1,127;1122,3,12,26,50;1095,1,61;1200,1,136;1129,1,142;1100,2,13,26;1153,4,2,9,78,97;1032,1,112;1101,1,79
2585,10,10:1033,1,26;1057,1,135;1333,1,68;1061,1,298;1072,1,67;1277,1,179;1278,1,168;1287,1,257;1233,1,156;1383,1,116
6788,3,5:1033,1,32;1072,1,17;1205,3,179,221,273
1139,16,25:1033,1,33;1002,2,31,145;1355,3,11,29,42;1139,2,10,24;1204,1,108;1215,1,108;1074,2,3,16;1349,1,60;1341,1,27;1087,1,31;1226,3,8,26,47;1170,2,13,28;1148,1,132;1206,1,156;1363,2,9,26;1334,1,27
507,40,56:1033,2,35,133;1107,1,25;1109,1,70;1131,1,29;1222,1,143;1058,1,87;1297,1,398;1157,1,120;1384,1,48;1158,1,94;1125,1,180;1071,1,53;1140,1,19;1239,1,118;1215,1,263;1385,1,26;1008,1,168;1187,1,149;1082,1,62;1164,1,127;1015,1,108;1273,1,181;1255,1,82;1046,1,89;1208,2,5,17;1128,3,25,55,218;1093,3,5,23,38;1026,3,4,21,245;1386,2,72,158;1266,3,1,11,36;1027,4,4,17,34,51;1028,2,139,231;1305,2,2,13;1383,1,25;1053,1,163;1352,1,21;1228,1,149;1270,1,137;1229,1,280;1153,1,110
754,41,76:1033,2,37,74;1105,1,83;1106,3,25,52,77;1177,1,27;1060,2,9,26;1114,2,159,236;1068,1,70;1004,3,4,16,37;1139,2,11,25;1005,1,88;1179,1,31;1007,3,4,10,36;1037,2,116,184;1077,1,34;1183,3,6,14,24;1283,1,30;1235,3,2,10,33;1014,1,53;1015,1,143;1039,1,242;1040,1,247;1274,3,8,18,36;1017,3,10,21,39;1232,2,7,20;1293,1,64;1377,1,36;1043,4,7,18,101,231;1288,2,5,21;1194,3,11,26,54;1045,1,44;1046,1,118;1207,1,166;1197,2,16,43;1049,1,74;1050,4,7,18,105,236;1129,2,128,187;1100,2,8,21;1055,2,1,9;1176,1,46;1248,2,70,148;1334,2,29,78
5200,4,6:1033,1,40;1161,1,184;1303,3,8,19,60;1099,1,74
142,59,177:1033,3,42,123,157;1104,1,163;1034,2,30,68;1177,7,22,294,345,395,413,488,516;1367,2,64,137;1380,4,15,32,46,52;1178,1,127;1067,2,91,104;1068,1,161;1387,2,29,49;1069,1,22;1004,2,133,147;1005,2,10,26;1115,6,16,40,170,182,190,225;1231,1,38;1161,3,1,13,328;1038,1,68;1076,3,11,36,97;1077,4,3,11,26,53;1283,1,61;1272,4,6,19,46,102;1225,3,1,11,25;1186,4,12,28,118,131;1235,1,222;1241,3,64,74,81;1014,5,13,33,245,278,287;1165,8,6,13,38,52,61,76,145,181;1039,8,1,16,50,88,101,157,184,201;1369,1,50;1189,2,67,90;1166,2,21,164;1275,6,1,16,34,144,216,236;1335,1,87;1293,1,129;1192,2,189,195;1226,5,1,19,40,135,165;1171,5,2,13,26,47,118;1277,4,5,14,191,208;1148,2,54,333;1278,3,137,143,146;1288,2,2,18;1173,3,70,101,167;1350,1,79;1327,1,64;1149,3,10,24,236;1197,6,2,29,162,189,243,260;1246,9,7,20,42,58,78,124,161,210,218;1266,1,185;1305,1,56;1383,1,49;1236,2,2,11;1202,2,90,130;1175,5,7,19,38,91,161;1229,1,226;1101,2,152,156;1154,4,13,33,74,228;1248,6,1,13,44,55,89,113;1334,4,3,13,91,110;1056,4,5,17,27,51
446,45,127:1033,3,43,124,158;1034,2,31,69;1177,3,23,295,346;1387,1,30;1004,2,134,148;1005,2,11,27;1115,6,17,41,171,183,191,226;1161,2,2,14;1388,1,30;1038,1,69;1076,3,12,37,98;1077,4,4,12,27,54;1272,6,9,22,49,88,103,110;1225,2,2,12;1186,4,13,29,119,132;1235,1,223;1014,5,14,34,246,279,288;1039,8,2,17,51,89,102,158,185,202;1369,1,51;1189,1,68;1166,2,22,165;1275,3,2,17,35;1335,1,88;1243,1,105;1293,1,132;1192,1,190;1342,1,62;1226,5,2,20,41,136,166;1171,5,3,14,27,48,119;1277,4,6,15,192,209;1148,1,55;1172,1,30;1288,2,3,19;1173,3,71,102,168;1350,1,80;1149,3,11,25,237;1197,5,3,30,163,190,244;1236,2,3,12;1202,2,91,131;1175,5,8,20,39,92,162;1101,2,153,157;1154,4,14,34,75,229;1248,6,2,14,45,56,90,114;1334,4,4,14,92,111;1056,4,6,18,28,52
861,22,48:1033,2,44,125;1105,1,107;1107,1,126;1365,1,65;1177,6,24,347,396,414,489,517;1381,3,2,11,42;1067,3,167,189,220;1237,3,6,12,25;1004,7,35,69,113,169,291,300,320;1115,1,66;1076,3,9,34,95;1014,1,289;1039,3,90,103,159;1275,2,145,221;1293,1,150;1276,1,98;1277,2,135,193;1021,1,81;1337,1,120;1200,1,75;1236,2,23,43;1334,2,93,112
487,37,45:1033,1,47;1257,1,33;1389,1,62;1057,1,250;1123,1,160;1211,1,98;1297,1,383;1268,1,219;1299,1,51;1061,2,37,329;1381,1,98;1067,1,143;1004,1,307;1300,1,84;1358,1,83;1215,1,242;1161,2,65,389;1388,1,32;1008,1,126;1362,2,39,117;1184,1,183;1165,1,163;1039,1,195;1191,1,217;1171,2,223,276;1193,1,183;1088,1,129;1173,1,145;1045,1,106;1048,2,249,643;1150,1,248;1245,1,167;1027,1,116;1051,1,161;1200,1,204;1032,4,53,138,211,288;1248,1,68
628,48,65:1033,1,48;1105,1,35;1157,1,122;1251,1,68;1252,1,48;1001,1,89;1061,1,38;1064,1,27;1381,1,44;1261,3,10,33,95;1067,3,96,162,213;1004,1,155;1139,2,115,119;1159,1,216;1300,1,122;1073,1,106;1319,1,87;1074,3,4,17,80;1348,1,9;1292,1,190;1075,1,68;1011,2,140,154;1116,4,16,36,70,213;1362,2,5,13;1322,1,21;1162,1,59;1272,1,34;1014,1,272;1040,2,130,206;1190,1,125;1168,1,207;1191,1,394;1326,2,52,67;1170,1,129;1288,1,163;1127,3,19,43,67;1304,1,136;1245,2,50,95;1198,1,96;1094,1,171;1051,1,116;1095,1,274;1096,1,188;1031,1,32;1054,1,44;1152,1,37;1099,1,240;1390,1,51
30,68,117:1033,1,53;1108,1,31;1131,1,16;1133,2,31,58;1134,1,33;1391,1,66;1135,1,79;1230,1,11;1268,1,60;1367,1,206;1299,2,68,109;1061,3,67,92,169;1223,1,28;1064,1,68;1213,1,192;1158,1,64;1159,5,90,99,148,155,250;1238,1,37;1142,1,116;1347,2,24,39;1161,1,84;1388,3,14,41,82;1362,1,142;1146,1,39;1183,1,76;1162,1,120;1301,2,69,88;1376,2,65,73;1235,3,5,13,91;1187,3,32,134,139;1205,1,109;1164,1,133;1302,4,7,14,24,102;1284,1,38;1189,1,36;1303,2,108,122;1274,3,10,20,62;1218,2,82,90;1167,2,59,248;1086,2,100,142;1168,2,17,34;1169,1,18;1377,3,68,73,84;1342,1,170;1171,1,24;1193,5,58,74,78,81,97;1370,2,23,32;1278,2,44,63;1287,2,96,108;1288,1,109;1350,2,68,81;1351,1,16;1206,1,150;1090,1,51;1361,2,6,19;1092,1,106;1386,1,18;1305,1,112;1343,2,98,115;1228,2,106,243;1229,2,223,303;1100,1,37;1153,2,7,14;1032,3,2,13,258;1390,4,22,37,116,125;1291,2,63,94;1155,1,205;1156,2,24,117
25,18,26:1033,1,56;1059,1,66;1114,4,10,26,53,69;1064,2,46,80;1262,1,155;1009,1,176;1079,2,253,261;1012,1,90;1039,1,32;1226,1,121;1023,1,97;1024,1,57;1092,2,24,165;1233,1,158;1027,1,190;1200,1,77;1247,3,25,116,121;1281,1,135
2542,3,5:1033,2,59,127;1040,1,207;1030,2,1,17
6,36,47:1033,1,60;1258,1,61;1057,1,207;1212,1,23;1387,2,3,10;1159,2,2,10;1300,1,28;1008,2,2,20;1079,1,57;1116,3,3,23,64;1162,1,21;1187,2,2,17;1039,1,36;1273,1,202;1303,1,24;1274,1,190;1217,1,10;1086,1,68;1336,1,16;1377,1,29;1226,1,95;1277,1,21;1148,1,216;1042,2,2,7;1120,3,2,7,235;1278,1,74;1288,1,114;1194,1,121;1023,1,53;1044,1,77;1327,2,26,41;1196,1,18;1090,1,114;1094,2,1,12;1030,1,47;1176,1,22
910,11,15:1033,2,65,114;1138,1,45;1061,1,303;1007,1,42;1301,1,92;1205,2,209,283;1274,1,21;1217,2,8,99;1293,1,96;1090,1,24;1102,2,147,214
3942,3,3:1033,1,66;1252,1,175;1129,1,63
8,90,116:1033,1,69;1034,1,74;1110,1,91;1131,2,31,53;1257,1,52;1057,4,58,65,128,177;1364,1,24;1058,2,21,112;1177,1,59;1354,1,169;1297,1,74;1059,1,86;1113,1,64;1060,1,74;1001,1,324;1138,1,53;1282,2,73,104;1223,1,40;1392,1,75;1381,1,27;1003,1,33;1387,1,19;1004,2,81,93;1159,1,20;1300,1,145;1214,1,74;1182,1,126;1074,2,37,115;1143,1,95;1161,1,60;1007,2,17,52;1075,2,44,62;1078,3,55,149,163;1011,3,53,138,152;1079,3,55,86,127;1144,1,87;1241,1,71;1015,1,146;1039,1,62;1273,1,22;1303,1,39;1083,2,58,76;1166,1,168;1041,1,83;1217,1,12;1335,1,89;1086,3,12,229,284;1293,1,135;1169,1,58;1336,1,18;1295,1,30;1277,1,23;1148,1,281;1088,1,256;1043,1,81;1393,1,16;1194,1,33;1023,1,28;1127,1,206;1044,1,146;1195,2,27,97;1149,1,116;1206,1,163;1207,1,82;1047,1,21;1209,2,24,205;1361,1,46;1048,2,315,339;1375,1,58;1279,1,23;1050,1,79;1092,1,48;1245,1,115;1026,1,334;1266,1,168;1027,1,49;1094,1,147;1200,2,53,115;1236,1,47;1030,2,64,217;1096,2,87,108;1031,1,27;1054,1,39;1202,1,84;1153,1,43;1032,2,204,278;1102,1,195;1176,1,24;1155,1,198;1156,1,201
54,178,548:1033,1,72;1104,2,21,99;1106,3,19,71,97;1107,5,31,60,69,104,125;1109,3,34,55,93;1110,6,18,28,40,118,137,139;1131,1,60;1123,1,55;1177,2,185,445;1367,1,270;1113,1,154;1061,5,61,122,142,149,163;1380,1,47;1002,2,30,109;1282,2,20,40;1063,3,3,20,50;1223,5,2,12,89,93,101;1355,7,10,28,41,74,102,110,117;1114,6,2,25,45,68,104,223;1064,5,5,13,17,37,63;1378,4,2,10,27,43;1368,1,55;1392,1,83;1234,1,81;1004,1,313;1139,2,5,19;1005,6,8,24,61,134,142,148;1115,5,2,26,58,117,122;1159,6,7,15,33,62,146,234;1179,4,3,11,56,176;1204,3,12,24,45;1072,2,24,63;1358,1,40;1214,1,114;1359,5,8,23,32,72,99;1385,1,65;1036,3,18,41,64;1074,7,2,15,49,133,144,190,194;1388,3,2,8,17;1292,2,58,199;1007,1,25;1008,3,7,25,60;1009,4,99,118,187,214;1075,1,201;1037,1,198;1038,1,31;1076,2,80,129;1079,1,131;1080,1,127;1081,1,85;1183,1,55;1224,4,12,24,65,121;1162,4,3,11,28,40;1240,9,8,16,30,72,161,174,178,184,193;1184,5,29,40,60,102,130;1185,2,30,62;1254,4,22,33,65,104;1323,4,2,7,21,88;1301,3,1,9,91;1117,3,20,59,66;1163,4,2,8,15,47;1269,8,35,44,132,143,166,215,238,256;1235,7,8,16,26,41,46,61,149;1241,3,3,12,29;1187,1,47;1205,4,8,19,29,215;1126,5,67,92,119,140,170;1014,4,20,40,143,301;1082,4,15,30,52,101;1165,1,50;1302,4,45,61,117,132;1284,4,7,14,21,122;1016,1,208;1039,2,8,23;1273,3,30,51,193;1083,4,34,113,188,218;1325,3,2,18,50;1166,8,4,8,14,52,55,97,125,175;1119,3,3,18,34;1274,4,31,79,102,204;1084,3,215,271,292;1085,2,10,20;1190,5,10,20,26,46,109;1017,2,8,19;1041,2,33,175;1018,3,2,11,86;1217,4,52,68,85,102;1218,3,3,13,23;1232,2,34,47;1167,5,49,54,64,154,247;1335,2,32,50;1341,4,9,18,21,56;1086,5,61,334,354,398,427;1293,1,145;1147,2,38,74;1191,2,182,260;1394,6,23,52,60,114,134,141;1020,1,49;1087,1,29;1169,3,27,62,226;1285,4,2,9,16,44;1192,3,5,10,23;1336,2,2,9;1286,1,121;1377,4,3,16,34,46;1276,2,51,95;1342,4,2,13,24,105;1294,3,11,26,43;1295,4,7,20,52,141;1326,1,113;1170,3,12,27,42;1171,1,91;1277,2,190,220;1193,1,51;1395,1,36;1219,3,3,9,17;1148,1,74;1042,1,25;1172,2,16,75;1089,2,44,102;1370,6,8,16,29,49,148,167;1043,5,5,16,36,88,239;1393,7,1,7,21,42,67,86,93;1120,1,112;1220,1,84;1287,3,10,20,66;1288,4,16,32,132,204;1173,5,6,17,41,144,181;1350,3,3,10,16;1194,2,15,30;1022,3,17,34,73;1023,1,65;1127,2,107,110;1327,3,59,117,124;1045,2,66,79;1206,4,61,96,155,171;1207,7,10,20,37,41,63,142,171;1024,1,68;1196,3,2,7,24;1047,2,9,18;1197,2,114,119;1090,4,29,159,168,235;1209,6,5,15,109,127,179,249;1048,7,3,11,49,159,283,393,530;1279,1,64;1049,1,71;1050,5,5,16,36,92,244;1128,5,38,150,213,243,264;1150,1,186;1093,4,14,32,46,55;1245,4,44,57,82,122;1026,5,13,30,138,194,313;1210,1,83;1246,2,32,74;1198,2,15,30;1199,2,14,28;1174,2,106,156;1052,1,108;1053,2,143,187;1030,4,11,27,40,225;1031,3,23,103,122;1054,6,4,21,35,86,124,136;1129,6,2,10,45,55,69,215;1098,3,22,44,49;1228,2,24,218;1290,4,66,86,130,135;1099,3,6,15,30;1280,1,95;1229,5,64,75,107,263,273;1100,4,5,18,40,91;1153,1,81;1308,1,260;1281,2,2,10;1154,3,83,113,146;1291,5,12,24,34,120,136;1176,9,4,14,35,60,66,81,104,148,208;1248,3,130,137,156;1334,5,10,20,26,48,86
3601,3,3:1033,1,76;1066,1,78;1035,1,51
5695,1,4:1033,4,79,103,136,170
417,29,30:1033,1,82;1298,1,57;1063,1,113;1339,1,118;1010,1,50;1322,1,54;1235,1,197;1188,1,107;1015,1,25;1016,1,31;1325,1,109;1274,1,46;1017,1,28;1041,1,47;1018,1,51;1168,1,127;1377,1,79;1088,1,284;1287,1,221;1288,1,160;1045,1,33;1026,2,68,259;1175,1,117;1280,1,141;1308,1,51;1102,1,225;1363,1,111;1281,1,162;1221,1,95
1571,5,8:1033,2,90,145;1124,1,68;1004,3,12,24,45;1018,1,153;1045,1,93
6789,3,3:1033,1,93;1273,1,160;1017,1,32
903,11,20:1033,1,94;1104,2,24,126;1034,2,22,42;1107,4,30,116,159,180;1075,4,16,35,134,141;1037,1,60;1076,1,64;1272,1,115;1118,2,33,213;1017,1,34;1243,1,88
111,36,41:1033,1,98;1034,1,37;1001,3,120,122,268;1355,1,57;1114,1,166;1073,1,91;1008,1,68;1010,1,76;1075,1,182;1144,1,64;1145,1,43;1146,2,36,141;1301,1,27;1225,1,111;1186,2,54,112;1163,2,143,159;1118,1,53;1166,1,42;1087,1,103;1285,1,30;1286,1,50;1264,1,39;1120,1,29;1024,1,64;1092,1,108;1093,1,50;1386,1,40;1266,1,29;1028,1,217;1029,1,47;1031,1,36;1054,1,48;1098,1,51;1290,1,24;1101,1,68;1248,1,102
222,14,17:1033,1,102;1258,1,65;1379,1,101;1004,1,99;1143,1,74;1146,4,8,17,46,133;1225,1,77;1126,1,58;1275,1,125;1217,1,109;1147,1,243;1192,1,29;1174,1,191;1236,1,58
1659,1,1:1033,1,104
6790,5,9:1033,1,107;1105,1,86;1067,1,141;1004,5,59,120,151,214,298;1055,1,89
6791,2,2:1033,1,109;1055,1,93
879,8,15:1033,2,110,141;1106,1,26;1114,2,160,237;1377,1,37;1288,2,6,22;1129,2,129,188;1100,2,9,22;1248,3,52,71,149
1427,19,22:1033,1,111;1105,1,68;1123,1,26;1251,1,37;1159,1,144;1238,1,47;1143,1,45;1349,1,120;1232,1,45;1278,1,123;1351,1,21;1328,1,58;1206,1,92;1246,2,99,227;1343,1,148;1175,2,140,191;1290,1,13;1270,2,2,15;1291,1,44
1128,22,28:1033,1,112;1058,2,39,130;1354,1,37;1379,1,25;1230,1,18;1251,1,38;1252,1,11;1159,1,145;1346,1,44;1181,3,102,144,155;1347,1,27;1143,1,46;1301,1,60;1232,1,46;1192,1,26;1278,1,124;1328,1,59;1246,2,100,228;1175,2,141,192;1290,1,14;1270,2,3,16;1291,1,45
1018,36,60:1033,1,116;1105,1,75;1106,1,95;1057,1,33;1058,1,118;1354,1,41;1000,1,51;1061,1,235;1002,2,99,135;1062,1,44;1223,3,57,63,65;1065,1,114;1004,1,161;1115,2,55,147;1143,1,63;1292,1,179;1269,1,108;1376,1,130;1118,1,99;1014,1,247;1017,1,76;1018,1,137;1226,4,7,25,46,141;1255,4,14,28,43,243;1088,1,233;1043,1,122;1197,2,199,245;1209,1,33;1050,1,125;1198,6,4,19,33,58,131,142;1199,6,4,18,31,56,117,126;1027,1,168;1174,2,91,109;1096,1,97;1055,3,4,12,20;1102,1,141
132,126,157:1033,1,119;1258,1,35;1057,1,105;1123,2,164,188;1222,2,137,152;1311,1,38;1133,1,99;1312,1,98;1396,1,57;1177,2,251,313;1354,1,111;1379,1,30;1297,1,395;1316,1,57;1230,2,37,82;1298,1,35;1252,1,172;1367,1,80;1000,1,66;1063,1,103;1003,1,161;1067,1,185;1068,1,124;1237,1,97;1366,1,52;1004,1,47;1204,1,104;1125,1,110;1141,2,55,82;1072,1,146;1239,1,116;1345,2,37,102;1346,1,53;1142,1,98;1347,3,61,122,167;1340,2,28,56;1388,1,43;1008,3,43,98,110;1037,1,51;1077,1,115;1079,1,140;1080,1,45;1183,3,68,110,139;1162,1,128;1240,1,210;1184,1,133;1323,1,16;1301,1,83;1225,1,54;1186,1,100;1376,2,86,123;1235,1,244;1118,1,71;1187,1,590;1205,1,140;1126,1,190;1014,2,251,291;1082,1,60;1165,1,100;1188,2,33,89;1284,1,58;1016,1,103;1242,1,102;1273,2,103,158;1166,1,90;1275,1,118;1018,2,31,146;1167,2,166,265;1335,1,34;1341,1,66;1086,1,58;1168,1,184;1293,2,157,161;1394,1,140;1169,2,134,304;1192,1,112;1336,1,74;1276,1,78;1264,1,66;1226,1,170;1295,1,68;1170,1,105;1171,3,50,151,213;1277,1,123;1193,1,47;1172,3,36,91,131;1088,2,153,224;1288,1,35;1023,1,118;1127,1,184;1044,2,164,212;1304,1,103;1046,1,30;1207,1,54;1024,1,99;1196,1,58;1197,1,212;1090,1,73;1048,1,127;1091,1,41;1050,1,206;1128,1,80;1150,2,69,134;1026,1,240;1233,1,130;1027,2,94,112;1028,3,122,168,243;1095,1,151;1096,1,216;1031,1,101;1054,1,96;1267,1,46;1247,1,110;1175,1,124;1270,1,191;1099,1,64;1229,1,116;1308,1,81;1102,1,106;1281,1,131;1390,1,126;1291,1,173;1155,1,277;1334,1,64;1397,1,52;1249,1,57
52,56,63:1033,1,121;1309,1,35;1123,1,52;1310,1,32;1365,1,99;1333,1,92;1297,1,388;1124,1,97;1230,1,64;1060,1,152;1002,2,154,170;1384,1,64;1067,1,41;1004,1,184;1005,1,153;1159,2,117,214;1179,1,58;1141,1,70;1345,1,85;1346,1,28;1359,1,56;1271,1,48;1272,1,144;1254,1,83;1225,1,124;1186,1,140;1269,1,74;1376,1,77;1235,1,104;1164,1,104;1040,1,163;1084,1,285;1017,1,122;1086,1,341;1168,1,155;1293,2,55,66;1255,1,123;1148,1,367;1042,1,44;1088,1,273;1370,1,94;1351,1,53;1328,1,15;1206,1,128;1024,1,216;1090,1,220;1150,2,178,224;1198,1,133;1098,1,87;1228,1,245;1290,1,119;1099,2,68,249;1229,2,176,234;1032,2,32,74;1101,1,257;1363,1,93
310,16,18:1033,1,128;1182,1,40;1074,1,134;1216,1,17;1320,1,59;1079,1,125;1184,1,72;1082,1,177;1242,1,105;1020,1,270;1226,1,159;1277,1,82;1042,1,58;1220,1,190;1375,1,67;1027,3,1,14,30
113,77,91:1033,1,130;1104,1,76;1034,1,62;1109,1,117;1057,1,46;1365,1,77;1338,1,36;1312,2,110,182;1134,1,85;1396,1,19;1058,1,213;1177,1,436;1379,1,72;1297,1,407;1135,1,81;1000,1,102;1223,1,75;1213,1,121;1004,2,55,306;1180,1,135;1358,1,69;1215,1,257;1339,1,28;1385,1,59;1161,2,306,354;1077,1,104;1362,1,160;1145,2,82,107;1322,1,46;1185,1,108;1254,1,73;1323,1,42;1235,1,152;1118,1,230;1165,2,70,134;1302,1,228;1016,1,157;1039,1,123;1189,1,121;1119,1,55;1084,2,169,230;1341,1,159;1086,1,261;1147,1,205;1394,1,120;1336,1,189;1286,1,139;1264,1,130;1171,2,85,279;1193,1,39;1088,1,211;1370,1,101;1278,1,130;1287,1,24;1288,1,50;1023,1,81;1045,1,84;1206,2,23,109;1207,4,50,86,115,155;1196,1,43;1361,1,31;1048,2,182,492;1128,1,72;1329,1,116;1382,1,107;1122,1,44;1386,2,67,151;1266,1,119;1028,1,199;1383,1,29;1290,1,89;1270,2,31,166;1280,1,113;1229,1,80;1176,1,95;1397,1,68;1372,1,84
6792,1,1:1033,1,137
5128,4,4:1033,1,140;1067,1,114;1069,1,124;1004,1,96
813,44,79:1033,1,142;1260,1,56;1364,1,41;1203,3,38,78,97;1058,2,137,244;1379,1,123;1296,2,50,87;1135,3,97,120,188;1000,1,80;1002,1,123;1063,4,11,28,62,128;1355,3,14,32,45;1004,3,60,215,299;1005,1,53;1204,1,110;1140,1,110;1345,2,54,95;1346,1,48;1215,1,106;1339,1,122;1182,1,134;1347,1,229;1143,1,92;1038,1,74;1144,2,70,81;1349,1,124;1240,1,188;1283,1,96;1225,3,6,16,29;1232,1,39;1377,1,70;1294,3,8,23,40;1226,4,11,29,50,84;1171,1,159;1088,1,20;1121,2,11,31;1149,2,42,180;1197,1,167;1030,6,14,30,43,68,249,259;1101,3,21,47,75;1308,3,19,38,60;1363,2,12,29;1281,2,31,138;1056,1,35
527,11,17:1033,1,144;1002,3,68,139,142;1283,1,139;1235,1,182;1273,1,163;1040,1,64;1274,2,245,256;1208,2,8,20;1048,2,95,99;1092,2,156,213;1307,1,56
1873,9,12:1033,1,146;1177,1,515;1004,1,261;1079,1,288;1192,1,198;1226,1,185;1194,1,114;1121,1,217;1290,4,166,170,173,178
1771,9,13:1033,1,149;1070,1,212;1075,1,163;1321,4,13,29,55,79;1362,1,88;1019,1,18;1191,2,317,392;1245,1,166;1175,1,156
9,57,105:1033,1,152;1057,1,187;1391,1,89;1396,1,75;1177,3,84,91,107;1135,1,136;1212,1,92;1000,3,8,23,33;1001,1,238;1136,1,24;1061,1,253;1002,6,7,18,25,86,111,165;1062,3,8,29,90;1392,5,9,20,30,40,70;1158,1,111;1159,10,5,13,41,85,89,98,154,168,197,210;1179,1,145;1072,2,76,222;1161,3,182,188,318;1216,1,33;1360,2,92,255;1241,2,110,133;1187,1,72;1205,8,4,15,27,76,123,129,138,160;1302,1,28;1284,1,43;1369,1,62;1166,1,131;1084,1,298;1168,1,180;1020,1,240;1087,1,156;1169,5,143,213,308,344,349;1286,1,179;1295,7,2,15,34,77,83,111,130;1172,1,27;1088,1,107;1089,1,40;1287,1,31;1022,1,105;1044,1,54;1090,2,70,105;1048,2,239,579;1050,1,88;1128,1,206;1026,1,57;1210,1,36;1266,1,204;1174,1,130;1052,1,182;1028,1,75;1175,1,71;1290,1,47;1363,1,62;1221,1,70;1248,1,26;1397,1,104
1621,19,19:1033,1,154;1105,1,110;1338,1,85;1134,1,100;1391,1,91;1058,1,258;1373,1,113;1252,1,189;1113,1,161;1384,1,68;1005,1,121;1161,1,320;1166,1,133;1119,1,74;1084,1,68;1286,1,181;1370,1,155;1149,1,75;1306,1,148
1939,3,3:1033,1,161;1110,1,134;1147,1,66
478,32,46:1033,1,164;1057,1,226;1364,1,75;1001,2,80,230;1002,1,137;1062,1,54;1114,1,201;1003,2,145,285;1237,1,59;1115,4,68,181,189,224;1070,2,33,87;1180,2,82,205;1079,1,122;1012,1,113;1014,4,81,154,197,213;1084,1,188;1017,2,74,204;1086,1,325;1294,1,53;1042,1,36;1172,1,88;1265,1,63;1044,3,1,27,62;1121,1,55;1024,1,125;1227,1,227;1092,1,110;1245,1,85;1026,1,297;1266,1,197;1202,2,101,157;1032,1,79
907,13,17:1033,1,167;1004,1,72;1005,1,51;1037,1,139;1038,1,73;1283,1,95;1225,3,5,15,28;1014,1,54;1082,1,48;1171,1,158;1043,2,161,183;1050,2,164,186;1056,1,34
737,21,23:1033,1,168;1312,1,93;1065,1,131;1398,2,54,67;1292,1,91;1009,1,248;1078,1,174;1011,1,205;1116,1,159;1145,1,143;1165,1,51;1147,1,231;1191,1,345;1394,1,71;1088,1,203;1048,1,304;1128,1,242;1096,1,72;1054,1,75;1228,1,40;1154,2,18,38
182,61,83:1033,1,172;1123,1,14;1132,1,14;1133,1,14;1354,2,27,50;1379,1,15;1297,1,118;1135,1,206;1157,1,126;1113,1,49;1299,1,86;1137,1,68;1213,1,138;1065,2,11,29;1159,1,249;1300,2,59,123;1071,2,1,6;1141,1,16;1239,1,47;1142,4,1,13,26,94;1073,3,47,85,124;1160,3,1,19,55;1319,3,11,33,56;1347,1,65;1074,1,68;1143,1,44;1161,1,26;1292,1,81;1081,1,183;1144,1,69;1374,2,1,5;1183,1,75;1184,1,83;1117,1,48;1163,1,86;1376,1,151;1165,1,162;1039,1,35;1166,1,185;1017,1,297;1341,1,175;1168,1,61;1147,1,246;1394,1,19;1087,1,106;1255,1,65;1288,5,12,28,77,143,189;1304,1,172;1327,1,43;1207,1,73;1196,2,12,128;1210,1,111;1382,1,133;1028,1,54;1202,1,203;1331,3,4,15,39;1247,1,29;1352,1,45;1103,1,182;1221,1,58;1155,2,210,295
135,19,21:1033,1,173;1177,1,66;1061,1,380;1392,1,47;1346,1,64;1009,1,229;1010,1,121;1038,1,55;1076,1,52;1117,1,130;1284,1,30;1040,1,101;1264,2,17,133;1194,1,81;1127,2,2,26;1048,1,28;1028,1,294;1383,1,6;1229,1,311
244,14,15:1033,1,174;1257,1,100;1112,1,14;1158,1,75;1072,2,46,100;1185,1,71;1016,1,218;1040,1,188;1167,1,231;1088,1,140;1048,1,211;1028,1,249;1331,1,117;1102,1,209
2708,2,2:1033,1,176;1359,1,73
1087,13,13:1033,1,177;1373,1,60;1124,1,74;1234,1,44;1067,1,174;1115,1,240;1159,1,203;1125,1,185;1072,1,13;1395,1,50;1287,1,251;1096,1,205;1363,1,121
3678,1,1:1033,1,178
19,56,112:1104,3,1,9,113;1034,2,1,9;1105,2,1,9;1106,2,1,9;1107,2,1,9;1108,2,1,9;1109,2,1,9;1110,2,1,9;1111,2,1,9;1177,1,320;1252,3,47,121,133;1060,3,2,19,67;1001,10,14,15,44,45,113,114,137,138,310,311;1234,1,79;1139,1,69;1005,2,1,17;1115,1,90;1300,3,64,90,131;1125,1,148;1359,2,70,97;1292,1,165;1008,3,9,27,62;1009,1,225;1076,1,126;1184,1,19;1187,8,194,233,257,282,337,400,443,464;1014,2,101,141;1284,1,113;1369,1,69;1040,1,127;1084,1,269;1217,1,77;1167,1,56;1341,2,104,117;1169,1,364;1326,2,14,30;1220,1,119;1173,2,76,106;1121,2,58,138;1279,2,71,124;1150,3,109,216,229;1201,1,197;1053,1,61;1030,1,167;1129,1,290;1097,1,76;1175,2,96,147;1228,2,69,221;1290,4,2,7,15,159;1099,3,4,13,28;1153,1,79;1101,2,78,92;1176,5,58,102,129,169,225;1155,1,304;1248,1,178;1056,1,78
1715,12,24:1104,1,18;1109,2,105,135;1389,1,74;1178,3,28,60,90;1036,3,11,34,56;1277,1,51;1043,4,1,12,156,197;1021,2,2,16;1209,1,257;1048,1,38;1050,4,1,12,159,201;1390,1,93
727,46,99:1104,5,19,71,83,106,158;1106,1,23;1107,2,63,187;1109,3,106,136,148;1061,1,189;1178,4,29,61,91,146;1139,2,9,23;1359,3,12,27,36;1036,4,12,35,57,80;1161,1,55;1320,1,49;1224,3,9,21,32;1272,1,95;1323,1,77;1301,3,4,12,21;1118,4,11,23,118,126;1126,1,203;1014,2,6,26;1325,1,91;1275,2,135,157;1041,1,81;1243,4,2,15,33,109;1191,1,379;1394,1,85;1169,1,56;1285,1,75;1286,1,41;1342,1,42;1277,1,52;1148,4,7,19,130,145;1043,5,2,13,133,157,198;1021,6,3,17,48,55,69,111;1023,1,35;1327,1,80;1045,2,25,95;1209,1,258;1289,5,6,25,46,80,90;1048,2,39,235;1279,2,84,104;1049,1,82;1050,5,2,13,136,160,202;1266,2,39,103;1201,1,178;1099,1,57;1280,1,41;1229,2,68,267
849,22,30:1104,3,22,72,100;1109,4,35,56,73,94;1123,1,42;1135,2,134,178;1298,1,83;1268,1,218;1113,1,92;1387,1,78;1356,1,91;1140,1,88;1142,1,80;1347,1,53;1186,1,127;1117,1,56;1086,1,138;1255,2,59,173;1196,1,89;1330,1,74;1030,1,294;1097,1,115;1175,2,83,107;1099,1,33
477,55,77:1104,3,27,102,120;1034,1,124;1106,2,39,83;1109,3,57,104,145;1110,1,23;1111,1,68;1260,1,58;1000,1,113;1001,1,271;1002,1,36;1062,1,85;1282,1,63;1223,1,69;1115,2,139,200;1159,2,173,223;1262,1,98;1181,1,159;1161,1,45;1037,1,86;1183,1,82;1013,1,146;1117,1,124;1235,1,214;1118,2,132,170;1084,1,239;1017,2,103,194;1041,1,100;1232,1,79;1341,1,147;1020,1,210;1169,1,353;1342,1,151;1255,1,246;1044,2,3,29;1337,1,29;1206,1,145;1047,1,43;1210,1,145;1122,4,1,15,29,54;1198,4,1,16,36,78;1386,1,250;1199,5,1,15,34,76,148;1051,1,149;1174,2,101,183;1052,1,100;1095,1,226;1201,1,243;1129,1,150;1290,1,132;1101,1,309;1308,2,230,268;1281,1,118;1291,1,163;1156,1,66;1250,1,96
398,46,97:1104,4,29,38,117,129;1107,1,146;1109,3,41,67,169;1110,2,96,108;1177,3,103,221,232;1060,2,104,121;1261,3,17,40,66;1067,2,124,155;1068,2,53,145;1387,3,5,12,27;1069,1,70;1237,1,44;1004,3,66,129,236;1036,1,147;1037,2,26,104;1038,1,29;1076,2,121,131;1077,4,1,9,30,90;1240,1,172;1225,1,83;1117,1,99;1269,2,58,171;1235,2,165,210;1118,1,115;1014,3,12,32,185;1082,1,113;1302,1,183;1369,1,57;1166,1,158;1335,2,2,15;1341,3,7,16,29;1377,3,6,19,54;1226,3,106,146,192;1043,3,109,151,177;1278,1,119;1327,1,88;1197,2,152,255;1049,4,1,15,62,91;1050,4,85,113,154,180;1200,1,199;1236,1,19;1102,2,175,206;1154,1,192;1248,6,6,18,82,96,118,193;1334,3,1,11,74;1056,2,3,15
967,25,49:1104,1,30;1109,3,42,68,170;1111,1,31;1257,2,73,81;1057,2,241,247;1260,1,44;1222,2,30,70;1177,1,104;1354,2,86,98;1268,1,96;1261,1,67;1069,1,101;1237,1,45;1356,2,4,12;1161,7,40,170,186,193,248,351,419;1292,1,79;1037,3,27,105,133;1077,1,60;1118,1,116;1041,2,135,142;1043,3,110,152,178;1227,3,162,187,221;1049,3,42,57,63;1050,3,114,155,181;1266,1,69
1331,17,20:1104,1,32;1364,1,27;1222,1,100;1000,1,95;1001,2,22,52;1269,1,63;1192,1,101;1336,2,117,140;1265,1,48;1127,1,215;1121,1,186;1197,1,241;1094,1,56;1174,1,207;1200,2,23,47;1053,1,124;1030,1,210
1474,7,13:1104,3,33,36,133;1259,1,36;1260,1,50;1364,1,55;1211,2,86,97;1261,4,23,46,72,76;1237,1,53
1999,4,4:1104,1,35;1259,1,35;1211,1,85;1121,1,75
379,27,46:1104,2,39,89;1034,2,95,140;1109,2,49,172;1110,1,97;1111,1,38;1177,2,20,239;1234,1,66;1356,2,1,9;1005,1,67;1115,1,50;1070,3,4,17,30;1262,1,97;1007,1,80;1081,4,172,204,219,223;1117,1,115;1269,1,172;1188,1,39;1041,1,115;1018,2,130,180;1265,1,64;1197,1,154;1209,2,215,290;1361,3,13,26,50;1266,1,114;1096,3,100,111,151;1202,1,221;1129,4,93,108,133,151
375,18,26:1104,1,42;1000,1,97;1113,1,113;1068,1,67;1078,1,86;1225,1,63;1118,1,179;1119,1,101;1172,1,118;1043,1,114;1121,1,189;1045,1,90;1197,3,12,39,74;1048,1,100;1279,2,30,50;1052,2,88,198;1053,2,22,45;1202,4,11,15,26,30
1508,22,33:1104,2,43,138;1109,1,53;1110,1,101;1111,1,34;1177,1,100;1060,1,58;1261,4,22,45,71,75;1068,1,154;1069,1,95;1215,1,173;1161,1,118;1037,2,82,91;1077,2,65,100;1081,1,228;1014,1,88;1242,1,124;1017,2,69,72;1043,1,63;1121,4,73,76,126,129;1050,1,63;1245,1,139;1030,2,110,113
5852,4,6:1104,2,44,139;1065,1,102;1366,2,32,44;1116,1,56
229,19,26:1104,2,45,140;1110,2,103,115;1057,1,190;1135,1,197;1114,1,298;1065,1,103;1115,1,96;1161,1,120;1076,4,21,46,74,141;1146,1,115;1191,2,322,357;1087,1,159;1264,1,146;1171,1,177;1043,1,65;1120,2,185,224;1048,1,116;1026,1,108;1055,1,73
1408,16,22:1104,2,46,141;1110,1,104;1177,1,462;1384,3,6,13,44;1213,1,195;1065,1,104;1179,1,123;1146,1,157;1163,1,133;1205,1,91;1294,1,59;1054,1,117;1202,1,151;1247,1,132;1103,3,5,28,131;1155,2,308,323
230,12,14:1104,2,47,142;1034,1,41;1110,1,105;1364,2,18,22;1068,1,68;1051,1,48;1052,1,58;1053,1,56;1030,1,75;1031,1,41;1054,1,53;1055,1,41
1622,5,6:1104,2,48,143;1110,1,106;1134,1,252;1255,1,121;1056,1,26
23,176,257:1104,1,50;1105,1,112;1106,1,84;1108,2,19,32;1130,1,60;1131,1,56;1389,1,82;1258,1,14;1057,3,134,161,203;1259,2,14,106;1260,1,65;1123,1,129;1211,1,170;1133,1,97;1177,2,156,170;1296,3,30,66,77;1297,1,96;1316,1,75;1212,1,98;1298,1,33;1268,1,179;1252,1,178;1000,1,60;1001,2,205,278;1299,2,60,114;1344,1,22;1137,1,87;1138,1,81;1062,2,75,80;1282,2,99,107;1178,3,7,39,94;1063,2,78,87;1223,3,37,60,73;1355,1,67;1114,1,187;1318,4,17,34,42,74;1003,1,70;1066,1,111;1067,6,11,86,108,159,184,211;1069,1,35;1237,1,75;1004,3,25,271,303;1005,1,157;1300,1,116;1179,1,88;1204,1,148;1125,2,108,170;1070,1,63;1072,2,49,145;1239,2,104,115;1238,2,133,149;1262,1,124;1142,1,105;1253,1,111;1160,1,74;1319,1,85;1215,2,71,231;1347,3,73,117,205;1340,1,51;1074,2,130,288;1143,2,56,97;1348,1,35;1271,3,2,12,88;1008,3,42,97,124;1009,1,142;1037,2,50,170;1038,1,66;1077,2,18,55;1079,1,160;1080,1,58;1081,1,41;1012,2,20,82;1146,2,68,143;1360,1,152;1263,1,28;1322,1,19;1349,1,98;1183,3,61,109,195;1240,2,157,209;1184,1,204;1272,3,64,141,153;1323,1,112;1186,1,99;1163,1,60;1269,1,263;1235,1,263;1118,1,89;1241,1,162;1205,1,284;1126,1,192;1164,1,96;1165,1,92;1302,1,273;1242,5,63,73,100,137,185;1369,1,100;1273,1,146;1083,1,19;1166,2,88,195;1274,1,230;1084,1,148;1275,1,116;1190,1,67;1017,1,188;1041,1,95;1018,1,29;1217,1,89;1232,2,61,87;1167,3,145,262,282;1243,1,93;1086,1,126;1019,1,98;1020,2,187,255;1169,1,369;1285,1,37;1192,2,111,129;1226,1,98;1295,1,143;1170,1,127;1171,1,150;1277,2,90,205;1395,1,47;1370,1,137;1043,3,55,95,222;1288,2,34,167;1173,1,94;1021,1,103;1023,1,113;1127,3,137,181,255;1044,2,168,207;1195,1,108;1121,1,191;1045,1,35;1046,1,28;1328,1,43;1207,1,163;1024,1,113;1197,1,143;1209,1,142;1048,2,331,402;1375,1,63;1279,1,110;1050,3,55,99,227;1092,1,143;1150,1,133;1093,1,73;1245,1,100;1122,1,52;1386,2,51,106;1174,2,216,229;1028,2,235,257;1200,2,126,173;1383,3,22,37,51;1236,1,72;1053,2,128,170;1029,1,75;1096,3,142,184,203;1031,1,89;1054,1,81;1267,3,45,54,62;1247,1,112;1175,1,53;1098,1,82;1270,1,29;1099,1,113;1280,1,108;1229,1,184;1153,1,87;1101,1,276;1308,1,223;1363,1,127;1291,1,165;1176,1,131;1155,1,275;1334,1,88;1056,1,42;1249,3,55,75,89
590,36,39:1104,1,53;1110,1,89;1223,1,39;1378,1,22;1182,1,124;1347,1,236;1161,1,67;1320,1,30;1240,1,154;1283,1,84;1301,1,93;1235,1,194;1039,1,216;1369,1,110;1325,1,107;1017,1,127;1018,1,49;1243,1,80;1370,1,133;1287,1,219;1127,1,204;1044,2,145,185;1195,1,95;1304,1,121;1045,2,67,80;1289,1,94;1375,1,27;1279,1,54;1198,1,137;1199,1,121;1200,1,113;1236,1,45;1331,1,127;1102,2,148,215;1363,1,109;1156,1,199
549,53,61:1104,1,58;1211,3,46,69,112;1333,1,110;1134,1,209;1354,1,51;1316,1,80;1367,2,116,147;1384,1,62;1223,1,51;1392,1,37;1318,1,40;1065,1,130;1070,1,178;1071,2,18,56;1262,1,107;1263,1,33;1224,1,62;1240,1,37;1301,1,49;1117,2,93,96;1324,1,61;1118,1,96;1014,1,149;1188,2,36,86;1166,1,118;1274,1,209;1167,1,132;1341,1,63;1169,1,203;1276,1,126;1171,1,100;1148,1,230;1046,1,93;1206,1,67;1024,1,102;1196,1,162;1279,1,115;1092,2,53,78;1150,1,39;1245,1,108;1233,1,49;1329,1,109;1051,2,73,88;1330,1,97;1052,1,40;1201,1,20;1307,1,129;1280,1,61;1332,1,69;1102,1,62;1221,1,85;1291,1,48;1249,1,70
61,48,61:1104,1,60;1259,1,98;1123,1,124;1396,1,85;1373,1,88;1379,1,83;1296,1,38;1299,1,127;1137,1,53;1002,1,130;1381,1,63;1345,1,38;1262,1,60;1181,1,188;1142,2,70,90;1253,1,65;1319,3,2,24,46;1182,1,71;1231,1,26;1254,1,93;1117,1,132;1376,1,71;1205,1,111;1014,1,238;1015,1,131;1303,1,142;1017,1,81;1018,2,28,126;1167,1,121;1341,1,61;1394,1,105;1169,5,74,92,193,241,279;1342,1,41;1206,1,81;1196,1,161;1025,1,78;1209,1,114;1361,2,2,15;1048,1,334;1386,2,101,120;1330,1,24;1201,1,18;1129,2,112,250;1331,2,46,107;1154,2,55,134;1103,1,124;1221,1,107;1397,1,82
2176,5,5:1104,1,61;1392,1,41;1009,1,157;1185,1,86;1089,1,82
425,12,14:1104,1,62;1003,1,151;1239,1,96;1360,2,146,227;1013,2,1,13;1019,1,53;1169,1,276;1149,1,219;1361,1,79;1028,1,107;1129,1,116;1032,1,307
101,16,19:1104,1,64;1268,1,137;1161,1,313;1162,1,81;1184,2,186,191;1086,1,73;1336,1,136;1286,2,160,174;1148,1,146;1287,1,39;1048,1,642;1266,1,162;1201,1,202;1343,2,68,128;1306,1,85;1397,1,101
702,40,47:1104,1,66;1257,1,143;1389,1,70;1258,1,66;1259,1,102;1123,1,173;1133,1,28;1134,2,131,216;1373,1,29;1124,1,40;1212,1,82;1251,1,60;1317,2,27,47;1137,1,41;1061,1,112;1381,1,90;1179,1,141;1204,1,30;1339,1,90;1009,1,111;1272,1,133;1302,1,167;1084,1,155;1167,1,85;1335,2,11,24;1191,1,95;1020,1,199;1192,1,53;1295,1,155;1326,1,104;1170,2,37,79;1173,3,9,20,54;1206,1,48;1196,1,65;1197,1,146;1026,2,44,134;1095,1,51;1247,1,141;1332,1,53;1155,1,300
1595,6,11:1104,1,69;1178,4,6,38,96,137;1190,1,69;1264,1,61;1289,3,1,20,39;1332,1,30
1640,6,10:1104,4,70,82,105,157;1109,1,147;1139,2,8,22;1279,1,103;1091,1,34;1266,1,102
1570,4,5:1104,1,79;1312,2,60,170;1017,1,189;1031,1,118
1471,14,26:1104,1,84;1310,1,63;1312,2,50,107;1367,1,99;1061,1,263;1239,2,123,129;1185,2,79,106;1324,1,49;1235,1,139;1187,7,15,30,62,66,272,302,371;1016,2,128,260;1255,2,148,167;1266,1,104;1270,2,143,181
1717,9,9:1104,1,86;1063,1,96;1348,1,31;1008,1,87;1190,1,113;1167,1,116;1277,1,54;1327,1,120;1027,1,91
70,65,103:1104,1,88;1256,1,89;1257,2,80,114;1259,1,43;1353,1,32;1354,1,150;1135,1,39;1000,2,13,28;1059,3,10,23,48;1138,1,97;1002,1,64;1355,1,83;1381,1,22;1213,1,198;1158,2,48,107;1068,3,10,22,46;1237,1,40;1004,1,323;1179,1,37;1357,2,4,10;1180,2,110,207;1358,2,10,29;1215,1,165;1231,2,8,18;1036,3,9,32,54;1074,1,262;1161,4,7,19,172,384;1010,3,16,34,58;1037,4,21,79,103,132;1038,2,25,28;1077,1,62;1224,1,36;1269,1,40;1205,1,41;1040,1,109;1084,1,267;1275,3,137,143,220;1017,1,223;1041,2,26,28;1191,1,229;1020,2,11,25;1169,1,160;1192,2,1,6;1342,1,32;1326,1,57;1171,2,29,146;1193,1,157;1148,3,5,17,220;1042,1,22;1173,1,37;1327,1,87;1046,1,123;1328,1,36;1149,1,246;1024,2,8,17;1048,2,36,533;1375,3,3,11,69;1279,3,7,17,31;1128,1,220;1094,2,79,123;1174,1,210;1201,1,222;1053,1,74;1153,1,112;1032,2,5,16
160,69,90:1104,1,90;1105,1,80;1109,1,102;1257,1,60;1389,2,35,63;1057,1,148;1365,1,54;1222,1,135;1177,2,157,512;1373,1,84;1353,1,49;1354,1,91;1298,1,109;1157,1,28;1299,1,56;1138,1,86;1061,1,93;1282,1,61;1063,1,94;1378,1,56;1213,1,69;1003,2,248,283;1067,1,32;1004,1,285;1179,1,107;1072,1,123;1253,2,37,91;1319,1,69;1182,1,163;1161,4,219,249,286,438;1008,2,138,165;1240,1,107;1184,3,21,42,175;1117,1,122;1235,1,52;1164,2,78,124;1165,1,147;1086,1,46;1168,1,189;1147,2,134,227;1191,4,130,143,386,406;1020,1,143;1169,1,110;1377,1,59;1148,1,37;1088,1,29;1393,1,29;1023,1,93;1044,1,216;1025,1,65;1197,1,155;1208,1,87;1048,3,395,504,527;1128,1,214;1150,2,177,218;1245,2,40,157;1026,1,131;1382,1,111;1266,1,95;1330,1,106;1028,1,252;1095,1,120;1201,1,226;1129,1,47;1267,1,78;1331,2,55,121;1097,1,220;1032,2,220,308;1248,1,91
943,9,9:1104,1,91;1338,1,79;1082,1,162;1165,1,84;1302,1,161;1084,1,121;1327,1,92;1306,1,88;1103,1,70
384,28,34:1104,1,93;1034,1,131;1123,2,102,117;1222,1,127;1177,2,74,458;1297,1,325;1005,1,146;1036,1,135;1292,1,59;1009,1,219;1037,1,25;1224,1,83;1184,1,141;1269,1,77;1275,1,140;1169,1,139;1192,1,211;1171,1,258;1395,1,39;1287,1,133;1045,1,53;1206,1,149;1047,1,41;1197,1,204;1386,5,84,99,124,175,242;1236,1,39;1228,1,63;1270,1,98
827,11,12:1104,1,94;1058,1,281;1387,2,40,68;1070,1,69;1238,1,113;1145,1,93;1086,1,171;1394,1,69;1286,1,169;1045,1,140;1290,1,56
1555,7,8:1104,1,95;1034,1,113;1297,2,268,297;1384,1,75;1237,1,78;1388,1,77;1370,1,91
162,26,28:1104,1,108;1109,1,120;1123,1,192;1338,1,97;1178,1,156;1392,1,52;1159,1,245;1215,1,75;1359,1,106;1145,1,104;1224,1,149;1186,2,97,103;1205,1,279;1284,1,119;1286,1,196;1206,2,167,177;1091,1,45;1049,1,50;1128,1,131;1329,1,157;1129,1,123;1306,1,143;1097,1,206;1280,1,129;1221,1,108;1390,1,132
525,64,135:1104,2,110,164;1256,1,109;1259,1,26;1123,2,86,110;1058,2,164,171;1177,2,32,216;1138,1,101;1178,1,128;1066,1,135;1069,1,46;1140,1,86;1358,3,13,32,62;1215,1,88;1231,1,39;1145,1,102;1146,1,72;1183,1,99;1185,1,46;1254,1,43;1269,1,46;1235,2,167,212;1205,1,43;1242,2,119,193;1369,1,65;1040,1,52;1119,1,93;1275,5,151,206,218,233,238;1041,1,151;1018,1,59;1341,4,72,97,112,150;1087,3,64,136,152;1172,1,63;1127,2,191,199;1044,4,97,102,134,230;1195,7,91,134,153,193,220,252,275;1121,3,132,198,275;1045,1,171;1149,1,150;1197,3,91,98,104;1279,1,133;1092,3,8,19,37;1026,2,141,155;1210,2,75,151;1329,1,91;1266,1,141;1027,1,73;1094,1,82;1051,5,76,80,142,176,207;1174,2,195,197;1330,1,87;1052,9,77,82,110,116,136,168,177,190,197;1200,6,7,21,31,45,63,107;1201,3,90,167,225;1236,1,64;1053,2,121,226;1030,2,171,266;1096,4,126,134,220,230;1129,2,284,295;1097,1,96;1270,1,42;1099,3,36,50,144;1032,9,30,95,123,169,182,189,210,219,257;1101,1,95;1308,1,63
20,64,95:1104,1,114;1367,4,11,25,46,128;1061,5,192,247,310,328,336;1223,1,53;1114,1,132;1234,1,80;1387,1,58;1069,1,52;1139,1,70;1115,1,91;1300,3,65,91,132;1036,1,136;1292,1,166;1008,3,10,28,63;1076,4,25,50,77,127;1183,1,210;1224,1,39;1272,1,123;1225,1,36;1118,1,46;1241,1,62;1014,1,47;1302,1,157;1284,1,114;1274,1,243;1084,1,270;1085,1,40;1167,1,57;1341,2,105,118;1169,2,50,365;1192,1,246;1336,1,50;1276,1,42;1226,3,18,36,57;1326,2,15,31;1193,1,152;1219,1,42;1220,1,120;1288,1,67;1173,2,77,107;1023,1,41;1127,1,79;1121,2,59,139;1207,1,147;1024,1,80;1361,1,70;1095,1,87;1201,1,198;1053,1,62;1030,4,103,168,286,309;1096,3,139,225,235;1054,1,103;1129,2,166,291;1097,1,77;1175,2,97,148;1228,3,70,81,222;1290,1,160;1101,2,93,213;1308,1,76;1281,1,58;1291,1,66;1176,1,170;1248,1,179;1056,1,79
2024,7,9:1104,1,123;1109,1,19;1111,2,23,66;1289,2,86,114;1375,1,26;1266,1,22;1201,1,233
552,31,43:1104,1,124;1109,1,20;1110,3,19,119,140;1111,1,24;1123,1,36;1211,2,108,140;1365,1,37;1354,2,90,101;1230,1,69;1212,1,71;1061,1,143;1387,1,70;1345,1,49;1181,1,205;1118,4,127,153,164,252;1187,1,165;1171,1,194;1042,2,31,42;1120,1,148;1022,1,42;1337,1,21;1025,2,15,34;1289,3,7,26,47;1150,1,169;1266,1,23;1330,2,5,16;1028,1,146;1095,1,58;1352,1,39;1332,1,35;1154,1,66
171,56,102:1104,1,130;1034,2,33,71;1107,3,123,134,147;1110,1,122;1258,1,19;1057,1,215;1259,1,44;1364,1,52;1365,2,21,35;1354,1,40;1268,3,43,204,215;1367,2,249,295;1061,4,232,257,271,332;1261,2,18,41;1068,1,47;1069,2,49,53;1237,1,41;1356,1,27;1300,1,53;1161,2,159,427;1292,9,2,6,66,98,120,126,151,157,184;1037,1,88;1038,1,30;1349,2,14,29;1272,1,100;1235,2,166,211;1118,1,102;1014,1,189;1082,1,134;1369,1,33;1189,1,70;1166,1,162;1275,2,86,111;1041,4,27,51,169,173;1168,1,149;1377,1,49;1226,2,59,87;1171,1,30;1148,2,243,354;1042,1,23;1337,1,40;1149,1,98;1206,1,132;1048,1,37;1375,3,4,12,70;1227,5,1,15,106,111,143;1049,3,2,16,83;1266,3,76,194,212;1202,1,133;1343,2,83,90;1175,1,155;1098,2,13,35;1099,3,49,143,241;1101,1,94;1154,4,98,132,160,211;1248,1,30
3506,3,3:1104,1,132;1115,1,231;1187,1,426
259,19,22:1104,1,137;1109,1,45;1252,1,173;1002,1,143;1062,1,61;1237,1,84;1115,2,23,47;1181,1,72;1347,1,139;1036,1,141;1011,1,98;1041,1,138;1226,1,80;1171,1,275;1220,1,47;1048,1,588;1386,2,69,153;1052,1,78;1030,2,212,221
50,93,124:1104,1,145;1258,1,83;1057,1,180;1222,1,192;1134,2,183,236;1203,1,64;1296,1,68;1315,1,70;1230,1,156;1113,1,184;1001,3,245,261,351;1061,1,317;1002,2,82,161;1062,3,129,171,222;1063,1,151;1114,2,240,320;1381,1,53;1005,2,63,150;1115,1,100;1159,2,65,242;1180,1,131;1141,1,66;1214,1,82;1160,1,71;1074,1,243;1161,2,79,196;1007,2,104,137;1008,1,80;1075,1,146;1037,1,141;1081,1,112;1116,1,116;1145,1,140;1360,2,77,289;1322,2,71,97;1349,1,76;1225,1,121;1269,1,219;1324,1,111;1235,1,272;1118,1,77;1014,1,220;1164,1,31;1039,1,187;1369,1,21;1273,1,176;1166,1,188;1275,1,208;1190,2,111,120;1017,2,163,228;1167,1,196;1341,1,69;1086,4,154,161,191,322;1293,1,88;1394,1,157;1087,2,70,168;1169,2,171,383;1285,1,54;1264,1,122;1255,1,202;1277,1,154;1193,1,65;1148,3,251,328,341;1088,2,68,96;1393,1,98;1244,1,58;1120,1,132;1173,2,137,162;1022,1,70;1195,1,212;1024,2,171,189;1208,1,37;1048,1,353;1026,1,300;1233,1,149;1246,1,151;1329,1,161;1266,1,199;1051,1,125;1052,1,131;1095,1,211;1202,1,177;1247,2,66,156;1097,1,159;1307,1,114;1099,1,94;1101,3,177,220,254;1308,2,233,265;1102,1,80;1363,1,124;1103,1,143;1249,1,80;1156,3,85,90,189
370,29,36:1104,1,148;1124,1,61;1060,1,56;1001,1,368;1035,1,209;1068,3,57,152,166;1069,1,93;1115,2,134,230;1116,1,94;1321,1,100;1235,1,117;1040,1,216;1119,1,94;1086,1,204;1169,1,23;1043,1,113;1121,3,149,168,188;1197,2,128,196;1048,1,185;1050,1,117;1245,1,171;1246,1,168;1027,2,78,162;1094,1,64;1051,1,101;1095,1,260;1053,1,155;1030,1,108;1055,1,76
4609,9,10:1104,1,149;1177,1,394;1060,2,16,33;1039,1,78;1040,1,221;1286,1,201;1026,1,107;1030,1,127;1372,1,72
1561,27,54:1104,1,150;1034,3,109,122,146;1113,2,166,188;1001,1,370;1035,2,127,166;1237,1,85;1004,4,64,247,254,264;1115,1,232;1180,2,169,175;1079,1,193;1145,1,136;1269,1,129;1118,3,208,218,234;1187,11,343,354,406,417,427,486,501,518,544,559,571;1273,1,174;1040,1,233;1119,1,102;1017,1,202;1293,1,154;1382,1,144;1266,1,112;1051,3,103,106,110;1052,1,185;1095,1,232;1200,5,151,167,203,213,228;1054,2,129,146;1202,1,214
360,16,18:1104,1,151;1001,1,156;1114,1,253;1067,1,98;1074,1,217;1161,1,322;1009,1,171;1076,1,105;1146,2,120,148;1013,1,98;1039,1,190;1084,1,115;1041,2,116,143;1092,1,205;1202,1,180;1129,1,208
997,43,47:1104,1,154;1109,1,132;1123,1,200;1203,1,24;1297,1,185;1113,2,5,25;1001,2,196,285;1282,1,96;1356,1,39;1139,1,78;1071,1,15;1142,1,40;1319,1,71;1215,1,125;1271,1,24;1007,1,99;1011,1,200;1183,1,60;1235,1,113;1273,1,136;1167,1,118;1087,1,130;1276,1,44;1264,1,115;1171,1,240;1277,2,58,202;1395,1,45;1393,1,52;1173,1,74;1195,1,270;1206,1,71;1150,1,165;1329,1,75;1122,1,101;1386,1,130;1095,1,244;1331,2,57,111;1343,1,70;1055,1,36;1102,1,184;1281,1,44;1291,1,138;1176,1,220
4827,4,4:1104,1,159;1373,1,50;1208,1,52;1332,1,62
58,13,14:1104,1,162;1178,1,126;1300,1,88;1215,1,25;1231,1,37;1183,1,101;1184,1,160;1186,1,96;1241,1,165;1275,1,153;1192,2,223,240;1266,1,143;1027,1,75
57,84,157:1034,2,18,84;1108,1,66;1109,2,107,137;1057,1,168;1132,1,38;1135,2,14,31;1000,1,105;1113,4,3,23,75,177;1001,2,259,349;1062,2,84,176;1282,2,8,28;1114,4,30,73,151,335;1003,1,277;1234,4,3,15,88,106;1066,4,4,34,65,174;1069,1,43;1300,1,129;1179,1,146;1357,1,47;1346,1,95;1160,1,102;1008,2,130,161;1037,1,101;1362,2,58,127;1322,3,1,10,29;1184,2,3,9;1013,2,58,63;1187,1,77;1082,3,1,16,36;1165,1,29;1015,2,10,21;1039,4,10,25,97,148;1369,1,116;1040,2,143,245;1085,3,3,13,31;1017,1,152;1167,1,42;1086,1,238;1293,1,45;1019,1,29;1285,1,33;1295,1,35;1171,1,235;1277,1,53;1193,3,12,24,181;1088,1,115;1370,2,2,10;1043,4,3,14,158,199;1278,3,148,164,167;1288,1,220;1127,2,101,111;1121,1,42;1327,1,31;1045,1,97;1046,1,49;1149,2,2,16;1197,2,186,269;1209,2,48,259;1361,2,56,63;1048,5,34,40,342,456,472;1227,1,158;1091,1,15;1050,4,3,14,161,203;1128,2,1,9;1210,1,147;1122,1,94;1094,5,3,14,112,133,152;1051,3,4,23,55;1174,1,163;1052,1,33;1383,1,40;1053,3,1,24,72;1029,3,1,15,31;1030,2,5,21;1096,4,17,43,211,238;1202,2,4,19;1343,2,35,158;1306,2,122,151;1097,2,119,200;1098,2,6,28;1290,1,172;1032,1,237;1154,1,224;1056,1,49
264,1,2:1034,2,20,86
262,22,30:1034,1,25;1333,1,41;1134,2,98,106;1317,1,36;1060,1,137;1282,1,85;1139,1,90;1071,1,51;1161,2,349,392;1010,2,11,29;1037,1,106;1145,1,32;1235,1,250;1284,1,45;1218,1,79;1286,1,220;1255,3,178,208,217;1120,2,135,145;1195,3,145,215,249;1196,1,118;1153,1,85;1250,1,90
321,20,30:1034,1,28;1211,1,50;1367,1,239;1035,1,169;1004,2,132,146;1036,1,137;1014,3,50,57,207;1189,1,89;1342,1,123;1226,1,58;1255,1,112;1265,1,27;1127,2,157,162;1196,1,115;1026,2,318,341;1028,3,115,182,195;1095,2,157,220;1200,2,194,220;1305,1,55;1202,2,145,174
189,38,46:1034,1,40;1133,1,87;1203,2,39,79;1058,1,54;1177,1,255;1297,1,239;1252,1,99;1113,1,165;1001,2,25,55;1061,1,286;1002,1,69;1114,2,27,70;1064,1,47;1261,1,70;1237,1,48;1004,1,87;1253,1,47;1012,1,45;1374,1,28;1225,1,61;1226,1,129;1328,1,24;1149,1,222;1206,1,189;1092,1,166;1026,1,153;1233,2,97,159;1382,1,143;1386,3,47,171,198;1266,1,206;1052,2,86,191;1095,1,229;1029,2,52,54;1030,1,219;1306,1,90;1247,1,117;1229,1,137;1372,1,87
1876,11,18:1034,1,46;1066,1,107;1035,1,87;1044,3,23,49,65;1027,1,205;1051,1,49;1052,1,59;1053,1,54;1030,2,73,87;1031,3,9,19,39;1054,3,14,31,51
415,17,25:1034,1,47;1157,1,129;1113,1,50;1060,1,40;1065,2,12,30;1003,1,80;1356,2,51,62;1357,2,2,8;1262,1,163;1038,1,63;1320,1,72;1362,3,7,15,21;1012,1,102;1194,1,150;1044,1,155;1048,2,445,651;1053,3,13,36,86
1009,12,28:1034,3,48,92,137;1004,1,240;1358,4,16,35,64,79;1074,2,147,197;1080,1,72;1116,1,113;1120,1,174;1121,3,246,262,294;1051,7,6,25,57,96,157,185,196;1174,2,100,199;1096,2,174,255;1248,1,184
1432,30,34:1034,1,49;1268,1,65;1001,1,356;1062,1,212;1003,1,286;1347,1,138;1009,1,103;1010,1,74;1360,2,190,285;1240,1,101;1118,1,206;1014,1,276;1082,2,132,147;1303,1,66;1243,1,53;1293,1,151;1191,1,162;1020,1,262;1192,1,168;1277,1,180;1193,1,108;1088,1,265;1304,1,185;1090,1,42;1048,2,86,118;1246,1,27;1382,1,142;1095,1,228;1097,2,59,143;1334,1,43
1504,1,1:1034,1,51
840,15,16:1034,1,55;1001,1,248;1063,1,91;1355,1,77;1004,1,295;1238,1,75;1074,1,269;1145,1,151;1165,1,72;1369,2,80,132;1147,1,216;1170,1,55;1288,1,85;1209,1,231;1329,1,165
68,64,89:1034,1,57;1130,1,78;1112,1,91;1258,2,76,91;1338,1,63;1312,1,188;1177,1,30;1353,1,79;1379,2,32,142;1296,1,63;1297,1,402;1314,3,2,10,18;1135,1,66;1001,3,221,334,354;1061,3,51,138,151;1002,2,42,47;1062,1,190;1114,1,279;1179,1,68;1140,1,116;1141,1,12;1346,1,69;1347,1,28;1074,2,248,271;1161,2,215,238;1008,1,173;1009,1,56;1080,1,114;1081,1,46;1116,1,190;1145,1,67;1183,1,147;1162,1,110;1185,1,126;1225,1,135;1269,1,128;1014,1,241;1164,1,17;1165,4,5,12,35,73;1040,1,171;1083,1,125;1325,1,105;1166,2,49,80;1218,1,45;1191,1,59;1285,1,27;1336,1,59;1276,1,115;1295,1,61;1326,3,10,26,37;1172,1,39;1197,1,280;1090,2,37,218;1048,1,88;1092,1,97;1128,2,47,227;1026,1,335;1329,1,164;1343,2,82,86;1290,3,18,37,72;1100,1,57;1101,1,304;1308,1,280;1155,4,4,27,61,168
355,9,10:1034,1,58;1268,1,227;1323,2,56,67;1083,1,138;1286,1,170;1044,1,160;1149,1,294;1330,1,80;1383,1,96
1285,3,3:1034,1,64;1177,1,513;1228,1,171
6793,1,1:1034,1,77
1566,19,29:1034,1,78;1177,1,137;1318,1,55;1070,2,161,169;1215,1,150;1182,1,180;1075,1,152;1079,2,200,213;1081,1,144;1301,1,51;1235,1,176;1187,2,288,471;1188,2,44,65;1040,5,46,54,95,148,193;1121,1,83;1197,3,18,45,61;1266,1,60;1030,1,122;1055,1,29
647,10,10:1034,1,82;1362,1,29;1302,1,48;1192,1,122;1286,1,53;1120,1,87;1209,1,74;1048,1,549;1175,1,167;1352,1,78
3526,5,5:1034,1,87;1162,1,131;1288,1,195;1045,1,101;1150,1,81
857,38,84:1034,2,89,134;1058,6,43,133,146,173,179,290;1373,1,34;1069,1,48;1239,2,7,19;1359,1,80;1006,6,3,10,14,21,26,53;1292,5,78,97,125,156,188;1009,6,5,17,43,84,236,243;1010,2,8,26;1075,1,72;1224,3,44,87,91;1254,1,70;1235,2,163,208;1118,2,87,101;1166,1,112;1275,3,110,130,201;1217,1,21;1167,6,176,188,194,215,286,303;1168,1,164;1285,1,25;1276,2,36,105;1226,1,85;1255,1,151;1277,1,26;1148,4,58,226,242,353;1120,1,57;1288,1,186;1023,1,49;1044,1,125;1048,1,440;1128,3,77,99,268;1210,2,97,105;1175,1,87;1098,2,12,34;1101,3,25,51,90;1102,1,101;1154,4,78,131,159,210
1169,12,22:1034,2,93,138;1062,1,197;1204,1,64;1074,2,148,198;1007,2,92,102;1116,1,114;1163,2,90,121;1164,1,83;1197,2,153,256;1227,4,8,22,31,220;1049,3,12,26,31;1291,1,154
325,5,12:1034,3,94,128,139;1114,5,4,38,47,81,161;1115,1,154;1269,2,101,106;1082,1,86
139,29,29:1034,1,96;1108,1,23;1259,1,65;1133,1,101;1059,1,34;1003,1,185;1345,1,82;1160,1,83;1215,1,61;1009,1,146;1013,1,74;1302,1,187;1015,1,72;1169,1,89;1192,1,130;1395,1,48;1148,1,185;1120,1,179;1173,1,95;1208,1,83;1227,1,156;1150,1,135;1029,1,116;1054,1,82;1247,1,113;1290,1,136;1270,1,134;1101,1,278;1056,1,43
6794,1,1:1034,1,100
1469,6,6:1034,1,103;1339,1,102;1275,1,113;1305,1,64;1097,1,66;1103,1,133
905,25,30:1034,2,105,119;1112,1,151;1113,2,126,163;1001,1,249;1114,1,243;1215,1,147;1074,1,281;1037,1,144;1080,1,111;1146,1,112;1242,1,183;1040,2,154,182;1264,1,119;1226,1,186;1295,1,170;1043,1,166;1022,1,121;1050,1,169;1092,1,189;1026,3,151,162,178;1266,1,57;1052,1,148;1200,1,164;1054,1,126;1176,1,162
2740,2,2:1034,1,108;1013,1,100
1710,7,18:1034,1,111;1187,5,127,388,430,565,578;1086,1,114;1019,2,32,34;1087,3,11,22,84;1395,5,6,13,32,41,57;1023,1,105
1578,26,31:1034,1,115;1130,1,67;1124,1,72;1212,1,115;1157,1,62;1001,1,333;1234,1,35;1067,1,90;1004,1,277;1115,2,108,208;1300,1,78;1070,1,152;1142,1,137;1074,2,135,295;1348,1,44;1161,2,180,421;1075,1,187;1116,2,80,146;1225,1,86;1342,1,95;1337,1,122;1289,1,132;1053,2,132,183;1030,1,227;1176,1,113;1334,1,106
231,49,67:1034,1,121;1109,1,52;1211,1,95;1222,1,102;1133,1,26;1338,2,33,100;1203,1,34;1058,1,22;1177,1,109;1297,1,237;1252,1,63;1113,1,128;1001,1,369;1061,1,279;1002,1,70;1062,1,101;1114,2,11,54;1213,2,26,150;1318,1,46;1068,2,58,167;1253,2,39,97;1182,1,174;1006,1,68;1008,3,13,31,66;1081,3,101,174,227;1374,1,21;1118,1,233;1187,2,304,378;1226,1,100;1148,1,245;1121,1,150;1328,2,13,66;1206,1,19;1289,1,83;1048,1,592;1092,3,25,157,214;1233,2,96,114;1386,1,194;1266,1,111;1030,1,177;1096,2,13,39;1054,1,128;1129,2,118,195;1306,1,66;1247,2,26,122;1270,1,187;1229,1,132;1055,2,57,77;1308,1,65
1752,7,7:1034,1,127;1297,1,123;1138,1,70;1142,1,133;1117,1,77;1092,1,127;1174,1,69
633,50,88:1034,1,129;1123,2,16,57;1297,4,137,169,258,272;1136,2,27,40;1380,1,44;1392,1,84;1159,1,73;1071,2,59,73;1140,2,62,72;1072,1,225;1345,3,5,15,105;1181,1,165;1347,1,50;1143,1,20;1388,1,46;1360,4,94,128,257,272;1240,2,42,59;1117,1,112;1376,1,102;1187,1,445;1188,2,113,116;1284,2,44,56;1273,3,68,91,101;1084,1,185;1218,2,50,98;1167,3,94,126,139;1341,1,52;1020,2,44,88;1226,1,103;1295,3,79,92,101;1172,3,12,20,45;1088,2,191,208;1287,2,118,189;1337,2,60,70;1091,1,24;1092,1,89;1128,1,69;1150,3,6,24,45;1129,1,96;1247,1,30;1228,2,86,198;1280,1,56;1229,3,209,218,228;1032,2,158,197;1308,2,109,119;1102,2,67,78;1390,1,105;1291,1,81;1155,2,176,239;1372,2,71,76
2421,7,8:1034,1,132;1373,1,115;1297,1,320;1208,1,98;1028,1,254;1308,2,159,174;1221,1,102
6103,2,2:1034,1,143;1171,1,254
1208,4,4:1034,1,145;1058,1,182;1027,1,163;1101,1,201
924,9,9:1034,1,147;1297,1,243;1125,1,133;1072,1,290;1233,1,105;1051,1,112;1307,1,90;1281,1,41;1372,1,78
122,86,151:1105,1,17;1107,1,20;1309,1,47;1312,1,26;1391,2,39,74;1396,1,55;1203,1,65;1354,3,28,45,167;1379,3,16,35,42;1297,1,213;1316,1,82;1230,1,51;1212,3,28,78,90;1298,1,30;1268,4,80,107,117,128;1317,1,41;1367,4,30,101,217,275;1059,4,8,21,45,81;1137,1,18;1380,3,12,29,63;1063,1,46;1384,1,56;1355,3,7,25,64;1114,4,20,63,98,115;1378,2,39,54;1368,3,12,24,39;1392,4,11,22,32,71;1381,3,9,18,39;1213,4,7,17,43,129;1072,4,158,176,214,240;1239,2,52,63;1345,1,28;1142,1,51;1215,1,275;1009,2,115,125;1144,1,59;1360,1,84;1224,1,59;1184,3,117,125,131;1272,1,81;1185,2,23,75;1186,1,93;1117,1,84;1163,1,41;1235,1,76;1118,1,58;1241,2,111,118;1187,1,154;1273,1,141;1189,1,72;1166,3,76,126,139;1274,1,193;1167,3,90,104,115;1335,1,28;1168,6,9,26,73,92,182,188;1394,2,78,100;1169,1,233;1342,1,63;1255,2,78,94;1171,2,88,105;1172,1,48;1370,1,65;1278,1,81;1287,1,198;1173,1,27;1350,1,76;1021,1,89;1127,1,232;1045,1,31;1046,1,21;1206,1,44;1209,1,125;1289,1,107;1028,1,166;1129,1,253;1306,1,137;1175,3,62,73,75;1228,2,51,159;1308,3,5,24,43;1363,1,57;1154,2,181,197;1221,2,11,28;1390,1,44;1176,1,137;1155,4,166,201,220,234;1334,1,71
289,57,63:1105,1,18;1111,1,64;1256,1,47;1131,1,39;1177,1,183;1252,2,65,200;1317,1,35;1367,1,208;1178,1,159;1114,1,180;1368,1,68;1115,1,162;1300,1,45;1204,1,82;1125,1,64;1071,1,50;1239,1,25;1347,1,158;1161,1,391;1013,1,112;1301,1,116;1225,1,67;1235,3,38,174,256;1118,1,144;1039,1,217;1325,1,38;1084,1,257;1017,1,88;1086,1,315;1020,1,36;1342,1,59;1226,1,155;1171,1,190;1277,1,68;1120,1,164;1220,1,159;1194,1,127;1121,1,67;1207,1,106;1025,1,74;1197,2,169,263;1208,1,61;1361,1,32;1279,1,56;1092,1,124;1382,1,69;1122,1,57;1174,1,89;1028,1,47;1030,1,114;1129,1,97;1307,1,91;1175,1,44;1229,2,34,277;1154,2,121,166;1291,1,59;1176,1,114
746,17,36:1105,1,20;1396,1,60;1358,1,39;1037,1,151;1185,3,8,17,89;1225,1,127;1082,1,56;1040,4,145,167,184,204;1018,2,127,175;1341,3,2,11,44;1226,1,199;1043,1,173;1196,2,1,6;1197,3,159,205,266;1209,3,119,163,178;1050,1,176;1129,7,53,68,113,137,214,251,280
376,5,5:1105,1,21;1115,1,51;1187,1,65;1085,1,54;1129,1,54
55,125,235:1105,1,22;1256,3,50,68,119;1130,2,105,109;1131,3,38,61,64;1257,2,129,141;1258,1,45;1259,1,114;1260,1,16;1309,1,14;1222,5,15,57,64,105,176;1133,3,16,46,67;1391,1,50;1058,1,73;1379,2,3,10;1313,1,29;1314,4,4,12,20,50;1316,1,60;1135,1,68;1124,1,47;1317,1,44;1000,1,37;1001,3,30,60,300;1136,2,3,13;1299,1,88;1138,1,43;1061,1,388;1002,2,115,174;1062,8,95,103,125,147,169,182,209,218;1282,2,44,102;1355,1,103;1005,1,125;1159,4,8,16,42,211;1204,3,28,95,115;1141,3,14,43,72;1072,7,3,9,40,45,98,110,149;1398,4,3,13,30,47;1239,1,36;1238,2,81,94;1358,1,41;1346,1,71;1181,1,136;1214,1,70;1073,1,100;1253,1,123;1160,2,16,34;1347,4,3,11,98,171;1359,1,101;1231,1,44;1385,1,73;1161,1,36;1271,1,46;1007,1,130;1009,2,58,145;1037,1,152;1038,1,81;1374,4,2,6,13,39;1360,1,88;1349,2,74,114;1183,2,2,10;1185,2,9,18;1225,2,94,128;1324,1,106;1376,2,42,137;1118,3,148,173,239;1205,2,77,230;1284,3,4,11,18;1039,3,140,171,239;1369,1,87;1273,1,178;1040,1,168;1119,3,4,19,35;1275,1,164;1190,1,66;1017,3,92,130,175;1018,2,7,16;1218,1,47;1167,3,2,15,36;1335,1,95;1087,1,25;1169,1,282;1264,1,73;1226,2,173,200;1295,5,3,16,54,133,161;1171,2,61,113;1193,1,114;1395,1,37;1042,2,47,60;1172,1,41;1088,4,1,6,64,121;1089,5,10,20,45,50,91;1043,1,174;1127,2,6,30;1337,2,1,10;1207,1,210;1024,1,149;1196,1,62;1197,3,160,168,216;1208,1,56;1090,3,48,152,204;1209,5,6,16,72,180,246;1361,1,38;1048,2,303,335;1050,1,177;1092,1,76;1128,5,39,52,96,102,106;1246,1,33;1329,3,7,18,31;1382,2,7,18;1122,1,61;1386,2,43,189;1174,1,107;1028,1,50;1095,1,237;1202,1,122;1129,4,70,81,114,281;1267,1,71;1331,1,32;1270,1,55;1032,1,136;1102,2,3,12;1363,2,142,154;1221,1,59;1176,1,123;1334,1,104;1056,1,59
741,44,51:1105,1,25;1057,1,34;1259,1,111;1123,2,28,58;1297,1,40;1268,1,86;1157,1,87;1136,1,38;1178,1,69;1114,1,122;1261,1,58;1068,1,35;1069,2,81,115;1159,1,254;1071,1,60;1141,1,25;1072,1,171;1239,1,61;1214,1,34;1142,1,60;1143,1,22;1360,2,108,259;1185,2,25,117;1376,1,148;1273,1,74;1166,1,78;1084,1,204;1394,1,102;1193,1,171;1148,1,358;1088,1,202;1393,1,59;1278,1,83;1209,1,145;1382,1,113;1386,3,94,183,235;1027,1,131;1095,1,267;1343,1,145;1247,1,46;1175,1,131;1308,1,244;1154,2,198,218;1155,1,240
599,2,2:1105,1,28;1381,1,67
577,22,28:1105,1,29;1058,1,92;1135,2,54,105;1230,1,44;1212,1,68;1268,1,143;1138,1,72;1392,1,67;1069,2,13,37;1358,1,48;1283,1,19;1186,1,57;1274,3,58,118,220;1084,2,218,255;1147,2,190,239;1020,1,124;1127,1,90;1304,1,112;1343,1,127;1306,1,102;1228,1,234;1229,1,250
352,56,61:1105,1,30;1312,1,28;1134,1,60;1203,1,67;1135,2,98,194;1230,1,42;1268,2,77,147;1060,1,77;1299,1,99;1063,1,70;1237,1,33;1004,1,287;1398,1,42;1262,1,64;1181,1,191;1073,1,130;1339,1,85;1347,1,197;1340,1,17;1161,1,30;1037,1,13;1076,1,55;1349,1,91;1240,2,84,115;1225,1,45;1186,1,80;1274,1,123;1084,1,225;1086,1,327;1019,1,73;1169,1,221;1276,1,132;1255,1,45;1193,1,103;1395,1,19;1219,1,59;1043,1,29;1046,1,14;1196,1,145;1050,1,29;1150,1,47;1246,1,49;1027,1,119;1094,2,84,101;1174,1,47;1028,1,45;1201,1,45;1031,1,134;1129,1,255;1099,1,102;1102,1,32;1363,2,60,80;1281,1,91;1154,1,162;1103,1,175;1221,1,82
933,7,7:1105,1,33;1258,1,38;1211,1,143;1157,1,101;1021,1,96;1094,1,169;1332,1,45
426,32,50:1105,1,36;1256,1,82;1257,2,48,96;1258,1,138;1333,3,2,16,55;1058,2,70,268;1135,3,37,210,218;1252,1,22;1344,2,1,11;1234,1,114;1004,1,284;1140,1,92;1358,3,1,20,51;1253,1,99;1182,4,1,11,51,94;1263,1,35;1013,1,150;1165,1,121;1020,1,269;1278,1,33;1121,3,95,156,174;1351,3,1,8,19;1209,1,286;1028,1,292;1030,2,137,185;1031,1,121;1331,2,76,126;1306,1,59;1032,1,119;1103,1,53;1249,1,72;1372,1,79
158,44,62:1105,1,37;1110,2,37,66;1258,1,129;1123,1,197;1333,1,87;1312,1,79;1316,2,48,53;1157,1,57;1367,1,139;1137,1,16;1380,2,17,34;1213,2,10,20;1261,1,103;1069,1,28;1004,1,282;1180,1,194;1072,2,229,239;1181,3,5,11,18;1253,3,75,89,96;1215,1,286;1008,1,137;1362,1,108;1145,1,77;1013,1,119;1187,1,143;1242,1,40;1040,1,41;1147,1,145;1394,1,166;1148,1,362;1220,4,77,87,99,130;1128,1,233;1026,1,105;1386,1,229;1199,1,145;1174,1,70;1053,3,14,37,87;1029,3,9,23,44;1247,3,3,15,72;1098,1,68;1290,1,29;1103,1,114;1291,1,84;1176,1,34
1546,12,17:1105,1,38;1109,2,17,60;1111,3,17,47,62;1315,1,50;1013,1,28;1255,1,84;1021,3,5,19,29;1279,1,118;1095,1,261;1151,1,19;1152,1,19;1249,1,73
5337,2,2:1105,1,40;1196,1,48
966,15,16:1105,1,42;1257,1,16;1259,1,128;1338,1,46;1230,1,14;1001,1,363;1140,1,99;1010,1,42;1324,1,41;1040,1,105;1303,2,1,12;1085,1,90;1336,1,171;1255,1,49;1219,1,62
163,43,95:1105,1,45;1108,1,73;1113,1,91;1001,10,5,35,62,132,212,228,242,272,336,347;1158,2,1,8;1004,3,1,13,33;1204,3,2,14,35;1180,3,3,35,164;1161,1,82;1075,1,212;1078,1,59;1011,1,57;1079,3,7,32,65;1269,1,201;1376,4,2,14,30,145;1302,2,1,8;1191,3,3,11,226;1020,1,109;1295,1,41;1089,3,2,12,29;1043,1,33;1127,2,11,35;1195,2,159,254;1025,1,69;1375,1,24;1050,1,33;1092,2,68,117;1246,2,4,17;1198,2,80,102;1386,5,1,9,22,173,219;1199,3,6,20,82;1266,4,9,19,44,170;1027,2,45,104;1174,2,86,99;1330,1,59;1028,3,4,14,36;1095,1,57;1305,3,4,15,25;1201,1,245;1096,3,1,27,54;1153,2,64,66;1032,4,46,51,135,296;1176,1,89
539,23,55:1105,1,46;1134,1,74;1373,1,97;1299,1,34;1204,3,3,15,36;1180,3,4,36,68;1360,3,168,244,281;1376,4,3,15,31,146;1188,2,6,21;1302,1,125;1295,1,42;1244,2,8,25;1127,7,12,36,61,119,130,170,221;1196,1,116;1209,2,173,292;1092,1,69;1246,4,5,18,47,84;1386,6,2,10,23,174,220,241;1094,1,72;1029,1,38;1343,1,65;1156,7,9,18,35,137,161,187,209;1372,1,38
1257,12,18:1105,1,48;1364,1,37;1234,1,62;1066,1,184;1035,2,201,216;1074,3,112,307,327;1360,3,165,241,278;1127,2,63,223;1196,1,141;1027,1,171;1029,1,40;1247,1,140
1336,4,7:1105,1,49;1294,3,5,20,36;1196,1,117;1386,2,24,221
1381,22,31:1105,2,51,109;1110,2,53,86;1268,2,94,203;1300,1,76;1143,1,85;1161,1,75;1240,1,32;1163,1,104;1376,1,127;1187,1,92;1126,1,34;1188,1,62;1325,1,61;1275,3,13,28,50;1018,1,46;1086,1,28;1196,1,29;1090,1,178;1092,1,64;1028,1,41;1175,4,10,22,41,146;1229,2,71,269
912,19,37:1105,1,54;1354,2,33,83;1159,2,222,267;1204,3,9,21,53;1070,1,48;1358,1,57;1339,3,9,18,46;1347,2,88,186;1292,2,42,53;1016,1,67;1019,1,69;1295,3,13,26,49;1171,1,144;1206,5,7,14,36,79,142;1196,1,121;1096,3,8,34,61;1129,1,132;1247,1,44;1248,3,12,24,124
5726,2,2:1105,1,55;1311,1,21
1158,23,28:1105,2,56,120;1389,1,65;1298,1,47;1181,1,101;1215,1,102;1323,2,28,45;1274,2,34,72;1017,1,214;1293,1,72;1147,1,137;1020,1,252;1148,1,41;1288,1,210;1279,1,85;1150,1,106;1305,1,34;1201,1,190;1343,1,119;1306,1,116;1097,1,48;1280,1,91;1229,1,117;1155,3,19,42,75
2783,5,6:1105,2,57,121;1240,1,79;1254,1,102;1084,1,127;1308,1,262
450,14,17:1105,2,59,123;1268,1,174;1137,1,35;1213,1,99;1140,2,7,15;1072,1,41;1339,1,110;1143,1,49;1144,1,83;1187,1,148;1287,2,74,181;1304,1,106;1094,1,151;1175,1,158
1685,5,5:1105,1,65;1070,1,218;1191,1,87;1122,1,34;1099,1,43
249,20,30:1105,1,69;1057,2,102,252;1259,2,75,79;1177,3,231,451,481;1297,1,368;1070,1,143;1180,1,140;1140,1,18;1079,1,236;1081,1,156;1145,1,96;1192,1,157;1278,1,151;1173,2,111,170;1121,3,218,235,270;1201,2,163,168;1030,2,267,284;1129,1,141;1101,2,117,126;1397,1,74
1288,4,4:1105,1,71;1246,1,193;1201,1,172;1030,1,308
2283,16,21:1105,1,72;1133,1,38;1312,3,38,65,117;1157,1,26;1204,1,70;1385,1,37;1184,1,33;1269,1,250;1126,2,50,59;1164,1,59;1325,1,62;1018,1,47;1086,3,71,397,426;1170,1,99;1048,1,463;1054,1,112
2751,6,7:1105,1,73;1312,1,118;1354,1,80;1269,1,251;1126,2,51,60;1048,1,464
882,17,36:1105,1,74;1158,1,131;1234,2,45,94;1081,1,147;1116,3,120,133,152;1321,1,77;1269,2,243,252;1187,10,107,124,313,358,382,421,496,522,554,575;1126,6,52,61,88,98,133,154;1165,1,142;1166,1,36;1041,1,150;1192,2,225,242;1170,1,68;1121,1,273;1046,1,86;1236,1,63
102,71,84:1105,1,77;1107,1,182;1108,1,57;1131,1,25;1257,1,26;1258,1,75;1309,1,42;1310,1,40;1177,2,159,285;1354,1,59;1297,1,196;1315,1,28;1367,1,290;1138,1,33;1002,1,57;1114,1,259;1381,1,73;1158,1,25;1003,1,250;1159,1,126;1262,1,70;1073,2,56,84;1215,2,99,287;1359,1,42;1009,1,246;1145,2,50,115;1360,1,174;1224,2,47,123;1162,2,46,118;1240,1,109;1013,1,60;1163,2,59,73;1187,3,54,186,586;1205,1,23;1165,2,67,123;1188,1,68;1284,1,127;1016,1,215;1275,1,260;1085,1,70;1232,1,75;1243,1,48;1394,1,154;1169,1,20;1192,1,106;1336,1,156;1295,1,123;1255,2,133,193;1170,1,125;1171,2,42,82;1193,1,185;1088,1,117;1089,1,52;1393,1,70;1278,1,71;1350,1,30;1023,1,73;1046,2,69,111;1337,1,108;1024,1,22;1233,1,144;1266,1,164;1236,1,84;1129,1,307;1307,1,149;1352,1,85;1280,1,43;1229,1,313;1100,1,60;1155,1,293;1372,1,47
766,21,39:1105,1,79;1106,1,92;1135,1,180;1002,1,131;1068,1,72;1004,3,6,18,39;1070,3,13,26,55;1140,1,91;1183,1,88;1187,3,5,20,594;1014,7,17,37,64,114,227,231,257;1084,2,224,245;1232,3,10,23,52;1020,1,169;1087,1,39;1043,1,125;1195,1,68;1025,2,19,38;1209,3,10,20,294;1050,1,128;1100,1,73
1564,17,26:1105,1,82;1177,1,132;1115,2,204,235;1014,1,59;1039,2,133,154;1040,2,78,258;1017,1,252;1232,3,12,25,49;1293,1,68;1169,1,39;1192,2,133,148;1219,1,25;1194,1,52;1149,2,126,166;1197,3,14,41,86;1382,1,199;1248,1,51
378,98,158:1105,1,88;1107,1,28;1108,1,82;1256,3,7,17,43;1130,2,7,14;1131,3,7,14,28;1257,2,7,14;1389,2,7,14;1112,2,18,58;1123,1,132;1211,3,100,133,151;1391,1,92;1373,3,1,10,22;1353,2,27,43;1354,2,19,68;1314,1,36;1315,1,35;1135,5,53,62,111,124,170;1124,1,24;1212,1,56;1268,1,33;1251,1,74;1252,1,198;1317,1,32;1299,2,2,10;1137,1,56;1138,1,47;1061,1,174;1002,1,59;1318,2,15,32;1065,1,132;1387,2,17,44;1073,1,122;1215,1,22;1339,4,2,11,58,67;1182,1,53;1143,1,70;1009,1,197;1078,1,175;1011,1,206;1224,3,2,14,125;1301,2,53,73;1235,2,36,254;1118,1,92;1241,1,24;1187,1,239;1014,1,224;1165,1,95;1188,3,3,18,105;1273,2,20,144;1166,1,134;1274,2,22,76;1275,1,108;1217,1,79;1167,1,258;1243,1,50;1293,2,23,61;1191,1,92;1169,1,66;1192,3,16,45,51;1295,2,28,120;1255,1,257;1193,1,133;1148,1,181;1088,1,282;1393,1,14;1244,2,5,22;1288,1,127;1350,1,32;1023,3,1,13,26;1044,1,151;1195,2,24,111;1304,5,5,15,28,51,163;1045,1,19;1048,1,247;1198,1,122;1199,1,108;1094,2,68,100;1174,3,21,42,71;1200,2,50,129;1201,2,2,10;1096,1,186;1151,1,24;1152,1,24;1331,3,2,13,88;1306,3,3,15,35;1247,1,119;1098,1,85;1290,1,31;1270,3,58,110,196;1280,2,2,17;1100,1,82;1308,1,214;1363,2,96,169;1154,4,1,21,50,164;1291,1,57;1155,1,187;1372,1,19
784,5,5:1105,1,89;1061,1,175;1213,1,23;1253,1,32;1255,1,224
773,18,20:1105,1,90;1258,2,77,93;1057,1,184;1222,1,98;1311,1,49;1177,1,244;1268,1,92;1061,1,140;1356,1,81;1300,1,97;1385,1,44;1074,1,301;1126,2,89,134;1303,1,113;1275,1,87;1217,1,35;1052,1,36;1097,1,112
3564,9,13:1105,2,96,98;1135,1,196;1035,1,165;1181,1,132;1078,1,110;1079,1,96;1116,1,130;1226,1,90;1197,4,27,54,81,222
1035,4,4:1105,1,100;1237,1,20;1254,1,120;1202,1,124
2643,8,9:1105,1,103;1134,1,116;1161,1,263;1187,1,211;1040,2,174,281;1207,1,206;1201,1,122;1307,1,49
1337,10,14:1105,1,105;1113,1,156;1001,1,335;1180,3,126,158,190;1161,2,265,282;1040,1,283;1342,1,142;1337,1,52;1201,2,69,107;1307,1,51
138,90,102:1105,1,114;1109,2,88,150;1110,1,146;1111,1,44;1256,1,69;1258,1,58;1312,1,150;1134,1,105;1396,1,63;1203,1,63;1177,1,305;1373,1,109;1354,1,103;1252,2,84,170;1001,1,121;1137,1,78;1002,1,92;1062,1,117;1282,1,95;1213,1,67;1003,1,221;1066,1,179;1356,1,73;1004,2,141,305;1159,2,186,212;1300,1,77;1179,2,108,152;1070,1,117;1140,1,121;1181,1,158;1160,1,75;1215,1,256;1339,1,123;1074,1,114;1010,1,95;1011,1,199;1079,2,185,233;1146,1,140;1117,1,121;1269,1,208;1014,1,249;1165,2,54,106;1188,1,90;1284,1,99;1016,1,102;1084,1,143;1232,1,65;1341,2,146,171;1147,1,249;1019,1,104;1191,2,144,407;1087,1,77;1342,2,110,150;1264,1,114;1255,1,101;1277,1,84;1395,1,44;1148,1,198;1088,1,293;1089,1,104;1393,1,101;1120,1,160;1173,1,128;1350,1,83;1127,2,83,179;1195,1,221;1046,1,110;1206,1,47;1024,1,131;1208,1,103;1090,1,127;1227,1,199;1128,1,124;1150,1,119;1233,1,143;1198,1,77;1199,1,75;1028,1,287;1331,1,122;1343,1,96;1306,1,80;1097,1,126;1100,1,112;1101,2,253,277;1308,1,310;1363,1,137;1103,1,233;1176,1,175;1155,1,133;1156,1,71
890,7,8:1105,1,115;1256,1,122;1360,1,130;1126,1,151;1014,2,198,214;1044,1,219;1227,1,73
695,29,31:1105,1,116;1256,1,123;1338,1,43;1058,1,207;1296,1,44;1314,1,52;1135,1,184;1298,1,111;1060,1,147;1001,1,202;1299,1,135;1378,1,51;1300,1,83;1071,1,65;1398,1,34;1263,1,39;1224,1,127;1302,1,133;1303,1,117;1169,1,153;1255,1,265;1148,3,174,293,308;1089,1,53;1304,1,77;1207,1,69;1024,1,153;1154,1,91;1155,1,128;1248,1,78
3968,1,1:1105,1,124
4919,3,5:1105,1,126;1179,2,7,15;1074,2,109,304
588,1,1:1105,1,127
88,23,31:1106,1,18;1367,1,268;1064,1,20;1007,1,24;1183,1,23;1185,1,29;1235,2,59,125;1241,1,130;1165,1,49;1302,1,116;1166,2,51,96;1119,3,1,16,32;1017,3,86,154,174;1335,1,94;1341,1,55;1147,1,110;1169,1,25;1219,1,14;1327,1,58;1046,1,32;1090,2,27,181;1209,2,3,13;1386,1,37
2103,8,10:1106,1,22;1107,2,62,186;1112,2,62,116;1333,1,108;1064,1,40;1118,1,125;1275,1,73;1169,1,55
693,22,37:1106,1,27;1268,3,1,13,32;1114,2,24,67;1238,1,158;1253,1,74;1385,1,40;1143,2,7,16;1008,1,76;1187,4,43,130,364,535;1014,3,16,36,63;1166,3,1,5,10;1084,1,59;1335,1,30;1293,1,73;1394,1,59;1377,1,72;1255,1,273;1288,1,164;1207,1,40;1290,2,1,6;1280,1,36;1229,4,6,18,62,261
73,137,220:1106,1,29;1110,1,30;1131,1,33;1389,1,84;1211,1,78;1222,2,46,159;1311,1,71;1312,1,68;1391,1,71;1354,2,121,123;1379,1,76;1297,2,198,230;1315,1,24;1316,1,37;1268,1,112;1252,1,116;1367,1,37;1060,1,107;1001,3,95,112,173;1061,4,27,41,186,206;1002,2,38,78;1062,1,49;1282,3,17,37,58;1384,1,32;1355,1,39;1114,1,102;1064,3,7,15,35;1368,2,41,57;1158,2,19,81;1065,1,42;1003,1,267;1035,1,224;1139,2,12,26;1300,1,47;1125,1,117;1070,4,9,22,45,51;1180,3,19,51,71;1141,1,36;1238,1,71;1181,2,104,116;1214,1,80;1073,1,68;1253,1,59;1215,1,135;1339,1,106;1347,3,52,105,242;1292,1,20;1271,1,81;1008,1,73;1037,1,185;1320,1,75;1078,1,85;1011,1,76;1080,2,146,160;1012,3,5,14,22;1145,1,45;1146,1,19;1183,1,17;1162,1,25;1240,2,24,136;1283,1,130;1272,1,66;1225,1,39;1117,2,49,63;1163,2,103,118;1269,3,3,10,22;1324,1,67;1235,1,56;1187,7,40,118,187,204,244,294,477;1205,5,36,147,232,265,291;1126,2,43,143;1164,3,55,94,121;1165,2,41,113;1302,1,215;1273,1,140;1303,1,104;1119,3,7,22,38;1274,1,252;1084,1,56;1017,1,40;1217,2,18,34;1218,3,8,18,38;1167,4,5,18,45,61;1293,1,75;1394,2,56,127;1169,1,35;1192,2,235,258;1377,2,63,66;1255,4,138,172,267,270;1148,3,43,201,208;1043,1,232;1244,1,63;1120,2,49,116;1220,1,69;1288,3,9,25,97;1127,1,208;1195,1,92;1121,1,91;1046,1,60;1328,1,61;1206,3,59,86,153;1207,2,35,61;1047,1,29;1197,2,55,285;1208,1,42;1209,1,195;1227,1,45;1050,1,237;1092,1,45;1245,1,92;1026,1,242;1246,3,91,164,177;1329,1,33;1027,1,135;1174,1,149;1052,1,106;1200,1,110;1201,2,47,143;1029,1,42;1030,2,99,132;1031,3,4,14,59;1054,3,9,26,59;1151,1,37;1307,1,102;1175,2,69,137;1228,1,110;1270,1,60;1099,1,32;1055,1,92;1101,1,305;1308,1,140;1102,3,73,110,198;1103,2,95,104;1155,1,144;1248,1,135;1156,3,48,54,113;1372,1,44
74,66,115:1106,1,30;1107,2,68,103;1367,1,38;1061,2,30,42;1282,3,18,38,59;1355,1,40;1114,1,103;1064,1,36;1069,1,68;1139,2,13,27;1159,2,233,270;1180,1,72;1292,2,21,32;1008,1,74;1009,1,153;1037,1,186;1320,1,76;1183,2,18,22;1162,1,26;1240,1,25;1184,2,2,8;1186,1,40;1269,3,4,11,23;1187,4,41,119,295,478;1164,4,95,99,122,132;1165,1,42;1015,3,8,19,51;1083,3,63,103,225;1119,3,8,23,39;1274,1,253;1084,1,57;1017,1,41;1217,1,19;1167,4,6,19,46,62;1293,1,76;1394,1,57;1169,1,36;1192,2,236,259;1377,1,67;1255,2,268,271;1043,1,233;1244,3,3,20,64;1120,1,51;1288,10,10,14,26,30,38,79,98,145,191,219;1195,1,93;1046,1,26;1328,1,62;1206,3,60,87,154;1207,2,36,62;1196,1,22;1090,1,158;1209,1,198;1050,1,238;1246,3,92,165,178;1329,1,34;1122,1,71;1027,1,136;1174,2,104,150;1052,1,107;1200,1,111;1054,3,10,27,60;1175,1,138;1352,3,2,6,14;1228,1,111;1101,1,306;1248,1,136
730,30,41:1106,1,33;1177,2,428,499;1297,2,265,308;1212,1,52;1113,1,108;1035,1,102;1358,1,101;1183,2,63,79;1185,1,51;1187,2,49,226;1014,1,76;1039,2,126,225;1275,1,64;1017,1,44;1018,3,110,155,166;1167,2,141,160;1169,3,142,212,343;1192,1,205;1276,1,53;1370,1,130;1288,1,211;1210,1,82;1201,2,83,126;1029,1,94;1030,1,230;1202,1,70;1151,1,51;1100,1,55;1101,1,315;1249,1,52
634,7,7:1106,1,40;1298,1,59;1355,1,59;1163,1,160;1166,1,143;1233,1,131;1307,1,140
3865,3,3:1106,1,43;1367,1,282;1189,1,78
6795,1,1:1106,1,44
2125,7,7:1106,1,45;1367,1,284;1059,1,51;1189,1,80;1020,1,140;1287,1,226;1021,1,100
537,10,10:1106,1,47;1373,1,61;1354,1,114;1138,1,75;1204,1,33;1283,1,133;1117,1,133;1163,1,146;1169,1,318;1291,1,117
4003,3,4:1106,1,48;1299,1,81;1181,2,38,88
2447,1,1:1106,1,51
75,64,186:1106,1,53;1311,1,20;1177,3,419,426,520;1000,5,10,25,35,58,83;1060,2,10,27;1002,3,10,21,33;1062,7,11,17,32,38,51,93,112;1004,2,182,243;1139,2,48,92;1005,2,89,110;1159,1,111;1357,1,49;1204,11,7,19,27,42,48,51,57,88,94,114,133;1358,2,73,94;1161,4,204,227,236,292;1292,2,40,51;1007,3,5,11,37;1008,1,93;1037,1,187;1077,1,35;1183,7,7,15,25,52,87,172,206;1013,3,47,114,156;1117,2,69,95;1163,1,100;1376,5,41,64,72,136,157;1187,6,44,291,334,397,456,474;1205,1,54;1302,1,129;1015,1,144;1016,1,65;1040,1,265;1274,4,9,19,97,140;1018,2,44,89;1341,1,144;1086,19,1,5,21,45,85,109,152,167,212,226,234,280,293,318,338,363,392,411,416;1168,1,102;1019,7,5,11,23,31,41,67,87;1394,1,138;1087,5,38,75,81,83,95;1342,6,6,17,29,108,127,148;1295,2,47,132;1170,1,87;1171,1,130;1148,1,122;1043,2,120,234;1278,2,125,158;1045,1,155;1046,1,61;1206,4,34,64,77,140;1196,2,27,71;1090,1,179;1209,1,65;1049,1,75;1050,2,123,239;1246,4,46,83,102,179;1096,5,6,32,59,117,154;1099,7,25,160,168,203,214,270,290;1100,1,72;1032,1,267;1101,4,22,48,76,188;1291,2,46,161;1176,3,47,101,214;1248,5,10,22,34,122,150;1334,2,30,79
183,90,181:1106,1,54;1310,1,19;1311,1,69;1058,1,79;1354,3,24,109,135;1296,1,15;1297,2,133,210;1230,1,144;1212,1,63;1298,1,56;1268,2,110,160;1252,1,141;1367,2,203,212;1137,1,38;1380,1,40;1178,2,4,36;1063,4,40,74,100,120;1384,1,52;1355,5,2,20,75,91,97;1114,2,15,58;1064,2,59,64;1378,1,36;1368,2,78,86;1392,3,6,17,79;1381,2,31,97;1213,1,38;1139,1,43;1159,7,28,55,86,113,169,198,252;1300,3,44,82,120;1072,1,31;1345,1,88;1142,2,74,113;1215,1,271;1161,1,58;1388,2,53,62;1240,6,3,11,22,62,81,97;1184,1,98;1185,1,115;1323,1,14;1117,3,34,43,78;1163,2,87,130;1376,4,75,81,98,121;1235,2,122,127;1118,1,75;1241,1,101;1205,6,5,16,124,139,145,206;1164,1,123;1188,1,87;1284,2,63,86;1303,1,76;1325,1,37;1218,1,94;1167,1,149;1341,1,64;1147,3,124,195,219;1394,2,74,132;1020,4,1,15,40,75;1336,1,111;1342,1,165;1264,1,60;1295,1,66;1255,1,90;1244,1,65;1120,1,120;1287,1,112;1304,2,101,146;1046,1,95;1024,2,97,188;1090,1,71;1092,1,123;1128,1,65;1233,2,128,141;1028,2,170,209;1201,1,21;1343,1,58;1371,2,9,18;1228,8,118,136,173,188,193,210,239,248;1099,5,172,271,276,291,297;1280,1,65;1229,4,3,15,78,110;1332,1,48;1100,1,33;1308,10,2,21,40,78,178,229,236,269,288,305;1102,2,104,122;1103,2,174,231;1390,1,121;1155,6,2,25,56,155,216,298;1248,3,108,133,175;1397,2,33,51;1249,1,29
1073,28,46:1106,1,57;1068,1,139;1139,1,84;1009,1,117;1010,3,17,35,59;1082,1,97;1188,1,75;1083,1,31;1166,2,11,73;1274,1,25;1084,1,214;1020,2,3,17;1342,1,89;1088,1,31;1287,1,134;1127,1,106;1044,3,4,30,73;1245,1,162;1246,2,111,130;1198,2,14,29;1199,2,13,27;1174,3,13,34,60;1099,6,71,150,201,212,246,265;1100,1,87;1032,1,68;1101,1,271;1291,3,70,108,141;1248,1,166
1181,9,26:1106,1,59;1070,2,6,19;1008,2,113,151;1009,4,10,22,35,124;1274,2,27,203;1044,7,6,24,32,50,66,75,198;1092,1,153;1051,4,12,31,50,63;1052,3,6,20,60
1516,14,19:1106,1,60;1070,2,113,197;1180,2,124,188;1162,3,60,87,98;1324,1,68;1235,1,57;1241,1,147;1014,1,302;1273,2,4,13;1169,1,257;1336,1,148;1255,1,139;1327,1,121;1337,1,116
187,96,214:1106,1,63;1109,1,86;1057,5,14,28,63,92,147;1134,1,25;1354,2,118,176;1297,3,38,56,111;1230,1,62;1212,2,79,113;1298,2,96,107;1367,2,153,259;1380,2,3,20;1282,2,3,23;1178,4,2,34,67,135;1114,1,141;1064,1,54;1392,2,26,54;1381,2,84,115;1213,2,148,183;1139,1,30;1005,1,84;1159,4,44,176,194,227;1142,1,112;1319,4,6,28,50,77;1347,4,66,130,148,192;1340,1,13;1161,2,27,415;1388,1,31;1360,2,42,65;1349,1,89;1183,4,32,34,121,131;1224,1,79;1240,3,106,147,214;1272,4,3,16,29,130;1013,2,32,95;1186,5,3,19,35,62,86;1376,1,92;1241,1,99;1165,3,17,45,110;1303,3,73,82,101;1325,1,35;1166,3,64,94,147;1274,4,4,14,159,197;1018,1,27;1218,1,74;1232,1,28;1167,2,256,269;1168,3,37,57,206;1394,1,106;1020,4,30,175,197,260;1169,10,8,16,78,95,124,209,219,332,338,381;1192,2,15,116;1326,1,83;1255,6,2,16,31,72,100,249;1170,5,7,22,32,76,109;1193,1,131;1395,1,17;1288,2,124,170;1127,2,53,113;1044,1,152;1304,3,10,20,24;1337,1,76;1149,1,288;1206,2,161,184;1196,1,13;1209,1,187;1289,1,103;1227,4,14,28,33,206;1049,3,14,28,34;1092,1,140;1198,1,69;1386,1,200;1199,1,67;1174,4,44,65,186,224;1330,4,1,12,25,42;1028,2,31,44;1095,1,42;1031,1,50;1054,1,66;1331,3,47,69,120;1343,1,22;1306,3,12,24,31;1307,1,97;1175,3,27,52,171;1098,1,57;1099,1,88;1229,8,31,50,141,153,160,181,200,320;1100,1,29;1308,2,84,92;1363,3,48,78,135;1281,3,90,121,141;1154,5,59,89,119,137,174;1103,2,172,229;1390,1,18;1291,1,26;1155,3,52,124,296;1249,1,64
199,69,162:1106,1,68;1107,1,33;1367,4,10,24,39,45;1002,3,8,19,29;1062,3,9,30,91;1261,3,13,36,62;1139,2,4,18;1159,3,6,14,32;1179,2,2,10;1204,3,11,23,44;1036,1,89;1007,4,3,9,40,55;1183,1,209;1224,1,145;1162,1,107;1254,1,25;1225,1,33;1186,2,7,23;1269,1,203;1324,3,8,17,38;1376,3,6,18,34;1118,3,5,17,45;1205,4,7,18,28,51;1165,3,1,8,40;1188,1,77;1284,1,121;1015,3,5,16,31;1016,4,12,25,40,243;1166,3,13,69,174;1274,2,7,17;1084,2,15,31;1085,3,9,19,39;1190,3,9,19,45;1218,3,1,11,22;1086,1,14;1019,3,1,7,14;1087,2,2,13;1169,1,47;1342,1,90;1226,3,15,33,54;1295,3,6,19,51;1170,2,11,26;1395,1,35;1219,3,2,8,16;1042,3,4,9,26;1172,3,1,4,120;1088,6,3,8,12,40,61,289;1089,5,7,17,34,43,56;1287,2,9,19;1194,2,14,29;1023,1,40;1149,3,13,27,247;1206,1,170;1207,3,8,18,170;1047,3,8,17,26;1209,1,71;1092,3,10,21,74;1246,3,113,133,187;1174,3,15,36,62;1095,5,4,24,60,100,181;1096,3,21,47,75;1129,1,29;1097,1,55;1175,1,182;1098,3,21,43,48;1280,2,12,27;1100,2,12,25;1032,2,10,21;1248,1,153
90,43,71:1106,1,69;1222,3,94,120,125;1070,2,99,188;1239,3,12,24,82;1182,2,57,116;1080,1,164;1283,4,8,16,36,55;1184,1,152;1324,1,109;1235,2,62,266;1014,2,176,314;1082,2,102,111;1302,1,195;1242,1,146;1273,2,31,118;1190,1,81;1217,2,58,74;1341,1,30;1168,1,50;1192,2,182,202;1377,1,56;1255,3,142,155,227;1193,1,155;1088,5,149,164,200,221,279;1043,1,134;1045,1,184;1197,2,193,283;1050,1,137;1093,1,67;1382,1,203;1095,1,256;1053,2,144,188;1029,1,92;1054,2,100,109;1129,1,30;1228,1,213;1100,2,88,106;1101,1,297;1281,1,75;1390,1,55;1291,3,71,109,142;1176,1,41;1334,2,45,75
736,10,12:1106,1,72;1353,1,40;1163,1,55;1325,2,11,27;1166,1,15;1232,1,35;1173,1,88;1090,1,160;1129,2,3,11;1352,1,11
38,14,22:1106,1,85;1123,1,140;1067,3,111,173,221;1004,3,103,162,230;1070,1,67;1079,1,164;1225,1,133;1039,1,232;1018,1,103;1197,2,115,148;1051,1,200;1096,2,147,198;1031,1,90;1101,3,115,154,230
319,44,46:1106,1,86;1256,1,127;1058,1,186;1000,1,116;1001,1,281;1062,1,150;1063,1,83;1355,1,128;1387,1,73;1072,1,54;1238,1,99;1345,1,73;1346,1,74;1181,1,186;1214,1,86;1160,1,73;1215,1,279;1339,1,33;1340,1,69;1007,1,127;1240,1,205;1324,1,115;1039,3,137,167,210;1303,1,98;1084,1,234;1232,1,90;1264,1,69;1226,1,161;1255,1,255;1288,1,174;1044,1,180;1149,1,175;1227,1,239;1382,1,155;1174,1,227;1383,1,72;1202,1,113;1307,1,150;1229,1,84;1101,1,163;1308,1,313;1281,1,128;1397,1,123;1249,1,84
320,60,71:1106,1,87;1256,1,128;1260,1,60;1222,1,190;1177,1,265;1296,1,74;1315,1,76;1060,1,130;1001,3,269,306,318;1062,2,123,216;1063,1,84;1355,1,129;1067,1,201;1069,2,78,111;1141,2,51,80;1072,1,55;1239,3,34,90,112;1238,1,100;1345,1,74;1346,1,75;1181,1,167;1214,1,77;1160,1,67;1347,1,136;1340,1,67;1007,1,128;1081,1,184;1240,1,199;1254,1,107;1324,1,101;1235,1,239;1039,4,138,168,211,234;1273,1,151;1166,1,186;1084,1,198;1232,1,91;1243,1,123;1020,1,231;1169,1,388;1192,1,108;1264,1,70;1226,1,162;1255,1,239;1170,1,113;1172,1,129;1288,1,175;1044,1,181;1149,1,176;1207,1,160;1048,1,351;1027,1,140;1247,1,115;1280,2,79,118;1229,1,85;1308,1,314;1363,1,157;1281,1,129;1291,1,169;1397,1,113;1249,1,85
1,96,137:1106,1,89;1108,1,18;1389,1,81;1057,3,87,164,206;1222,1,181;1058,3,18,116,191;1177,1,17;1313,1,17;1296,1,76;1315,1,79;1135,1,129;1000,3,2,17,64;1001,2,277,358;1344,1,21;1137,1,86;1002,3,3,14,97;1062,2,2,23;1282,1,106;1063,1,86;1223,1,80;1355,1,132;1114,1,323;1064,1,76;1003,1,30;1067,3,1,4,14;1068,2,2,14;1204,1,147;1141,2,45,62;1238,2,130,135;1262,1,132;1181,1,173;1143,1,102;1348,1,12;1007,1,43;1008,1,41;1010,2,2,20;1075,3,1,20,40;1038,1,47;1076,2,1,26;1320,2,52,103;1077,2,21,80;1116,2,2,22;1144,1,90;1322,1,22;1272,1,152;1185,1,100;1254,1,109;1186,1,137;1269,1,262;1324,2,19,40;1235,1,229;1118,1,203;1014,3,1,21,216;1082,1,32;1302,3,17,140,272;1016,1,28;1039,2,129,183;1242,3,62,72,99;1273,1,154;1040,2,1,19;1083,1,22;1166,1,194;1084,3,151,237,260;1085,1,27;1190,1,117;1041,1,20;1018,1,82;1232,1,86;1243,1,119;1255,1,241;1170,1,126;1171,1,149;1277,1,20;1148,1,157;1042,2,48,61;1120,1,219;1044,1,70;1337,1,111;1207,2,162,179;1209,1,270;1375,2,39,50;1094,2,24,161;1051,2,40,144;1174,1,218;1052,1,92;1096,2,183,208;1247,2,111,168;1097,2,2,14;1371,1,77;1270,1,28;1280,1,120;1363,1,163;1291,1,171;1155,1,263;1397,1,120;1249,1,74
80,78,296:1106,1,90;1107,3,73,108,152;1110,1,143;1178,3,12,44,75;1139,1,37;1115,4,106,130,136,164;1070,4,103,109,191,202;1231,4,1,11,29,42;1036,6,5,28,48,71,87,101;1007,3,29,81,115;1075,12,7,11,26,30,50,56,85,105,122,143,159,173;1037,9,2,5,9,43,69,74,109,153,178;1038,4,5,11,17,42;1076,1,61;1077,2,75,109;1183,4,40,144,176,184;1185,1,65;1254,3,1,11,59;1013,2,120,134;1323,1,39;1225,1,73;1269,5,92,135,148,159,185;1235,2,50,131;1205,1,89;1126,11,7,20,31,76,95,104,113,173,183,205,217;1014,2,104,106;1188,3,14,29,51;1039,2,70,237;1040,2,61,138;1166,1,171;1274,2,90,141;1084,1,137;1190,3,34,93,104;1041,2,43,58;1018,2,34,143;1232,1,83;1341,2,80,125;1086,5,350,380,395,419,424;1394,2,62,118;1087,2,44,61;1169,13,6,14,76,93,122,137,164,207,247,260,280,299,345;1286,7,13,27,47,62,113,125,203;1264,4,32,36,86,103;1226,1,126;1171,2,52,221;1277,9,8,17,31,39,80,100,107,158,199;1219,1,20;1043,9,25,58,69,123,137,144,189,202,226;1244,3,16,33,47;1021,5,9,23,38,109,114;1046,1,39;1337,3,6,15,25;1328,2,3,7;1149,2,72,269;1024,1,43;1197,1,135;1090,3,46,90,202;1209,3,131,139,185;1289,8,14,18,33,37,54,58,69,121;1048,25,7,15,21,27,92,131,171,196,205,218,228,277,309,318,322,377,420,429,517,534,569,584,596,605,613;1375,6,7,15,36,43,51,65;1279,9,9,19,33,46,62,120,126,141,149;1227,6,4,18,76,90,139,147;1091,3,1,5,18;1049,1,79;1050,9,25,58,67,126,140,147,192,207,231;1210,1,106;1233,1,70;1129,6,7,15,35,41,59,228;1097,8,8,20,45,85,90,104,139,181;1098,1,74;1100,2,45,102;1055,1,43;1390,6,5,11,26,30,66,111;1291,4,8,20,39,51;1176,4,1,11,30,183;1334,2,37,40;1056,2,11,23
81,62,135:1106,1,91;1134,3,190,194,198;1178,3,13,45,76;1115,4,107,131,137,165;1070,4,104,110,192,203;1181,1,94;1214,1,127;1161,1,404;1007,2,30,82;1008,1,135;1075,6,86,106,123,144,160,174;1037,3,110,154,179;1320,2,66,71;1183,2,41,177;1185,1,66;1323,1,40;1235,2,51,132;1205,2,210,238;1126,4,8,21,32,218;1164,3,42,47,69;1188,5,15,30,52,59,112;1016,1,222;1083,6,86,94,133,160,166,229;1084,1,138;1190,1,35;1017,1,91;1041,1,59;1341,2,81,126;1086,1,420;1147,1,140;1087,1,45;1169,2,194,300;1286,4,14,28,48,204;1264,1,33;1226,1,127;1395,2,3,10;1219,1,21;1042,2,34,39;1043,3,124,203,227;1244,2,17,34;1149,2,73,270;1024,2,44,180;1197,1,136;1209,1,132;1289,3,15,34,70;1048,5,146,256,371,482,546;1279,1,127;1227,1,148;1091,1,19;1049,1,80;1050,4,127,193,208,232;1128,4,142,156,240,247;1233,2,9,18;1329,1,98;1096,1,196;1129,4,36,42,229,242;1097,2,46,182;1098,1,75;1390,4,27,31,67,112;1291,2,40,52;1176,4,2,12,31,184;1248,2,164,188
155,81,185:1106,1,93;1058,3,86,161,249;1354,1,84;1379,1,51;1252,1,95;1060,1,111;1061,1,74;1282,1,60;1234,1,93;1068,2,74,107;1387,1,37;1069,3,54,57,100;1115,1,49;1159,1,107;1300,3,70,93,135;1214,1,63;1339,3,21,38,53;1161,5,39,275,395,418,455;1292,1,169;1007,2,33,79;1081,11,14,34,68,90,106,108,130,150,170,202,217;1116,1,144;1321,4,16,32,56,81;1240,2,77,90;1272,3,86,91,99;1013,1,81;1301,4,8,16,25,39;1186,1,45;1235,2,219,233;1241,3,69,78,151;1082,5,90,122,146,187,202;1284,1,53;1016,4,172,184,202,241;1189,1,99;1084,1,61;1085,2,46,59;1018,4,37,106,135,179;1167,7,13,26,40,142,158,161,292;1335,1,45;1243,3,69,101,114;1168,2,55,105;1293,2,43,114;1020,7,6,20,71,153,168,211,229;1169,2,102,312;1192,2,188,192;1276,2,9,18;1170,2,52,102;1171,1,40;1219,1,69;1148,2,69,102;1088,2,49,237;1287,2,45,72;1022,2,10,27;1127,3,5,29,52;1045,1,42;1149,2,152,162;1196,2,5,10;1197,1,231;1208,1,67;1090,2,172,186;1361,1,49;1048,7,61,78,180,200,262,349,363;1128,4,145,174,223,246;1150,6,18,36,74,143,209,230;1245,3,7,19,29;1026,1,100;1246,2,123,224;1122,1,67;1202,3,99,106,137;1129,3,23,92,156;1097,1,177;1175,2,90,154;1098,2,15,37;1099,2,54,296;1332,1,56;1055,1,23;1101,4,16,42,137,282;1281,1,27;1154,2,101,154;1176,1,140;1155,1,115
243,37,69:1106,1,98;1124,2,21,66;1139,1,85;1115,3,3,27,59;1357,2,26,37;1079,1,132;1080,1,128;1183,1,56;1224,1,66;1162,3,43,77,80;1323,1,89;1163,1,84;1235,1,47;1302,1,118;1325,1,77;1166,4,40,53,59,98;1274,2,32,103;1190,1,27;1217,1,86;1335,4,13,26,39,77;1341,1,38;1086,2,335,385;1019,1,48;1087,1,30;1169,1,28;1377,4,13,26,47,93;1342,1,102;1370,5,62,83,124,146,164;1120,1,218;1173,5,11,22,56,113,171;1194,1,155;1327,1,125;1090,3,63,118,148;1246,1,75;1229,1,57;1100,3,6,19,92;1176,4,5,15,36,82
326,6,8:1106,1,99;1115,1,158;1074,1,73;1012,3,3,12,25;1031,1,24;1054,1,36
1611,15,17:1107,2,18,41;1353,1,18;1114,1,89;1318,1,36;1071,1,78;1037,1,39;1022,2,2,19;1206,1,105;1382,1,79;1386,1,257;1094,1,105;1028,1,25;1103,1,178;1155,1,48;1250,1,28
1275,15,15:1107,1,19;1353,1,19;1251,1,11;1318,1,37;1067,1,9;1357,1,14;1037,1,46;1162,1,19;1240,1,19;1241,1,21;1089,1,23;1102,1,21;1056,1,25;1397,1,31;1372,1,17
1416,7,10:1107,2,21,92;1347,1,243;1208,3,12,24,34;1209,1,212;1289,1,130;1094,1,172;1028,1,143
769,3,3:1107,1,23;1164,1,65;1094,1,174
6796,1,1:1107,1,38
3803,4,4:1107,1,43;1057,1,158;1323,1,108;1209,1,233
282,71,107:1107,1,46;1111,1,67;1258,1,111;1057,2,68,131;1365,1,102;1177,1,260;1354,1,65;1313,1,18;1135,5,130,139,157,164,204;1268,1,229;1355,1,133;1065,3,1,19,107;1068,1,130;1237,1,55;1366,1,51;1356,1,56;1004,2,46,191;1005,1,78;1141,2,46,63;1072,2,58,134;1239,5,39,84,107,135,140;1238,1,136;1073,1,98;1074,1,30;1271,1,63;1007,1,44;1075,2,88,213;1077,1,112;1078,1,171;1011,1,202;1079,1,138;1144,1,91;1240,1,198;1185,1,101;1254,1,110;1013,1,70;1225,2,52,85;1186,1,138;1324,2,20,56;1235,2,230,242;1118,1,204;1014,2,309,318;1302,3,18,141,165;1015,2,71,111;1016,1,100;1039,1,130;1273,1,155;1190,1,118;1041,1,104;1243,1,120;1294,1,54;1264,2,52,65;1171,1,49;1277,3,77,119,122;1042,1,49;1288,2,146,178;1194,1,148;1044,5,61,162,192,200,223;1337,1,112;1209,2,209,271;1048,1,326;1027,4,93,111,147,151;1051,1,189;1174,1,220;1330,1,102;1280,1,121;1101,3,141,236,268;1291,1,172;1155,1,264;1056,1,60;1397,1,121
815,16,20:1107,1,47;1061,1,187;1347,1,215;1074,1,157;1301,2,57,86;1040,1,158;1218,3,9,19,39;1147,1,33;1336,1,43;1276,1,37;1095,1,84;1031,1,141;1228,1,74;1308,1,95;1281,1,60;1155,2,86,149
387,22,30:1107,1,51;1396,1,38;1177,1,43;1252,1,155;1061,1,376;1237,1,29;1356,1,58;1005,1,109;1179,1,137;1292,8,1,5,14,65,104,119,135,150;1360,1,101;1162,1,132;1241,1,89;1164,1,61;1303,1,79;1167,2,109,148;1147,1,97;1020,1,245;1171,1,101;1088,1,58;1287,1,176;1372,1,66
188,6,7:1107,1,52;1338,2,32,99;1318,1,45;1269,1,199;1090,1,165;1052,1,97
735,20,24:1107,1,53;1130,1,16;1134,1,55;1296,1,81;1297,2,102,353;1212,1,103;1251,1,84;1299,2,65,80;1223,1,81;1064,1,77;1262,1,158;1348,1,42;1320,2,15,22;1301,1,105;1148,1,158;1090,1,132;1209,1,267;1227,1,197;1331,2,25,100;1281,1,160
1811,5,5:1107,1,54;1222,1,19;1044,1,154;1199,1,139;1051,1,91
3573,1,1:1107,1,55
6797,1,1:1107,1,56
5936,3,3:1107,1,57;1111,1,20;1028,1,142
386,10,11:1107,1,64;1268,1,75;1251,1,52;1345,1,39;1272,1,71;1168,1,123;1304,1,89;1382,1,88;1343,2,63,134;1175,1,128
1097,8,21:1107,2,66,101;1058,5,84,122,125,159,247;1060,1,69;1237,1,21;1148,5,105,126,190,267,320;1127,3,15,39,73;1122,2,9,23;1028,2,58,82
140,68,80:1107,2,67,102;1109,1,144;1110,1,36;1365,1,80;1134,2,229,262;1391,1,80;1058,1,72;1367,1,286;1113,1,70;1060,1,101;1001,1,107;1061,1,191;1213,1,68;1065,1,121;1139,1,35;1262,1,150;1181,1,14;1215,1,149;1036,2,2,25;1074,2,117,163;1143,1,88;1009,1,223;1075,1,151;1079,2,199,212;1081,1,143;1362,1,42;1240,2,53,114;1272,1,82;1254,1,55;1013,1,124;1118,1,207;1187,1,206;1205,1,155;1126,1,47;1165,1,164;1015,1,93;1083,1,207;1274,1,99;1243,1,71;1168,1,115;1148,1,47;1120,1,58;1220,1,76;1304,2,44,143;1046,1,25;1197,1,82;1227,2,66,115;1128,1,199;1150,1,232;1122,1,70;1266,1,59;1028,1,261;1095,1,140;1030,1,130;1151,1,36;1247,1,62;1099,1,252;1229,1,215;1055,1,87;1032,1,56;1308,1,129;1102,1,81;1103,2,10,33;1221,1,63;1176,1,164;1155,2,88,333;1397,1,85;1156,3,51,102,166
1644,9,12:1107,2,72,151;1178,3,11,43,74;1254,1,58;1269,1,147;1205,1,259;1084,1,136;1169,1,246;1042,1,15;1209,1,130
1193,24,44:1107,2,74,109;1110,1,144;1134,1,214;1075,3,8,27,51;1037,1,70;1183,1,145;1162,2,68,115;1191,4,186,250,292,372;1394,1,63;1169,2,242,291;1042,1,17;1220,3,68,97,153;1337,2,7,16;1289,1,55;1048,1,56;1375,2,37,44;1279,1,121;1227,2,5,19;1128,4,146,165,175,185;1150,2,156,257;1233,1,21;1097,2,9,21;1390,2,6,12;1291,2,9,21
823,10,15:1107,1,76;1177,1,439;1061,1,115;1292,1,191;1275,5,76,120,185,197,266;1293,1,82;1270,1,80;1280,1,102;1363,1,54;1154,2,107,124
4065,2,2:1107,1,77;1177,1,440
523,3,4:1107,1,78;1219,1,49;1045,2,3,12
3354,1,1:1107,1,90
109,43,53:1107,1,93;1177,3,238,278,303;1373,1,67;1297,1,32;1212,1,112;1252,1,197;1061,2,31,173;1223,1,27;1064,1,50;1213,1,91;1068,1,129;1215,1,57;1009,1,47;1349,1,70;1283,1,67;1376,1,26;1235,2,18,253;1082,1,191;1164,1,50;1273,1,201;1083,1,197;1017,1,109;1041,2,9,18;1232,1,69;1167,2,34,268;1169,1,380;1377,1,28;1295,1,160;1148,1,177;1088,1,127;1120,1,234;1220,1,189;1121,2,255,269;1304,2,73,189;1048,1,640;1382,1,67;1094,1,104;1331,1,44;1306,2,78,123;1099,1,116;1032,1,247;1101,2,262,275;1363,1,177
298,53,64:1107,1,95;1257,2,85,116;1310,1,55;1177,2,250,408;1315,2,73,80;1000,1,65;1060,1,144;1001,1,197;1384,1,39;1114,1,231;1003,1,173;1069,1,114;1356,1,21;1004,1,324;1139,1,120;1115,1,237;1340,1,62;1011,2,141,155;1145,2,97,139;1183,1,158;1323,1,53;1235,2,204,215;1166,1,81;1084,3,189,200,240;1335,1,71;1341,1,135;1168,1,144;1286,1,223;1294,2,60,69;1264,1,107;1226,1,148;1295,1,84;1171,1,204;1277,1,105;1089,1,96;1220,1,135;1045,1,168;1207,1,180;1047,1,42;1026,1,205;1386,1,125;1266,2,47,138;1051,1,203;1174,1,133;1096,1,209;1129,1,297;1032,1,128;1101,1,247;1308,2,181,210;1103,1,157;1221,1,52;1248,1,67;1056,1,54
1140,12,12:1107,1,97;1057,1,152;1179,1,110;1182,1,48;1075,1,208;1014,1,221;1304,1,178;1048,1,274;1375,1,30;1129,1,88;1331,1,124;1332,1,44
1005,3,3:1107,1,98;1367,1,115;1175,1,82
22,25,37:1107,1,99;1256,1,136;1058,1,148;1005,1,114;1182,2,128,146;1013,5,5,17,41,92,144;1187,1,597;1040,1,198;1275,1,259;1086,1,271;1170,1,124;1195,3,7,18,37;1046,1,87;1279,1,44;1198,2,44,47;1199,2,42,45;1027,1,179;1094,1,128;1052,1,225;1305,1,79;1053,1,78;1029,1,127;1099,1,242;1032,4,8,19,72,244;1250,1,106
1401,18,31:1107,1,111;1373,6,48,53,73,81,92,108;1379,1,124;1297,3,180,373,386;1142,1,124;1347,1,245;1085,1,82;1168,1,140;1370,2,92,98;1287,1,206;1128,1,61;1382,3,98,130,170;1198,3,6,21,104;1266,1,67;1174,1,141;1095,1,266;1307,1,30;1102,2,132,200
69,13,19:1107,1,117;1365,1,51;1222,1,54;1061,1,229;1114,3,32,75,153;1009,1,60;1076,1,132;1275,2,82,102;1336,1,57;1327,1,63;1307,1,134;1270,4,54,78,142,180;1280,1,53
288,9,13:1107,1,118;1389,1,16;1365,4,15,44,53,92;1269,1,246;1192,1,72;1148,1,364;1206,2,82,112;1382,1,209;1094,1,141
532,40,70:1107,3,121,129,141;1259,1,100;1391,1,78;1297,4,145,156,172,285;1367,1,129;1384,1,30;1223,1,54;1114,1,133;1347,3,59,112,166;1292,1,180;1080,2,78,85;1301,1,43;1187,1,169;1284,2,29,82;1016,2,142,247;1273,1,82;1275,1,173;1226,1,112;1255,2,161,170;1219,1,43;1148,2,234,346;1172,3,31,55,66;1278,1,152;1287,3,88,126,162;1350,1,44;1195,1,272;1337,1,32;1128,1,58;1329,1,78;1382,7,110,116,149,160,188,205,212;1386,3,81,98,135;1052,1,121;1201,1,32;1228,1,82;1332,6,8,16,31,38,65,82;1101,1,146;1102,1,168;1221,1,51;1390,2,82,101;1291,1,67
663,17,28:1107,1,124;1110,1,136;1391,1,27;1367,1,73;1204,2,99,119;1359,2,49,85;1009,2,98,186;1076,1,128;1272,5,8,21,48,87,109;1118,1,62;1273,1,107;1293,3,39,131,168;1172,1,74;1044,2,133,229;1091,1,23;1246,2,39,55;1371,1,63
227,53,115:1107,1,137;1110,1,130;1177,9,71,235,242,270,377,453,466,476,483;1282,1,116;1063,9,13,30,64,89,105,122,133,143,160;1223,2,8,18;1355,3,16,34,80;1114,9,8,42,51,85,170,176,284,288,328;1368,1,66;1115,1,92;1216,1,30;1076,1,122;1013,1,110;1225,5,9,19,65,98,141;1235,1,172;1082,1,114;1015,1,88;1016,3,87,147,252;1242,3,9,20,91;1369,1,129;1040,2,214,251;1325,2,98,102;1166,1,46;1275,1,193;1017,4,64,145,218,224;1086,1,309;1147,1,186;1191,3,173,191,235;1276,1,129;1294,4,14,29,50,79;1264,1,111;1226,2,74,115;1171,2,184,206;1277,6,66,97,146,151,163,170;1220,1,157;1288,1,73;1194,1,125;1121,1,65;1149,4,58,119,153,163;1207,2,104,128;1048,1,458;1150,1,201;1245,1,128;1201,1,199;1053,1,107;1030,2,104,310;1202,1,171;1097,1,82;1098,2,10,32;1055,1,71;1101,3,84,170,288;1334,2,24,84;1056,2,65,81
2690,3,3:1107,1,149;1052,1,118;1101,1,143
2538,6,7:1107,1,155;1205,1,293;1149,2,84,259;1245,1,79;1026,1,218;1129,1,74
743,20,38:1107,1,157;1373,2,31,101;1159,1,200;1140,1,36;1007,1,68;1014,2,55,60;1164,4,3,6,35,57;1039,4,5,20,55,231;1040,1,48;1295,1,158;1170,3,15,30,45;1194,2,38,57;1265,3,7,16,25;1149,2,82,257;1024,2,88,104;1047,3,4,13,31;1197,2,20,47;1209,1,217;1129,1,72;1055,1,95
203,12,33:1107,1,164;1109,1,130;1118,1,180;1015,1,29;1040,2,14,32;1018,1,72;1044,6,20,46,86,167,177,215;1289,1,75;1210,1,86;1266,10,4,14,26,54,81,94,117,147,174,189;1027,7,7,20,37,54,82,97,115;1174,1,188
3268,4,4:1107,1,165;1364,1,21;1035,1,158;1037,1,90
923,13,16:1107,1,166;1177,1,86;1113,1,197;1223,1,45;1003,1,136;1004,1,263;1146,1,114;1013,3,12,24,55;1016,1,38;1242,1,123;1149,2,89,276;1202,1,211;1032,1,98
4043,5,5:1107,1,168;1110,1,112;1220,1,30;1200,1,187;1372,1,77
481,23,30:1107,1,173;1109,1,65;1135,1,145;1298,1,106;1252,1,140;1004,1,90;1347,1,133;1074,1,88;1360,3,52,117,134;1118,1,74;1205,3,149,161,188;1040,3,7,25,38;1083,1,42;1017,1,24;1020,2,66,94;1226,1,131;1219,1,53;1287,1,152;1194,1,36;1092,1,122;1233,1,52;1028,1,70;1102,1,129
6019,3,4:1107,1,175;1258,2,116,126;1367,1,292
677,6,6:1107,1,179;1179,1,158;1345,1,63;1166,1,184;1377,1,76;1393,1,82
499,5,5:1108,1,17;1040,1,71;1043,1,100;1050,1,104;1383,1,20
929,5,5:1108,1,25;1067,1,102;1072,1,91;1215,1,33;1182,1,35
6156,1,1:1108,1,26
615,6,19:1108,2,29,76;1181,3,70,80,98;1073,1,40;1103,3,6,29,132;1155,9,14,37,70,101,118,142,256,309,324;1156,1,107
540,8,43:1108,4,30,47,77,81;1357,5,6,12,25,42,55;1089,1,92;1044,9,7,33,60,76,144,184,199,210,222;1094,3,8,19,30;1051,7,13,32,64,145,151,174,205;1174,6,3,24,50,179,219,228;1052,8,4,18,43,93,98,114,134,175
6341,3,4:1108,1,36;1135,2,6,23;1267,1,75
2399,18,27:1108,2,37,41;1133,1,37;1391,1,105;1353,1,80;1181,1,16;1205,1,38;1325,1,116;1086,1,298;1092,1,38;1386,1,112;1028,1,238;1151,1,33;1152,1,34;1247,2,52,134;1103,3,91,193,244;1155,3,13,36,69;1156,4,3,12,30,129;1372,1,25
574,7,18:1108,4,38,42,55,85;1353,1,81;1181,4,6,12,19,31;1026,1,263;1103,4,81,92,194,245;1155,2,131,136;1250,2,76,104
4568,14,46:1108,1,43;1137,6,5,12,43,61,71,92;1071,2,4,9;1142,4,6,18,32,84;1073,7,9,22,33,43,50,88,127;1160,3,5,23,45;1319,3,16,38,61;1263,3,5,12,18;1322,1,42;1349,4,4,19,35,123;1351,3,3,10,24;1267,4,6,19,30,83;1331,3,7,18,78;1372,2,4,11
3527,4,7:1108,1,45;1315,3,4,11,20;1316,1,46;1347,2,220,228
6798,1,1:1108,1,46
1852,6,6:1108,1,48;1268,1,195;1117,1,88;1269,1,226;1168,1,153;1054,1,161
708,10,10:1108,1,50;1300,1,110;1283,1,89;1302,1,256;1286,1,128;1370,1,70;1288,1,138;1196,1,131;1092,1,169;1093,1,59
1609,18,21:1108,1,53;1110,1,31;1316,1,38;1251,1,69;1300,1,48;1141,1,37;1072,1,25;1081,2,18,38;1116,3,17,37,71;1145,1,46;1187,1,246;1220,1,70;1150,1,72;1247,1,40;1352,1,46;1153,1,27;1103,1,249;1176,1,64
27,19,21:1108,1,60;1333,2,11,25;1058,1,198;1300,1,113;1398,1,23;1074,1,229;1186,1,65;1376,2,38,133;1302,1,269;1273,1,60;1147,1,198;1288,1,198;1127,1,122;1174,1,145;1052,1,103;1331,1,85;1228,1,225;1270,1,175;1153,1,46
646,11,11:1108,1,62;1137,1,48;1159,1,96;1140,1,109;1346,1,66;1142,1,44;1019,1,66;1044,1,221;1304,1,94;1028,1,65;1200,1,175
2226,7,8:1108,1,63;1316,1,51;1124,1,105;1141,2,57,84;1142,1,85;1150,1,59;1155,1,130
1023,27,75:1108,1,64;1130,1,122;1131,1,23;1311,2,31,64;1314,3,8,16,39;1315,2,7,14;1316,4,7,19,44,64;1212,3,10,20,45;1298,3,8,16,38;1268,3,6,18,36;1317,2,5,10;1136,3,7,17,50;1115,5,7,31,177,197,252;1072,3,38,137,180;1398,3,10,20,39;1239,1,45;1073,5,11,24,35,45,59;1242,2,76,162;1304,1,133;1361,1,52;1151,3,6,15,34;1152,3,6,15,35;1247,7,12,24,37,53,69,96,135;1397,3,10,24,40;1156,3,4,13,211;1372,3,5,12,26;1250,4,10,23,44,50
468,40,56:1108,1,70;1391,2,38,73;1354,1,44;1297,5,136,168,212,257,271;1212,1,89;1268,1,116;1136,1,26;1380,2,11,28;1384,1,55;1392,3,10,21,31;1381,3,8,17,38;1213,1,42;1140,1,61;1072,2,157,224;1239,1,51;1181,1,164;1142,1,50;1215,1,274;1347,1,49;1011,1,194;1360,3,83,93,256;1118,1,57;1273,1,67;1217,1,107;1167,1,125;1341,1,51;1168,2,122,181;1169,1,232;1295,1,91;1255,1,93;1172,2,11,44;1350,1,75;1092,1,88;1175,1,72;1228,1,85;1229,1,208;1308,1,108;1221,2,10,27;1390,1,43;1291,1,80
159,21,43:1108,1,74;1365,1,73;1067,6,26,45,166,188,197,219;1068,1,115;1004,7,2,14,34,68,159,290,319;1005,1,138;1115,1,65;1161,1,83;1292,1,93;1322,3,4,13,32;1349,1,56;1303,3,11,22,62;1191,1,376;1192,1,164;1025,1,70;1200,4,196,208,217,222;1383,1,103;1236,3,22,42,76;1054,1,169;1343,3,7,17,38;1153,1,65
106,66,73:1108,1,79;1389,1,79;1057,1,112;1132,1,20;1338,1,30;1297,1,249;1298,1,90;1367,1,273;1059,1,62;1344,1,67;1137,1,101;1318,1,76;1387,1,65;1366,1,62;1159,1,273;1179,1,136;1262,1,118;1073,1,53;1160,1,107;1339,2,62,125;1348,1,37;1388,1,25;1038,1,45;1320,1,51;1077,1,85;1362,1,23;1012,2,32,78;1224,1,94;1162,1,146;1272,1,125;1301,1,121;1241,1,170;1205,1,304;1039,1,120;1147,1,86;1019,1,107;1394,3,15,29,87;1169,1,87;1342,2,78,181;1326,1,75;1042,1,71;1089,1,105;1370,1,72;1350,1,84;1022,1,102;1351,1,30;1149,1,285;1207,1,33;1047,1,56;1289,1,117;1048,1,489;1375,1,46;1227,1,178;1092,1,131;1128,1,129;1233,3,42,116,122;1382,1,216;1386,1,211;1094,1,93;1383,1,13;1371,1,73;1099,1,110;1100,1,108;1153,1,72;1176,1,92;1156,1,118
5973,11,23:1108,1,84;1314,1,38;1316,1,62;1136,3,6,16,33;1137,4,3,10,22,58;1071,1,67;1140,3,3,11,40;1141,5,4,9,19,48,74;1346,1,91;1142,2,45,57;1267,1,59
2907,3,4:1108,1,90;1259,1,61;1386,2,193,197
846,28,55:1109,2,22,160;1110,4,27,47,75,138;1111,1,29;1132,1,31;1230,1,79;1268,2,79,104;1136,1,25;1178,3,27,59,93;1069,1,99;1072,1,156;1239,1,50;1345,1,30;1037,1,87;1224,1,120;1323,2,30,34;1189,1,69;1041,5,50,101,131,163,181;1286,8,8,22,36,56,100,120,146,166;1342,1,73;1173,1,43;1021,3,1,15,76;1304,1,88;1327,1,101;1045,3,2,11,167;1289,4,5,24,45,115;1279,1,80;1092,1,95;1280,2,94,111
1112,6,6:1109,1,27;1058,1,257;1293,1,125;1286,1,130;1327,1,90;1270,1,153
1526,26,29:1109,1,28;1354,1,173;1297,1,361;1000,1,117;1063,1,117;1003,1,290;1125,1,174;1388,1,59;1240,1,144;1302,1,145;1275,1,250;1293,1,155;1020,3,193,243,264;1169,1,341;1192,1,80;1089,1,88;1207,1,195;1289,1,127;1266,1,107;1028,1,204;1202,1,114;1229,1,257;1100,1,49;1363,1,89;1221,2,71,91;1155,1,271
1384,2,2:1109,1,30;1095,1,218
1046,24,43:1109,3,32,110,121;1367,1,279;1000,1,47;1007,1,21;1283,1,104;1186,2,5,21;1232,2,2,15;1286,1,197;1255,2,118,259;1088,1,254;1127,6,8,32,97,116,128,238;1337,1,56;1196,1,112;1209,1,30;1329,1,132;1174,2,1,22;1028,4,2,12,34,272;1095,1,54;1307,2,2,9;1175,2,30,134;1229,1,90;1363,2,3,20;1154,2,3,23;1291,2,4,16
2206,10,13:1109,1,38;1110,1,21;1254,3,10,20,26;1023,1,127;1121,1,93;1045,1,49;1210,1,67;1030,2,134,146;1031,1,33;1054,1,45
3430,12,17:1109,1,39;1074,4,10,23,63,121;1321,3,10,26,52;1254,1,117;1021,1,41;1121,1,121;1045,1,161;1048,1,64;1329,1,143;1201,1,104;1030,1,162;1032,1,143
6799,1,1:1109,1,46
372,7,12:1109,1,47;1177,3,111,379,390;1223,2,42,120;1355,2,54,114;1182,1,132;1287,1,26;1233,2,66,79
3842,1,1:1109,1,54
103,35,43:1109,1,76;1256,1,105;1112,1,129;1222,1,108;1134,1,173;1058,1,270;1177,1,316;1268,1,132;1158,1,135;1161,5,217,277,386,414,446;1010,1,125;1077,1,107;1145,1,118;1360,1,24;1269,1,188;1165,1,114;1190,1,83;1191,1,417;1395,1,54;1042,1,68;1287,1,258;1149,2,231,302;1048,2,301,602;1227,2,132,184;1093,2,85,117;1026,1,190;1382,1,125;1027,1,59;1095,1,212;1383,1,112;1129,1,212;1229,1,101;1308,1,155;1155,1,211;1248,1,170
6800,1,1:1109,1,78
2463,22,54:1109,3,80,114,125;1110,2,50,78;1036,1,90;1037,2,59,123;1254,5,41,63,69,116,124;1269,1,234;1041,6,2,11,39,89,127,154;1217,1,96;1043,2,84,108;1121,5,86,154,172,272,279;1045,2,78,131;1046,1,33;1048,4,52,109,166,502;1279,1,157;1050,2,82,112;1210,4,61,96,104,149;1053,1,218;1029,1,73;1030,2,182,315;1031,3,6,16,45;1054,4,11,28,61,172;1175,1,194
1173,11,12:1109,1,83;1133,1,62;1157,1,46;1126,1,202;1084,1,207;1086,2,232,278;1246,1,144;1095,1,93;1129,1,279;1099,1,280;1032,1,260
309,11,11:1109,1,84;1381,1,123;1234,1,84;1125,1,89;1008,1,101;1369,1,42;1171,1,231;1287,1,49;1199,1,152;1103,1,136;1156,1,58
729,86,120:1109,1,96;1256,1,117;1365,1,59;1312,1,43;1177,2,78,186;1373,1,105;1297,3,141,149,254;1212,1,62;1298,1,44;1268,2,83,123;1252,2,118,166;1367,1,265;1113,1,81;1001,1,97;1114,1,147;1064,1,45;1368,1,45;1003,1,205;1035,1,96;1067,2,27,46;1180,1,122;1359,1,68;1292,6,9,60,99,114,130,145;1008,2,46,143;1038,1,32;1077,1,91;1078,2,147,156;1011,3,169,175,180;1081,3,5,25,51;1183,1,45;1224,1,82;1184,1,37;1254,1,118;1225,1,69;1187,1,93;1014,1,186;1302,4,80,95,158,263;1369,1,25;1166,2,104,176;1274,1,70;1041,2,93,112;1218,1,62;1167,1,106;1168,1,195;1293,2,111,146;1394,1,89;1020,1,117;1087,1,53;1169,1,296;1192,1,191;1336,2,90,122;1276,2,47,102;1342,1,68;1295,1,98;1255,1,238;1170,1,65;1171,1,164;1148,2,166,188;1042,1,29;1370,1,68;1043,1,40;1393,1,63;1278,1,109;1288,1,136;1021,1,42;1022,1,83;1127,1,201;1045,2,62,68;1046,2,36,136;1048,2,65,514;1279,1,137;1050,2,40,86;1092,2,194,210;1266,1,129;1236,1,83;1097,1,184;1352,1,49;1371,1,66;1228,1,93;1099,1,108;1100,1,71;1101,3,26,52,243;1363,1,99;1103,1,109;1176,2,73,105;1248,1,180
1709,8,9:1109,1,100;1297,1,389;1139,2,40,63;1045,1,75;1227,1,110;1028,1,118;1307,1,120;1221,1,67
1134,3,3:1109,1,101;1198,1,116;1199,1,100
4035,4,10:1109,3,115,126,140;1187,4,115,325,512,530;1191,1,80;1206,2,65,159
584,29,36:1109,1,134;1135,2,12,29;1367,2,12,26;1113,1,185;1178,2,30,62;1384,1,22;1005,2,9,25;1115,1,140;1357,1,46;1346,1,93;1074,1,91;1240,1,168;1039,2,9,24;1086,1,236;1191,1,335;1169,1,310;1277,1,47;1193,2,9,21;1327,2,30,148;1045,1,89;1090,1,107;1209,1,168;1198,1,59;1199,1,57;1266,1,72;1027,1,185;1028,1,280;1343,1,156;1306,1,91
338,43,48:1109,1,142;1222,1,178;1177,2,174,248;1230,1,140;1212,1,100;1000,1,62;1001,1,199;1380,1,61;1062,2,77,191;1003,1,175;1204,1,144;1238,1,90;1073,1,110;1160,1,58;1347,1,119;1340,1,53;1271,1,90;1009,1,258;1038,1,79;1320,1,37;1077,1,44;1145,1,68;1283,1,81;1324,1,96;1235,1,226;1039,1,92;1017,3,78,165,290;1041,1,97;1169,1,371;1264,1,55;1042,1,55;1043,1,215;1288,1,231;1023,1,115;1127,1,253;1046,1,44;1024,2,115,191;1047,1,39;1026,1,336;1246,1,138;1027,1,84;1236,1,37;1267,1,50
422,9,12:1109,1,149;1314,1,45;1398,1,27;1017,1,299;1086,2,62,253;1147,2,2,13;1120,1,163;1201,2,234,246;1228,1,228
126,48,63:1109,1,154;1057,1,31;1309,1,45;1177,1,290;1373,1,122;1354,1,161;1297,3,132,164,209;1251,1,12;1137,1,54;1380,1,36;1002,2,23,73;1282,3,2,22,43;1384,1,18;1381,1,96;1005,1,83;1179,1,117;1182,1,75;1388,1,52;1224,2,1,13;1240,3,2,10,21;1272,1,140;1185,1,20;1040,1,225;1325,1,34;1020,1,39;1171,1,112;1193,1,161;1043,1,207;1287,1,138;1127,1,172;1046,1,11;1050,1,212;1150,1,66;1245,1,111;1233,1,140;1382,1,156;1386,1,160;1201,2,1,9;1096,1,164;1307,3,1,8,96;1175,1,26;1228,1,209;1280,1,64;1229,5,2,14,77,127,144;1102,1,74;1363,1,50;1281,1,89;1155,1,226
643,9,9:1109,1,155;1389,1,40;1333,1,81;1355,1,109;1072,1,267;1163,1,149;1192,1,98;1148,1,352;1089,1,95
467,28,35:1109,1,162;1112,1,74;1333,1,67;1312,1,124;1134,2,93,248;1396,1,33;1297,1,245;1157,1,100;1063,1,155;1368,1,87;1179,1,177;1347,1,172;1009,1,205;1081,3,12,32,66;1302,1,160;1167,2,219,242;1327,1,157;1207,1,130;1025,1,85;1209,2,261,272;1026,1,216;1233,1,155;1236,1,77;1290,1,151;1270,1,89;1032,3,250,276,298;1103,1,68;1248,1,189
2269,4,4:1109,1,163;1226,1,117;1245,1,74;1103,1,69
6801,2,2:1109,1,164;1266,1,122
956,46,59:1109,1,166;1365,1,58;1338,2,5,13;1333,1,43;1134,1,165;1373,1,103;1124,1,108;1059,1,57;1001,1,294;1299,1,35;1344,1,62;1062,1,66;1178,3,18,50,81;1381,1,78;1213,1,111;1003,3,8,22,204;1115,1,74;1179,1,116;1357,1,44;1180,3,6,38,84;1262,1,101;1346,1,86;1348,1,34;1038,1,37;1078,1,151;1079,1,110;1081,2,17,37;1374,1,9;1269,1,110;1126,1,187;1377,1,91;1294,1,78;1088,1,298;1265,1,56;1304,1,34;1209,1,141;1279,2,36,135;1150,3,14,32,65;1122,1,78;1198,1,42;1199,1,40;1052,1,127;1029,1,125;1306,1,25;1176,1,63;1156,3,68,203,213
1670,8,10:1109,1,167;1002,1,34;1062,2,52,113;1384,2,23,86;1065,1,81;1003,1,282;1073,1,79;1086,1,281
6628,1,2:1110,2,25,120
859,7,12:1110,4,33,39,62,84;1224,1,118;1184,1,129;1041,3,103,146,186;1191,1,89;1286,1,78;1280,1,92
680,31,60:1110,1,34;1177,2,117,121;1139,1,110;1006,3,7,18,50;1036,3,13,36,59;1007,2,6,12;1008,1,77;1080,1,161;1183,3,8,16,26;1224,1,134;1162,3,45,56,95;1184,3,165,174,185;1163,2,49,157;1269,4,25,80,96,197;1273,1,204;1086,1,72;1147,3,11,22,92;1394,4,5,10,92,129;1255,1,275;1327,2,81,147;1045,1,132;1046,4,5,10,34,68;1090,2,2,13;1279,1,143;1382,4,11,22,178,182;1027,1,137;1095,1,48;1307,1,113;1352,1,83;1280,1,75;1102,1,220
546,35,41:1110,2,43,69;1260,1,37;1333,2,13,27;1230,1,94;1251,1,25;1367,2,169,191;1061,1,249;1282,1,69;1300,1,50;1204,1,74;1214,2,107,119;1182,1,118;1359,1,65;1283,1,72;1301,1,30;1235,1,148;1118,1,121;1126,1,64;1191,1,40;1336,1,53;1276,1,111;1342,1,76;1193,1,53;1173,1,48;1021,2,57,71;1195,1,70;1149,1,264;1206,1,99;1279,2,74,98;1174,1,126;1095,1,76;1175,1,109;1098,1,60;1390,1,33;1291,1,54
3032,3,8:1110,1,51;1036,1,112;1041,6,92,111,114,134,156,168
1589,14,18:1110,2,54,87;1354,1,66;1297,1,199;1367,1,228;1347,2,77,175;1013,1,151;1117,1,64;1020,2,121,142;1088,1,145;1198,1,73;1199,1,71;1028,2,120,215;1308,1,325;1102,1,115
841,12,21:1110,2,56,81;1111,1,28;1367,4,13,27,67,200;1061,1,240;1380,1,58;1224,1,115;1293,1,47;1286,3,5,19,33;1327,1,33;1045,3,8,17,29;1279,1,79;1280,2,88,110
842,5,12:1110,2,57,82;1367,2,14,28;1293,1,48;1327,1,34;1045,6,9,18,94,120,125,144
2333,5,13:1110,3,59,71,132;1275,7,14,29,51,175,204,231,257;1021,1,62;1099,1,42;1176,1,59
1267,8,18:1110,2,60,72;1391,4,3,11,56,98;1396,2,3,11;1203,2,3,11;1058,2,3,11;1177,2,3,11;1353,2,3,11;1354,2,3,11
1981,1,2:1110,2,61,83
328,31,39:1110,1,100;1111,2,40,42;1057,1,189;1000,1,99;1223,1,44;1035,4,92,126,175,193;1180,1,168;1036,1,133;1216,1,34;1075,1,114;1076,1,136;1079,1,192;1116,2,95,106;1013,1,181;1225,1,102;1269,1,64;1016,2,94,98;1018,1,164;1086,1,314;1087,1,158;1171,1,189;1172,2,112,114;1220,1,143;1024,1,224;1209,1,61;1048,2,115,580;1266,1,208;1200,1,227;1053,1,113;1055,1,79;1176,1,167
6802,1,1:1110,1,102
4900,2,2:1110,1,109;1327,1,89
1950,7,8:1110,1,113;1260,1,49;1364,1,54;1036,1,142;1041,2,118,139;1173,1,83;1121,1,72
4901,3,5:1110,1,114;1068,3,60,155,169;1036,1,143
6626,1,1:1110,1,116
1750,20,35:1110,1,124;1114,1,207;1356,1,25;1359,1,120;1271,4,4,14,22,62;1009,2,100,188;1014,2,190,206;1016,1,169;1275,1,101;1341,2,49,111;1192,2,44,127;1286,4,67,89,110,216;1264,3,21,141,150;1043,1,238;1024,1,76;1050,1,243;1266,1,78;1176,2,171,191;1334,2,9,19;1056,2,2,14
21,72,129:1110,1,125;1367,2,248,294;1113,1,148;1061,3,136,224,268;1282,1,66;1223,1,64;1114,1,219;1300,3,51,66,133;1359,5,5,20,50,62,86;1385,1,55;1292,4,105,136,167,170;1007,1,88;1010,2,60,130;1075,1,87;1037,1,75;1077,1,97;1240,3,167,183,190;1376,1,139;1118,1,112;1014,2,85,204;1188,1,74;1302,1,246;1284,1,69;1369,1,28;1273,1,184;1083,1,174;1166,1,152;1274,2,154,177;1167,1,168;1341,1,140;1168,1,147;1293,1,164;1147,2,98,164;1192,2,70,141;1336,1,101;1276,1,86;1326,3,16,32,98;1255,7,5,19,52,127,130,199,242;1148,5,6,18,75,80,221;1370,1,36;1043,1,59;1393,1,28;1220,2,121,126;1173,1,108;1350,1,40;1195,2,81,184;1206,1,126;1207,1,29;1024,4,28,74,163,185;1090,1,98;1050,1,59;1128,2,143,157;1233,2,33,61;1382,2,37,60;1266,1,49;1200,1,100;1305,1,38;1201,2,38,174;1236,3,9,18,33;1096,4,129,132,223,226;1307,2,23,64;1175,2,98,149;1352,3,10,55,66;1228,4,64,71,121,151;1290,1,111;1270,2,41,70;1280,1,68;1229,1,56;1308,2,122,318;1102,4,118,140,164,193;1154,1,190;1248,1,154
1594,17,31:1110,1,133;1256,2,5,15;1130,2,5,12;1131,2,5,12;1257,2,5,12;1389,2,5,12;1297,1,318;1230,1,125;1001,2,96,108;1080,2,89,100;1116,1,52;1146,1,57;1302,1,86;1275,7,15,30,52,176,205,232,258;1236,1,61;1331,1,87;1032,2,181,243
836,31,31:1110,1,147;1111,1,45;1365,1,41;1297,1,411;1314,1,48;1367,1,70;1392,1,44;1003,1,222;1261,1,79;1067,1,57;1356,1,74;1139,1,126;1140,1,117;1253,1,102;1271,1,37;1078,1,119;1011,1,109;1039,1,150;1275,1,105;1232,1,66;1293,1,59;1020,1,177;1277,1,85;1194,1,42;1127,1,180;1121,1,79;1386,1,62;1095,1,269;1100,1,113;1055,1,86;1249,1,77
868,7,7:1111,1,21;1353,1,44;1251,1,58;1302,1,19;1193,1,163;1027,1,31;1308,1,120
1565,10,14:1111,1,33;1003,3,86,138,295;1374,1,23;1269,1,66;1039,1,68;1017,1,60;1194,1,45;1047,1,35;1197,3,17,44,60;1210,1,69
270,10,17:1111,1,35;1211,1,64;1380,1,72;1037,1,92;1077,1,66;1041,2,64,140;1226,3,61,91,94;1386,5,82,127,136,203,206;1281,1,93;1372,1,74
2944,1,1:1111,1,43
1283,5,5:1111,1,48;1211,1,173;1223,1,82;1003,1,211;1247,1,90
3797,6,7:1111,1,50;1061,2,234,269;1067,1,79;1276,1,93;1045,1,81;1337,1,41
1650,3,5:1111,1,54;1179,1,182;1169,3,75,121,206
4134,4,5:1111,1,55;1222,1,87;1187,2,298,367;1017,1,242
71,43,74:1111,1,58;1354,1,151;1135,1,40;1059,3,11,24,49;1381,1,23;1213,2,86,199;1234,1,40;1035,2,20,41;1179,1,38;1357,3,5,11,32;1161,3,8,20,51;1007,1,41;1320,1,43;1116,1,172;1362,2,77,135;1224,1,37;1126,1,165;1040,1,110;1303,2,32,37;1191,2,211,230;1020,2,12,26;1192,2,2,7;1171,2,147,210;1148,1,288;1088,2,28,35;1278,1,155;1173,1,38;1024,2,49,156;1090,1,236;1092,1,103;1128,1,241;1245,1,150;1026,1,120;1051,4,146,152,175,206;1052,7,44,94,99,115,135,141,176;1095,1,101;1383,2,58,61;1129,2,143,147;1099,1,35;1280,1,124;1281,4,18,71,98,115;1176,1,54;1248,2,129,174
1648,7,10:1111,1,60;1356,1,71;1320,1,45;1191,3,50,57,213;1024,2,33,165;1233,1,60;1266,1,51
301,3,4:1111,1,71;1060,1,80;1281,2,166,178
302,3,3:1111,1,72;1262,1,137;1281,1,167
303,2,2:1111,1,74;1281,1,169
4454,7,12:1256,2,1,11;1130,2,1,8;1131,2,1,8;1257,2,1,8;1389,2,1,8;1158,1,82;1077,1,83
5119,23,99:1256,5,3,13,45,52,77;1130,6,3,10,18,62,97,126;1131,4,3,10,18,37;1257,8,3,10,40,59,70,77,93,132;1389,2,3,10;1112,5,3,9,24,43,145;1258,4,3,9,20,44;1057,3,3,9,24;1259,6,3,9,18,21,91,112;1260,4,3,9,21,35;1364,2,3,9;1309,4,3,9,16,39;1123,7,3,9,18,64,89,113,135;1211,5,3,9,14,107,149;1310,5,3,9,22,38,62;1365,4,3,9,64,66;1222,10,3,9,37,67,74,82,112,130,155,171;1311,4,3,9,22,28;1132,2,3,9;1133,2,3,9;1312,4,3,9,49,106;1134,2,3,9;1124,1,91
1017,62,174:1256,3,4,14,46;1130,7,4,11,19,63,98,118,127;1131,2,4,11;1257,3,4,11,22;1389,2,4,11;1112,5,4,10,25,89,155;1258,2,4,10;1057,2,4,10;1259,4,4,10,19,113;1260,2,4,10;1364,3,4,10,64;1309,3,4,10,17;1123,2,4,10;1211,2,4,10;1310,3,4,10,23;1365,2,4,10;1222,2,4,10;1311,2,4,10;1132,2,4,10;1133,4,4,10,33,116;1338,2,88,91;1312,2,4,10;1134,5,4,10,168,186,191;1396,2,54,82;1314,1,47;1316,3,2,14,31;1135,3,58,110,190;1124,5,5,13,85,92,95;1230,2,115,120;1298,2,5,13;1136,1,30;1299,2,21,133;1137,3,1,8,89;1138,2,42,85;1071,1,12;1140,2,46,71;1072,4,162,190,196,248;1398,3,6,16,33;1239,5,4,16,42,56,75;1238,6,9,23,41,87,139,153;1345,1,43;1346,4,7,19,56,83;1181,5,2,8,138,151,174;1253,5,54,55,76,90,125;1160,1,100;1143,2,1,10;1348,3,2,6,16;1145,3,34,129,159;1146,4,2,11,30,152;1374,5,4,8,15,38,51;1263,1,52;1322,2,56,79;1349,5,1,16,48,107,117;1151,2,2,11;1152,2,2,11;1267,1,57;1306,1,89;1103,3,2,25,88;1155,1,320;1397,3,2,16,36;1372,3,1,8,21;1250,4,2,15,39,92
254,25,44:1256,2,6,16;1130,2,6,13;1131,2,6,13;1257,2,6,13;1389,2,6,13;1313,2,3,9;1296,2,3,9;1297,2,3,9;1238,2,88,104;1262,1,167;1346,1,84;1214,5,5,13,59,88,96;1073,2,7,20;1075,1,177;1145,1,35;1322,3,6,15,36;1126,2,35,114;1284,1,78;1335,1,78;1277,1,101;1088,2,77,91;1120,1,24;1173,2,114,172;1351,1,51;1097,1,91
427,19,53:1256,2,9,19;1353,2,34,46;1135,1,41;1113,1,94;1158,2,7,14;1074,7,8,21,61,151,171,201,222;1011,3,23,46,72;1080,4,11,29,56,94;1081,4,11,31,65,123;1116,4,14,34,47,155;1321,5,9,25,47,68,92;1362,6,8,16,22,48,99,145;1012,1,49;1376,3,7,19,35;1086,1,15;1020,1,268;1149,1,243;1246,3,13,26,147;1032,2,36,89
442,6,11:1256,2,10,20;1257,1,99;1398,1,74;1331,1,94;1343,4,4,14,55,118;1247,2,79,167
359,5,5:1256,1,22;1004,1,279;1159,1,260;1150,1,146;1383,1,77
3126,2,2:1256,1,25;1225,1,88
1843,18,43:1256,1,26;1338,2,27,48;1299,2,1,9;1137,1,69;1071,2,2,7;1141,1,17;1262,4,3,13,27,61;1142,4,2,14,27,95;1073,4,41,48,86,125;1253,2,8,23;1160,3,2,20,56;1319,3,12,34,57;1083,1,25;1121,1,229;1304,1,174;1128,3,140,235,248;1331,3,5,16,40;1247,5,5,17,74,107,161
449,12,12:1256,1,27;1130,1,23;1112,1,40;1333,1,31;1344,1,65;1214,1,46;1073,1,31;1215,1,46;1182,1,22;1263,1,24;1267,1,41;1331,1,35
1400,13,37:1256,3,30,81,99;1257,2,18,21;1389,1,30;1112,4,63,106,117,134;1258,5,29,43,51,96,135;1057,9,42,84,170,173,182,195,199,212,223;1259,1,63;1309,1,68;1123,3,76,139,183;1211,5,20,32,132,165,180;1310,1,49;1338,1,96;1396,1,41
1197,10,19:1256,1,32;1316,2,1,13;1135,3,57,109,189;1317,1,25;1239,3,1,13,72;1345,1,91;1215,1,166;1146,3,48,77,88;1151,2,1,10;1152,2,1,10
451,33,64:1256,1,33;1389,2,23,51;1112,4,73,101,149,156;1057,3,18,43,121;1259,1,76;1364,1,70;1309,2,33,61;1123,2,174,180;1211,2,24,185;1338,2,89,92;1134,3,88,103,126;1230,2,121,126;1298,1,82;1268,4,12,24,167,217;1157,1,37;1251,1,54;1252,2,35,168;1140,1,131;1181,1,152;1142,2,28,96;1253,1,85;1347,1,225;1079,2,218,247;1146,1,83;1360,5,145,150,187,226,269;1322,4,53,69,94,102;1349,2,43,108;1189,1,62;1287,5,85,101,145,209,232;1095,1,154;1201,1,35;1103,1,66;1156,1,64
1975,3,3:1256,1,36;1057,1,145;1148,1,28
149,40,77:1256,1,39;1130,2,29,84;1257,1,42;1389,2,19,47;1112,2,49,70;1258,1,17;1057,4,52,103,106,253;1259,3,17,69,132;1260,1,53;1364,2,44,66;1309,2,54,58;1123,4,147,156,170,186;1211,5,38,58,123,169,178;1310,1,45;1222,1,90;1312,5,31,130,136,140,166;1367,1,162;1213,2,82,84;1356,1,83;1204,1,79;1125,2,146,188;1385,1,41;1388,2,55,57;1292,2,112,143;1075,2,58,207;1116,1,167;1362,1,162;1014,1,195;1147,5,8,19,35,89,117;1326,1,38;1255,1,106;1148,2,141,249;1370,2,41,115;1393,1,32;1327,2,98,106;1337,1,34;1048,1,189;1227,1,234;1091,4,4,8,37,42;1266,2,180,216
6803,1,1:1256,1,40
550,28,62:1256,2,53,94;1259,2,22,85;1364,1,36;1123,4,19,65,72,96;1313,2,2,8;1296,2,2,8;1297,2,2,8;1212,3,7,17,30;1298,2,3,11;1252,3,183,193,207;1001,2,16,46;1299,2,39,87;1180,3,25,57,184;1140,1,81;1398,1,69;1346,1,33;1073,2,72,93;1340,1,32;1360,3,164,240,277;1263,3,1,8,26;1322,2,35,52;1349,3,9,24,42;1127,1,175;1330,1,31;1331,3,11,22,62;1247,4,33,60,103,139;1156,5,8,17,179,194,206;1250,1,83
954,10,23:1256,1,57;1367,1,193;1113,1,99;1066,3,29,59,95;1035,4,16,37,70,148;1078,4,20,44,70,113;1011,3,19,42,68;1079,4,14,39,72,102;1081,1,60;1270,1,90
794,14,14:1256,1,59;1365,1,25;1314,1,24;1316,1,74;1015,1,128;1325,1,84;1275,1,279;1167,1,38;1169,1,270;1021,1,60;1209,1,41;1174,1,160;1097,1,26;1155,1,122
1676,4,5:1256,2,61,84;1269,1,236;1226,1,86;1054,1,89
965,34,67:1256,2,62,85;1257,3,84,115,123;1258,2,67,92;1057,2,32,37;1211,4,43,55,128,139;1365,2,17,68;1391,1,77;1396,2,32,47;1203,1,21;1058,6,33,117,194,237,254,275;1373,1,40;1353,2,23,42;1379,1,65;1296,1,21;1299,1,98;1138,2,46,104;1239,2,133,138;1345,2,45,92;1181,1,175;1214,1,39;1215,1,21;1182,1,99;1145,1,130;1146,4,49,78,89,110;1322,2,66,90;1349,3,73,97,105;1085,1,94;1191,3,174,192,236;1393,1,79;1150,1,111;1103,3,89,128,151;1249,3,3,16,36;1156,1,195;1250,3,4,17,94
15,38,46:1256,1,63;1112,1,41;1314,1,26;1316,1,68;1062,1,96;1114,1,332;1234,1,63;1070,1,214;1214,1,44;1348,1,19;1009,1,181;1321,1,134;1145,1,160;1126,3,85,127,174;1016,1,228;1190,1,105;1017,1,139;1086,1,331;1147,1,180;1019,2,26,95;1191,2,366,411;1020,1,155;1087,1,57;1171,1,215;1043,1,153;1287,2,5,15;1288,1,93;1127,3,13,37,131;1149,1,68;1026,1,324;1382,1,48;1122,1,40;1028,1,127;1095,1,162;1029,2,107,119;1030,1,54;1054,1,166;1290,1,168
33,26,45:1256,1,66;1123,1,155;1132,1,54;1338,3,70,105,113;1373,1,104;1313,1,21;1230,1,166;1268,2,59,100;1252,1,156;1137,1,36;1003,1,201;1140,2,8,16;1141,1,39;1072,1,186;1346,2,12,24;1253,1,45;1080,2,81,119;1081,2,119,148;1144,1,84;1145,4,48,59,79,163;1146,1,27;1360,4,125,173,252,284;1028,4,5,15,59,83;1095,2,5,25;1383,2,80,93;1103,2,197,251
609,5,5:1256,1,70;1179,1,128;1013,1,65;1191,1,195;1169,1,277
141,6,13:1256,1,72;1310,1,35;1222,6,36,66,73,93,119,170;1126,1,158;1049,1,41;1382,3,136,176,180
607,15,20:1256,1,73;1230,1,8;1268,2,31,114;1252,3,2,6,24;1317,1,38;1380,1,43;1160,1,92;1162,1,135;1083,2,151,179;1342,1,169;1295,1,72;1089,1,41;1327,1,140;1343,2,101,114;1175,1,66
926,15,18:1256,1,74;1203,3,50,93,100;1138,1,24;1063,1,125;1005,2,48,71;1339,1,95;1075,1,197;1240,1,69;1217,1,49;1171,1,155;1088,1,268;1043,1,71;1050,1,69;1210,1,121;1248,1,160
2570,8,9:1256,1,78;1312,1,159;1230,1,90;1242,1,167;1264,1,94;1172,1,78;1174,1,95;1099,2,133,162
1816,5,5:1256,1,80;1014,1,89;1093,1,112;1129,1,224;1103,1,52
927,11,12:1256,1,88;1130,2,38,74;1124,1,80;1138,1,96;1142,1,89;1269,1,39;1275,1,211;1276,1,114;1048,1,270;1330,1,69;1096,1,178
136,37,41:1256,1,91;1131,1,51;1057,1,80;1061,2,53,153;1002,1,49;1213,1,177;1068,1,126;1004,1,153;1115,1,186;1141,1,40;1214,1,68;1160,2,14,32;1215,1,132;1143,1,93;1007,1,48;1183,1,107;1242,1,152;1369,1,125;1274,1,227;1190,1,114;1232,1,77;1167,1,259;1243,1,117;1086,1,227;1293,1,133;1020,2,208,236;1277,1,116;1288,1,148;1304,1,150;1207,1,174;1024,1,137;1197,1,140;1375,1,47;1094,1,94;1228,1,185;1363,2,15,32;1281,1,125
476,21,31:1256,1,95;1211,1,193;1133,1,80;1312,1,86;1203,1,61;1058,3,60,99,218;1373,2,3,12;1354,1,71;1230,1,128;1298,1,73;1251,1,62;1252,2,184,194;1071,1,13;1215,3,121,141,169;1348,1,26;1360,3,1,9,29;1322,1,49;1349,2,68,86;1288,1,74;1306,2,76,84;1372,1,59
2762,8,9:1256,1,103;1396,1,23;1323,1,49;1325,1,58;1218,1,35;1169,1,80;1048,2,129,203;1156,1,79
5607,2,3:1256,2,108,135;1259,1,25
1512,3,3:1256,1,114;1297,1,379;1032,1,43
6804,1,1:1256,1,118
348,14,14:1256,1,124;1177,1,360;1157,1,52;1004,1,185;1072,1,121;1238,1,204;1254,1,29;1301,1,70;1242,1,136;1192,1,74;1128,1,249;1174,1,79;1031,1,92;1331,1,23
1201,21,23:1256,1,126;1257,1,126;1062,1,148;1384,1,17;1064,1,52;1159,1,133;1125,1,169;1182,1,43;1231,1,45;1205,1,207;1273,1,76;1193,1,82;1046,1,76;1128,1,257;1174,1,225;1201,2,95,140;1228,1,179;1229,1,182;1032,1,40;1308,2,286,311;1221,1,87
5949,24,53:1256,1,132;1130,2,25,65;1131,1,21;1257,1,135;1389,1,75;1112,4,6,12,27,34;1258,2,6,12;1057,3,6,12,21;1259,3,6,12,134;1260,2,6,12;1364,2,6,12;1309,2,6,12;1123,3,6,12,205;1211,2,6,12;1310,3,6,12,25;1365,2,6,12;1222,2,6,12;1311,4,6,12,32,66;1132,2,6,12;1133,2,6,12;1312,2,6,12;1134,2,6,12;1136,1,53;1398,4,8,18,37,51
6309,1,1:1256,1,139
1367,8,8:1130,1,15;1258,1,42;1058,1,26;1262,1,152;1044,1,197;1233,1,162;1028,1,256;1102,1,69
6805,1,1:1130,1,21
622,24,36:1130,2,28,83;1112,1,72;1259,2,68,131;1309,1,53;1310,1,44;1396,1,51;1296,1,20;1138,1,78;1140,1,101;1345,2,42,90;1214,1,129;1253,1,84;1146,2,76,86;1016,1,179;1189,1,94;1274,1,182;1191,1,278;1220,1,156;1092,4,101,161,193,209;1245,2,69,142;1247,1,102;1103,2,126,149;1249,3,1,14,34;1156,2,63,193
330,10,11:1130,1,31;1115,1,124;1074,1,175;1010,1,96;1079,1,133;1360,2,30,72;1126,1,150;1048,1,54;1053,1,189;1202,1,215
263,33,61:1130,4,33,52,79,91;1112,4,29,92,137,148;1259,1,80;1123,1,78;1333,2,78,116;1312,4,53,142,174,192;1135,1,93;1367,2,262,303;1299,1,97;1344,1,58;1061,2,267,292;1035,1,155;1180,1,152;1072,1,73;1238,6,5,19,52,77,174,194;1214,3,20,108,126;1075,1,117;1012,1,81;1184,2,24,167;1274,1,69;1041,1,110;1168,1,194;1394,1,110;1195,6,80,82,86,183,185,189;1121,1,110;1045,1,61;1279,1,136;1200,1,135;1129,1,258;1247,1,55;1352,2,48,61;1270,3,11,24,40;1032,1,178
3254,7,17:1130,3,34,80,92;1112,3,30,93,138;1333,2,46,66;1135,1,94;1344,1,59;1072,1,74;1238,6,6,20,53,78,175,195
572,5,5:1130,1,36;1071,1,38;1089,1,93;1288,1,158;1327,1,76
1380,8,10:1130,1,39;1238,1,36;1014,3,226,230,256;1276,1,119;1306,1,33;1102,1,218;1390,1,87;1291,1,90
2869,1,1:1130,1,41
4541,1,1:1130,1,42
2903,8,8:1130,1,44;1379,1,67;1157,1,110;1213,1,166;1004,1,196;1181,1,195;1028,1,226;1228,1,168
3181,1,1:1130,1,46
470,1,1:1130,1,48
367,45,56:1130,1,49;1333,1,82;1312,3,143,175,195;1396,1,52;1230,1,10;1138,1,98;1061,1,341;1114,1,302;1368,1,83;1213,1,133;1072,1,142;1214,1,125;1253,1,115;1006,1,33;1009,1,256;1283,2,51,117;1284,1,37;1303,1,107;1084,1,118;1017,2,168,195;1167,3,203,224,298;1341,2,114,122;1086,1,345;1285,1,70;1171,1,271;1148,1,371;1120,1,231;1220,2,106,171;1195,2,156,169;1207,1,124;1048,1,386;1049,1,92;1246,1,197;1095,1,238;1200,1,155;1305,2,69,93;1201,1,242;1202,1,189;1129,1,252;1307,1,73;1228,1,201;1032,1,96;1101,2,100,110;1103,1,146;1248,1,99
6285,3,4:1130,1,53;1057,2,171,196;1333,1,73
6434,3,3:1130,1,56;1157,1,103;1254,1,52
1170,6,6:1130,1,57;1345,1,77;1215,1,155;1080,1,95;1362,1,55;1173,1,159
165,15,26:1130,1,58;1135,1,72;1124,2,1,9;1299,1,64;1234,1,25;1004,1,29;1238,2,31,147;1320,5,1,6,14,58,108;1374,1,75;1272,1,151;1301,1,104;1226,1,157;1288,2,33,200;1327,5,1,7,22,53,73;1270,1,27
1768,4,4:1130,1,72;1127,1,248;1122,1,59;1099,1,41
6806,1,1:1130,1,75
4545,3,5:1130,1,86;1158,1,113;1128,3,137,230,245
2126,3,3:1130,1,88;1061,1,34;1343,1,111
661,19,21:1130,1,89;1158,1,120;1066,1,185;1035,1,202;1067,2,50,168;1008,1,56;1038,1,40;1254,1,78;1016,1,224;1120,1,213;1350,1,78;1046,1,116;1090,2,56,205;1210,1,44;1201,1,218;1290,1,50;1229,1,58;1055,1,49;1102,1,189
851,10,11:1130,1,94;1212,1,86;1268,1,64;1388,1,38;1254,1,95;1189,1,30;1303,1,114;1304,1,82;1383,1,17;1343,2,25,75
1295,9,9:1130,1,99;1223,1,95;1004,1,314;1161,1,437;1010,1,105;1394,1,167;1277,1,173;1207,1,118;1102,1,49
286,42,48:1130,1,101;1391,1,62;1177,1,179;1373,1,45;1379,1,121;1313,1,26;1296,1,34;1367,2,105,119;1384,2,36,72;1114,1,191;1392,1,42;1159,1,81;1140,1,76;1072,1,231;1238,1,127;1142,1,78;1339,1,64;1360,2,142,261;1240,1,56;1184,1,139;1185,1,112;1274,1,85;1336,1,175;1276,1,91;1226,1,143;1295,1,73;1170,1,59;1277,1,62;1088,2,109,226;1370,1,88;1244,1,60;1149,1,53;1196,2,52,154;1382,1,162;1343,1,93;1306,1,132;1097,1,202;1175,1,80;1352,1,32;1102,1,126;1176,1,189;1155,2,245,292
97,10,12:1130,1,103;1133,1,83;1135,1,65;1367,1,97;1072,1,43;1345,2,67,87;1346,1,68;1171,1,104;1202,1,188;1270,2,52,140
1524,8,8:1130,1,110;1354,1,53;1135,1,107;1125,1,182;1181,1,193;1165,1,21;1303,1,86;1255,1,47
700,19,24:1130,1,112;1268,1,51;1251,1,80;1345,2,2,12;1319,3,3,25,47;1269,1,230;1190,1,60;1169,2,3,11;1192,1,38;1295,1,126;1170,2,2,17;1128,1,41;1331,1,97;1098,1,54;1229,1,26;1154,1,169;1103,1,227;1397,1,48;1250,1,31
510,28,32:1130,1,114;1211,1,120;1333,1,93;1354,1,158;1135,1,162;1061,1,100;1159,1,118;1179,1,59;1345,1,86;1346,1,29;1253,1,118;1292,1,17;1009,1,39;1183,1,49;1376,2,78,97;1164,2,93,105;1148,1,290;1088,1,231;1288,1,157;1092,1,59;1198,1,129;1386,2,50,209;1199,1,115;1229,2,177,235;1032,1,33;1363,1,94;1221,1,55;1390,1,34
3263,10,21:1130,1,117;1309,1,26;1310,1,29;1136,3,1,11,29;1072,6,1,7,96,116,161,247;1398,3,5,15,32;1239,1,55;1238,3,8,22,40;1182,1,87;1040,1,122
508,38,39:1130,1,120;1057,1,142;1132,1,46;1396,1,50;1297,1,301;1315,1,45;1299,1,48;1061,1,340;1368,1,81;1300,1,87;1215,1,224;1340,1,65;1007,1,87;1008,1,142;1010,1,111;1235,1,277;1189,1,93;1083,1,137;1190,1,96;1041,1,167;1218,1,103;1086,1,24;1020,1,158;1171,1,93;1148,1,65;1120,1,243;1194,1,109;1208,1,96;1150,1,71;1382,1,208;1198,1,87;1386,1,184;1199,1,89;1247,1,39;1332,1,50;1032,1,140;1308,1,194;1363,2,114,149
1465,49,90:1130,1,121;1260,1,25;1312,1,15;1391,2,5,13;1396,2,5,13;1203,3,5,13,32;1058,3,5,13,46;1177,2,5,13;1373,1,24;1353,2,5,13;1354,4,5,13,30,165;1379,3,5,12,26;1296,1,23;1135,2,4,21;1124,3,7,15,49;1230,1,151;1212,1,33;1317,1,14;1136,1,34;1344,2,30,44;1137,1,20;1138,3,3,12,90;1072,5,5,11,36,119,164;1239,2,6,18;1345,1,52;1262,3,5,15,29;1253,2,10,25;1339,4,6,15,24,43;1182,3,3,13,60;1347,3,5,13,31;1009,1,73;1145,1,38;1146,1,126;1163,3,5,11,24;1284,1,24;1273,1,206;1285,3,5,12,47;1088,1,62;1149,1,210;1024,1,207;1090,1,81;1150,1,228;1329,1,35;1095,1,63;1202,2,60,148;1129,1,62;1247,3,35,77,164;1175,1,181;1103,1,57
5941,39,103:1130,1,124;1311,1,35;1391,3,8,16,32;1396,2,8,16;1203,3,8,16,33;1058,2,8,16;1177,2,8,16;1373,1,25;1353,2,8,16;1354,5,8,16,31,58,81;1379,5,7,14,80,86,95;1135,2,61,114;1124,6,8,16,51,88,90,106;1230,1,152;1252,1,16;1136,3,10,20,36;1299,4,5,13,27,92;1137,8,7,14,24,45,50,63,73,94;1138,3,5,14,91;1140,4,5,13,49,114;1141,4,5,10,22,58;1072,4,6,12,120,165;1238,1,107;1262,2,7,17;1346,1,59;1073,3,13,26,37;1253,2,12,27;1160,2,7,25;1319,1,63;1215,5,2,8,30,253,283;1339,2,7,16;1347,3,8,16,34;1144,2,12,29;1145,2,6,18;1146,2,5,14;1374,2,53,66;1360,1,33;1304,1,80;1331,4,8,19,37,79
1704,15,17:1131,1,34;1157,1,47;1381,1,79;1184,1,114;1276,1,70;1287,1,250;1127,1,226;1150,2,15,33;1329,1,54;1199,1,80;1052,2,14,28;1095,1,81;1202,1,155;1372,1,67;1250,1,114
5473,12,19:1131,2,42,63;1057,1,38;1259,2,38,47;1123,2,114,119;1211,3,37,51,122;1365,2,18,69;1268,1,73;1252,1,88;1239,2,134,139;1181,1,134;1160,1,80;1304,1,85
6253,1,1:1131,1,43
2439,4,8:1131,1,44;1005,1,99;1193,3,4,16,44;1149,3,114,134,188
2568,8,16:1131,1,47;1252,1,32;1360,3,188,194,211;1349,1,127;1205,5,1,12,125,143,204;1016,3,3,16,53;1156,1,133;1372,1,39
5963,9,9:1131,1,48;1134,1,17;1238,1,48;1076,1,62;1349,1,121;1121,1,105;1351,1,22;1053,1,90;1030,1,150
6807,1,1:1131,1,49
2644,11,14:1131,1,57;1134,1,174;1391,1,17;1367,1,195;1061,1,259;1062,1,86;1181,2,109,123;1185,3,6,15,102;1191,1,245;1196,1,146;1229,1,195
1398,16,27:1257,2,19,133;1123,4,90,99,143,162;1211,1,196;1333,1,118;1379,1,33;1316,1,67;1230,1,130;1298,1,75;1268,2,3,15;1251,1,64;1065,1,72;1198,1,63;1199,1,61;1343,6,2,12,41,67,87,104;1306,1,98;1247,2,9,21
612,19,34:1257,2,23,45;1057,1,110;1338,1,49;1354,1,85;1230,1,116;1268,1,46;1251,2,40,61;1140,1,102;1072,1,265;1073,2,82,96;1253,1,56;1143,2,9,18;1012,9,2,11,24,30,37,76,86,105,112;1146,2,9,18;1360,2,46,75;1122,1,39;1028,1,37;1343,2,10,20;1153,1,67
391,10,10:1257,1,28;1134,1,222;1357,1,18;1347,1,234;1374,1,19;1287,1,247;1045,1,127;1097,1,161;1229,1,94;1390,1,136
2104,2,2:1257,1,29;1157,1,123
281,26,33:1257,1,31;1135,2,142,217;1157,1,65;1367,1,267;1004,2,174,190;1139,1,73;1143,1,105;1144,1,89;1374,1,54;1272,1,160;1186,1,136;1082,1,221;1302,1,164;1015,1,110;1242,4,52,81,131,151;1274,2,60,212;1169,1,377;1304,1,148;1337,1,114;1207,1,201;1209,2,208,245;1122,1,49;1027,1,149;1267,1,52;1176,1,116;1155,1,262
556,16,21:1257,1,32;1058,1,208;1315,1,32;1001,2,203,295;1299,1,40;1067,1,207;1004,2,175,199;1072,3,28,66,129;1073,1,108;1160,1,62;1302,2,134,152;1277,1,213;1265,1,60;1197,1,147;1209,1,27;1096,1,165
1122,13,14:1257,1,36;1112,1,35;1365,1,61;1396,1,77;1135,1,138;1003,1,71;1183,1,196;1302,2,257,267;1084,1,232;1327,1,36;1209,1,262;1048,1,325;1027,1,138
1171,8,19:1257,2,38,55;1060,1,150;1261,4,11,34,56,78;1067,6,24,55,106,163,214,231;1068,2,33,79;1140,2,25,127;1278,1,18;1128,1,30
118,38,54:1257,1,44;1364,2,38,51;1211,4,23,41,54,138;1338,1,111;1177,1,479;1314,1,41;1317,2,19,24;1367,1,88;1072,1,167;1036,1,109;1292,2,75,96;1224,1,90;1163,1,45;1235,1,192;1188,1,73;1166,1,34;1119,1,64;1275,2,79,114;1017,1,222;1341,1,48;1192,4,43,58,60,126;1255,1,195;1088,1,76;1287,2,68,186;1173,1,120;1207,1,123;1024,1,83;1048,1,113;1279,1,106;1092,2,42,180;1246,1,196;1052,1,205;1201,2,52,62;1352,2,37,65;1270,1,85;1229,2,73,271;1101,2,82,97;1154,1,106
420,7,12:1257,1,50;1238,1,67;1073,2,3,16;1012,4,1,10,23,85;1189,1,46;1171,1,217;1092,2,56,111
1383,1,1:1257,1,51
1736,13,15:1257,2,57,91;1384,1,57;1231,1,33;1183,1,123;1376,1,44;1241,1,40;1325,2,13,29;1274,1,200;1351,1,42;1206,1,122;1361,1,60;1027,1,133;1201,1,175
393,21,25:1257,1,63;1258,1,88;1373,1,59;1380,2,2,19;1003,1,287;1224,1,151;1269,1,189;1205,1,45;1164,1,130;1274,1,224;1326,1,82;1255,1,189;1287,1,218;1128,2,126,216;1329,3,10,21,56;1095,1,215;1383,1,90;1343,1,117;1307,1,152;1098,1,67;1154,1,61
1612,12,12:1257,1,64;1135,1,43;1124,1,18;1214,1,56;1161,1,102;1010,1,112;1269,1,190;1040,1,242;1191,1,223;1371,1,38;1032,1,24;1334,1,129
4768,3,4:1257,2,65,109;1261,1,81;1067,1,59
6808,1,1:1257,1,66
3872,3,4:1257,2,69,76;1365,1,31;1222,1,27
2066,9,10:1257,2,86,120;1344,1,51;1063,1,164;1041,1,171;1167,1,237;1020,1,57;1326,1,62;1197,1,284;1305,1,82
1127,16,21:1257,2,88,122;1222,1,35;1299,1,57;1344,1,53;1138,1,103;1072,1,48;1239,3,11,23,81;1215,1,191;1339,3,20,37,52;1182,1,98;1167,1,100;1086,1,118;1394,1,68;1193,1,99;1287,1,229;1352,1,42
190,51,86:1257,1,89;1177,1,211;1157,1,13;1367,1,246;1113,1,89;1060,2,105,122;1344,1,54;1138,1,36;1061,3,214,294,325;1067,2,125,156;1387,3,6,13,28;1004,2,67,237;1215,1,192;1007,1,111;1010,1,115;1077,3,2,10,31;1183,1,181;1240,3,100,132,173;1254,1,91;1225,1,84;1187,5,330,393,459,482,539;1302,1,184;1369,1,58;1273,2,89,212;1303,1,105;1274,1,183;1167,1,240;1335,2,3,16;1341,2,8,17;1020,1,129;1377,3,7,20,55;1226,3,107,147,193;1088,1,217;1278,1,120;1287,1,170;1207,1,134;1197,1,290;1329,1,125;1028,1,164;1200,1,200;1236,1,20;1030,1,254;1101,1,229;1308,1,296;1102,3,176,181,207;1363,1,107;1281,4,85,107,147,158;1154,2,142,232;1248,6,7,19,83,97,119,194;1334,2,2,12;1056,2,4,16
799,16,18:1257,1,101;1222,1,145;1297,1,356;1339,1,54;1242,1,166;1274,1,55;1086,1,276;1020,1,115;1148,1,195;1088,3,52,106,156;1287,1,100;1194,1,143;1045,1,69;1046,1,37;1150,1,38;1228,1,147
938,7,7:1257,1,103;1297,1,201;1138,1,38;1072,1,88;1010,1,117;1032,1,297;1102,1,35
2117,2,2:1257,1,106;1398,1,25
2653,3,4:1257,1,107;1374,1,36;1327,2,54,151
405,25,37:1257,1,112;1058,2,64,285;1215,1,163;1074,2,137,206;1009,2,163,201;1078,1,166;1116,1,141;1145,1,121;1272,1,107;1323,1,94;1083,2,6,15;1325,1,71;1335,2,8,21;1336,1,180;1377,2,10,23;1370,2,58,142;1288,1,54;1150,3,138,176,206;1030,1,57;1031,1,127;1202,1,87;1290,1,156;1270,3,9,22,118;1101,2,11,37;1156,1,182
2380,1,1:1257,1,119
110,64,78:1257,1,125;1260,1,14;1310,1,14;1373,1,68;1379,1,132;1297,3,47,242,414;1135,1,101;1268,2,26,234;1157,2,17,93;1251,1,10;1059,2,31,69;1063,1,36;1384,1,16;1064,1,51;1378,1,18;1213,3,22,92,172;1158,1,16;1067,1,8;1179,1,18;1357,1,13;1140,1,43;1072,1,152;1238,1,32;1262,2,22,145;1319,1,82;1215,2,58,260;1182,1,42;1009,1,48;1362,1,26;1162,1,18;1240,1,18;1283,1,68;1184,1,68;1376,1,27;1235,1,19;1241,1,20;1084,1,228;1085,1,22;1232,1,70;1167,1,31;1394,1,13;1020,1,34;1193,1,26;1148,1,178;1370,1,18;1278,1,61;1194,1,165;1022,1,36;1327,1,17;1206,1,18;1024,2,60,111;1048,1,669;1375,1,18;1128,2,19,250;1233,1,108;1329,2,24,48;1382,1,68;1199,1,128;1229,1,243;1153,2,15,103;1032,1,248;1102,2,20,235;1397,1,30;1372,1,16
5135,2,2:1257,1,128;1148,1,278
1980,9,11:1257,1,131;1258,2,28,134;1005,1,86;1084,1,210;1168,1,41;1087,1,26;1361,2,8,21;1027,1,103;1330,1,110
1429,20,23:1257,1,137;1373,2,72,107;1297,1,106;1124,1,56;1230,1,46;1268,1,184;1157,1,147;1252,1,145;1262,1,162;1183,1,71;1240,1,176;1117,3,16,73,139;1126,1,196;1014,1,267;1190,1,48;1147,1,88;1169,1,147;1336,1,167;1090,1,164;1281,1,65
699,84,110:1257,1,138;1389,1,41;1112,2,22,86;1312,1,102;1391,1,53;1058,3,82,156,241;1379,1,114;1230,1,47;1268,1,185;1252,2,146,149;1367,1,288;1355,2,53,113;1114,1,110;1003,1,148;1139,1,76;1159,1,124;1300,1,60;1179,1,72;1357,1,33;1181,1,156;1142,1,65;1215,1,26;1143,1,69;1161,3,95,129,358;1292,1,195;1009,1,193;1362,1,103;1146,1,66;1360,1,249;1183,1,72;1224,1,109;1162,1,104;1117,2,17,74;1163,1,78;1235,1,201;1118,1,80;1187,6,120,131,296,365,479,536;1205,1,289;1014,1,111;1284,1,110;1016,3,70,154,266;1325,1,113;1166,2,70,74;1190,1,50;1017,1,260;1041,1,187;1341,2,157,166;1086,1,185;1293,2,29,94;1147,1,131;1394,1,33;1020,1,253;1169,1,148;1192,2,56,128;1286,2,70,92;1342,1,162;1295,1,138;1326,1,107;1171,1,139;1148,1,136;1088,1,240;1370,1,112;1288,1,47;1173,1,140;1023,1,76;1304,1,67;1337,1,106;1207,1,74;1024,3,62,147,219;1196,1,68;1090,1,126;1233,3,104,118,134;1329,1,86;1386,1,54;1095,1,133;1129,2,178,275;1247,1,129;1099,2,209,235;1102,1,159;1390,1,72;1248,1,145;1397,1,59;1156,1,198;1372,1,50
186,45,53:1257,1,139;1354,1,115;1135,1,176;1367,1,149;1060,1,75;1138,1,68;1061,1,373;1002,1,37;1213,1,196;1237,1,61;1159,1,52;1140,1,107;1346,1,26;1215,1,186;1347,1,160;1161,1,31;1009,1,231;1360,1,270;1183,2,29,111;1240,1,211;1269,1,247;1187,2,9,24;1273,1,36;1166,1,148;1119,1,49;1017,1,93;1218,1,43;1167,1,69;1335,1,93;1019,1,79;1264,1,125;1395,1,33;1219,1,48;1021,1,43;1197,1,258;1048,1,611;1227,2,37,207;1049,2,9,23;1092,2,109,132;1233,1,145;1246,1,70;1266,2,172,177;1102,1,228;1248,2,62,176;1056,2,30,63
3722,3,3:1257,1,146;1184,1,199;1209,1,106
5888,10,10:1257,1,153;1057,1,77;1260,1,26;1364,1,28;1123,1,204;1211,1,82;1365,1,84;1222,1,185;1344,1,32;1238,1,143
5889,7,8:1257,1,154;1057,1,78;1260,1,27;1364,1,29;1211,2,83,90;1365,1,85;1238,1,144
1077,9,15:1389,2,20,48;1057,1,107;1379,1,69;1284,1,88;1147,4,9,20,36,90;1169,1,225;1326,1,39;1255,3,177,207,234;1056,1,67
1319,8,12:1389,2,21,49;1057,1,108;1398,2,59,96;1347,2,80,178;1241,1,125;1164,1,34;1304,1,115;1209,2,149,152
2904,4,9:1389,2,22,50;1057,1,109;1138,1,107;1398,5,60,73,85,93,97
6809,2,2:1389,1,25;1148,1,98
6630,1,1:1389,1,27
1312,11,12:1389,1,29;1138,1,74;1181,1,183;1319,1,73;1269,2,224,233;1235,1,193;1393,1,37;1028,1,277;1343,1,54;1308,1,259;1334,1,109
2123,5,9:1389,1,31;1057,5,100,122,183,213,230;1387,1,50;1020,1,137;1266,1,186
6810,1,1:1389,1,33
1230,7,7:1389,1,37;1057,1,115;1177,1,154;1297,1,346;1009,1,217;1191,1,409;1044,1,218
3992,3,7:1389,3,44,58,66;1057,1,49;1338,3,59,75,110
692,8,10:1389,2,45,59;1057,2,41,56;1282,1,72;1388,1,74;1302,1,260;1303,1,99;1046,1,103;1308,1,157
1152,13,13:1389,1,53;1112,1,122;1268,1,134;1157,1,83;1367,1,62;1347,1,188;1185,1,80;1082,1,155;1191,1,283;1120,1,76;1048,1,212;1266,1,155;1290,1,126
115,33,45:1389,2,55,61;1177,1,167;1297,1,392;1252,2,62,98;1061,2,108,375;1159,1,25;1179,1,130;1204,2,100,120;1142,1,135;1215,1,280;1339,1,34;1347,1,163;1216,3,8,16,42;1009,1,71;1224,1,73;1283,1,112;1184,1,145;1241,1,127;1274,1,111;1018,2,128,176;1232,1,73;1167,1,83;1341,2,3,12;1169,2,144,214;1336,2,62,79;1172,2,8,86;1288,1,187;1024,1,194;1090,2,106,200;1209,1,164;1233,1,154;1095,1,205;1129,1,89
6281,2,2:1389,1,68;1338,1,77
1698,3,3:1389,1,72;1112,1,105;1160,1,104
553,11,11:1389,1,76;1058,1,68;1177,1,76;1367,1,287;1003,1,112;1366,1,55;1070,1,49;1235,1,203;1302,1,79;1046,1,133;1332,1,21
179,46,57:1389,1,77;1058,3,36,120,295;1379,1,77;1061,1,90;1368,1,51;1068,1,102;1072,1,268;1239,1,99;1238,1,210;1181,1,148;1253,1,60;1347,1,208;1292,2,71,88;1008,1,71;1009,1,129;1362,1,64;1360,1,170;1183,1,166;1240,1,177;1272,1,113;1163,1,150;1241,1,166;1187,1,585;1126,1,197;1165,1,150;1084,2,113,160;1190,2,97,126;1341,1,87;1192,2,99,210;1342,1,93;1370,1,74;1045,1,128;1046,1,106;1361,1,66;1027,2,143,186;1028,1,264;1095,1,167;1383,1,35;1201,1,156;1097,2,130,136;1307,1,37;1099,2,122,196;1229,1,113;1100,1,53;1363,2,65,115;1372,2,45,62
6051,2,2:1389,1,85;1211,1,79
413,1,1:1389,1,87
712,27,47:1112,2,1,7;1258,2,1,7;1057,2,1,7;1259,2,1,7;1260,2,1,7;1364,2,1,7;1309,2,1,7;1123,2,1,7;1211,2,1,7;1310,2,1,7;1365,2,1,7;1222,3,1,7,21;1311,2,1,7;1132,2,1,7;1133,2,1,7;1312,2,1,7;1134,2,1,7;1368,2,1,13;1392,2,2,13;1238,1,120;1006,1,60;1193,1,93;1328,1,41;1207,1,213;1209,1,224;1270,1,132;1248,1,105
6811,1,1:1112,1,16
958,6,7:1112,2,17,82;1162,1,138;1205,1,116;1326,1,68;1129,1,105;1290,1,75
884,4,4:1112,1,31;1323,1,70;1030,1,129;1371,1,57
839,11,14:1112,1,33;1268,1,115;1347,1,48;1162,1,106;1205,4,74,136,158,229;1168,1,178;1191,1,197;1088,1,60;1350,1,74;1099,1,87;1308,1,118
1184,10,18:1112,2,37,130;1396,1,83;1387,2,23,63;1283,1,58;1269,1,178;1165,1,56;1302,1,52;1083,1,199;1148,7,48,95,192,269,289,307,322;1045,1,88
271,14,14:1112,1,44;1187,1,284;1302,1,190;1083,1,219;1394,1,168;1120,1,34;1220,1,102;1207,1,120;1306,1,73;1247,1,108;1097,1,188;1270,1,46;1102,1,52;1176,1,185
986,1,1:1112,1,47
473,5,6:1112,1,51;1124,1,29;1193,1,55;1024,2,170,214;1027,1,70
112,80,107:1112,2,53,139;1258,1,112;1057,2,192,231;1309,1,69;1123,2,37,45;1211,1,181;1311,1,36;1333,1,111;1134,1,27;1354,2,102,145;1379,1,117;1297,3,194,363,393;1000,2,106,111;1344,1,48;1002,1,91;1234,1,52;1366,1,26;1004,3,109,170,316;1139,1,61;1159,4,35,74,101,170;1179,1,139;1072,1,215;1345,1,99;1215,1,43;1339,1,116;1385,1,66;1036,3,14,37,60;1161,2,43,68;1009,1,215;1076,1,59;1360,1,179;1272,1,131;1185,1,81;1254,1,35;1301,1,62;1235,1,81;1014,1,232;1274,2,44,98;1084,1,175;1167,1,127;1086,1,405;1019,1,54;1191,1,193;1087,1,112;1169,1,262;1286,1,80;1342,1,74;1295,1,121;1255,1,191;1170,2,46,77;1171,1,95;1193,1,45;1088,1,222;1393,1,68;1120,1,196;1287,2,76,171;1195,1,264;1304,1,164;1206,2,37,143;1048,1,539;1049,1,68;1128,1,78;1093,1,56;1246,1,85;1198,1,117;1386,4,92,146,232,248;1199,1,101;1174,1,82;1095,1,242;1305,1,62;1202,1,182;1129,3,82,109,216;1097,1,116;1307,2,124,137;1270,1,170;1229,2,114,230;1032,1,130;1102,1,221;1103,2,185,232;1221,1,93
870,9,9:1112,1,55;1057,1,139;1058,1,204;1360,1,39;1369,1,113;1086,1,245;1048,1,574;1028,1,221;1236,1,69
1604,10,11:1112,2,61,115;1260,1,59;1211,1,27;1000,1,114;1114,1,165;1240,1,201;1118,1,54;1039,1,194;1048,1,31;1128,1,23
3059,8,11:1112,2,66,104;1157,1,19;1184,1,111;1126,3,28,78,137;1119,1,66;1198,1,139;1199,1,123;1306,1,110
3490,15,18:1112,1,67;1123,1,23;1312,1,20;1203,1,31;1296,1,26;1344,1,50;1339,3,5,14,42;1347,1,212;1146,1,128;1263,1,22;1088,1,43;1267,1,39;1343,1,149;1247,1,136;1156,2,32,131
1167,11,12:1112,1,71;1297,2,179,372;1384,1,33;1358,1,76;1161,1,401;1168,1,120;1277,1,79;1219,1,46;1278,1,156;1195,1,181;1308,1,141
5950,7,10:1112,1,76;1134,2,94,122;1396,1,34;1398,1,82;1145,2,169,179;1322,2,83,109;1103,1,74
3688,2,2:1112,1,83;1141,1,77
1264,5,5:1112,1,94;1191,1,42;1087,1,170;1120,1,255;1023,1,94
6189,2,2:1112,1,96;1238,1,198
1265,5,6:1112,1,97;1072,1,20;1238,2,3,17;1191,1,45;1087,1,173
1119,15,16:1112,1,98;1133,1,59;1333,1,29;1373,1,49;1297,1,260;1061,2,109,307;1070,1,153;1388,1,67;1010,1,122;1255,1,196;1393,1,83;1046,1,59;1331,1,115;1032,1,38;1248,1,84
6564,2,2:1112,1,100;1214,1,38
575,8,8:1112,1,108;1299,1,58;1072,1,53;1239,1,110;1238,1,98;1149,1,122;1048,1,382;1334,1,95
394,15,16:1112,1,121;1124,1,75;1252,1,19;1378,1,59;1357,1,22;1072,1,14;1143,1,65;1224,1,152;1254,1,48;1205,2,46,61;1302,1,89;1274,1,105;1168,1,211;1193,1,91;1280,1,131
6812,2,2:1112,1,124;1183,1,201
307,3,3:1112,1,125;1187,1,251;1093,1,53
3599,5,5:1112,1,135;1238,1,51;1321,1,82;1205,1,189;1018,1,77
6430,3,4:1112,1,140;1347,2,99,173;1263,1,46
475,25,31:1112,1,143;1057,1,193;1133,1,84;1134,1,129;1373,1,117;1297,1,262;1113,1,142;1387,1,41;1159,2,119,208;1070,2,107,121;1073,1,113;1321,1,50;1263,1,49;1283,2,79,137;1168,1,114;1147,1,147;1191,1,415;1087,1,107;1169,3,132,176,195;1121,1,211;1149,2,181,195;1048,1,396;1266,1,226;1129,1,159;1228,1,132
28,60,94:1112,1,154;1260,2,40,62;1058,4,27,91,114,189;1296,3,14,65,80;1316,1,25;1135,3,75,133,177;1124,1,38;1000,3,4,19,46;1002,3,1,12,40;1062,3,4,25,79;1213,1,176;1387,2,2,9;1004,1,158;1071,1,11;1072,1,125;1239,1,93;1238,2,132,148;1262,1,42;1073,1,119;1143,1,100;1348,1,10;1007,1,20;1320,2,29,109;1077,1,47;1324,1,98;1118,4,1,13,187,210;1241,1,23;1302,1,15;1039,1,94;1166,1,191;1017,3,85,126,150;1018,1,119;1086,1,344;1019,1,112;1020,1,181;1264,2,59,93;1120,2,119,162;1044,1,72;1207,1,177;1047,1,45;1361,1,28;1048,1,627;1375,1,55;1091,2,11,35;1092,2,32,116;1094,2,67,163;1096,1,189;1267,1,53;1306,1,140;1098,2,2,24;1371,1,81;1270,1,57;1280,3,1,16,107;1100,2,1,14;1101,1,299;1363,3,2,19,117;1248,1,107;1397,1,116;1249,2,28,88;1250,1,34
1527,14,16:1258,1,16;1057,1,236;1259,1,16;1123,1,167;1177,1,145;1296,1,54;1113,1,98;1072,1,283;1181,1,93;1078,1,77;1116,1,166;1360,3,18,198,215;1040,1,201;1266,1,219
6329,2,3:1258,1,18;1222,2,29,69
2216,2,2:1258,1,23;1306,1,42
2043,16,20:1258,1,25;1367,1,261;1059,2,2,15;1064,2,30,56;1237,2,4,10;1347,1,150;1075,1,210;1037,1,15;1168,1,64;1394,1,108;1326,1,85;1193,1,138;1228,1,236;1229,1,143;1100,1,31;1032,2,4,15
1003,7,7:1258,1,26;1058,1,28;1268,1,136;1339,1,68;1084,1,203;1255,1,260;1351,1,56
5114,1,5:1258,5,30,32,55,97,136
1179,4,5:1258,2,31,54;1259,1,120;1135,1,104;1171,1,60
34,25,41:1258,3,33,52,56;1057,1,39;1123,1,187;1365,2,70,74;1222,5,38,113,131,172,182;1312,1,131;1058,1,192;1296,1,41;1316,1,84;1135,6,173,182,191,200,211,219;1157,1,39;1003,2,208,210;1140,2,93,120;1181,2,112,126;1253,1,100;1182,1,44;1263,1,36;1014,1,217;1386,1,167;1129,1,267;1247,2,87,146;1307,1,104;1099,1,238;1281,1,117;1372,1,80
1492,19,20:1258,1,41;1259,1,110;1222,1,16;1058,1,25;1373,1,27;1313,1,15;1135,2,141,216;1230,1,41;1298,1,103;1062,1,107;1262,1,151;1340,1,27;1272,1,30;1301,1,54;1169,1,177;1021,1,101;1044,1,196;1227,1,35;1176,1,112
317,79,94:1258,2,48,59;1259,1,116;1123,1,60;1373,1,86;1354,1,147;1297,1,316;1298,1,104;1268,1,171;1157,1,142;1251,1,48;1000,1,43;1059,1,75;1001,2,187,296;1136,1,42;1299,1,55;1002,1,94;1114,1,92;1378,1,46;1368,1,75;1213,2,59,66;1158,1,85;1003,1,103;1237,1,68;1204,1,122;1125,1,143;1140,1,67;1072,1,242;1239,1,66;1358,1,44;1142,1,128;1161,1,440;1075,1,136;1079,1,99;1360,1,232;1184,2,93,147;1272,1,31;1013,1,36;1225,1,51;1302,1,136;1284,1,32;1303,1,78;1166,2,101,180;1275,1,166;1217,2,22,81;1335,1,81;1293,1,171;1147,1,230;1394,1,124;1020,2,130,189;1087,1,35;1169,1,264;1285,1,40;1342,1,52;1264,1,106;1255,1,61;1170,1,48;1148,1,375;1021,1,117;1127,2,56,235;1195,1,51;1304,3,60,70,97;1289,1,91;1048,3,237,293,635;1227,1,55;1049,1,38;1210,1,92;1198,1,119;1199,2,104,135;1027,1,202;1174,2,84,111;1330,1,108;1200,1,83;1053,1,182;1331,1,82;1343,1,130;1308,1,225;1363,1,138;1281,1,154;1103,2,187,235
4029,1,1:1258,1,50
6813,3,6:1258,4,71,81,105,124;1259,1,83;1123,1,82
261,7,7:1258,1,87;1062,1,227;1161,1,347;1075,1,165;1275,1,247;1293,1,95;1093,1,96
1054,6,6:1258,1,89;1058,1,58;1179,1,155;1238,1,207;1086,1,132;1147,1,79
3020,8,8:1258,1,90;1338,1,38;1215,1,201;1192,1,238;1290,1,99;1099,1,286;1308,1,257;1176,1,216
2082,18,24:1258,1,94;1338,1,82;1203,2,81,88;1058,5,41,107,177,229,288;1379,1,45;1138,1,58;1009,1,184;1362,1,169;1240,1,48;1235,1,74;1147,1,114;1336,1,198;1276,1,100;1326,1,96;1386,1,89;1266,1,192;1306,1,69;1176,2,172,192
1433,8,8:1258,1,98;1391,1,47;1238,1,84;1009,1,159;1040,1,200;1169,1,324;1197,1,138;1032,1,124
1741,14,14:1258,1,106;1067,1,34;1008,1,140;1037,1,28;1038,1,33;1012,1,38;1126,1,101;1275,1,146;1043,1,44;1278,1,110;1327,1,130;1050,1,44;1306,1,54;1176,1,68
2209,5,5:1258,1,120;1333,1,69;1230,1,54;1341,1,91;1088,1,286
655,13,14:1258,1,121;1062,1,82;1114,1,108;1357,1,28;1187,1,74;1126,1,194;1043,1,119;1127,2,138,207;1337,1,36;1209,1,147;1050,1,122;1383,1,38;1343,1,33
1385,11,11:1258,1,139;1177,1,168;1298,1,93;1384,1,84;1003,1,234;1255,1,190;1393,1,76;1048,1,296;1031,1,117;1307,1,153;1154,1,62
611,5,7:1057,2,16,96;1213,1,155;1149,1,292;1209,2,214,289;1371,1,43
5555,2,3:1057,2,17,120;1305,1,42
6701,1,4:1057,4,19,44,85,88
430,13,19:1057,1,22;1058,2,49,138;1268,2,118,196;1238,1,108;1262,1,50;1160,2,8,26;1319,3,18,40,64;1347,2,222,230;1340,1,42;1087,1,50;1295,1,93;1288,1,135;1150,1,190
3323,1,1:1057,1,30
6814,1,1:1057,1,36
483,26,35:1057,2,60,126;1364,1,71;1309,2,30,62;1311,1,57;1396,1,66;1315,1,29;1062,1,205;1319,1,74;1038,2,52,64;1205,2,49,294;1014,1,286;1164,1,91;1165,2,117,177;1189,2,1,12;1274,1,225;1218,1,101;1169,1,329;1149,1,185;1196,1,108;1329,3,11,22,57;1028,1,269;1175,1,56;1270,1,193;1280,2,10,25;1332,1,78;1103,1,183
1316,1,1:1057,1,71
6815,4,6:1057,1,74;1143,2,4,13;1145,2,7,19;1101,1,73
6816,1,1:1057,1,75
6817,1,1:1057,1,76
871,11,13:1057,1,83;1309,1,71;1061,1,372;1213,1,105;1360,1,246;1269,1,240;1084,1,201;1218,1,120;1337,1,90;1149,2,80,261;1246,2,87,109
1187,16,17:1057,1,89;1177,1,306;1252,1,179;1009,1,198;1183,1,118;1015,1,116;1242,1,163;1085,1,64;1243,1,121;1147,1,148;1194,1,122;1304,1,122;1227,2,118,123;1094,1,97;1228,1,189;1032,1,198
1223,16,22:1057,2,98,228;1114,4,268,276,293,315;1004,1,110;1125,1,94;1180,1,150;1161,3,424,431,448;1082,1,170;1165,1,137;1040,1,234;1119,1,98;1017,1,253;1147,1,77;1192,1,229;1173,1,109;1200,1,192;1096,1,243
2266,7,7:1057,1,104;1178,1,140;1161,1,70;1323,1,104;1014,1,234;1287,1,130;1102,1,224
637,18,18:1057,1,118;1298,1,22;1252,1,49;1367,1,158;1114,1,120;1339,1,49;1184,1,91;1301,1,119;1118,1,248;1274,1,42;1018,1,22;1336,1,72;1171,1,94;1092,1,71;1233,1,111;1094,1,87;1352,1,26;1334,1,56
3361,8,11:1057,1,123;1230,1,107;1274,1,88;1335,1,85;1361,1,43;1279,3,2,12,21;1093,1,108;1245,2,112,131
2264,9,10:1057,1,125;1268,1,226;1190,1,80;1020,1,132;1287,2,151,213;1044,1,159;1195,1,230;1343,1,80;1308,1,206
5468,3,3:1057,1,136;1067,1,23;1032,1,290
2286,6,6:1057,1,143;1268,1,223;1362,1,86;1171,1,218;1022,1,97;1289,1,109
3042,3,3:1057,1,149;1344,1,36;1332,1,40
1114,5,5:1057,1,156;1072,1,106;1255,1,75;1278,1,115;1229,1,255
1829,22,34:1057,2,174,200;1123,2,33,44;1211,4,29,66,105,117;1365,1,81;1353,1,48;1354,2,89,100;1060,1,142;1138,1,93;1061,1,283;1067,1,83;1068,2,6,18;1387,2,54,75;1069,2,75,108;1140,1,41;1181,2,201,209;1182,1,102;1116,1,145;1278,2,50,102;1150,1,173;1382,1,73;1330,2,71,82;1155,1,139
995,19,30:1057,3,175,201,210;1312,2,163,186;1268,1,205;1113,3,115,190,199;1003,1,213;1080,1,122;1240,2,165,181;1013,1,131;1126,1,99;1284,2,94,103;1015,1,138;1273,1,171;1275,3,191,241,274;1017,2,134,212;1087,1,139;1337,1,38;1051,1,136;1099,1,92;1101,2,58,232
1209,9,10:1057,1,191;1135,1,198;1114,1,299;1087,1,160;1264,1,147;1171,1,178;1120,2,186,225;1048,1,117;1026,1,109
1422,10,12:1057,1,197;1230,1,32;1348,1,29;1118,1,237;1167,1,273;1171,1,282;1027,1,90;1097,2,128,208;1308,2,103,167;1291,1,123
3913,1,1:1057,1,217
184,35,37:1057,1,221;1259,1,87;1058,1,260;1001,1,209;1380,1,67;1066,1,112;1237,1,76;1180,1,186;1239,1,88;1008,1,125;1080,1,59;1081,1,70;1146,2,69,144;1322,1,27;1118,1,215;1189,1,107;1167,1,283;1243,1,94;1086,1,130;1295,1,144;1277,2,91,130;1370,1,138;1044,1,208;1195,1,112;1121,1,192;1092,1,150;1093,1,74;1174,1,221;1200,1,130;1029,1,76;1267,1,63;1099,1,118;1229,1,245;1308,1,291;1334,1,89
3479,6,18:1057,2,224,243;1158,1,137;1003,4,150,153,156,159;1066,1,194;1246,6,116,136,141,154,181,205;1032,4,47,52,144,172
3769,6,6:1057,1,233;1008,1,163;1147,1,221;1383,1,102;1201,1,237;1228,1,206
193,16,22:1057,1,237;1338,1,107;1067,1,97;1036,3,19,42,65;1076,1,135;1145,1,175;1284,1,79;1147,1,102;1286,2,187,230;1220,2,115,118;1024,1,161;1048,3,122,299,577;1329,1,131;1266,1,85;1201,1,146;1055,1,78
297,34,39:1057,2,240,246;1134,1,125;1177,1,421;1001,1,253;1062,1,140;1063,1,88;1114,1,327;1392,1,39;1067,2,44,218;1005,1,66;1125,1,173;1180,1,108;1161,2,109,149;1080,1,117;1225,1,97;1269,1,176;1018,1,170;1167,2,199,306;1191,1,66;1192,1,215;1277,1,161;1043,1,150;1173,1,156;1024,1,29;1197,1,201;1227,1,189;1050,1,153;1246,1,184;1052,1,186;1290,1,158;1032,1,215;1154,1,188;1176,1,109;1334,2,96,116
3518,1,1:1057,1,248
1028,15,16:1057,1,249;1259,1,73;1392,1,61;1213,1,143;1074,1,250;1075,1,154;1081,1,154;1349,1,46;1041,1,178;1192,1,251;1226,1,187;1393,1,89;1052,1,138;1290,2,95,104;1176,1,187
6818,1,1:1259,1,27
928,17,19:1259,1,41;1297,1,298;1316,1,72;1075,1,90;1183,2,47,104;1118,1,158;1015,1,126;1325,1,82;1275,1,277;1169,1,68;1336,1,64;1021,1,83;1022,1,115;1206,1,120;1209,1,43;1030,2,37,223;1155,1,120
689,3,6:1259,1,45;1342,4,101,118,139,174;1370,1,82
175,7,8:1259,1,46;1081,1,198;1016,1,127;1242,1,24;1026,2,289,327;1371,1,25;1056,1,31
6819,2,3:1259,2,48,56;1160,1,81
2573,11,12:1259,1,50;1297,1,43;1298,1,71;1061,1,166;1271,1,41;1320,1,91;1190,1,23;1342,1,56;1090,1,78;1209,2,98,160;1331,1,130
781,18,29:1259,1,53;1367,1,306;1061,2,306,365;1223,1,103;1381,1,20;1072,1,94;1231,1,23;1320,1,94;1362,1,165;1186,1,74;1083,3,81,180,226;1220,1,178;1287,2,153,178;1207,3,2,12,22;1196,4,39,55,83,96;1028,2,266,285;1103,1,140;1176,2,6,16
191,95,148:1259,1,58;1309,1,49;1211,2,172,184;1132,1,25;1312,1,151;1177,1,210;1373,1,43;1354,1,21;1296,1,17;1297,3,44,58,139;1316,1,77;1230,1,109;1251,1,66;1367,3,90,103,300;1061,2,213,266;1062,1,211;1384,1,59;1114,1,149;1064,1,43;1368,1,28;1387,1,77;1004,1,176;1139,1,104;1358,3,19,38,60;1181,1,211;1006,1,34;1143,1,58;1292,2,73,174;1271,1,65;1010,1,133;1075,1,176;1080,1,98;1360,1,21;1283,1,109;1184,1,119;1186,1,116;1117,2,90,102;1376,1,46;1241,1,137;1187,19,255,262,309,315,327,351,360,377,384,390,414,423,432,498,514,532,556,567,580;1014,1,146;1284,2,27,71;1369,1,92;1273,1,132;1274,1,86;1190,1,29;1017,2,265,273;1041,1,149;1335,1,66;1086,5,39,48,84,90,113;1168,1,193;1019,1,57;1020,1,256;1087,2,122,148;1169,3,71,178,197;1342,2,57,121;1395,1,28;1148,1,183;1088,1,103;1370,1,135;1287,1,37;1173,1,105;1195,1,228;1351,1,44;1304,1,139;1207,2,92,111;1024,1,195;1196,2,46,79;1090,3,35,100,188;1209,1,123;1048,1,44;1091,1,47;1128,2,90,108;1245,1,67;1382,3,40,63,146;1386,2,107,168;1094,2,154,166;1330,1,104;1028,1,110;1200,1,134;1383,1,53;1331,1,60;1306,1,126;1097,1,28;1371,1,62;1100,1,43;1101,1,136;1102,2,124,232;1363,2,45,173;1281,1,68;1154,3,53,105,157;1221,2,60,110;1155,1,188;1248,2,110,140;1249,1,31
1678,5,5:1259,1,70;1177,1,229;1230,1,175;1081,1,153;1119,1,67
353,18,18:1259,1,71;1333,1,40;1252,1,187;1213,1,141;1180,1,107;1161,1,274;1145,1,133;1185,1,129;1269,1,175;1017,1,198;1086,1,272;1191,1,65;1148,1,110;1048,1,123;1026,1,185;1331,1,24;1371,1,72;1397,1,111
617,7,8:1259,1,81;1123,1,80;1333,1,99;1134,1,253;1255,2,164,169;1393,1,34;1054,1,121
121,36,60:1259,1,90;1260,1,33;1309,1,38;1222,3,81,123,154;1059,1,38;1063,4,2,19,49,137;1223,1,84;1355,2,38,73;1114,3,22,65,100;1064,1,62;1378,1,41;1368,2,44,53;1070,3,1,14,27;1385,1,72;1161,2,47,113;1292,2,23,34;1012,1,110;1162,3,1,9,24;1184,1,193;1225,1,41;1163,1,14;1324,1,80;1164,1,20;1325,3,1,17,47;1147,1,130;1019,1,17;1276,1,50;1326,1,112;1042,2,11,24;1172,1,72;1089,1,101;1370,3,48,111,171;1393,4,46,49,73,96;1382,1,45;1174,1,105;1371,2,1,10
157,25,40:1259,1,92;1365,1,19;1177,2,296,309;1367,2,74,87;1213,1,161;1067,3,129,152,228;1237,1,17;1004,2,130,160;1300,1,68;1125,1,92;1161,4,309,325,338,344;1075,1,170;1272,2,89,104;1185,1,55;1235,1,224;1165,1,156;1276,1,64;1370,1,149;1045,1,30;1337,2,59,85;1149,1,238;1200,6,13,37,162,171,209,218;1270,1,97;1155,1,282;1248,1,87
820,11,16:1259,1,95;1314,1,43;1004,2,102,108;1146,1,95;1284,1,102;1039,2,111,147;1084,1,93;1167,3,41,143,227;1169,1,285;1247,1,86;1098,2,16,38
274,23,37:1259,1,99;1312,1,48;1379,1,104;1298,1,105;1001,1,179;1347,1,132;1292,1,161;1076,1,140;1078,1,155;1011,1,161;1269,7,42,53,70,115,141,164,213;1235,1,138;1187,6,271,301,333,370,396,455;1015,1,95;1119,1,65;1017,3,161,288,294;1335,1,59;1191,2,320,355;1294,1,75;1219,1,52;1233,1,51;1027,1,66;1055,1,83
1743,12,12:1259,1,105;1353,1,75;1252,1,124;1179,1,104;1075,1,196;1224,1,108;1376,1,84;1020,1,235;1304,1,182;1024,1,146;1208,1,86;1099,1,234
35,7,7:1259,1,107;1222,1,157;1135,1,158;1158,1,102;1218,1,58;1092,1,114;1397,1,45
733,7,7:1259,1,118;1230,1,158;1159,1,22;1358,1,46;1331,1,30;1343,1,46;1176,1,37
873,15,16:1259,1,121;1133,1,117;1333,1,56;1002,2,74,90;1262,1,62;1181,1,189;1182,1,76;1276,1,82;1342,1,114;1196,1,157;1209,1,121;1028,1,56;1371,1,20;1099,1,62;1153,1,60
2349,9,9:1259,1,122;1157,1,107;1181,1,199;1339,1,69;1127,1,227;1351,1,37;1206,1,158;1207,1,76;1028,1,225
716,5,6:1259,1,125;1062,1,200;1374,1,73;1208,2,2,14;1155,1,268
1350,6,6:1260,1,15;1063,1,37;1037,1,40;1303,1,130;1022,1,37;1155,1,49
6634,6,10:1260,2,22,52;1364,1,73;1309,1,65;1211,1,199;1312,2,139,165;1262,3,1,11,25
1001,20,28:1260,1,24;1312,1,14;1296,1,60;1157,1,60;1136,1,48;1071,1,45;1072,1,255;1398,2,50,63;1239,1,77;1037,1,32;1078,1,79;1083,1,121;1275,1,271;1220,1,32;1048,1,297;1099,1,223;1153,1,29;1397,3,9,23,39;1249,3,7,20,40;1250,4,9,22,55,61
1539,38,102:1260,1,28;1364,2,15,61;1058,1,48;1313,3,6,12,24;1296,5,6,12,25,55,61;1297,2,6,12;1316,2,9,21;1135,4,8,25,49,152;1136,1,60;1344,3,7,17,27;1378,3,5,13,30;1069,1,121;1004,2,121,152;1139,2,53,113;1071,5,5,10,21,46,68;1140,2,34,104;1141,3,49,75,85;1072,4,181,198,259,284;1239,4,8,20,58,78;1238,6,11,25,145,155,182,203;1346,1,92;1073,4,51,71,89,128;1160,1,46;1319,2,17,39;1143,2,5,14;1348,3,4,8,18;1076,4,16,41,102,109;1146,2,34,127;1263,4,7,14,20,41;1322,3,43,61,116;1349,4,5,20,36,54;1242,1,68;1232,1,60;1147,1,174;1350,3,7,14,20;1351,3,4,11,23;1209,1,220;1267,6,5,18,29,60,77,84
832,24,41:1260,1,30;1133,1,43;1333,3,7,21,36;1312,1,24;1230,1,26;1136,1,62;1137,1,30;1140,1,58;1141,1,27;1072,2,209,252;1262,4,9,19,35,171;1073,2,73,104;1253,2,14,29;1160,3,10,28,49;1319,3,20,42,66;1143,2,8,17;1146,1,131;1360,1,124;1241,1,61;1171,2,195,247;1045,1,65;1246,2,10,23;1343,2,9,19;1229,2,74,272
710,18,28:1260,1,31;1133,1,79;1333,1,117;1134,1,113;1379,1,64;1212,1,53;1113,1,147;1071,1,32;1072,1,234;1262,2,81,92;1145,1,57;1360,7,74,97,120,138,149,172,264;1118,1,108;1341,1,36;1088,1,263;1350,1,47;1096,2,93,150;1290,3,51,122,174
443,19,21:1260,1,34;1222,1,124;1396,1,28;1059,1,39;1063,1,138;1072,1,92;1215,1,267;1301,1,18;1225,1,42;1324,1,81;1126,1,81;1041,1,78;1172,1,73;1393,3,39,47,50;1021,1,106;1337,1,96;1092,1,92;1382,1,46;1266,1,91
1543,6,7:1260,1,41;1069,1,19;1071,1,70;1089,1,25;1209,2,88,115;1308,1,198
3868,6,6:1260,1,47;1177,1,110;1035,1,88;1366,1,46;1226,1,60;1121,1,151
2537,3,3:1260,1,67;1116,1,122;1048,1,350
6820,1,1:1364,1,13
177,43,68:1364,1,14;1134,2,189,193;1391,2,36,42;1177,1,26;1315,1,62;1061,1,29;1380,1,35;1003,1,111;1069,1,67;1356,1,89;1159,2,232,269;1072,1,175;1262,1,65;1074,1,39;1143,1,60;1292,1,31;1009,1,152;1360,1,81;1183,1,21;1184,3,1,7,13;1186,1,39;1241,2,107,164;1164,2,98,131;1015,3,7,18,50;1040,1,45;1083,6,62,102,107,147,167,224;1086,1,219;1244,2,2,19;1120,1,50;1288,7,13,29,37,78,144,190,218;1044,1,122;1045,1,154;1196,2,21,51;1090,1,157;1209,1,197;1026,2,170,180;1329,1,27;1174,1,103;1030,1,66;1151,1,38;1352,3,1,5,13;1153,1,26;1155,1,328
3389,9,15:1364,1,17;1113,1,187;1063,4,15,32,66,124;1223,1,46;1355,4,18,36,55,85;1076,1,83;1186,1,111;1017,1,200;1202,1,213
996,31,55:1364,1,19;1211,1,176;1060,1,125;1136,1,59;1003,1,165;1237,3,56,89,93;1125,1,97;1071,1,43;1072,1,258;1262,3,74,78,88;1181,2,77,95;1161,1,405;1145,1,71;1013,1,115;1187,13,104,307,346,349,375,409,412,489,492,504,547,550,562;1273,1,95;1086,3,116,223,319;1087,2,133,149;1277,1,72;1173,1,123;1194,1,135;1121,1,70;1207,1,138;1233,1,83;1329,1,99;1094,2,80,126;1030,1,117;1228,1,254;1099,3,82,112,190;1101,2,83,287;1372,1,57
919,23,26:1364,1,23;1058,1,143;1177,1,96;1113,1,130;1001,2,150,159;1344,1,25;1066,1,90;1068,1,69;1215,1,86;1182,1,135;1385,1,53;1074,1,284;1075,1,78;1080,1,115;1081,1,103;1225,1,76;1014,1,131;1082,1,47;1302,2,211,244;1086,1,209;1026,2,144,160;1330,1,90;1331,1,61
6821,1,1:1364,1,26
3971,3,3:1364,1,30;1315,1,26;1209,1,210
129,40,64:1364,1,32;1133,2,95,107;1203,2,83,90;1058,8,44,66,109,134,147,180,231,291;1373,1,35;1354,1,107;1379,3,92,100,143;1230,1,171;1268,1,208;1317,1,20;1204,1,91;1358,3,12,31,61;1181,1,49;1215,1,87;1182,1,111;1080,1,102;1145,1,101;1235,1,178;1187,5,101,253,260,441,596;1205,2,153,168;1302,1,218;1016,1,194;1039,1,109;1369,1,79;1083,1,67;1084,4,46,77,100,174;1017,1,276;1295,1,37;1255,1,115;1395,1,24;1220,2,114,164;1194,1,131;1092,2,43,181;1026,1,149;1330,1,93;1202,1,143;1307,1,89;1281,1,101;1176,1,218;1334,2,34,39
146,19,22:1364,1,34;1133,1,40;1396,1,25;1354,1,34;1298,1,45;1268,2,7,19;1251,1,34;1317,1,21;1299,1,28;1262,1,33;1160,1,47;1215,1,114;1143,1,42;1349,1,38;1278,2,19,105;1304,1,134;1343,2,5,15;1247,1,57;1372,1,35
324,40,46:1364,1,39;1177,1,196;1061,1,144;1005,1,96;1074,4,50,145,156,195;1075,1,94;1080,1,65;1184,1,38;1186,1,75;1163,1,92;1118,2,193,224;1164,1,81;1039,1,160;1083,1,35;1166,1,110;1274,2,139,162;1017,1,237;1041,1,84;1168,2,77,96;1219,1,66;1088,1,81;1287,1,163;1173,1,121;1045,1,40;1206,1,62;1198,1,92;1199,1,94;1031,1,139;1202,1,135;1101,1,210;1308,1,186;1281,1,132;1154,1,99;1103,1,120;1291,1,159;1176,1,132;1397,1,42;1156,1,59;1372,1,41;1250,1,59
6822,1,1:1364,1,47
3331,2,2:1364,1,49;1330,1,62
6390,2,2:1364,1,62;1215,1,196
6823,1,1:1364,1,68
3849,5,6:1309,1,23;1123,1,47;1310,1,26;1147,1,201;1393,2,38,48
589,36,71:1309,1,24;1123,2,104,118;1310,1,27;1132,1,17;1133,1,18;1134,1,18;1391,2,7,15;1396,2,7,15;1203,2,7,15;1058,2,7,15;1177,2,7,15;1353,2,7,15;1354,3,7,15,70;1379,2,6,13;1297,1,224;1314,1,34;1315,3,1,8,46;1124,1,50;1317,1,15;1001,1,216;1299,1,20;1138,2,84,106;1141,2,1,6;1346,2,39,101;1253,1,33;1319,3,10,32,55;1215,1,120;1347,3,6,14,33;1143,2,25,38;1144,3,16,33,51;1145,9,1,11,13,23,30,89,113,145,148;1128,2,29,201;1150,3,62,94,172;1247,3,11,23,36;1155,1,147;1250,1,38
1486,8,9:1309,2,27,40;1310,1,30;1314,1,25;1230,1,19;1252,1,12;1215,1,200;1182,1,88;1122,1,36
1124,12,13:1309,1,28;1312,1,42;1203,2,29,75;1178,1,99;1070,1,200;1283,1,86;1274,1,84;1168,1,79;1220,1,109;1127,1,147;1227,1,214;1099,1,155
1037,13,14:1309,1,46;1396,1,37;1177,1,388;1297,2,160,289;1157,1,72;1085,1,87;1170,1,93;1277,1,127;1148,1,113;1196,1,33;1330,1,120;1099,1,156;1291,1,100
6824,1,1:1309,1,59
992,5,11:1123,3,22,69,93;1133,1,66;1346,1,36;1264,1,80;1227,5,13,27,67,82,205
5857,2,2:1123,1,24;1003,1,253
985,7,8:1123,1,31;1177,1,464;1387,1,56;1143,1,73;1146,2,45,134;1246,1,213;1156,1,145
5215,1,1:1123,1,32
948,12,13:1123,1,34;1297,1,25;1212,1,69;1138,1,92;1184,1,166;1376,1,74;1336,2,32,39;1393,1,26;1022,1,41;1128,1,200;1026,1,199;1352,1,60
3826,4,8:1123,1,35;1268,5,11,23,45,58,176;1181,1,204;1021,1,51
1803,5,6:1123,1,39;1211,1,34;1254,1,56;1323,1,91;1187,2,208,223
1272,13,17:1123,1,41;1365,1,95;1134,1,197;1079,3,11,36,69;1163,1,89;1187,1,183;1302,1,100;1195,2,114,242;1266,1,84;1201,1,145;1247,1,144;1103,2,160,166;1156,1,44
4918,4,5:1123,1,46;1288,1,173;1173,1,129;1247,2,70,158
2854,1,1:1123,1,49
4765,3,3:1123,1,50;1365,1,46;1222,1,52
1056,10,16:1123,3,54,71,95;1222,1,184;1158,1,67;1345,1,56;1349,3,8,23,41;1283,2,38,60;1118,1,155;1286,1,39;1331,2,10,21;1247,1,59
1044,13,14:1123,1,62;1297,1,130;1212,1,94;1059,1,37;1136,1,44;1072,2,78,244;1239,1,68;1275,1,168;1264,1,19;1045,1,60;1174,1,132;1228,1,115;1155,1,213
1394,15,22:1123,3,66,136,185;1211,1,159;1379,1,21;1314,3,3,11,19;1135,2,67,74;1230,1,89;1157,1,38;1251,1,56;1113,1,110;1065,1,84;1115,3,114,123,127;1141,1,13;1346,1,70;1347,1,29;1397,1,89
1657,5,6:1123,1,79;1204,1,84;1240,1,180;1127,2,16,40;1329,1,68
1542,11,12:1123,1,84;1312,2,162,185;1062,1,179;1005,1,156;1074,1,226;1169,1,112;1288,1,224;1209,1,51;1129,1,84;1290,1,147;1363,1,76
3859,2,2:1123,1,103;1386,1,244
447,11,16:1123,1,105;1134,2,41,219;1373,2,9,18;1140,1,136;1269,2,93,149;1205,2,211,239;1304,1,27;1090,1,169;1233,2,5,14;1306,1,34;1032,1,110
1728,6,6:1123,1,107;1360,1,105;1301,1,80;1205,1,236;1151,1,44;1249,1,46
5063,2,2:1123,1,122;1396,1,24
4168,4,6:1123,1,125;1214,2,51,101;1103,1,206;1156,2,147,164
3195,28,45:1123,1,127;1396,1,43;1316,1,35;1135,3,11,28,148;1136,2,56,67;1344,2,10,20;1137,1,33;1071,1,31;1140,1,55;1141,2,32,61;1072,2,201,276;1398,1,45;1238,3,14,28,111;1345,1,98;1346,1,62;1181,1,24;1214,1,52;1253,1,128;1144,4,5,22,39,73;1145,1,53;1190,2,42,76;1351,2,7,14;1129,2,22,220;1151,1,29;1152,1,30;1267,4,1,14,43,76;1103,1,204;1156,1,149
14,31,39:1123,1,144;1177,2,362,490;1297,1,380;1062,1,229;1063,1,131;1067,2,148,175;1004,2,126,317;1070,1,209;1009,1,206;1010,2,98,127;1079,3,187,207,279;1145,1,126;1146,1,108;1225,1,89;1040,1,190;1083,1,164;1167,1,243;1191,1,387;1193,1,140;1089,1,86;1194,2,100,116;1195,2,234,260;1149,1,105;1051,1,172;1030,1,263;1054,1,139;1202,1,207;1032,1,206;1101,1,167;1155,1,287;1056,1,50
4046,2,2:1123,1,145;1222,1,116
2177,6,6:1123,1,149;1312,1,125;1215,1,16;1191,1,252;1209,1,53;1383,1,89
1254,8,14:1123,1,150;1300,1,38;1162,1,31;1021,1,86;1099,1,222;1397,3,8,22,38;1249,3,6,19,39;1250,3,8,21,54
6264,2,2:1123,1,158;1334,1,115
285,13,14:1123,1,166;1365,1,98;1058,1,185;1002,1,169;1004,1,183;1141,1,69;1214,1,85;1017,2,121,131;1148,1,366;1209,1,241;1361,1,41;1054,1,84;1202,1,167
1991,2,2:1123,1,168;1103,1,239
877,25,39:1123,1,176;1004,1,257;1115,1,214;1347,2,75,174;1074,4,11,24,64,126;1079,1,171;1081,1,88;1116,1,153;1240,1,75;1301,3,5,13,22;1082,1,99;1165,1,39;1394,1,145;1192,1,100;1336,1,149;1377,3,4,17,52;1149,1,252;1197,2,117,129;1208,1,64;1090,1,170;1227,1,159;1228,1,30;1390,2,61,106;1176,1,193;1248,5,3,15,79,115,191
1587,2,2:1123,1,179;1187,1,152
847,57,88:1123,1,191;1354,3,18,117,155;1230,2,34,74;1212,2,95,97;1268,2,135,178;1252,1,157;1138,1,80;1380,2,5,22;1063,2,39,73;1384,1,51;1355,2,1,19;1114,3,14,57,90;1064,2,31,58;1368,4,6,18,33,85;1392,4,5,16,25,78;1381,1,30;1139,3,1,15,101;1159,1,226;1300,1,115;1142,1,100;1347,1,235;1143,1,55;1360,1,61;1183,1,116;1224,1,148;1272,2,147,157;1323,3,13,80,111;1186,1,56;1163,1,145;1235,1,262;1241,1,161;1303,1,75;1325,1,106;1166,2,87,183;1275,1,115;1167,1,144;1335,1,63;1086,1,125;1168,2,198,208;1394,1,73;1169,1,317;1377,1,75;1395,1,16;1370,1,132;1127,3,1,25,50;1046,1,47;1024,1,101;1208,1,97;1091,1,44;1329,1,156;1383,1,21;1280,1,128;1229,1,89;1100,2,28,109;1363,1,108;1390,3,1,7,131;1291,3,3,15,124
60,20,29:1123,1,202;1062,2,127,220;1160,2,18,36;1271,1,44;1007,1,135;1118,1,241;1273,1,180;1274,1,229;1018,2,9,18;1170,1,115;1148,2,179,211;1022,4,5,22,59,100;1024,1,117;1094,1,96;1267,1,73;1098,1,92;1270,1,112;1280,1,81;1363,3,17,34,159;1281,1,127
1129,15,16:1211,1,17;1177,1,134;1113,1,125;1066,1,199;1004,1,137;1179,2,6,14;1183,1,178;1082,1,128;1264,1,118;1149,1,48;1207,1,151;1026,1,206;1306,1,111;1307,1,40;1156,1,93
6825,1,1:1211,1,18
554,30,44:1211,1,19;1133,1,39;1312,2,39,66;1157,4,3,8,27,131;1000,1,90;1378,1,48;1385,1,38;1036,1,92;1008,1,120;1009,2,31,88;1037,2,125,195;1374,1,71;1184,4,34,79,155,196;1126,2,71,108;1014,1,203;1040,1,135;1325,1,63;1018,1,48;1087,1,97;1170,1,100;1193,1,177;1088,1,38;1127,1,153;1209,1,95;1174,2,93,135;1053,1,215;1031,1,107;1054,2,107,113;1267,3,12,25,36;1308,1,130
3160,4,4:1211,1,21;1140,1,132;1142,1,130;1341,1,34
533,4,5:1211,2,39,124;1132,1,28;1088,1,87;1343,1,78
6263,1,2:1211,2,42,127
2658,7,7:1211,1,60;1133,1,24;1297,1,49;1268,1,152;1299,1,71;1347,1,200;1340,1,19
2268,9,9:1211,1,62;1312,1,51;1357,1,34;1292,1,30;1145,1,55;1274,1,155;1127,1,156;1092,1,66;1030,1,307
920,8,16:1211,2,67,118;1222,3,146,148,161;1315,5,2,9,47,58,65;1145,1,114;1163,2,105,113;1293,1,160;1128,1,202;1233,1,93
3289,9,9:1211,1,71;1297,1,171;1384,1,89;1215,1,92;1013,1,148;1218,1,108;1020,1,119;1088,1,262;1045,1,58
1538,6,6:1211,1,74;1368,1,48;1072,1,177;1347,1,203;1165,1,46;1293,1,62
327,8,8:1211,1,77;1008,1,105;1341,1,133;1286,1,177;1150,1,80;1026,1,169;1094,1,116;1028,1,260
6826,1,1:1211,1,80
6827,3,3:1211,1,81;1365,1,83;1238,1,142
341,41,67:1211,1,89;1062,1,162;1223,2,7,17;1114,4,7,41,50,84;1378,2,7,15;1158,1,133;1035,3,19,40,77;1068,2,8,20;1180,2,116,217;1161,1,191;1037,1,190;1362,2,76,134;1225,2,8,18;1269,1,31;1082,1,206;1369,1,128;1040,1,213;1119,1,88;1274,1,240;1018,1,134;1086,1,164;1148,1,287;1043,1,237;1048,1,516;1227,1,168;1050,1,242;1092,3,6,17,35;1150,1,234;1093,2,16,34;1026,1,103;1246,2,128,186;1027,1,206;1053,1,158;1129,1,299;1099,6,70,149,200,211,245,264;1280,1,123;1101,2,199,270;1176,1,71;1248,2,128,173;1334,4,8,18,23,83;1056,2,1,13
6077,3,3:1211,1,91;1215,1,188;1349,1,33
6405,2,2:1211,1,93;1069,1,91
1568,8,9:1211,1,96;1366,1,43;1075,1,128;1076,1,107;1146,2,122,150;1041,1,66;1226,1,81;1052,1,184
24,4,4:1211,1,102;1209,1,295;1375,1,20;1199,1,132
1043,9,10:1211,1,126;1379,1,70;1237,1,14;1292,2,77,128;1273,1,63;1219,1,47;1148,1,258;1383,1,10;1129,1,200
77,16,17:1211,1,129;1140,1,27;1376,1,113;1302,1,96;1020,1,59;1169,1,316;1336,1,85;1286,1,103;1264,1,99;1287,1,241;1207,1,89;1026,1,236;1095,1,207;1343,1,135;1155,1,224;1156,2,74,97
631,10,10:1211,1,135;1367,1,48;1223,1,29;1187,1,136;1274,1,81;1167,1,67;1168,1,76;1169,1,127;1278,1,56;1173,1,29
6828,1,1:1211,1,145
1088,4,4:1211,1,146;1003,1,233;1013,1,31;1266,1,229
6629,1,1:1211,1,147
474,11,12:1211,1,152;1297,1,92;1009,1,76;1360,2,53,129;1083,1,182;1336,1,98;1045,1,190;1149,1,135;1382,1,152;1099,1,219;1291,1,111
1137,8,9:1211,1,155;1238,1,125;1161,1,388;1292,1,82;1009,1,252;1148,1,264;1149,2,138,172;1128,1,133
260,11,18:1211,1,158;1298,1,49;1299,1,30;1003,2,58,187;1072,3,204,261,286;1143,2,47,61;1078,1,126;1011,1,116;1144,4,7,24,41,75;1146,1,130;1053,1,205
1799,8,9:1211,1,160;1041,1,184;1167,1,51;1342,1,81;1370,1,116;1361,1,29;1099,2,273,293;1334,1,35
731,4,4:1211,1,161;1183,1,95;1336,1,124;1370,1,117
2067,1,2:1211,2,166,188
519,32,45:1211,1,168;1133,1,106;1312,1,129;1379,1,20;1230,1,31;1212,1,84;1298,1,20;1268,1,141;1367,2,145,156;1059,2,58,79;1061,1,361;1384,2,1,8;1114,1,118;1180,3,20,52,177;1262,2,77,87;1144,1,45;1184,1,61;1117,1,146;1302,1,193;1147,1,185;1020,1,52;1089,1,80;1304,1,92;1386,2,28,225;1094,1,135;1174,3,6,27,53;1228,1,253;1229,2,120,309;1308,3,102,148,166;1291,1,122;1155,2,230,237;1372,1,56
762,37,74:1211,1,175;1203,1,57;1058,2,251,272;1113,1,160;1060,1,47;1001,1,227;1003,1,259;1068,1,52;1237,1,82;1070,2,85,134;1239,1,121;1214,1,123;1009,1,208;1080,1,180;1116,1,50;1146,1,75;1322,3,68,93,101;1183,2,192,217;1269,1,169;1273,1,170;1189,3,57,61,65;1040,1,195;1086,1,208;1087,1,138;1286,4,107,135,191,213;1171,1,270;1120,2,182,200;1194,1,106;1195,11,43,56,88,124,131,139,171,178,190,209,217;1149,1,301;1200,11,18,42,69,73,88,104,147,160,178,206,215;1201,7,68,87,106,121,164,185,196;1096,1,210;1031,1,94;1129,1,211;1032,1,254;1363,1,145
770,4,9:1211,1,182;1217,4,25,56,72,105;1103,1,125;1397,3,77,83,106
918,7,16:1211,1,191;1115,3,14,38,143;1160,1,87;1006,1,40;1324,5,1,10,25,48,91;1382,2,24,191;1386,3,78,132,164
479,4,4:1211,1,194;1354,1,72;1252,1,71;1343,1,161
4277,2,2:1211,1,197;1135,1,89
432,11,13:1310,1,16;1353,2,62,77;1212,1,43;1268,1,28;1059,1,71;1179,2,20,101;1235,1,22;1085,1,24;1193,1,28;1148,1,164;1370,1,20
2356,5,10:1310,1,37;1336,1,144;1023,2,7,19;1210,3,3,14,50;1129,3,1,9,40
2441,9,13:1310,1,41;1059,1,60;1384,3,3,10,19;1214,1,32;1347,1,55;1196,3,44,129,143;1209,1,154;1386,1,161;1102,1,231
3993,3,3:1310,1,50;1215,1,67;1281,1,142
632,26,44:1310,1,54;1212,1,77;1061,1,379;1159,3,69,162,239;1300,2,43,106;1347,1,156;1388,1,45;1224,1,78;1272,5,2,15,28,70,77;1186,4,2,18,34,92;1241,1,117;1205,1,164;1284,2,55,74;1166,1,146;1274,1,158;1020,2,43,87;1192,2,14,115;1255,1,58;1193,1,130;1088,1,190;1287,3,81,117,188;1382,1,166;1307,1,123;1290,1,33;1229,2,166,180;1154,3,5,25,44
2171,2,2:1310,1,58;1163,1,138
2666,2,2:1310,1,59;1086,1,139
6829,2,2:1365,1,14;1222,1,14
461,9,12:1365,1,23;1114,1,312;1213,2,79,153;1086,1,249;1089,1,84;1386,1,216;1270,2,105,184;1229,1,139;1176,2,120,176
810,18,20:1365,1,28;1222,1,25;1311,1,29;1312,1,32;1314,1,35;1251,1,17;1252,1,56;1300,1,143;1238,1,44;1224,1,116;1163,1,135;1269,2,181,193;1255,1,35;1042,1,62;1173,2,133,176;1128,1,118;1280,1,89;1176,1,84
6830,1,1:1365,1,30
6831,1,1:1365,1,34
2049,3,5:1365,1,40;1222,2,43,134;1053,2,165,177
147,29,44:1365,1,47;1297,1,175;1212,3,6,16,25;1298,4,2,10,26,115;1367,1,215;1136,1,22;1299,1,38;1138,1,41;1282,1,65;1213,1,24;1253,1,122;1347,1,46;1009,2,123,144;1240,1,164;1082,1,164;1284,1,17;1170,1,58;1193,2,42,69;1148,1,345;1172,1,22;1287,1,197;1304,4,2,12,42,50;1327,1,137;1090,2,110,143;1306,3,2,14,94;1229,1,214;1032,1,192;1102,2,167,199;1155,2,165,233
174,13,24:1365,1,48;1268,2,9,21;1387,1,69;1359,1,61;1348,3,1,5,25;1161,2,254,433;1322,3,48,65,89;1349,5,67,72,85,96,104;1224,2,80,139;1278,1,92;1343,1,160;1306,1,75;1154,1,179
941,18,39:1365,1,49;1177,2,441,493;1347,1,134;1340,1,40;1162,1,67;1283,4,6,14,39,103;1205,1,260;1190,1,99;1041,6,3,12,24,121,159,176;1169,8,7,15,77,94,123,208,261,281;1326,1,59;1043,1,92;1121,1,274;1209,1,186;1048,4,145,370,481,545;1050,1,96;1210,3,54,74,150;1266,1,126
47,6,6:1365,1,56;1341,1,58;1168,1,95;1295,1,106;1255,1,236;1307,1,139
988,8,12:1365,2,62,88;1177,1,311;1353,1,20;1037,1,18;1242,3,50,79,132;1394,1,70;1198,1,114;1199,2,98,147
6336,1,1:1365,1,67
587,8,12:1365,1,72;1322,3,3,12,31;1165,1,24;1303,1,87;1083,2,157,163;1288,1,123;1127,1,95;1270,2,157,168
6832,2,2:1365,1,82;1238,1,141
3294,5,5:1365,1,86;1315,1,21;1080,1,107;1088,1,139;1103,1,58
4575,2,2:1365,1,89;1226,1,99
500,9,13:1365,1,96;1297,2,68,89;1252,1,30;1179,1,94;1168,2,11,28;1289,1,123;1266,1,230;1028,1,288;1332,3,2,10,22
2545,5,5:1365,1,97;1159,1,213;1369,1,104;1086,1,339;1172,1,82
515,11,15:1222,1,17;1252,1,52;1378,1,44;1213,1,184;1269,1,187;1274,1,219;1147,1,41;1020,4,31,174,196,259;1171,1,115;1025,2,2,21;1307,1,99
1551,1,1:1222,1,20
3202,1,1:1222,1,22
790,10,10:1222,1,40;1009,1,59;1275,1,263;1335,1,35;1341,1,42;1020,1,63;1337,1,91;1209,1,136;1280,1,45;1248,1,125
1282,12,13:1222,1,44;1297,1,277;1061,2,129,193;1036,1,82;1241,1,102;1205,1,240;1126,1,41;1040,1,106;1168,1,58;1220,1,88;1329,1,25;1330,1,43
3960,1,2:1222,2,47,168
1522,17,19:1222,1,56;1134,1,29;1114,1,106;1300,1,39;1340,1,50;1161,1,71;1272,1,42;1163,1,71;1242,1,173;1232,1,41;1326,1,50;1088,1,295;1288,2,43,106;1304,2,32,166;1094,1,62;1343,1,31;1247,1,124
3778,4,5:1222,1,58;1297,2,147,251;1252,1,112;1390,1,102
942,8,12:1222,1,60;1354,1,43;1167,1,272;1147,5,10,21,37,73,91;1169,1,61;1326,1,111;1304,1,156;1090,1,50
1395,9,11:1222,1,61;1381,1,108;1140,1,133;1214,1,60;1165,2,127,173;1217,1,103;1020,2,160,265;1128,1,127;1032,1,105
908,9,11:1222,1,76;1177,1,73;1182,1,168;1369,1,105;1166,1,177;1018,1,116;1267,3,9,22,33;1229,1,191;1103,1,112
4109,2,2:1222,1,77;1162,1,63
1287,6,6:1222,1,80;1312,1,55;1126,1,118;1048,1,251;1229,1,288;1153,1,99
660,7,8:1222,1,86;1067,1,119;1004,1,235;1204,2,98,118;1215,1,17;1322,1,86;1148,1,324
1737,1,1:1222,1,96
990,15,16:1222,1,97;1296,1,47;1157,1,34;1136,1,52;1299,1,138;1161,1,367;1224,1,130;1254,1,113;1242,2,8,19;1277,1,36;1021,1,34;1044,1,130;1195,1,77;1202,1,168;1097,1,73
2892,2,2:1222,1,110;1217,1,83
1588,7,9:1222,2,111,140;1312,1,113;1177,1,181;1292,2,177,183;1283,1,116;1235,1,282;1255,1,126
295,6,7:1222,1,115;1003,1,252;1235,1,274;1242,1,140;1048,1,657;1026,2,136,192
1625,4,6:1222,2,128,141;1117,2,51,140;1169,1,356;1326,1,120
653,27,30:1222,1,149;1058,1,94;1373,1,64;1061,1,344;1035,1,67;1347,1,114;1145,2,167,177;1185,1,48;1254,1,100;1013,1,87;1163,1,127;1082,1,195;1165,1,140;1015,1,81;1273,1,189;1293,1,106;1255,1,95;1088,1,194;1120,1,84;1149,1,297;1048,3,447,562,653;1026,1,309;1305,1,81;1343,1,95;1032,1,146;1103,1,84;1248,1,48
293,8,9:1222,1,160;1396,1,78;1058,1,98;1356,1,54;1026,1,315;1266,1,157;1030,2,100,214;1343,1,92
1135,5,5:1222,1,163;1072,1,279;1191,1,116;1229,1,190;1103,1,111
2696,17,24:1222,1,165;1230,1,50;1212,1,85;1298,1,21;1268,1,142;1367,2,146,157;1059,2,59,80;1384,2,2,9;1114,1,119;1213,4,6,16,45,191;1239,1,102;1286,1,182;1091,1,31;1052,1,202;1202,1,200;1270,1,108;1229,2,121,310
978,17,18:1222,1,173;1367,1,131;1179,1,54;1140,1,70;1076,1,86;1185,1,74;1165,2,143,174;1218,1,111;1295,1,88;1172,1,47;1048,1,430;1174,1,121;1200,1,191;1029,1,104;1175,1,127;1280,1,67;1229,1,217
4933,2,2:1222,1,186;1014,1,179
6833,1,1:1222,1,187
1525,7,7:1222,1,188;1215,1,44;1165,1,151;1086,1,266;1245,1,41;1290,1,164;1032,1,221
4392,4,6:1311,1,14;1133,1,15;1189,3,6,17,29;1086,1,99
3612,3,5:1311,3,15,55,60;1376,1,90;1394,1,96
1279,3,6:1311,1,33;1322,4,39,59,81,107;1227,1,47
345,32,37:1311,1,40;1177,1,61;1297,2,206,294;1212,1,75;1282,1,48;1213,1,151;1003,1,167;1262,1,110;1036,1,105;1216,1,38;1009,1,54;1010,2,44,136;1038,1,21;1144,1,56;1224,1,41;1184,1,66;1324,1,76;1014,2,156,264;1082,1,222;1020,2,9,23;1255,1,108;1120,2,17,47;1208,1,73;1048,1,538;1093,1,129;1382,1,118;1198,1,65;1199,1,63;1266,1,99;1371,1,41;1281,1,46;1249,1,59
363,12,16:1311,1,43;1354,1,113;1215,1,168;1362,1,148;1274,2,73,196;1232,2,1,14;1169,1,328;1255,1,48;1127,2,59,219;1343,1,24;1363,1,162;1155,2,194,215
454,49,66:1311,1,44;1338,2,40,52;1059,2,74,92;1001,2,176,185;1380,1,37;1223,1,22;1114,1,91;1064,1,28;1378,1,34;1381,5,34,47,60,71,101;1213,3,2,12,46;1179,2,118,138;1125,1,177;1140,1,31;1347,1,91;1231,1,60;1161,1,33;1360,1,25;1283,1,131;1184,1,96;1225,1,43;1118,1,174;1119,1,52;1084,1,208;1020,1,182;1192,1,120;1276,1,116;1326,1,102;1255,1,98;1127,1,258;1327,1,141;1046,1,12;1047,2,46,53;1209,1,287;1092,1,146;1245,1,51;1026,2,243,281;1198,1,97;1386,2,75,253;1027,2,101,130;1096,2,190,201;1306,1,60;1175,1,129;1352,1,41;1290,1,34;1229,1,167;1363,1,133;1154,3,6,26,45;1221,1,43
4279,4,4:1311,1,47;1268,1,90;1303,1,111;1099,1,90
1172,8,8:1311,1,51;1224,1,75;1302,1,138;1209,1,277;1199,1,137;1174,1,113;1363,1,38;1154,1,183
2864,1,1:1311,1,54
1614,11,11:1311,1,62;1391,1,94;1223,1,111;1392,1,49;1319,1,79;1359,1,103;1186,1,82;1210,1,161;1174,1,74;1306,1,39;1154,1,220
2559,3,3:1311,1,72;1189,1,82;1088,1,253
2619,4,4:1132,1,15;1124,1,82;1357,1,19;1048,1,661
178,37,43:1132,1,22;1312,1,101;1213,2,48,118;1159,3,68,161,238;1072,1,192;1238,1,163;1215,1,270;1347,1,155;1161,1,57;1144,1,80;1146,1,106;1184,1,163;1376,1,43;1235,1,236;1187,1,170;1164,1,87;1232,1,54;1167,1,280;1394,2,25,128;1336,2,159,186;1326,1,55;1088,1,247;1121,1,116;1351,1,31;1327,1,68;1337,2,105,119;1048,1,41;1026,1,256;1305,1,117;1332,1,72;1100,1,76;1032,1,282;1102,1,45;1154,1,222;1291,1,145;1155,1,204;1334,1,128
1372,9,9:1132,1,23;1320,1,88;1187,1,171;1351,1,32;1327,1,69;1048,1,42;1332,1,73;1100,1,77;1281,1,66
2248,4,5:1132,1,30;1074,1,160;1205,2,195,248;1023,1,48
225,12,15:1132,1,32;1114,1,226;1066,3,10,40,71;1079,1,98;1013,1,135;1083,1,209;1286,1,117;1276,1,20;1148,2,87,152;1194,1,71;1051,1,188;1174,1,202
791,29,34:1132,1,34;1396,1,73;1251,1,46;1113,1,85;1138,1,61;1070,1,211;1181,1,135;1142,2,111,121;1161,1,412;1079,1,290;1184,1,124;1272,1,80;1323,2,69,79;1118,1,61;1241,1,116;1165,2,126,172;1083,1,203;1084,1,268;1243,1,104;1147,2,60,70;1191,1,177;1148,2,326,357;1045,1,135;1233,1,87;1266,1,223;1305,1,57;1153,1,113;1154,1,180;1155,1,51
509,9,10:1132,1,35;1009,1,261;1077,1,81;1376,1,118;1205,1,297;1164,1,106;1351,1,48;1245,1,65;1229,2,122,236
6282,1,1:1132,1,40
1851,2,2:1132,1,44;1213,1,158
2402,6,6:1132,1,51;1338,1,67;1074,1,45;1255,1,66;1048,1,649;1210,1,112
332,1,1:1133,1,22
6834,1,1:1133,1,25
6294,3,3:1133,1,35;1263,1,44;1351,1,26
137,47,68:1133,1,42;1333,3,6,20,35;1312,1,23;1396,1,30;1177,2,204,353;1373,1,33;1379,1,91;1316,1,33;1212,1,37;1298,2,48,52;1268,1,199;1157,3,2,7,25;1138,2,7,16;1140,1,57;1398,1,44;1262,2,80,91;1182,1,119;1143,1,71;1145,1,56;1146,1,87;1349,1,59;1224,1,38;1184,1,188;1272,1,61;1118,2,30,82;1126,4,29,49,80,138;1325,1,74;1335,1,41;1169,1,46;1276,2,30,40;1120,1,111;1127,1,84;1090,2,54,239;1048,2,158,513;1279,1,147;1026,1,228;1329,1,39;1382,2,36,59;1386,4,7,15,32,143;1094,1,119;1031,1,111;1054,2,85,123;1129,1,76;1228,1,68;1270,1,61;1154,2,130,158;1250,1,78
3653,5,5:1133,1,48;1384,1,79;1238,1,192;1147,1,176;1304,1,153
3791,3,4:1133,1,52;1215,1,20;1388,2,37,73
1869,12,12:1133,1,54;1296,1,79;1212,1,102;1251,1,83;1299,1,118;1003,1,79;1068,1,132;1143,1,99;1283,1,83;1269,1,154;1090,1,131;1250,1,33
29,4,5:1133,1,55;1135,1,76;1381,2,5,14;1320,1,82
6835,3,3:1133,1,61;1354,1,128;1303,1,102
854,11,13:1133,2,63,71;1239,1,27;1235,1,249;1325,1,88;1275,1,57;1192,1,76;1048,1,624;1092,2,46,135;1094,1,91;1270,1,75;1280,1,84
79,12,22:1133,1,65;1353,1,65;1314,2,6,14;1316,4,6,18,42,63;1004,1,138;1073,4,10,23,34,44;1340,1,34;1084,2,60,252;1167,3,12,25,157;1197,1,139;1361,1,68;1247,1,166
821,24,41:1133,2,73,76;1353,1,91;1268,1,39;1066,2,123,170;1035,1,112;1159,2,61,123;1347,2,81,179;1009,1,131;1079,1,181;1080,3,141,155,169;1116,1,101;1117,1,30;1188,3,45,49,66;1302,1,199;1018,1,76;1019,1,59;1020,2,201,248;1342,1,147;1287,1,255;1233,2,26,100;1330,1,58;1031,2,67,80;1390,3,70,88,96;1156,5,27,38,126,140,152
1325,6,8:1133,1,74;1204,1,71;1009,3,12,24,135;1164,1,60;1051,1,94;1032,1,85
2302,6,6:1133,1,75;1252,1,79;1204,1,76;1235,1,108;1090,1,237;1048,1,112
2787,2,2:1133,1,81;1252,1,96
6836,2,2:1133,1,86;1134,1,57
5618,2,2:1133,1,89;1179,1,90
3559,9,25:1133,2,92,110;1134,4,19,82,92,120;1137,2,60,91;1142,4,5,17,31,83;1160,2,4,22;1319,3,15,37,60;1263,3,4,11,17;1322,1,41;1349,4,3,18,34,122
703,2,2:1133,1,94;1147,1,28
496,23,25:1133,1,96;1391,1,30;1177,1,64;1124,1,81;1298,1,65;1157,1,115;1178,1,66;1063,1,68;1114,1,140;1262,1,58;1347,1,191;1077,1,79;1183,1,31;1303,1,72;1084,1,217;1168,1,36;1191,1,18;1394,1,48;1255,1,30;1327,1,150;1207,1,83;1363,2,47,130;1390,2,17,114
666,28,57:1133,1,113;1297,2,183,282;1223,1,68;1355,1,121;1115,6,172,184,192,201,211,227;1204,2,128,142;1180,1,105;1146,1,153;1301,1,77;1186,3,120,121,133;1187,1,601;1014,5,10,30,74,134,152;1165,1,90;1168,1,136;1294,2,66,72;1295,2,118,153;1089,5,3,13,30,73,99;1287,1,202;1195,1,257;1196,1,134;1047,1,37;1092,2,113,118;1198,4,9,24,82,106;1199,3,8,22,84;1028,4,73,80,103,176;1383,1,11;1129,1,192;1248,2,46,57
6837,1,3:1338,3,3,11,22
1875,10,17:1338,2,6,14;1268,1,99;1252,1,33;1360,3,189,195,212;1016,3,4,17,54;1243,2,28,107;1287,1,41;1247,1,138;1156,2,134,146;1372,1,40
2139,4,7:1338,4,8,16,25,62;1213,1,25;1362,1,158;1276,1,121
4490,4,4:1338,1,18;1373,1,77;1082,1,204;1305,1,127
1188,11,14:1338,1,20;1282,2,5,25;1319,2,8,30;1183,1,133;1086,1,102;1255,1,110;1351,1,50;1386,2,20,202;1331,1,73;1306,1,67;1154,1,139
1826,8,10:1338,1,39;1161,1,35;1118,2,147,172;1275,1,163;1147,2,59,69;1045,1,87;1046,1,20;1176,1,122
6838,1,1:1338,1,51
76,10,10:1338,1,53;1333,1,91;1230,1,93;1158,1,24;1004,1,208;1125,1,172;1141,1,81;1388,1,26;1224,1,112;1048,1,137
1016,16,18:1338,1,54;1297,1,374;1268,2,139,155;1299,1,43;1161,1,303;1224,2,53,113;1301,1,55;1044,1,93;1227,1,50;1094,1,39;1174,1,158;1096,1,161;1371,1,32;1228,1,47;1280,1,105;1229,1,52
792,13,19:1338,1,56;1058,1,210;1230,1,145;1212,1,58;1347,1,74;1283,1,75;1376,1,125;1235,1,155;1205,7,2,13,126,144,172,194,205;1147,1,208;1206,1,115;1024,1,205;1090,1,68
6839,1,1:1338,1,61
1195,18,25:1338,1,64;1134,3,187,195,211;1058,2,67,131;1113,1,132;1237,3,57,90,94;1385,1,49;1009,1,96;1240,2,123,141;1269,1,89;1126,1,155;1014,1,270;1165,1,86;1017,1,141;1147,1,105;1264,1,139;1149,1,91;1266,1,89;1343,2,84,91
696,5,5:1338,1,72;1373,1,110;1158,1,93;1161,1,377;1229,1,103
1518,5,5:1338,1,74;1252,1,46;1205,1,235;1045,1,151;1090,1,177
1041,20,27:1338,1,76;1134,1,45;1297,1,109;1060,1,42;1178,3,14,46,77;1366,4,8,16,24,60;1072,1,187;1161,1,301;1185,1,21;1241,1,38;1275,1,71;1193,1,63;1088,1,175;1120,1,260;1287,1,195;1350,1,72;1337,1,54;1227,2,95,181;1027,1,201;1390,2,40,58
1269,3,6:1338,1,95;1127,1,174;1094,4,10,21,33,120
3925,2,4:1338,1,103;1360,3,251,268,283
1808,10,16:1338,1,104;1177,6,53,189,226,300,335,384;1113,1,88;1142,1,71;1339,1,111;1143,1,89;1225,1,107;1048,2,265,410;1099,1,107;1156,1,160
2852,3,3:1338,1,106;1198,1,71;1199,1,69
2589,2,2:1338,1,112;1053,1,207
2682,7,17:1333,5,4,18,33,59,75;1114,1,247;1262,4,68,71,75,85;1077,1,110;1171,2,53,222;1277,2,9,18;1375,2,8,16
1888,2,3:1333,2,14,28;1118,1,245
1442,10,11:1333,1,38;1134,1,95;1381,1,119;1139,1,89;1081,1,76;1083,1,140;1220,1,103;1195,2,144,248;1383,1,99;1155,1,159
3418,2,2:1333,1,44;1272,1,35
1151,3,4:1333,1,50;1355,2,88,105;1228,1,205
610,1,1:1333,1,51
1178,4,4:1333,1,53;1251,1,50;1087,1,37;1194,1,158
1058,7,8:1333,1,63;1269,1,239;1187,1,184;1127,1,148;1026,2,215,305;1233,1,40;1175,1,114
1220,6,6:1333,1,64;1254,1,38;1323,1,50;1235,1,160;1187,1,249;1370,1,152
1767,6,6:1333,1,72;1002,1,75;1003,1,273;1125,1,179;1238,1,64;1262,1,55
5323,1,1:1333,1,79
377,27,75:1333,2,89,105;1114,9,5,39,48,82,162,186,204,229,238;1125,1,85;1340,1,35;1359,8,15,30,40,46,54,79,88,113;1036,1,88;1075,6,12,31,57,75,81,96;1037,2,55,99;1077,1,76;1269,1,102;1118,4,51,86,195,226;1082,1,87;1166,1,172;1085,4,7,17,56,81;1192,1,247;1264,3,37,87,104;1277,3,32,81,200;1043,1,70;1120,1,178;1021,3,10,24,115;1289,4,19,38,59,122;1048,6,268,319,413,443,470,561;1375,1,66;1279,5,10,20,34,63,150;1227,2,77,91;1091,2,2,6;1050,1,68
4072,3,3:1333,1,95;1116,1,189;1374,1,40
4173,1,1:1333,1,96
565,34,57:1333,1,102;1312,8,35,57,120,122,133,146,178,193;1134,1,271;1177,1,45;1230,1,85;1139,2,38,93;1115,2,103,166;1358,2,74,91;1181,2,87,185;1161,1,76;1007,1,83;1183,2,42,53;1184,1,172;1235,1,135;1187,4,219,268,279,449;1274,1,91;1084,3,49,194,212;1018,2,35,144;1232,1,84;1086,1,110;1169,3,138,165,346;1043,1,204;1195,1,196;1121,1,113;1149,1,265;1206,1,74;1196,2,30,75;1025,1,80;1048,1,465;1050,1,209;1233,1,30;1246,1,232;1028,3,10,20,42;1352,1,70
719,45,89:1333,1,109;1203,3,37,45,77;1135,2,7,24;1212,3,9,19,34;1298,3,7,15,37;1268,4,5,17,35,190;1317,3,4,9,16;1299,1,90;1137,1,21;1063,3,10,27,61;1355,3,13,31,44;1378,3,4,12,29;1139,2,52,112;1179,1,26;1204,1,77;1071,1,20;1141,1,20;1345,4,8,18,33,53;1142,3,7,19,33;1359,1,39;1143,1,29;1388,3,5,11,20;1009,1,133;1076,3,15,40,101;1144,3,10,27,46;1145,3,4,16,39;1146,1,33;1263,3,6,13,19;1240,1,187;1014,1,43;1242,1,67;1303,1,35;1166,1,35;1232,1,38;1377,1,69;1294,1,39;1226,3,10,28,49;1120,1,177;1265,3,6,15,24;1196,1,73;1047,3,3,12,30;1197,1,56;1090,3,6,17,32;1267,3,4,17,28;1332,1,88
1548,6,8:1333,1,113;1135,1,209;1014,3,91,98,119;1210,1,118;1097,1,93;1307,1,60
3664,3,5:1333,1,119;1213,3,97,149,168;1360,1,140
5965,7,10:1312,1,16;1058,1,47;1296,1,24;1135,2,5,22;1262,1,30;1182,2,4,14;1247,2,78,165
1501,31,59:1312,2,17,82;1177,2,142,334;1314,1,42;1135,2,60,113;1001,1,77;1136,3,9,19,35;1299,4,4,12,26,91;1137,1,49;1114,1,125;1005,2,47,70;1140,2,4,12;1141,1,21;1238,2,49,106;1345,3,9,19,34;1262,3,6,16,31;1346,3,9,21,58;1142,3,8,20,34;1160,2,6,24;1319,1,62;1339,1,25;1182,1,68;1143,1,30;1144,3,11,28,47;1145,3,5,17,40;1146,2,4,13;1360,3,6,14,32;1205,1,301;1341,1,168;1171,1,154;1233,2,27,101;1332,1,59
2146,25,51:1312,2,18,73;1391,1,102;1373,2,8,17;1353,1,54;1354,1,166;1379,3,27,50,61;1124,1,23;1230,1,174;1251,1,30;1252,3,78,106,163;1299,2,49,141;1138,3,28,51,64;1238,1,50;1345,3,10,20,35;1346,2,10,22;1142,7,9,21,35,46,58,68,86;1339,2,26,44;1347,1,97;1340,2,5,11;1143,1,31;1144,1,48;1145,4,41,74,157,182;1360,1,87;1304,4,4,14,162,173;1331,1,93
6840,1,1:1312,1,44
3237,1,1:1312,1,45
1276,7,13:1312,2,56,119;1001,3,234,313,322;1180,1,185;1140,1,90;1322,2,77,113;1150,3,197,242,254;1201,1,191
6841,3,3:1312,1,62;1134,1,255;1160,1,105
6842,1,1:1312,1,69
897,11,16:1312,1,71;1114,4,233,269,304,317;1003,2,38,100;1357,1,40;1235,1,188;1127,1,161;1046,1,55;1233,2,54,57;1382,1,77;1030,1,313;1228,1,203
5243,8,14:1312,1,74;1314,1,56;1316,2,12,24;1262,1,139;1214,3,8,16,29;1051,1,83;1330,3,9,20,38;1390,2,2,8
5843,8,21:1312,1,78;1314,3,7,15,55;1315,4,6,13,16,39;1316,3,11,23,43;1344,2,6,16;1346,1,87;1181,4,4,10,17,37;1214,3,7,15,28
2384,3,3:1312,1,81;1120,1,20;1350,1,18
6347,1,1:1312,1,83
793,4,4:1312,1,84;1297,1,143;1169,1,268;1098,1,69
2657,6,8:1312,1,89;1157,1,21;1252,1,152;1302,1,194;1029,1,71;1096,3,20,46,74
2021,9,28:1312,1,90;1315,2,5,12;1316,2,47,52;1346,1,102;1181,3,47,60,200;1214,6,4,12,49,58,91,99;1143,3,3,12,39;1144,3,17,34,52;1145,7,12,24,31,90,124,146,149
36,2,2:1312,1,91;1306,1,139
62,30,64:1312,1,92;1396,2,31,46;1203,1,70;1314,1,29;1316,1,70;1005,2,60,133;1115,1,150;1140,1,83;1072,1,278;1239,3,122,128,137;1214,2,54,103;1073,2,62,77;1146,1,82;1369,1,54;1085,1,93;1218,2,2,12;1243,1,102;1191,12,33,75,99,126,135,267,281,298,308,333,382,421;1192,1,193;1336,3,83,134,145;1393,1,78;1207,3,9,19,30;1175,1,88;1103,5,8,31,127,150,202;1155,1,326;1397,2,1,15;1249,3,2,15,35;1156,2,6,15;1372,2,7,14;1250,4,3,16,41,93
3963,10,13:1312,1,94;1134,1,79;1203,1,18;1252,1,82;1072,4,22,39,109,128;1238,1,93;1160,1,95;1127,1,135;1343,1,133;1247,1,92
652,10,11:1312,2,95,154;1136,1,45;1071,1,17;1162,1,125;1184,1,157;1117,1,92;1090,1,77;1209,1,256;1228,1,117;1102,1,230
6784,2,2:1312,1,105;1117,1,111
644,5,6:1312,1,114;1214,1,128;1147,1,107;1285,1,28;1329,2,135,159
185,14,14:1312,1,121;1297,1,248;1299,1,77;1159,1,274;1262,1,119;1320,1,24;1077,1,86;1147,1,85;1350,1,85;1327,1,48;1375,1,77;1382,1,215;1270,1,198;1153,1,71
866,13,22:1312,5,123,134,147,179,194;1253,1,67;1182,1,107;1161,1,155;1225,1,131;1118,3,105,192,223;1189,1,63;1275,2,195,226;1336,1,205;1226,3,4,22,43;1032,1,193;1101,1,149;1176,1,165
789,16,20:1312,1,126;1061,1,313;1300,2,8,21;1262,1,73;1292,1,202;1146,1,104;1183,1,152;1117,1,29;1169,1,363;1336,3,6,13,30;1088,1,19;1386,1,59;1151,1,41;1228,1,37;1101,1,300;1155,2,162,174
3056,1,2:1312,2,135,141
801,13,15:1312,1,155;1367,1,93;1299,1,130;1142,1,91;1231,1,27;1360,1,135;1187,1,264;1284,1,66;1015,1,132;1169,1,166;1382,3,137,151,157;1247,1,99;1155,1,249
1954,4,4:1312,1,167;1161,1,160;1227,1,169;1050,1,156
6843,1,1:1312,1,169
314,4,5:1312,2,173,191;1076,1,114;1210,1,73;1202,1,160
1085,7,7:1312,1,197;1297,1,406;1074,1,247;1301,1,34;1150,1,227;1031,1,110;1154,1,57
1466,5,5:1134,1,31;1059,1,77;1114,1,94;1284,1,34;1088,1,206
2265,8,23:1134,3,39,152,280;1001,1,115;1381,1,117;1376,5,9,21,52,57,155;1022,2,39,118;1127,1,244;1128,8,4,12,43,76,104,116,120,267;1150,2,17,35
3164,2,3:1134,2,40,136;1263,1,43
336,1,3:1134,3,42,141,220
6844,1,5:1134,5,47,159,224,240,281
6845,1,1:1134,1,51
6846,1,1:1134,1,52
98,7,7:1134,1,54;1297,1,26;1303,1,97;1194,1,164;1209,1,230;1229,1,206;1390,1,124
6357,1,1:1134,1,62
6359,2,2:1134,1,64;1373,1,20
538,9,11:1134,1,67;1340,1,48;1163,1,108;1376,2,29,144;1167,2,78,97;1191,1,114;1276,1,125;1127,1,168;1099,1,97
6847,1,1:1134,1,73
1793,6,6:1134,1,76;1082,1,129;1043,1,194;1050,1,198;1051,1,155;1101,1,291
649,53,75:1134,1,108;1379,2,29,113;1297,1,73;1252,2,61,110;1367,1,102;1059,1,52;1001,5,111,136,233,256,309;1061,2,113,252;1223,1,113;1159,5,40,58,84,97,153;1180,1,183;1141,1,35;1347,1,36;1012,1,29;1146,1,38;1184,1,78;1185,1,111;1376,1,67;1241,2,109,132;1187,1,470;1205,2,128,141;1232,1,72;1167,1,66;1168,1,179;1169,3,196,307,348;1336,1,61;1295,1,82;1255,1,105;1148,1,169;1172,1,85;1120,3,107,142,194;1173,1,136;1337,1,51;1207,1,144;1024,1,56;1196,2,50,153;1090,1,69;1209,1,66;1048,3,72,174,208;1092,2,28,139;1128,1,91;1026,1,67;1233,1,110;1246,1,61;1028,1,178;1031,2,30,137;1054,1,164;1129,1,107;1175,1,70;1102,1,68;1154,1,52;1155,1,301;1156,1,21
3303,1,2:1134,2,109,117
251,13,15:1134,2,110,177;1059,1,54;1005,1,143;1323,1,74;1084,1,72;1086,1,182;1286,1,222;1088,1,34;1350,1,22;1023,1,89;1195,2,121,222;1047,1,49;1122,1,93
290,34,45:1134,1,114;1177,1,146;1379,1,107;1060,1,112;1061,1,343;1003,1,260;1115,1,241;1231,3,3,13,31;1143,1,86;1007,1,86;1075,1,93;1037,1,128;1080,2,69,184;1360,2,199,216;1183,1,136;1283,1,43;1301,1,36;1235,2,142,283;1014,1,108;1015,1,98;1273,2,85,129;1017,1,236;1086,1,25;1264,1,76;1226,1,189;1148,2,66,84;1043,2,146,191;1220,1,45;1194,2,87,90;1050,2,149,195;1233,1,68;1102,2,171,203;1291,1,148;1334,1,42
2642,2,2:1134,1,118;1074,1,211
5146,1,1:1134,1,138
6848,1,1:1134,1,139
6849,2,2:1134,1,140;1116,1,193
1237,6,14:1134,4,144,231,258,274;1204,1,131;1188,4,10,25,43,93;1244,2,12,29;1128,2,84,98;1329,1,58
6066,1,5:1134,5,145,153,259,263,275
720,13,20:1134,2,147,155;1379,1,58;1296,2,58,64;1060,1,115;1114,1,183;1004,1,100;1182,2,131,150;1145,1,100;1283,1,92;1194,3,103,111,119;1197,1,181;1236,1,60;1099,3,85,218,300
567,14,15:1134,1,150;1058,1,145;1001,1,288;1070,1,157;1180,1,213;1039,1,179;1264,1,102;1171,1,203;1277,2,113,168;1220,1,139;1023,1,96;1051,1,202;1201,1,147;1156,1,94
1251,6,8:1134,2,162,223;1158,1,34;1011,1,188;1079,2,149,266;1053,1,149;1031,1,66
2314,3,4:1134,1,163;1339,1,108;1074,2,158,188
448,10,18:1134,1,166;1001,6,17,47,116,139,217,252;1344,1,63;1357,1,50;1238,1,161;1165,1,115;1127,1,176;1150,2,152,160;1174,3,78,81,128;1201,1,48
3285,1,4:1134,4,171,185,233,270
826,4,4:1134,1,178;1180,1,98;1174,1,169;1156,1,204
744,17,24:1134,1,203;1396,1,61;1137,1,84;1140,1,63;1345,1,59;1346,2,4,16;1073,1,120;1185,1,50;1376,1,109;1274,2,115,185;1017,1,178;1286,5,3,17,31,144,163;1304,1,69;1092,2,29,129;1343,1,143;1099,1,98;1155,1,195
6850,1,1:1134,1,204
5879,2,2:1134,1,206;1148,1,71
616,4,8:1134,1,208;1230,3,76,133,161;1317,2,1,6;1181,2,86,184
1732,2,2:1134,1,210;1003,1,132
1884,2,3:1134,1,228;1013,2,44,154
2353,7,9:1134,2,244,265;1125,1,58;1182,2,31,165;1161,1,362;1030,1,154;1031,1,47;1054,1,63
1021,7,10:1134,1,247;1368,2,26,47;1144,1,62;1283,1,87;1147,2,26,83;1393,2,57,97;1046,1,99
1215,1,1:1134,1,277
329,22,46:1391,3,2,10,55;1396,2,2,10;1203,2,2,10;1058,2,2,10;1177,2,2,10;1353,2,2,10;1354,2,2,10;1314,1,28;1061,2,47,135;1073,1,76;1076,3,14,39,100;1039,2,110,146;1325,3,9,25,75;1147,1,139;1288,1,88;1152,3,8,17,40;1103,1,241;1155,1,252;1397,3,13,27,99;1249,3,12,25,49;1372,3,3,10,32;1250,3,12,25,47
2861,11,22:1391,2,6,14;1396,2,6,14;1203,2,6,14;1058,2,6,14;1177,2,6,14;1353,2,6,14;1354,2,6,14;1379,1,79;1251,1,28;1252,2,14,161;1304,4,3,13,79,161
6851,2,2:1391,1,19;1304,1,99
4293,1,1:1391,1,20
6852,2,2:1391,1,21;1055,1,82
6853,1,1:1391,1,22
6137,1,1:1391,1,23
2467,1,1:1391,1,24
6854,1,1:1391,1,25
6855,1,1:1391,1,26
2839,1,1:1391,1,28
6856,1,1:1391,1,29
4879,2,2:1391,1,31;1298,1,66
2601,3,3:1391,1,34;1291,1,76;1176,1,210
1467,9,10:1391,2,37,72;1268,1,113;1367,1,211;1283,1,101;1272,1,45;1241,1,108;1255,1,89;1278,1,86;1028,1,165
5909,7,13:1391,1,43;1373,1,99;1354,1,74;1297,1,324;1360,7,48,71,98,121,160,239,276;1092,1,98;1155,1,62
747,12,14:1391,1,45;1253,1,31;1347,2,18,143;1340,1,22;1335,1,92;1220,1,58;1128,1,188;1382,1,84;1307,1,26;1363,1,36;1390,1,74;1156,2,20,121
1745,12,13:1391,1,48;1061,1,95;1002,1,173;1282,1,42;1387,1,16;1369,1,86;1393,1,56;1209,1,134;1361,1,27;1279,1,59;1028,1,136;1331,2,1,12
1556,1,1:1391,1,58
1787,11,13:1391,1,60;1078,1,124;1011,1,114;1146,1,137;1360,1,219;1085,1,34;1147,1,143;1053,1,195;1096,1,95;1151,3,8,17,47;1152,1,29
5156,3,6:1391,1,61;1187,4,112,322,509,527;1341,1,106
638,24,26:1391,1,63;1297,1,337;1062,1,115;1384,1,88;1072,1,86;1215,1,218;1385,1,46;1183,1,188;1162,2,93,121;1082,1,136;1165,1,83;1119,1,110;1087,1,167;1286,1,101;1255,1,116;1287,2,104,191;1195,1,174;1048,1,280;1227,1,131;1199,1,102;1305,1,106;1383,1,86;1053,1,220;1097,1,197
1823,6,6:1391,1,64;1161,1,417;1360,1,79;1052,1,165;1053,1,221;1032,1,117
2157,10,12:1391,1,70;1178,1,71;1392,1,28;1213,3,4,14,189;1273,1,138;1295,1,86;1046,1,16;1206,1,147;1289,1,105;1390,1,20
291,21,32:1391,1,81;1297,1,357;1212,1,54;1268,1,74;1282,2,7,27;1072,1,235;1346,1,45;1142,1,123;1360,2,139,265;1013,1,78;1039,2,108,144;1192,1,241;1220,2,113,163;1121,1,90;1304,1,86;1207,2,95,182;1209,1,47;1026,1,148;1202,4,3,18,121,142;1307,1,86;1155,4,5,28,169,253
535,7,7:1391,1,82;1274,1,178;1243,1,72;1336,1,102;1173,1,59;1307,1,65;1032,1,57
4339,2,2:1391,1,84;1184,1,135
3544,2,2:1391,1,86;1274,1,187
819,5,5:1391,1,96;1177,1,87;1253,1,116;1269,1,222;1390,1,68
2459,2,2:1391,1,101;1183,1,143
43,118,366:1391,1,106;1177,2,282,323;1373,1,96;1297,2,140,253;1230,2,9,153;1298,2,43,86;1268,2,82,122;1252,1,117;1367,1,264;1061,2,106,386;1282,4,14,34,53,88;1223,1,91;1114,1,146;1064,1,44;1069,3,30,71,86;1005,1,35;1115,3,13,37,141;1300,4,4,17,34,141;1006,1,38;1292,9,3,7,27,36,67,106,121,137,152;1009,11,6,18,26,68,74,80,105,108,166,203,237;1010,5,9,27,66,85,140;1037,1,155;1224,2,57,81;1162,1,72;1240,5,6,14,28,40,103;1184,2,36,89;1272,4,12,25,37,55;1254,2,3,13;1013,1,76;1225,1,92;1186,4,9,25,41,72;1235,1,89;1118,4,7,19,41,68;1241,2,45,121;1082,6,5,20,40,67,167,179;1302,3,65,121,222;1284,2,36,48;1015,3,1,12,56;1016,1,74;1039,3,106,142,214;1242,1,55;1369,3,24,73,77;1273,1,207;1303,1,106;1083,7,1,10,32,49,60,111,145;1166,3,103,108,137;1274,1,164;1084,12,12,28,53,75,98,124,171,182,191,221,242,277;1275,5,6,21,39,90,245;1190,3,6,16,38;1218,1,61;1167,6,47,81,102,113,172,276;1335,2,4,17;1243,3,8,21,38;1168,6,7,24,43,71,108,160;1293,6,3,12,21,34,103,121;1394,1,164;1020,1,116;1169,1,295;1192,1,12;1336,1,89;1276,4,4,13,27,68;1264,3,3,8,26;1295,1,97;1326,4,7,23,44,91;1255,6,9,23,38,69,113,230;1170,1,64;1171,8,10,21,35,74,109,124,198,250;1277,4,1,10,27,75;1148,9,11,23,35,222,238,275,297,302,312;1088,1,93;1370,1,67;1043,1,208;1220,6,6,13,24,111,147,161;1288,5,40,81,103,130,228;1173,3,4,15,25;1194,2,7,22;1023,1,69;1121,1,112;1149,4,6,20,66,111;1206,6,2,9,30,55,88,136;1207,4,5,15,25,102;1197,1,67;1209,1,45;1361,3,9,22,36;1048,1,436;1050,1,213;1128,7,5,13,44,85,105,117,192;1150,6,9,27,42,103,117,214;1093,1,91;1245,3,11,23,34;1026,4,62,146,221,346;1200,1,186;1201,1,212;1053,2,167,179;1030,4,51,242,275,302;1031,1,131;1054,1,76;1202,6,1,16,41,94,140,218;1097,9,11,23,37,61,80,145,172,195,218;1307,5,6,13,21,81,111;1175,5,4,16,35,143,178;1352,1,24;1228,3,7,15,92;1290,1,27;1270,4,12,25,121,149;1229,2,95,221;1100,1,70;1101,5,6,32,64,132,292;1308,10,9,28,47,98,112,126,189,251,256,322;1102,9,6,15,28,42,65,92,145,151,187;1363,5,7,24,55,72,167;1281,3,7,15,23;1154,5,10,30,48,214,243;1103,1,108;1334,3,32,54,102;1056,1,57
4123,2,2:1396,1,22;1163,1,18
4367,6,6:1396,1,48;1368,1,79;1302,1,83;1083,1,135;1220,1,169;1045,1,179
2087,5,5:1396,1,69;1297,1,99;1251,1,42;1325,1,42;1382,1,122
601,20,30:1396,1,71;1358,3,6,25,53;1283,1,91;1187,2,7,22;1015,1,76;1189,1,55;1040,1,228;1325,1,41;1167,2,235,239;1086,1,120;1087,2,73,79;1395,3,1,8,23;1287,3,3,13,34;1195,2,60,164;1150,1,200;1026,1,308;1200,1,92;1054,1,165;1032,1,152;1221,1,75
53,18,28:1396,1,72;1251,1,45;1138,1,60;1067,1,198;1068,4,55,121,147,173;1013,1,170;1376,1,140;1118,1,185;1284,1,70;1167,1,53;1020,1,48;1336,1,110;1342,2,143,175;1295,1,78;1193,1,50;1088,4,73,151,188,214;1028,1,49;1102,4,139,163,192,219
6233,4,4:1396,1,79;1230,1,66;1159,1,134;1346,1,51
513,39,67:1396,1,86;1113,3,17,37,51;1001,2,69,142;1178,1,164;1318,3,12,29,57;1065,4,15,33,38,111;1070,2,132,217;1262,1,133;1007,1,123;1009,1,209;1010,1,134;1038,1,75;1078,4,14,38,64,83;1011,4,13,36,62,74;1079,8,20,45,78,108,144,147,168,228;1012,1,103;1184,1,85;1225,1,75;1163,1,32;1235,2,42,150;1118,1,181;1082,1,76;1273,2,52,194;1040,1,222;1274,1,202;1191,1,19;1342,1,43;1171,1,160;1148,1,196;1172,1,101;1120,1,167;1021,1,52;1044,1,116;1121,2,69,213;1289,1,87;1279,1,60;1330,4,10,21,39,115;1030,1,116;1280,1,48
863,7,7:1396,1,88;1061,1,381;1189,1,26;1303,1,128;1023,1,66;1382,1,186;1266,1,160
1019,11,12:1396,1,90;1135,1,166;1182,1,167;1385,1,23;1183,1,28;1275,1,48;1190,1,58;1342,2,39,111;1193,1,126;1278,1,95;1154,1,246
366,14,14:1203,1,20;1298,1,70;1061,1,364;1063,1,43;1065,1,110;1003,1,206;1339,1,82;1079,1,143;1117,1,32;1024,1,96;1209,1,242;1095,1,187;1102,1,179;1250,1,99
12,66,120:1203,1,22;1058,3,34,195,238;1177,1,195;1113,2,9,29;1061,2,225,272;1062,1,154;1282,1,81;1318,3,2,19,49;1003,4,13,27,183,226;1004,1,179;1005,1,91;1010,1,38;1037,2,114,136;1349,2,15,30;1240,1,191;1301,1,42;1225,1,113;1186,1,129;1118,1,109;1241,1,94;1082,1,58;1039,1,203;1273,4,2,11,26,72;1274,1,94;1017,2,138,232;1018,2,39,108;1218,1,113;1232,3,5,18,81;1167,1,179;1341,1,46;1020,2,73,213;1169,4,31,104,314,351;1377,1,50;1342,1,179;1226,1,168;1255,4,6,20,128,200;1170,2,54,104;1395,2,42,58;1219,1,65;1088,5,50,101,157,196,260;1043,2,164,186;1244,1,37;1287,6,59,102,146,210,233,245;1350,1,41;1265,1,20;1127,1,151;1206,1,124;1024,1,123;1197,2,206,262;1050,2,167,189;1026,2,229,285;1233,1,37;1329,1,69;1174,1,120;1095,1,155;1096,2,159,194;1202,1,103;1175,1,150;1352,1,56;1280,1,69;1308,11,15,34,56,123,203,218,239,276,285,309,319;1102,1,194;1281,4,19,72,99,116;1154,1,96;1291,1,158;1248,1,31
85,35,68:1203,1,30;1212,1,61;1298,1,53;1268,1,40;1251,2,39,71;1317,1,30;1158,1,106;1065,1,77;1004,3,116,202,260;1115,3,76,217,245;1037,1,161;1362,1,115;1235,5,4,12,98,146,287;1040,1,260;1190,5,2,12,54,85,92;1017,3,63,144,275;1168,1,169;1293,1,118;1191,2,401,404;1336,5,34,41,130,165,195;1219,1,27;1089,1,66;1244,1,51;1149,7,38,63,94,128,160,170,207;1090,1,87;1361,1,75;1092,2,174,199;1095,5,110,119,172,183,254;1307,1,78;1228,1,33;1102,1,89;1103,2,116,253;1155,1,334;1397,1,76;1156,2,135,185
885,1,2:1203,2,36,44
4416,1,1:1203,1,41
252,31,33:1203,2,48,87;1177,1,257;1252,1,142;1000,1,96;1002,1,140;1062,1,59;1178,1,121;1213,1,139;1237,1,51;1180,1,174;1011,1,77;1081,1,176;1116,1,54;1374,1,31;1187,1,317;1016,1,92;1039,1,177;1017,1,68;1172,1,138;1048,1,101;1026,1,164;1246,1,69;1386,1,64;1266,1,136;1095,1,231;1029,2,13,27;1054,1,145;1129,1,121;1306,1,104;1229,1,304;1372,1,88
1315,11,24:1203,3,53,96,103;1223,2,5,15;1007,1,126;1301,2,99,112;1324,2,9,18;1014,3,105,126,172;1082,2,11,26;1040,3,47,96,149;1341,1,33;1377,2,74,83;1371,3,5,14,29
3618,4,5:1203,1,55;1003,1,114;1269,1,111;1051,2,99,199
5961,12,14:1203,1,58;1252,1,192;1071,1,23;1140,1,80;1238,1,160;1215,1,167;1143,1,78;1348,1,24;1360,2,202,209;1186,1,108;1197,2,197,242;1090,1,97
6725,3,6:1203,1,60;1354,1,96;1252,4,70,90,182,206
4155,1,1:1203,1,69
6637,2,2:1203,1,76;1205,1,55
2502,2,2:1058,1,24;1028,1,77
1175,13,14:1058,1,31;1062,1,151;1037,1,175;1349,1,82;1254,1,121;1302,1,92;1040,1,146;1084,1,158;1018,1,120;1293,2,127,147;1043,1,219;1197,1,210;1050,1,224
2660,2,3:1058,2,38,129;1268,1,193
5236,1,1:1058,1,40
150,9,14:1058,2,51,140;1135,2,16,33;1367,1,226;1138,3,8,17,30;1346,1,97;1215,1,116;1161,2,298,311;1075,1,77;1286,1,156
212,10,11:1058,1,56;1015,1,46;1019,1,75;1043,1,31;1044,1,56;1025,2,12,31;1048,1,454;1050,1,31;1210,1,38;1103,1,189
3190,1,1:1058,1,61
1144,5,5:1058,1,71;1182,1,36;1161,1,223;1208,1,91;1307,1,116
1529,2,2:1058,1,75;1182,1,74
5235,3,6:1058,4,85,103,123,225;1252,1,94;1155,1,114
989,35,63:1058,1,90;1379,1,127;1000,3,7,22,32;1001,1,321;1061,1,200;1002,5,6,17,24,85,164;1062,3,7,28,89;1159,7,4,12,24,88,167,196,209;1179,1,144;1238,1,124;1161,1,121;1076,3,22,47,75;1012,1,75;1184,1,154;1187,1,287;1205,7,3,14,26,75,122,137,159;1273,1,100;1190,1,103;1243,1,79;1336,1,78;1295,6,1,14,33,76,110,129;1148,1,94;1172,1,26;1089,1,39;1120,2,99,269;1196,1,107;1208,1,26;1090,1,104;1233,1,153;1266,1,209;1028,1,191;1031,1,76;1054,1,42;1155,1,317;1156,1,116
10,26,31:1058,1,96;1060,1,61;1001,1,189;1299,1,18;1003,2,45,177;1214,1,36;1074,1,43;1076,1,94;1078,1,57;1011,1,55;1079,1,129;1081,2,4,24;1016,1,49;1303,1,41;1274,1,100;1084,1,44;1342,1,83;1170,1,50;1043,1,86;1227,2,141,186;1050,1,90;1266,1,31;1051,3,3,22,54;1053,1,68;1229,1,54;1248,1,28
1192,5,6:1058,2,100,219;1272,1,72;1118,1,27;1165,1,30;1086,1,386
2629,3,5:1058,2,102,224;1355,1,101;1205,2,81,83
858,25,39:1058,3,104,127,226;1178,3,16,48,79;1234,1,71;1069,1,104;1081,1,195;1116,3,20,40,74;1362,1,82;1205,3,11,22,107;1164,2,10,29;1084,1,253;1167,1,184;1293,2,9,18;1192,2,65,167;1288,1,58;1022,2,40,119;1149,1,254;1024,1,86;1361,1,69;1245,1,123;1233,1,24;1246,2,11,24;1028,2,7,17;1053,1,151;1247,1,42;1175,1,183
558,11,14:1058,1,110;1354,1,153;1001,2,28,58;1282,1,97;1067,1,208;1144,1,85;1020,2,178,246;1048,1,328;1122,2,14,28;1266,1,166;1174,1,213
2073,7,9:1058,1,126;1252,1,39;1240,2,80,128;1013,1,133;1164,2,56,68;1255,1,141;1090,1,86
4547,1,1:1058,1,150
6857,2,3:1058,2,152,166;1187,1,485
269,13,18:1058,2,160,248;1252,1,41;1240,3,68,96,126;1184,1,59;1235,1,97;1164,1,46;1168,1,168;1293,1,117;1192,1,152;1255,2,154,226;1288,1,66;1149,2,62,93;1102,1,88
1596,3,5:1058,1,174;1354,1,87;1207,3,98,109,185
772,10,11:1058,2,187,201;1135,1,83;1137,1,46;1072,1,83;1185,1,98;1084,1,235;1226,1,102;1277,1,88;1288,1,92;1175,1,47
4767,3,3:1058,1,215;1060,1,138;1069,1,40
630,22,29:1058,1,222;1252,1,127;1001,1,109;1062,1,160;1074,1,125;1009,2,81,109;1078,1,161;1011,2,136,150;1162,1,73;1163,1,111;1187,3,80,157,162;1284,1,49;1275,1,43;1168,1,161;1147,1,223;1286,2,104,131;1088,1,94;1370,1,172;1043,1,89;1121,3,147,166,234;1050,1,93;1150,1,50
563,18,22:1058,1,234;1113,1,178;1003,1,276;1238,2,56,177;1262,1,39;1161,1,135;1166,1,120;1086,1,158;1191,1,44;1171,2,234,288;1209,1,54;1361,2,58,78;1266,1,222;1330,1,73;1236,1,79;1097,1,199;1103,1,62;1155,2,183,244
656,11,16:1058,2,252,273;1297,1,343;1180,3,7,39,85;1014,1,100;1369,1,68;1083,1,173;1191,2,181,259;1020,2,167,228;1294,1,58;1370,1,80;1176,1,224
374,16,24:1058,2,253,274;1113,4,117,131,192,201;1178,1,125;1035,1,117;1261,3,5,28,48;1067,1,178;1068,1,160;1387,1,48;1069,2,21,61;1145,1,153;1015,2,77,123;1120,1,71;1278,1,136;1227,1,104;1093,1,124;1174,1,116
915,15,16:1058,1,263;1354,1,55;1135,1,121;1157,1,113;1140,1,87;1041,1,108;1217,1,100;1086,2,32,42;1087,1,162;1170,1,88;1172,1,97;1088,1,113;1121,1,87;1032,1,240;1176,1,215
2935,3,3:1058,1,266;1086,1,407;1287,1,173
1222,20,25:1058,1,278;1297,1,365;1063,1,163;1035,1,184;1067,3,154,193,196;1068,2,164,175;1070,1,141;1161,1,141;1081,1,196;1192,1,155;1277,1,133;1194,1,98;1121,2,200,207;1024,1,238;1197,1,187;1150,1,203;1052,1,137;1200,2,211,225;1305,1,52;1201,1,161
340,12,15:1058,1,282;1379,2,89,98;1297,1,359;1072,1,81;1008,1,38;1083,1,143;1166,2,151,157;1274,1,109;1286,2,57,83;1095,1,203;1055,1,28;1154,1,189
3610,1,3:1177,3,28,40,403
1537,5,9:1177,1,31;1242,2,118,192;1086,1,270;1087,3,63,135,151;1197,2,90,103
351,4,4:1177,1,34;1162,1,52;1325,1,93;1046,1,64
1030,6,14:1177,2,35,322;1005,4,6,22,37,141;1273,1,29;1220,4,4,11,22,145;1053,2,142,186;1097,1,194
682,5,9:1177,1,36;1216,2,4,12;1184,2,6,12;1324,1,28;1352,3,4,8,16
16,23,24:1177,1,48;1001,1,175;1002,1,39;1065,1,43;1074,1,40;1080,1,138;1254,1,32;1225,1,40;1324,1,70;1187,1,245;1205,1,148;1084,1,90;1041,1,91;1167,1,255;1342,1,80;1194,1,49;1195,1,67;1328,1,30;1050,1,84;1051,1,182;1270,2,64,178;1101,1,241;1308,1,151
6858,1,3:1177,3,49,429,500
5391,3,3:1177,1,50;1079,1,111;1245,1,70
1164,1,7:1177,7,56,128,192,225,299,338,383
3533,2,2:1177,1,65;1082,1,65
265,16,24:1177,1,93;1223,1,43;1003,1,122;1005,2,16,32;1075,2,112,126;1013,4,10,22,53,176;1016,1,118;1273,1,173;1209,1,81;1048,1,97;1026,1,113;1386,1,155;1200,2,24,48;1054,1,115;1129,3,119,197,207;1372,1,90
2030,9,13:1177,2,94,101;1077,1,101;1081,3,179,211,231;1146,1,117;1171,1,171;1172,1,119;1043,1,64;1245,1,140;1026,2,114,123
2936,3,3:1177,1,99;1075,1,99;1192,1,85
1908,12,14:1177,1,102;1353,1,33;1060,1,54;1366,1,35;1356,1,33;1161,2,139,144;1271,1,68;1077,1,119;1087,1,127;1328,1,37;1245,1,136;1176,2,72,110
2350,1,1:1177,1,113
6558,1,1:1177,1,114
3128,2,2:1177,1,118;1233,1,98
5472,1,1:1177,1,120
6859,5,6:1177,1,125;1164,1,14;1083,1,87;1084,2,133,250;1042,1,19
2482,5,6:1177,1,129;1315,1,18;1205,1,34;1040,2,43,75;1086,1,288
4677,1,1:1177,1,136
4571,2,2:1177,1,141;1284,1,105
6860,2,2:1177,1,149;1272,1,84
6861,1,1:1177,1,153
95,6,6:1177,1,163;1296,1,72;1004,1,142;1394,1,35;1128,1,252;1246,1,183
1540,4,4:1177,1,164;1179,1,120;1192,1,219;1383,1,84
623,5,5:1177,1,165;1179,1,121;1273,1,198;1264,1,12;1129,1,66
1421,13,14:1177,1,182;1384,1,34;1114,1,138;1067,1,134;1180,1,201;1184,1,30;1163,1,37;1218,1,78;1394,1,115;1169,2,119,227;1276,1,96;1121,1,78;1096,1,121
2758,3,4:1177,2,200,349;1043,1,141;1050,1,144
2850,5,7:1177,3,203,352,385;1353,1,51;1184,1,140;1191,1,374;1192,1,212
3692,2,3:1177,2,207,359;1014,1,66
2552,5,8:1177,2,228,281;1081,2,137,146;1269,1,117;1121,2,89,280;1030,1,316
721,3,4:1177,2,245,393;1328,1,65;1386,1,170
1574,12,14:1177,1,246;1367,1,237;1005,2,15,31;1077,1,64;1118,1,217;1016,1,96;1242,1,194;1274,1,257;1172,1,116;1048,1,600;1202,2,12,27;1055,1,66
2546,2,3:1177,2,253,280;1190,1,62
357,7,8:1177,1,261;1261,2,1,24;1300,1,124;1320,1,90;1039,1,233;1192,1,89;1207,1,159
3246,7,8:1177,1,264;1302,2,91,259;1217,1,88;1192,1,79;1264,1,20;1207,1,173;1031,1,113
945,3,4:1177,2,267,368;1214,1,66;1394,1,94
1840,9,11:1177,1,273;1067,2,28,47;1141,1,52;1191,1,208;1192,1,257;1043,1,41;1327,1,103;1050,1,41;1248,2,64,132
676,20,55:1177,1,283;1230,1,154;1282,2,15,35;1300,3,5,18,35;1292,9,4,8,28,37,68,107,122,138,153;1009,7,7,19,27,75,167,204,238;1010,2,10,28;1116,1,214;1272,2,13,26;1273,1,208;1084,3,13,29,54;1190,2,7,17;1255,3,10,24,39;1171,1,75;1148,6,36,223,276,298,303,313;1288,2,41,104;1206,3,3,10,89;1129,2,8,16;1097,3,12,24,219;1102,1,43
128,67,157:1177,2,288,308;1061,7,6,14,21,84,182,217,368;1282,3,13,33,52;1069,1,69;1004,1,165;1300,4,2,15,33,140;1214,1,113;1385,1,15;1292,2,26,35;1077,1,25;1224,4,11,23,26,133;1240,3,5,13,27;1283,2,1,9;1184,1,99;1272,3,11,24,54;1186,2,8,24;1118,3,6,18,40;1241,1,44;1016,1,197;1039,2,49,213;1242,2,180,198;1083,2,187,217;1325,1,48;1166,1,107;1275,3,5,20,38;1190,6,5,15,37,55,63,86;1167,2,7,20;1168,3,6,23,70;1293,1,93;1147,2,5,16;1191,4,74,98,125,152;1192,1,22;1276,1,49;1264,1,25;1326,4,6,22,43,90;1277,2,187,217;1148,1,301;1393,2,20,92;1220,4,5,12,23,146;1288,3,39,203,234;1173,1,24;1022,3,16,33,94;1149,1,110;1206,3,29,54,135;1197,3,1,28,66;1128,2,35,263;1093,5,13,31,45,54,90;1245,2,33,121;1026,6,12,29,61,137,193,312;1201,1,211;1236,1,40;1202,2,40,191;1097,1,214;1307,2,5,12;1175,4,3,15,34,142;1098,3,18,40,45;1352,1,80;1290,1,12;1270,1,100;1229,4,10,22,61,262;1101,2,131,301;1308,3,8,27,46;1102,3,5,14,27;1363,3,6,23,71;1281,3,6,14,22;1154,4,8,28,47,242;1248,1,126
2799,6,7:1177,1,291;1003,1,73;1179,1,114;1048,2,449,655;1093,1,52;1363,1,164
3142,7,9:1177,1,314;1297,1,218;1320,1,41;1186,1,70;1015,1,135;1233,1,19;1155,3,10,33,59
198,23,79:1177,1,317;1158,2,73,126;1234,3,12,24,39;1078,2,136,146;1011,2,129,149;1012,1,116;1013,1,122;1187,6,275,329,392,461,481,538;1082,8,7,22,42,77,92,118,137,176;1015,5,3,14,58,84,140;1242,1,200;1083,3,3,12,28;1264,1,110;1277,9,3,12,55,65,96,121,145,162,175;1148,1,284;1220,7,1,8,15,49,61,72,101;1194,5,2,17,73,89,139;1022,1,80;1149,7,8,22,33,118,144,217,306;1128,1,33;1245,2,4,16;1026,2,14,31;1101,8,8,34,66,140,169,175,228,294
389,11,31:1177,1,321;1367,4,2,16,34,309;1061,5,7,15,85,183,218;1184,2,20,53;1118,1,142;1273,2,42,64;1190,1,64;1193,3,11,23,116;1290,3,3,8,16;1270,6,6,19,34,88,158,169;1280,3,5,20,33
44,101,320:1177,1,324;1354,1,77;1298,1,87;1367,1,310;1061,2,107,387;1282,2,54,89;1223,1,92;1069,3,31,72,87;1005,1,36;1115,2,142,151;1300,1,142;1006,1,39;1009,2,69,106;1010,3,67,86,141;1037,1,156;1224,1,58;1240,5,7,15,29,41,104;1184,1,90;1272,2,38,56;1254,2,4,14;1013,1,77;1323,2,98,102;1225,1,93;1186,4,10,26,42,73;1235,5,66,80,90,102,121;1118,4,8,20,42,69;1241,3,46,122,131;1187,5,234,283,338,401,465;1082,6,6,21,41,68,168,180;1302,3,66,122,223;1015,3,2,13,57;1016,1,75;1039,4,107,143,215,238;1242,1,56;1369,2,74,78;1083,7,2,11,33,50,61,112,146;1166,2,109,138;1084,9,76,99,125,172,183,192,222,243,278;1275,5,7,22,40,91,246;1190,2,39,65;1167,8,9,22,48,82,103,114,173,277;1335,2,5,18;1243,3,9,22,39;1168,4,8,25,44,72;1293,6,4,13,22,35,104,122;1191,14,34,76,100,127,136,153,268,279,282,299,309,334,383,422;1394,1,165;1192,2,13,174;1336,4,84,97,135,146;1377,1,88;1276,4,5,14,28,69;1264,3,4,9,27;1326,4,8,24,45,92;1255,3,70,114,231;1171,7,11,22,36,110,125,199,251;1277,4,2,11,28,76;1148,3,12,24,239;1043,2,138,209;1220,6,7,14,25,112,148,162;1288,4,82,131,229,235;1173,3,5,16,26;1194,2,8,23;1023,1,70;1328,2,4,8;1149,4,7,21,67,112;1206,3,31,56,137;1207,5,6,16,26,31,103;1196,1,101;1197,1,68;1090,4,47,83,91,203;1209,1,46;1361,3,10,23,37;1048,1,437;1050,2,141,214;1150,4,10,28,43,118;1093,2,92,102;1245,3,12,24,35;1026,4,63,147,222,347;1201,1,213;1030,4,52,243,276,303;1031,1,132;1054,1,77;1202,6,2,17,42,95,141,219;1129,2,60,202;1097,6,38,62,81,146,173,196;1307,5,7,14,22,82,112;1175,5,5,17,36,144,179;1352,1,25;1228,2,8,16;1290,1,28;1270,4,13,26,122,150;1229,2,96,222;1101,5,7,33,65,133,293;1308,7,10,29,48,113,127,252,323;1102,8,7,16,29,66,93,146,152,188;1363,5,8,25,56,73,168;1281,4,8,16,24,104;1154,6,11,31,49,67,215,244;1176,2,155,199;1334,4,33,38,55,103;1056,3,48,58,76
4130,3,3:1177,1,325;1021,1,32;1308,1,143
2016,10,21:1177,2,327,475;1223,2,107,117;1385,5,2,8,17,36,52;1216,1,25;1283,2,27,126;1324,4,5,14,71,95;1120,1,63;1329,1,146;1352,1,59;1290,2,97,139
1221,8,15:1177,1,329;1062,1,159;1066,1,173;1362,1,125;1084,5,4,20,64,247,281;1255,3,12,26,41;1032,1,236;1154,2,149,235
125,22,39:1177,1,331;1113,1,149;1292,1,185;1075,2,192,203;1240,1,34;1084,3,83,106,283;1275,1,62;1085,3,2,12,36;1218,1,28;1167,1,163;1243,1,46;1341,1,141;1192,1,34;1276,1,56;1171,1,134;1350,1,28;1202,1,134;1175,4,12,24,43,165;1228,2,42,122;1101,1,317;1308,3,185,202,242;1154,7,20,40,72,117,151,206,237
5170,2,2:1177,1,339;1372,1,86
6862,1,1:1177,1,340
6863,1,1:1177,1,342
1008,19,27:1177,1,344;1005,1,44;1179,1,167;1160,1,54;1037,3,120,167,181;1322,1,105;1269,1,249;1324,1,74;1082,1,94;1086,1,357;1286,1,194;1043,1,201;1220,3,51,74,133;1194,1,77;1149,1,34;1097,1,212;1270,1,161;1099,1,260;1308,5,13,32,209,301,317
2911,9,14:1177,1,365;1184,1,106;1083,3,8,17,53;1192,2,32,140;1276,2,54,108;1288,1,214;1246,1,45;1051,2,90,128;1290,1,129
822,19,24:1177,1,366;1354,1,97;1367,1,235;1061,3,59,146,158;1179,2,41,83;1080,1,151;1146,1,138;1360,3,203,210,220;1083,1,71;1218,1,32;1336,1,47;1276,1,109;1127,1,80;1149,1,102;1096,1,261;1307,1,69;1032,1,291;1308,1,72;1281,1,53
1597,3,3:1177,1,371;1241,1,159;1226,1,108
2172,10,15:1177,2,373,389;1297,3,178,281,291;1367,1,221;1003,2,36,98;1182,1,104;1082,1,107;1335,1,73;1168,1,87;1337,2,50,87;1382,1,75
272,8,9:1177,1,374;1292,1,158;1146,1,90;1015,1,90;1335,1,55;1191,2,339,373;1370,1,38;1099,1,152
825,5,5:1177,1,380;1115,1,152;1339,1,87;1076,1,124;1386,1,191
3277,5,5:1177,1,399;1079,1,252;1093,1,64;1246,1,223;1096,1,114
993,4,9:1177,1,400;1344,2,33,45;1181,4,41,52,105,117;1214,2,26,42
569,6,6:1177,1,405;1231,1,49;1242,1,77;1041,1,145;1255,1,205;1103,1,153
1623,2,2:1177,1,406;1035,1,210
2858,6,7:1177,1,411;1060,1,118;1116,1,197;1103,2,96,105;1155,1,98;1250,1,62
1404,12,27:1177,1,418;1367,2,199,231;1005,1,42;1159,1,59;1238,1,57;1273,4,6,15,35,122;1148,1,233;1220,2,116,167;1304,2,109,111;1031,4,5,15,60,138;1343,4,124,126,138,140;1221,4,5,7,22,24
250,8,12:1177,2,430,501;1074,1,280;1081,3,98,140,157;1362,1,128;1119,1,89;1220,2,38,117;1245,1,144;1176,1,160
6432,1,1:1177,1,433
2068,3,3:1177,1,446;1273,1,114;1092,1,60
984,14,19:1177,2,449,463;1230,1,167;1061,1,347;1114,2,274,281;1387,1,55;1016,1,177;1167,1,228;1191,2,312,380;1192,2,146,249;1207,1,143;1209,1,78;1048,1,374;1092,1,182;1246,2,199,212
216,29,36:1177,2,459,474;1368,1,64;1381,1,91;1069,1,51;1004,2,112,168;1115,1,64;1292,1,164;1360,3,3,11,35;1263,1,51;1225,2,24,129;1117,1,113;1205,1,70;1015,1,62;1039,2,100,222;1274,1,152;1085,1,92;1191,1,258;1377,1,42;1342,1,71;1255,1,210;1171,1,192;1042,1,38;1287,1,236;1197,2,165,180;1174,1,98;1095,1,240;1129,1,286;1176,1,223;1248,1,43
3247,2,2:1177,1,472;1156,1,76
5312,1,1:1177,1,478
6621,1,1:1177,1,491
409,7,8:1177,1,503;1135,1,213;1004,1,292;1080,1,137;1082,1,171;1191,2,270,311;1267,1,80
2432,11,11:1177,1,504;1252,1,188;1004,1,143;1005,1,119;1185,1,130;1167,1,294;1043,1,148;1288,1,217;1050,1,151;1053,1,201;1267,1,81
6864,1,1:1177,1,508
213,3,4:1373,2,6,15;1015,1,53;1328,1,63
6865,1,1:1373,1,21
6368,1,1:1373,1,41
6471,1,2:1373,2,47,80
6866,1,1:1373,1,56
255,4,4:1373,1,63;1004,1,192;1345,1,71;1206,1,114
629,11,16:1373,1,70;1212,2,22,106;1157,2,12,85;1252,1,137;1317,1,11;1299,1,104;1347,1,116;1244,1,68;1304,1,74;1228,4,18,103,140,230;1390,1,52
3870,6,6:1373,1,71;1302,1,155;1169,1,255;1393,1,61;1328,1,28;1176,1,144
4312,1,1:1373,1,75
1301,1,1:1373,1,79
1113,5,5:1373,1,89;1354,1,142;1367,1,216;1184,1,120;1255,1,77
1692,1,1:1373,1,91
4412,2,2:1373,1,94;1213,1,61
2621,2,2:1373,1,111;1206,1,164
6867,1,1:1373,1,119
2145,7,13:1353,1,29;1313,3,5,11,23;1296,2,5,11;1297,2,5,11;1135,3,47,151,187;1124,1,89;1029,1,65
6868,1,1:1353,1,30
4362,1,1:1353,1,36
1271,5,5:1353,1,52;1235,1,54;1341,1,119;1168,1,85;1220,1,123
65,49,100:1353,1,57;1315,2,17,40;1212,1,35;1298,1,29;1268,1,191;1252,1,153;1317,1,43;1061,2,81,126;1005,1,124;1115,6,62,72,120,207,222,236;1300,3,9,22,41;1072,1,274;1161,1,64;1292,1,203;1037,1,165;1240,1,170;1301,3,58,68,87;1117,1,82;1235,1,30;1241,4,9,18,35,51;1083,1,38;1084,1,303;1167,1,207;1243,2,13,26;1336,5,7,14,31,93,106;1088,1,245;1043,1,213;1244,2,42,54;1220,1,29;1173,6,3,14,35,63,126,149;1149,1,46;1050,1,218;1092,4,3,14,39,177;1150,1,127;1245,1,89;1026,1,79;1246,1,94;1202,4,46,98,109,120;1343,1,154;1097,2,42,71;1228,9,6,14,39,77,97,125,177,182,251;1101,1,313;1154,1,87;1248,2,66,74;1397,1,108;1249,3,10,23,44;1156,9,31,41,61,82,100,111,130,143,155;1372,1,53;1250,1,71
2749,5,5:1353,1,60;1003,1,106;1206,1,17;1208,1,69;1099,1,227
1629,10,18:1353,2,66,84;1006,1,44;1008,1,53;1009,1,32;1010,2,70,93;1369,4,9,18,84,136;1325,1,68;1218,4,10,20,40,69;1277,1,196;1031,1,142
6869,1,1:1353,1,69
2867,4,11:1353,1,72;1215,4,52,79,97,112;1339,2,57,83;1182,4,9,19,30,69
6870,1,1:1353,1,85
4566,10,23:1353,1,87;1151,3,9,18,48;1152,3,9,18,41;1103,2,76,107;1155,1,83;1397,2,14,28;1249,3,13,26,50;1156,3,49,78,114;1372,1,33;1250,4,13,26,48,63
1318,3,3:1353,1,90;1273,1,195;1103,1,217
3989,4,4:1354,1,36;1379,1,24;1230,1,17;1347,1,26
2884,4,4:1354,1,62;1170,1,90;1200,1,68;1099,1,81
1769,1,1:1354,1,64
2510,4,5:1354,1,69;1161,1,157;1274,1,180;1148,2,85,150
3638,2,3:1354,2,76,79;1346,1,88
2028,7,9:1354,2,92,104;1062,1,131;1393,1,30;1127,1,75;1048,1,241;1129,2,152,193;1156,1,162
2507,4,4:1354,1,93;1214,1,106;1163,1,81;1154,1,94
4439,2,2:1354,1,120;1297,1,104
369,33,53:1354,1,124;1114,1,195;1003,1,219;1358,1,99;1161,2,435,451;1011,1,144;1240,1,51;1185,1,92;1324,1,45;1241,1,156;1187,6,14,29,61,84,213,228;1014,1,169;1242,1,156;1273,2,43,65;1040,1,104;1020,1,111;1169,1,239;1336,1,202;1226,3,137,140,167;1255,1,182;1127,3,155,159,165;1195,5,58,62,162,166,173;1093,1,126;1200,2,90,94;1383,1,66;1201,3,71,109,124;1029,1,85;1129,2,205,245;1331,1,108;1307,1,135;1101,2,225,251;1363,1,147;1154,1,230
1365,2,2:1354,1,125;1213,1,30
1130,5,6:1354,1,127;1252,1,195;1117,1,117;1083,1,190;1286,2,65,87
860,2,2:1354,1,132;1147,1,212
959,8,14:1354,1,133;1212,1,70;1368,3,4,16,31;1381,3,1,10,41;1213,3,88,114,163;1303,1,88;1100,1,93;1155,1,284
3162,1,1:1354,1,138
1338,4,5:1354,1,141;1117,1,28;1024,2,106,225;1228,1,36
6871,1,1:1354,1,143
2114,6,9:1354,1,152;1059,2,13,26;1381,2,25,111;1020,2,14,28;1304,1,192;1221,1,40
555,23,29:1354,1,159;1268,1,62;1355,1,61;1300,2,81,119;1240,1,202;1323,1,12;1117,4,2,9,33,135;1284,2,16,62;1166,1,123;1394,1,131;1169,1,230;1264,1,58;1088,1,72;1304,1,145;1046,1,46;1024,1,187;1208,1,93;1175,1,121;1228,1,238;1229,1,88;1102,2,85,98;1281,1,81;1155,1,55
561,2,2:1354,1,171;1229,1,253
2403,4,4:1379,1,19;1223,1,87;1206,1,93;1122,1,32
543,24,26:1379,1,37;1001,1,257;1003,1,133;1066,2,142,200;1159,2,93,150;1072,1,217;1161,1,251;1009,1,160;1010,1,87;1360,1,181;1376,1,68;1235,1,83;1166,1,128;1218,1,84;1285,1,78;1089,1,68;1370,1,151;1287,1,105;1127,1,211;1329,1,81;1030,1,271;1280,1,58;1101,1,245;1397,1,112
2991,4,8:1379,1,40;1272,1,83;1103,4,11,20,34,43;1155,2,89,110
1196,8,8:1379,1,47;1009,1,93;1284,1,93;1017,1,115;1087,1,92;1172,1,69;1174,1,96;1028,1,157
1399,3,3:1379,1,54;1275,1,103;1341,1,130
6872,2,2:1379,1,57;1204,1,47
1101,2,2:1379,1,75;1221,1,37
181,17,17:1379,1,81;1315,1,72;1157,1,32;1001,1,303;1004,1,289;1215,1,69;1388,1,71;1349,1,94;1283,1,134;1017,1,185;1295,1,108;1207,1,205;1245,1,75;1095,1,214;1201,1,131;1129,1,86;1308,1,247
1774,9,10:1379,1,82;1356,1,75;1008,1,131;1362,1,94;1242,1,85;1369,2,5,14;1273,1,161;1086,1,157;1048,1,662
2765,10,15:1379,2,85,94;1204,1,136;1183,1,141;1218,1,116;1169,1,358;1127,1,177;1246,1,231;1200,1,99;1236,3,8,17,32;1096,3,5,31,58
6873,2,2:1379,1,88;1335,1,58
6874,1,2:1379,2,97,103
3147,5,7:1379,1,110;1015,1,101;1192,1,208;1265,1,28;1095,3,111,131,180
756,8,8:1379,1,119;1367,1,113;1114,1,189;1167,1,129;1287,1,78;1195,1,266;1175,1,78;1372,1,64
524,5,6:1379,1,129;1205,2,165,191;1169,1,235;1336,1,182;1196,1,149
2633,3,3:1379,1,133;1213,1,173;1220,1,59
119,12,12:1379,1,136;1313,1,13;1212,1,40;1356,1,79;1139,1,95;1271,1,51;1360,1,19;1128,1,88;1094,1,156;1306,1,141;1153,1,100;1102,1,24
2166,9,14:1379,1,139;1230,1,143;1138,1,55;1347,4,20,54,93,151;1340,3,1,7,15;1184,1,150;1241,1,134;1046,1,92;1196,1,38
5482,4,6:1313,1,28;1215,1,266;1347,1,170;1360,3,167,243,280
551,7,10:1296,1,28;1136,1,64;1071,1,37;1141,1,29;1072,3,202,264,289;1345,1,57;1073,2,75,95
594,11,25:1296,1,39;1315,2,48,60;1157,4,64,89,99,116;1251,2,13,57;1262,4,45,102,114,116;1360,3,55,236,273;1241,1,135;1193,1,162;1090,1,93;1095,5,1,21,149,185,216;1306,1,124
2965,6,10:1296,2,51,88;1299,2,50,142;1064,2,8,16;1368,2,42,58;1359,1,89;1156,1,108
1136,6,6:1296,1,73;1239,1,111;1347,1,141;1240,1,207;1197,1,209;1266,1,109
501,30,32:1297,1,14;1063,1,76;1064,1,78;1069,1,15;1366,1,50;1139,1,31;1160,1,39;1339,1,60;1036,1,51;1010,1,106;1076,1,89;1013,1,141;1147,2,95,250;1276,1,123;1226,1,63;1255,2,145,158;1088,1,182;1265,1,37;1149,1,290;1206,1,39;1025,1,50;1209,1,189;1289,1,96;1227,1,36;1026,1,39;1027,1,211;1100,1,75;1055,1,52;1281,1,111;1291,1,28
1450,5,5:1297,1,17;1118,1,243;1086,1,372;1048,1,423;1270,1,115
6875,1,1:1297,1,20
6876,1,1:1297,1,21
267,6,8:1297,2,22,76;1268,1,70;1070,2,61,131;1181,1,34;1024,1,198;1307,1,130
894,4,5:1297,1,23;1233,1,124;1305,1,84;1201,2,34,169
624,1,5:1297,5,24,60,113,192,275
1368,1,1:1297,1,27
6877,1,1:1297,1,29
3820,4,4:1297,1,33;1299,1,75;1238,1,165;1386,1,110
2723,7,8:1297,1,35;1315,1,43;1135,2,90,117;1293,1,97;1278,1,13;1386,1,238;1248,1,40
2684,5,12:1297,3,50,64,77;1114,3,197,205,212;1182,1,91;1388,1,33;1332,4,7,15,37,81
6878,1,3:1297,3,51,52,84
6236,7,11:1297,1,53;1230,4,80,97,136,162;1317,2,2,7;1356,1,45;1347,1,195;1327,1,128;1128,1,189
6879,1,1:1297,1,63
6880,1,1:1297,1,65
1693,4,7:1297,1,70;1125,4,55,73,114,149;1150,1,154;1329,1,138
6881,1,1:1297,1,78
604,7,12:1297,1,81;1161,1,244;1269,1,209;1087,1,145;1295,3,10,23,46;1208,1,104;1090,4,10,21,175,195
4438,1,1:1297,1,86
2202,17,30:1297,4,87,188,193,276;1061,2,219,304;1063,1,154;1159,2,51,141;1283,1,24;1302,3,37,55,232;1041,2,160,182;1219,1,57;1043,1,93;1045,2,109,160;1048,2,258,373;1050,1,97;1122,1,60;1028,1,133;1129,2,221,230;1308,1,176;1221,3,2,19,65
2611,5,6:1297,1,91;1124,1,41;1061,1,103;1120,1,250;1023,2,5,17
6882,1,1:1297,1,98
3006,1,3:1297,3,101,323,352
2759,4,6:1297,2,107,333;1367,2,180,189;1223,1,34;1114,1,127
2910,1,1:1297,1,108
6883,2,2:1297,1,114;1326,1,114
911,7,7:1297,1,119;1230,1,103;1072,1,132;1376,1,152;1187,1,176;1307,1,19;1102,1,137
5491,4,4:1297,1,125;1138,1,71;1142,1,134;1092,1,128
6884,2,2:1297,1,128;1390,1,75
837,2,3:1297,1,150;1016,2,149,257
1154,2,2:1297,1,152;1139,1,44
6885,1,1:1297,1,154
6886,1,1:1297,1,163
6887,2,2:1297,1,165;1268,1,102
1547,13,14:1297,1,176;1000,1,59;1002,2,126,157;1158,1,78;1003,1,247;1140,1,52;1398,1,89;1073,1,65;1079,1,157;1086,1,235;1193,1,70;1100,1,62;1103,1,200
1109,13,17:1297,1,190;1138,1,56;1181,1,161;1347,1,94;1340,1,16;1186,1,59;1241,1,105;1168,3,125,172,199;1088,1,229;1287,1,139;1100,1,99;1363,1,51;1221,3,8,25,45
4434,17,37:1297,1,203;1316,3,4,16,40;1268,1,188;1317,1,55;1299,1,24;1072,1,271;1269,1,228;1197,1,145;1151,3,4,13,31;1152,3,4,13,32;1103,5,22,45,169,213,222;1155,4,22,45,78,336;1397,3,6,20,64;1249,3,8,21,41;1156,2,28,127;1372,1,23;1250,3,6,19,57
1317,9,9:1297,1,215;1061,1,118;1077,1,48;1169,1,85;1326,1,35;1327,1,143;1090,1,25;1343,1,52;1102,1,54
6523,1,1:1297,1,220
939,4,7:1297,1,222;1172,2,3,6;1044,3,25,51,67;1045,1,26
6888,1,1:1297,1,227
1694,5,8:1297,1,231;1374,1,10;1394,3,2,7,54;1329,2,2,13;1153,1,75
114,16,21:1297,1,233;1159,1,187;1238,1,34;1009,1,138;1144,1,54;1224,2,68,105;1167,1,250;1086,1,94;1088,1,250;1278,1,127;1206,1,181;1150,3,97,121,192;1095,2,148,258;1229,2,232,306;1390,1,134;1250,1,52
1182,3,3:1297,1,234;1002,1,152;1336,1,157
970,4,4:1297,1,236;1163,1,154;1377,1,64;1195,1,46
1142,2,2:1297,1,246;1227,1,49
5269,1,1:1297,1,279
3566,1,1:1297,1,292
6889,1,2:1297,2,293,342
2189,4,5:1297,1,304;1324,1,66;1191,1,161;1020,2,67,164
3580,3,3:1297,1,305;1327,1,45;1206,1,107
745,1,2:1297,2,311,332
6890,1,1:1297,1,315
6891,1,1:1297,1,327
3735,3,3:1297,1,334;1223,1,35;1114,1,128
3952,6,6:1297,1,336;1139,1,88;1321,1,73;1083,1,57;1169,1,189;1336,1,95
4413,5,7:1297,2,339,349;1252,1,129;1204,1,90;1370,1,77;1099,2,216,230
6892,1,1:1297,1,362
6893,1,1:1297,1,366
3929,1,1:1297,1,377
6894,1,1:1297,1,382
3135,4,4:1297,1,391;1254,1,106;1169,1,387;1291,1,168
1062,17,19:1297,1,410;1061,2,39,63;1064,1,72;1142,1,101;1319,1,89;1183,1,198;1240,1,156;1323,1,81;1168,1,209;1304,1,141;1246,1,88;1095,1,275;1129,1,306;1307,1,142;1290,1,131;1100,1,110;1291,2,31,125
403,6,6:1314,1,22;1061,1,321;1387,1,33;1021,1,59;1327,1,108;1129,1,296
294,4,4:1314,1,53;1299,1,82;1384,1,46;1087,1,129
6895,1,1:1315,1,22
172,4,5:1315,1,25;1060,1,92;1181,1,208;1214,2,1,9
1885,9,9:1315,1,31;1159,1,39;1073,1,107;1190,1,116;1255,1,97;1277,1,212;1209,1,26;1382,1,95;1397,1,119
1818,7,7:1315,1,41;1268,1,108;1252,1,75;1241,1,91;1274,1,40;1099,1,126;1308,1,179
26,9,12:1315,1,55;1380,2,6,23;1068,1,117;1125,2,48,176;1360,1,62;1184,1,201;1165,1,25;1020,2,171,205;1175,1,111
3788,4,4:1315,1,67;1157,1,137;1262,1,121;1186,1,134
671,13,14:1315,1,68;1001,2,195,284;1062,1,55;1179,1,91;1145,1,44;1171,1,46;1277,1,203;1120,1,88;1091,1,40;1050,1,205;1245,1,48;1094,1,148;1055,1,35
2355,11,11:1315,1,75;1230,1,106;1060,1,129;1008,1,83;1082,1,184;1273,1,150;1049,1,88;1270,1,43;1032,1,269;1308,1,293;1154,1,109
1844,15,33:1316,3,5,17,41;1268,1,189;1317,1,56;1299,1,25;1072,1,272;1081,1,124;1151,1,32;1152,3,5,14,33;1103,5,23,46,170,214,223;1155,4,23,46,79,337;1397,3,7,21,65;1249,3,9,22,42;1156,2,29,128;1372,1,24;1250,3,7,20,58
6342,1,2:1135,2,45,185
6030,1,1:1135,1,48
6896,1,1:1135,1,50
3486,3,3:1135,1,52;1075,1,211;1295,1,166
2326,6,6:1135,1,70;1213,1,116;1125,1,163;1238,1,172;1362,1,138;1026,1,286
2528,5,5:1135,1,71;1362,1,51;1349,1,79;1208,1,63;1099,1,95
1117,8,9:1135,1,82;1181,1,177;1274,1,87;1243,1,122;1170,1,112;1048,1,608;1280,2,78,117;1229,1,172
201,28,37:1135,1,85;1002,1,118;1378,1,24;1238,1,102;1214,1,72;1007,3,1,7,49;1038,1,70;1076,1,90;1269,3,1,8,15;1118,1,228;1082,1,192;1015,1,24;1039,1,59;1084,1,166;1293,1,137;1019,1,102;1171,2,225,243;1277,1,185;1288,1,150;1194,1,31;1265,2,1,10;1023,1,120;1207,1,198;1047,2,1,10;1048,2,312,638;1026,2,1,18;1094,1,38;1270,1,125
2499,6,8:1135,1,87;1381,1,65;1072,1,69;1398,3,57,70,83;1008,1,166;1221,1,49
506,9,9:1135,1,126;1035,1,152;1036,1,126;1082,1,71;1165,1,64;1020,1,77;1171,1,201;1277,1,166;1148,1,39
3106,2,2:1135,1,128;1194,1,146
6897,1,2:1135,2,131,208
2560,3,3:1135,1,144;1074,1,87;1242,1,184
6343,1,1:1135,1,167
2500,6,6:1135,1,171;1001,1,305;1239,1,33;1360,1,58;1386,1,233;1032,1,287
5341,3,3:1135,1,172;1140,1,129;1264,1,91
2811,1,1:1135,1,199
362,18,20:1135,1,214;1230,1,114;1234,1,70;1067,1,187;1004,1,293;1139,1,65;1070,1,168;1339,1,74;1182,1,122;1225,1,106;1273,1,166;1086,1,273;1342,3,10,21,36;1277,1,157;1148,1,337;1266,1,149;1096,1,219;1129,1,135
4496,3,8:1124,2,2,10;1320,2,2,7;1327,4,2,8,23,74
6898,2,2:1124,1,26;1020,1,232
1964,1,1:1124,1,32
1979,2,2:1124,1,33;1335,1,101
1933,1,1:1124,1,35
2631,1,1:1124,1,36
300,21,26:1124,1,42;1065,1,90;1066,1,99;1035,1,81;1068,3,38,65,134;1069,2,84,118;1115,1,81;1262,1,127;1076,1,92;1012,1,88;1039,1,58;1084,2,35,144;1018,1,90;1264,1,42;1171,1,227;1044,1,80;1210,2,25,80;1051,1,44;1052,1,54;1053,1,104;1096,1,63
6899,1,2:1124,2,44,71
6900,1,1:1124,1,53
6901,1,1:1124,1,54
4878,1,1:1124,1,57
6902,1,1:1124,1,59
6469,3,4:1124,1,62;1145,1,135;1121,2,20,40
6903,1,1:1124,1,63
6904,1,1:1124,1,69
2115,5,5:1124,1,76;1357,1,20;1072,1,16;1215,1,233;1304,1,30
87,10,10:1124,1,77;1355,1,76;1213,1,124;1239,1,105;1243,1,115;1120,1,91;1206,1,83;1090,1,215;1267,1,69;1099,1,173
6905,1,1:1124,1,87
6906,1,1:1124,1,102
2329,13,15:1124,1,104;1347,1,51;1224,1,137;1272,1,136;1117,1,131;1045,1,27;1198,1,138;1199,1,122;1028,1,193;1229,1,148;1332,2,55,87;1102,2,8,17;1363,1,116
3614,2,2:1124,1,109;1215,1,225
2181,2,4:1230,3,2,5,24;1182,1,149
6907,1,2:1230,2,3,6
4436,6,16:1230,1,22;1212,1,46;1317,1,52;1103,5,16,39,163,211,219;1155,5,20,43,76,315,331;1397,3,4,18,41
494,14,18:1230,2,29,53;1137,1,28;1159,2,37,104;1142,1,62;1187,1,145;1166,2,61,142;1218,1,71;1168,1,191;1370,1,86;1278,1,58;1173,1,31;1021,1,93;1228,1,89;1390,2,49,118
1901,9,10:1230,1,39;1299,1,84;1138,1,54;1061,1,97;1118,1,175;1084,1,87;1169,1,200;1021,2,13,27;1305,1,24
635,5,8:1230,2,43,61;1213,1,56;1159,3,50,72,140;1304,1,107;1228,1,233
1457,7,7:1230,1,56;1298,1,68;1137,1,51;1204,1,96;1240,1,60;1273,1,145;1149,1,193
4437,1,1:1230,1,58
1157,19,21:1230,1,73;1001,1,365;1299,1,129;1137,1,83;1215,1,70;1231,1,51;1008,1,107;1183,1,126;1240,2,65,87;1165,1,104;1369,1,109;1018,1,183;1020,1,163;1209,1,285;1361,1,42;1382,1,140;1095,1,235;1229,1,183;1154,2,58,136
626,1,2:1230,2,78,135
365,1,1:1230,1,99
5420,1,1:1230,1,105
3554,8,11:1230,1,112;1356,3,7,15,49;1070,1,160;1339,1,72;1182,1,120;1161,2,11,23;1046,1,78;1150,1,221
3562,5,5:1230,1,119;1242,1,88;1274,1,143;1228,1,214;1397,1,98
728,6,7:1230,1,122;1179,1,70;1083,1,64;1370,1,30;1270,1,94;1099,2,277,298
3210,2,2:1230,1,124;1273,1,116
937,17,20:1230,1,138;1320,1,106;1235,1,259;1164,1,27;1302,2,26,109;1341,2,40,172;1394,1,65;1022,1,45;1046,2,58,131;1090,1,65;1048,1,30;1128,1,125;1245,1,47;1122,1,87;1306,1,153;1352,1,18;1101,1,216
1675,7,9:1230,1,148;1320,1,62;1205,1,175;1086,1,368;1191,2,54,264;1192,1,170;1150,2,102,213
576,8,19:1212,3,1,11,67;1298,2,17,95;1059,1,91;1381,7,4,13,33,46,59,70,100;1213,2,1,11;1219,1,56;1343,2,121,142;1306,1,101
962,17,37:1212,3,5,15,24;1298,4,1,9,25,114;1000,1,81;1002,1,120;1062,3,15,36,109;1009,1,122;1162,2,6,14;1303,1,56;1304,4,1,11,41,49;1045,2,1,10;1090,2,53,109;1150,1,184;1329,3,4,15,38;1382,2,9,20;1386,3,6,14,31;1306,3,1,13,93;1290,1,107
2208,10,12:1212,1,26;1298,1,27;1317,1,39;1061,1,383;1159,1,178;1240,2,35,118;1084,1,180;1229,2,44,283;1102,1,71;1363,1,41
133,11,11:1212,1,27;1298,1,28;1268,1,71;1317,1,40;1061,1,384;1159,1,179;1240,1,119;1084,1,181;1024,1,199;1363,1,42;1154,1,172
1311,2,2:1212,1,42;1235,1,21
981,16,32:1212,1,49;1252,4,42,44,122,134;1317,1,57;1181,1,28;1116,1,211;1169,1,43;1285,1,51;1336,1,154;1089,1,36;1095,3,16,36,196;1247,1,145;1103,5,14,37,161,167,209;1155,7,17,40,73,91,152,313,329;1397,2,44,62;1156,1,45;1372,1,43
1083,2,2:1212,1,109;1048,1,215
973,7,8:1298,1,41;1157,2,35,145;1183,1,85;1224,1,131;1302,1,276;1198,1,51;1199,1,49
1855,16,51:1298,1,54;1317,1,26;1113,5,20,40,43,193,202;1065,2,5,23;1066,5,103,117,140,164,193;1035,9,60,99,106,121,130,141,171,179,190;1011,1,143;1079,2,197,210;1080,1,91;1116,1,178;1362,1,168;1119,2,58,77;1193,9,3,15,31,43,77,96,102,142,165;1023,2,10,22;1210,6,9,20,31,63,101,138;1246,3,120,158,207
6312,1,1:1298,1,62
4116,1,1:1298,1,63
3540,2,2:1298,1,67;1017,1,33
3231,5,7:1298,1,78;1268,2,130,165;1191,2,146,412;1148,1,172;1150,1,236
2734,3,3:1298,1,79;1268,1,166;1063,1,57
412,4,4:1298,1,88;1038,1,39;1118,1,26;1369,1,47
1027,7,8:1298,1,92;1213,1,200;1360,1,27;1169,1,100;1095,1,272;1281,1,96;1221,2,16,33
5004,1,1:1298,1,97
1832,2,2:1298,1,100;1028,1,203
980,2,5:1268,1,41;1253,4,35,71,98,109
6908,1,1:1268,1,48
472,2,4:1268,2,57,162;1192,2,64,125
1437,8,8:1268,1,63;1061,1,33;1072,1,105;1184,1,84;1301,1,72;1028,1,55;1332,1,18;1102,1,23
2913,5,5:1268,1,67;1243,1,55;1191,1,164;1090,1,44;1246,1,29
522,5,6:1268,2,88,144;1376,1,87;1169,1,117;1304,1,113;1175,1,120
6132,1,1:1268,1,95
1396,1,1:1268,1,106
726,7,7:1268,1,121;1187,1,189;1086,1,123;1305,1,47;1099,1,182;1100,1,69;1154,1,95
436,23,27:1268,1,124;1060,2,132,135;1069,3,2,7,12;1182,1,39;1037,1,174;1254,1,94;1187,1,587;1165,1,16;1242,2,70,148;1084,1,140;1226,1,158;1043,1,218;1265,1,57;1023,1,112;1195,1,271;1351,1,47;1050,1,223;1150,1,67;1094,1,26;1383,1,16;1343,1,48;1229,1,188;1155,1,248
6909,1,1:1268,1,145
4108,1,1:1268,1,146
278,2,2:1268,1,149;1307,1,58
6910,1,1:1268,1,150
6911,1,1:1268,1,153
774,19,24:1268,1,168;1178,1,129;1340,1,66;1146,1,96;1185,2,70,124;1323,1,64;1117,1,50;1205,2,154,169;1166,1,86;1275,1,200;1341,2,95,164;1192,1,260;1255,1,186;1220,2,110,138;1194,1,144;1195,2,148,150;1266,1,158;1029,1,83;1056,1,68
1410,7,7:1268,1,169;1178,1,100;1078,1,139;1011,1,130;1190,1,71;1041,1,54;1195,1,78
3156,1,1:1268,1,175
6912,1,1:1268,1,194
215,2,2:1268,1,209;1307,1,147
686,5,8:1268,1,222;1367,1,164;1060,1,83;1070,3,10,23,52;1278,2,29,35
1886,8,13:1157,3,4,9,22;1251,3,3,7,21;1252,1,26;1317,1,17;1065,1,96;1080,2,80,118;1081,1,118;1274,1,235
1040,3,10:1157,5,5,10,58,79,112;1251,3,4,8,22;1252,2,4,8
6913,1,1:1157,1,20
6650,2,5:1157,3,23,49,141;1252,2,27,59
6914,1,1:1157,1,30
1436,5,6:1157,2,41,75;1139,1,55;1159,1,103;1345,1,100;1302,1,205
2419,2,3:1157,1,42;1195,2,141,238
6915,1,1:1157,1,54
4165,1,1:1157,1,74
3288,2,2:1157,1,80;1156,1,214
6916,1,1:1157,1,96
4048,1,1:1157,1,105
1802,2,2:1157,1,127;1210,1,34
6917,2,2:1157,1,128;1331,1,105
2562,1,1:1157,1,130
6686,3,3:1157,1,134;1300,1,99;1044,1,58
4764,4,4:1157,1,149;1237,1,65;1076,1,87;1081,1,48
2064,6,6:1251,1,15;1252,1,54;1185,1,27;1172,1,49;1247,1,150;1363,1,98
664,4,4:1251,1,31;1252,1,107;1083,1,124;1041,1,161
1653,6,8:1251,1,44;1126,1,221;1191,1,253;1329,2,5,16;1382,2,10,21;1390,1,71
640,3,5:1251,1,72;1253,2,5,20;1395,2,7,14
547,10,11:1251,1,76;1061,2,26,352;1158,1,33;1254,1,31;1301,1,79;1041,1,129;1147,1,125;1090,1,238;1382,1,70;1176,1,127
4792,1,1:1251,1,78
6918,1,1:1251,1,86
6919,1,1:1251,1,88
2300,2,2:1252,1,36;1329,1,120
707,15,18:1252,3,68,103,111;1367,1,83;1385,1,33;1185,1,120;1186,1,69;1324,1,82;1187,1,57;1039,1,220;1169,1,52;1276,1,59;1350,2,37,65;1046,1,72;1289,1,112;1352,1,35;1229,1,105
530,10,10:1252,1,73;1001,1,264;1253,1,78;1161,1,101;1009,1,63;1369,1,123;1285,1,35;1171,1,136;1288,1,84;1290,1,68
5484,1,1:1252,1,87
2591,9,13:1252,1,91;1274,1,144;1168,1,80;1088,1,181;1287,1,166;1227,1,128;1095,5,20,40,106,128,201;1352,1,63;1101,1,214
400,5,5:1252,1,97;1083,1,211;1120,1,19;1206,1,183;1308,1,134
3699,1,1:1252,1,100
4406,3,3:1252,1,113;1179,1,179;1290,1,54
6920,1,1:1252,1,125
105,11,11:1252,1,135;1215,1,15;1007,1,13;1328,1,20;1024,1,196;1049,1,36;1175,1,123;1229,1,135;1332,1,29;1055,1,33;1363,1,44
946,6,7:1252,1,147;1367,2,175,247;1224,1,117;1169,1,283;1280,1,90;1229,1,168
1558,1,1:1252,1,203
2228,3,4:1317,1,12;1238,1,122;1228,2,19,104
6921,2,2:1317,1,49;1007,1,65
1458,3,4:1317,2,51,54;1238,1,197;1085,1,85
232,29,80:1367,3,1,15,33;1004,1,167;1005,3,7,23,34;1115,3,12,36,169;1009,1,67;1184,1,101;1324,3,4,13,27;1016,4,7,20,73,235;1242,1,199;1273,3,8,17,41;1084,5,11,27,52,123,276;1243,3,7,20,37;1293,6,2,11,20,33,79,144;1191,7,7,15,30,37,61,86,231;1255,3,8,22,37;1171,6,1,12,34,73,108,117;1277,2,189,219;1148,4,237,274,296,311;1393,2,85,105;1288,6,1,17,46,80,102,227;1022,1,72;1128,1,37;1093,1,101;1245,2,43,81;1026,1,220;1097,1,217;1352,1,82;1270,2,4,17;1280,3,4,19,32
1801,13,21:1367,2,5,19;1060,1,38;1237,1,70;1366,3,7,15,23;1143,1,67;1224,1,164;1121,1,119;1210,4,6,17,33,60;1053,2,4,27;1029,1,63;1030,2,59,160;1175,1,193;1153,1,39
3917,4,8:1367,2,6,20;1254,2,9,19;1210,2,7,18;1053,2,6,29
206,22,110:1367,4,7,21,40,269;1234,5,5,17,29,48,77;1068,2,49,143;1237,1,42;1007,1,60;1269,16,24,34,43,50,54,71,79,95,116,131,142,165,196,214,225,255;1302,3,107,182,243;1015,1,36;1016,1,45;1273,2,50,192;1119,2,62,91;1217,6,3,6,16,38,45,62;1191,6,8,16,31,38,365,378;1193,10,7,10,19,22,35,61,106,119,146,168;1121,12,3,23,44,111,135,145,164,196,205,232,250,266;1053,10,5,28,70,75,95,118,138,166,178,223;1029,6,3,17,35,64,109,122;1030,6,7,23,60,174,192,239;1096,11,22,48,76,84,103,128,136,145,214,222,232;1290,1,91;1280,1,37;1229,3,7,19,63
2037,1,1:1367,1,41
1289,2,2:1367,1,44;1283,1,50
396,8,10:1367,1,50;1061,2,190,207;1036,1,120;1084,2,16,32;1217,1,53;1194,1,61;1129,1,77;1270,1,62
5196,4,6:1367,2,51,171;1162,1,57;1189,2,53,123;1027,1,152
3031,9,11:1367,2,54,167;1061,1,198;1320,1,50;1272,1,53;1118,2,119,130;1243,1,59;1276,1,31;1342,1,66;1279,1,96
3025,3,4:1367,1,56;1323,1,19;1293,2,6,15
3166,5,7:1367,1,57;1356,1,47;1253,2,40,48;1293,2,7,16;1194,1,152
3440,2,2:1367,1,59;1101,1,159
3026,4,4:1367,1,60;1074,1,312;1320,1,48;1323,1,20
1705,10,17:1367,1,61;1075,3,19,38,139;1224,1,103;1272,1,138;1118,2,151,168;1275,1,74;1375,3,5,13,71;1279,1,38;1270,2,37,65;1280,2,8,23
3850,1,1:1367,1,65
2045,6,10:1367,3,68,86,201;1061,2,241,254;1380,1,59;1276,2,63,120;1021,1,80;1023,1,110
1456,3,3:1367,1,72;1003,1,158;1350,1,55
2341,3,10:1367,1,76;1375,4,1,9,33,40;1246,5,2,15,121,159,208
2277,3,5:1367,3,78,174,257;1243,1,76;1045,1,91
2165,2,2:1367,1,94;1370,1,106
6922,3,3:1367,1,98;1061,1,262;1148,1,361
276,10,16:1367,3,108,122,234;1016,2,93,97;1086,1,313;1171,1,188;1172,2,113,117;1220,1,142;1266,1,207;1053,1,112;1307,1,68;1390,3,83,92,97
777,2,3:1367,1,110;1390,2,84,89
2460,6,8:1367,2,111,124;1274,1,128;1167,2,79,98;1219,1,37;1207,1,79;1332,1,60
1700,9,10:1367,1,132;1299,1,53;1347,1,152;1360,2,68,156;1187,1,588;1126,1,184;1086,1,51;1226,1,132;1247,1,47
143,7,11:1367,1,138;1061,1,237;1380,2,16,33;1283,4,7,15,62,102;1165,1,53;1327,1,65;1229,1,227
3648,2,2:1367,1,142;1392,1,34
6923,1,1:1367,1,151
6924,1,1:1367,1,152
2813,1,1:1367,1,155
1150,7,11:1367,1,165;1001,4,7,37,274,286;1384,1,21;1125,1,155;1088,1,300;1028,1,282;1308,2,94,164
2339,4,7:1367,2,173,256;1113,2,14,34;1052,2,9,23;1267,1,27
6925,1,1:1367,1,176
6926,1,2:1367,2,177,187
6927,1,1:1367,1,178
6928,1,1:1367,1,179
4649,1,1:1367,1,182
6398,1,1:1367,1,185
404,6,6:1367,1,194;1061,1,322;1387,1,34;1356,1,86;1098,1,70;1270,1,91
1210,16,20:1367,1,198;1072,1,220;1347,1,45;1011,1,79;1080,2,48,130;1185,1,69;1013,1,118;1301,1,67;1014,1,285;1303,1,26;1020,1,90;1195,1,147;1227,2,138,204;1026,1,72;1054,3,7,24,57;1129,1,227
6929,1,2:1367,2,214,219
1440,2,3:1367,2,220,242;1235,1,111
2344,1,2:1367,2,227,245
3236,3,3:1367,1,230;1082,1,220;1032,1,200
3704,4,8:1367,2,251,297;1272,2,78,92;1118,1,111;1275,3,131,178,202
3864,3,3:1367,1,277;1158,1,97;1189,1,75
3866,2,2:1367,1,283;1189,1,79
458,10,10:1367,1,285;1300,1,121;1009,1,227;1205,1,263;1086,1,258;1342,1,152;1193,1,159;1209,1,201;1375,1,60;1102,1,177
1424,13,16:1367,1,298;1300,1,54;1273,1,185;1167,1,169;1293,1,165;1147,1,99;1191,1,423;1149,2,251,283;1210,1,99;1307,1,24;1229,3,173,189,194;1102,1,119;1154,1,194
3491,2,2:1367,1,304;1234,1,110
4,51,191:1000,6,9,24,34,54,57,87;1113,6,7,27,55,67,106,138;1002,4,9,20,32,45;1062,8,10,31,47,50,64,92,111,136;1158,6,39,62,69,88,122,130;1318,4,10,27,56,63;1065,4,47,68,86,117;1003,8,1,15,49,68,120,164,256,298;1066,5,16,46,77,121,168;1035,4,50,110,139,183;1357,1,41;1180,2,73,179;1214,1,117;1074,5,6,19,59,82,164;1078,6,18,42,68,80,98,152;1011,5,17,40,66,89,157;1079,5,23,48,81,89,155;1321,4,6,22,44,96;1362,3,81,98,113;1012,6,7,16,47,66,101,111;1185,2,35,96;1013,3,46,162,166;1376,2,63,156;1205,1,53;1165,2,141,180;1188,2,11,26;1040,3,83,264,275;1017,3,113,182,239;1218,1,36;1086,13,4,8,30,35,87,105,149,215,233,279,301,330,353;1019,7,4,10,22,33,35,40,86;1020,5,53,70,152,222,249;1395,3,2,9,29;1088,1,63;1244,2,13,30;1120,2,264,270;1287,4,44,71,248,256;1127,5,20,44,87,103,196;1044,4,13,39,91,204;1246,1,97;1122,2,35,38;1386,1,140;1027,1,193;1094,1,77;1051,3,19,38,71;1330,7,11,22,40,47,53,92,116;1052,7,3,12,17,26,38,192,199;1028,4,62,160,188,239;1095,3,116,190,250;1306,2,58,107;1032,1,264
1613,14,34:1000,4,11,26,36,104;1002,4,11,22,87,166;1062,6,12,33,83,94,175,208;1003,3,4,18,192;1234,2,2,14;1008,2,129,160;1009,2,44,244;1362,1,57;1086,2,70,188;1019,2,42,80;1121,2,252,267;1227,1,52;1053,1,71;1029,2,30,103
521,2,2:1000,1,39;1062,1,98
6930,2,2:1000,1,41;1062,1,100
6931,1,1:1000,1,76
2963,14,28:1000,1,82;1002,1,121;1062,3,16,37,110;1189,3,9,20,39;1303,1,57;1086,4,3,7,29,297;1020,2,5,19;1120,1,263;1127,4,4,28,51,245;1328,1,54;1025,3,14,33,83;1122,1,66;1383,2,32,73;1236,1,52
156,2,2:1000,1,86;1013,1,159
2915,11,18:1000,1,89;1162,5,8,16,37,92,111;1323,3,5,10,24;1241,1,126;1188,1,94;1284,1,125;1394,1,144;1149,1,211;1209,1,150;1246,1,105;1097,2,52,65
838,16,21:1000,1,91;1139,1,106;1072,3,154,173,212;1239,1,48;1142,1,48;1274,1,236;1168,3,118,176,186;1192,1,18;1148,1,213;1375,1,22;1329,1,149;1198,1,89;1199,1,91;1175,1,67;1291,1,105;1155,2,163,231
3755,3,3:1000,1,93;1062,1,67;1078,1,153
2458,8,16:1059,3,6,19,43;1063,1,44;1355,3,5,23,62;1114,3,18,61,96;1368,3,10,22,37;1167,1,88;1176,1,135;1334,1,69
2456,12,21:1059,3,7,20,44;1063,1,45;1355,3,6,24,63;1114,4,19,62,97,131;1368,3,11,23,38;1242,1,37;1167,1,89;1326,1,65;1371,1,22;1228,1,217;1176,1,136;1334,1,70
2113,6,10:1059,3,12,25,50;1381,1,24;1020,2,13,27;1021,1,99;1304,1,191;1221,2,15,32
932,10,10:1059,1,28;1238,1,117;1215,1,54;1167,1,28;1327,1,14;1128,1,17;1331,1,114;1343,1,43;1270,1,129;1229,1,240
2503,2,2:1059,1,55;1047,1,50
5859,1,1:1059,1,63
1475,13,14:1059,1,65;1061,2,148,162;1355,1,66;1215,1,105;1164,1,12;1394,1,47;1193,1,151;1048,1,486;1026,1,85;1094,1,111;1129,1,240;1153,1,23;1308,1,228
2154,5,5:1059,1,90;1384,1,92;1064,1,67;1394,1,36;1169,1,325
7,15,51:1113,6,1,15,21,35,71,129;1158,2,4,11;1318,2,11,28;1065,3,53,95,122;1003,9,3,17,53,63,95,195,243,268,281;1066,6,9,24,39,54,70,116;1035,3,11,32,170;1357,1,53;1074,1,57;1011,1,195;1079,4,136,156,196,209;1080,3,54,116,120;1081,1,95;1116,5,12,32,45,185,202;1088,4,4,9,13,290
5,10,26:1113,6,2,22,78,84,144,171;1158,2,43,54;1318,1,71;1065,1,59;1003,1,196;1066,3,25,55,130;1074,9,1,14,48,75,101,143,232,254,320;1079,1,137;1080,1,62;1081,1,102
865,13,24:1113,3,13,33,48;1065,2,10,28;1003,3,41,94,279;1078,3,13,37,63;1011,3,12,35,61;1081,1,47;1116,1,43;1012,1,99;1302,1,279;1147,1,118;1191,3,60,71,85;1207,1,139;1245,1,126
4716,12,34:1113,2,16,36;1158,3,6,13,28;1318,3,8,25,64;1065,2,13,31;1234,2,9,21;1074,4,7,20,60,83;1080,3,10,28,55;1081,5,10,30,64,122,160;1116,3,13,33,46;1321,1,45;1362,3,6,14,20;1012,3,8,17,48
6932,4,7:1113,1,54;1318,2,9,26;1065,1,66;1079,3,22,47,80
144,8,11:1113,2,57,173;1360,2,50,133;1013,1,116;1376,1,105;1020,1,92;1196,1,37;1227,2,12,26;1028,1,68
3754,4,12:1113,2,58,174;1158,1,100;1066,4,20,50,82,188;1035,5,7,28,55,114,205
5439,4,12:1113,2,59,175;1065,2,78,119;1066,3,21,51,83;1035,5,8,29,56,115,222
683,24,37:1113,1,69;1065,1,120;1069,1,105;1231,1,40;1385,3,3,9,18;1216,1,26;1283,1,28;1185,1,63;1225,1,70;1324,3,6,15,33;1235,1,48;1126,1,171;1014,1,103;1341,1,123;1394,2,61,116;1286,3,9,23,60;1219,1,18;1337,1,22;1289,3,8,27,48;1227,1,145;1095,4,17,37,125,197;1129,1,31;1100,1,41;1248,2,157,182
2150,5,8:1113,1,73;1012,1,87;1327,1,133;1209,4,1,11,22,243;1154,1,42
1819,4,4:1113,1,83;1115,1,213;1096,1,229;1221,1,89
2039,8,13:1113,2,87,181;1158,1,57;1074,1,124;1078,2,138,160;1011,1,105;1079,1,170;1081,1,58;1362,4,32,53,73,131
1253,14,29:1113,1,96;1066,3,28,58,94;1035,4,15,36,69,147;1078,4,19,43,69,112;1011,3,18,41,67;1079,5,13,38,71,101,275;1081,1,59;1024,2,107,226;1329,1,63;1382,1,201;1122,1,72;1386,1,144;1053,1,147;1031,1,79
4532,5,13:1113,1,102;1078,4,23,47,73,116;1011,3,22,45,71;1079,4,17,42,75,105;1081,1,63
2118,4,4:1113,1,103;1303,1,134;1304,1,187;1383,1,74
6933,10,25:1113,2,105,137;1158,3,38,68,87;1318,1,62;1065,1,87;1074,4,5,18,58,81;1078,3,17,41,67;1011,3,16,39,65;1321,3,5,21,43;1362,1,97;1012,4,6,15,46,100
59,16,22:1113,3,107,139,172;1001,1,327;1158,1,91;1318,1,65;1035,1,146;1283,1,97;1205,1,33;1302,1,225;1040,2,74,266;1083,1,104;1274,1,254;1086,1,200;1019,2,24,88;1246,1,148;1053,3,16,39,89;1032,1,283
3725,9,16:1113,1,109;1158,2,90,101;1065,1,83;1066,1,189;1035,1,206;1193,6,8,20,36,62,107,120;1198,1,60;1199,1,58;1129,2,181,235
11,8,20:1113,4,114,153,189,198;1376,3,51,128,154;1083,2,70,208;1287,3,91,121,216;1127,1,150;1092,1,52;1198,3,2,17,31;1199,3,2,16,29
32,12,24:1113,1,123;1003,7,50,88,128,130,181,200,297;1180,3,21,53,178;1218,1,31;1089,1,81;1127,1,88;1044,1,115;1198,1,94;1386,3,29,60,226;1199,1,96;1094,1,136;1174,3,7,28,54
1487,2,2:1113,1,134;1287,1,239
1550,6,6:1113,1,145;1035,1,187;1011,1,80;1080,1,74;1329,1,152;1397,1,91
1258,6,8:1113,1,152;1066,2,137,158;1274,1,153;1342,1,117;1195,2,160,255;1156,1,176
1488,13,24:1113,1,167;1158,1,99;1065,1,75;1003,1,124;1066,5,19,49,81,122,169;1035,4,6,27,54,111;1086,1,216;1044,1,109;1026,1,115;1329,2,95,124;1094,2,81,127;1051,3,104,107,111;1330,1,57
2659,5,7:1113,2,170,176;1158,2,42,53;1065,1,64;1066,1,132;1217,1,61
1795,10,14:1113,1,182;1158,1,115;1068,1,27;1254,1,125;1165,2,3,10;1085,1,49;1021,2,4,18;1048,1,18;1279,3,1,11,26;1153,1,40
828,8,13:1113,1,194;1225,1,130;1269,1,170;1118,3,104,191,222;1226,3,3,21,42;1172,1,77;1120,2,38,154;1027,1,200
2549,3,3:1113,1,203;1158,1,49;1035,1,197
1895,10,36:1060,3,6,23,62;1261,3,8,31,51;1067,8,2,5,18,128,151,181,206,227;1068,2,26,163;1387,5,7,14,32,53,74;1069,4,5,10,24,64;1237,4,5,11,16,24;1275,4,9,24,46,223;1293,2,37,149;1278,1,77
6934,1,2:1060,2,17,34
1591,10,14:1060,1,36;1114,1,297;1003,1,263;1366,3,2,10,18;1263,1,16;1254,1,30;1225,1,47;1265,1,23;1195,3,63,117,245;1122,1,62
2667,3,7:1060,1,37;1366,3,3,11,19;1054,3,8,25,58
3976,2,2:1060,1,39;1237,1,71
687,15,31:1060,1,41;1001,2,11,41;1005,1,55;1070,3,11,24,53;1385,3,6,12,21;1205,1,57;1189,2,40,102;1303,1,58;1200,5,4,28,60,80,103;1305,3,61,74,98;1383,1,70;1201,3,40,50,207;1306,1,57;1280,1,139;1153,3,31,55,94
4621,3,3:1060,1,44;1271,1,31;1040,1,128
6935,1,1:1060,1,51
6936,1,1:1060,1,57
5810,5,5:1060,1,59;1003,1,139;1161,1,119;1075,1,100;1121,1,130
3900,6,10:1060,3,65,99,154;1261,1,82;1067,2,60,110;1068,1,158;1069,2,74,123;1237,1,27
6937,1,2:1060,2,76,86
3537,2,2:1060,1,81;1281,1,182
6938,1,1:1060,1,84
2055,8,11:1060,1,88;1143,1,82;1079,1,270;1080,1,174;1187,4,340,403,467,541;1086,1,294;1020,1,145;1129,1,25
1080,5,5:1060,1,97;1125,1,60;1205,1,131;1026,1,278;1233,1,46
2155,2,2:1060,1,108;1328,1,17
6939,1,1:1060,1,114
1302,5,8:1060,1,117;1120,3,26,70,81;1173,1,174;1103,2,13,36;1155,1,97
6940,1,1:1060,1,124
1428,14,16:1060,2,133,136;1067,1,204;1115,1,161;1160,1,60;1231,1,46;1324,1,99;1118,2,188,211;1039,1,95;1242,1,149;1040,1,205;1226,1,154;1288,1,154;1096,1,180;1334,1,119
2071,4,6:1060,1,141;1360,3,67,155,235;1278,1,79;1328,1,48
1584,1,1:1060,1,143
6941,2,3:1001,2,10,40;1351,1,40
5427,2,3:1001,2,12,42;1083,1,90
4595,3,5:1001,2,23,53;1187,1,416;1017,2,53,258
6942,1,2:1001,2,26,56
1241,1,1:1001,1,66
1242,6,7:1001,1,67;1271,1,28;1078,1,95;1011,1,86;1044,2,113,126;1129,1,182
428,4,4:1001,1,68;1198,1,136;1199,1,120;1343,1,60
6943,2,2:1001,1,85;1016,1,109
5777,1,1:1001,1,87
1206,3,3:1001,1,90;1226,1,88;1277,1,44
1225,1,1:1001,1,103
6944,1,1:1001,1,105
1240,7,15:1001,4,118,219,251,312;1012,1,64;1286,1,226;1021,1,63;1174,2,77,127;1103,1,242;1155,5,8,31,65,180,305
3608,4,4:1001,1,127;1182,1,156;1009,1,173;1275,1,139
2920,4,4:1001,1,129;1070,1,43;1183,1,160;1027,1,165
6945,1,2:1001,2,146,331
3997,1,1:1001,1,164
6946,1,1:1001,1,166
334,18,25:1001,1,168;1061,1,289;1139,1,45;1184,1,151;1269,2,112,151;1083,2,80,96;1084,1,286;1086,1,346;1168,1,46;1191,3,304,328,370;1286,1,122;1276,1,85;1120,1,113;1194,1,91;1121,1,281;1149,4,30,141,214,303;1210,1,132;1097,1,101
2203,2,2:1001,1,174;1174,1,67
1068,5,5:1001,1,178;1160,1,79;1020,1,184;1377,1,96;1382,1,181
148,2,2:1001,1,180;1306,1,130
2426,1,1:1001,1,183
3308,6,8:1001,1,184;1125,2,14,35;1191,1,105;1295,1,59;1150,2,88,239;1386,1,181
1286,3,3:1001,1,193;1191,1,64;1089,1,69
1520,24,44:1001,1,224;1158,4,21,44,55,70;1234,4,10,22,33,42;1035,2,207,219;1067,1,142;1357,1,45;1074,1,62;1078,1,81;1012,2,9,18;1184,3,26,76,161;1376,3,48,55,158;1040,2,10,28;1274,1,39;1086,2,16,264;1019,2,6,12;1288,1,165;1121,2,13,33;1351,1,36;1304,1,128;1025,1,84;1197,1,58;1201,1,220;1030,3,70,101,236;1032,3,226,230,261
1952,6,13:1001,2,258,362;1125,5,12,20,33,41,132;1326,1,58;1172,1,52;1127,1,212;1329,3,82,175,180
904,28,35:1001,1,291;1002,1,168;1069,2,60,98;1004,1,172;1005,2,74,126;1115,1,168;1181,1,181;1215,2,140,206;1385,1,68;1037,1,147;1205,1,226;1039,1,193;1040,1,164;1084,1,177;1017,4,123,132,171,295;1191,1,341;1226,1,195;1043,1,169;1023,1,51;1197,2,157,247;1048,1,134;1050,1,172;1266,1,97;1202,1,111;1270,1,50;1032,1,132;1334,1,99;1056,1,55
4404,1,1:1001,1,298
6947,1,1:1001,1,299
304,6,6:1001,1,301;1070,1,204;1010,1,79;1269,1,161;1220,1,80;1327,1,155
170,5,7:1001,1,315;1215,1,158;1388,2,35,50;1096,2,177,202;1363,1,155
6948,1,1:1001,1,317
3368,1,1:1001,1,344
6949,2,2:1001,1,346;1070,1,83
1262,7,10:1001,1,348;1253,1,110;1330,3,4,15,112;1151,1,53;1343,2,28,73;1247,1,84;1249,1,54
5489,2,2:1001,1,359;1004,1,187
2699,4,8:1136,3,5,15,32;1025,2,17,36;1209,2,8,18;1343,1,100
2848,3,4:1136,1,23;1072,1,221;1360,2,91,254
1224,12,14:1136,1,58;1062,1,144;1071,1,42;1072,1,257;1116,1,170;1040,1,173;1086,1,166;1277,1,104;1288,1,61;1090,1,39;1094,1,125;1290,3,19,35,70
6043,7,17:1299,3,7,15,33;1137,3,65,75,96;1071,1,34;1142,3,11,23,37;1160,3,11,29,50;1319,3,21,43,67;1182,1,24
3943,1,1:1299,1,36
63,20,43:1299,1,46;1063,3,8,25,59;1114,2,3,46;1378,3,3,11,28;1179,2,4,12;1162,3,4,12,34;1240,2,185,194;1185,1,31;1323,3,3,8,22;1163,3,3,9,22;1284,2,22,123;1218,3,4,14,33;1232,2,36,48;1336,3,3,10,27;1377,1,35;1295,2,8,21;1219,2,4,10;1090,3,3,14,30;1052,1,139;1291,1,41
2319,1,1:1299,1,54
2817,2,2:1299,1,59;1290,1,43
2782,4,4:1299,1,63;1061,1,220;1355,1,70;1016,1,256
6636,1,1:1299,1,72
583,5,7:1299,1,78;1348,1,28;1320,3,36,57,116;1254,1,28;1383,1,19
408,17,30:1299,1,95;1318,1,68;1003,2,64,236;1358,1,87;1009,3,3,15,179;1010,3,6,24,90;1322,1,63;1302,1,230;1015,1,121;1275,2,213,229;1086,1,172;1147,1,153;1020,1,110;1046,1,126;1198,6,5,8,20,23,81,103;1199,3,7,21,83;1155,1,81
368,5,5:1299,1,100;1182,1,38;1240,1,116;1045,1,105;1329,1,47
1824,12,22:1299,1,106;1189,3,10,21,34;1303,3,9,20,28;1275,1,148;1043,1,50;1278,1,37;1045,1,55;1046,1,134;1050,1,50;1093,4,11,29,58,87;1153,2,5,12;1176,3,9,19,48
1329,3,3:1299,1,107;1128,1,22;1032,1,155
1377,2,2:1299,1,110;1320,1,25
3469,6,6:1299,1,112;1223,1,77;1005,1,152;1165,1,96;1044,1,193;1122,1,46
3639,1,1:1299,1,121
2217,2,2:1299,1,124;1302,1,170
3113,10,17:1344,2,3,13;1068,2,81,99;1215,1,49;1075,1,206;1172,1,107;1045,1,73;1046,1,41;1091,2,3,7;1266,3,10,20,45;1027,3,12,25,46
5845,1,3:1344,3,5,15,26
1911,2,2:1344,1,24;1161,1,117
5505,2,2:1344,1,28;1215,1,185
6950,1,1:1344,1,31
3970,1,1:1344,1,35
1324,7,8:1344,1,40;1381,1,62;1179,1,80;1272,1,143;1269,1,258;1324,1,114;1018,2,115,182
2116,2,2:1344,1,41;1381,1,28
6951,1,1:1344,1,43
5944,4,5:1137,1,15;1072,2,228,238;1345,1,23;1360,1,110
4281,2,2:1137,1,40;1295,1,103
3349,3,3:1137,1,79;1209,1,274;1245,1,102
6952,3,12:1138,3,4,13,27;1215,6,1,7,29,82,215,252;1182,3,5,15,61
6953,5,9:1138,1,23;1215,1,282;1339,1,98;1347,3,7,15,32;1340,3,4,10,39
6954,1,1:1138,1,50
5654,2,2:1138,1,67;1189,1,104
3399,2,2:1138,1,82;1150,1,78
161,16,19:1138,1,87;1061,2,64,355;1182,1,89;1205,2,85,97;1082,1,141;1326,1,72;1045,1,152;1149,1,99;1207,1,131;1092,2,195,211;1128,1,63;1129,1,217;1101,1,179;1308,1,303;1176,1,106;1248,1,92
6955,3,13:1061,5,1,9,177,319,346;1148,7,108,127,191,268,306,321,325;1042,1,28
5448,10,22:1061,6,3,11,22,82,179,203;1069,1,58;1036,2,77,85;1224,1,29;1293,2,57,140;1276,2,1,10;1148,3,2,14,31;1042,2,5,10;1279,1,91;1280,2,13,28
605,5,7:1061,3,8,16,184;1339,1,99;1116,1,82;1148,1,118;1049,1,86
151,6,12:1061,2,18,165;1217,1,9;1169,5,2,10,131,202,301;1090,1,92;1390,2,77,128;1291,1,86
2009,8,9:1061,1,23;1139,1,102;1302,2,2,9;1148,1,32;1278,1,87;1045,1,100;1206,1,51;1227,1,174
2289,4,13:1061,5,43,69,75,297,369;1320,1,97;1276,2,24,89;1148,5,62,91,123,155,217
2613,6,12:1061,1,44;1356,1,69;1126,4,2,15,198,212;1150,1,164;1233,3,3,12,32;1390,2,81,100
3185,2,2:1061,1,46;1381,1,88
397,8,9:1061,1,48;1036,1,122;1077,2,93,123;1324,1,39;1205,1,96;1336,1,115;1173,1,78;1127,1,71
1228,2,2:1061,1,58;1272,1,63
6956,2,2:1061,1,70;1148,1,83
4066,1,2:1061,2,73,196
1530,3,4:1061,1,76;1277,1,141;1148,2,218,271
465,9,19:1061,1,79;1068,2,45,141;1237,1,39;1036,1,78;1349,2,45,128;1148,8,10,22,34,148,227,273,300,310;1304,1,53;1048,1,233;1306,2,5,17
6302,1,1:1061,1,86
2207,4,4:1061,1,87;1269,1,206;1287,1,240;1093,1,72
67,40,57:1061,1,102;1063,3,7,24,55;1355,1,50;1114,1,210;1064,4,4,12,21,41;1292,2,46,57;1037,1,16;1162,1,33;1163,2,21,36;1126,4,13,26,210,222;1164,1,25;1016,1,168;1242,1,33;1325,1,55;1166,1,28;1217,1,20;1243,1,65;1341,1,26;1285,1,63;1336,1,26;1294,1,47;1171,1,193;1193,1,124;1042,1,40;1370,1,55;1120,1,249;1350,1,60;1023,2,4,16;1327,1,111;1207,1,67;1279,1,69;1150,3,53,115,131;1210,1,51;1233,1,64;1246,2,38,54;1386,1,38;1266,3,7,17,42;1352,1,38;1228,1,29;1229,2,12,24
72,36,62:1061,1,121;1282,2,10,30;1063,3,6,23,54;1223,2,1,11;1355,1,49;1114,3,23,66,101;1064,1,61;1378,1,42;1368,1,54;1392,1,82;1292,1,92;1184,2,5,11;1013,1,56;1241,3,2,11,28;1302,1,113;1242,2,32,181;1040,2,142,244;1017,3,101,129,151;1167,1,63;1168,1,82;1191,1,274;1192,3,3,8,173;1336,3,1,8,25;1377,4,2,15,33,87;1193,1,180;1370,1,54;1328,2,2,6;1209,1,254;1361,2,55,62;1048,2,33,341;1150,1,185;1352,3,3,7,15;1228,1,27;1290,1,11;1229,2,40,292;1056,1,47
1116,2,2:1061,1,127;1270,1,162
6957,1,1:1061,1,131
6958,1,1:1061,1,170
3138,2,2:1061,1,171;1099,1,100
796,10,18:1061,1,188;1179,1,78;1126,3,11,24,208;1191,1,205;1342,2,7,18;1244,1,40;1024,5,6,15,25,45,92;1382,1,57;1371,1,28;1248,2,35,151
4845,1,3:1061,3,197,246,282
1226,8,13:1061,3,202,309,335;1082,1,81;1083,1,72;1148,2,101,116;1220,1,54;1201,1,177;1099,3,159,202,269;1281,1,49
2214,2,2:1061,1,204;1279,1,89
6959,2,2:1061,1,208;1227,1,167
1093,5,14:1061,2,210,293;1161,1,255;1048,7,60,77,179,199,261,348,362;1150,3,12,30,56;1097,1,68
833,10,10:1061,1,238;1224,1,27;1184,1,128;1275,1,98;1276,1,23;1171,1,68;1278,1,89;1327,1,67;1270,1,101;1229,1,151
6960,1,1:1061,1,243
2909,1,1:1061,1,251
4148,1,1:1061,1,255
2442,4,5:1061,1,258;1204,1,80;1017,1,157;1277,2,94,143
3145,2,2:1061,1,274;1326,1,69
4371,1,1:1061,1,277
6961,1,1:1061,1,284
333,8,10:1061,1,288;1385,1,16;1324,1,94;1019,1,47;1394,2,149,159;1087,1,28;1207,1,200;1228,2,94,174
503,10,13:1061,1,314;1063,1,58;1003,2,59,188;1139,1,81;1074,1,155;1265,1,53;1122,1,75;1030,3,49,273,300;1032,1,44;1101,1,128
542,5,5:1061,1,320;1114,1,252;1181,1,82;1220,1,63;1279,1,77
4167,1,1:1061,1,337
6962,1,1:1061,1,349
512,11,11:1061,1,358;1345,1,48;1346,1,50;1241,1,37;1369,1,96;1020,1,159;1337,1,20;1209,1,105;1097,1,154;1371,1,34;1155,1,258
1779,3,7:1061,1,359;1125,5,3,24,45,62,135;1048,1,634
888,1,1:1061,1,362
3062,12,17:1061,1,370;1074,1,219;1079,1,260;1269,1,136;1126,1,73;1164,2,43,70;1188,1,60;1286,3,63,114,126;1244,1,48;1024,1,39;1227,2,57,161;1233,2,23,71
705,14,20:1380,3,10,27,68;1384,1,54;1381,3,7,16,37;1213,3,5,15,41;1159,1,237;1072,1,223;1360,1,82;1118,1,56;1169,1,231;1295,1,90;1229,1,207;1308,1,107;1390,1,42;1291,1,79
1697,6,11:1380,1,50;1188,2,83,103;1191,2,202,216;1128,1,121;1150,2,63,95;1027,3,13,26,41
917,12,17:1380,1,55;1036,3,16,39,62;1007,1,116;1184,1,44;1117,1,126;1191,1,149;1193,2,32,86;1120,1,45;1025,1,60;1049,1,70;1210,2,127,140;1097,2,133,141
5307,1,1:1380,1,66
6963,1,1:1380,1,69
1790,2,2:1380,1,71;1014,1,205
3363,9,21:1002,1,46;1178,4,22,54,85,109;1040,1,262;1017,6,4,15,49,107,259,283;1089,1,77;1092,1,188;1094,5,5,16,53,114,143;1174,1,192;1052,1,143
120,9,9:1002,1,61;1359,1,91;1235,1,158;1295,1,56;1088,1,131;1350,1,34;1327,1,56;1090,1,122;1099,1,176
1557,3,5:1002,1,88;1326,1,66;1229,3,41,293,301
2322,4,4:1002,1,96;1169,1,294;1192,1,93;1308,1,171
6964,2,2:1002,1,104;1184,1,27
466,30,75:1002,2,128,151;1062,4,19,40,119,188;1003,3,6,20,89;1159,1,271;1180,2,22,54;1184,1,62;1185,2,5,14;1376,3,10,22,58;1205,2,39,79;1083,1,44;1017,3,11,22,42;1020,1,202;1089,1,32;1120,1,151;1287,2,1,11;1127,2,65,190;1304,1,55;1092,1,40;1198,5,12,27,40,125,127;1386,6,4,12,26,113,117,223;1199,6,11,25,38,111,113,158;1027,1,176;1094,5,11,22,34,42,121;1051,1,191;1174,5,11,32,58,189,235;1052,3,74,90,128;1028,2,39,279;1095,4,13,33,67,74;1202,2,61,149;1306,2,7,19
1655,14,22:1062,4,21,42,121,231;1035,2,103,176;1078,1,106;1011,2,96,158;1079,1,94;1188,1,56;1086,1,106;1019,1,36;1287,1,237;1265,3,9,18,46;1196,2,125,151;1245,1,98;1386,1,91;1100,1,58
5683,3,5:1062,1,71;1178,3,104,110,116;1052,1,70
3986,3,7:1062,4,137,145,167,185;1044,1,110;1052,2,66,157
5022,1,1:1062,1,173
6317,2,2:1062,1,183;1183,1,156
56,5,5:1062,1,199;1262,1,44;1293,1,159;1265,1,59;1208,1,78
952,14,26:1062,2,203,214;1139,1,66;1339,4,1,10,66,78;1182,1,81;1185,1,42;1303,2,126,144;1147,1,111;1192,1,77;1148,1,339;1195,3,10,21,41;1048,2,389,528;1150,1,222;1200,2,10,34;1201,4,36,170,182,201
6965,1,1:1062,1,224
881,38,136:1282,2,11,31;1223,1,67;1355,1,125;1003,2,155,216;1358,4,7,26,54,98;1385,1,43;1010,1,41;1079,1,117;1013,5,4,16,40,91,143;1117,1,120;1324,1,86;1187,4,8,23,36,600;1014,7,9,29,73,93,133,151,168;1016,6,10,23,62,139,223,227;1242,4,2,13,155,190;1040,5,4,22,151,197,229;1303,3,5,16,51;1086,5,54,77,121,175,176;1087,4,9,20,56,74;1285,2,58,65;1294,4,4,19,35,65;1193,1,173;1395,4,4,11,25,51;1287,3,4,14,35;1022,1,66;1195,15,6,17,36,49,61,64,90,118,133,165,192,199,204,219,246;1149,1,241;1093,3,17,35,125;1026,3,16,33,104;1095,4,8,28,161,223;1200,8,6,20,30,44,62,81,93,106;1305,2,78,131;1201,3,89,166,224;1236,1,66;1096,3,90,197,246;1202,4,58,146,175,198;1099,5,2,11,22,61,76;1032,11,7,18,29,71,94,122,168,188,209,218,256
173,2,2:1282,1,57;1202,1,119
564,10,20:1282,2,67,84;1016,1,237;1083,1,175;1166,2,153,160;1084,6,48,193,211,223,244,304;1218,1,106;1086,1,300;1147,3,165,202,247;1255,2,53,131;1370,1,37
3420,3,3:1282,1,78;1213,1,80;1084,1,96
1060,1,1:1282,1,91
130,16,36:1282,1,92;1161,12,158,169,185,192,247,260,299,350,382,394,426,459;1321,1,123;1224,1,141;1013,1,84;1241,1,154;1016,4,8,21,60,137;1166,1,18;1167,4,177,189,217,287;1086,1,240;1336,1,200;1255,2,180,211;1120,1,205;1173,2,67,98;1202,2,192,209;1154,1,226
131,16,26:1282,1,93;1224,1,142;1013,1,85;1186,2,123,126;1241,1,155;1016,4,9,22,61,138;1166,1,19;1167,4,178,190,218,288;1086,1,241;1336,1,201;1255,2,181,212;1120,1,206;1173,2,68,99;1149,1,240;1202,2,193,210;1154,1,227
5670,3,3:1282,1,113;1053,1,66;1054,1,94
1513,7,9:1178,3,10,42,73;1005,1,147;1323,1,38;1190,1,90;1219,1,22;1088,1,16;1156,1,50
17,31,57:1178,3,19,51,82;1035,1,66;1004,1,224;1070,1,148;1180,7,8,40,86,111,117,208,218;1161,3,239,266,283;1162,1,112;1117,2,60,147;1039,4,82,174,181,199;1040,3,56,175,284;1017,1,50;1018,3,148,159,171;1192,1,221;1295,1,62;1170,1,81;1120,1,72;1265,2,29,44;1196,1,123;1047,1,34;1197,5,22,49,62,76,275;1090,1,41;1092,2,186,204;1245,1,96;1174,1,172;1052,1,144;1305,1,44;1201,3,8,16,29;1053,1,159;1029,1,129;1030,1,123;1101,1,195
5798,1,4:1178,4,24,56,87,115
1026,13,28:1178,4,32,64,150,165;1356,2,8,16;1161,2,12,24;1271,1,99;1342,2,11,22;1043,1,53;1195,4,1,12,29,106;1050,1,53;1200,2,55,124;1305,4,11,22,32,105;1236,3,5,14,30;1176,1,51;1248,1,38
6966,1,1:1178,1,106
6967,1,1:1178,1,112
4683,1,1:1178,1,118
1560,11,12:1178,1,123;1003,1,126;1004,1,253;1215,1,172;1081,1,206;1293,1,153;1171,1,176;1149,1,227;1024,1,134;1092,2,191,207;1245,1,138
6044,1,1:1178,1,130
6968,1,1:1178,1,132
6969,1,1:1178,1,141
2733,1,1:1178,1,153
2955,2,2:1178,1,155;1215,1,74
6970,1,1:1178,1,162
2388,2,2:1178,1,163;1374,1,59
5164,2,6:1063,5,17,34,107,145,165;1086,1,181
66,26,35:1063,1,53;1204,1,106;1385,1,14;1292,2,22,33;1224,1,61;1240,1,26;1016,3,153,207,265;1242,1,31;1325,1,49;1119,3,2,17,33;1293,2,19,163;1147,1,32;1336,1,24;1294,1,46;1288,1,101;1206,1,102;1207,2,46,66;1150,1,130;1386,1,36;1051,1,150;1052,1,105;1228,1,28;1290,2,85,134;1280,1,72;1248,1,127;1334,2,68,101
2232,3,3:1063,1,69;1158,1,109;1081,1,161
2767,4,4:1063,1,92;1179,1,97;1009,1,247;1088,1,280
1229,9,9:1063,1,98;1159,1,137;1269,1,86;1169,1,252;1024,1,177;1208,1,94;1382,1,91;1306,1,146;1176,1,78
6971,1,1:1063,1,129
3629,3,3:1063,1,148;1215,1,160;1038,1,60
1943,1,1:1063,1,157
4597,1,2:1384,2,7,14
2109,1,1:1384,1,24
2163,4,4:1384,1,27;1184,1,121;1169,1,321;1386,1,185
6362,1,2:1384,2,41,96
4605,1,1:1384,1,45
84,24,46:1384,1,71;1158,1,105;1115,4,75,205,216,244;1072,1,188;1037,1,160;1116,1,210;1362,1,114;1235,4,3,11,145,286;1040,1,259;1083,1,26;1190,5,1,11,53,84,91;1017,3,62,143,274;1169,1,40;1336,2,33,151;1276,1,79;1326,1,64;1219,1,26;1089,2,35,65;1149,5,37,127,159,169,206;1090,1,199;1361,1,74;1092,2,173,198;1095,4,15,35,109,193;1228,1,32
3470,13,21:1384,1,85;1213,1,132;1358,1,72;1187,1,593;1189,2,33,116;1303,2,91,120;1086,3,50,104,108;1395,1,40;1120,2,93,123;1287,1,231;1351,1,18;1331,1,75;1099,4,124,131,171,236
3689,1,1:1384,1,93
1391,3,3:1384,1,94;1274,1,67;1100,1,64
2317,1,2:1223,2,3,13
6972,1,2:1223,2,10,20
2614,10,15:1223,1,21;1392,2,36,66;1381,2,83,114;1213,2,94,187;1323,1,101;1166,1,93;1394,1,27;1286,2,186,229;1337,2,73,81;1227,1,157
578,6,7:1223,1,24;1142,1,118;1327,1,47;1209,1,111;1386,2,45,254;1308,1,220
2786,6,9:1223,1,33;1114,1,126;1003,1,207;1191,3,314,337,389;1195,2,200,205;1200,1,82
104,5,6:1223,1,56;1114,1,136;1014,1,312;1020,1,72;1056,2,44,71
3460,1,1:1223,1,78
6022,2,2:1223,1,85;1067,1,191
6973,1,1:1223,1,88
2452,2,2:1223,1,90;1206,1,172
669,22,56:1223,1,97;1005,1,117;1070,2,123,199;1254,5,5,15,66,81,90;1117,1,67;1273,6,9,18,88,94,128,211;1190,4,3,13,56,87;1218,2,76,80;1086,3,355,370,404;1120,1,208;1220,1,180;1022,1,95;1094,1,130;1029,2,106,118;1030,4,53,253,277,304;1097,1,187;1098,4,19,41,46,62;1308,4,248,292,299,328;1102,4,9,18,51,180;1363,2,68,106;1281,4,77,87,109,146;1154,2,141,231
925,15,23:1223,1,100;1005,1,40;1238,1,58;1078,2,134,143;1011,4,100,125,134,171;1116,1,171;1276,1,62;1088,1,27;1278,1,118;1121,1,242;1197,1,195;1051,1,195;1101,1,181;1281,1,134;1248,5,5,17,81,95,117
6974,1,1:1223,1,106
2550,5,6:1223,1,109;1149,1,51;1202,2,184,204;1097,1,222;1270,1,172
2137,2,4:1223,1,114;1370,3,5,13,26
4680,4,5:1223,1,121;1271,1,83;1040,2,17,35;1173,1,82
2053,1,1:1355,1,46
6719,2,2:1355,1,58;1347,1,43
560,2,2:1355,1,86;1128,1,166
6975,1,1:1355,1,92
5017,1,1:1355,1,94
6367,2,2:1355,1,100;1217,1,75
1348,2,3:1355,1,115;1227,2,10,24
1189,8,10:1355,1,118;1013,1,125;1169,1,63;1090,2,183,209;1329,2,65,103;1027,1,128;1330,1,98;1028,1,90
4681,4,7:1114,4,12,28,55,71;1064,1,22;1150,1,188;1153,1,82
1577,1,6:1114,6,34,77,264,272,309,337
224,13,20:1114,6,35,78,156,265,273,338;1368,1,71;1067,1,122;1008,1,174;1009,1,210;1302,2,226,249;1015,1,78;1278,1,159;1121,1,202;1048,2,467,609;1331,1,51;1371,1,45;1250,1,79
738,9,10:1114,1,113;1179,2,52,174;1074,1,191;1079,1,183;1080,1,143;1116,1,103;1352,1,76;1332,1,89;1155,1,148
2342,4,4:1114,1,123;1013,1,27;1021,1,47;1279,1,68
2862,1,1:1114,1,143
6976,1,1:1114,1,155
2555,1,2:1114,2,173,291
266,5,8:1114,1,214;1213,2,62,64;1262,1,130;1233,2,34,55;1307,2,71,75
1298,7,10:1114,1,222;1205,3,180,222,274;1336,2,46,68;1194,1,62;1289,1,79;1233,1,63;1099,1,56
6977,1,1:1114,1,249
5917,3,5:1114,1,250;1215,1,216;1182,3,10,20,162
878,8,11:1114,2,255,319;1242,1,95;1275,2,188,269;1293,1,85;1045,1,180;1270,1,45;1280,1,98;1154,2,111,127
2063,7,12:1064,1,26;1004,1,309;1115,1,110;1292,6,12,63,102,117,133,148;1241,1,87;1187,1,242;1270,1,146
4701,3,3:1064,1,69;1146,1,21;1323,1,84
3793,2,2:1064,1,73;1184,1,73
4652,1,1:1064,1,81
1273,6,7:1378,1,19;1300,1,29;1012,1,107;1146,1,40;1184,2,80,197;1023,1,54
5158,1,1:1378,1,20
6978,1,1:1378,1,33
764,7,7:1368,1,60;1398,1,48;1187,1,240;1205,1,213;1284,1,83;1232,1,88;1270,1,86
6979,1,2:1368,2,65,74
1212,9,9:1368,1,82;1213,1,96;1074,1,272;1163,1,115;1302,1,240;1017,1,269;1172,1,96;1150,1,107;1201,1,150
4559,1,1:1368,1,89
273,5,8:1392,4,8,19,29,69;1015,1,94;1166,1,150;1154,1,185;1221,1,69
6980,1,1:1392,1,24
1836,5,6:1392,1,57;1347,1,70;1161,1,442;1086,2,78,248;1127,1,93
2895,3,3:1392,1,62;1274,1,56;1175,1,189
786,14,14:1392,1,65;1003,1,246;1347,1,147;1283,1,18;1163,1,31;1235,1,88;1147,1,189;1020,1,65;1088,1,86;1092,1,121;1343,1,72;1098,1,66;1270,1,74;1280,1,83
1363,1,1:1392,1,73
1721,7,7:1381,1,49;1295,1,163;1148,1,370;1288,1,194;1289,1,126;1386,1,149;1202,1,196
1143,1,1:1381,1,57
544,4,4:1381,1,58;1349,1,71;1169,1,83;1370,1,97
2853,1,1:1381,1,66
600,1,1:1381,1,68
1554,8,9:1381,1,75;1214,1,94;1253,1,62;1087,2,7,18;1148,1,204;1090,1,154;1233,1,84;1175,1,84
5954,1,1:1381,1,82
2308,3,4:1381,1,89;1274,1,65;1051,2,193,201
2939,9,9:1381,1,92;1009,1,149;1013,1,79;1369,1,131;1191,1,348;1169,1,309;1295,1,112;1090,1,129;1054,1,78
3683,2,2:1381,1,94;1240,1,142
6981,1,1:1381,1,103
6982,1,1:1381,1,105
2389,4,8:1381,1,110;1387,1,61;1125,3,5,26,47;1221,3,14,31,39
2618,6,6:1381,1,122;1036,1,97;1009,1,175;1082,1,173;1278,1,26;1229,1,163
6983,1,1:1381,1,126
6984,1,1:1381,1,129
2448,12,22:1213,3,9,19,40;1184,1,171;1163,1,54;1018,3,5,14,55;1170,4,14,29,44,86;1352,1,69;1100,1,105;1308,3,18,37,59;1363,2,11,28;1281,1,30;1390,1,60;1291,1,83
2240,8,9:1213,1,29;1171,1,63;1278,1,141;1127,1,99;1209,1,96;1361,1,64;1028,2,267,286;1153,1,104
1106,1,1:1213,1,33
2338,3,3:1213,1,34;1032,1,228;1248,1,59
3028,3,3:1213,1,35;1070,1,137;1215,1,154
2215,1,1:1213,1,50
6985,1,1:1213,1,51
6986,1,1:1213,1,52
4917,1,1:1213,1,57
6987,1,1:1213,1,71
4297,1,1:1213,1,72
5364,2,2:1213,1,74;1226,1,93
6988,1,1:1213,1,75
6989,1,1:1213,1,76
6990,1,1:1213,1,77
2652,2,2:1213,1,101;1028,1,265
582,3,3:1213,1,102;1072,1,71;1150,1,251
6991,1,1:1213,1,104
1321,1,1:1213,1,106
6992,1,1:1213,1,108
4488,2,4:1213,3,109,146,179;1167,1,93
3863,1,3:1213,3,110,147,180
4393,1,1:1213,1,112
6993,1,1:1213,1,126
6994,1,2:1213,2,134,156
5897,1,1:1213,1,140
581,3,3:1213,1,185;1274,1,41;1336,1,71
6995,1,1:1213,1,190
3916,3,4:1213,1,201;1127,1,96;1221,2,17,34
4720,3,6:1158,2,5,12;1075,2,142,158;1037,2,54,98
713,4,4:1158,1,17;1262,1,23;1382,1,85;1156,1,22
1012,8,10:1158,1,20;1238,1,72;1240,1,111;1018,2,61,79;1210,1,120;1097,1,164;1308,1,68;1281,2,33,63
2977,2,2:1158,1,27;1036,1,107
6996,1,2:1158,2,30,128
1785,7,10:1158,1,32;1074,1,209;1079,3,221,250,287;1080,2,172,188;1116,1,200;1321,1,117;1053,1,102
3477,6,6:1158,1,50;1234,1,55;1269,1,205;1120,1,209;1026,1,316;1053,1,228
6997,3,5:1158,1,51;1321,3,2,18,65;1275,1,252
5616,2,3:1158,2,63,123;1362,1,79
6998,1,1:1158,1,98
13,34,114:1158,1,108;1003,1,218;1234,1,57;1358,4,14,33,78,102;1079,3,116,189,203;1185,2,1,10;1013,5,3,15,39,90,142;1117,1,118;1302,1,75;1040,4,2,20,186,196;1303,4,3,14,43,92;1086,3,56,124,326;1019,2,38,97;1294,4,2,17,33,63;1295,2,114,149;1193,3,73,80,85;1287,3,7,17,38;1127,2,154,158;1195,9,5,16,35,57,89,132,172,191,218;1025,1,58;1246,2,118,156;1329,2,73,119;1382,3,26,47,193;1198,3,3,18,32;1386,4,80,97,134,166;1199,3,3,17,30;1174,3,94,136,175;1095,6,6,26,158,164,221,241;1200,7,5,19,29,43,61,89,105;1305,4,5,16,26,77;1201,6,70,88,108,123,165,223;1096,3,89,170,250;1032,11,6,17,27,70,92,120,167,187,207,216,255;1363,1,146
2135,1,1:1158,1,117
4745,2,3:1158,1,118;1362,2,2,10
4524,1,1:1158,1,139
5104,2,4:1318,2,13,30;1073,2,5,18
6999,1,2:1318,2,14,31
4410,5,5:1318,1,39;1014,1,148;1165,1,109;1279,1,114;1250,1,113
7000,2,4:1318,1,60;1116,3,11,31,44
7001,2,3:1318,1,61;1079,2,12,37
7002,1,1:1318,1,67
486,18,18:1318,1,79;1159,1,129;1160,1,85;1009,1,140;1144,1,66;1162,1,148;1272,1,127;1163,1,75;1217,1,42;1394,1,31;1042,1,53;1209,1,192;1289,1,99;1386,1,213;1306,1,64;1280,1,144;1055,1,54;1281,1,113
4715,2,3:1065,2,14,32;1321,1,46
2036,13,48:1065,3,17,35,57;1066,7,6,36,67,145,152,177,203;1356,1,30;1074,6,13,26,52,66,128,276;1078,1,169;1079,6,3,28,61,114,173,231;1080,4,17,35,41,67;1116,4,19,39,62,73;1321,1,106;1362,1,56;1302,7,41,64,69,120,198,221,252;1119,6,15,30,46,70,80,104;1217,1,31
7003,1,1:1065,1,44
5256,1,1:1065,1,48
2553,1,1:1065,1,50
7004,1,1:1065,1,52
3511,4,5:1065,1,54;1003,2,265,269;1115,1,77;1026,1,200
1247,10,16:1065,2,62,70;1003,1,84;1066,2,91,197;1035,1,63;1357,1,39;1074,3,161,236,311;1078,1,90;1011,1,81;1079,3,25,50,83;1080,1,133
238,4,9:1065,1,76;1169,1,42;1120,2,78,258;1095,5,118,171,182,195,253
1602,6,10:1065,1,97;1071,1,28;1073,1,55;1360,4,4,12,36,224;1304,1,137;1174,2,87,147
7005,1,1:1065,1,99
7006,1,1:1065,1,101
1867,8,15:1065,1,105;1003,4,87,123,127,296;1035,1,93;1115,1,97;1036,2,3,26;1076,4,20,45,73,142;1029,1,55;1055,1,74
2697,3,3:1065,1,124;1269,1,82;1210,1,109
3245,2,2:1065,1,129;1262,1,106
5701,1,10:1003,10,2,16,52,61,154,191,215,239,264,280
3596,1,2:1003,2,9,23
2158,7,7:1003,1,40;1159,1,231;1116,1,42;1302,1,278;1286,1,119;1044,1,114;1245,1,125
7007,1,1:1003,1,56
5598,1,1:1003,1,67
706,10,12:1003,1,76;1300,1,103;1179,1,134;1235,2,246,269;1302,1,149;1274,1,216;1342,1,156;1288,1,182;1090,2,55,140;1371,1,69
7008,1,1:1003,1,82
3280,1,1:1003,1,102
3343,2,2:1003,1,107;1371,1,35
7009,1,1:1003,1,113
445,8,10:1003,1,116;1161,2,206,268;1321,1,103;1126,1,167;1188,2,79,99;1191,1,255;1024,1,120;1280,1,86
977,6,8:1003,1,119;1180,2,170,176;1219,2,5,11;1220,1,34;1026,1,110;1031,1,130
805,4,4:1003,1,135;1366,1,31;1017,1,71;1265,1,32
5703,1,1:1003,1,152
7010,1,1:1003,1,228
3761,2,3:1003,1,230;1052,2,149,211
3555,1,1:1003,1,270
1856,4,4:1003,1,274;1362,1,45;1018,1,64;1281,1,36
944,4,4:1003,1,288;1008,1,164;1075,1,204;1320,1,74
233,18,27:1234,3,1,13,67;1009,1,94;1079,1,222;1146,1,79;1254,2,2,12;1241,1,150;1273,2,7,16;1086,2,396,425;1264,1,28;1370,1,81;1244,1,43;1287,3,56,63,182;1023,1,45;1127,1,109;1361,2,12,25;1279,1,142;1053,1,139;1202,2,37,220
7011,1,5:1234,5,7,19,31,50,99
5415,3,8:1234,4,8,20,32,51;1081,2,128,136;1329,2,141,183
242,2,3:1234,2,46,95;1193,1,123
7012,1,1:1234,1,53
402,18,26:1234,1,74;1037,1,157;1080,1,157;1013,1,57;1269,1,18;1118,1,184;1241,1,146;1014,1,313;1302,2,58,72;1166,1,85;1190,1,32;1377,1,41;1278,1,47;1023,2,31,60;1048,1,433;1210,2,1,12;1097,5,6,18,34,122,168;1056,2,45,72
1340,2,2:1234,1,83;1207,1,192
1827,2,2:1234,1,86;1187,1,34
1309,10,10:1234,1,91;1009,1,41;1322,1,50;1224,1,55;1147,1,122;1019,1,90;1169,1,173;1227,1,102;1201,1,235;1030,1,298
2034,7,13:1234,1,97;1261,3,15,38,64;1184,1,56;1269,2,7,14;1273,1,187;1119,4,10,25,41,108;1191,1,232
7013,2,2:1234,1,100;1205,1,261
78,3,3:1234,1,104;1179,1,62;1155,1,228
1281,10,19:1234,1,113;1035,1,161;1078,3,24,48,74;1079,3,19,44,77;1362,1,34;1165,1,120;1172,1,139;1122,3,7,21,33;1053,3,15,38,88;1032,2,50,65
2035,4,9:1066,3,7,37,68;1079,3,4,29,62;1119,2,12,27;1032,1,270
1292,5,9:1066,3,13,43,74;1035,3,3,24,47;1067,1,194;1011,1,183;1229,1,317
7014,1,3:1066,3,23,53,85
5538,2,5:1066,3,26,56,92;1035,2,13,34
7015,3,4:1066,1,87;1035,2,12,33;1074,1,182
4269,6,6:1066,1,104;1068,1,150;1043,1,74;1044,1,89;1050,1,72;1055,1,46
438,1,1:1066,1,108
208,6,6:1066,1,109;1007,1,62;1015,1,38;1016,1,47;1040,1,59;1172,1,127
816,12,17:1066,2,118,165;1035,2,107,180;1179,2,50,86;1347,3,86,184,218;1116,1,179;1283,1,123;1041,1,86;1018,1,80;1247,1,63;1308,1,69;1281,1,64;1155,1,106
3687,3,3:1066,1,147;1079,1,229;1119,1,72
3204,3,3:1066,1,149;1088,1,264;1048,1,558
4590,1,1:1066,1,150
602,3,3:1066,1,156;1275,1,248;1026,1,339
7016,2,2:1066,1,161;1119,1,83
7017,2,2:1066,1,162;1200,1,183
3295,9,10:1066,2,171,180;1387,1,25;1159,1,114;1345,1,60;1347,1,37;1117,1,70;1167,1,134;1169,1,190;1350,1,66
5606,2,3:1066,1,183;1035,2,200,215
1615,4,4:1066,1,190;1013,1,167;1205,1,244;1086,1,287
2927,2,3:1035,2,10,31;1181,1,118
1238,7,12:1035,2,58,119;1125,1,76;1292,3,43,56,198;1078,1,89;1147,1,173;1393,3,5,11,24;1094,1,46
725,5,12:1035,4,61,122,142,191;1125,2,77,100;1023,2,11,23;1210,3,10,21,64;1329,1,112
6436,1,1:1035,1,84
7018,1,1:1035,1,89
2371,8,9:1035,1,90;1068,1,153;1069,1,94;1115,2,24,48;1014,1,87;1017,1,58;1048,1,98;1030,1,125
7019,1,3:1035,3,123,145,186
7020,2,5:1035,2,133,225;1093,3,8,26,41
4535,1,1:1035,1,134
5110,4,4:1035,1,136;1017,1,98;1148,1,334;1246,1,220
7021,1,1:1035,1,144
5603,1,1:1035,1,156
5966,1,1:1035,1,162
7022,2,2:1035,1,221;1042,1,13
717,2,3:1035,1,226;1329,2,153,168
776,8,10:1261,3,6,29,49;1067,1,179;1069,1,62;1183,1,102;1275,1,154;1279,1,108;1266,1,144;1027,1,76
1945,8,11:1261,3,21,44,74;1181,1,74;1076,1,118;1039,2,66,76;1053,1,55;1030,1,74;1031,1,40;1054,1,52
1870,6,6:1261,1,68;1237,1,46;1183,1,93;1265,1,30;1149,1,220;1027,1,180
5053,2,2:1261,1,83;1067,1,61
7023,2,2:1261,1,84;1067,1,63
7024,1,1:1261,1,86
7025,2,2:1261,1,88;1067,1,65
7026,2,2:1261,1,89;1067,1,66
7027,2,2:1261,1,90;1067,1,67
7028,2,2:1261,1,91;1067,1,68
7029,4,7:1261,1,93;1067,1,70;1227,2,30,127;1049,3,11,25,30
7030,2,2:1261,1,94;1067,1,71
7031,2,2:1261,1,96;1067,1,74
7032,1,1:1261,1,97
1362,14,20:1261,1,99;1070,1,39;1181,1,53;1010,1,73;1075,1,124;1011,1,162;1016,1,89;1084,1,85;1017,3,66,233,277;1171,1,252;1121,1,142;1052,4,11,25,68,84;1030,2,106,172;1096,1,155
4772,2,2:1261,1,100;1067,1,75
5210,1,1:1261,1,101
7033,1,1:1261,1,105
7034,1,1:1261,1,108
7035,4,4:1261,1,109;1067,1,77;1140,1,21;1116,1,217
1896,3,3:1261,1,110;1067,1,78;1116,1,216
7036,1,1:1261,1,111
1120,9,21:1067,2,3,6;1069,1,34;1161,4,300,312,337,345;1224,1,138;1283,1,23;1082,8,3,18,38,69,74,131,159,181;1168,2,16,33;1171,1,80;1277,1,134
7037,1,1:1067,1,36
5764,2,4:1067,3,37,52,170;1278,1,113
2922,5,7:1067,1,38;1271,3,10,20,36;1077,1,96;1303,1,36;1383,1,57
1166,13,15:1067,1,39;1237,1,73;1037,1,35;1039,1,45;1303,1,65;1088,1,304;1278,1,39;1127,1,246;1351,1,41;1304,1,64;1328,1,55;1200,2,16,40;1236,2,26,56
1029,8,9:1067,2,53,171;1005,1,76;1179,1,154;1037,1,34;1014,1,159;1043,1,46;1050,1,46;1153,1,33
1155,3,4:1067,2,54,172;1043,1,47;1050,1,47
6721,2,3:1067,2,72,222;1293,1,142
5521,2,2:1067,1,82;1026,1,280
7038,1,1:1067,1,84
7039,1,1:1067,1,85
3034,3,3:1067,1,92;1227,1,119;1383,1,50
5792,1,1:1067,1,93
2739,1,1:1067,1,103
4492,1,1:1067,1,105
1310,1,1:1067,1,115
3429,12,14:1067,1,135;1180,1,202;1075,1,109;1321,3,15,31,57;1016,1,80;1085,1,78;1265,1,40;1044,1,136;1195,1,76;1306,1,62;1097,1,89;1055,1,60
4624,5,5:1067,1,147;1070,1,171;1009,1,251;1198,1,88;1199,1,90
3146,3,3:1067,1,226;1225,1,140;1015,1,87
5125,3,5:1068,2,5,17;1069,1,107;1293,2,8,17
2270,11,19:1068,6,11,23,54,120,146,172;1387,1,59;1069,1,88;1036,4,10,33,55,138;1224,1,92;1283,1,120;1166,1,159;1335,1,62;1192,1,71;1090,1,233;1154,1,193
1601,3,4:1068,2,12,24;1069,1,89;1205,1,84
3097,3,3:1068,1,43;1084,1,40;1017,1,170
5698,2,2:1068,1,44;1237,1,38
5350,2,2:1068,1,59;1032,1,76
3767,4,8:1068,3,61,156,170;1036,1,144;1081,3,177,209,229;1210,1,30
1204,5,6:1068,1,84;1159,1,164;1164,1,52;1016,2,187,201;1169,1,34
7040,1,1:1068,1,87
2916,5,5:1068,1,88;1161,1,257;1126,1,44;1020,1,80;1171,1,127
6026,1,2:1068,2,91,110
1690,5,5:1068,1,94;1083,1,177;1286,1,209;1032,1,184;1176,1,179
1838,4,6:1068,1,104;1094,1,44;1051,1,70;1095,3,12,32,66
3101,2,2:1068,1,106;1293,1,101
963,2,2:1068,1,111;1040,1,267
37,7,7:1068,1,113;1038,1,48;1369,1,102;1085,1,60;1196,1,105;1208,1,79;1176,1,117
4176,7,9:1068,1,140;1204,1,137;1116,3,92,105,126;1187,1,200;1218,1,117;1169,1,359;1227,1,210
2032,1,1:1068,1,168
7041,1,2:1387,2,22,62
1425,3,4:1069,2,17,38;1245,1,110;1155,1,192
1397,2,2:1069,1,25;1397,1,117
4187,2,3:1069,1,33;1168,2,15,32
1976,5,13:1069,1,55;1161,6,90,126,151,167,334,343;1191,1,51;1337,4,3,12,47,88;1201,1,179
7042,1,1:1069,1,96
7043,1,1:1069,1,103
7044,1,1:1069,1,120
7045,1,1:1069,1,126
7046,1,3:1237,3,2,8,18
2111,1,1:1237,1,15
7047,1,1:1237,1,30
7048,1,1:1237,1,49
7049,1,1:1237,1,52
7050,1,1:1237,1,64
1775,3,3:1237,1,77;1359,1,116;1080,1,39
7051,1,1:1237,1,88
1277,1,1:1237,1,99
6443,2,2:1237,1,100;1227,1,135
485,15,30:1366,3,4,12,20;1006,3,9,20,52;1008,1,52;1146,1,63;1301,3,7,15,24;1119,5,9,24,40,61,107;1191,2,324,359;1121,1,117;1024,1,93;1210,2,32,58;1051,1,82;1330,3,8,19,37;1030,1,158;1099,1,53;1308,2,188,255
2979,3,5:1366,3,5,13,21;1165,1,159;1148,1,374
7052,1,3:1366,3,6,14,22
7053,1,1:1366,1,27
7054,2,4:1366,1,29;1070,3,12,25,54
7055,1,1:1366,1,37
7056,1,2:1366,2,38,47
2934,3,5:1366,2,39,48;1161,2,107,147;1200,1,188
380,4,6:1356,2,2,10;1070,2,182,195;1037,1,191;1290,1,167
6214,1,1:1356,1,17
7057,2,2:1356,1,19;1082,1,73
1619,5,5:1356,1,20;1169,1,217;1127,1,123;1090,1,101;1092,1,148
2096,7,12:1356,3,23,50,90;1271,1,21;1264,1,149;1266,1,211;1200,2,1,25;1201,3,4,12,216;1334,1,132
7058,1,1:1356,1,35
1909,2,2:1356,1,36;1271,1,74
1699,1,1:1356,1,41
3940,1,1:1356,1,44
6280,2,3:1356,2,46,59;1094,1,40
5351,1,1:1356,1,53
2694,3,3:1356,1,55;1117,1,45;1164,1,41
780,1,1:1356,1,60
7059,1,1:1356,1,64
4019,1,1:1356,1,68
1460,7,7:1356,1,78;1357,1,15;1074,1,35;1271,1,40;1190,1,22;1327,1,132;1331,1,129
2685,8,9:1004,2,63,246;1081,1,208;1187,1,342;1017,1,201;1043,1,62;1120,1,223;1050,1,62;1200,1,166
886,7,7:1004,1,74;1374,1,47;1191,1,361;1094,1,118;1052,1,204;1054,1,114;1270,1,68
913,7,7:1004,1,76;1215,1,178;1016,1,160;1242,1,179;1020,1,151;1255,1,198;1088,1,277
4627,2,2:1004,1,97;1232,1,56
592,5,6:1004,2,105,125;1159,1,190;1070,1,216;1096,1,242;1102,1,58
591,2,3:1004,1,106;1165,2,36,74
7060,1,1:1004,1,193
1148,3,3:1004,1,194;1008,1,118;1321,1,116
382,3,4:1004,1,209;1129,2,110,277;1307,1,38
7061,1,1:1004,1,221
5684,1,2:1004,2,229,266
2743,4,6:1004,1,232;1204,1,61;1121,2,243,259;1149,2,142,304
1419,6,8:1004,1,248;1039,2,163,206;1189,1,98;1197,2,176,225;1030,1,280;1101,1,192
1299,4,5:1004,1,249;1084,2,264,289;1017,1,266;1350,1,63
7062,1,1:1004,1,251
4368,1,1:1004,1,259
2641,4,6:1004,1,274;1323,1,46;1167,3,181,214,302;1099,1,169
505,10,22:1004,1,312;1300,6,1,14,31,63,89,128;1204,2,1,13;1070,1,115;1074,1,107;1376,2,1,13;1295,5,5,18,40,140,148;1089,1,42;1393,1,19;1127,2,10,34
381,3,3:1004,1,322;1205,1,266;1147,1,211
526,4,4:1139,1,34;1183,1,36;1274,1,75;1100,1,36
1326,1,1:1139,1,50
7063,1,1:1139,1,56
1509,4,5:1139,2,59,123;1224,1,86;1233,1,137;1266,1,125
7064,2,3:1139,2,60,124;1233,1,138
3217,2,3:1005,2,3,19;1084,1,261
1141,1,1:1005,1,41
1268,8,29:1005,1,56;1394,3,147,152,162;1088,6,114,143,148,167,220,278;1194,6,50,94,102,110,118,137;1149,4,130,157,167,199;1206,1,175;1095,3,141,145,255;1099,5,129,183,217,285,299
1314,2,3:1005,1,57;1149,2,197,296
2231,5,5:1005,1,58;1038,1,23;1274,1,64;1023,1,99;1245,1,37
5549,1,1:1005,1,65
7065,1,1:1005,1,80
6669,1,1:1005,1,81
4857,1,1:1005,1,93
3668,3,3:1005,1,95;1048,1,659;1334,1,125
5948,1,1:1005,1,101
1677,6,11:1005,1,112;1145,1,165;1191,3,315,338,390;1305,3,48,83,92;1383,1,44;1390,2,63,108
7066,2,4:1005,1,136;1125,3,10,31,129
5722,1,1:1115,1,87
7067,1,1:1115,1,95
2661,3,4:1115,2,113,126;1080,1,105;1081,1,84
7068,1,1:1115,1,132
4181,5,6:1115,2,159,178;1037,1,171;1269,1,257;1018,1,114;1148,1,365
2747,3,3:1115,1,206;1040,1,79;1382,1,200
7069,1,1:1115,1,228
2185,2,3:1159,1,18;1032,2,201,275
2320,1,1:1159,1,47
625,19,29:1159,2,54,207;1204,2,25,112;1009,1,114;1162,1,123;1240,2,44,58;1163,1,42;1188,2,2,17;1166,1,75;1018,1,25;1191,1,91;1326,1,34;1170,3,5,20,34;1193,3,49,57,113;1395,1,34;1244,2,4,21;1092,1,75;1246,1,31;1095,2,46,236;1096,1,167
1036,3,3:1159,1,76;1185,1,83;1307,1,126
2860,2,2:1159,1,92;1209,1,144
3089,3,5:1159,1,110;1183,1,204;1245,3,6,18,28
2162,3,5:1159,1,121;1187,3,12,27,70;1188,1,119
2041,1,1:1159,1,130
568,2,2:1159,1,158;1307,1,94
7070,2,2:1159,1,181;1024,1,201
3196,2,3:1159,1,184;1232,2,13,26
471,8,9:1159,1,191;1240,1,112;1273,1,57;1192,1,40;1202,1,117;1229,2,247,275;1308,1,281;1102,1,59
2634,5,6:1159,1,201;1243,2,70,77;1020,1,46;1192,1,36;1032,1,66
2408,1,1:1159,1,204
3616,3,5:1159,2,257,264;1161,2,261,280;1163,1,82
4458,3,3:1159,1,262;1276,1,118;1229,1,259
388,21,39:1300,3,3,16,32;1016,1,205;1166,1,27;1335,1,31;1243,3,6,19,36;1168,3,5,22,69;1293,1,32;1192,1,21;1172,1,14;1088,1,78;1288,1,99;1173,3,1,12,39;1206,2,1,8;1207,1,44;1174,1,155;1175,3,2,14,33;1290,1,83;1270,2,5,18;1280,2,51,74;1229,4,11,23,67,266;1154,3,9,29,145
1332,4,16:1300,5,11,24,71,94,136;1193,1,158;1093,1,61;1026,9,6,23,42,130,196,214,231,284,304
344,12,30:1300,5,13,26,73,96,138;1224,3,6,18,96;1272,1,118;1118,6,12,24,31,83,200,214;1241,2,55,97;1243,5,3,16,29,86,110;1168,1,53;1293,2,40,169;1276,1,32;1350,1,56;1023,2,8,20;1210,1,47
1330,6,11:1300,1,40;1241,2,49,68;1168,1,49;1276,3,8,17,35;1350,3,5,12,19;1026,1,52
1233,8,8:1300,1,125;1070,1,172;1238,1,73;1341,1,176;1220,1,175;1270,1,189;1154,1,200;1103,1,137
536,18,32:1179,2,23,43;1204,1,85;1070,1,111;1180,1,196;1164,1,21;1242,3,28,45,145;1040,2,111,115;1336,2,21,69;1350,1,24;1021,1,91;1127,2,133,234;1048,1,345;1329,1,40;1386,7,8,16,33,104,122,231,246;1174,1,166;1371,2,2,11;1228,2,53,161;1291,1,74
5565,2,2:1179,1,47;1329,1,176
785,7,11:1179,1,64;1009,1,57;1126,3,126,149,180;1274,2,57,114;1169,2,218,273;1172,1,40;1228,1,80
41,9,9:1179,1,65;1037,1,95;1362,1,118;1146,1,54;1040,1,223;1043,1,228;1050,1,233;1246,1,76;1097,1,47
1261,8,23:1179,3,69,126,149;1076,2,7,32;1039,9,12,27,81,112,127,173,180,198,226;1018,2,156,161;1047,2,6,15;1197,1,172;1090,3,40,111,144;1209,1,222
4925,1,1:1179,1,96
1714,1,1:1179,1,112
740,2,2:1179,1,161;1238,1,65
2098,3,3:1179,1,163;1336,1,138;1032,1,64
694,2,2:1179,1,172;1342,1,154
100,2,2:1179,1,180;1024,1,70
1913,3,3:1357,1,16;1377,1,58;1327,1,50
1168,10,13:1357,1,31;1006,3,6,17,49;1007,2,91,101;1126,1,164;1082,1,100;1092,1,201;1052,1,140;1029,1,72;1100,1,85;1291,1,153
1039,9,19:1357,1,35;1204,1,39;1180,7,14,23,46,55,66,74,180;1385,3,5,11,20;1216,3,3,11,23;1329,1,41;1382,1,54;1094,1,75;1174,1,152
2446,6,8:1357,1,52;1182,2,136,153;1360,1,204;1013,1,172;1040,2,237,271;1046,1,54
4300,4,5:1357,1,54;1180,2,32,64;1362,1,126;1012,1,67
880,15,45:1204,6,6,18,26,93,113,132;1185,3,3,12,34;1376,6,5,17,33,40,62,135;1187,3,4,19,39;1284,2,2,9;1039,4,4,19,53,241;1169,2,157,186;1295,5,9,22,45,131,157;1149,1,202;1025,3,18,37,47;1209,6,9,19,35,64,166,251;1246,1,101;1099,1,279;1101,1,71;1248,1,50
7071,1,1:1204,1,41
6052,2,2:1204,1,56;1083,1,99
284,7,7:1204,1,59;1385,1,47;1019,1,61;1171,1,97;1088,1,46;1287,1,148;1233,1,76
6108,2,2:1204,1,67;1205,1,62
3569,3,3:1204,1,107;1009,1,102;1288,1,69
1145,6,7:1204,1,124;1013,2,38,89;1147,1,234;1088,1,297;1127,1,58;1175,1,173
1672,3,5:1125,3,2,23,44;1287,1,225;1021,1,64
5044,1,2:1125,2,6,27
3790,1,3:1125,3,9,30,128
7072,1,2:1125,2,17,38
7073,1,2:1125,2,19,40
3037,3,5:1125,2,54,71;1295,1,58;1386,2,102,121
2632,1,1:1125,1,67
976,3,3:1125,1,69;1238,1,54;1092,1,90
4923,3,3:1125,1,72;1083,1,118;1386,1,177
4779,1,1:1125,1,80
7074,1,1:1125,1,83
5361,2,2:1125,1,84;1191,1,122
1780,3,3:1125,1,103;1192,1,244;1049,1,40
4676,4,4:1125,1,111;1283,1,76;1273,1,142;1171,1,214
7075,1,1:1125,1,120
7076,1,1:1125,1,121
3871,2,2:1125,1,124;1149,1,146
1531,8,8:1125,1,125;1146,1,155;1275,1,84;1173,1,64;1149,1,147;1329,1,88;1028,1,99;1032,1,164
7077,1,1:1125,1,138
7078,1,1:1125,1,140
3766,1,1:1125,1,157
7079,1,1:1125,1,160
2986,1,1:1125,1,186
657,2,6:1070,3,3,16,29;1294,3,1,16,32
3099,4,4:1070,1,41;1182,1,160;1044,1,104;1051,1,81
7080,1,1:1070,1,57
2227,1,2:1070,2,60,130
1356,3,8:1070,5,70,86,136,155,185;1074,1,294;1326,2,11,27
350,8,11:1070,3,73,96,118;1180,1,160;1321,2,110,133;1349,1,49;1082,1,119;1017,1,255;1022,1,81;1054,1,147
1468,2,2:1070,1,81;1275,1,123
2474,1,1:1070,1,126
1235,6,7:1070,1,175;1341,1,178;1220,1,186;1382,1,174;1247,2,89,148;1372,1,82
596,3,3:1070,1,176;1087,1,54;1154,1,201
6519,2,3:1070,2,181,194;1014,1,274
651,8,8:1070,1,206;1009,1,150;1116,1,207;1040,1,169;1017,1,248;1147,1,103;1278,1,160;1176,1,150
1186,15,38:1180,2,13,45;1163,3,6,12,26;1376,1,101;1165,2,2,9;1284,5,3,10,25,52,97;1218,5,6,16,57,65,118;1169,1,37;1193,1,176;1219,2,30,68;1120,4,100,108,143,195;1092,1,178;1329,6,6,17,42,59,94,128;1382,3,29,53,196;1051,1,93;1032,1,84
358,1,2:1180,2,27,59
7081,1,1:1180,1,79
1510,1,2:1180,2,94,145
2531,3,4:1180,2,96,147;1182,1,158;1295,1,172
1773,1,1:1071,1,26
3828,2,2:1071,1,40;1048,1,221
6025,3,5:1071,1,58;1345,3,4,14,104;1144,1,58
895,2,2:1071,1,62;1233,1,126
7082,1,1:1140,1,23
5916,4,5:1140,1,24;1397,2,11,25;1372,1,27;1250,1,45
2197,3,3:1140,1,26;1128,1,54;1027,1,58
7083,1,1:1140,1,29
613,6,6:1140,1,33;1142,1,42;1040,1,108;1191,1,23;1306,1,105;1307,1,16
1409,6,6:1140,1,37;1187,1,202;1086,1,17;1342,1,44;1255,1,136;1328,1,56
1661,1,1:1140,1,44
5945,1,1:1140,1,65
7084,2,2:1140,1,82;1156,1,70
641,5,6:1140,1,84;1150,1,235;1152,1,48;1397,1,95;1156,2,73,88
3962,1,1:1140,1,85
3067,2,2:1140,1,97;1361,1,40
5282,1,1:1140,1,98
490,10,11:1140,1,111;1273,1,38;1243,1,60;1147,1,45;1019,1,71;1191,1,109;1255,1,222;1027,1,122;1129,1,100;1175,2,48,100
5455,1,1:1140,1,122
7085,1,1:1140,1,125
4133,2,2:1141,1,50;1167,1,270
51,8,8:1141,1,68;1272,1,142;1225,1,123;1118,1,201;1014,1,315;1042,1,43;1024,1,215;1098,1,86
2138,4,4:1072,1,27;1398,1,26;1239,1,94;1238,1,83
1102,6,6:1072,1,62;1187,1,436;1018,1,124;1167,1,211;1191,1,352;1246,1,203
3269,2,2:1072,1,65;1238,1,80
1234,1,1:1072,1,101
7086,1,1:1072,1,103
2359,3,3:1072,1,107;1094,1,88;1343,1,110
4203,1,1:1072,1,126
4017,5,6:1072,1,139;1086,1,401;1093,1,109;1245,1,132;1228,2,163,231
7087,1,1:1072,1,141
3731,1,1:1072,1,168
3848,5,5:1072,1,169;1084,1,91;1194,1,51;1197,1,287;1099,1,186
214,7,13:1072,3,183,207,250;1007,1,64;1324,1,35;1014,2,48,307;1015,3,11,22,54;1242,2,65,159;1232,1,63
3881,3,6:1398,3,2,12,29;1073,1,118;1089,2,6,16
3814,1,2:1398,2,53,77
606,6,7:1398,2,55,68;1182,1,86;1349,1,65;1235,1,73;1165,1,85;1295,1,145
5493,1,1:1398,1,56
994,2,3:1398,1,64;1103,2,99,122
3959,4,9:1398,2,66,79;1287,1,238;1198,3,57,130,141;1199,3,55,116,125
7088,1,2:1398,2,72,92
3318,7,9:1239,3,3,15,74;1329,1,137;1330,1,33;1151,1,52;1152,1,45;1249,1,53;1250,1,85
930,3,3:1239,1,30;1148,1,261;1091,1,25
6024,2,3:1239,1,41;1238,2,138,152
1091,18,25:1239,1,95;1008,1,157;1009,1,241;1322,1,99;1224,1,143;1165,1,170;1016,1,165;1040,1,217;1275,1,32;1395,1,52;1173,2,118,165;1195,3,137,176,207;1121,1,226;1149,3,56,78,232;1093,1,121;1200,2,144,158;1053,2,192,202;1096,1,248
245,8,9:1239,1,124;1160,1,72;1017,1,251;1255,2,54,85;1287,1,115;1022,1,62;1227,1,188;1229,1,294
7089,1,1:1239,1,127
2940,3,3:1239,1,131;1352,1,40;1228,1,113
7090,1,3:1238,3,33,69,170
5964,1,1:1238,1,43
1969,3,3:1238,1,61;1302,1,34;1032,1,303
7091,1,1:1238,1,66
239,4,4:1238,1,68;1191,1,240;1304,1,93;1343,1,155
2106,1,1:1238,1,70
7092,1,1:1238,1,85
4050,5,5:1238,1,129;1324,1,104;1273,1,47;1226,1,172;1197,1,259
7093,1,1:1238,1,168
2558,1,2:1238,2,180,201
3998,1,1:1238,1,189
1053,1,1:1238,1,206
4298,1,1:1345,1,22
7094,1,1:1345,1,24
2042,5,5:1345,1,26;1186,1,68;1325,1,87;1192,1,75;1048,1,623
2608,6,10:1345,1,44;1191,1,180;1350,2,2,9;1094,1,49;1156,4,34,136,186,208;1372,1,37
2128,2,2:1345,1,62;1165,1,108
867,10,10:1345,1,64;1347,1,238;1074,1,71;1271,1,57;1169,1,322;1304,1,158;1386,1,186;1343,1,106;1097,1,156;1308,1,160
4797,2,2:1345,1,80;1103,1,226
685,3,6:1358,2,3,22;1161,1,361;1029,3,8,22,43
1213,11,14:1358,1,82;1007,1,93;1269,1,155;1220,1,168;1121,1,291;1210,1,154;1051,4,9,28,60,160;1129,1,172;1281,1,82;1291,1,150;1176,1,204
7095,1,1:1358,1,84
7096,1,1:1358,1,86
6639,3,5:1262,2,32,169;1215,1,42;1360,2,8,16
755,5,5:1262,1,47;1376,1,115;1304,1,168;1248,1,190;1334,1,59
3355,1,1:1262,1,56
2745,2,2:1262,1,66;1363,1,150
7097,1,1:1262,1,96
1535,2,2:1262,1,112;1226,1,150
896,4,9:1262,1,131;1341,2,96,131;1386,5,83,128,137,204,207;1099,1,37
7098,1,1:1262,1,134
7099,1,1:1262,1,141
4961,1,1:1262,1,142
3536,1,1:1262,1,143
7100,1,1:1262,1,148
7101,1,1:1262,1,161
3643,2,2:1262,1,164;1281,1,180
439,1,2:1346,2,2,14
7102,2,3:1346,2,3,15;1148,1,44
1631,6,6:1346,1,30;1275,1,194;1020,1,185;1276,1,130;1209,1,102;1382,1,172
7103,1,1:1346,1,40
1342,8,11:1346,1,73;1038,1,19;1254,1,105;1148,3,103,125,193;1120,1,240;1127,1,114;1046,1,100;1090,2,75,128
2561,1,1:1346,1,79
7104,1,1:1346,1,89
6516,1,1:1181,1,13
2844,1,1:1181,1,23
6386,1,1:1181,1,27
4442,1,1:1181,1,32
7105,1,1:1181,1,35
7106,1,1:1181,1,40
7107,2,2:1181,1,44;1026,1,294
7108,1,1:1181,1,45
7109,1,1:1181,1,46
7110,1,1:1181,1,55
7111,1,1:1181,1,57
7112,1,1:1181,1,62
7113,1,1:1181,1,64
1580,4,4:1181,1,67;1145,1,62;1119,1,92;1250,1,108
7114,1,1:1181,1,83
3406,1,1:1181,1,91
620,9,10:1181,1,96;1235,1,67;1205,1,86;1275,1,243;1086,1,378;1191,2,106,133;1042,1,32;1120,1,192;1127,1,85
7115,1,1:1181,1,106
2038,3,5:1181,1,108;1339,3,4,13,41;1347,1,213
4169,1,2:1181,2,111,125
7116,1,2:1181,2,114,147
1341,3,3:1181,1,122;1169,1,274;1095,1,94
3495,4,4:1181,1,129;1127,1,141;1174,1,171;1334,1,134
7117,1,1:1181,1,170
6349,2,4:1214,3,2,10,24;1322,1,112
7118,1,1:1214,1,21
7119,1,1:1214,1,43
7120,2,3:1214,1,62;1026,2,11,28
7121,1,1:1214,1,64
5169,1,1:1214,1,92
7122,1,1:1214,1,109
3548,2,2:1214,1,112;1201,1,209
7123,2,2:1214,1,124;1099,1,188
7124,1,1:1214,1,130
6698,1,1:1214,1,132
6059,2,2:1142,1,72;1215,1,94
2183,1,1:1142,1,103
7125,1,2:1073,2,1,14
7126,1,2:1073,2,6,19
2906,2,2:1073,1,28;1128,1,258
2148,4,4:1073,1,29;1347,1,103;1320,1,12;1327,1,20
767,7,7:1073,1,102;1349,1,111;1242,1,129;1171,1,57;1277,1,60;1050,1,220;1056,1,62
3213,3,4:1253,1,43;1084,2,80,103;1176,1,195
349,5,5:1253,1,52;1081,1,73;1302,1,236;1083,1,192;1022,1,92
3482,3,3:1253,1,66;1362,1,30;1153,1,52
6222,3,3:1253,1,81;1083,1,158;1220,1,90
2505,2,3:1253,1,88;1184,2,51,55
279,6,7:1253,1,107;1182,1,151;1340,1,58;1013,1,171;1040,2,236,270;1307,1,55
7127,1,1:1253,1,108
7128,1,1:1253,1,114
5942,2,2:1253,1,119;1362,1,69
7129,1,1:1160,1,44
1078,7,7:1160,1,57;1377,1,94;1277,1,159;1370,1,84;1375,1,52;1028,1,95;1097,1,86
7130,1,2:1160,2,64,69
7131,2,2:1160,1,66;1374,1,68
7132,1,1:1160,1,89
7133,1,1:1160,1,90
7134,1,1:1160,1,98
7135,2,2:1160,1,101;1330,1,45
7136,1,3:1319,3,5,27,49
1724,2,2:1319,1,53;1161,1,37
457,3,3:1319,1,91;1012,1,27;1186,1,114
7137,1,2:1215,2,4,10
3091,2,4:1215,3,6,12,243;1032,1,37
3550,2,2:1215,1,28;1161,1,225
7138,1,1:1215,1,34
6678,1,2:1215,2,37,238
3636,1,7:1215,7,38,66,130,139,157,203,250
7139,2,2:1215,1,40;1182,1,67
4553,1,1:1215,1,48
3159,4,4:1215,1,64;1240,1,151;1208,1,43;1098,1,90
1916,1,1:1215,1,77
322,4,8:1215,3,83,144,182;1182,1,64;1048,2,478,499;1026,2,319,342
7140,1,1:1215,1,90
6638,1,2:1215,2,110,179
4418,1,1:1215,1,126
1007,1,1:1215,1,136
1744,2,2:1215,1,153;1084,1,272
3050,3,3:1215,1,171;1189,1,50;1304,1,131
7141,1,1:1215,1,174
1165,2,2:1215,1,176;1161,1,284
7142,1,1:1215,1,198
7143,1,1:1215,1,210
7144,1,1:1215,1,212
4139,2,2:1215,1,213;1118,1,143
1156,1,1:1215,1,220
6783,1,1:1215,1,222
4495,2,2:1215,1,227;1288,1,121
5193,1,1:1215,1,230
7145,1,1:1215,1,241
7146,1,1:1215,1,245
4086,2,2:1215,1,246;1336,1,168
1441,9,9:1215,1,248;1347,1,63;1186,1,84;1188,1,124;1018,1,20;1172,1,38;1175,1,169;1228,1,108;1308,1,90
5517,1,1:1339,1,47
7147,1,1:1339,1,48
2102,2,3:1339,1,71;1287,2,98,110
5899,1,1:1339,1,75
3033,2,2:1339,1,92;1352,1,52
7148,2,4:1339,1,101;1182,3,56,115,130
7149,1,1:1339,1,103
7150,3,3:1339,1,107;1085,1,45;1191,1,35
7151,1,1:1339,1,121
7152,1,3:1182,3,7,17,63
5001,3,3:1182,1,29;1020,1,136;1221,1,78
2534,3,3:1182,1,33;1118,1,134;1196,1,85
4433,1,1:1182,1,37
3745,3,4:1182,2,47,173;1208,1,101;1028,1,113
4120,2,2:1182,1,73;1362,1,119
7153,1,1:1182,1,83
6319,1,1:1182,1,109
2310,4,5:1182,1,112;1235,1,181;1287,1,27;1208,2,10,22
4737,3,6:1182,1,123;1046,1,79;1201,4,75,94,113,130
7154,1,1:1182,1,138
7155,1,1:1182,1,139
3222,1,1:1182,1,140
5694,1,1:1182,1,141
7156,1,1:1182,1,142
7157,1,1:1182,1,144
1511,4,6:1182,1,155;1127,1,217;1051,3,134,166,212;1101,1,102
3098,2,3:1182,1,157;1051,2,120,132
7158,1,1:1182,1,161
3630,5,6:1182,1,169;1205,1,112;1264,1,136;1048,1,81;1128,2,171,239
4087,1,1:1182,1,171
7159,1,1:1182,1,177
3158,2,2:1347,1,19;1168,1,116
7160,1,1:1347,1,47
4815,1,3:1347,3,58,111,165
7161,1,1:1347,1,68
7162,1,1:1347,1,69
4702,1,1:1347,1,72
2303,2,3:1347,2,83,181;1336,1,36
1451,2,2:1347,1,95;1334,1,53
306,2,2:1347,1,100;1032,1,160
2859,4,4:1347,1,102;1086,1,252;1196,1,88;1221,1,50
7163,1,1:1347,1,124
7164,1,1:1347,1,125
6138,1,1:1347,1,126
6072,1,1:1347,1,127
7165,1,1:1347,1,144
2304,3,3:1347,1,189;1219,1,39;1150,1,144
7166,1,1:1347,1,198
7167,2,2:1347,1,201;1340,1,20
1668,2,2:1347,1,211;1340,1,41
2047,1,1:1347,1,221
7168,1,1:1347,1,246
4914,3,4:1340,1,24;1274,1,66;1295,2,96,104
7169,1,1:1340,1,59
4190,1,3:1359,3,4,19,112
797,4,8:1359,3,11,26,35;1161,1,54;1225,1,34;1226,3,16,34,55
3030,4,6:1359,2,43,76;1301,2,102,113;1171,1,181;1337,1,103
850,7,7:1359,1,44;1273,1,112;1043,1,51;1050,1,51;1382,1,197;1236,1,27;1176,1,49
5641,2,3:1359,2,51,60;1327,1,71
7170,1,1:1359,1,59
2281,6,10:1359,2,71,98;1014,1,142;1045,1,177;1099,3,5,14,29;1153,1,80;1176,2,103,130
2801,3,3:1359,1,77;1244,1,49;1048,1,398
1194,5,19:1359,1,82;1041,1,57;1021,1,37;1289,3,12,31,52;1048,13,6,14,26,57,74,176,217,290,357,428,477,498,612
7171,1,1:1359,1,83
3507,3,4:1359,1,95;1193,1,110;1048,2,136,508
5882,1,1:1359,1,123
1358,3,3:1359,1,124;1083,1,46;1201,1,204
7172,1,1:1359,1,127
7173,2,4:1231,3,2,12,30;1334,1,41
4912,1,1:1231,1,21
4913,1,1:1231,1,22
7174,1,1:1231,1,36
2483,4,5:1231,1,56;1007,1,132;1183,2,112,129;1089,1,47
3897,4,4:1231,1,57;1007,1,133;1183,1,130;1089,1,48
7175,1,1:1231,1,59
2777,7,12:1385,1,29;1216,3,7,15,41;1224,1,72;1184,1,144;1242,1,39;1228,2,44,197;1229,3,30,159,199
4193,6,9:1385,1,30;1020,1,61;1342,1,159;1352,1,28;1228,2,45,156;1229,3,37,289,297
3227,1,1:1385,1,42
4408,1,1:1385,1,56
3127,2,2:1385,1,62;1184,1,104
1067,5,7:1385,1,71;1324,1,79;1205,1,300;1393,3,45,72,95;1046,1,24
1718,3,8:1006,3,4,15,27;1304,1,118;1092,4,1,12,102,163
1667,8,11:1006,3,11,22,55;1007,1,57;1008,2,148,153;1010,1,63;1038,1,43;1172,1,121;1048,1,132;1032,1,82
2866,2,2:1006,1,29;1036,1,124
1835,1,1:1006,1,36
1485,3,4:1006,1,47;1008,2,5,23;1077,1,87
7176,1,1:1006,1,64
5150,1,1:1006,1,65
3738,3,3:1006,1,67;1270,1,186;1055,1,56
1796,2,4:1036,2,4,27;1014,2,69,260
3718,3,5:1036,3,22,45,68;1192,1,103;1026,1,122
7177,4,6:1036,3,23,46,69;1076,1,84;1040,1,131;1048,1,581
5034,6,6:1036,1,74;1116,1,59;1277,1,33;1121,1,103;1048,1,23;1030,1,148
7178,5,8:1036,1,79;1075,3,18,37,138;1037,1,65;1048,1,234;1279,2,37,83
5251,2,2:1036,1,86;1269,1,56
5048,1,1:1036,1,94
3974,2,2:1036,1,95;1020,1,186
117,6,6:1036,1,98;1082,1,174;1166,1,121;1048,1,399;1290,1,76;1155,1,184
195,4,7:1036,1,115;1076,1,81;1048,4,160,394,511,531;1054,1,155
7179,1,1:1036,1,150
2000,2,3:1036,1,151;1041,2,69,119
3748,1,1:1074,1,28
3413,5,5:1074,1,56;1048,1,255;1026,1,93;1305,1,129;1332,1,84
7180,2,2:1074,1,72;1079,1,124
6712,3,10:1074,2,96,239;1081,6,15,35,69,75,162,200;1116,2,187,204
7181,3,9:1074,4,98,245,258,287;1116,1,175;1321,4,14,30,60,141
1599,1,2:1074,2,108,303
7182,1,1:1074,1,140
7183,1,1:1074,1,142
975,9,17:1074,1,168;1116,2,98,110;1039,1,207;1336,3,40,153,164;1023,1,101;1210,4,40,100,124,157;1030,1,281;1371,1,82;1101,3,185,193,212
7184,1,1:1074,1,178
3811,4,5:1074,2,181,235;1225,1,48;1275,1,66;1028,1,130
440,1,1:1074,1,185
7185,1,1:1074,1,193
4485,1,1:1074,1,203
7186,2,2:1074,1,251;1116,1,219
7187,2,2:1074,1,261;1097,1,150
7188,1,1:1074,1,268
7189,1,2:1074,2,273,277
7190,1,2:1074,2,300,315
3433,1,1:1074,1,316
7191,1,1:1074,1,319
4859,7,11:1074,1,323;1012,1,60;1275,2,56,225;1243,1,64;1120,1,230;1048,4,91,170,195,419;1096,1,120
1013,7,16:1074,1,324;1284,1,77;1335,1,97;1148,1,106;1088,5,79,90,100,195,232;1227,3,70,85,195;1246,4,40,43,56,59
3919,2,2:1143,1,34;1145,1,171
7192,5,8:1143,1,37;1144,2,15,32;1145,3,10,22,29;1128,1,196;1330,1,70
2662,3,3:1143,1,52;1054,1,99;1248,1,159
6610,3,3:1143,1,68;1121,1,120;1030,1,161
2580,3,5:1143,1,79;1145,3,58,65,162;1337,1,53
1089,3,3:1348,1,32;1187,1,181;1019,1,81
598,5,5:1348,1,39;1302,1,103;1189,1,95;1172,1,58;1129,1,232
597,2,2:1348,1,41;1028,1,284
4140,6,7:1161,2,5,17;1324,1,36;1188,1,71;1342,1,30;1264,1,31;1088,1,80
2828,5,5:1161,1,87;1243,1,42;1288,1,141;1128,1,148;1093,1,78
1928,1,4:1161,4,89,125,150,166
7193,1,2:1161,2,97,177
1731,7,8:1161,2,99,133;1145,1,91;1146,1,103;1370,1,129;1220,1,149;1343,1,99;1291,1,103
1778,6,8:1161,3,104,173,370;1217,1,110;1121,1,123;1045,1,52;1046,1,124;1030,1,164
7194,1,1:1161,1,106
7195,1,1:1161,1,131
562,3,3:1161,1,134;1192,1,132;1024,1,230
2937,2,2:1161,1,146;1030,1,178
7196,1,1:1161,1,154
1733,9,15:1161,1,163;1075,3,6,25,49;1037,1,68;1079,1,177;1241,1,141;1147,1,151;1286,4,11,25,45,202;1209,1,138;1375,2,35,42
2261,1,1:1161,1,175
3631,4,5:1161,1,190;1084,1,300;1026,2,59,311;1200,1,67
758,2,2:1161,1,201;1217,1,97
798,8,10:1161,2,210,272;1014,1,102;1369,1,70;1189,1,118;1088,1,84;1195,2,84,187;1200,1,137;1176,1,226
1839,2,2:1161,1,213;1170,1,61
1406,1,2:1161,2,221,288
7197,1,1:1161,1,230
3736,4,5:1161,1,231;1020,1,221;1026,2,253,274;1386,1,116
1777,3,3:1161,1,234;1046,1,121;1149,1,244
7198,1,1:1161,1,253
7199,1,1:1161,1,290
1962,1,1:1161,1,295
7200,1,1:1161,1,330
4079,1,1:1161,1,331
1973,1,2:1161,2,333,408
2536,3,3:1161,1,342;1172,1,51;1329,1,179
6589,1,1:1161,1,364
305,2,2:1161,1,375;1048,1,553
1923,1,2:1161,2,379,399
2961,3,3:1161,1,410;1241,1,82;1191,1,147
1815,1,1:1161,1,411
5008,1,1:1161,1,429
3057,1,2:1161,2,434,450
5635,1,1:1161,1,453
812,2,6:1388,3,1,7,16;1014,3,95,116,122
7201,1,3:1388,3,6,12,21
1610,2,2:1388,1,24;1293,1,124
1361,12,15:1388,1,29;1118,1,64;1241,1,113;1084,2,173,184;1192,1,224;1193,1,129;1194,1,130;1023,1,84;1207,2,97,184;1307,2,88,122;1280,1,55;1154,1,177
7202,1,2:1388,2,34,68
7203,1,1:1388,1,61
627,1,1:1388,1,65
7204,1,1:1388,1,80
4395,2,2:1292,1,25;1127,1,105
3122,2,3:1292,2,48,205;1382,1,33
7205,1,1:1292,1,171
7206,1,1:1292,1,178
7207,1,1:1271,1,27
2007,6,9:1271,1,29;1320,1,79;1394,1,40;1173,1,46;1046,4,1,6,83,107;1337,1,42
6164,2,2:1271,1,30;1269,1,57
1606,3,3:1271,1,59;1321,1,70;1020,1,96
7208,1,1:1271,1,71
806,2,2:1271,1,73;1116,1,55
2525,3,3:1271,1,76;1320,1,21;1048,1,289
7209,1,1:1271,1,77
3869,1,1:1271,1,78
1946,1,1:1271,1,82
3924,8,9:1271,1,85;1078,2,12,36;1374,1,69;1014,1,56;1016,1,35;1375,1,74;1200,1,212;1055,1,68
808,1,1:1271,1,86
5395,1,2:1271,2,87,95
7210,1,1:1271,1,96
7211,1,1:1271,1,97
2872,2,2:1271,1,98;1028,1,106
2605,2,3:1007,1,14;1022,2,1,18
2160,9,15:1007,1,28;1037,2,108,177;1226,1,124;1043,1,225;1149,2,71,268;1050,1,230;1100,1,44;1390,3,4,10,25;1291,3,6,18,37
2876,1,1:1007,1,38
3752,4,4:1007,1,46;1283,1,107;1147,1,120;1331,1,71
207,4,4:1007,1,61;1015,1,37;1016,1,46;1172,1,126
3310,2,2:1007,1,74;1101,1,60
5303,1,1:1007,1,76
1133,6,10:1007,1,85;1037,1,127;1014,1,107;1043,3,126,145,190;1050,3,129,148,194;1291,1,147
416,13,24:1007,1,89;1184,1,108;1303,1,84;1166,1,117;1084,5,6,22,66,71,249;1085,1,77;1394,2,111,122;1288,2,90,216;1361,1,72;1093,1,82;1202,1,36;1307,1,53;1290,6,53,59,117,124,176,181
2382,7,9:1007,1,96;1009,1,92;1183,2,168,215;1117,1,100;1039,1,164;1090,2,182,208;1027,1,127
1684,1,1:1007,1,97
6644,3,3:1007,1,107;1083,1,78;1227,1,117
7212,1,1:1007,1,110
1646,7,8:1007,1,114;1162,1,114;1241,1,144;1205,1,267;1169,1,183;1277,1,93;1048,2,80,271
3153,2,3:1007,1,119;1264,2,5,10
2061,8,10:1007,1,120;1075,1,119;1080,1,185;1116,1,86;1273,2,32,119;1095,2,113,122;1030,1,245;1097,1,178
6518,1,2:1216,2,2,10
7213,1,1:1216,1,19
7214,1,1:1216,1,21
2543,4,12:1216,1,24;1088,1,138;1120,9,4,9,15,21,104,157,170,217,259;1028,1,150
2784,1,1:1216,1,28
5704,1,3:1008,3,16,34,146
3634,3,5:1008,1,45;1009,2,127,195;1010,2,101,129
969,4,4:1008,1,54;1121,1,108;1029,1,61;1030,1,156
4429,1,1:1008,1,59
2756,1,1:1008,1,84
1742,2,2:1008,1,86;1150,1,225
2472,2,2:1008,1,90;1302,1,178
3139,1,1:1008,1,117
39,4,6:1008,1,128;1165,2,79,169;1027,2,139,189;1202,1,89
2014,4,7:1008,1,136;1086,1,389;1169,2,238,287;1048,3,257,372,416
3228,1,1:1008,1,172
548,5,7:1009,2,9,21;1188,2,35,85;1274,1,208;1341,1,62;1201,1,19
7215,1,1:1009,1,65
1392,3,3:1009,1,89;1185,1,84;1168,1,130
2575,2,2:1009,1,232;1184,1,65
7216,2,3:1009,1,233;1010,2,82,138
7217,2,2:1009,1,249;1093,1,103
3004,4,4:1010,1,46;1241,1,65;1014,1,160;1273,1,108
6107,1,1:1010,1,89
3519,3,6:1075,4,4,23,47,169;1048,1,425;1091,1,14
4494,5,11:1075,4,14,33,132,157;1224,1,160;1048,1,617;1279,2,86,94;1280,3,15,30,125
3896,3,3:1075,1,59;1255,1,221;1227,1,144
2700,4,5:1075,1,69;1287,1,217;1198,2,91,108;1199,1,93
4272,1,1:1075,1,83
3922,3,3:1075,1,84;1054,1,116;1281,1,40
7218,1,1:1075,1,129
5980,1,1:1075,1,131
2229,6,7:1075,1,148;1080,1,177;1302,1,114;1017,1,119;1352,1,73;1290,2,80,102
4082,6,7:1075,1,190;1362,1,61;1205,1,69;1278,1,22;1287,1,120;1048,2,305,507
3275,2,2:1075,1,193;1197,1,120
7219,1,1:1037,1,17
2921,4,4:1037,1,37;1043,1,49;1050,1,49;1334,1,137
7220,1,1:1037,1,62
1260,7,8:1037,1,67;1083,1,52;1087,1,41;1287,1,33;1149,2,213,299;1209,1,284;1026,1,217
5440,1,1:1037,1,81
5129,1,1:1037,1,83
7221,1,1:1037,1,129
1679,3,4:1037,1,130;1086,1,64;1305,2,51,114
7222,3,3:1037,1,202;1043,1,245;1050,1,250
7223,2,4:1038,3,2,8,14;1048,1,385
176,2,4:1038,3,3,9,15;1210,1,107
1064,4,5:1038,1,38;1014,1,298;1342,2,85,135;1327,1,28
2417,2,2:1038,1,51;1278,1,32
5179,1,3:1076,3,19,44,72
7224,1,1:1076,1,66
3134,5,9:1076,1,67;1286,4,74,95,150,157;1194,1,46;1265,1,35;1122,2,63,79
3258,1,1:1076,1,68
5065,2,2:1076,1,70;1165,1,77
7225,1,1:1076,1,104
7226,2,2:1076,1,134;1275,1,129
7227,1,1:1076,1,139
1123,3,5:1320,3,4,9,17;1224,1,159;1328,1,33
7228,2,9:1320,7,5,10,18,65,70,73,100;1042,2,16,46
2873,2,2:1320,1,27;1374,1,20
6575,3,3:1320,1,28;1374,1,61;1048,1,666
1642,4,5:1320,2,32,53;1301,1,47;1235,1,190;1273,1,54
7229,1,2:1320,2,33,54
7230,2,3:1320,2,34,77;1042,1,65
6123,1,1:1320,1,40
3416,1,1:1320,1,69
3509,2,2:1320,1,78;1294,1,76
1343,7,16:1320,1,81;1162,3,2,10,27;1163,3,1,7,20;1126,3,6,19,30;1164,2,1,4;1166,2,2,6;1370,2,1,9
4248,3,3:1320,1,84;1120,1,253;1196,1,103
167,1,1:1320,1,87
1352,4,5:1320,2,104,114;1086,1,400;1147,1,170;1148,1,260
3232,1,1:1320,1,110
1293,2,2:1320,1,112;1270,1,155
831,3,7:1077,3,7,15,38;1171,3,9,20,183;1278,1,52
3396,2,3:1077,1,37;1171,2,8,19
3956,2,2:1077,1,50;1334,1,121
3957,2,2:1077,1,52;1334,1,123
7231,1,1:1077,1,70
312,5,5:1077,1,99;1014,1,49;1335,1,98;1051,1,47;1052,1,57
2031,6,6:1077,1,102;1171,1,172;1043,1,66;1173,1,85;1328,1,64;1026,1,124
45,14,35:1078,3,8,32,129;1011,5,8,31,119,182,197;1362,4,40,71,129,149;1269,3,33,49,130;1082,2,185,194;1274,1,173;1020,3,120,128,141;1023,2,12,24;1210,3,11,22,65;1198,1,72;1199,1,70;1305,1,111;1053,5,10,33,83,198,210;1032,1,109
2668,6,10:1078,1,87;1011,1,78;1116,2,186,203;1321,1,122;1088,3,112,236,271;1329,2,142,184
3436,3,4:1078,1,88;1080,2,53,132;1272,1,69
1389,1,1:1078,1,94
7232,3,3:1078,1,102;1011,1,93;1321,1,98
6292,1,1:1011,1,83
5745,1,1:1011,1,84
3427,3,4:1011,1,85;1321,1,129;1088,2,15,44
5167,2,3:1011,1,103;1053,2,23,46
1022,6,6:1011,1,164;1014,1,135;1242,1,177;1020,1,149;1304,1,37;1289,1,65
987,5,8:1011,1,172;1187,1,76;1303,4,67,124,137,143;1147,1,213;1383,1,45
3771,1,1:1011,1,174
1072,7,22:1011,1,177;1362,1,90;1324,1,87;1147,3,155,183,215;1195,6,44,125,140,179,210,229;1200,8,11,15,35,39,74,148,161,179;1305,2,49,88
2794,2,2:1011,1,179;1362,1,93
5007,1,1:1011,1,187
1600,5,9:1011,1,189;1079,4,150,267,276,298;1012,1,70;1048,2,475,526;1053,1,150
7233,1,1:1011,1,191
2201,2,6:1079,3,18,43,76;1118,3,152,163,251
1239,4,4:1079,1,70;1321,1,132;1146,1,65;1254,1,51
4172,2,2:1079,1,151;1330,1,83
2279,4,6:1079,1,158;1269,3,72,167,216;1040,1,276;1201,1,247
3593,2,5:1079,3,178,225,293;1088,2,163,199
5708,4,8:1079,3,204,214,243;1362,1,84;1121,3,223,238,286;1200,1,141
2842,3,3:1079,1,234;1321,1,40;1371,1,26
1861,1,1:1079,1,242
194,3,3:1079,1,257;1048,1,124;1334,1,58
7234,1,1:1079,1,272
2454,4,4:1079,1,296;1283,1,48;1194,1,104;1281,1,149
3602,7,19:1080,2,7,25;1081,3,8,28,55;1116,4,8,28,68,149;1376,1,129;1302,3,5,12,22;1287,4,55,62,75,183;1028,2,116,154
7235,2,4:1080,3,14,32,50;1081,1,186
983,2,6:1080,2,18,36;1278,4,5,10,24,69
3446,3,3:1080,1,49;1081,1,93;1321,1,121
7236,1,1:1080,1,83
2547,3,4:1080,2,88,99;1116,1,51;1255,1,57
3633,4,4:1080,1,106;1166,1,29;1243,1,66;1148,1,131
4983,2,3:1080,2,135,147;1362,1,155
1680,2,2:1080,1,162;1302,1,73
7237,1,1:1080,1,166
7238,1,1:1080,1,190
3691,1,3:1081,3,13,33,67
4967,1,2:1081,2,20,40
1042,10,11:1081,1,115;1146,1,98;1302,1,212;1016,1,191;1275,1,158;1086,1,205;1342,1,129;1120,1,23;1048,1,186;1270,2,69,82
3741,1,2:1081,2,127,135
6645,2,3:1081,2,164,191;1016,1,55
7239,3,7:1081,2,166,193;1116,3,78,143,174;1321,2,59,83
7240,2,3:1081,2,167,194;1093,1,70
3501,1,2:1081,2,168,215
7241,2,4:1081,3,178,210,230;1146,1,116
3945,2,3:1081,1,187;1362,2,3,11
3192,1,1:1081,1,188
7242,1,1:1081,1,189
7243,1,1:1081,1,212
2831,5,6:1081,1,214;1082,1,207;1242,2,107,110;1210,1,87;1371,1,50
335,1,1:1081,1,221
1412,6,11:1116,3,76,138,168;1048,2,219,614;1201,3,51,66,193;1053,1,135;1096,1,105;1032,1,113
7244,1,1:1116,1,79
7245,1,1:1116,1,84
7246,1,1:1116,1,85
6147,1,1:1116,1,89
1497,5,8:1116,2,108,128;1187,1,517;1082,1,108;1265,1,34;1044,3,11,37,106
7247,1,2:1116,2,123,136
5231,3,3:1116,1,135;1084,1,197;1096,1,179
7248,1,1:1116,1,150
1880,3,6:1116,1,158;1302,4,42,70,203,253;1342,1,50
7249,2,2:1116,1,160;1148,1,117
5870,2,7:1116,1,162;1321,6,1,17,39,62,109,125
658,7,9:1116,1,165;1322,2,9,18;1014,2,239,244;1275,1,67;1019,1,83;1127,1,144;1228,1,65
7250,1,1:1116,1,191
7251,2,2:1116,1,194;1321,1,118
7252,1,1:1116,1,206
7253,1,2:1321,2,7,23
7254,1,2:1321,2,8,24
435,1,1:1321,1,34
7255,1,1:1321,1,64
7256,1,1:1321,1,72
2987,1,1:1321,1,74
7257,1,1:1321,1,80
2650,2,5:1321,1,85;1129,4,4,12,52,58
7258,1,2:1321,2,86,140
7259,2,3:1321,2,87,113;1090,1,151
6216,1,1:1321,1,88
7260,1,1:1321,1,91
3065,1,1:1321,1,93
7261,2,2:1321,1,101;1028,1,184
3681,1,1:1321,1,111
711,1,1:1321,1,128
3732,3,3:1321,1,137;1382,1,50;1174,1,140
7262,1,2:1362,2,1,9
2973,3,3:1362,1,28;1272,1,32;1026,1,239
5510,1,1:1362,1,37
5511,1,1:1362,1,38
7263,1,1:1362,1,67
7264,1,1:1362,1,107
2453,5,5:1362,1,109;1275,1,212;1018,1,63;1087,1,172;1281,1,35
3666,2,2:1362,1,110;1023,1,62
3502,1,1:1362,1,122
2524,5,5:1362,1,123;1086,1,177;1295,1,146;1022,1,67;1383,1,81
7265,1,1:1362,1,161
7266,1,1:1362,1,163
414,3,7:1012,3,31,77,106;1016,1,29;1303,3,44,53,93
2435,1,2:1012,2,33,79
7267,2,4:1012,2,35,63;1322,2,8,17
1245,1,1:1012,1,36
7268,1,1:1012,1,44
4611,2,2:1012,1,52;1386,1,74
7269,1,2:1012,2,55,118
4529,1,2:1012,2,57,120
1357,3,5:1012,1,61;1088,3,54,66,160;1101,1,239
3335,1,2:1012,2,68,71
7270,1,1:1012,1,73
4626,3,6:1012,1,115;1082,3,13,28,50;1053,2,3,26
7271,1,1:1145,1,85
4636,4,4:1145,1,111;1184,1,25;1121,1,77;1025,1,79
3322,2,2:1145,1,155;1277,1,114
5860,1,1:1145,1,172
7272,1,1:1145,1,174
7273,1,1:1145,1,181
5856,2,5:1146,2,7,16;1267,3,7,20,31
2200,2,2:1146,1,25;1129,1,162
2095,4,5:1146,2,60,64;1121,1,118;1210,1,59;1030,1,159
4781,1,1:1146,1,92
2776,2,8:1146,5,97,102,119,147,159;1267,3,11,24,35
3118,2,2:1146,1,100;1086,1,306
1786,3,3:1146,1,158;1205,1,92;1294,1,57
7274,1,1:1374,1,17
7275,1,1:1374,1,25
7276,1,1:1374,1,27
7277,1,1:1374,1,30
2919,2,2:1374,1,32;1217,1,24
7278,1,2:1374,2,34,64
7279,1,1:1374,1,35
2672,2,2:1374,1,41;1153,1,105
7280,2,2:1374,1,43;1332,1,71
7281,1,1:1374,1,45
2057,2,2:1374,1,46;1390,1,14
5228,1,1:1374,1,49
7282,1,1:1374,1,57
7283,1,1:1374,1,72
1002,1,1:1374,1,76
1830,3,3:1360,1,44;1128,1,177;1363,1,140
1660,6,9:1360,2,51,116;1020,1,93;1226,1,130;1382,3,3,14,93;1028,1,69;1228,1,112
2501,1,1:1360,1,59
7284,1,1:1360,1,112
7285,1,1:1360,1,113
7286,1,2:1360,2,192,287
7287,1,1:1360,1,193
2551,1,1:1263,1,15
999,1,1:1322,1,38
852,7,8:1322,1,73;1341,2,90,161;1120,1,134;1195,1,214;1129,1,168;1247,1,81;1099,1,140
433,5,5:1322,1,74;1119,1,111;1147,1,179;1277,1,137;1150,1,166
2649,3,3:1322,1,84;1163,1,132;1129,1,28
960,6,13:1349,2,13,28;1241,1,93;1126,6,5,18,70,107,201,215;1302,2,60,131;1054,1,168;1343,1,37
4733,1,1:1349,1,31
6076,1,1:1349,1,32
6596,1,1:1349,1,62
2199,5,5:1349,1,100;1275,1,276;1147,1,237;1278,1,55;1291,1,104
7288,1,1:1349,1,101
3383,2,5:1183,3,4,12,19;1274,2,38,251
3781,7,13:1183,3,44,90,153;1013,2,103,109;1323,3,26,61,73;1235,1,184;1023,2,58,92;1096,1,131;1291,1,127
7289,1,1:1183,1,97
3315,3,4:1183,2,106,159;1014,1,181;1027,1,86
3572,1,1:1183,1,113
7290,1,1:1183,1,115
2519,3,3:1183,1,134;1205,1,118;1341,1,75
3313,2,2:1183,1,161;1017,1,287
3276,1,1:1183,1,163
7291,1,1:1183,1,170
4266,1,1:1183,1,173
3184,2,2:1183,1,191;1397,1,102
1417,6,11:1183,2,193,218;1323,1,97;1235,4,65,79,101,120;1039,1,117;1090,2,62,117;1129,1,201
4540,1,1:1183,1,197
2640,4,6:1183,1,205;1323,1,47;1167,3,183,193,291;1099,1,164
7292,2,6:1183,1,212;1187,5,123,381,420,553,574
3655,2,7:1224,3,5,17,45;1093,4,9,27,42,105
356,4,4:1224,1,33;1272,1,94;1243,1,75;1023,1,34
7293,1,1:1224,1,49
4387,1,1:1224,1,50
645,8,9:1224,1,51;1188,1,121;1167,1,122;1219,1,35;1288,1,117;1208,1,77;1175,1,59;1229,2,46,285
4909,2,4:1224,1,64;1168,3,1,18,65
1902,3,3:1224,1,98;1241,1,53;1150,1,61
7294,2,2:1224,1,99;1270,1,36
7295,1,1:1224,1,100
7296,2,4:1224,1,102;1280,3,7,22,40
573,3,3:1224,1,135;1301,1,89;1048,1,96
1897,1,1:1224,1,140
7297,1,1:1224,1,146
681,6,6:1224,1,154;1187,1,237;1165,1,131;1209,1,176;1122,1,91;1280,1,133
7298,1,1:1224,1,157
7299,1,1:1224,1,161
4417,1,1:1224,1,165
1051,8,13:1162,3,7,15,32;1163,1,19;1164,1,24;1325,4,4,20,54,65;1166,1,26;1341,1,25;1285,1,24;1370,1,53
2299,3,3:1162,1,36;1163,1,25;1325,1,67
7300,1,1:1162,1,39
1052,9,31:1162,3,42,76,79;1325,4,10,26,76,101;1166,3,39,45,84;1335,3,12,25,38;1341,6,5,14,37,84,94,153;1285,1,32;1377,3,12,25,92;1370,3,61,145,163;1173,5,10,21,55,87,112
7301,1,1:1162,1,50
2449,4,5:1162,1,53;1013,2,161,165;1163,1,52;1390,1,104
2540,8,10:1162,1,54;1254,1,45;1205,1,216;1377,1,89;1089,1,58;1327,1,86;1092,1,154;1176,3,61,156,200
7302,2,2:1162,1,62;1290,1,108
1730,6,8:1162,1,65;1205,3,103,247,268;1341,1,169;1169,1,184;1227,1,229;1097,1,134
1280,4,7:1162,1,100;1255,2,79,92;1045,3,7,16,28;1174,1,80
6034,1,1:1162,1,101
4868,3,5:1162,1,108;1014,2,139,175;1327,2,6,12
7303,1,1:1162,1,140
1989,5,6:1162,1,141;1205,1,117;1164,1,7;1394,2,20,49;1097,1,165
3180,2,2:1162,1,142;1097,1,169
4805,3,4:1240,1,36;1229,2,45,284;1102,1,72
1536,3,3:1240,1,46;1273,1,105;1325,1,86
4206,1,1:1240,1,74
7304,1,1:1240,1,93
7305,1,1:1240,1,121
4045,1,1:1240,1,139
2015,1,1:1240,1,152
7306,1,1:1240,1,189
3884,1,1:1240,1,196
2805,2,4:1240,1,197;1308,3,12,31,216
134,4,5:1240,1,213;1363,2,95,132;1281,1,94;1154,1,173
2005,1,2:1283,2,3,11
1455,16,20:1283,1,21;1272,2,5,18;1186,1,37;1084,1,220;1232,1,32;1147,1,192;1169,1,22;1255,3,4,18,33;1170,2,9,24;1395,1,21;1198,1,101;1174,1,49;1096,1,192;1306,1,128;1154,1,64;1291,1,30
2567,3,4:1283,1,31;1164,2,18,38;1028,1,22
2023,2,2:1283,1,34;1086,1,88
4093,6,7:1283,1,52;1205,1,256;1190,1,100;1020,1,102;1277,1,110;1209,2,85,157
7307,1,1:1283,1,64
2623,4,5:1283,1,70;1148,2,45,209;1210,1,43;1097,1,155
4370,2,4:1184,1,14;1083,3,108,148,168
7308,1,2:1184,2,16,177
7309,1,2:1184,2,18,179
3084,1,1:1184,1,22
3093,5,5:1184,1,70;1187,1,173;1351,1,34;1196,1,110;1100,1,79
1735,4,6:1184,2,103,180;1016,2,131,161;1206,1,118;1094,1,138
7310,1,2:1184,2,110,182
1483,4,4:1184,1,113;1225,1,26;1192,1,196;1197,1,261
974,7,9:1184,1,138;1189,1,66;1191,1,347;1200,2,195,207;1236,1,41;1352,1,31;1229,2,202,300
2792,4,4:1184,1,156;1163,1,88;1273,1,92;1287,1,83
7311,3,4:1184,1,168;1192,2,138,153;1352,1,62
1411,6,9:1184,1,195;1284,1,65;1020,1,204;1032,1,180;1102,2,103,121;1155,3,154,219,274
4361,4,4:1272,1,44;1376,1,54;1382,1,132;1363,1,64
4273,4,5:1272,1,52;1118,1,255;1275,2,70,97;1243,1,58
3173,2,2:1272,1,67;1155,1,95
4076,1,1:1272,1,98
4106,2,2:1272,1,121;1243,1,90
1498,5,8:1185,3,4,13,95;1040,2,82,263;1127,1,189;1246,1,96;1202,1,153
1379,11,18:1185,1,45;1205,1,42;1127,1,198;1044,1,96;1092,3,7,18,36;1198,1,43;1199,1,41;1027,1,178;1051,1,75;1174,1,194;1052,6,76,81,167,189,196,224
462,9,11:1185,3,78,105,123;1039,1,223;1335,1,27;1377,1,43;1326,1,122;1209,1,92;1361,1,35;1027,1,124;1229,1,108
6622,2,4:1185,1,127;1205,3,178,220,272
2205,1,4:1254,4,7,17,24,123
1076,6,7:1254,1,34;1323,1,86;1277,1,221;1328,1,31;1176,2,67,149;1056,1,77
7312,1,1:1254,1,37
4704,3,3:1254,1,60;1013,1,121;1245,1,58
667,8,17:1254,2,77,99;1118,2,219,235;1165,1,81;1273,2,79,125;1084,2,110,131;1086,1,377;1245,1,76;1101,6,14,40,209,224,250,285
3108,1,1:1254,1,82
1922,1,2:1013,2,2,14
3374,5,9:1013,1,25;1186,2,15,31;1039,2,54,153;1197,1,166;1090,3,5,16,135
1605,2,3:1013,2,48,157;1026,1,295
1303,8,14:1013,1,62;1014,2,4,24;1039,3,15,30,114;1040,1,51;1121,2,81,237;1149,2,4,18;1197,2,97,272;1361,1,76
2224,1,1:1013,1,66
3918,1,1:1013,1,96
5441,4,6:1013,1,163;1020,1,250;1088,1,134;1127,3,21,45,68
4192,3,3:1013,1,168;1255,1,73;1383,1,75
7313,2,2:1013,1,173;1194,1,161
848,7,19:1323,2,1,6;1284,3,6,13,20;1394,4,4,9,22,51;1278,1,162;1327,5,4,10,78,127,146;1045,1,99;1046,3,2,7,108
7314,1,1:1323,1,36
2008,10,16:1323,2,58,78;1293,1,51;1394,1,38;1286,4,59,85,165,228;1171,1,77;1173,1,44;1021,1,67;1327,1,93;1045,2,123,138;1337,2,63,84
1032,4,4:1323,1,65;1118,1,59;1337,1,71;1382,1,189
7315,1,1:1323,1,105
2012,4,7:1301,1,41;1302,4,85,98,162,174;1285,1,74;1327,1,112
7316,1,1:1301,1,48
7317,1,1:1301,1,59
3412,1,1:1301,1,64
817,1,1:1301,1,74
783,4,7:1301,1,76;1014,1,300;1369,4,4,13,29,118;1176,1,141
3787,3,6:1301,1,90;1370,3,7,15,28;1173,2,143,180
3709,1,2:1301,2,98,111
3150,1,1:1301,1,101
7318,1,1:1301,1,107
7319,1,1:1301,1,109
1459,1,1:1301,1,118
2375,8,13:1225,1,72;1087,2,43,60;1226,1,125;1197,1,134;1049,1,78;1129,2,34,241;1291,3,7,19,38;1248,2,163,187
4237,1,1:1225,1,79
7320,1,1:1225,1,81
385,4,5:1225,1,91;1166,1,124;1176,2,33,207;1334,1,47
1515,8,15:1225,1,116;1241,3,7,16,33;1369,3,8,17,83;1168,1,54;1171,3,7,18,123;1288,1,57;1175,1,188;1176,2,45,100
1592,1,1:1225,1,118
4152,2,3:1225,1,136;1014,2,7,27
3672,2,3:1186,1,78;1197,2,177,226
2769,2,3:1186,1,88;1103,2,86,237
559,2,3:1186,1,139;1102,2,135,223
7321,1,4:1117,4,5,12,19,142
7322,3,6:1117,4,6,13,53,143;1168,1,88;1088,1,172
3810,1,1:1117,1,23
670,4,4:1117,1,25;1274,1,138;1020,1,86;1175,1,95
7323,1,1:1117,1,37
5512,3,3:1117,1,39;1382,1,121;1095,1,44
2477,3,5:1117,1,41;1163,3,91,122,141;1205,1,93
1349,1,1:1117,1,87
7324,1,1:1117,1,105
5933,1,1:1117,1,108
4286,1,1:1117,1,128
6611,1,1:1163,1,38
5957,1,1:1163,1,40
7325,1,2:1163,2,46,83
7326,1,1:1163,1,48
1200,1,1:1163,1,57
7327,1,1:1163,1,62
7328,1,1:1163,1,63
1107,1,2:1163,2,65,69
1108,1,1:1163,1,67
1278,2,2:1163,1,97;1156,1,158
4304,3,3:1163,1,109;1168,1,205;1221,1,62
4305,1,1:1163,1,110
1874,1,1:1163,1,123
3337,2,2:1163,1,124;1277,1,160
7329,1,1:1163,1,134
648,6,7:1163,1,151;1293,1,26;1394,1,66;1020,1,99;1169,2,128,216;1171,1,44
2778,1,1:1163,1,153
2301,1,3:1269,3,5,12,20
7330,5,8:1269,3,6,13,21;1302,2,106,181;1119,1,42;1086,1,349;1281,1,56
7331,1,1:1269,1,36
1174,1,1:1269,1,55
4746,2,2:1269,1,61;1264,1,89
5721,1,1:1269,1,67
3072,2,3:1269,2,78,195;1169,1,243
2001,3,5:1269,1,84;1093,3,12,30,88;1028,1,28
7332,1,1:1269,1,98
1781,1,1:1269,1,104
2835,2,2:1269,1,120;1307,1,27
3489,8,14:1269,1,139;1082,2,124,200;1369,3,7,16,82;1274,1,250;1171,3,6,17,122;1288,1,56;1175,1,187;1176,2,44,99
7333,1,1:1269,1,140
2815,1,1:1269,1,144
3513,1,1:1269,1,174
1666,2,7:1269,1,202;1191,6,4,12,27,227,316,391
709,1,1:1269,1,204
4791,5,5:1269,1,259;1165,1,97;1044,1,194;1122,1,47;1029,1,99
7334,1,1:1324,1,31
7335,1,1:1324,1,32
3387,4,4:1324,1,44;1195,1,105;1382,1,165;1200,1,123
961,2,2:1324,1,52;1305,1,108
570,1,1:1324,1,55
6339,1,1:1324,1,72
4198,2,2:1324,1,89;1305,1,134
7336,1,1:1324,1,105
6084,1,1:1376,1,28
723,1,1:1376,1,89
4539,1,1:1376,1,94
5112,2,2:1376,1,106;1308,1,137
1607,3,3:1376,1,116;1188,1,125;1119,1,50
4491,3,3:1376,1,117;1188,1,126;1119,1,51
3641,3,3:1376,1,142;1088,1,98;1233,1,163
1814,3,3:1235,1,94;1242,1,60;1101,1,266
1413,7,10:1235,1,109;1273,1,98;1168,1,143;1287,1,201;1198,1,140;1199,1,124;1028,4,72,79,102,175
2680,3,4:1235,1,118;1336,2,119,127;1197,1,218
1643,1,1:1235,1,191
2489,1,1:1235,1,232
2530,3,7:1118,2,10,22;1275,2,134,156;1243,3,1,14,32
3176,4,7:1118,2,35,199;1277,1,129;1279,2,70,123;1227,2,164,176
7337,1,1:1118,1,37
2981,1,1:1118,1,65
7338,1,1:1118,1,137
7339,1,1:1118,1,138
1549,3,3:1118,1,139;1170,1,69;1209,1,93
7340,1,1:1118,1,150
7341,1,1:1118,1,161
4319,1,1:1118,1,162
7342,1,1:1118,1,177
5970,2,2:1118,1,178;1287,1,28
3027,1,1:1118,1,256
4260,1,3:1241,3,6,15,32
1828,1,3:1241,3,58,85,96
1403,4,4:1241,1,75;1189,1,91;1083,1,205;1305,1,58
4910,1,2:1187,2,11,26
5090,1,1:1187,1,64
7343,1,1:1187,1,75
7344,1,1:1187,1,86
1734,1,1:1187,1,88
2397,4,4:1187,1,95;1168,1,159;1120,1,202;1048,1,139
3660,1,5:1187,5,106,312,357,495,521
3625,2,2:1187,1,133;1099,1,295
4376,1,1:1187,1,142
4377,1,1:1187,1,153
7345,1,1:1187,1,156
7346,1,1:1187,1,159
7347,1,1:1187,1,160
3039,4,11:1187,1,161;1190,2,43,77;1192,6,4,9,27,61,158,220;1156,2,167,172
7348,1,1:1187,1,168
48,1,1:1187,1,192
7349,1,1:1187,1,199
7350,1,1:1187,1,205
482,2,3:1187,2,216,231;1278,1,134
2894,3,6:1187,4,218,267,278,448;1028,1,89;1250,1,67
7351,1,1:1187,1,353
1496,8,9:1187,1,405;1040,2,80,261;1192,1,83;1127,1,186;1197,1,252;1094,1,58;1200,1,150;1054,1,153
1740,11,11:1187,1,446;1284,1,41;1274,1,194;1275,1,227;1218,1,49;1167,1,124;1168,1,91;1394,1,77;1171,1,89;1370,1,64;1247,1,31
4655,1,1:1187,1,500
2029,2,2:1187,1,543;1040,1,232
3272,1,1:1187,1,558
7352,2,2:1187,1,570;1051,1,105
3582,1,4:1205,4,10,21,32,106
4628,1,2:1205,2,37,292
3282,1,1:1205,1,52
3583,1,1:1205,1,58
460,7,7:1205,1,60;1191,1,239;1120,1,246;1278,1,43;1127,1,173;1382,1,129;1371,1,37
1972,1,1:1205,1,64
7353,1,2:1205,2,66,133
2253,1,1:1205,1,71
3358,2,2:1205,1,82;1129,1,259
3038,1,2:1205,2,88,246
2147,1,1:1205,1,100
1985,3,3:1205,1,120;1015,1,73;1210,1,160
4318,1,1:1205,1,150
1683,1,1:1205,1,163
3930,2,2:1205,1,190;1195,1,259
1514,10,14:1205,3,198,217,251;1126,1,139;1082,1,105;1168,2,14,31;1255,1,237;1207,1,152;1097,1,109;1098,1,71;1308,2,138,326;1102,1,174
7354,1,1:1205,1,243
7355,1,1:1205,1,258
7356,2,2:1205,1,269;1088,1,176
3168,1,2:1126,2,12,25
7357,1,2:1126,2,36,161
1082,3,6:1126,1,39;1325,2,59,117;1166,3,3,7,32
1738,2,3:1126,1,84;1274,2,149,174
1942,4,4:1126,1,93;1167,1,233;1370,1,169;1327,1,100
3504,1,1:1126,1,105
4358,1,1:1126,1,111
5327,1,1:1126,1,115
7358,1,1:1126,1,121
528,1,2:1126,2,145,188
275,1,1:1126,1,146
6334,1,2:1126,2,148,179
940,8,13:1126,1,159;1164,3,13,77,116;1083,1,84;1218,2,46,53;1048,2,73,175;1128,1,48;1210,2,116,131;1129,1,46
1579,3,3:1126,1,163;1229,1,193;1032,1,102
3197,1,1:1126,1,176
7359,1,1:1126,1,209
3233,2,2:1126,1,216;1377,1,40
5311,1,1:1014,1,41
7360,1,1:1014,1,42
5786,1,1:1014,1,44
7361,1,1:1014,1,52
7362,1,1:1014,1,113
7363,2,2:1014,1,162;1048,1,593
3800,4,4:1014,1,163;1289,1,77;1308,1,149;1250,1,68
3622,1,1:1014,1,165
3462,1,1:1014,1,183
4671,3,3:1014,1,193;1167,1,220;1120,1,191
4212,1,1:1014,1,235
608,3,3:1014,1,242;1328,1,34;1097,1,211
7364,1,1:1014,1,268
3675,1,1:1014,1,273
529,1,1:1014,1,275
7365,1,1:1014,1,282
107,2,2:1014,1,320;1170,1,39
5586,1,1:1014,1,322
7366,1,2:1082,2,10,25
339,3,5:1082,1,45;1121,2,19,39;1202,2,14,29
673,6,6:1082,1,54;1277,1,186;1148,1,159;1021,1,102;1045,1,104;1094,1,36
2409,1,1:1082,1,79
2544,1,1:1082,1,82
3927,2,2:1082,1,91;1032,1,91
3882,1,3:1082,3,125,144,201
1294,4,9:1082,1,138;1277,1,176;1227,4,9,23,32,215;1049,3,13,27,32
7367,2,2:1082,1,156;1228,1,141
197,4,18:1082,1,188;1015,4,9,20,52,137;1016,9,5,18,57,121,146,180,213,230,251;1101,4,17,43,138,283
4778,2,4:1082,1,208;1275,3,11,26,55
7368,1,1:1082,1,209
6435,1,1:1082,1,211
3131,2,2:1082,1,213;1227,1,209
3132,1,1:1082,1,214
3705,1,1:1082,1,215
7369,1,1:1082,1,218
7370,2,2:1082,1,224;1093,1,94
7371,1,1:1082,1,226
2193,1,1:1082,1,229
5470,1,1:1164,1,33
2590,1,1:1164,1,44
7372,3,3:1164,1,64;1394,1,137;1285,1,50
2735,2,2:1164,1,71;1329,1,113
5559,1,1:1164,1,74
3061,1,1:1164,1,80
7373,1,1:1164,1,84
7374,1,1:1164,1,88
1322,1,1:1164,1,101
3,5,6:1164,1,108;1088,2,5,10;1122,1,68;1201,1,41;1032,1,311
7375,1,1:1164,1,110
3835,1,1:1164,1,112
2671,1,1:1164,1,118
7376,1,1:1164,1,125
7377,1,2:1165,2,28,89
518,8,12:1165,1,43;1169,1,360;1219,2,6,12;1120,3,52,68,117;1092,2,4,15;1329,1,36;1174,1,151;1363,1,152
7378,1,1:1165,1,48
7379,1,1:1165,1,60
1307,2,2:1165,1,128;1383,1,94
6656,2,2:1165,1,153;1027,1,61
7380,1,1:1165,1,160
964,1,1:1165,1,167
7381,2,5:1188,3,7,22,40;1244,2,9,26
1652,4,4:1188,1,48;1289,1,50;1129,1,165;1308,1,75
1763,3,13:1188,3,50,82,102;1191,9,104,121,128,185,201,249,291,319,354;1244,1,46
7382,1,1:1188,1,97
1702,2,2:1188,1,110;1088,1,169
4709,1,1:1188,1,115
1645,1,3:1302,3,6,13,23
1944,1,1:1302,1,30
7383,1,1:1302,1,33
3129,1,7:1302,7,39,99,163,175,189,238,265
654,1,1:1302,1,51
2364,3,4:1302,2,68,128;1148,1,121;1291,1,43
4810,1,1:1302,1,81
7384,1,1:1302,1,101
4856,1,1:1302,1,143
2902,2,4:1302,3,172,186,255;1026,1,183
7385,1,1:1302,1,206
3078,2,2:1302,1,216;1156,1,55
668,2,2:1302,1,264;1193,1,144
4477,1,1:1302,1,271
392,1,1:1302,1,280
5212,1,2:1284,2,28,81
2318,4,4:1284,1,42;1255,1,185;1208,1,28;1156,1,52
3137,3,3:1284,1,46;1020,1,114;1100,1,68
209,2,2:1015,1,41;1291,1,176
210,2,2:1015,1,42;1291,1,177
211,2,2:1015,1,44;1291,1,179
220,1,1:1015,1,69
223,1,2:1015,2,80,107
1371,1,1:1015,1,83
3148,1,1:1015,1,124
678,3,4:1015,1,134;1209,1,203;1228,2,2,10
6172,1,1:1016,1,56
7386,1,1:1016,1,82
7387,1,1:1016,1,84
869,3,4:1016,2,122,214;1044,1,123;1308,1,152
7388,1,1:1016,1,126
2878,2,2:1016,1,129;1192,1,73
4800,1,1:1016,1,134
7389,1,1:1016,1,186
257,3,4:1016,1,198;1039,1,118;1090,2,213,232
6037,2,2:1016,1,232;1096,1,253
7390,1,1:1016,1,236
2192,1,1:1016,1,240
1198,1,1:1016,1,255
7391,1,1:1039,1,39
4592,2,2:1039,1,65;1055,1,39
7392,1,1:1039,1,170
7393,2,2:1039,1,236;1056,1,64
7394,1,2:1242,2,4,15
7395,1,1:1242,1,35
7396,1,2:1242,2,44,144
698,5,5:1242,1,93;1084,1,206;1088,1,119;1197,1,194;1053,1,212
3008,2,2:1242,1,98;1101,1,88
7397,1,1:1242,1,104
7398,1,1:1242,1,109
5006,1,1:1242,1,115
3740,1,2:1242,2,116,195
5443,1,1:1242,1,120
5981,1,1:1242,1,125
1858,3,3:1242,1,157;1192,1,90;1094,1,164
7399,1,1:1242,1,170
7400,1,1:1242,1,201
795,2,3:1369,2,34,120;1087,1,47
7401,1,1:1369,1,38
7402,1,1:1369,1,41
99,7,8:1369,1,71;1083,1,47;1084,1,161;1192,2,81,94;1048,1,151;1095,1,174;1102,1,142
7403,1,1:1369,1,94
2152,2,2:1369,1,97;1103,1,47
1762,5,8:1369,1,135;1171,1,39;1288,1,185;1099,3,167,213,289;1101,2,24,50
1430,3,3:1273,1,45;1192,1,69;1219,1,41
2062,3,3:1273,1,157;1220,1,35;1022,1,110
7404,2,2:1273,1,164;1029,1,57
7405,1,1:1273,1,196
5903,1,3:1189,3,3,14,23
4945,2,6:1189,5,4,15,24,52,113;1303,1,70
1711,15,37:1189,3,11,22,35;1303,3,10,21,29;1275,1,149;1278,1,38;1195,1,129;1045,1,56;1046,1,135;1048,4,53,106,167,503;1305,4,7,18,28,43;1383,4,2,4,46,55;1201,5,5,13,28,37,173;1236,4,6,15,53,82;1153,2,6,13;1176,2,10,20;1334,1,133
3911,4,6:1189,1,42;1045,1,145;1128,2,32,173;1305,2,86,96
1982,2,2:1189,1,43;1303,1,132
7406,2,2:1189,1,47;1245,1,169
1807,3,4:1189,2,83,106;1167,1,75;1236,1,54
5191,1,1:1189,1,109
7407,1,1:1189,1,126
7408,1,1:1189,1,128
3613,1,1:1189,1,129
1806,2,5:1040,3,9,27,73;1153,2,35,93
7409,1,2:1040,2,15,33
6776,1,2:1040,2,18,36
7410,1,1:1040,1,40
2089,2,2:1040,1,50;1054,1,134
7411,1,1:1040,1,58
7412,1,1:1040,1,65
7413,1,1:1040,1,67
2754,1,1:1040,1,72
3360,9,16:1040,1,81;1017,1,181;1020,1,220;1199,3,10,24,37;1027,1,173;1094,2,43,76;1051,1,69;1174,3,8,29,55;1095,3,11,31,65
1355,3,3:1040,1,112;1197,1,111;1030,1,226
1231,7,7:1040,1,118;1243,1,108;1019,1,109;1264,1,79;1227,1,46;1128,1,198;1097,1,151
7414,1,1:1040,1,119
7415,1,1:1040,1,121
5874,1,1:1040,1,126
1860,2,2:1040,1,153;1017,1,186
5172,1,1:1040,1,187
947,2,2:1040,1,199;1048,1,405
7416,1,1:1040,1,211
3444,1,1:1040,1,226
760,1,2:1040,2,238,272
5894,1,1:1040,1,240
7417,1,1:1040,1,278
7418,1,2:1303,2,6,17
2962,3,3:1303,1,27;1327,1,114;1305,1,130
3003,3,3:1303,1,31;1305,1,37;1383,1,60
5765,1,1:1303,1,48
7419,4,10:1303,1,52;1195,3,53,143,240;1200,2,85,139;1383,4,8,27,42,67
7420,1,1:1303,1,81
1472,2,2:1303,1,94;1382,1,30
7421,1,1:1303,1,121
2999,2,2:1303,1,125;1308,1,195
7422,1,1:1303,1,133
1477,1,1:1303,1,136
872,2,2:1303,1,139;1095,1,245
237,4,9:1083,3,9,18,54;1147,1,144;1120,2,43,79;1028,3,93,131,185
2090,1,1:1083,1,65
283,3,3:1083,1,73;1220,1,55;1281,1,50
7423,1,1:1083,1,91
7424,1,1:1083,1,95
3715,1,1:1083,1,117
1788,4,7:1083,3,127,134,161;1087,2,101,143;1337,1,45;1329,1,71
7425,1,1:1083,1,153
1890,4,6:1083,1,171;1191,1,418;1220,1,91;1092,3,57,63,82
7426,1,1:1083,1,181
253,2,3:1083,2,185,215;1209,1,68
1207,6,8:1083,1,194;1220,1,17;1194,1,75;1127,1,249;1122,3,10,24,73;1027,1,207
4473,2,2:1083,1,222;1397,1,72
971,4,4:1083,1,232;1093,1,100;1307,1,46;1153,1,90
1464,2,3:1325,2,5,21;1207,1,47
1074,1,2:1325,2,7,23
3392,1,3:1325,3,15,31,79
1050,5,5:1325,1,53;1166,1,25;1341,1,24;1342,1,27;1370,1,52
3393,1,1:1325,1,94
7427,1,1:1166,1,58
4170,2,2:1166,1,156;1195,1,203
2497,1,1:1166,1,178
7428,1,1:1119,1,43
7429,1,1:1119,1,95
7430,1,1:1119,1,97
6134,1,1:1119,1,112
7431,1,2:1274,2,3,13
7432,1,1:1274,1,28
3117,4,4:1274,1,50;1017,1,211;1148,1,255;1052,1,35
1405,2,2:1274,1,51;1088,1,57
691,2,2:1274,1,108;1100,1,48
3831,1,1:1274,1,116
489,5,5:1274,1,125;1020,1,206;1255,1,171;1028,1,180;1099,1,31
6293,1,1:1274,1,126
7433,1,1:1274,1,131
7434,1,1:1274,1,134
517,4,5:1274,1,135;1191,2,247,343;1295,1,135;1326,1,48
7435,1,1:1274,1,136
7436,1,1:1274,1,148
1891,7,7:1274,1,161;1168,1,98;1088,1,174;1287,1,94;1350,1,48;1208,1,76;1228,1,60
3575,6,10:1274,1,167;1168,2,111,152;1089,3,9,19,90;1044,1,150;1026,1,176;1174,2,20,41
2127,1,1:1274,1,169
4544,2,2:1274,1,222;1265,1,66
7437,1,1:1274,1,241
7438,1,1:1274,1,246
1639,1,1:1084,1,42
1232,3,3:1084,1,108;1020,1,242;1093,1,123
7439,1,1:1084,1,273
399,2,2:1084,1,296;1193,1,148
7440,1,1:1275,1,45
2278,1,4:1275,4,94,169,182,264
7441,1,1:1275,1,127
3304,1,1:1275,1,180
4224,1,1:1275,1,199
6616,1,2:1275,2,217,237
3022,1,4:1085,4,6,16,52,80
3242,1,1:1190,1,49
1517,1,1:1190,1,108
7442,1,1:1017,1,35
7443,1,1:1017,1,82
893,2,4:1017,1,90;1233,3,8,17,20
2726,6,10:1017,1,112;1127,1,195;1198,3,11,26,39;1199,1,157;1027,1,175;1174,3,10,31,57
49,1,1:1017,1,148
6104,2,2:1017,1,160;1171,1,256
7444,1,1:1017,1,190
5679,1,1:1017,1,207
3370,1,1:1017,1,245
7445,1,1:1017,1,247
7446,1,1:1017,1,280
1494,2,2:1017,1,293;1226,1,70
2132,3,4:1017,1,298;1191,2,111,166;1120,1,147
834,2,4:1041,2,7,16;1045,2,147,193
835,3,5:1041,2,8,17;1293,1,53;1045,2,124,156
7447,1,1:1041,1,61
4774,1,1:1041,1,63
2683,1,1:1041,1,68
2271,4,4:1041,1,75;1264,1,135;1337,1,117;1308,1,272
4302,1,1:1041,1,177
7448,2,2:1018,1,24;1196,1,99
2273,1,1:1018,1,42
1420,2,2:1018,1,75;1087,1,96
311,2,2:1018,1,96;1291,1,130
313,1,1:1018,1,99
531,2,2:1018,1,129;1129,1,101
1216,5,5:1018,1,139;1264,1,15;1197,1,110;1029,1,111;1030,1,33
3466,7,8:1018,1,140;1043,1,129;1024,2,139,174;1050,1,132;1245,1,52;1029,1,112;1030,1,34
7449,1,3:1217,3,2,5,15
7450,1,1:1217,1,29
5412,1,1:1217,1,33
7451,1,1:1217,1,44
2151,1,1:1217,1,65
5157,1,1:1217,1,69
2823,1,1:1217,1,76
7452,1,1:1217,1,78
4629,1,1:1218,1,25
7453,1,1:1218,1,87
7454,1,1:1218,1,88
5939,1,1:1218,1,89
4112,1,1:1218,1,97
4342,1,1:1232,1,30
3191,4,4:1232,1,43;1247,1,126;1032,1,251;1101,1,164
4034,1,1:1232,1,50
7455,1,1:1232,1,59
7456,1,1:1232,1,71
7457,1,2:1167,2,8,21
2267,1,1:1167,1,71
2596,1,1:1167,1,74
1582,2,2:1167,1,137;1326,1,117
1583,2,2:1167,1,138;1326,1,119
2381,2,2:1167,1,151;1285,1,66
818,3,7:1167,3,202,223,297;1336,2,82,133;1228,2,135,187
7458,1,1:1167,1,252
7459,1,2:1167,2,261,281
874,1,1:1335,1,47
1055,2,2:1335,1,54;1046,1,56
6197,1,1:1335,1,83
2100,1,1:1335,1,96
7460,1,1:1335,1,99
7461,1,1:1335,1,100
2348,5,5:1341,1,77;1169,1,169;1277,1,56;1043,1,127;1050,1,130
7462,2,3:1341,2,86,156;1370,1,123
7463,1,1:1341,1,100
5643,5,8:1086,1,20;1020,1,225;1304,2,54,132;1026,1,78;1306,3,6,18,112
4853,1,1:1086,1,22
5451,1,1:1086,1,26
2198,2,2:1086,1,37;1048,1,645
3321,1,1:1086,1,60
7464,1,1:1086,1,65
7465,2,2:1086,1,75;1120,1,266
2144,1,1:1086,1,81
1382,1,1:1086,1,91
347,1,1:1086,1,96
875,6,7:1086,1,128;1295,1,167;1170,2,66,84;1193,1,48;1220,1,42;1026,1,139
3561,1,3:1086,3,146,165,203
5865,2,2:1086,1,168;1054,1,158
7466,1,1:1086,1,197
7467,1,1:1086,1,220
383,4,4:1086,1,256;1043,1,193;1050,1,197;1096,1,156
5419,3,3:1086,1,257;1053,1,230;1290,1,153
7468,1,1:1086,1,291
7469,1,1:1086,1,292
2764,1,1:1086,1,299
7470,1,1:1086,1,312
814,2,2:1086,1,360;1342,1,168
7471,1,1:1086,1,414
7472,1,1:1086,1,422
1180,3,4:1168,2,62,200;1169,1,249;1291,1,115
1191,2,2:1168,1,83;1291,1,91
5255,2,6:1168,1,89;1026,5,9,26,47,53,91
7473,1,1:1168,1,121
7474,1,1:1168,1,132
1489,2,3:1168,1,134;1287,2,142,156
7475,1,1:1168,1,204
2521,1,1:1293,1,25
876,5,5:1293,1,80;1172,1,124;1029,1,51;1280,1,99;1229,1,131
7476,1,1:1293,1,100
4668,1,1:1293,1,109
342,5,10:1147,3,29,63,133;1326,1,40;1048,4,46,252,291,356;1245,1,38;1101,1,307
2223,1,1:1147,1,43
7477,1,2:1147,2,47,235
3719,2,2:1147,1,51;1087,1,114
7478,1,1:1147,1,53
7479,1,1:1147,1,56
1862,1,1:1147,1,75
1121,2,2:1147,1,158;1306,1,51
7480,1,1:1147,1,160
3448,2,2:1147,1,168;1169,1,108
7481,1,1:1147,1,172
1849,7,8:1147,1,225;1285,1,73;1342,1,49;1227,1,98;1092,1,94;1150,2,87,238;1155,1,105
7482,1,1:1147,1,232
844,3,3:1147,1,242;1371,1,27;1270,1,93
6013,2,11:1019,4,2,8,15,94;1087,7,3,14,49,80,100,117,142
166,1,1:1019,1,44
2316,1,1:1019,1,58
1071,3,3:1019,1,77;1266,1,33;1153,1,18
7483,2,2:1019,1,92;1048,1,543
4502,2,2:1019,1,113;1383,1,63
3211,3,3:1191,1,21;1304,1,62;1306,1,56
5757,3,3:1191,1,25;1174,1,232;1102,1,136
1949,2,3:1191,1,26;1227,2,7,21
7484,2,2:1191,1,47;1197,1,214
2592,1,1:1191,1,49
82,1,1:1191,1,58
2588,1,2:1191,2,62,72
2131,1,1:1191,1,79
1081,1,1:1191,1,102
5463,1,3:1191,3,112,167,198
1662,1,1:1191,1,118
7485,1,1:1191,1,129
1015,2,2:1191,1,132;1031,1,124
2110,2,2:1191,1,138;1046,1,52
1663,1,1:1191,1,140
1664,4,4:1191,1,155;1023,1,106;1210,1,42;1229,1,170
7486,1,1:1191,1,157
7487,1,1:1191,1,160
2247,2,6:1191,5,170,188,219,275,398;1342,1,98
7488,1,1:1191,1,176
6270,1,1:1191,1,222
5126,2,2:1191,1,243;1337,1,95
2597,1,1:1191,1,244
6750,1,1:1191,1,261
5310,1,1:1191,1,284
7489,1,1:1191,1,287
7490,1,1:1191,1,288
2887,3,3:1191,1,293;1286,1,42;1329,1,60
7491,1,1:1191,1,296
6305,1,1:1191,1,300
4530,1,1:1191,1,303
1955,2,2:1191,1,305;1227,1,124
6020,1,1:1191,1,306
2046,2,3:1191,2,310,384;1210,1,139
1782,1,2:1191,2,321,356
1335,4,6:1191,2,323,358;1277,2,150,169;1386,1,88;1056,1,80
7492,1,1:1191,1,329
3432,1,1:1191,1,330
2593,1,1:1191,1,346
2245,2,2:1191,1,369;1048,1,359
3063,2,3:1191,1,371;1148,2,61,90
2425,1,1:1191,1,395
7493,1,1:1191,1,397
2072,1,1:1191,1,402
7494,1,1:1191,1,405
2369,4,10:1394,2,26,83;1286,5,7,21,35,73,149;1337,2,72,80;1266,1,184
1446,3,3:1394,1,43;1286,1,207;1306,1,144
1482,3,3:1394,1,72;1048,1,663;1221,1,73
2367,2,2:1394,1,80;1201,1,43
3626,1,1:1394,1,84
1701,2,2:1394,1,91;1171,1,165
4415,1,1:1394,1,95
887,6,11:1394,1,99;1169,2,118,374;1277,1,71;1148,2,140,248;1233,1,82;1247,4,2,14,75,160
7495,1,1:1394,1,126
7496,1,2:1020,2,4,18
3770,2,2:1020,1,56;1048,1,306
1444,3,3:1020,1,79;1295,1,70;1088,1,70
7497,1,1:1020,1,83
7498,1,1:1020,1,97
545,3,3:1020,1,98;1332,1,57;1308,1,142
3604,2,2:1020,1,105;1028,1,30
1364,1,1:1020,1,106
636,4,12:1020,1,112;1304,4,8,18,22,117;1343,2,29,74;1306,5,10,22,29,131,136
1770,2,2:1020,1,156;1289,1,119
2520,1,1:1020,1,161
488,3,3:1020,1,166;1336,1,177;1045,1,111
3214,2,2:1020,1,191;1277,1,211
5642,2,2:1020,1,227;1088,1,243
5069,1,4:1087,4,6,17,33,120
3763,1,1:1087,1,24
1864,3,7:1087,1,42;1294,1,68;1099,5,137,151,247,255,266
3384,1,1:1087,1,52
2750,1,1:1087,1,90
89,2,3:1169,2,26,373;1219,1,15
3124,1,1:1169,1,114
4171,1,1:1169,1,151
7499,1,1:1169,1,180
5173,1,1:1169,1,199
2781,3,5:1169,1,223;1046,3,4,9,23;1306,1,44
7500,1,1:1169,1,253
502,2,2:1169,1,336;1229,1,315
1098,2,5:1285,4,1,8,20,79;1046,1,114
4011,2,5:1285,2,6,13;1342,3,5,16,28
7501,1,3:1285,3,7,14,48
3698,1,1:1285,1,19
4113,2,2:1285,1,23;1220,1,83
4287,1,1:1285,1,42
7502,1,1:1285,1,57
1754,1,1:1285,1,59
7503,1,1:1285,1,60
4023,1,1:1285,1,69
7504,1,1:1192,1,47
7505,1,1:1192,1,49
1791,3,3:1192,1,92;1194,1,156;1304,1,184
1414,4,5:1192,1,107;1288,1,213;1052,2,151,171;1101,1,123
7506,1,1:1192,1,134
7507,1,1:1192,1,137
7508,1,2:1192,2,149,184
5288,1,1:1192,1,162
3125,2,2:1192,1,176;1245,1,78
3464,1,1:1192,1,178
2826,1,2:1192,2,181,201
5959,2,2:1192,1,186;1029,1,100
889,1,1:1192,1,226
3259,1,1:1192,1,237
7509,1,1:1192,1,248
5960,3,5:1336,3,5,12,29;1044,1,108;1329,1,123
268,3,3:1336,1,56;1220,1,125;1307,1,133
7510,1,1:1336,1,76
2173,1,1:1336,1,87
5593,1,2:1336,2,108,166
1185,1,1:1336,1,142
1831,2,2:1336,1,161;1363,1,102
1739,1,1:1336,1,174
2312,1,1:1336,1,184
7511,2,2:1286,1,30;1149,1,90
2368,1,1:1286,1,40
1345,2,6:1286,4,76,97,152,159;1122,2,65,81
1630,2,2:1286,1,81;1026,1,203
2013,1,1:1286,1,137
5996,2,2:1286,1,161;1266,1,181
3595,2,2:1286,1,185;1095,1,199
1541,3,3:1286,1,192;1304,1,58;1363,1,74
3040,5,5:1286,1,206;1045,1,176;1289,1,63;1279,1,95;1227,1,154
7512,1,1:1286,1,219
2298,1,1:1377,1,30
7513,1,1:1377,1,61
3055,1,1:1377,1,97
862,3,3:1276,1,61;1021,1,87;1045,1,142
2088,4,4:1276,1,73;1278,1,80;1337,1,67;1091,1,21
463,2,2:1276,1,74;1337,1,68
7514,1,1:1276,1,76
4010,1,1:1342,1,37
2336,1,1:1342,1,46
5123,2,2:1342,1,47;1046,1,129
1063,3,4:1342,1,55;1128,2,7,15;1382,1,177
7515,1,1:1342,1,61
2211,2,2:1342,1,72;1021,1,50
3054,3,3:1342,1,97;1148,1,349;1382,1,87
2893,2,2:1342,1,132;1287,1,52
7516,1,1:1342,1,144
7517,1,1:1342,1,158
7518,1,1:1342,1,172
2026,2,2:1342,1,178;1046,1,18
1716,1,2:1294,2,13,28
4313,1,2:1264,2,2,7
7519,2,2:1264,1,16;1227,1,39
7520,1,1:1264,1,48
7521,1,1:1264,1,63
2080,1,1:1264,1,83
7522,1,1:1264,1,124
3670,1,1:1264,1,127
7523,1,1:1264,1,138
7524,1,1:1264,1,145
7525,1,1:1226,1,72
4663,1,1:1226,1,78
2620,1,1:1226,1,160
7526,1,1:1226,1,180
7527,1,1:1226,1,182
7528,1,1:1295,1,89
586,3,7:1326,3,3,19,87;1172,3,33,81,89;1278,1,16
1883,2,2:1326,1,46;1220,1,64
2246,1,1:1326,1,53
4094,1,1:1326,1,61
4063,2,2:1326,1,71;1102,1,108
2006,1,1:1326,1,77
7529,1,1:1326,1,78
788,1,1:1326,1,95
2678,1,1:1255,1,60
4284,1,1:1255,1,63
2803,2,2:1255,1,88;1229,1,119
6674,1,1:1255,1,102
4059,1,1:1255,1,117
7530,1,1:1255,1,162
6284,1,2:1255,2,176,206
3532,1,1:1255,1,213
2702,2,2:1255,1,214;1363,1,83
7531,1,1:1255,1,216
7532,1,1:1255,1,269
1617,1,1:1170,1,70
3157,1,1:1170,1,72
7533,1,1:1170,1,97
7534,1,1:1170,1,123
3809,2,2:1171,1,67;1046,1,128
1689,1,1:1171,1,70
3175,1,1:1171,1,169
3894,3,3:1171,1,170;1220,1,173;1245,1,152
3483,1,2:1171,2,187,273
7535,1,1:1171,1,263
2361,1,1:1277,1,115
4018,2,2:1277,1,138;1101,1,160
7536,1,1:1193,1,134
4756,2,2:1193,1,135;1098,1,56
292,1,1:1193,1,136
4785,4,7:1395,1,30;1088,1,248;1127,1,104;1044,4,14,40,92,205
579,2,2:1395,1,56;1046,1,102
2498,4,6:1148,3,1,13,30;1042,1,12;1304,1,127;1291,1,114
7537,1,1:1148,1,51
7538,1,1:1148,1,59
2293,1,1:1148,1,79
7539,1,1:1148,1,124
2724,1,1:1148,1,161
3265,1,1:1148,1,170
7540,1,1:1148,1,206
7541,1,1:1148,1,246
7542,1,1:1148,1,257
2076,1,1:1148,1,270
3212,3,3:1148,1,279;1048,1,451;1091,1,28
480,2,2:1148,1,295;1048,1,616
3252,2,2:1148,1,317;1247,1,169
4411,2,2:1148,1,330;1032,1,175
6422,1,1:1148,1,356
5834,1,1:1042,1,69
3290,1,3:1172,3,2,5,100
1103,2,5:1172,4,15,29,50,57;1120,1,56
2404,2,2:1172,1,60;1208,1,29
7543,1,1:1172,1,80
7544,1,1:1172,1,98
7545,1,1:1172,1,99
7546,1,1:1172,1,103
2574,1,1:1172,1,105
4468,3,3:1172,1,106;1045,1,39;1046,1,27
2234,3,4:1172,1,109;1227,1,201;1331,2,28,101
3893,2,2:1172,1,123;1029,1,50
7547,1,1:1172,1,137
6615,1,1:1088,1,23
7548,1,1:1088,1,42
7549,1,1:1088,1,83
7550,1,1:1088,1,123
7551,1,1:1088,1,125
7552,1,1:1088,1,173
3931,1,1:1088,1,185
7553,1,1:1088,1,267
5266,2,2:1088,1,299;1028,1,281
5789,1,1:1088,1,302
1033,2,4:1089,3,1,11,28;1174,1,165
3581,1,1:1370,1,42
3018,2,3:1370,1,43;1099,2,272,292
2912,1,1:1370,1,79
7554,1,1:1370,1,90
2050,1,2:1370,2,127,158
7555,1,1:1370,1,165
5192,1,1:1043,1,115
5073,3,4:1043,1,132;1337,2,5,14;1050,1,135
6174,2,2:1043,1,181;1050,1,184
7556,1,2:1393,2,4,10
1270,2,4:1393,3,6,12,25;1099,1,303
1480,1,1:1393,1,27
1893,1,1:1393,1,81
5864,1,1:1393,1,87
1104,3,3:1393,1,102;1176,1,142;1155,1,265
91,1,1:1393,1,106
7557,1,1:1244,1,55
7558,1,5:1120,5,5,10,12,33,158
3435,1,2:1120,2,27,82
1252,1,1:1120,1,53
1323,2,2:1120,1,60;1155,1,93
7559,1,1:1120,1,102
7560,1,1:1120,1,110
2357,1,1:1120,1,155
6726,1,1:1120,1,171
4630,1,1:1120,1,184
7561,1,1:1120,1,198
5604,1,1:1120,1,203
5640,1,1:1120,1,212
6239,1,1:1120,1,215
7562,1,1:1120,1,221
2533,2,2:1120,1,227;1327,1,95
1147,2,2:1120,1,228;1048,1,591
7563,1,1:1120,1,238
3041,1,1:1120,1,242
1573,3,3:1120,1,247;1304,1,157;1327,1,44
1227,2,2:1220,1,56;1281,1,51
1753,3,9:1220,1,66;1128,7,49,93,138,154,163,183,231;1150,1,195
4563,3,10:1220,1,67;1128,7,50,94,139,155,164,184,232;1150,2,155,196
7564,1,1:1220,1,78
246,1,1:1220,1,79
7565,1,1:1220,1,93
5264,1,2:1220,2,122,127
6499,1,1:1220,1,129
7566,1,1:1220,1,141
4555,1,1:1220,1,150
3422,1,1:1220,1,152
7567,1,1:1220,1,181
2195,1,1:1220,1,184
4975,1,3:1278,3,1,6,65
5410,1,1:1278,1,12
7568,1,1:1278,1,23
7569,1,1:1278,1,30
441,1,1:1278,1,40
1334,2,2:1278,1,90;1229,1,149
4471,1,1:1278,1,93
5127,2,4:1278,3,98,139,163;1023,1,108
2738,1,1:1278,1,101
2097,1,1:1278,1,108
829,1,1:1278,1,133
7570,1,1:1278,1,144
7571,1,1:1278,1,147
1918,4,8:1278,1,166;1227,1,171;1200,2,216,221;1236,4,1,10,21,75
2753,1,1:1287,1,65
1720,2,4:1287,2,93,144;1092,2,62,81
7572,1,1:1287,1,116
2780,2,2:1287,1,122;1090,1,59
5741,1,2:1287,2,125,161
2133,1,1:1287,1,128
2564,1,1:1287,1,141
5669,1,3:1287,3,155,177,205
7573,1,1:1287,1,158
5621,2,4:1287,1,169;1028,3,119,163,214
4194,1,1:1287,1,192
7574,1,1:1287,1,243
2761,8,11:1287,1,249;1199,1,79;1051,2,72,87;1330,1,96;1052,3,13,27,39;1095,1,80;1030,1,89;1202,1,154
6732,2,2:1287,1,252;1383,1,113
1765,1,1:1288,1,72
704,1,1:1288,1,95
1149,1,1:1288,1,111
7575,1,1:1288,1,206
7576,1,1:1173,1,84
3632,2,2:1173,1,117;1052,1,201
3229,1,2:1173,2,132,151
4022,1,1:1173,1,142
5380,1,1:1173,1,153
1996,2,3:1350,2,6,13;1024,1,89
7577,1,1:1350,1,58
6055,1,1:1350,1,71
7578,1,2:1194,2,4,19
1866,1,1:1194,1,66
7579,1,1:1194,1,68
1503,1,1:1194,1,80
2610,5,5:1194,1,132;1227,1,61;1382,1,167;1027,1,55;1270,1,163
7580,1,1:1194,1,151
7581,1,1:1265,1,51
1159,1,1:1265,1,61
7582,1,2:1021,2,8,22
2515,7,16:1021,3,14,28,44;1045,3,137,146,192;1337,5,9,18,27,65,102;1289,1,61;1227,2,152,231;1210,1,90;1029,1,66
2670,3,3:1021,1,65;1337,1,92;1227,1,173
7583,1,1:1021,1,74
7584,1,1:1021,1,110
1246,4,5:1022,2,11,28;1304,1,116;1092,1,112;1306,1,71
3347,4,4:1022,1,53;1093,1,47;1026,1,106;1386,1,57
7585,1,1:1022,1,63
3064,2,2:1022,1,74;1245,1,154
5414,3,4:1022,1,77;1121,2,258,290;1030,1,317
3760,2,3:1022,1,78;1149,2,31,215
2522,1,1:1022,1,86
3570,1,1:1022,1,89
4556,1,1:1022,1,103
7586,1,1:1022,1,107
5971,2,2:1022,1,109;1209,1,103
2048,1,1:1023,1,37
6607,2,4:1023,2,59,88;1210,2,95,143
1066,1,1:1023,1,78
4061,1,1:1023,1,85
6097,2,3:1127,2,17,41;1122,1,42
7587,1,2:1127,2,23,47
585,4,9:1127,5,60,70,118,169,220;1329,2,64,102;1382,1,202;1386,1,145
6099,2,2:1127,1,76;1382,1,55
3994,1,1:1127,1,143
5599,1,1:1127,1,188
7588,1,1:1127,1,192
7589,1,1:1127,1,200
7590,1,1:1127,1,230
6098,2,6:1127,1,242;1122,5,2,16,30,55,85
1500,4,6:1044,2,12,38;1094,1,32;1051,2,18,37;1028,1,278
2532,4,25:1044,6,19,45,85,166,176,214;1210,1,85;1266,10,3,13,25,53,80,93,116,146,173,188;1027,8,6,19,36,53,81,96,114,197
4988,3,3:1044,1,99;1027,1,182;1051,1,77
3311,6,6:1044,1,101;1198,1,46;1199,1,44;1051,1,79;1174,1,196;1095,1,90
3136,1,1:1044,1,112
3379,3,3:1044,1,127;1198,1,76;1199,1,74
4360,1,1:1044,1,156
7591,1,1:1044,1,157
2951,3,9:1195,4,2,13,30,75;1200,4,2,26,56,96;1383,1,88
2946,1,4:1195,4,4,15,34,73
7592,4,11:1195,3,8,19,39;1200,3,8,32,65;1383,2,1,3;1201,3,57,100,136
5807,2,3:1195,2,11,22;1200,1,70
7593,1,4:1195,4,50,65,119,247
1031,2,2:1195,1,94;1200,1,112
2924,2,2:1195,1,100;1200,1,118
1805,2,2:1195,1,102;1200,1,120
7594,2,3:1195,1,128;1200,2,154,170
2416,2,3:1195,2,136,233;1248,1,86
1359,2,5:1195,3,225,237,263;1201,2,159,239
2941,3,10:1195,3,231,236,262;1383,1,47;1201,6,25,98,134,141,158,238
5155,1,1:1195,1,269
7595,1,3:1121,3,4,24,45
1974,3,13:1121,4,12,32,82,284;1030,5,15,31,44,69,248;1129,4,125,155,175,270
7596,2,3:1121,1,63;1030,2,83,292
7597,1,2:1121,2,99,160
7598,1,2:1121,2,101,178
7599,1,1:1121,1,125
7600,1,1:1121,1,128
5377,1,1:1121,1,169
7601,1,2:1121,2,206,251
7602,2,2:1121,1,277;1030,1,314
3414,2,4:1351,1,28;1267,3,13,26,37
4328,1,1:1351,1,58
2112,1,1:1304,1,26
7603,1,1:1304,1,35
1990,4,4:1304,1,76;1151,1,45;1152,1,38;1249,1,47
1800,1,1:1304,1,190
2362,1,3:1327,3,5,11,79
3944,4,8:1327,1,38;1209,1,264;1227,5,69,84,114,194,212;1332,1,19
4037,3,4:1327,1,62;1196,2,60,127;1048,1,32
3340,1,1:1327,1,156
6728,1,1:1045,1,24
5089,1,1:1045,1,82
5658,1,1:1045,1,102
5199,2,6:1045,4,108,148,183,194;1046,2,75,98
3439,2,2:1045,1,114;1337,1,78
7604,1,4:1045,4,117,162,173,188
7605,1,4:1045,4,118,163,174,189
7606,1,2:1045,2,119,143
4474,1,2:1045,2,164,178
2966,3,4:1045,1,165;1200,1,185;1201,2,93,129
7607,1,1:1045,1,186
4688,1,1:1046,1,19
7608,1,1:1046,1,51
7609,1,1:1046,1,62
5464,1,1:1046,1,63
7610,1,1:1046,1,65
3058,2,2:1046,1,74;1386,1,87
6418,1,1:1046,1,82
7611,1,1:1046,1,115
3428,1,1:1337,1,57
2282,1,1:1337,1,98
7612,1,1:1337,1,100
2370,1,1:1337,1,101
7613,1,1:1328,1,10
2105,1,1:1328,1,11
1534,1,1:1328,1,12
6536,1,1:1328,1,21
951,2,3:1328,1,23;1334,2,62,105
7614,2,2:1328,1,26;1207,1,187
6257,1,2:1149,2,41,179
2752,1,1:1149,1,123
3226,1,1:1149,1,184
1495,1,1:1149,1,225
1887,1,1:1149,1,278
2566,3,4:1206,1,26;1247,2,50,152;1097,1,191
2827,2,2:1206,1,40;1024,1,65
2586,1,1:1206,1,94
2704,2,2:1206,1,179;1382,1,106
7615,1,1:1206,1,186
7616,1,1:1206,1,188
4057,1,1:1207,1,56
1723,1,1:1207,1,58
701,1,1:1207,1,77
5667,1,1:1207,1,84
1647,2,3:1207,2,145,150;1030,1,255
2686,3,3:1207,1,190;1096,1,206;1228,1,129
2851,1,1:1207,1,193
4842,1,1:1207,1,203
3388,1,1:1207,1,207
7617,1,1:1024,1,141
7618,1,1:1024,1,158
4268,2,2:1024,1,181;1290,1,127
7619,1,1:1024,1,208
1545,2,2:1024,1,209;1246,1,106
6316,1,1:1024,1,229
2698,1,1:1024,1,233
1131,2,2:1196,1,35;1307,1,101
2888,1,1:1196,1,82
6475,1,1:1196,1,97
7620,2,3:1196,1,100;1090,2,82,212
3100,1,4:1025,4,3,22,40,72
2768,2,2:1025,1,54;1209,1,235
1096,1,1:1025,1,56
5233,1,1:1025,1,63
4578,1,1:1025,1,67
3541,2,2:1025,1,86;1246,1,66
972,1,1:1025,1,88
7621,1,1:1047,1,24
7622,1,1:1047,1,25
4782,1,1:1047,1,33
7623,1,1:1197,1,100
5717,1,1:1197,1,106
1722,1,1:1197,1,248
3605,1,1:1197,1,292
1415,1,1:1208,1,32
3088,1,1:1208,1,40
7624,1,1:1208,1,47
4090,1,1:1208,1,51
7625,1,1:1208,1,71
3243,1,1:1208,1,89
811,1,1:1090,1,138
4363,1,1:1090,1,191
7626,1,1:1090,1,192
3309,1,1:1209,1,70
495,1,1:1209,1,101
2387,2,2:1209,1,172;1290,1,171
1748,1,1:1209,1,182
1502,2,4:1209,1,219;1101,3,20,46,74
7627,1,1:1209,1,227
7628,1,1:1209,1,239
4986,1,1:1209,1,253
3750,1,1:1209,1,282
4989,1,1:1209,1,297
674,1,2:1361,2,11,24
7629,1,2:1289,2,10,29
7630,1,1:1048,1,66
3703,1,1:1048,1,84
3405,1,3:1048,3,121,298,576
1988,1,7:1048,7,142,163,192,286,367,495,523
2244,2,3:1048,2,147,483;1026,1,223
7631,2,4:1048,3,150,487,557;1279,1,131
7632,1,1:1048,1,209
4464,2,2:1048,1,225;1176,1,153
4381,1,2:1048,2,231,537
1190,2,2:1048,1,248;1129,1,78
2824,1,2:1048,2,300,601
2462,1,1:1048,1,337
2233,1,1:1048,1,381
6688,1,1:1048,1,392
1576,1,1:1048,1,414
2346,1,1:1048,1,505
1126,1,1:1048,1,541
2772,2,2:1048,1,556;1026,1,50
4567,1,1:1048,1,564
4160,1,1:1048,1,589
5250,1,1:1048,1,618
3898,1,1:1048,1,631
2156,1,1:1375,1,23
7633,1,1:1375,1,56
7634,1,1:1375,1,75
7635,1,1:1375,1,78
4617,1,3:1279,3,5,15,29
7636,1,2:1279,2,6,16
1132,3,3:1279,1,45;1094,1,109;1221,1,68
1965,2,2:1279,1,52;1200,1,202
308,1,1:1279,1,100
7637,1,1:1279,1,107
7638,1,1:1279,1,117
7639,1,1:1279,1,148
2663,2,2:1279,1,153;1031,1,61
2795,4,4:1279,1,156;1386,1,245;1053,1,214;1175,1,190
7640,1,2:1227,2,41,116
7641,1,1:1227,1,53
7642,1,1:1227,1,60
7643,1,1:1227,1,64
4114,2,3:1227,2,72,87;1129,1,49
7644,1,1:1227,1,94
7645,1,1:1227,1,99
7646,1,1:1227,1,100
7647,1,1:1227,1,105
1708,1,1:1227,1,109
7648,1,1:1227,1,151
1423,1,1:1227,1,165
7649,1,1:1227,1,172
7650,1,1:1227,1,218
7651,1,1:1227,1,219
7652,1,1:1227,1,224
4128,1,1:1227,1,235
5066,1,4:1049,4,7,21,55,60
7653,1,1:1049,1,33
7654,1,1:1049,1,45
7655,1,1:1049,1,47
7656,1,1:1049,1,51
5756,1,1:1049,1,52
7657,1,1:1049,1,56
4643,1,1:1050,1,64
7658,1,1:1050,1,118
2372,1,1:1092,1,85
4267,1,1:1092,1,104
7659,1,1:1092,1,119
7660,1,1:1092,1,171
7661,1,1:1128,1,27
1746,1,1:1128,1,57
7662,1,1:1128,1,67
7663,1,1:1128,1,68
5850,2,2:1128,1,86;1095,1,280
7664,2,2:1128,1,112;1150,1,99
2196,1,1:1128,1,115
4915,1,1:1128,1,152
6351,1,1:1128,1,159
7665,1,1:1128,1,162
7666,1,1:1128,1,187
7667,1,1:1128,1,253
6094,2,2:1128,1,255;1201,1,180
6458,1,1:1128,1,259
7668,1,2:1150,2,1,19
429,1,1:1150,1,83
1445,3,3:1150,1,91;1095,1,277;1102,1,155
2830,1,1:1150,1,105
154,1,1:1150,1,113
7669,1,1:1150,1,142
4009,2,2:1150,1,180;1397,1,109
431,1,1:1150,1,182
3329,1,1:1150,1,237
7670,1,1:1150,1,243
6154,1,1:1150,1,247
1388,2,2:1150,1,256;1152,1,47
3356,2,3:1093,2,18,36;1245,1,93
7671,1,1:1093,1,69
7672,1,1:1093,1,71
7673,1,1:1093,1,80
7674,1,1:1093,1,113
3083,1,1:1093,1,119
4081,1,3:1245,3,8,20,30
7675,1,1:1245,1,59
3552,1,1:1245,1,61
7676,1,1:1245,1,63
7677,1,1:1245,1,64
7678,1,2:1245,2,72,143
7679,1,1:1245,1,118
6087,1,2:1245,2,119,159
7680,1,1:1245,1,146
7681,1,1:1245,1,153
7682,1,1:1245,1,155
6703,1,1:1245,1,165
7683,1,1:1245,1,172
3758,1,3:1026,3,8,25,46
7684,1,1:1026,1,55
235,1,1:1026,1,73
7685,1,3:1026,3,75,96,198
2669,1,3:1026,3,94,171,181
7686,1,1:1026,1,97
7687,1,1:1026,1,128
7688,1,1:1026,1,133
3485,2,3:1026,2,143,157;1330,1,89
3119,2,10:1026,7,173,226,234,250,254,275,331;1330,3,50,66,101
4862,1,1:1026,1,187
7689,1,1:1026,1,202
6186,1,1:1026,1,211
1346,2,2:1026,1,213;1383,1,119
7690,1,2:1026,2,247,272
7691,1,2:1026,2,249,330
4980,1,1:1026,1,264
7692,1,1:1026,1,266
3954,1,1:1026,1,267
7693,1,1:1026,1,268
7694,1,2:1026,2,322,345
5504,1,2:1210,2,4,15
6733,1,1:1210,1,27
6734,1,1:1210,1,29
7695,1,1:1210,1,70
7696,1,1:1210,1,78
7697,1,1:1210,1,84
7698,1,1:1210,1,89
7699,1,2:1210,2,135,153
2044,1,1:1233,1,39
2184,2,2:1233,1,65;1154,1,187
4651,1,1:1233,1,74
949,1,1:1233,1,89
802,1,1:1233,1,90
7700,1,2:1233,2,95,113
7701,1,1:1233,1,119
4517,1,3:1246,3,35,51,72
5300,1,1:1246,1,62
7702,1,1:1246,1,64
7703,1,1:1246,1,68
3398,1,1:1246,1,82
3082,1,2:1246,2,145,175
1797,2,3:1246,2,146,176;1032,1,88
2168,1,1:1246,1,191
1290,1,1:1329,1,28
1462,1,1:1329,1,44
2727,2,2:1329,1,53;1280,1,47
6604,1,1:1329,1,151
3743,6,8:1329,1,170;1151,1,46;1152,1,39;1267,3,10,23,34;1249,1,48;1250,1,65
3046,1,1:1329,1,174
5564,1,3:1382,3,4,15,94
1729,1,1:1382,1,31
5754,1,2:1382,2,42,100
7704,1,1:1382,1,43
4398,1,2:1382,2,65,102
7705,1,1:1382,1,81
7706,1,2:1382,2,103,183
4146,1,2:1382,2,104,184
7707,1,3:1382,3,109,148,211
7708,1,2:1382,2,115,159
7709,1,1:1382,1,127
5566,1,1:1382,1,169
4589,1,1:1382,1,206
7710,1,2:1122,2,6,20
3524,2,2:1122,1,82;1032,1,115
3333,1,1:1122,1,99
7711,1,1:1198,1,38
3292,2,2:1198,1,62;1199,1,60
3969,2,2:1198,1,68;1199,1,66
5500,2,2:1198,1,84;1199,1,86
7712,1,1:1198,1,112
7713,2,2:1198,1,124;1199,1,110
4092,1,1:1386,1,42
5121,1,2:1386,2,103,180
6483,1,1:1386,1,114
4551,1,1:1386,1,118
1992,1,1:1386,1,141
7714,1,1:1386,1,179
5398,1,1:1199,1,36
7715,1,1:1199,1,129
1812,1,1:1199,1,140
7716,1,1:1199,1,141
3478,1,1:1199,1,156
4762,1,1:1266,1,75
7717,1,1:1266,1,224
3163,1,1:1027,1,40
7718,1,1:1027,1,65
6210,1,1:1027,1,79
31,1,1:1027,1,146
3298,1,1:1027,1,170
7719,1,1:1027,1,184
4684,1,1:1027,1,195
7720,1,1:1027,1,198
4049,1,1:1094,1,54
3373,1,1:1094,1,65
1034,2,8:1051,7,8,27,59,98,159,187,198;1174,1,201
5797,2,4:1051,3,17,36,68;1052,1,146
5710,2,2:1051,1,51;1052,1,61
7721,1,1:1051,1,92
5165,1,1:1051,1,102
1585,1,1:1051,1,109
7722,1,1:1051,1,114
4995,1,2:1051,2,122,168
5446,1,1:1174,1,76
7723,1,1:1174,1,178
5261,1,1:1174,1,212
2276,1,4:1330,4,3,14,29,75
6427,2,4:1330,2,34,77;1250,2,86,102
7724,1,2:1330,2,49,85
1707,2,2:1330,1,60;1228,1,55
6653,1,1:1330,1,64
7725,1,1:1330,1,117
520,1,2:1052,2,10,24
6665,1,1:1052,1,49
7726,1,1:1052,1,51
5609,1,1:1052,1,72
7727,1,1:1052,1,111
4397,1,1:1028,1,52
5437,1,1:1028,1,85
6110,1,2:1028,2,92,149
7728,1,1:1028,1,124
5651,1,1:1028,1,126
5987,1,1:1028,1,141
6299,1,1:1028,1,152
7729,1,1:1028,1,173
3161,1,2:1028,2,179,192
7730,1,1:1028,1,197
4276,1,1:1028,1,229
3837,1,1:1028,1,246
7731,1,1:1095,1,79
4348,1,1:1095,1,83
2654,2,2:1095,1,97;1056,1,70
1681,1,1:1095,1,99
1948,1,2:1095,2,112,121
7732,1,1:1095,1,142
1461,1,1:1095,1,271
1563,1,1:1200,1,109
7733,1,1:1200,1,181
1957,2,5:1305,4,10,21,31,104;1236,1,29
2980,1,1:1305,1,35
2960,3,3:1305,1,73;1383,1,34;1236,1,50
6715,1,1:1305,1,76
1755,1,1:1305,1,90
7734,1,1:1305,1,100
2938,1,1:1305,1,109
4788,1,1:1305,1,115
1804,1,1:1305,1,119
2976,1,1:1305,1,122
2945,1,1:1305,1,125
3001,1,1:1305,1,132
6687,2,3:1383,2,79,108;1053,1,141
7735,1,1:1383,1,83
2967,2,3:1383,1,85;1201,2,6,14
1919,1,1:1383,1,87
7736,1,1:1383,1,98
4543,1,1:1383,1,104
7737,1,1:1383,1,106
4041,1,1:1383,1,109
7738,1,1:1201,1,24
2879,1,2:1201,2,26,142
2964,1,2:1201,2,74,112
7739,1,2:1201,2,97,133
7740,1,1:1201,1,115
2865,1,1:1201,1,215
7741,1,1:1201,1,217
7742,2,2:1201,1,228;1032,1,232
1931,2,2:1236,1,25;1153,1,96
5535,1,1:1053,1,51
2606,2,4:1053,1,96;1096,3,23,49,77
7743,1,1:1053,1,111
7744,1,1:1053,1,126
7745,1,1:1053,1,156
4341,1,2:1053,2,168,180
7746,1,5:1029,5,4,18,34,110,123
6016,1,2:1029,2,14,28
5452,1,1:1029,1,68
7747,1,3:1030,3,8,24,61
7748,1,1:1030,1,88
7749,1,2:1030,2,97,290
7750,1,1:1030,1,109
7751,1,1:1030,1,112
1940,1,1:1030,1,120
7752,1,2:1030,2,141,189
3273,1,2:1030,2,143,198
3240,2,2:1030,1,244;1097,1,174
3380,1,2:1030,2,250,260
1968,1,1:1030,1,256
5569,1,1:1030,1,296
7753,1,2:1096,2,14,40
7754,1,1:1096,1,69
7755,1,2:1096,2,85,146
7756,1,1:1096,1,239
4510,1,1:1096,1,245
7757,2,4:1031,2,10,20;1054,2,15,32
7758,1,2:1031,2,58,86
7759,1,1:1031,1,73
5858,1,1:1031,1,99
7760,1,1:1054,1,74
7761,1,1:1054,1,150
5296,1,1:1054,1,154
7762,1,1:1054,1,173
5767,1,2:1202,2,54,82
5096,1,2:1202,2,68,164
4928,1,1:1202,1,186
7763,1,2:1129,2,19,44
2807,2,2:1129,1,38;1290,1,114
7764,1,1:1129,1,106
6624,1,1:1129,1,126
4850,2,2:1129,1,139;1156,1,191
7765,1,1:1129,1,186
7766,1,1:1129,1,237
7767,1,1:1129,1,247
6384,1,1:1129,1,271
4457,1,1:1129,1,274
4088,1,1:1129,1,301
7768,1,2:1151,2,5,14
7769,1,1:1267,1,67
935,1,1:1331,1,54
5328,1,1:1331,1,64
3090,1,1:1331,1,65
226,2,2:1331,1,66;1250,1,111
3784,1,1:1331,1,90
7770,1,1:1331,1,104
497,1,1:1343,1,49
3932,1,1:1343,1,108
1393,1,1:1343,1,150
2149,2,2:1306,1,26;1102,1,211
7771,1,1:1306,1,48
7772,1,1:1306,1,114
4738,1,1:1306,1,121
2374,1,1:1247,1,56
7773,1,1:1247,1,93
4409,1,1:1247,1,162
5216,1,2:1097,2,49,132
3777,1,1:1097,1,56
7774,1,2:1307,2,31,105
7775,1,2:1307,2,33,107
2695,2,2:1307,1,103;1102,1,131
7776,1,1:1307,1,110
2473,1,1:1307,1,121
4751,1,1:1307,1,144
2802,1,1:1307,1,146
7777,1,2:1175,2,46,99
1616,1,1:1175,1,58
96,1,1:1175,1,61
7778,1,1:1175,1,64
1624,1,1:1175,1,103
7779,1,1:1175,1,104
7780,1,1:1098,1,78
7781,1,1:1098,1,79
7782,1,1:1352,1,27
5054,1,1:1371,1,6
7783,1,2:1371,2,7,16
7784,1,1:1371,1,15
5097,1,1:1371,1,47
7785,1,2:1371,2,48,56
4884,1,1:1371,1,52
7786,1,1:1371,1,60
86,3,3:1371,1,64;1290,1,60;1281,1,151
7787,1,1:1228,1,49
724,2,2:1228,1,61;1155,1,145
2523,1,1:1228,1,78
7788,1,1:1228,1,100
2855,2,2:1228,1,164;1308,1,162
7789,1,1:1228,1,191
4985,1,9:1290,9,5,10,22,73,79,92,98,113,144
7790,1,2:1290,2,38,101
4744,1,1:1290,1,40
6315,1,1:1290,1,55
2017,1,1:1290,1,93
7791,1,1:1290,1,141
936,1,1:1270,1,47
679,2,5:1270,4,53,77,141,179;1280,1,52
7792,1,1:1270,1,144
7793,1,2:1099,2,9,18
7794,1,1:1099,1,20
7795,1,1:1099,1,39
504,2,2:1099,1,58;1363,1,118
5817,1,1:1099,1,72
4831,1,2:1099,2,105,179
1727,2,3:1099,2,192,205;1103,1,93
7796,1,1:1099,1,281
2833,1,1:1280,1,62
7797,1,1:1280,1,126
6035,1,1:1280,1,138
7798,1,4:1229,4,33,129,136,156
3665,1,1:1229,1,92
2578,1,1:1229,1,125
7799,1,1:1229,1,154
7800,1,1:1229,1,161
2841,1,1:1229,1,164
5930,1,1:1229,1,203
921,2,3:1229,1,211;1308,2,100,115
7801,1,1:1229,1,302
514,1,1:1229,1,305
2328,1,3:1332,3,4,12,24
4425,1,1:1332,1,54
5728,1,1:1332,1,68
4908,1,1:1332,1,75
7802,1,1:1332,1,85
7803,1,1:1100,1,30
4635,1,1:1100,1,98
5800,1,1:1055,1,27
5454,1,1:1055,1,40
3640,1,1:1055,1,50
5844,1,1:1153,1,16
1687,1,1:1153,1,38
7804,1,1:1153,1,41
4200,1,1:1153,1,49
7805,1,1:1153,1,51
7806,1,1:1153,1,59
7807,1,1:1153,1,84
2379,1,1:1153,1,91
7808,1,1:1153,1,107
4847,1,1:1153,1,114
7809,1,1:1032,1,60
3087,1,1:1032,1,61
7810,1,1:1032,1,101
7811,1,1:1032,1,127
7812,1,1:1032,1,134
4179,1,1:1032,1,150
7813,1,1:1032,1,171
7814,1,1:1032,1,213
7815,1,1:1032,1,223
7816,1,1:1032,1,225
7817,1,1:1032,1,280
2010,1,1:1032,1,293
4537,1,1:1032,1,300
7818,1,1:1032,1,309
1632,1,1:1101,1,62
3423,1,1:1101,1,72
7819,1,1:1101,1,87
1910,1,1:1101,1,106
6561,1,1:1101,1,150
2584,1,1:1101,1,180
7820,1,2:1101,2,184,211
2187,1,1:1101,1,256
7821,1,1:1308,1,64
2390,1,1:1308,1,86
2391,1,1:1308,1,88
1926,2,2:1308,1,279;1221,1,98
7822,1,1:1102,1,37
722,1,1:1102,1,55
4557,1,1:1102,1,114
7823,1,1:1363,1,40
2506,1,1:1363,1,85
4085,1,1:1363,1,122
5749,1,2:1281,2,5,13
7824,1,1:1281,1,37
5672,1,1:1281,1,39
4055,1,1:1281,1,140
7825,1,1:1281,1,143
7826,1,1:1281,1,156
1937,1,1:1281,1,172
7827,1,1:1281,1,174
7828,1,1:1281,1,175
4077,1,1:1281,1,179
2182,1,2:1103,2,55,98
1010,1,3:1103,3,59,72,79
5000,1,1:1103,1,64
7829,1,1:1103,1,77
4078,1,2:1103,2,117,254
7830,1,1:1103,1,119
7831,1,1:1103,1,154
1696,1,1:1221,1,42
7832,1,1:1221,1,79
6012,1,1:1221,1,90
7833,1,1:1221,1,100
2891,1,1:1390,1,15
7834,2,4:1390,2,36,115;1291,2,62,93
92,1,1:1390,1,45
4117,2,3:1390,2,78,129;1291,1,87
7835,1,1:1390,1,90
7836,1,2:1390,2,91,98
914,1,1:1390,1,137
7837,1,1:1291,1,96
7838,1,1:1176,1,75
2539,1,2:1176,2,154,198
7839,1,1:1176,1,182
2018,1,1:1176,1,211
1669,4,7:1155,1,109;1397,1,100;1156,3,69,87,103;1250,2,89,110
2609,1,1:1155,1,111
7840,1,1:1155,1,135
7841,1,2:1155,2,175,238
7842,1,1:1155,1,259
7843,1,1:1155,1,279
1438,1,1:1248,1,60
4955,1,1:1248,1,142
93,1,1:1334,1,51
7844,1,1:1334,1,60
7845,1,1:1334,1,136
7846,1,1:1056,1,32
7847,1,1:1056,1,39
7848,1,1:1056,1,41
4154,1,1:1056,1,74
4151,1,1:1056,1,75
4356,1,1:1397,1,54
7849,1,1:1397,1,56
7850,1,1:1397,1,93
4455,1,1:1249,1,62
4467,1,1:1249,1,63
6451,1,1:1156,1,83
7851,1,1:1372,1,58
4729,1,1:1250,1,69
7852,1,1:1250,1,82
