189,34,53:999,6,17,35,49,114,147,152;1000,4,12,30,62,119;1001,3,1,31,360;1002,3,11,25,39;1003,3,10,23,63;1004,2,1,18;1005,2,107,116;1006,2,70,261;1007,2,5,24;1008,2,35,119;1009,1,68;1010,1,42;1011,1,51;1012,1,104;1013,1,54;1014,1,56;1015,1,36;1016,1,48;1017,1,93;1018,1,68;1019,1,32;1020,1,41;1021,1,36;1022,1,101;1023,1,100;1024,1,215;1025,1,56;1026,1,123;1027,1,128;1028,1,290;1029,1,58;1030,1,90;1031,1,114;1032,1,81
190,59,110:1033,7,8,16,22,132,206,323,606;999,6,18,36,50,115,148,153;1034,5,6,29,49,72,102;1013,4,11,22,43,55;1000,4,13,31,63,120;1035,4,3,6,10,44;1036,4,6,12,18,43;1006,4,71,184,201,262;1003,4,11,24,64,209;1002,3,12,26,40;1037,3,26,52,68;1038,3,8,22,61;1031,3,22,43,115;1039,3,17,34,55;1004,2,2,19;1001,2,2,32;1005,2,108,117;1012,2,77,105;1040,2,62,139;1007,2,6,25;1030,2,77,91;1041,2,12,24;1042,1,96;1043,1,43;1009,1,69;1010,1,43;1044,1,94;1011,1,52;1014,1,57;1015,1,37;1016,1,49;1017,1,94;1018,1,69;1019,1,33;1020,1,42;1045,1,71;1021,1,37;1046,1,44;1022,1,102;1023,1,101;1024,1,216;1047,1,27;1048,1,121;1049,1,26;1025,1,57;1026,1,124;1050,1,72;1051,1,40;1027,1,129;1052,1,27;1053,1,26;1008,1,36;1054,1,52;1055,1,62;1028,1,291;1056,1,58;1029,1,59;1057,1,44;1032,1,82
2,107,182:1001,4,120,122,208,268;1058,4,2,21,41,182;1059,4,3,27,52,118;1016,4,3,26,50,108;1033,4,454,628,641,664;1060,4,3,15,31,148;1042,3,2,10,98;1061,3,1,31,62;1044,3,1,22,44;1000,3,3,21,76;1062,3,2,22,44;1063,3,2,14,53;1049,3,31,79,98;1007,3,12,31,56;1053,3,31,77,102;1064,3,2,20,50;1054,3,1,20,41;1055,3,1,15,30;1065,3,2,28,55;1031,3,1,11,36;1039,3,1,18,48;1066,3,3,25,51;1004,2,3,20;1067,2,19,56;1009,2,5,20;1068,2,4,21;1005,2,4,15;1069,2,5,26;1070,2,166,324;1071,2,2,10;1072,2,6,24;1073,2,3,15;1074,2,3,8;1075,2,91,116;1076,2,36,291;1077,2,2,27;1078,2,52,163;1079,2,2,20;1080,2,36,141;1081,2,54,112;1082,2,143,159;1083,2,141,152;1084,2,103,110;1085,2,33,108;1086,2,2,15;1087,2,68,263;1088,2,49,189;1043,1,37;1089,1,165;1090,1,21;1091,1,53;1092,1,84;1093,1,119;1094,1,19;1095,1,81;1096,1,57;1010,1,31;1097,1,26;1098,1,15;1011,1,30;1099,1,66;1100,1,48;1101,1,113;1102,1,103;1103,1,13;999,1,68;1104,1,22;1105,1,64;1106,1,43;1107,1,23;1108,1,27;1109,1,111;1110,1,33;1019,1,46;1045,1,47;1111,1,23;1112,1,42;1113,1,28;1046,1,21;1022,1,83;1114,1,10;1023,1,75;1115,1,30;1116,1,50;1117,1,30;1118,1,39;1119,1,128;1120,1,22;1121,1,29;1037,1,56;1027,1,64;1122,1,155;1123,1,12;1124,1,38;1125,1,40;1126,1,29;1127,1,27;1028,1,217;1128,1,96;1056,1,48;1029,1,47;1129,1,24;1130,1,117;1131,1,39;1132,1,102;1041,1,69;1133,1,35
525,35,69:1043,5,6,14,26,90,135;1134,5,7,27,140,214,228;1004,4,6,23,36,110;1135,4,19,39,42,60;1136,3,6,14,115;1137,3,6,21,37;1056,3,76,119,224;1138,2,6,14;1139,2,6,14;1140,2,6,14;1141,2,6,14;1142,2,6,14;1143,2,6,14;1144,2,6,14;1072,2,4,22;1061,2,102,192;1145,2,53,156;1058,2,65,184;1146,2,75,137;1121,2,40,189;1060,2,99,107;1147,1,88;1148,1,51;1090,1,220;1070,1,216;1044,1,98;1149,1,114;1063,1,113;1006,1,210;1046,1,70;1049,1,77;1053,1,75;1150,1,96;1030,1,169;1057,1,18
756,28,56:1062,7,80,109,131,151,171,203,218;1004,4,8,25,38,120;1079,4,37,63,125,181;1143,3,8,16,126;1037,3,25,51,67;1136,2,8,16;1043,2,8,16;1138,2,8,16;1139,2,8,16;1140,2,8,16;1141,2,8,16;1142,2,8,16;1144,2,8,16;1076,2,76,213;1048,2,3,6;1050,2,26,96;1151,2,287,292;1152,1,15;1090,1,222;1153,1,94;1001,1,92;1154,1,153;1155,1,204;1156,1,306;1047,1,41;1157,1,241;1158,1,209;1150,1,98
327,49,112:1159,7,6,17,25,48,194,226,236;1101,6,2,8,33,44,97,117;1106,5,2,7,14,19,155;1158,5,8,16,51,95,261;1056,5,8,31,81,196,208;1004,4,9,26,39,126;1105,4,2,19,36,61;1160,4,5,23,44,187;1161,4,6,29,63,178;1162,3,1,10,20;1102,3,4,13,26;1059,3,6,30,127;1016,3,6,29,117;1163,3,218,271,338;1134,3,8,28,215;1029,3,6,20,82;1164,2,18,47;1165,2,14,36;1166,2,2,19;1167,2,2,12;1168,2,17,55;1169,2,1,9;1170,2,2,7;1075,2,4,17;1171,2,114,141;1025,2,14,31;1172,2,107,280;1151,2,126,271;1087,2,73,302;1173,2,1,10;1174,1,104;1175,1,19;1089,1,74;1176,1,19;1177,1,43;1094,1,76;1178,1,98;1154,1,154;1179,1,54;1080,1,124;1110,1,165;1085,1,184;1180,1,27;1181,1,27;1086,1,95;1182,1,69;1032,1,107;1183,1,239;1088,1,191
362,50,84:1184,5,81,84,118,334,374;1004,4,10,27,40,127;1059,4,9,33,60,130;1016,4,9,32,58,120;1185,4,4,25,51,180;1186,4,2,14,75,160;1078,3,8,33,66;1083,3,9,25,50;1187,3,6,21,35;1037,3,8,34,211;1054,3,14,33,65;1188,2,82,108;1189,2,2,9;1010,2,54,143;1163,2,140,248;1131,2,153,182;1139,1,65;1140,1,153;1068,1,63;1073,1,28;1190,1,229;1191,1,93;1192,1,456;1080,1,31;1193,1,116;1082,1,94;1194,1,117;1195,1,112;1045,1,40;1112,1,66;1022,1,26;1196,1,278;1197,1,45;1198,1,99;1199,1,71;1171,1,71;1048,1,34;1049,1,34;1200,1,72;1053,1,34;1160,1,85;1201,1,82;1003,1,105;1028,1,275;1031,1,52;1039,1,68;1202,1,175;1182,1,56;1183,1,216;1203,1,90
2784,2,4:1004,3,13,30,44;1069,1,73
1197,2,4:1004,3,14,31,45;1022,1,68
17,74,168:1204,12,8,16,29,53,58,63,79,101,117,137,151,186;1205,10,19,22,46,49,62,76,124,173,237,275;1206,8,8,40,86,111,117,153,208,218;1207,6,19,51,82,101,107,113;1040,5,56,90,175,194,284;1021,5,5,16,45,50,284;1022,5,69,111,148,159,171;1208,5,30,62,86,159,221;1004,4,15,32,46,86;1192,4,199,239,266,283;1209,4,37,59,128,133;1045,4,82,174,181,199;1121,4,72,94,124,137;1030,4,123,205,231,268;1210,3,138,442,494;1099,3,93,144,148;1211,3,64,80,148;1006,3,51,58,77;1134,3,84,180,220;1027,3,108,227,236;1185,3,117,172,193;1029,3,87,95,129;1138,2,60,92;1044,2,66,198;1011,2,224,267;1081,2,50,109;1149,2,60,147;1156,2,325,360;1212,2,29,44;1213,2,85,188;1214,2,92,123;1122,2,41,224;1085,2,186,204;1055,2,64,144;1043,1,79;1139,1,34;1135,1,118;1001,1,167;1061,1,126;1145,1,138;1215,1,33;1169,1,118;1216,1,130;1217,1,181;1015,1,154;1059,1,107;1078,1,92;1146,1,182;1193,1,112;1218,1,48;1018,1,137;1219,1,50;1220,1,54;1221,1,58;1222,1,78;1223,1,62;1187,1,81;1224,1,169;1225,1,43;1052,1,34;1226,1,96;1227,1,53;1228,1,51;1127,1,51;1128,1,70;1229,1,138;1230,1,44;1056,1,159;1065,1,123;1039,1,137;1231,1,71;1151,1,186;1057,1,30;1087,1,195
624,49,117:1172,8,4,18,49,132,156,197,256,296;1145,6,5,29,175,195,221,250;1045,5,15,30,114,230,242;1205,5,16,43,93,97,272;1014,4,4,10,36,67;1049,4,7,18,101,231;1053,4,7,18,105,236;1057,4,1,9,26,94;1004,3,16,33,43;1139,3,25,52,77;1068,3,9,26,91;1011,3,4,16,37;1211,3,6,14,24;1232,3,2,10,33;1006,3,4,24,53;1233,3,8,18,36;1021,3,10,21,39;1225,3,11,26,54;1042,2,37,74;1210,2,27,135;1001,2,72,153;1070,2,159,236;1178,2,11,25;1012,2,57,88;1035,2,116,184;1040,2,51,247;1234,2,7,20;1199,2,141,262;1235,2,5,21;1134,2,81,237;1151,2,128,187;1086,2,8,21;1132,2,70,148;1236,2,29,78;1138,1,83;1073,1,70;1215,1,31;1104,1,34;1237,1,30;1018,1,62;1019,1,143;1238,1,64;1117,1,36;1050,1,44;1051,1,118;1239,1,166;1240,1,76;1038,1,74;1203,1,46
615,50,128:1027,9,5,14,20,52,88,94,104,135,222;1045,6,5,20,55,134,155,231;1040,6,48,55,85,97,150,192;1215,5,8,16,27,46,76;1241,5,182,202,224,255,276;1194,5,3,6,35,48,57;1225,5,12,27,38,57,97;1205,5,20,47,83,184,234;1030,5,13,29,42,67,258;1057,5,2,10,31,90,95;1004,4,17,34,47,51;1081,4,16,32,48,77;1242,4,11,23,33,66;1122,4,7,18,33,136;1022,3,6,15,56;1187,3,15,30,45;1212,3,7,16,25;1172,3,82,203,257;1052,3,4,13,31;1243,2,46,86;1244,2,31,101;1001,2,154,171;1005,2,55,122;1190,2,200,258;1006,2,55,60;1134,2,10,30;1245,2,153,217;1128,2,138,177;1151,2,72,189;1043,1,80;1140,1,157;1165,1,134;1210,1,139;1188,1,20;1009,1,79;1068,1,96;1012,1,52;1246,1,139;1169,1,36;1217,1,184;1014,1,68;1018,1,26;1019,1,104;1223,1,158;1049,1,182;1247,1,174;1239,1,167;1214,1,74;1053,1,185;1124,1,55
6,60,85:1121,4,2,7,161,235;1146,3,3,23,64;1114,3,68,93,265;1047,3,2,7,58;1003,3,1,14,30;1042,2,60,128;1248,2,23,73;1249,2,3,10;1190,2,2,10;1250,2,17,36;999,2,2,20;1078,2,57,125;1219,2,2,17;1251,2,10,40;1252,2,95,159;1171,2,21,82;1253,2,19,190;1254,2,26,41;1127,2,1,12;1004,1,49;1139,1,80;1255,1,61;1089,1,207;1256,1,26;1165,1,22;1257,1,170;1258,1,28;1259,1,31;1260,1,235;1217,1,40;1076,1,134;1015,1,52;1261,1,59;1193,1,21;1218,1,72;1082,1,28;1110,1,177;1045,1,36;1262,1,105;1263,1,202;1264,1,24;1233,1,190;1265,1,42;1024,1,270;1266,1,16;1117,1,29;1267,1,32;1163,1,216;1119,1,25;1268,1,74;1235,1,114;1225,1,121;1026,1,53;1037,1,77;1214,1,18;1122,1,114;1269,1,67;1030,1,47;1270,1,104;1203,1,22
1158,26,33:1119,3,53,159,179;1185,3,19,40,142;1271,3,29,158,198;1156,2,47,271;1004,1,55;1272,1,33;1094,1,227;1273,1,31;1015,1,79;1035,1,150;1274,1,71;1109,1,126;1219,1,68;1275,1,83;1252,1,198;1187,1,108;1120,1,75;1049,1,172;1037,1,149;1205,1,214;1245,1,118;1276,1,44;1053,1,175;1277,1,196;1130,1,44;1203,1,128
1004,10,14:1278,3,1,4,23;1279,2,5,15;1201,2,29,103;1004,1,56;1273,1,32;1217,1,148;1110,1,145;1234,1,55;1213,1,101;1229,1,119
1591,5,5:1004,1,57;1135,1,68;1011,1,97;1040,1,86;1234,1,56
81,29,61:1130,10,1,10,21,79,125,132,189,224,231,237;1011,4,5,17,38,275;1045,4,14,29,113,243;1205,4,87,94,271,286;1001,3,74,147,332;1234,3,9,22,51;1132,3,52,71,149;1042,2,110,141;1070,2,160,237;1078,2,237,281;1232,2,34,180;1235,2,6,22;1134,2,80,236;1151,2,129,188;1086,2,9,22;1004,1,58;1138,1,78;1139,1,26;1068,1,95;1097,1,59;1098,1,115;1073,1,71;1074,1,125;1246,1,138;1117,1,37;1225,1,55;1122,1,196;1280,1,59;1203,1,40
898,90,198:1030,9,2,18,62,133,145,181,203,215,237;1010,7,14,28,90,109,170,227,292;1210,6,57,116,279,304,452,482;1098,6,56,89,138,164,215,232;1004,5,60,72,111,121,130;1073,5,37,63,81,99,133;1011,5,53,80,156,210,302;1015,5,11,23,30,87,134;1059,5,2,26,51,140,157;1281,4,23,31,64,86;1016,4,2,25,131,146;1040,4,98,134,208,256;1037,4,118,139,171,191;1008,4,37,65,86,257;1126,4,10,20,45,171;1039,4,80,106,149,176;1282,3,18,43,64;1166,3,149,163,203;1069,3,106,116,235;1283,3,35,74,103;1101,3,57,85,133;1284,3,38,83,106;1076,3,70,90,240;1048,3,93,107,134;1007,3,7,26,42;1123,3,3,7,36;1150,3,13,27,51;1003,3,12,25,46;1056,3,92,131,173;1031,3,88,106,116;1255,2,21,109;1089,2,67,130;1188,2,139,148;1177,2,3,13;1072,2,40,88;1074,2,83,117;1012,2,54,106;1034,2,91,118;1035,2,124,194;1017,2,41,95;1285,2,2,9;1045,2,86,227;1055,2,164,226;1286,2,2,15;1087,2,114,242;1042,1,81;1043,1,54;1287,1,130;1174,1,59;1288,1,150;1289,1,58;1290,1,101;1067,1,169;1009,1,70;1135,1,44;1001,1,225;1005,1,113;1291,1,60;1292,1,57;1145,1,79;1154,1,115;1293,1,186;1294,1,126;1216,1,21;1075,1,97;1191,1,37;1260,1,49;1217,1,25;999,1,119;1058,1,206;1077,1,111;1078,1,84;1006,1,202;1110,1,152;1019,1,67;1262,1,49;1083,1,33;1021,1,26;1114,1,282;1118,1,40;1225,1,59;1212,1,39;1025,1,50;1134,1,92;1050,1,73;1051,1,41;1205,1,64;1033,1,295;1124,1,23;1057,1,59
63,50,81:1145,6,6,30,71,176,196,251;1011,5,58,119,150,213,297;1101,4,37,136,179,273;1295,4,8,17,34,50;1200,4,2,13,34,148;1128,3,10,30,64;1277,3,5,13,38;1130,3,128,284,302;1161,3,12,35,68;1094,2,80,125;1018,2,43,153;1262,2,75,161;1296,2,12,25;1132,2,65,73;1004,1,63;1042,1,106;1138,1,85;1167,1,49;1098,1,140;1012,1,123;1099,1,205;1284,1,44;1216,1,15;1192,1,63;1035,1,164;1297,1,169;1209,1,33;1149,1,81;1232,1,29;1111,1,37;1083,1,302;1234,1,58;1196,1,206;1119,1,244;1049,1,212;1298,1,41;1253,1,28;1172,1,45;1053,1,217;1160,1,126;1226,1,88;1299,1,93;1231,1,45;1186,1,131;1060,1,41;1057,1,88;1087,1,312;1183,1,86;1300,1,43;1133,1,43
265,64,81:1205,4,131,169,185,263;1065,4,26,52,80,99;1004,3,64,70,103;1232,3,38,174,256;1210,2,183,258;1301,2,65,200;1001,2,149,172;1134,2,67,285;1130,2,84,185;1271,2,34,277;1183,2,121,166;1138,1,18;1144,1,64;1287,1,47;1175,1,39;1302,1,35;1303,1,208;1207,1,159;1070,1,180;1304,1,68;1145,1,162;1258,1,45;1246,1,82;1154,1,64;1100,1,50;1284,1,25;1305,1,158;1192,1,391;1018,1,112;1108,1,116;1109,1,67;1063,1,144;1006,1,130;1045,1,217;1306,1,38;1083,1,257;1021,1,88;1114,1,315;1024,1,36;1307,1,59;1252,1,155;1199,1,190;1171,1,68;1121,1,164;1253,1,159;1225,1,127;1239,1,106;1007,1,74;1242,1,61;1122,1,229;1240,1,32;1308,1,56;1085,1,124;1309,1,69;1150,1,57;1185,1,89;1028,1,47;1056,1,99;1030,1,114;1151,1,97;1310,1,91;1202,1,44;1311,1,59;1203,1,114
2020,1,1:1004,1,68
608,18,39:1301,7,3,7,15,25,80,108,162;1168,7,6,13,23,44,62,72,93;1312,5,2,6,20,29,32;1004,2,69,139;1313,2,11,26;1314,2,8,18;1018,2,45,155;1205,2,57,118;1001,1,73;1169,1,113;1220,1,120;1046,1,38;1022,1,43;1315,1,274;1187,1,130;1124,1,70;1128,1,47;1030,1,119
187,25,30:1308,3,1,11,26;1195,2,3,10;1296,2,52,83;1002,2,4,18;1004,1,74;1281,1,33;1166,1,155;1091,1,54;1135,1,182;1005,1,133;1189,1,115;1073,1,27;1316,1,59;1104,1,72;1317,1,70;1314,1,125;1318,1,27;1006,1,294;1113,1,49;1197,1,174;1024,1,96;1033,1,18;1008,1,89;1319,1,71;1182,1,40
312,53,105:1037,6,16,42,82,141,173,225;1003,5,43,57,88,100,109;1077,4,24,49,58,76;1104,4,8,16,39,59;1063,4,34,48,156,197;1046,4,5,14,30,124;1126,4,63,88,153,178;1043,3,24,60,101;1291,3,14,37,63;1034,3,58,111,119;1316,3,8,18,34;1252,3,17,35,56;1027,3,1,10,79;1231,3,6,21,48;1320,3,1,9,57;1140,2,59,84;1142,2,23,161;1143,2,17,41;1144,2,26,52;1073,2,48,142;1215,2,35,55;1058,2,53,200;1035,2,72,77;1321,2,117,122;1263,2,111,117;1050,2,5,14;1308,2,72,125;1004,1,76;1206,1,67;1076,1,265;1014,1,78;1079,1,109;1062,1,87;1109,1,35;1006,1,84;1233,1,242;1322,1,162;1113,1,42;1296,1,91;1323,1,41;1199,1,31;1171,1,46;1253,1,183;1268,1,53;1200,1,40;1134,1,106;1033,1,619;1008,1,323;1127,1,71;1056,1,91;1030,1,151;1031,1,63;1324,1,137
201,109,265:1033,12,93,155,229,243,278,310,378,518,535,570,585,597;1087,10,3,29,56,104,118,173,205,234,272,280;1172,8,86,95,183,191,224,229,249,273;1128,7,19,39,105,127,137,176,200;1001,6,19,49,82,100,124,340;1011,6,8,20,41,77,84,218;1018,6,7,19,50,104,175,180;1134,6,16,36,60,96,157,175;1054,6,117,129,138,163,178,209;1055,6,46,123,154,159,208,216;1030,6,80,94,138,186,195,287;1231,6,8,23,51,64,79,161;1069,5,57,133,141,163,196;1021,5,55,96,155,215,270;1140,4,113,131,143,161;1145,4,20,44,84,145;1241,4,181,201,223,275;1020,4,77,106,115,175;1208,4,144,216,231,253;1031,4,55,70,83,95;1039,4,71,90,131,141;1210,3,80,254,460;1009,3,14,29,73;1068,3,13,30,48;1099,3,35,78,90;999,3,11,29,64;1019,3,63,114,119;1040,3,12,30,210;1184,3,161,290,366;1199,3,245,259,284;1205,3,9,36,71;1056,3,19,42,63;1029,3,12,26,56;1065,3,10,36,66;1057,3,7,15,62;1004,2,78,131;1142,2,128,156;1005,2,54,65;1178,2,71,116;1012,2,14,30;1206,2,91,142;1279,2,9,19;1015,2,169,221;1035,2,22,199;1211,2,91,154;1209,2,58,132;1194,2,2,5;1263,2,133,167;1265,2,26,104;1296,2,98,128;1114,2,194,303;1252,2,66,176;1171,2,40,108;1049,2,105,242;1225,2,63,84;1037,2,188,232;1245,2,57,76;1308,2,47,128;1053,2,109,247;1299,2,188,215;1066,2,8,30;1042,1,86;1043,1,116;1141,1,68;1143,1,128;1325,1,110;1207,1,119;1073,1,41;1034,1,129;1014,1,71;1000,1,102;1058,1,107;1036,1,26;1077,1,115;1237,1,143;1314,1,86;1109,1,57;1318,1,244;1232,1,185;1326,1,115;1045,1,73;1083,1,37;1113,1,68;1222,1,73;1046,1,34;1022,1,93;1084,1,123;1115,1,80;1116,1,200;1118,1,45;1187,1,120;1119,1,180;1120,1,60;1327,1,165;1235,1,62;1200,1,157;1157,1,209;1328,1,71;1126,1,133;1003,1,159;1127,1,60;1185,1,204;1060,1,78;1202,1,151;1129,1,161;1130,1,45;1183,1,207;1311,1,128;1041,1,37
202,149,396:1033,13,94,156,230,244,279,311,379,459,519,536,571,586,598;1087,13,4,30,57,85,105,119,171,174,206,235,273,281,289;1210,12,72,81,236,243,271,372,378,454,461,467,477,484;1095,9,14,31,65,90,106,123,134,144,161;1070,9,9,43,52,86,171,177,285,289,329;1021,9,56,65,97,146,156,216,219,225,271;1172,9,59,87,96,120,154,164,192,250,274;1030,9,81,95,105,139,187,196,288,306,311;1322,8,77,95,121,170,183,186,198,267;1171,8,41,67,98,109,147,152,164,171;1020,7,78,88,107,116,148,176,253;1134,7,17,37,61,66,97,158,176;1231,7,9,24,52,65,80,162,172;1001,6,20,50,83,101,125,341;1011,6,9,21,42,78,85,219;1109,6,10,20,58,66,99,142;1054,6,118,130,139,164,179,210;1055,6,47,124,155,160,209,217;1140,5,114,132,138,144,162;1145,5,21,45,85,93,146;1018,5,8,20,51,105,111;1252,5,67,75,109,116,177;1199,5,185,207,246,260,285;1069,4,58,134,142,164;1019,4,64,89,115,120;1040,4,13,31,215,252;1114,4,136,195,304,310;1208,4,145,217,232,254;1329,4,15,30,51,80;1056,4,20,43,64,108;1031,4,56,71,84,96;1039,4,72,91,132,142;1066,4,9,11,31,33;1057,4,8,16,63,72;1009,3,15,30,74;1068,3,14,31,49;1096,3,17,35,81;1099,3,36,79,91;999,3,12,30,65;1006,3,96,117,123;1262,3,10,21,92;1225,3,64,85,126;1205,3,10,37,72;1065,3,11,37,67;1183,3,108,125,208;1041,3,38,66,82;1004,2,79,132;1142,2,129,157;1143,2,129,131;1090,2,370,403;1303,2,224,240;1325,2,111,117;1273,2,9,19;1073,2,31,42;1178,2,72,117;1206,2,92,143;1279,2,10,20;1330,2,171,192;1015,2,170,222;1000,2,54,103;1035,2,23,200;1077,2,116,123;1211,2,92,155;1232,2,173,186;1263,2,134,168;1306,2,99,103;1265,2,27,105;1296,2,99,129;1184,2,162,367;1118,2,46,112;1331,2,128,159;1049,2,106,243;1037,2,189,233;1239,2,105,129;1245,2,58,77;1308,2,48,129;1053,2,110,248;1160,2,149,202;1299,2,189,216;1003,2,28,160;1028,2,212,234;1060,2,79,83;1324,2,100,103;1236,2,25,85;1042,1,87;1043,1,117;1139,1,75;1141,1,69;1005,1,66;1207,1,120;1304,1,67;1257,1,54;1291,1,54;1098,1,21;1154,1,118;1191,1,42;1034,1,130;1076,1,33;1014,1,72;1250,1,31;1058,1,108;1036,1,27;1237,1,144;1314,1,87;1318,1,245;1295,1,160;1110,1,115;1326,1,116;1045,1,74;1332,1,130;1112,1,47;1083,1,38;1113,1,69;1222,1,74;1046,1,35;1022,1,94;1275,1,69;1238,1,83;1159,1,187;1024,1,126;1084,1,124;1115,1,81;1187,1,121;1120,1,61;1253,1,158;1327,1,214;1235,1,63;1200,1,158;1157,1,210;1333,1,39;1328,1,72;1226,1,129;1126,1,134;1127,1,61;1185,1,205;1204,1,200;1151,1,103;1180,1,42;1202,1,152;1334,1,54;1129,1,162;1319,1,81;1130,1,46;1335,1,207;1270,1,76;1311,1,129;1161,1,290;1336,1,30;1133,1,74
2296,1,1:1004,1,81
4406,1,1:1004,1,83
18,41,80:1204,9,55,60,65,81,103,119,139,153,188;1206,8,10,42,88,113,119,155,210,220;1205,6,24,51,78,126,239,277;1207,4,21,53,84,103;1121,4,74,96,126,139;1040,3,92,177,286;1022,3,113,150,173;1029,3,89,97,131;1030,3,207,233,270;1138,2,62,94;1011,2,226,269;1099,2,95,146;1211,2,66,150;1134,2,182,222;1004,1,88;1139,1,36;1135,1,120;1190,1,46;1192,1,241;1015,1,156;1218,1,50;1209,1,39;1018,1,139;1081,1,52;1149,1,149;1219,1,52;1006,1,79;1221,1,60;1021,1,47;1223,1,64;1187,1,83;1214,1,94;1122,1,226;1227,1,55;1228,1,53;1185,1,119;1128,1,72;1056,1,161;1065,1,125;1231,1,73;1087,1,197
272,90,130:1262,7,11,22,46,57,89,126,182;1033,6,89,120,153,226,275,567;1032,4,141,157,162,196;1006,3,86,137,280;1252,3,68,76,178;1004,2,89,133;1255,2,74,101;1210,2,69,272;1337,2,48,85;1091,2,169,213;1001,2,267,342;1069,2,70,234;1154,2,21,42;1058,2,102,181;1016,2,130,166;1109,2,59,110;1232,2,159,279;1110,2,135,149;1020,2,79,211;1040,2,88,253;1208,2,87,96;1171,2,37,182;1212,2,30,42;1038,2,48,67;1003,2,157,180;1055,2,161,210;1056,2,109,122;1143,1,94;1090,1,302;1338,1,80;1093,1,139;1207,1,100;1070,1,258;1072,1,93;1097,1,41;1291,1,68;1098,1,132;1283,1,46;1011,1,79;1258,1,101;1206,1,199;1313,1,105;1192,1,368;1316,1,69;1014,1,73;1000,1,77;1035,1,33;1104,1,120;1059,1,139;1017,1,53;1211,1,93;1314,1,114;1018,1,73;1108,1,52;1081,1,106;1339,1,147;1264,1,69;1233,1,214;1083,1,163;1322,1,255;1113,1,74;1222,1,71;1046,1,54;1296,1,126;1187,1,118;1235,1,180;1002,1,35;1157,1,213;1037,1,131;1213,1,78;1134,1,183;1333,1,125;1172,1,220;1328,1,67;1308,1,41;1127,1,54;1185,1,233;1128,1,102;1230,1,40;1030,1,208;1231,1,169;1151,1,148;1340,1,46;1060,1,74;1310,1,47;1130,1,177;1057,1,64;1182,1,30;1335,1,146;1133,1,100
3775,1,1:1004,1,91
4407,1,1:1004,1,93
106,166,224:1140,5,19,43,87,93,170;1210,5,38,172,238,278,303;1142,4,25,62,89,151;1141,3,21,34,87;1089,3,26,158,219;1261,3,20,68,102;1196,3,34,186,268;1049,3,76,117,247;1053,3,74,120,252;1340,3,37,78,123;1091,2,181,231;1188,2,69,90;1301,2,138,197;1168,2,26,99;1094,2,31,173;1273,2,27,48;1341,2,37,43;1169,2,74,95;1294,2,52,104;1179,2,76,107;1036,2,57,77;1104,2,41,57;1297,2,19,159;1342,2,83,108;1343,2,22,58;1232,2,18,253;1295,2,21,168;1262,2,113,187;1111,2,40,197;1046,2,9,18;1197,2,39,213;1315,2,250,263;1199,2,55,162;1121,2,128,234;1134,2,255,269;1333,2,73,189;1344,2,51,106;1227,2,99,115;1228,2,99,154;1280,2,35,73;1345,2,44,132;1130,2,116,257;1087,2,262,275;1004,1,94;1136,1,55;1287,1,41;1174,1,107;1255,1,114;1281,1,29;1346,1,19;1347,1,52;1348,1,17;1349,1,149;1244,1,67;1350,1,19;1351,1,16;1337,1,32;1090,1,32;1352,1,31;1353,1,52;1354,1,28;1166,1,175;1248,1,112;1338,1,32;1312,1,11;1302,1,33;1325,1,46;1207,1,158;1071,1,50;1257,1,91;1072,1,127;1098,1,9;1073,1,129;1011,1,27;1258,1,56;1355,1,14;1100,1,75;1284,1,86;1216,1,140;1075,1,39;1191,1,77;1356,1,52;1260,1,57;1217,1,78;1013,1,57;1076,1,54;1015,1,47;1035,1,46;1059,1,173;1016,1,204;1317,1,36;1285,1,30;1107,1,25;1357,1,70;1274,1,167;1193,1,19;1237,1,67;1018,1,34;1108,1,95;1109,1,38;1358,1,26;1241,1,286;1155,1,193;1006,1,305;1110,1,191;1194,1,50;1195,1,19;1263,1,201;1221,1,85;1306,1,44;1137,1,48;1233,1,232;1113,1,62;1021,1,109;1251,1,91;1234,1,69;1023,1,105;1184,1,380;1117,1,28;1329,1,82;1223,1,160;1359,1,100;1187,1,133;1163,1,177;1047,1,51;1048,1,18;1119,1,127;1120,1,23;1253,1,189;1235,1,171;1002,1,31;1254,1,159;1050,1,37;1360,1,45;1214,1,15;1242,1,81;1122,1,162;1245,1,233;1328,1,42;1033,1,640;1308,1,112;1226,1,105;1309,1,67;1126,1,65;1127,1,104;1361,1,27;1029,1,114;1231,1,33;1180,1,21;1181,1,21;1286,1,48;1202,1,50;1319,1,197;1271,1,48;1362,1,26;1086,1,51;1032,1,247;1131,1,21;1363,1,177;1320,1,123;1183,1,81;1311,1,132;1041,1,25;1364,1,31;1300,1,67;1336,1,17
254,79,148:1043,5,3,11,34,66,72;1001,5,3,33,80,230,323;1206,5,1,33,82,161,205;1145,4,68,181,189,224;1000,4,14,32,39,47;1006,4,81,154,197,213;1038,4,3,17,40,53;1231,4,31,76,101,157;1341,3,5,22,52;1010,3,145,184,285;1283,3,22,59,77;1076,3,78,93,104;1316,3,5,15,61;1109,3,21,114,132;1037,3,1,27,62;1205,3,6,33,108;1276,3,2,16,227;1008,3,17,34,297;1041,3,7,19,29;1136,2,3,11;1138,2,3,11;1139,2,3,11;1140,2,3,11;1141,2,3,11;1142,2,3,11;1143,2,3,11;1144,2,3,11;1068,2,72,126;1291,2,2,25;1154,2,103,150;1099,2,33,87;1058,2,60,186;1104,2,5,13;1021,2,74,204;1252,2,37,152;1212,2,21,63;1126,2,73,197;1065,2,81,106;1236,2,5,15;1004,1,96;1042,1,164;1089,1,226;1281,1,39;1289,1,75;1272,1,156;1365,1,97;1210,1,18;1135,1,62;1005,1,137;1069,1,54;1070,1,201;1366,1,116;1261,1,55;1059,1,120;1016,1,110;1078,1,122;1079,1,39;1017,1,113;1111,1,74;1112,1,166;1083,1,188;1046,1,72;1114,1,325;1024,1,217;1208,1,244;1329,1,53;1118,1,22;1171,1,210;1047,1,36;1048,1,88;1235,1,201;1134,1,55;1027,1,125;1052,1,20;1085,1,110;1226,1,85;1003,1,154;1030,1,222;1032,1,79
458,43,53:1252,4,12,30,51,120;1318,3,134,158,184;1116,3,12,26,46;1328,3,13,32,53;1140,2,70,107;1004,1,99;1143,1,142;1288,1,72;1349,1,85;1248,1,38;1091,1,98;1094,1,159;1099,1,102;1206,1,100;1013,1,32;1015,1,91;1059,1,133;1016,1,124;1079,1,152;1211,1,186;1209,1,90;1295,1,54;1006,1,45;1233,1,237;1021,1,95;1275,1,42;1296,1,111;1197,1,99;1159,1,167;1156,1,362;1266,1,103;1315,1,60;1163,1,78;1120,1,62;1200,1,60;1134,1,47;1367,1,24;1214,1,138;1308,1,119;1126,1,128;1361,1,54;1151,1,262;1362,1,68
428,49,113:1157,7,12,36,61,119,130,170,221;1173,7,9,18,35,137,161,187,209;1125,6,2,10,23,174,220,241;1307,5,86,119,124,136,140;1010,4,10,24,169,223;1206,4,4,36,68,101;1358,4,3,15,31,146;1299,4,5,18,47,84;1148,3,7,15,24;1341,3,4,21,51;1246,3,3,15,36;1316,3,9,19,35;1059,3,1,25,50;1368,3,168,244,281;1333,3,9,19,23;1214,3,116,137,139;1124,3,41,125,158;1340,3,11,23,30;1004,2,100,102;1061,2,138,159;1016,2,1,24;1220,2,6,21;1339,2,76,125;1369,2,101,107;1298,2,8,25;1026,2,44,102;1213,2,161,256;1245,2,173,292;1370,2,65,132;1138,1,46;1165,1,74;1244,1,97;1090,1,312;1093,1,34;1072,1,106;1371,1,112;1372,1,46;1102,1,54;1209,1,91;1006,1,94;1040,1,103;1223,1,42;1134,1,48;1085,1,69;1127,1,72;1056,1,172;1029,1,38;1151,1,263;1336,1,38
361,56,90:1129,6,13,57,65,110,115,179;1293,4,13,27,47,110;1373,4,11,23,43,61;1313,4,4,19,34,127;1105,4,4,21,38,72;1166,3,10,27,147;1374,3,6,13,21;1167,2,55,66;1177,2,9,19;1100,2,25,30;1169,2,54,78;1170,2,31,60;1305,2,224,232;1102,2,45,53;1106,2,52,128;1357,2,66,120;1299,2,99,227;1202,2,140,191;1375,2,54,75;1319,2,2,15;1004,1,101;1042,1,111;1138,1,68;1287,1,65;1152,1,26;1243,1,80;1354,1,34;1312,1,37;1301,1,34;1093,1,32;1168,1,32;1070,1,112;1190,1,144;1101,1,200;1284,1,132;1376,1,97;1294,1,94;1075,1,61;1372,1,45;1103,1,22;1080,1,47;1318,1,237;1063,1,98;1112,1,115;1234,1,45;1268,1,123;1377,1,23;1360,1,58;1247,1,92;1214,1,136;1124,1,137;1151,1,171;1370,1,148;1335,1,62;1183,1,70;1311,1,44
119,167,456:1065,11,96,100,111,137,140,151,176,193,233,236,257;1335,11,14,33,55,184,201,212,217,241,275,284,308;1151,10,93,95,108,133,151,191,204,244,288,293;1210,9,20,194,218,222,233,239,241,259,330;1099,8,4,17,30,72,116,135,154,184;1062,8,81,110,132,152,172,204,219,223;1294,7,10,20,36,82,95,97,172;1083,7,5,21,65,109,130,248,282;1205,7,5,32,107,154,198,220,267;1087,7,13,39,208,223,249,284,316;1183,7,19,39,71,116,150,205,236;1356,6,13,22,35,44,58,68;1058,6,66,118,162,180,185,191;1219,6,13,28,60,83,212,227;1263,6,1,10,25,71,78,124;1134,6,136,141,197,248,264,296;1129,6,52,58,116,123,175,180;1166,5,17,34,47,151,187;1101,5,205,210,253,262,287;1102,5,48,62,72,75,81;1318,5,32,41,59,107,172;1113,5,1,11,35,55,76;1021,5,75,118,137,231,262;1046,5,29,53,71,115,157;1022,5,38,107,130,136,180;1252,5,6,24,45,139,184;1308,5,8,18,32,43,132;1231,5,35,75,102,197,221;1136,4,39,89,118,135;1043,4,27,29,95,140;1093,4,8,16,22,134;1168,4,31,66,76,97;1162,4,9,18,31,79;1010,4,12,26,182,225;1378,4,18,37,66,81;1217,4,8,18,82,95;1079,4,38,64,126,182;1105,4,8,25,42,76;1232,4,70,107,220,234;1006,4,188,192,208,211;1251,4,26,57,73,106;1184,4,30,103,313,350;1049,4,78,121,163,185;1121,4,41,153,190,220;1027,4,2,11,73,122;1245,4,32,120,215,290;1240,4,13,26,50,71;1053,4,76,124,166,188;1202,4,11,23,42,164;1143,3,97,123,127;1365,3,8,22,37;1351,3,5,11,23;1135,3,8,28,61;1070,3,194,200,217;1341,3,1,18,48;1379,3,1,9,24;1012,3,67,90,113;1145,3,50,54,157;1179,3,12,24,38;1191,3,12,30,51;1260,3,41,78,117;1314,3,42,76,98;1234,3,4,17,80;1315,3,13,27,42;1124,3,98,115,130;1126,3,71,114,214;1056,3,77,120,225;1057,3,3,11,19;1042,2,115,148;1142,2,49,172;1067,2,52,141;1350,2,29,71;1337,2,5,11;1090,2,5,11;1278,2,27,88;1005,2,98,134;1069,2,43,153;1098,2,126,157;1100,2,33,35;1075,2,74,105;1313,2,15,30;1371,2,56,79;1034,2,110,148;1076,2,77,214;1035,2,113,135;1368,2,7,15;1218,2,107,189;1295,2,145,152;1112,2,116,161;1265,2,54,112;1114,2,376,384;1208,2,33,59;1187,2,53,103;1235,2,89,215;1212,2,19,64;1122,2,95,147;1033,2,104,407;1003,2,167,208;1029,2,65,126;1030,2,170,265;1060,2,100,108;1004,1,104;1139,1,94;1141,1,71;1144,1,38;1282,1,32;1176,1,44;1349,1,25;1380,1,38;1153,1,89;1248,1,39;1338,1,50;1091,1,200;1009,1,50;1001,1,93;1167,1,63;1325,1,80;1273,1,62;1096,1,123;1072,1,113;1097,1,66;1011,1,178;1355,1,36;1169,1,59;1170,1,28;1373,1,98;1305,1,233;1366,1,118;1014,1,80;1015,1,190;1000,1,37;1106,1,166;1080,1,132;1297,1,33;1237,1,46;1321,1,59;1018,1,82;1109,1,112;1149,1,115;1110,1,57;1195,1,80;1220,1,39;1233,1,93;1322,1,61;1196,1,162;1296,1,45;1369,1,45;1024,1,212;1084,1,46;1115,1,64;1323,1,55;1223,1,100;1199,1,133;1171,1,43;1267,1,64;1048,1,76;1119,1,259;1298,1,36;1377,1,27;1214,1,77;1052,1,19;1328,1,81;1158,1,210;1064,1,81;1310,1,52;1277,1,41;1311,1,157
959,18,29:1206,5,16,48,76,103,129;1078,3,119,239,283;1004,2,106,116;1138,2,64,106;1076,2,111,306;1008,2,158,202;1065,2,91,171;1097,1,61;1246,1,126;1016,1,196;1381,1,152;1022,1,167;1114,1,409;1223,1,116;1157,1,163;1134,1,50;1185,1,138;1151,1,265
958,30,52:1076,4,112,293,307,327;1368,4,165,206,241,278;1219,4,110,320,507,525;1078,3,120,240,284;1157,3,63,164,223;1004,2,107,117;1301,2,130,208;1044,2,201,216;1357,2,10,25;1223,2,117,152;1185,2,139,177;1029,2,40,84;1065,2,92,172;1186,2,104,140;1042,1,29;1138,1,48;1281,1,103;1289,1,37;1243,1,72;1097,1,62;1061,1,184;1246,1,127;1206,1,104;1371,1,114;1134,1,51;1214,1,141;1003,1,171;1151,1,266;1345,1,63;1173,1,180
825,10,29:1001,11,6,36,63,133,191,213,229,240,243,273,337;1206,7,29,61,127,159,165,191,204;1154,3,51,72,106;1158,2,167,228;1004,1,114;1111,1,118;1223,1,151;1048,1,62;1025,1,122;1125,1,177
444,51,92:1078,8,20,45,78,108,144,147,168,228;1076,5,9,22,41,84,120;1072,4,15,33,38,111;1059,4,14,38,64,83;1016,4,13,36,62,74;1109,4,30,49,75,119;1361,4,10,21,39,115;1135,3,17,37,51;1341,3,12,29,57;1001,2,69,142;1005,2,41,79;1099,2,132,217;1000,2,56,134;1232,2,42,150;1263,2,52,194;1040,2,123,222;1083,2,62,88;1163,2,196,202;1037,2,116,128;1134,2,69,213;1004,1,123;1382,1,86;1210,1,88;1207,1,164;1154,1,158;1294,1,133;1014,1,123;999,1,170;1015,1,209;1036,1,75;1017,1,103;1274,1,111;1218,1,85;1082,1,32;1063,1,181;1110,1,76;1233,1,202;1156,1,19;1307,1,43;1199,1,160;1048,1,101;1121,1,167;1002,1,52;1007,1,76;1328,1,87;1308,1,60;1054,1,84;1029,1,80;1030,1,116;1324,1,48;1057,1,85
729,16,17:1186,2,114,171;1004,1,125;1255,1,132;1089,1,94;1154,1,167;1101,1,80;1284,1,89;1357,1,95;1232,1,238;1113,1,86;1222,1,123;1021,1,187;1184,1,98;1008,1,287;1127,1,107;1363,1,156
1136,10,11:1017,2,50,114;1004,1,128;1140,1,176;1143,1,76;1090,1,299;1109,1,55;1120,1,54;1003,1,155;1055,1,206;1311,1,139
269,25,36:1195,6,7,14,33,62,146,182;1299,6,8,21,79,125,162,211;1030,2,100,214;1004,1,136;1272,1,160;1382,1,78;1067,1,98;1338,1,85;1044,1,173;1379,1,54;1179,1,109;1078,1,263;1318,1,124;1219,1,98;1155,1,123;1110,1,197;1040,1,69;1184,1,266;1359,1,80;1187,1,74;1157,1,167;1037,1,120;1008,1,315;1126,1,157;1370,1,92
711,5,17:1210,11,28,40,152,198,214,356,370,403,448,487,497;1001,2,78,162;1299,2,107,229;1004,1,140;1099,1,127
385,62,93:1061,5,18,48,80,89,182;1370,5,1,11,40,89,103;1091,4,2,14,72,212;1044,4,5,26,53,212;1129,4,21,112,121,143;1152,3,151,159,161;1135,3,12,32,47;1072,3,9,27,74;1158,3,170,181,238;1287,2,134,138;1156,2,70,84;1150,2,5,19;1340,2,82,97;1186,2,8,20;1060,2,118,127;1004,1,143;1148,1,81;1349,1,198;1210,1,417;1244,1,55;1337,1,57;1166,1,73;1278,1,102;1301,1,10;1009,1,109;1069,1,166;1097,1,54;1099,1,112;1206,1,123;1313,1,94;1260,1,199;1217,1,28;1372,1,61;1076,1,299;1104,1,118;1381,1,120;1017,1,98;1383,1,33;1107,1,74;1108,1,35;1232,1,278;1194,1,115;1137,1,111;1114,1,135;1159,1,179;1184,1,168;1329,1,49;1199,1,79;1171,1,137;1235,1,87;1374,1,39;1051,1,85;1172,1,29;1205,1,274;1122,1,223;1160,1,166;1003,1,60;1028,1,233;1056,1,191;1151,1,185;1286,1,66;1310,1,18
2218,3,3:1004,1,144;1159,1,152;1065,1,260
46,147,310:1135,8,3,23,75,117,131,177,192,201;1061,8,4,13,34,43,65,74,174,204;1070,5,30,73,151,261,335;1019,5,10,21,48,77,123;1020,5,1,14,51,132,162;1332,5,2,11,44,90,116;1021,5,2,13,87,102,152;1033,5,34,40,342,456,472;1127,5,3,14,112,133,152;1010,4,47,179,197,277;1097,4,3,15,88,106;1044,4,3,24,47,117;1107,4,1,10,29,87;1045,4,10,25,97,148;1049,4,3,14,158,199;1268,4,136,148,164,167;1053,4,3,14,161,203;1055,4,33,152,172,214;1065,4,17,43,211,238;1087,4,1,27,54,124;1067,3,235,253,274;1325,3,8,28,76;1291,3,5,28,48;1098,3,120,178,194;1074,3,21,43,61;1313,3,2,17,68;1366,3,2,17,109;1013,3,1,12,24;1192,3,123,164,348;1078,3,1,26,59;1079,3,5,23,42;1146,3,6,26,66;1106,3,26,86,153;1110,3,1,16,36;1306,3,16,32,80;1113,3,3,13,31;1224,3,12,24,181;1134,3,1,21,42;1245,3,48,170,259;1226,3,2,14,26;1054,3,4,23,55;1056,3,1,24,72;1029,3,1,15,31;1231,3,4,19,127;1340,3,95,122,151;1129,3,62,150,172;1043,2,18,84;1142,2,107,137;1166,2,14,31;1001,2,259,349;1069,2,84,176;1072,2,18,36;1073,2,122,160;1145,2,10,34;999,2,130,161;1077,2,5,30;1381,2,58,127;1080,2,23,43;1218,2,3,9;1018,2,58,63;1006,2,2,22;1040,2,143,245;1137,2,81,105;1083,2,2,18;1251,2,32,94;1084,2,85,88;1199,2,65,235;1331,2,2,10;1025,2,8,25;1157,2,101,111;1172,2,2,16;1205,2,186,269;1122,2,112,145;1240,2,56,63;1276,2,104,158;1158,2,1,9;1185,2,116,163;1030,2,5,21;1370,2,35,158;1060,2,119,200;1066,2,6,28;1183,2,203,224;1004,1,145;1042,1,100;1141,1,66;1174,1,76;1255,1,63;1089,1,168;1164,1,38;1176,1,103;1210,1,469;1188,1,77;1009,1,105;1177,1,56;1005,1,102;1207,1,125;1249,1,48;1012,1,130;1258,1,129;1215,1,146;1355,1,47;1206,1,138;1373,1,95;1259,1,18;1191,1,102;1076,1,173;1015,1,50;1058,1,166;1035,1,101;1016,1,183;1109,1,137;1343,1,84;1219,1,77;1155,1,130;1195,1,29;1221,1,110;1111,1,152;1233,1,121;1196,1,42;1296,1,96;1114,1,238;1238,1,45;1023,1,29;1115,1,33;1266,1,192;1223,1,35;1171,1,53;1119,1,115;1121,1,71;1235,1,220;1200,1,152;1254,1,31;1050,1,97;1051,1,49;1123,1,15;1160,1,180;1064,1,124;1124,1,147;1150,1,94;1028,1,206;1384,1,40;1202,1,159;1271,1,317;1032,1,237;1041,1,49;1364,1,109;1133,1,81
1426,12,14:1042,2,1,9;1316,2,1,11;1288,1,149;1168,1,85;1097,1,109;1011,1,270;1049,1,221;1033,1,647;1269,1,62;1053,1,226;1064,1,107;1008,1,82
3725,1,6:1042,6,4,12,79,103,136,170
74,82,292:1114,20,1,5,21,45,85,109,152,167,212,226,234,268,280,293,318,338,363,392,411,416;1246,11,7,19,27,42,48,51,57,88,94,114,133;1192,8,4,16,42,73,204,227,236,292;1358,8,12,24,41,60,64,72,136,157;1084,8,38,67,75,81,83,95,146,165;1069,7,11,17,32,38,51,93,112;1211,7,7,15,25,52,87,172,206;1023,7,5,11,23,31,41,67,87;1130,7,25,160,168,203,214,270,290;1132,7,10,22,34,53,72,122,150;1149,6,7,14,54,69,95,144;1219,6,44,291,334,397,456,474;1307,6,6,17,29,108,127,148;1049,6,8,19,38,102,120,234;1247,6,5,12,34,64,77,140;1053,6,8,19,38,106,123,239;1042,5,5,13,38,75,113;1009,5,10,25,35,58,83;1005,5,10,21,33,124,147;1011,5,92,139,182,205,243;1178,5,14,28,48,49,92;1190,5,111,165,182,220,265;1378,5,4,23,55,73,94;1262,5,5,16,26,84,135;1245,5,36,65,167,199,252;1299,5,46,83,102,166,179;1065,5,6,32,59,117,154;1210,4,419,426,510,520;1099,4,46,76,140,164;1040,4,42,160,248,265;1233,4,9,19,97,140;1223,4,11,24,47,132;1199,4,130,142,264,291;1087,4,22,48,76,188;1138,3,52,66,118;1139,3,31,53,78;1014,3,5,11,37;1018,3,47,114,156;1214,3,27,71,119;1122,3,11,22,179;1029,3,10,24,45;1030,3,16,32,45;1086,3,10,23,72;1203,3,47,101,214;1068,2,10,27;1012,2,89,110;1279,2,6,16;1330,2,40,51;1035,2,117,187;1218,2,46,52;1022,2,44,89;1184,2,158,187;1187,2,87,131;1268,2,125,158;1235,2,7,23;1050,2,45,155;1051,2,61,120;1311,2,46,161;1236,2,30,79;1348,1,20;1090,1,228;1355,1,49;999,1,93;1104,1,35;1082,1,100;1241,1,54;1339,1,129;1019,1,144;1020,1,65;1045,1,244;1369,1,144;1197,1,102;1238,1,69;1198,1,138;1117,1,38;1163,1,122;1027,1,210;1007,1,48;1038,1,75;1003,1,107;1151,1,130;1032,1,267
92,55,151:1245,7,4,14,38,91,108,248,300;1042,5,7,15,24,95,180;1232,5,7,15,25,60,126;1268,5,4,9,68,76,112;1130,5,66,136,198,254,275;1035,4,1,4,8,42;1036,4,4,10,16,35;1295,4,1,10,27,43;1006,4,19,39,72,297;1046,4,1,10,32,42;1022,4,1,10,21,100;1049,4,10,21,24,104;1122,4,1,12,28,125;1053,4,10,21,24,108;1151,4,6,14,33,146;1236,4,7,17,22,82;1110,3,14,29,51;1045,3,7,22,44;1234,3,8,21,33;1369,3,6,15,20;1117,3,1,14,32;1120,3,8,18,57;1050,3,48,71,130;1360,3,1,5,53;1007,3,9,28,44;1039,3,16,33,54;1057,3,6,14,42;1182,3,1,8,77;1311,3,11,23,33;1203,3,8,18,53;1136,2,20,98;1142,2,37,113;1325,2,19,39;1077,2,23,48;1211,2,5,13;1237,2,2,10;1021,2,7,18;1184,2,49,150;1235,2,15,31;1212,2,3,12;1038,2,6,20;1031,2,21,42;1041,2,10,22;1140,1,35;1219,1,46;1040,1,60;1264,1,47;1307,1,92;1254,1,84;1051,1,119;1214,1,23;1240,1,34;1056,1,57;1030,1,76;1324,1,136
70,64,132:1055,9,7,21,44,94,99,115,135,141,176;1192,5,8,20,51,115,372;1020,4,13,26,111,244;1027,4,9,18,49,156;1054,4,146,152,175,206;1320,4,18,71,98,115;1092,3,11,24,49;1044,3,20,41,78;1355,3,5,11,32;1156,3,207,211,230;1199,3,147,167,210;1172,3,14,28,248;1007,3,10,29,45;1085,3,11,22,103;1299,3,114,131,134;1185,3,16,37,63;1032,3,11,22,69;1042,2,8,16;1385,2,8,16;1257,2,86,199;1099,2,7,20;1378,2,11,30;1000,2,18,36;1381,2,77,135;1019,2,6,17;1264,2,32,37;1024,2,12,26;1208,2,2,7;1119,2,28,35;1049,2,11,22;1212,2,4,13;1157,2,24,48;1245,2,39,301;1053,2,11,22;1158,2,221,241;1226,2,150,163;1384,2,58,61;1151,2,143,147;1132,2,129,174;1140,1,36;1144,1,58;1380,1,151;1166,1,40;1386,1,23;1097,1,40;1215,1,38;1014,1,41;1261,1,43;1146,1,172;1274,1,37;1155,1,165;1040,1,110;1307,1,33;1163,1,288;1268,1,155;1200,1,38;1050,1,50;1122,1,236;1160,1,162;1008,1,120;1128,1,101;1130,1,35;1324,1,124;1203,1,54
172,80,112:1235,5,12,28,77,143,189;1179,4,1,13,26,94;1075,3,47,85,124;1191,3,1,19,55;1356,3,11,33,56;1358,3,29,144,151;1040,3,157,162,181;1315,3,65,219,253;1345,3,4,15,39;1042,2,17,172;1210,2,42,392;1380,2,27,50;1072,2,11,29;1258,2,59,123;1100,2,1,6;1383,2,1,5;1082,2,86,108;1196,2,78,97;1214,2,12,128;1161,2,210,295;1152,1,14;1164,1,14;1176,1,14;1148,1,42;1165,1,67;1387,1,15;1090,1,118;1166,1,206;1188,1,126;1135,1,49;1001,1,282;1093,1,86;1168,1,68;1257,1,138;1073,1,83;1190,1,249;1206,1,212;1170,1,16;1284,1,47;1305,1,65;1372,1,48;1076,1,68;1102,1,44;1192,1,26;1330,1,81;999,1,103;1062,1,183;1105,1,69;1211,1,75;1218,1,83;1149,1,48;1195,1,162;1045,1,35;1112,1,185;1021,1,297;1369,1,175;1197,1,61;1159,1,246;1156,1,114;1198,1,19;1084,1,106;1323,1,125;1163,1,27;1157,1,168;1333,1,172;1254,1,43;1239,1,73;1122,1,216;1124,1,111;1309,1,133;1185,1,226;1028,1,54;1229,1,140;1065,1,160;1231,1,203;1186,1,29;1375,1,45;1130,1,97;1088,1,182;1270,1,58
1600,8,8:1042,1,18;1089,1,233;999,1,163;1159,1,221;1315,1,220;1384,1,102;1204,1,237;1277,1,206
121,129,302:1335,10,2,21,40,78,178,229,236,269,288,305;1297,9,3,11,22,62,81,97,129,137,203;1277,9,21,118,136,173,188,193,210,239,248;1190,8,28,55,86,113,169,198,217,252;1149,8,3,10,21,34,43,78,127,136;1241,7,5,16,124,139,145,206,233;1271,6,3,15,78,110,128,145;1161,6,2,25,56,155,216,298;1380,5,24,109,135,156,162;1095,5,40,74,100,120,139;1096,5,2,20,75,91,97;1304,5,7,19,34,78,86;1130,5,172,271,276,291,297;1248,4,2,12,63,96;1178,4,2,16,43,108;1258,4,44,82,107,120;1358,4,75,81,98,121;1024,4,1,15,40,75;1160,4,2,20,68,92;1201,4,44,128,141,147;1131,4,75,104,111,122;1132,4,75,108,133,175;1042,3,19,50,63;1387,3,84,116,140;1278,3,35,75,144;1091,3,110,125,160;1303,3,203,212,271;1092,3,3,16,40;1388,3,8,25,40;1207,3,4,36,138;1071,3,32,59,64;1389,3,6,17,79;1101,3,31,245,281;1372,3,2,8,26;1211,3,77,117,137;1321,3,74,148,158;1197,3,2,19,66;1159,3,124,195,219;1333,3,101,146,179;1328,3,2,21,40;1158,3,65,74,82;1348,2,23,69;1244,2,37,123;1090,2,133,210;1354,2,26,55;1338,2,18,56;1301,2,141,158;1070,2,15,58;1386,2,31,97;1376,2,68,88;1179,2,74,113;1305,2,21,249;1390,2,53,62;1330,2,15,172;1193,2,126,136;1218,2,98,158;1082,2,87,130;1232,2,122,127;1295,2,90,101;1220,2,31,87;1326,2,63,86;1262,2,41,111;1196,2,110,149;1198,2,74,132;1184,2,302,375;1327,2,112,228;1051,2,48,95;1027,2,97,188;1240,2,3,16;1028,2,170,209;1334,2,9,18;1086,2,33,67;1088,2,174,231;1364,2,33,51;1139,1,54;1174,1,115;1347,1,19;1349,1,96;1067,1,79;1337,1,15;1167,1,46;1168,1,38;1005,1,26;1391,1,52;1385,1,36;1257,1,38;1284,1,69;1373,1,80;1260,1,271;1192,1,58;1209,1,115;1342,1,14;1081,1,90;1063,1,75;1219,1,248;1194,1,123;1264,1,76;1306,1,37;1112,1,99;1233,1,210;1265,1,94;1275,1,64;1369,1,64;1266,1,111;1117,1,44;1323,1,65;1307,1,165;1118,1,60;1223,1,66;1359,1,123;1315,1,90;1331,1,104;1298,1,65;1121,1,120;1050,1,21;1239,1,53;1122,1,71;1085,1,123;1204,1,21;1065,1,168;1370,1,58;1202,1,122;1375,1,43;1324,1,65;1362,1,48;1392,1,121;1203,1,124;1236,1,65;1300,1,29
30,88,179:1161,7,9,32,58,158,170,181,205;1190,6,30,90,99,148,155,250;1219,6,32,134,139,178,197,438;1224,5,58,74,78,81,97;1339,4,7,14,24,102;1233,4,10,20,62,205;1271,4,97,147,223,303;1182,4,7,14,24,62;1392,4,22,37,116,125;1350,3,24,55,58;1091,3,60,163,177;1094,3,67,92,169;1305,3,24,39,106;1372,3,6,12,30;1390,3,14,41,82;1108,3,61,69,88;1232,3,5,13,91;1221,3,7,18,36;1117,3,68,73,84;1327,3,96,108,135;1370,3,61,98,115;1032,3,2,13,258;1042,2,22,53;1348,2,25,73;1176,2,31,58;1165,2,33,69;1090,2,71,217;1093,2,68,109;1189,2,64,119;1101,2,34,193;1080,2,20,39;1321,2,39,135;1358,2,65,73;1241,2,109,302;1194,2,100,133;1264,2,108,122;1265,2,82,90;1196,2,59,248;1114,2,100,142;1197,2,17,34;1024,2,7,21;1331,2,23,32;1268,2,44,63;1235,2,109,192;1377,2,68,81;1333,2,43,175;1254,2,29,60;1240,2,6,19;1277,2,106,243;1362,2,51,86;1311,2,63,94;1173,2,24,117;1141,1,31;1174,1,128;1175,1,16;1164,1,48;1148,1,28;1393,1,66;1380,1,130;1166,1,79;1153,1,103;1278,1,11;1338,1,116;1303,1,206;1273,1,28;1071,1,68;1386,1,64;1257,1,192;1293,1,37;1179,1,116;1192,1,84;1316,1,56;1381,1,142;1211,1,76;1193,1,120;1326,1,38;1184,1,18;1307,1,170;1199,1,24;1374,1,16;1247,1,150;1122,1,51;1085,1,106;1309,1,134;1125,1,18;1230,1,112;1340,1,50;1086,1,37
377,54,99:1192,8,48,98,114,132,138,178,209,271;1016,5,101,106,126,135,168;1381,5,35,54,78,89,136;1068,4,3,20,68,71;1199,4,148,166,209,266;1182,4,2,9,78,97;1044,3,21,42,74;1150,3,12,26,50;1042,2,25,181;1136,2,2,10;1043,2,2,10;1138,2,2,10;1139,2,2,10;1140,2,2,10;1141,2,2,10;1142,2,2,10;1143,2,2,10;1144,2,2,10;1012,2,2,18;1059,2,135,144;1017,2,40,58;1048,2,125,133;1213,2,83,186;1360,2,38,51;1086,2,13,26;1210,1,77;1207,1,143;1189,1,140;1283,1,72;1292,1,56;1011,1,49;1015,1,226;1035,1,30;1036,1,36;1104,1,89;1237,1,142;1018,1,149;1045,1,42;1221,1,117;1023,1,19;1084,1,126;1119,1,303;1268,1,154;1333,1,63;1254,1,85;1172,1,272;1027,1,143;1245,1,298;1226,1,127;1128,1,61;1229,1,136;1151,1,142;1032,1,112;1087,1,79
225,35,38:1101,3,46,67,100;1042,2,26,174;1288,1,100;1147,1,14;1089,1,135;1347,1,59;1365,1,68;1001,1,301;1094,1,298;1189,1,75;1073,1,94;1099,1,204;1000,1,79;1209,1,71;1318,1,161;1020,1,218;1040,1,188;1111,1,177;1196,1,231;1114,1,139;1116,1,209;1171,1,179;1119,1,140;1253,1,80;1268,1,168;1327,1,257;1254,1,155;1033,1,211;1201,1,156;1028,1,249;1384,1,116;1345,1,117;1032,1,184;1131,1,209;1203,1,179
799,16,35:1054,7,6,25,57,96,157,185,196;1378,4,16,35,64,79;1241,4,62,179,221,273;1043,3,48,92,137;1134,3,246,262,294;1076,2,147,197;1185,2,100,199;1065,2,174,255;1042,1,32;1011,1,240;1246,1,67;1101,1,17;1079,1,72;1146,1,113;1121,1,174;1132,1,184
884,16,25:1096,3,11,29,42;1252,3,8,26,47;1005,2,31,145;1178,2,10,24;1076,2,3,16;1187,2,13,28;1363,2,9,26;1042,1,33;1246,1,108;1260,1,108;1357,1,60;1369,1,27;1084,1,31;1163,1,132;1247,1,156;1236,1,27
175,144,216:1033,5,237,274,293,611,635;1126,5,1,11,36,172,177;1003,5,4,17,34,51,202;1333,4,60,70,97,178;1257,3,59,66,196;1169,3,19,67,107;1219,3,9,24,149;1112,3,101,148,180;1276,3,37,55,207;1038,3,9,23,38;1158,3,25,55,218;1064,3,5,23,38;1008,3,4,21,245;1028,3,52,139,231;1042,2,35,133;1140,2,25,97;1255,2,48,59;1380,2,115,147;1090,2,316,398;1188,2,120,142;1001,2,187,296;1005,2,37,94;1189,2,85,94;1283,2,61,68;1154,2,143,180;1284,2,66,118;1260,2,186,263;1192,2,31,440;1058,2,136,208;1368,2,232,270;1211,2,29,111;1218,2,93,147;1263,2,36,181;1251,2,22,81;1275,2,81,93;1024,2,130,189;1118,2,106,125;1315,2,61,82;1002,2,43,117;1157,2,56,235;1242,2,5,17;1085,2,109,132;1125,2,72,158;1228,2,104,135;1185,2,84,111;1230,2,2,13;1056,2,163,182;1345,2,82,124;1088,2,187,235;1132,2,62,176;1041,2,30,63;1142,1,70;1175,1,29;1288,1,139;1089,1,152;1281,1,116;1152,1,60;1272,1,143;1067,1,87;1244,1,86;1166,1,176;1338,1,104;1091,1,171;1312,1,48;1303,1,149;1009,1,43;1092,1,75;1068,1,75;1167,1,42;1093,1,55;1162,1,68;1094,1,373;1391,1,48;1070,1,92;1385,1,46;1304,1,75;1010,1,103;1190,1,52;1215,1,110;1246,1,122;1100,1,53;1101,1,242;1378,1,44;1373,1,26;1179,1,128;1217,1,48;1305,1,160;1394,1,26;999,1,168;1015,1,231;1078,1,99;1297,1,211;1321,1,31;1018,1,36;1109,1,51;1318,1,247;1006,1,221;1110,1,62;1194,1,127;1339,1,136;1326,1,32;1019,1,108;1264,1,78;1137,1,49;1322,1,166;1021,1,93;1265,1,43;1196,1,69;1238,1,171;1159,1,230;1023,1,79;1198,1,124;1084,1,35;1184,1,264;1115,1,40;1307,1,52;1187,1,48;1395,1,33;1267,1,48;1163,1,375;1213,1,51;1051,1,89;1205,1,258;1328,1,91;1269,1,30;1124,1,92;1201,1,145;1299,1,70;1227,1,119;1361,1,108;1229,1,83;1384,1,25;1151,1,88;1370,1,130;1375,1,21;1277,1,149;1319,1,137;1271,1,280;1362,1,44;1182,1,110;1335,1,225;1131,1,228;1363,1,138;1320,1,154
1319,8,14:1130,4,9,18,74,295;1264,3,8,19,60;1219,2,34,133;1042,1,40;1162,1,67;1097,1,86;1192,1,184;1221,1,104
135,81,249:1163,10,10,22,34,54,148,227,273,300,310,333;1098,9,26,45,91,104,166,179,188,197,219;1011,9,2,14,34,68,133,147,159,290,319;1299,9,7,20,42,58,78,124,161,210,218;1195,8,6,13,38,52,61,76,145,181;1045,8,1,16,50,88,101,157,184,201;1210,7,22,294,345,395,413,488,516;1145,7,16,40,65,170,182,190,225;1322,7,1,16,34,144,154,216,236;1205,6,2,29,162,189,243,260;1132,6,1,13,44,55,89,113;1006,5,13,33,245,278,287;1252,5,1,19,40,135,165;1199,5,2,13,26,47,118;1280,5,2,11,22,42,76;1202,5,7,19,38,91,161;1388,4,15,32,46,52;1073,4,45,115,141,161;1192,4,1,13,83,328;1104,4,3,11,26,53;1321,4,6,19,46,102;1081,4,12,28,118,131;1171,4,5,14,191,208;1229,4,196,208,217,222;1183,4,13,33,74,228;1236,4,3,13,91,110;1041,4,5,17,27,51;1042,3,42,123,157;1291,3,6,29,49;1012,3,10,26,138;1077,3,11,36,97;1107,3,4,13,32;1357,3,45,56,128;1109,3,1,11,25;1295,3,64,74,81;1264,3,11,22,62;1208,3,164,189,195;1268,3,137,143,146;1200,3,70,101,167;1172,3,10,24,236;1370,3,7,17,38;1043,2,30,68;1303,2,64,137;1249,2,29,49;1074,2,22,62;1221,2,67,90;1112,2,21,164;1235,2,2,18;1126,2,144,185;1384,2,49,103;1231,2,90,130;1340,2,5,17;1087,2,152,156;1136,1,163;1141,1,74;1290,1,73;1094,1,79;1207,1,127;1283,1,39;1279,1,38;1034,1,78;1330,1,93;1036,1,68;1211,1,102;1237,1,61;1232,1,222;1332,1,50;1275,1,87;1238,1,129;1156,1,376;1377,1,79;1333,1,53;1254,1,64;1007,1,70;1033,1,233;1308,1,108;1003,1,76;1230,1,56;1039,1,169;1271,1,226;1182,1,65
396,50,133:1045,8,2,17,51,89,102,158,185,202;1145,6,17,41,171,183,191,226;1321,6,9,22,49,88,103,110;1132,6,2,14,45,56,90,114;1006,5,14,34,246,279,288;1252,5,2,20,41,136,166;1199,5,3,14,27,48,119;1205,5,3,30,163,190,244;1202,5,8,20,39,92,162;1104,4,4,12,27,54;1081,4,13,29,119,132;1171,4,6,15,192,209;1183,4,14,34,75,229;1236,4,4,14,92,111;1041,4,6,18,28,52;1042,3,43,124,158;1210,3,23,295,346;1077,3,12,37,98;1322,3,2,17,35;1200,3,71,102,168;1172,3,11,25,237;1043,2,31,69;1011,2,134,148;1012,2,11,27;1192,2,2,14;1109,2,2,12;1221,2,68,91;1112,2,22,165;1235,2,3,19;1280,2,3,12;1231,2,91,131;1087,2,153,157;1249,1,30;1390,1,30;1036,1,69;1232,1,223;1063,1,65;1295,1,75;1332,1,51;1111,1,205;1275,1,88;1296,1,105;1238,1,132;1156,1,176;1208,1,190;1307,1,62;1163,1,55;1048,1,30;1377,1,80;1230,1,58
149,39,88:1011,9,35,69,113,130,160,169,291,300,320;1210,8,24,296,309,347,396,414,489,517;1229,7,13,37,75,162,171,209,218;1098,6,129,152,167,189,220,228;1283,4,6,12,17,25;1192,4,309,325,338,344;1386,3,2,11,42;1077,3,9,34,95;1045,3,90,103,159;1367,3,59,85,120;1042,2,44,125;1290,2,19,65;1303,2,74,87;1321,2,89,104;1322,2,145,221;1323,2,64,98;1171,2,135,193;1280,2,23,43;1236,2,93,112;1138,1,107;1140,1,126;1281,1,92;1257,1,161;1145,1,66;1258,1,68;1154,1,92;1058,1,170;1209,1,55;1232,1,224;1006,1,289;1195,1,156;1238,1,150;1331,1,149;1002,1,81;1050,1,30;1172,1,238;1319,1,97;1161,1,282;1132,1,87
423,37,45:1032,4,53,138,211,288;1094,2,37,329;1192,2,65,389;1381,2,39,117;1199,2,223,276;1033,2,249,643;1042,1,47;1288,1,33;1396,1,62;1089,1,250;1152,1,160;1256,1,98;1090,1,383;1091,1,219;1093,1,51;1386,1,98;1098,1,143;1011,1,307;1258,1,84;1378,1,83;1260,1,242;1390,1,32;999,1,126;1218,1,183;1195,1,163;1045,1,195;1156,1,217;1224,1,183;1119,1,129;1200,1,145;1050,1,106;1160,1,248;1226,1,167;1003,1,116;1054,1,161;1229,1,204;1132,1,68
532,52,72:1146,4,16,36,70,213;1291,3,10,33,95;1098,3,96,162,213;1076,3,4,17,80;1381,3,5,13,61;1157,3,19,43,67;1178,2,115,119;1058,2,68,190;1016,2,140,154;1040,2,130,206;1359,2,52,67;1033,2,305,507;1226,2,50,95;1042,1,48;1138,1,35;1188,1,122;1312,1,68;1301,1,48;1001,1,89;1094,1,38;1071,1,27;1386,1,44;1011,1,155;1190,1,216;1258,1,122;1075,1,106;1356,1,87;1103,1,9;1330,1,190;1107,1,21;1193,1,59;1321,1,34;1241,1,69;1006,1,272;1222,1,125;1197,1,207;1156,1,394;1187,1,129;1268,1,22;1327,1,120;1235,1,163;1333,1,136;1227,1,96;1127,1,171;1054,1,116;1128,1,274;1065,1,188;1031,1,32;1039,1,44;1181,1,37;1130,1,240;1392,1,51
25,23,31:1070,4,10,26,53,69;1186,3,25,116,121;1071,2,46,80;1078,2,253,261;1085,2,24,165;1042,1,56;1090,1,236;1092,1,66;1294,1,155;999,1,117;1015,1,176;1017,1,90;1082,1,154;1045,1,32;1117,1,64;1252,1,121;1026,1,97;1213,1,46;1027,1,57;1201,1,158;1003,1,190;1229,1,77;1320,1,135
1755,3,5:1042,2,59,127;1030,2,1,17;1040,1,207
422,29,34:1251,3,8,42,99;1042,2,65,114;1241,2,209,283;1131,2,147,214;1162,1,45;1094,1,303;1341,1,79;1190,1,129;1191,1,85;1014,1,42;1015,1,140;1105,1,66;1193,1,148;1321,1,127;1108,1,92;1082,1,75;1233,1,21;1238,1,96;1198,1,31;1047,1,53;1122,1,24;1245,1,192;1328,1,99;1125,1,213;1340,1,64;1324,1,144;1057,1,54;1320,1,113;1392,1,137
754,22,26:1339,2,26,109;1369,2,40,172;1051,2,58,131;1158,2,22,125;1042,1,66;1278,1,138;1301,1,175;1093,1,107;1261,1,106;1232,1,259;1194,1,27;1198,1,65;1025,1,45;1122,1,65;1033,1,30;1226,1,47;1150,1,87;1151,1,63;1340,1,153;1375,1,18;1032,1,155;1087,1,216
8,90,116:1089,4,58,65,128,177;1059,3,55,149,163;1016,3,53,138,152;1078,3,55,86,127;1114,3,12,229,284;1175,2,31,53;1067,2,21,112;1325,2,73,104;1011,2,81,93;1076,2,37,115;1014,2,17,52;1058,2,44,62;1111,2,58,76;1213,2,27,97;1245,2,24,205;1033,2,315,339;1229,2,53,115;1030,2,64,217;1065,2,87,108;1032,2,204,278;1042,1,69;1043,1,74;1143,1,91;1288,1,52;1289,1,24;1210,1,59;1380,1,169;1090,1,74;1092,1,86;1135,1,64;1068,1,74;1001,1,324;1162,1,53;1273,1,40;1389,1,75;1386,1,27;1010,1,33;1249,1,19;1190,1,20;1258,1,145;1259,1,74;1217,1,126;1102,1,95;1192,1,60;1105,1,87;1295,1,71;1019,1,146;1045,1,62;1263,1,22;1264,1,39;1112,1,168;1046,1,83;1251,1,12;1275,1,89;1238,1,135;1184,1,58;1266,1,18;1223,1,30;1171,1,23;1163,1,281;1119,1,256;1049,1,81;1397,1,16;1225,1,33;1026,1,28;1157,1,206;1037,1,146;1172,1,116;1247,1,163;1239,1,82;1052,1,21;1240,1,46;1269,1,58;1308,1,23;1053,1,79;1085,1,48;1226,1,115;1008,1,334;1126,1,168;1003,1,49;1127,1,147;1280,1,47;1031,1,27;1039,1,39;1231,1,84;1182,1,43;1131,1,195;1203,1,24;1161,1,198;1173,1,201
54,188,612:1318,12,25,35,44,80,96,132,143,166,197,215,238,256;1198,10,5,10,23,52,60,92,114,129,134,141;1297,9,8,16,30,72,161,174,178,184,193;1112,9,4,8,14,29,52,55,97,125,175;1203,9,4,14,35,60,66,81,104,148,208;1218,8,29,40,60,102,130,165,174,185;1143,7,18,28,34,40,118,137,139;1096,7,10,28,41,74,102,110,117;1076,7,2,15,49,133,144,190,194;1193,7,3,11,28,40,45,56,95;1232,7,8,16,26,41,46,61,149;1397,7,1,7,21,42,67,86,93;1239,7,10,20,37,41,63,142,171;1033,7,3,11,49,159,283,393,530;1070,6,2,25,45,68,104,223;1012,6,8,24,61,134,142,148;1190,6,7,15,33,62,146,234;1034,6,13,18,36,41,59,64;1082,6,2,8,15,47,49,157;1114,6,61,72,334,354,398,427;1331,6,8,16,29,49,148,167;1122,6,2,13,29,159,168,235;1245,6,5,15,109,127,179,249;1039,6,4,21,35,86,124,136;1151,6,2,10,45,55,69,215;1140,5,31,60,69,104,125;1094,5,61,122,142,149,163;1273,5,2,12,89,93,101;1071,5,5,13,17,37,63;1145,5,2,26,58,117,122;1366,5,8,23,32,72,99;1274,5,12,24,65,121,134;1155,5,67,92,119,140,170;1222,5,10,20,26,46,109;1196,5,49,54,64,154,247;1159,5,11,22,38,74,92;1049,5,5,16,36,88,239;1200,5,6,17,41,144,181;1254,5,59,81,117,124,147;1053,5,5,16,36,92,244;1158,5,38,150,213,243,264;1008,5,13,30,138,194,313;1271,5,64,75,107,263,273;1311,5,12,24,34,120,136;1236,5,10,20,26,48,86;1210,4,117,121,185,445;1385,4,2,10,27,43;1215,4,3,11,56,176;999,4,7,25,60,77;1015,4,99,118,187,214;1211,4,8,16,26,55;1314,4,22,33,65,104;1342,4,2,7,21,88;1241,4,8,19,29,215;1006,4,20,40,143,301;1110,4,15,30,52,101;1339,4,45,61,117,132;1326,4,7,14,21,122;1263,4,30,51,193,204;1111,4,34,113,188,218;1233,4,31,79,102,204;1251,4,52,68,85,102;1369,4,9,18,21,56;1115,4,2,9,16,44;1117,4,3,16,34,46;1307,4,2,13,24,105;1223,4,7,20,52,141;1235,4,16,32,132,204;1051,4,5,10,34,68;1247,4,61,96,155,171;1064,4,14,32,46,55;1226,4,44,57,82,122;1309,4,11,22,178,182;1030,4,11,27,40,225;1129,4,66,86,130,135;1086,4,5,18,40,91;1139,3,19,71,97;1142,3,34,55,93;1095,3,3,20,50;1178,3,5,19,110;1246,3,12,24,45;1013,3,7,18,50;1390,3,2,8,17;1014,3,6,12,25;1079,3,106,127,161;1108,3,1,9,91;1149,3,20,59,66;1295,3,3,12,29;1306,3,2,18,50;1137,3,3,18,34;1083,3,215,271,292;1022,3,2,11,86;1265,3,3,13,23;1184,3,27,62,226;1208,3,5,10,23;1329,3,11,26,43;1187,3,12,27,42;1267,3,3,9,17;1327,3,10,20,66;1377,3,3,10,16;1025,3,17,34,73;1050,3,66,79,132;1214,3,2,7,24;1031,3,23,103,122;1066,3,22,44,49;1130,3,6,15,30;1183,3,83,113,146;1132,3,130,137,156;1136,2,21,99;1005,2,30,109;1325,2,20,40;1101,2,24,63;1330,2,58,199;1077,2,80,129;1209,2,30,62;1045,2,8,23;1113,2,10,20;1021,2,8,19;1046,2,33,175;1234,2,34,47;1275,2,32,50;1156,2,182,260;1266,2,2,9;1323,2,51,95;1171,2,190,220;1163,2,74,131;1048,2,16,75;1120,2,44,102;1225,2,15,30;1157,2,107,110;1052,2,9,18;1205,2,114,119;1308,2,64,143;1299,2,32,74;1227,2,15,30;1228,2,14,28;1185,2,106,156;1056,2,143,187;1277,2,24,218;1324,2,75,95;1320,2,2,10;1042,1,72;1175,1,60;1152,1,55;1303,1,270;1135,1,154;1388,1,47;1304,1,55;1389,1,83;1097,1,81;1011,1,313;1378,1,40;1259,1,114;1394,1,65;1058,1,201;1035,1,198;1036,1,31;1078,1,131;1062,1,85;1219,1,47;1195,1,50;1020,1,208;1296,1,66;1238,1,145;1024,1,49;1084,1,29;1116,1,121;1359,1,113;1315,1,275;1199,1,91;1224,1,51;1395,1,36;1047,1,25;1121,1,112;1253,1,84;1026,1,65;1027,1,68;1038,1,71;1160,1,186;1124,1,83;1003,1,137;1055,1,108;1128,1,48;1310,1,113;1375,1,83;1182,1,81;1335,1,260;1131,1,220
2375,7,7:1042,1,76;1188,1,149;1061,1,78;1044,1,51;1283,1,65;1077,1,87;1062,1,48
371,33,34:1008,2,68,259;1042,1,82;1256,1,21;1338,1,57;1095,1,113;1169,1,132;1179,1,130;1371,1,118;1000,1,50;1107,1,54;1232,1,197;1220,1,107;1019,1,25;1020,1,31;1306,1,109;1233,1,46;1021,1,28;1046,1,47;1022,1,51;1369,1,34;1197,1,127;1117,1,79;1119,1,284;1327,1,221;1235,1,160;1050,1,33;1202,1,117;1324,1,141;1335,1,51;1131,1,225;1363,1,111;1320,1,162;1270,1,95
1159,5,8:1011,3,12,24,45;1042,2,90,145;1153,1,68;1022,1,153;1050,1,93
4408,3,3:1042,1,93;1263,1,160;1021,1,32
727,11,20:1140,4,30,116,159,180;1058,4,16,35,134,141;1136,2,24,126;1043,2,22,42;1063,2,33,213;1042,1,94;1035,1,60;1077,1,64;1321,1,115;1021,1,34;1296,1,88
206,42,55:1080,5,8,17,46,90,133;1055,4,11,25,68,84;1021,3,66,233,277;1380,2,92,104;1156,2,339,373;1030,2,106,172;1151,2,152,193;1042,1,102;1255,1,65;1210,1,374;1387,1,101;1069,1,131;1291,1,99;1011,1,99;1099,1,39;1216,1,53;1102,1,74;1330,1,158;1000,1,73;1058,1,124;1016,1,162;1109,1,77;1155,1,58;1019,1,90;1020,1,89;1083,1,85;1322,1,125;1251,1,109;1275,1,55;1159,1,243;1208,1,29;1199,1,252;1331,1,38;1397,1,30;1157,1,75;1134,1,142;1033,1,241;1185,1,191;1280,1,58;1065,1,155;1130,1,152;1173,1,162
789,32,56:1219,13,104,307,346,349,375,409,412,489,492,504,547,550,562;1283,3,56,89,93;1294,3,74,78,88;1114,3,116,223,319;1130,3,82,112,190;1216,2,77,95;1084,2,133,149;1127,2,80,126;1087,2,83,287;1042,1,104;1289,1,19;1256,1,176;1068,1,125;1167,1,59;1010,1,165;1154,1,97;1100,1,43;1101,1,258;1192,1,405;1106,1,71;1018,1,115;1263,1,95;1171,1,72;1200,1,123;1225,1,135;1134,1,70;1239,1,138;1201,1,83;1344,1,99;1030,1,117;1277,1,254;1336,1,57
162,12,24:1011,5,59,120,151,214,298;1216,5,41,52,105,117,208;1259,4,1,9,26,42;1177,2,33,45;1042,1,107;1138,1,86;1210,1,400;1353,1,25;1068,1,92;1098,1,141;1012,1,41;1057,1,89
730,16,24:1042,3,109,140,167;1109,3,5,15,28;1011,2,72,96;1006,2,42,54;1049,2,161,183;1053,2,164,186;1098,1,114;1074,1,124;1012,1,51;1035,1,139;1036,1,73;1237,1,95;1110,1,48;1199,1,158;1057,1,93;1041,1,34
877,26,37:1216,4,102,108,144,155;1371,3,4,13,41;1067,2,39,130;1387,2,19,25;1305,2,27,213;1299,2,100,228;1202,2,141,192;1319,2,3,16;1042,1,112;1380,1,37;1278,1,18;1312,1,38;1301,1,11;1273,1,87;1190,1,145;1373,1,44;1102,1,46;1108,1,60;1234,1,46;1208,1,26;1268,1,124;1360,1,59;1247,1,93;1150,1,32;1129,1,14;1311,1,45
12,95,197:1335,11,15,34,56,123,203,218,239,276,285,309,319;1315,8,6,14,20,28,43,128,200,243;1327,7,41,59,102,146,210,233,245;1119,6,50,101,157,196,233,260;1227,6,4,19,33,58,131,142;1228,6,4,18,31,56,117,126;1252,5,7,25,46,141,168;1067,4,34,118,195,238;1010,4,13,27,183,226;1263,4,2,11,26,72;1184,4,31,104,314,351;1205,4,199,206,245,262;1320,4,19,72,99,116;1094,3,225,235,272;1273,3,57,63,65;1341,3,2,19,49;1368,3,189,195,212;1020,3,4,17,54;1021,3,76,138,232;1022,3,39,108,137;1234,3,5,18,81;1049,3,122,164,186;1053,3,125,167,189;1185,3,91,109,120;1065,3,97,159,194;1057,3,4,12,20;1148,2,6,14;1135,2,9,29;1005,2,99,135;1069,2,44,154;1011,2,161,179;1145,2,55,147;1035,2,114,136;1357,2,15,30;1063,2,99,109;1296,2,28,107;1024,2,73,213;1187,2,54,104;1395,2,42,58;1008,2,229,285;1131,2,141,194;1173,2,134,146;1042,1,116;1138,1,75;1139,1,95;1089,1,33;1243,1,22;1210,1,195;1380,1,41;1091,1,99;1301,1,33;1009,1,51;1325,1,81;1072,1,114;1012,1,91;1102,1,63;1330,1,179;1000,1,38;1297,1,191;1108,1,42;1109,1,113;1081,1,129;1318,1,108;1358,1,130;1295,1,94;1006,1,247;1110,1,58;1045,1,203;1233,1,94;1265,1,113;1196,1,179;1369,1,46;1117,1,50;1307,1,179;1267,1,65;1298,1,37;1377,1,41;1212,1,20;1157,1,151;1247,1,124;1027,1,123;1245,1,33;1201,1,37;1344,1,69;1003,1,168;1128,1,155;1231,1,103;1186,1,138;1202,1,150;1375,1,56;1324,1,69;1183,1,96;1311,1,158;1132,1,31;1336,1,40
126,139,196:1305,5,19,61,122,150,167;1152,3,62,164,188;1092,3,2,15,37;1283,3,4,10,97;1101,3,78,146,244;999,3,43,98,110;1211,3,68,110,139;1197,3,64,116,184;1199,3,50,151,213;1048,3,36,91,131;1028,3,122,168,243;1255,2,25,35;1272,2,137,152;1210,2,251,313;1090,2,130,395;1278,2,37,82;1303,2,80,261;1071,2,30,56;1170,2,55,82;1284,2,68,116;1376,2,37,102;1372,2,28,56;1035,2,15,51;1358,2,86,123;1006,2,251,291;1220,2,33,89;1263,2,103,158;1322,2,118,168;1022,2,31,146;1196,2,166,265;1238,2,157,161;1198,2,108,140;1184,2,134,304;1118,2,19,66;1224,2,47,138;1119,2,153,224;1037,2,164,212;1213,2,141,238;1160,2,69,134;1003,2,94,112;1277,2,115,236;1271,2,116,143;1032,2,4,15;1161,2,213,277;1042,1,119;1089,1,105;1348,1,38;1176,1,99;1349,1,98;1382,1,57;1380,1,111;1387,1,30;1354,1,57;1248,1,94;1338,1,35;1188,1,42;1301,1,172;1009,1,66;1167,1,44;1095,1,103;1010,1,161;1098,1,185;1073,1,124;1292,1,52;1011,1,47;1246,1,104;1154,1,110;1373,1,53;1179,1,98;1390,1,43;1058,1,210;1104,1,115;1078,1,140;1079,1,45;1193,1,128;1297,1,210;1218,1,133;1342,1,16;1108,1,83;1109,1,54;1081,1,100;1232,1,244;1063,1,71;1219,1,590;1241,1,140;1155,1,190;1110,1,60;1195,1,100;1326,1,58;1020,1,103;1262,1,102;1112,1,90;1275,1,34;1369,1,66;1114,1,58;1208,1,112;1266,1,74;1323,1,78;1252,1,170;1223,1,68;1359,1,85;1187,1,105;1171,1,123;1235,1,35;1026,1,118;1157,1,184;1333,1,103;1050,1,60;1051,1,30;1239,1,54;1027,1,99;1214,1,58;1205,1,212;1122,1,73;1033,1,127;1123,1,41;1053,1,206;1158,1,80;1008,1,240;1201,1,130;1185,1,132;1128,1,151;1065,1,216;1031,1,101;1039,1,96;1286,1,46;1186,1,110;1202,1,124;1319,1,191;1130,1,64;1086,1,31;1335,1,81;1131,1,106;1320,1,131;1392,1,126;1311,1,173;1236,1,64;1364,1,52;1300,1,57
52,56,63:1005,2,154,170;1190,2,117,214;1238,2,55,66;1160,2,178,224;1130,2,68,249;1271,2,176,234;1032,2,32,74;1042,1,121;1346,1,35;1152,1,52;1347,1,32;1290,1,99;1365,1,92;1090,1,388;1153,1,97;1278,1,64;1068,1,152;1391,1,64;1098,1,41;1011,1,184;1012,1,153;1215,1,58;1170,1,70;1376,1,85;1373,1,28;1366,1,56;1316,1,48;1321,1,144;1314,1,83;1109,1,124;1081,1,140;1318,1,74;1358,1,77;1232,1,104;1194,1,104;1040,1,163;1083,1,285;1021,1,122;1114,1,341;1197,1,155;1315,1,123;1163,1,367;1047,1,44;1119,1,273;1331,1,94;1374,1,53;1360,1,15;1247,1,128;1027,1,216;1122,1,220;1227,1,133;1066,1,87;1277,1,245;1129,1,119;1087,1,257;1363,1,93
109,77,91:1239,4,50,86,115,155;1349,2,110,182;1011,2,55,306;1192,2,306,354;1106,2,82,107;1195,2,70,134;1083,2,169,230;1199,2,85,279;1247,2,23,109;1033,2,182,492;1125,2,67,151;1319,2,31,166;1042,1,130;1136,1,76;1043,1,62;1142,1,117;1089,1,46;1290,1,77;1148,1,36;1165,1,85;1382,1,19;1067,1,213;1210,1,436;1387,1,72;1090,1,407;1166,1,81;1009,1,102;1273,1,75;1257,1,121;1206,1,135;1378,1,69;1260,1,257;1371,1,28;1394,1,59;1104,1,104;1381,1,160;1107,1,46;1209,1,108;1314,1,73;1342,1,42;1232,1,152;1063,1,230;1339,1,228;1020,1,157;1045,1,123;1221,1,121;1137,1,55;1369,1,159;1114,1,261;1159,1,205;1198,1,120;1266,1,189;1116,1,139;1118,1,130;1224,1,39;1119,1,211;1331,1,101;1268,1,130;1327,1,24;1235,1,50;1026,1,81;1050,1,84;1214,1,43;1240,1,31;1158,1,72;1344,1,116;1309,1,107;1150,1,44;1126,1,119;1028,1,199;1384,1,29;1129,1,89;1324,1,113;1271,1,80;1203,1,95;1364,1,68;1336,1,84
4409,2,2:1042,1,137;1151,1,237
664,71,181:1337,7,6,12,25,50,55,61,87;1166,7,8,25,49,97,120,152,188;1293,6,11,25,145,155,182,203;1030,6,14,30,43,68,249,259;1286,6,5,18,29,60,77,84;1011,5,60,121,152,215,299;1100,5,5,10,21,46,68;1357,5,5,20,36,54,124;1095,4,11,28,62,128;1101,4,181,198,259,284;1284,4,8,20,58,78;1075,4,51,71,89,128;1077,4,16,41,102,109;1285,4,7,14,20,41;1252,4,11,29,50,84;1289,3,15,41,61;1243,3,38,78,97;1067,3,48,137,244;1351,3,6,12,24;1177,3,7,17,27;1096,3,14,32,45;1385,3,5,13,30;1169,3,34,104,110;1170,3,49,75,85;1102,3,5,14,92;1103,3,4,8,18;1107,3,43,61,116;1109,3,6,16,29;1329,3,8,23,40;1377,3,7,14,20;1374,3,4,11,23;1087,3,21,47,75;1335,3,19,38,60;1282,2,28,56;1090,2,6,12;1354,2,9,21;1178,2,53,113;1376,2,54,95;1373,2,48,92;1356,2,17,39;1105,2,70,81;1080,2,34,127;1234,2,39,60;1134,2,11,31;1172,2,42,180;1363,2,12,29;1320,2,31,138;1042,1,142;1387,1,123;1009,1,80;1167,1,60;1005,1,123;1074,1,121;1012,1,53;1246,1,110;1191,1,46;1260,1,106;1371,1,122;1217,1,134;1305,1,229;1036,1,74;1297,1,188;1237,1,96;1262,1,68;1159,1,174;1117,1,70;1199,1,159;1119,1,20;1205,1,167;1245,1,220;1041,1,35
454,11,17:1005,3,68,139,142;1233,2,245,256;1242,2,8,20;1033,2,95,99;1085,2,156,213;1042,1,144;1237,1,139;1232,1,182;1263,1,163;1040,1,64;1310,1,56
936,30,43:1070,4,268,276,293,315;1129,4,166,170,173,178;1192,3,424,431,448;1089,2,98,228;1210,2,229,515;1011,2,110,261;1137,2,67,98;1208,2,198,229;1042,1,146;1138,1,71;1281,1,70;1278,1,175;1154,1,94;1206,1,150;1078,1,288;1062,1,153;1110,1,170;1195,1,137;1040,1,234;1021,1,253;1159,1,77;1252,1,185;1200,1,109;1225,1,114;1134,1,217;1299,1,193;1229,1,192;1204,1,172;1030,1,308;1065,1,243
923,12,16:1317,4,13,29,55,79;1156,2,317,392;1042,1,149;1001,1,90;1099,1,212;1058,1,163;1381,1,88;1023,1,18;1252,1,88;1171,1,44;1226,1,166;1202,1,156
9,60,108:1190,10,5,13,41,85,89,98,154,168,197,210;1241,8,4,15,27,76,123,129,138,160;1223,7,2,15,34,77,83,111,130;1005,6,7,18,25,86,111,165;1389,5,9,20,30,40,70;1184,5,143,213,308,344,349;1210,3,84,91,107;1009,3,8,23,33;1069,3,8,29,90;1192,3,182,188,318;1101,2,76,222;1368,2,92,255;1295,2,110,133;1122,2,70,105;1033,2,239,579;1042,1,152;1089,1,187;1393,1,89;1382,1,75;1166,1,136;1248,1,92;1001,1,238;1167,1,24;1094,1,253;1257,1,126;1189,1,111;1215,1,145;1250,1,33;1219,1,72;1006,1,275;1339,1,28;1326,1,43;1332,1,62;1112,1,131;1083,1,298;1197,1,180;1024,1,240;1084,1,156;1116,1,179;1048,1,27;1119,1,107;1120,1,40;1327,1,31;1025,1,105;1037,1,54;1053,1,88;1158,1,206;1008,1,57;1124,1,36;1126,1,204;1185,1,130;1055,1,182;1028,1,75;1202,1,71;1129,1,47;1130,1,39;1363,1,62;1270,1,70;1132,1,26;1364,1,104
672,22,23:1165,2,100,178;1042,1,154;1138,1,110;1148,1,85;1393,1,91;1067,1,258;1244,1,113;1301,1,189;1135,1,161;1391,1,68;1012,1,121;1206,1,98;1192,1,320;1112,1,133;1137,1,74;1083,1,68;1116,1,181;1331,1,155;1172,1,75;1185,1,169;1340,1,148;1173,1,204
1394,6,6:1042,1,161;1143,1,134;1241,1,190;1159,1,66;1213,1,259;1384,1,109
610,21,23:1398,2,54,67;1183,2,18,38;1042,1,168;1349,1,93;1072,1,131;1330,1,91;1015,1,248;1059,1,174;1016,1,205;1146,1,159;1106,1,143;1195,1,51;1159,1,231;1156,1,345;1198,1,71;1119,1,203;1033,1,304;1158,1,242;1065,1,72;1039,1,75;1277,1,40
129,26,31:1271,3,122,236,311;1015,2,229,261;1118,2,17,133;1157,2,2,26;1042,1,173;1164,1,35;1210,1,66;1094,1,380;1389,1,47;1373,1,64;1000,1,121;1036,1,55;1077,1,52;1104,1,81;1149,1,130;1358,1,118;1241,1,297;1194,1,106;1326,1,30;1040,1,101;1225,1,81;1374,1,48;1033,1,28;1226,1,65;1028,1,294;1384,1,6
1850,4,4:1042,1,176;1366,1,73;1020,1,129;1208,1,73
376,42,48:1204,3,175,234,246;1288,2,57,91;1306,2,13,29;1114,2,62,253;1159,2,2,13;1042,1,177;1142,1,149;1255,1,98;1393,1,47;1244,1,60;1352,1,45;1153,1,74;1391,1,57;1097,1,44;1098,1,174;1145,1,240;1190,1,203;1154,1,185;1101,1,13;1398,1,27;1293,1,84;1279,1,33;1015,1,159;1211,1,123;1358,1,44;1295,1,40;1040,1,200;1233,1,200;1021,1,299;1184,1,324;1395,1,50;1121,1,163;1327,1,251;1374,1,42;1247,1,122;1205,1,138;1240,1,60;1003,1,133;1065,1,205;1277,1,228;1032,1,124;1363,1,121
1651,4,4:1042,1,178;1089,1,136;1098,1,23;1032,1,290
19,56,112:1001,10,14,15,44,45,113,114,137,138,310,311;1219,8,194,233,257,282,337,400,443,464;1203,5,58,102,129,169,225;1129,4,2,7,15,159;1136,3,1,9,113;1301,3,47,121,133;1068,3,2,19,67;1258,3,64,90,131;999,3,9,27,62;1160,3,109,216,229;1130,3,4,13,28;1043,2,1,9;1138,2,1,9;1139,2,1,9;1140,2,1,9;1141,2,1,9;1142,2,1,9;1143,2,1,9;1144,2,1,9;1012,2,1,17;1366,2,70,97;1006,2,101,141;1369,2,104,117;1359,2,14,30;1200,2,76,106;1134,2,58,138;1308,2,71,124;1202,2,96,147;1277,2,69,221;1087,2,78,92;1210,1,320;1097,1,79;1178,1,69;1145,1,90;1154,1,148;1330,1,165;1015,1,225;1077,1,126;1218,1,19;1326,1,113;1332,1,69;1040,1,127;1083,1,269;1251,1,77;1196,1,56;1184,1,364;1253,1,119;1204,1,197;1056,1,61;1030,1,167;1151,1,290;1060,1,76;1182,1,79;1161,1,304;1132,1,178;1041,1,78
1245,12,24:1049,4,1,12,156,197;1053,4,1,12,159,201;1207,3,28,60,90;1034,3,11,34,56;1142,2,105,135;1002,2,2,16;1136,1,18;1396,1,74;1171,1,51;1245,1,257;1033,1,38;1392,1,93
603,46,99:1002,6,3,17,48,55,69,111;1136,5,19,71,83,106,158;1049,5,2,13,133,157,198;1328,5,6,25,46,80,90;1053,5,2,13,136,160,202;1207,4,29,61,91,146;1034,4,12,35,57,80;1063,4,11,23,118,126;1296,4,2,15,33,109;1163,4,7,19,130,145;1142,3,106,136,148;1366,3,12,27,36;1274,3,9,21,32;1108,3,4,12,21;1140,2,63,187;1178,2,9,23;1006,2,6,26;1322,2,135,157;1050,2,25,95;1033,2,39,235;1308,2,84,104;1126,2,39,103;1271,2,68,267;1139,1,23;1094,1,189;1192,1,55;1261,1,49;1321,1,95;1342,1,77;1155,1,203;1306,1,91;1046,1,81;1156,1,379;1198,1,85;1184,1,56;1115,1,75;1116,1,41;1307,1,42;1171,1,52;1026,1,35;1254,1,80;1245,1,258;1038,1,82;1204,1,178;1130,1,57;1324,1,41
636,38,54:1142,4,35,56,73,94;1136,3,22,72,100;1315,3,59,173,186;1166,2,134,178;1091,2,168,218;1209,2,70,124;1149,2,50,56;1241,2,154,169;1369,2,95,164;1253,2,110,138;1213,2,148,150;1202,2,83,107;1152,1,42;1338,1,83;1135,1,92;1207,1,129;1249,1,78;1379,1,91;1169,1,88;1179,1,80;1305,1,53;1372,1,66;1080,1,96;1342,1,64;1081,1,127;1112,1,86;1322,1,200;1114,1,138;1208,1,260;1225,1,144;1214,1,89;1126,1,158;1361,1,74;1029,1,83;1030,1,294;1060,1,115;1130,1,33;1041,1,68
414,101,186:1157,8,8,32,58,97,116,128,204,238;1142,6,32,57,104,110,121,145;1315,6,4,18,33,118,246,259;1227,6,1,16,36,78,101,137;1228,6,1,15,34,76,121,148;1185,5,1,22,49,101,183;1136,4,27,53,102,120;1234,4,2,15,32,79;1037,4,3,29,145,185;1150,4,1,15,29,54;1028,4,2,12,34,272;1311,4,4,16,30,163;1237,3,21,84,104;1018,3,38,89,146;1081,3,5,21,37;1021,3,103,127,194;1202,3,30,134,173;1363,3,3,20,109;1183,3,3,23,64;1139,2,39,83;1143,2,23,89;1009,2,47,113;1273,2,39,69;1145,2,139,200;1190,2,173,223;1192,2,45,67;1321,2,5,18;1232,2,194,214;1063,2,132,170;1083,2,220,239;1159,2,192,234;1184,2,22,353;1187,2,9,24;1119,2,254,297;1050,2,67,80;1367,2,29,56;1128,2,54,226;1310,2,2,9;1335,2,230,268;1131,2,148,215;1173,2,66,199;1043,1,124;1144,1,68;1282,1,58;1303,1,279;1001,1,271;1005,1,36;1069,1,85;1325,1,63;1385,1,22;1246,1,124;1294,1,98;1216,1,159;1217,1,124;1305,1,236;1014,1,21;1035,1,86;1261,1,30;1211,1,82;1297,1,154;1108,1,93;1149,1,124;1045,1,216;1332,1,110;1306,1,107;1046,1,100;1022,1,49;1296,1,80;1369,1,147;1024,1,210;1116,1,197;1307,1,151;1395,1,21;1331,1,133;1327,1,219;1213,1,95;1333,1,121;1247,1,145;1214,1,112;1052,1,43;1245,1,30;1328,1,94;1269,1,27;1308,1,54;1124,1,145;1344,1,132;1125,1,250;1054,1,149;1055,1,100;1229,1,113;1204,1,243;1280,1,45;1065,1,192;1151,1,150;1345,1,127;1340,1,128;1129,1,132;1271,1,90;1087,1,309;1320,1,118;1133,1,96
354,46,97:1132,6,6,18,82,96,118,193;1136,4,29,38,117,129;1104,4,1,9,30,90;1038,4,1,15,62,91;1053,4,85,113,154,180;1142,3,41,67,169;1210,3,103,221,232;1291,3,17,40,66;1249,3,5,12,27;1011,3,66,129,236;1006,3,12,32,185;1369,3,7,16,29;1117,3,6,19,54;1252,3,106,146,192;1049,3,109,151,177;1236,3,1,11,74;1143,2,96,108;1068,2,104,121;1098,2,124,155;1073,2,53,145;1035,2,26,104;1077,2,121,131;1318,2,58,171;1232,2,165,210;1275,2,2,15;1205,2,152,255;1131,2,175,206;1041,2,3,15;1140,1,146;1074,1,70;1283,1,44;1034,1,147;1036,1,29;1297,1,172;1109,1,83;1149,1,99;1063,1,115;1110,1,113;1339,1,183;1332,1,57;1112,1,158;1268,1,119;1254,1,88;1229,1,199;1280,1,19;1183,1,192
161,65,151:1330,10,2,6,66,79,98,120,126,151,157,184;1192,9,40,159,170,186,193,248,351,419,427;1276,8,1,15,106,111,143,162,187,221;1046,6,27,51,135,142,169,173;1038,6,2,16,42,57,63,83;1091,4,43,96,204,215;1094,4,232,257,271,332;1035,4,27,88,105,133;1126,4,69,76,194,212;1183,4,98,132,160,211;1140,3,123,134,147;1142,3,42,68,170;1089,3,215,241,247;1380,3,40,86,98;1291,3,18,41,67;1074,3,49,53,101;1379,3,4,12,27;1049,3,110,152,178;1269,3,4,12,70;1053,3,114,155,181;1130,3,49,143,241;1136,2,30,130;1043,2,33,71;1288,2,73,81;1290,2,21,35;1272,2,30,70;1303,2,249,295;1283,2,41,45;1357,2,14,29;1232,2,166,211;1063,2,102,116;1322,2,86,111;1252,2,59,87;1163,2,243,354;1370,2,83,90;1066,2,13,35;1143,1,122;1144,1,31;1255,1,19;1281,1,44;1282,1,44;1289,1,52;1210,1,104;1073,1,47;1258,1,53;1036,1,30;1104,1,60;1321,1,100;1006,1,189;1110,1,134;1332,1,33;1221,1,70;1112,1,162;1197,1,149;1117,1,49;1199,1,30;1047,1,23;1367,1,40;1172,1,98;1247,1,132;1033,1,37;1231,1,133;1202,1,155;1087,1,94;1132,1,30
1007,17,20:1001,2,22,52;1266,2,117,140;1229,2,23,47;1136,1,32;1289,1,27;1272,1,100;1009,1,95;1318,1,63;1208,1,101;1212,1,48;1157,1,215;1134,1,186;1205,1,241;1127,1,56;1185,1,207;1056,1,124;1030,1,210
1094,7,13:1291,4,23,46,72,76;1136,3,33,36,133;1256,2,86,97;1281,1,36;1282,1,50;1289,1,55;1283,1,53
1432,4,4:1136,1,35;1281,1,35;1256,1,85;1134,1,75
338,18,26:1231,4,11,15,26,30;1205,3,12,39,74;1308,2,30,50;1055,2,88,198;1056,2,22,45;1136,1,42;1009,1,97;1135,1,113;1073,1,67;1059,1,86;1109,1,63;1063,1,179;1137,1,101;1048,1,118;1049,1,114;1134,1,189;1050,1,90;1033,1,100
1119,22,33:1291,4,22,45,71,75;1134,4,73,76,126,129;1136,2,43,138;1035,2,82,91;1104,2,65,100;1021,2,69,72;1030,2,110,113;1142,1,53;1143,1,101;1144,1,34;1210,1,100;1068,1,58;1073,1,154;1074,1,95;1260,1,173;1192,1,118;1062,1,228;1006,1,88;1262,1,124;1049,1,63;1053,1,63;1226,1,139
3828,5,7:1136,2,44,139;1292,2,32,44;1143,1,116;1072,1,102;1146,1,56
212,19,26:1077,4,21,46,74,141;1136,2,45,140;1143,2,103,115;1156,2,322,357;1121,2,185,224;1089,1,190;1166,1,197;1070,1,298;1072,1,103;1145,1,96;1192,1,120;1080,1,115;1084,1,159;1118,1,146;1199,1,177;1049,1,65;1033,1,116;1008,1,108;1057,1,73
1058,17,24:1391,3,6,13,44;1088,3,5,28,131;1136,2,46,141;1253,2,122,127;1161,2,308,323;1143,1,104;1210,1,462;1257,1,195;1072,1,104;1215,1,123;1080,1,157;1082,1,133;1241,1,91;1329,1,59;1039,1,117;1231,1,151;1186,1,132
213,14,17:1136,2,47,142;1289,2,18,22;1039,2,53,116;1043,1,41;1143,1,105;1073,1,68;1058,1,84;1054,1,48;1055,1,58;1056,1,56;1030,1,75;1031,1,41;1057,1,41;1320,1,40
1187,5,6:1136,2,48,143;1143,1,106;1165,1,252;1315,1,121;1041,1,26
23,203,323:1098,6,11,86,108,159,184,211;1262,5,63,73,100,137,185;1134,5,191,211,223,238,286;1089,4,134,161,193,203;1341,4,17,34,42,74;1078,4,160,204,214,243;1184,4,132,176,195,369;1033,4,331,396,402,430;1229,4,126,141,173,191;1337,3,30,66,77;1207,3,7,39,94;1273,3,37,60,73;1061,3,111,137,158;1011,3,25,271,303;1099,3,63,107,121;1305,3,73,117,205;1316,3,2,12,88;999,3,42,97,124;1211,3,61,109,195;1321,3,64,141,153;1195,3,92,143,174;1196,3,145,262,282;1049,3,55,95,222;1157,3,137,181,255;1213,3,108,160,255;1053,3,55,99,227;1185,3,121,216,229;1384,3,22,37,51;1065,3,142,184,203;1286,3,45,54,62;1300,3,55,75,89;1141,2,19,32;1281,2,14,106;1176,2,84,97;1210,2,156,170;1244,2,41,117;1090,2,96,262;1135,2,142,152;1001,2,205,278;1093,2,60,114;1069,2,75,80;1325,2,99,107;1095,2,78,87;1190,2,119,208;1215,2,54,88;1154,2,108,170;1101,2,49,145;1284,2,104,115;1293,2,133,149;1260,2,71,231;1076,2,130,288;1102,2,56,97;1035,2,50,170;1104,2,18,55;1017,2,20,82;1080,2,68,143;1285,2,28,49;1297,2,157,209;1237,2,79,137;1112,2,88,195;1233,2,153,230;1234,2,61,87;1024,2,187,255;1208,2,111,129;1223,2,88,143;1171,2,90,205;1235,2,34,167;1037,2,168,207;1172,2,181,195;1125,2,51,106;1028,2,235,257;1056,2,128,170;1029,2,75,104;1202,2,53,127;1324,2,67,108;1271,2,184,217;1136,1,50;1138,1,112;1139,1,84;1174,1,60;1175,1,56;1396,1,82;1147,1,143;1255,1,14;1282,1,65;1152,1,129;1256,1,170;1272,1,173;1165,1,129;1354,1,75;1248,1,98;1338,1,33;1091,1,179;1301,1,178;1303,1,131;1009,1,60;1177,1,22;1168,1,87;1162,1,81;1096,1,67;1070,1,187;1010,1,70;1249,1,41;1074,1,35;1283,1,75;1012,1,157;1258,1,116;1246,1,148;1169,1,70;1294,1,124;1179,1,105;1075,1,113;1313,1,111;1191,1,74;1356,1,85;1372,1,51;1103,1,35;1015,1,142;1036,1,66;1077,1,86;1079,1,58;1062,1,41;1317,1,50;1381,1,84;1368,1,152;1107,1,19;1357,1,98;1218,1,204;1209,1,74;1342,1,112;1081,1,99;1082,1,60;1318,1,263;1232,1,263;1063,1,89;1295,1,162;1241,1,284;1155,1,192;1194,1,96;1339,1,273;1332,1,100;1263,1,146;1111,1,19;1083,1,148;1322,1,116;1222,1,67;1021,1,188;1046,1,95;1022,1,29;1251,1,89;1265,1,111;1296,1,93;1114,1,126;1197,1,114;1159,1,147;1023,1,98;1156,1,415;1084,1,107;1115,1,37;1307,1,117;1252,1,98;1187,1,127;1199,1,150;1395,1,47;1048,1,47;1331,1,137;1200,1,94;1002,1,103;1026,1,113;1050,1,35;1051,1,28;1360,1,43;1239,1,163;1027,1,113;1205,1,143;1245,1,142;1269,1,63;1308,1,110;1085,1,143;1160,1,133;1064,1,73;1226,1,100;1150,1,52;1126,1,226;1280,1,72;1031,1,89;1039,1,81;1151,1,159;1186,1,112;1066,1,82;1277,1,132;1319,1,29;1130,1,113;1182,1,87;1087,1,276;1335,1,223;1363,1,127;1311,1,165;1203,1,131;1161,1,275;1236,1,88;1041,1,42;1173,1,176
469,65,79:1256,3,46,69,112;1160,3,15,33,39;1055,3,14,28,40;1303,2,116,147;1100,2,18,56;1149,2,93,96;1220,2,36,86;1323,2,70,126;1085,2,53,78;1344,2,54,109;1054,2,73,88;1136,1,58;1175,1,34;1365,1,110;1165,1,209;1380,1,51;1354,1,80;1188,1,47;1325,1,91;1391,1,62;1273,1,51;1389,1,37;1386,1,79;1341,1,40;1072,1,130;1099,1,178;1294,1,107;1285,1,33;1274,1,62;1297,1,37;1218,1,114;1108,1,49;1343,1,61;1063,1,96;1006,1,149;1112,1,118;1233,1,209;1196,1,132;1369,1,63;1184,1,203;1199,1,100;1163,1,230;1327,1,250;1157,1,226;1051,1,93;1247,1,67;1027,1,102;1214,1,162;1308,1,115;1226,1,108;1201,1,49;1228,1,80;1361,1,97;1128,1,81;1204,1,20;1231,1,155;1310,1,129;1324,1,61;1362,1,69;1131,1,62;1270,1,85;1311,1,48;1300,1,70;1336,1,67;1133,1,114
60,48,61:1184,5,74,92,193,241,279;1356,3,2,24,46;1179,2,70,90;1022,2,28,126;1240,2,2,15;1125,2,101,120;1151,2,112,250;1345,2,46,107;1183,2,55,134;1136,1,60;1281,1,98;1152,1,124;1382,1,85;1244,1,88;1387,1,83;1337,1,38;1093,1,127;1168,1,53;1005,1,130;1386,1,63;1376,1,38;1294,1,60;1216,1,188;1313,1,65;1217,1,71;1279,1,26;1314,1,93;1149,1,132;1358,1,71;1241,1,111;1006,1,238;1019,1,131;1264,1,142;1021,1,81;1196,1,121;1369,1,61;1198,1,105;1307,1,41;1247,1,81;1214,1,161;1007,1,78;1245,1,114;1033,1,334;1361,1,24;1204,1,18;1088,1,124;1270,1,107;1364,1,82
1097,16,18:1015,2,149,157;1184,2,294,309;1136,1,61;1005,1,96;1389,1,41;1386,1,92;1209,1,86;1018,1,79;1332,1,131;1156,1,348;1208,1,93;1223,1,112;1120,1,82;1122,1,129;1039,1,78;1335,1,171
379,24,36:1349,5,123,134,147,179,194;1063,3,105,192,223;1252,3,4,22,43;1368,2,146,227;1018,2,1,13;1322,2,195,226;1032,2,193,307;1136,1,62;1010,1,151;1284,1,96;1313,1,67;1217,1,107;1192,1,155;1109,1,131;1221,1,63;1023,1,53;1184,1,276;1266,1,205;1172,1,219;1240,1,79;1028,1,107;1151,1,116;1087,1,149;1203,1,165
99,16,19:1218,2,186,191;1116,2,160,174;1370,2,68,128;1136,1,64;1091,1,137;1192,1,313;1193,1,81;1114,1,73;1266,1,136;1163,1,146;1327,1,39;1033,1,642;1126,1,162;1204,1,202;1340,1,85;1364,1,101
580,59,67:1200,3,9,20,54;1165,2,131,216;1302,2,27,47;1305,2,63,203;1275,2,11,24;1187,2,37,79;1008,2,44,134;1136,1,66;1288,1,143;1396,1,70;1255,1,66;1281,1,102;1152,1,173;1256,1,74;1176,1,28;1244,1,29;1153,1,40;1248,1,82;1312,1,60;1168,1,41;1094,1,112;1304,1,48;1386,1,90;1215,1,141;1246,1,30;1101,1,177;1294,1,47;1260,1,248;1371,1,90;1015,1,111;1321,1,133;1081,1,84;1358,1,115;1195,1,46;1220,1,124;1339,1,167;1083,1,155;1022,1,20;1196,1,85;1238,1,62;1156,1,95;1024,1,199;1208,1,53;1223,1,155;1359,1,104;1048,1,38;1333,1,168;1247,1,48;1214,1,65;1205,1,146;1128,1,51;1186,1,141;1202,1,169;1277,1,108;1362,1,53;1335,1,90;1161,1,300;1132,1,190;1236,1,59
1178,9,16:1207,4,6,38,96,137;1328,3,1,20,39;1136,2,69,159;1362,2,30,62;1244,1,50;1063,1,162;1222,1,69;1118,1,61;1242,1,52
1045,6,10:1136,4,70,82,105,157;1178,2,8,22;1142,1,147;1308,1,103;1123,1,34;1126,1,102
524,12,14:1349,2,60,170;1315,2,164,169;1136,1,79;1281,1,81;1152,1,80;1365,1,99;1165,1,253;1021,1,189;1046,1,177;1397,1,34;1031,1,118;1039,1,121
406,16,28:1219,7,15,30,62,66,272,302,371;1349,2,50,107;1284,2,123,129;1209,2,79,106;1020,2,128,260;1315,2,148,167;1319,2,143,181;1136,1,84;1347,1,63;1303,1,99;1094,1,263;1343,1,49;1232,1,139;1323,1,74;1367,1,68;1126,1,104
85,35,42:1330,6,12,63,102,117,133,148;1222,2,113,116;1171,2,54,212;1136,1,86;1353,1,31;1153,1,77;1095,1,96;1096,1,76;1071,1,26;1257,1,124;1011,1,309;1145,1,110;1190,1,39;1284,1,105;1075,1,107;1103,1,31;999,1,87;1058,1,193;1295,1,87;1219,1,242;1196,1,116;1296,1,115;1315,1,97;1121,1,91;1254,1,120;1247,1,83;1205,1,120;1122,1,215;1245,1,26;1309,1,95;1003,1,91;1286,1,69;1319,1,146;1130,1,173;1364,1,119
69,71,117:1199,5,6,17,29,122,146;1192,4,7,19,172,384;1035,4,21,79,103,132;1092,3,10,23,48;1073,3,10,22,46;1034,3,9,32,54;1000,3,16,34,58;1332,3,7,16,82;1322,3,137,143,220;1163,3,5,17,220;1269,3,3,11,69;1308,3,7,17,31;1288,2,80,114;1009,2,13,28;1189,2,48,107;1355,2,4,10;1206,2,110,207;1378,2,10,29;1279,2,8,18;1036,2,25,28;1318,2,40,139;1110,2,124,200;1046,2,26,28;1024,2,11,25;1208,2,1,6;1027,2,8,17;1033,2,36,533;1127,2,79,123;1032,2,5,16;1203,2,44,99;1136,1,88;1287,1,89;1281,1,43;1350,1,32;1380,1,150;1166,1,39;1162,1,97;1005,1,64;1096,1,83;1386,1,22;1257,1,198;1283,1,40;1011,1,323;1215,1,37;1260,1,165;1076,1,262;1104,1,62;1274,1,36;1241,1,41;1040,1,109;1233,1,250;1083,1,267;1021,1,223;1156,1,229;1184,1,160;1307,1,32;1359,1,57;1224,1,157;1047,1,22;1235,1,56;1200,1,37;1254,1,87;1051,1,123;1360,1,36;1172,1,246;1158,1,220;1185,1,210;1204,1,222;1056,1,74;1202,1,187;1182,1,112
151,69,90:1192,4,219,249,286,438;1156,4,130,143,386,406;1218,3,21,42,175;1033,3,395,504,527;1396,2,35,63;1210,2,157,512;1010,2,248,283;1313,2,37,91;999,2,138,165;1194,2,78,124;1159,2,134,227;1160,2,177,218;1226,2,40,157;1345,2,55,121;1032,2,220,308;1136,1,90;1138,1,80;1142,1,102;1288,1,60;1089,1,148;1290,1,54;1272,1,135;1244,1,84;1350,1,49;1380,1,91;1338,1,109;1188,1,28;1093,1,56;1162,1,86;1094,1,93;1325,1,61;1095,1,94;1385,1,56;1257,1,69;1098,1,32;1011,1,285;1215,1,107;1101,1,123;1356,1,69;1217,1,163;1297,1,107;1149,1,122;1232,1,52;1195,1,147;1114,1,46;1197,1,189;1024,1,143;1184,1,110;1117,1,59;1163,1,37;1119,1,29;1397,1,29;1026,1,93;1037,1,216;1007,1,65;1205,1,155;1242,1,87;1158,1,214;1008,1,131;1309,1,111;1126,1,95;1361,1,106;1028,1,252;1128,1,120;1204,1,226;1151,1,47;1286,1,78;1060,1,220;1132,1,91
302,21,24:1076,2,175,211;1368,2,30,72;1339,2,161,264;1136,1,91;1174,1,31;1148,1,79;1165,1,118;1145,1,124;1000,1,96;1078,1,133;1155,1,150;1110,1,162;1195,1,84;1083,1,121;1224,1,144;1254,1,92;1033,1,54;1056,1,189;1231,1,215;1340,1,88;1088,1,70
345,32,40:1125,5,84,99,124,175,242;1152,3,102,117,158;1210,3,74,118,458;1136,1,93;1043,1,131;1272,1,127;1090,1,325;1012,1,146;1034,1,135;1330,1,59;1015,1,219;1035,1,25;1274,1,83;1218,1,141;1318,1,77;1322,1,140;1196,1,151;1184,1,139;1115,1,66;1208,1,211;1199,1,258;1395,1,39;1327,1,133;1050,1,53;1247,1,149;1052,1,41;1205,1,204;1201,1,98;1280,1,39;1277,1,63;1319,1,98;1236,1,115
364,21,26:1067,2,58,281;1249,2,40,68;1293,2,113,207;1114,2,132,171;1156,2,270,311;1136,1,94;1255,1,89;1210,1,503;1166,1,213;1011,1,292;1215,1,155;1099,1,69;1079,1,137;1106,1,93;1110,1,171;1159,1,79;1198,1,69;1116,1,169;1050,1,140;1286,1,80;1129,1,56
1146,12,16:1090,3,268,297,320;1043,2,113,132;1335,2,159,174;1136,1,95;1244,1,115;1391,1,75;1283,1,78;1390,1,77;1331,1,91;1242,1,98;1028,1,254;1270,1,102
153,42,47:1094,2,39,63;1081,2,97,103;1247,2,167,177;1151,2,123,306;1311,2,31,125;1136,1,108;1142,1,120;1152,1,192;1148,1,97;1090,1,410;1207,1,156;1071,1,72;1389,1,52;1190,1,245;1179,1,101;1356,1,89;1260,1,75;1366,1,106;1106,1,104;1211,1,198;1274,1,149;1297,1,156;1342,1,81;1241,1,279;1326,1,119;1197,1,209;1116,1,196;1333,1,141;1123,1,45;1038,1,50;1158,1,131;1299,1,88;1344,1,157;1128,1,275;1340,1,143;1060,1,206;1310,1,142;1129,1,131;1324,1,129;1086,1,110;1270,1,108;1392,1,132
22,77,172:1032,13,8,19,30,72,95,123,169,182,189,210,219,244,257;1213,10,7,18,37,91,134,153,193,220,252,275;1055,10,77,82,110,116,136,168,177,190,197,225;1322,6,151,206,218,233,238,259;1229,6,7,21,31,45,63,107;1018,5,5,17,41,92,144;1054,5,76,80,142,176,207;1369,4,72,97,112,150;1037,4,97,102,134,230;1065,4,126,134,220,230;1130,4,36,50,144,242;1067,3,148,164,171;1378,3,13,32,62;1084,3,64,136,152;1134,3,132,198,275;1205,3,91,98,104;1085,3,8,19,37;1204,3,90,167,225;1056,3,78,121,226;1136,2,110,164;1287,2,109,136;1152,2,86,110;1210,2,32,216;1217,2,128,146;1232,2,167,212;1262,2,119,193;1040,2,52,198;1157,2,191,199;1308,2,44,133;1008,2,141,155;1124,2,75,151;1227,2,44,47;1228,2,42,45;1003,2,73,179;1127,2,82,128;1185,2,195,197;1030,2,171,266;1151,2,284,295;1140,1,99;1281,1,26;1162,1,101;1207,1,128;1061,1,135;1074,1,46;1012,1,114;1169,1,86;1260,1,88;1279,1,39;1106,1,102;1080,1,72;1211,1,99;1209,1,46;1314,1,43;1318,1,46;1219,1,597;1241,1,43;1332,1,65;1137,1,93;1046,1,151;1022,1,59;1114,1,271;1187,1,124;1048,1,63;1050,1,171;1051,1,87;1172,1,150;1344,1,91;1126,1,141;1361,1,87;1230,1,79;1280,1,64;1029,1,127;1060,1,96;1319,1,42;1087,1,95;1335,1,63;1133,1,106
20,67,105:1094,7,190,192,207,247,310,328,336;1303,5,11,25,46,50,128;1077,4,25,50,77,127;1030,4,103,168,286,309;1258,3,65,91,132;999,3,10,28,63;1083,3,16,32,270;1252,3,18,36,57;1065,3,139,225,235;1151,3,77,166,291;1277,3,70,81,222;1034,2,120,136;1369,2,105,118;1184,2,50,365;1359,2,15,31;1200,2,77,107;1134,2,59,139;1202,2,97,148;1087,2,93,213;1136,1,114;1273,1,53;1070,1,132;1097,1,80;1249,1,58;1074,1,52;1178,1,70;1145,1,91;1330,1,166;1211,1,210;1274,1,39;1321,1,123;1109,1,36;1063,1,46;1295,1,62;1006,1,47;1339,1,157;1326,1,114;1233,1,243;1113,1,40;1251,1,53;1196,1,57;1208,1,246;1266,1,50;1323,1,42;1224,1,152;1267,1,42;1253,1,120;1235,1,67;1225,1,61;1026,1,41;1157,1,79;1239,1,147;1027,1,80;1240,1,70;1128,1,87;1204,1,198;1056,1,62;1039,1,103;1060,1,77;1129,1,160;1319,1,62;1335,1,76;1320,1,58;1311,1,66;1203,1,170;1132,1,179;1041,1,79
1443,8,11:1144,2,23,66;1328,2,86,114;1204,2,43,233;1136,1,123;1142,1,19;1198,1,80;1269,1,26;1126,1,22
472,32,44:1063,4,127,153,164,252;1143,3,19,119,140;1328,3,7,26,47;1256,2,108,140;1380,2,90,101;1047,2,31,42;1007,2,15,34;1361,2,5,16;1136,1,124;1142,1,20;1144,1,24;1152,1,36;1290,1,37;1278,1,69;1248,1,71;1068,1,143;1094,1,143;1249,1,70;1376,1,49;1216,1,205;1219,1,165;1199,1,194;1121,1,148;1025,1,42;1367,1,21;1160,1,169;1126,1,23;1028,1,146;1128,1,58;1375,1,39;1362,1,35;1183,1,66
2320,3,3:1136,1,132;1145,1,231;1219,1,426
239,19,22:1145,2,23,47;1125,2,69,153;1030,2,212,221;1136,1,137;1142,1,45;1301,1,173;1005,1,143;1069,1,61;1283,1,84;1216,1,72;1305,1,139;1034,1,141;1016,1,98;1046,1,138;1252,1,80;1199,1,275;1253,1,47;1033,1,588;1055,1,78
50,93,124:1114,4,154,161,191,322;1001,3,245,261,351;1069,3,129,171,222;1163,3,251,328,341;1087,3,177,220,254;1173,3,85,90,189;1165,2,183,236;1005,2,82,161;1070,2,240,320;1012,2,63,150;1190,2,65,242;1192,2,79,196;1014,2,104,137;1368,2,77,289;1107,2,71,97;1222,2,111,120;1021,2,163,228;1084,2,70,168;1184,2,171,383;1119,2,68,96;1200,2,137,162;1027,2,171,189;1186,2,66,156;1335,2,233,265;1136,1,145;1255,1,83;1089,1,180;1272,1,192;1243,1,64;1337,1,68;1353,1,70;1278,1,156;1135,1,184;1094,1,317;1095,1,151;1386,1,53;1145,1,100;1206,1,131;1170,1,66;1259,1,82;1191,1,71;1076,1,243;999,1,80;1058,1,146;1035,1,141;1062,1,112;1146,1,116;1106,1,140;1357,1,76;1109,1,121;1318,1,219;1343,1,111;1232,1,272;1063,1,77;1006,1,220;1194,1,31;1045,1,187;1332,1,21;1263,1,176;1112,1,188;1322,1,208;1196,1,196;1369,1,69;1238,1,88;1198,1,157;1115,1,54;1118,1,122;1315,1,202;1171,1,154;1224,1,65;1397,1,98;1298,1,58;1121,1,132;1025,1,70;1213,1,212;1242,1,37;1033,1,353;1008,1,300;1201,1,149;1299,1,151;1344,1,161;1126,1,199;1054,1,125;1055,1,131;1128,1,211;1231,1,177;1060,1,159;1310,1,114;1130,1,94;1131,1,80;1363,1,124;1088,1,143;1300,1,80
111,110,167:1271,5,2,14,77,127,144;1090,4,132,164,209,392;1301,3,49,62,98;1325,3,2,22,43;1073,3,57,152,166;1250,3,8,16,42;1274,3,1,13,73;1297,3,2,10,21;1022,3,22,128,176;1184,3,23,144,214;1266,3,62,72,79;1134,3,149,168,188;1201,3,111,140,154;1310,3,1,8,96;1396,2,55,61;1089,2,31,118;1210,2,167,290;1094,2,108,375;1005,2,23,73;1145,2,134,230;1215,2,117,130;1246,2,100,120;1371,2,34,49;1218,2,91,145;1040,2,216,225;1233,2,42,111;1369,2,3,12;1024,2,39,79;1199,2,94,112;1048,2,8,86;1049,2,113,207;1205,2,128,196;1122,2,106,200;1053,2,117,212;1226,2,111,171;1003,2,78,162;1127,2,64,87;1128,2,205,260;1204,2,1,9;1277,2,49,209;1136,1,148;1142,1,154;1346,1,45;1244,1,122;1380,1,161;1153,1,61;1338,1,22;1312,1,12;1303,1,158;1068,1,56;1001,1,368;1168,1,54;1388,1,36;1391,1,18;1070,1,120;1386,1,96;1044,1,209;1074,1,93;1012,1,83;1190,1,25;1179,1,135;1260,1,280;1217,1,75;1305,1,163;1390,1,52;1015,1,71;1146,1,94;1317,1,100;1237,1,112;1321,1,140;1209,1,20;1108,1,119;1232,1,117;1063,1,248;1295,1,127;1306,1,34;1137,1,94;1234,1,73;1196,1,83;1114,1,204;1223,1,70;1224,1,161;1119,1,70;1327,1,138;1235,1,187;1157,1,172;1051,1,11;1027,1,194;1245,1,164;1033,1,185;1085,1,71;1160,1,66;1299,1,168;1309,1,156;1125,1,160;1054,1,101;1056,1,155;1030,1,108;1065,1,164;1151,1,89;1202,1,26;1375,1,26;1324,1,64;1057,1,76;1131,1,74;1363,1,50;1320,1,89;1161,1,226;1132,1,60;1236,1,56
3011,9,10:1068,2,16,33;1136,1,149;1210,1,394;1045,1,78;1040,1,221;1116,1,201;1008,1,107;1030,1,127;1336,1,72
1150,27,54:1219,11,343,354,406,417,427,486,501,518,544,559,571;1229,5,151,167,203,213,228;1011,4,64,247,254,264;1043,3,109,122,146;1063,3,208,218,234;1054,3,103,106,110;1135,2,166,188;1044,2,127,166;1206,2,169,175;1039,2,129,146;1136,1,150;1001,1,370;1283,1,85;1145,1,232;1078,1,193;1106,1,136;1318,1,129;1263,1,174;1040,1,233;1137,1,102;1021,1,202;1238,1,154;1309,1,144;1126,1,112;1055,1,185;1128,1,232;1231,1,214
326,16,18:1080,2,120,148;1046,2,116,143;1136,1,151;1001,1,156;1070,1,253;1098,1,98;1076,1,217;1192,1,322;1015,1,171;1077,1,105;1018,1,98;1045,1,190;1083,1,115;1085,1,205;1231,1,180;1151,1,208
10,87,113:1001,4,189,196,285,363;1325,3,5,25,96;1356,3,8,30,71;1264,3,1,12,41;1125,3,20,130,202;1054,3,3,22,54;1345,3,57,73,111;1148,2,20,46;1135,2,5,25;1010,2,45,177;1016,2,55,200;1062,2,4,24;1211,2,60,133;1233,2,100,180;1315,2,49,110;1171,2,58,202;1163,2,85,150;1276,2,141,186;1136,1,154;1138,1,42;1142,1,132;1288,1,16;1281,1,128;1152,1,200;1243,1,24;1067,1,96;1380,1,69;1090,1,185;1278,1,14;1068,1,61;1093,1,18;1379,1,39;1178,1,78;1100,1,15;1169,1,99;1259,1,36;1179,1,40;1260,1,125;1076,1,43;1192,1,157;1316,1,24;1014,1,99;1000,1,42;1077,1,94;1059,1,57;1078,1,129;1343,1,41;1232,1,113;1020,1,49;1263,1,136;1040,1,105;1083,1,44;1113,1,90;1196,1,118;1114,1,102;1084,1,130;1266,1,171;1323,1,44;1307,1,83;1118,1,115;1187,1,50;1199,1,240;1395,1,45;1267,1,62;1049,1,86;1397,1,52;1200,1,74;1213,1,270;1374,1,50;1247,1,71;1053,1,90;1160,1,165;1344,1,75;1150,1,101;1126,1,31;1128,1,244;1056,1,68;1370,1,70;1340,1,67;1271,1,54;1057,1,36;1131,1,184;1320,1,44;1183,1,139;1311,1,138;1203,1,220;1132,1,28
57,16,18:1208,2,223,240;1130,2,105,179;1136,1,162;1207,1,126;1258,1,88;1260,1,25;1279,1,37;1211,1,101;1218,1,160;1081,1,96;1082,1,124;1295,1,165;1322,1,153;1171,1,160;1126,1,143;1003,1,75
221,1,3:1043,3,20,86,100
242,22,30:1315,3,178,208,217;1213,3,145,215,249;1165,2,98,106;1192,2,349,392;1000,2,11,29;1121,2,135,145;1043,1,25;1365,1,41;1302,1,36;1068,1,137;1325,1,85;1178,1,90;1100,1,51;1035,1,106;1106,1,32;1232,1,250;1326,1,45;1265,1,79;1116,1,220;1214,1,118;1182,1,85;1133,1,90
293,20,30:1006,3,50,57,207;1028,3,115,182,195;1011,2,132,146;1157,2,157,162;1008,2,318,341;1128,2,157,220;1229,2,194,220;1231,2,145,174;1043,1,28;1256,1,50;1303,1,239;1044,1,169;1034,1,137;1221,1,89;1307,1,123;1252,1,58;1315,1,112;1212,1,27;1214,1,115;1230,1,55
178,38,46:1125,3,47,171,198;1243,2,39,79;1001,2,25,55;1070,2,27,70;1201,2,97,159;1055,2,86,191;1029,2,52,54;1043,1,40;1176,1,87;1067,1,54;1210,1,255;1090,1,239;1301,1,99;1135,1,165;1094,1,286;1005,1,69;1071,1,47;1291,1,70;1283,1,48;1011,1,87;1313,1,47;1017,1,45;1383,1,28;1109,1,61;1252,1,129;1360,1,24;1172,1,222;1247,1,189;1085,1,166;1008,1,153;1309,1,143;1126,1,206;1128,1,229;1030,1,219;1340,1,90;1186,1,117;1271,1,137;1336,1,87
1347,11,18:1037,3,23,49,65;1031,3,9,19,39;1039,3,14,31,51;1030,2,73,87;1043,1,46;1061,1,107;1044,1,87;1003,1,205;1054,1,49;1055,1,59;1056,1,54
370,18,27:1381,3,7,15,21;1056,3,13,36,86;1072,2,12,30;1010,2,80,107;1379,2,51,62;1355,2,2,8;1033,2,445,651;1043,1,47;1188,1,129;1135,1,50;1068,1,40;1294,1,163;1036,1,63;1261,1,72;1017,1,102;1225,1,150;1037,1,155;1334,1,35
1074,30,34:1368,2,190,285;1110,2,132,147;1033,2,86,118;1060,2,59,143;1043,1,49;1091,1,65;1001,1,356;1069,1,212;1010,1,286;1305,1,138;1015,1,103;1000,1,74;1297,1,101;1063,1,206;1006,1,276;1264,1,66;1296,1,53;1238,1,151;1156,1,162;1024,1,262;1208,1,168;1171,1,180;1224,1,108;1119,1,265;1333,1,185;1122,1,42;1299,1,27;1309,1,142;1128,1,228;1236,1,43
1115,1,1:1043,1,51
683,15,16:1332,2,80,132;1043,1,55;1001,1,248;1095,1,91;1096,1,77;1011,1,295;1293,1,75;1076,1,269;1106,1,151;1195,1,72;1159,1,216;1187,1,55;1235,1,85;1245,1,231;1344,1,165
67,64,89:1195,4,5,12,35,73;1161,4,4,27,61,168;1352,3,2,10,18;1001,3,221,334,354;1094,3,51,138,151;1359,3,10,26,37;1129,3,18,37,72;1255,2,76,91;1387,2,32,142;1005,2,42,47;1076,2,248,271;1192,2,215,238;1112,2,49,80;1122,2,37,218;1158,2,47,227;1370,2,82,86;1043,1,57;1174,1,78;1147,1,91;1148,1,63;1349,1,188;1210,1,30;1350,1,79;1337,1,63;1090,1,402;1166,1,66;1069,1,190;1070,1,279;1215,1,68;1169,1,116;1170,1,12;1373,1,69;1305,1,28;999,1,173;1015,1,56;1079,1,114;1062,1,46;1146,1,190;1106,1,67;1211,1,147;1193,1,110;1209,1,126;1109,1,135;1318,1,128;1006,1,241;1194,1,17;1040,1,171;1111,1,125;1306,1,105;1265,1,45;1156,1,59;1115,1,27;1266,1,59;1323,1,115;1223,1,61;1048,1,39;1205,1,280;1033,1,88;1085,1,97;1008,1,335;1344,1,164;1086,1,57;1087,1,304;1335,1,280
323,12,14:1342,2,56,67;1195,2,36,74;1043,1,58;1091,1,227;1011,1,106;1111,1,138;1116,1,170;1037,1,160;1172,1,294;1361,1,80;1384,1,96;1065,1,239
976,10,11:1018,2,2,14;1043,1,64;1165,1,76;1210,1,513;1110,1,129;1049,1,194;1053,1,198;1054,1,155;1277,1,171;1087,1,291
4410,1,1:1043,1,77
1155,19,29:1040,5,46,54,95,148,193;1205,3,18,45,61;1099,2,161,169;1078,2,200,213;1219,2,288,471;1220,2,44,65;1043,1,78;1210,1,137;1341,1,55;1260,1,150;1217,1,180;1058,1,152;1062,1,144;1108,1,51;1232,1,176;1134,1,83;1126,1,60;1030,1,122;1057,1,29
479,13,13:1043,1,82;1380,1,171;1381,1,29;1339,1,48;1040,1,240;1208,1,122;1116,1,53;1121,1,87;1245,1,74;1033,1,549;1202,1,167;1375,1,78;1271,1,253
324,12,13:1291,2,1,24;1043,1,87;1210,1,261;1258,1,124;1261,1,90;1193,1,131;1045,1,233;1208,1,89;1235,1,195;1050,1,101;1239,1,159;1160,1,81
695,50,112:1067,7,43,47,133,146,173,179,290;1013,7,3,10,14,21,26,44,53;1015,7,5,17,32,43,84,236,243;1196,6,176,188,194,215,286,303;1330,5,78,97,125,156,188;1000,4,8,26,70,93;1332,4,9,18,84,136;1265,4,10,20,40,69;1163,4,58,226,242,353;1183,4,78,131,159,210;1274,3,44,87,91;1322,3,110,130,201;1158,3,77,99,268;1087,3,25,51,90;1043,2,89,134;1350,2,66,84;1166,2,5,22;1284,2,7,19;1217,2,4,14;1232,2,163,208;1063,2,87,101;1323,2,36,105;1171,2,26,196;1124,2,97,105;1186,2,78,165;1066,2,12,34;1349,1,16;1244,1,34;1337,1,24;1074,1,48;1294,1,30;1366,1,80;999,1,53;1058,1,72;1314,1,70;1306,1,68;1112,1,112;1251,1,21;1197,1,164;1115,1,25;1252,1,85;1315,1,151;1121,1,57;1235,1,186;1026,1,49;1037,1,125;1033,1,440;1031,1,142;1202,1,87;1131,1,101
901,20,35:1276,5,8,22,31,128,220;1128,5,20,40,106,128,201;1038,3,12,26,31;1043,2,93,138;1076,2,148,198;1014,2,92,102;1082,2,90,121;1205,2,153,256;1301,1,91;1069,1,197;1246,1,64;1146,1,114;1194,1,83;1233,1,144;1197,1,80;1119,1,181;1327,1,166;1375,1,63;1087,1,214;1311,1,154
297,5,12:1070,5,4,38,47,81,161;1043,3,94,128,139;1318,2,101,106;1145,1,154;1110,1,86
38,51,63:1087,4,115,154,230,278;1098,3,111,173,221;1011,3,103,162,230;1010,2,185,211;1205,2,115,148;1065,2,147,198;1186,2,90,113;1319,2,86,134;1043,1,96;1139,1,85;1141,1,23;1144,1,48;1281,1,65;1152,1,140;1256,1,173;1176,1,101;1092,1,34;1273,1,82;1304,1,60;1099,1,67;1398,1,48;1376,1,82;1191,1,83;1260,1,61;1015,1,146;1078,1,164;1018,1,74;1109,1,133;1219,1,240;1241,1,213;1339,1,187;1326,1,83;1019,1,72;1045,1,232;1022,1,103;1234,1,88;1184,1,89;1208,1,130;1395,1,48;1163,1,185;1121,1,179;1200,1,95;1242,1,83;1276,1,156;1160,1,135;1054,1,200;1029,1,116;1031,1,90;1039,1,82;1129,1,136;1041,1,43
1091,6,6:1043,1,103;1371,1,102;1322,1,113;1230,1,64;1060,1,66;1088,1,133
728,25,30:1008,3,151,162,178;1043,2,105,119;1135,2,126,163;1040,2,154,182;1147,1,151;1001,1,249;1070,1,243;1260,1,147;1076,1,281;1035,1,144;1079,1,111;1080,1,112;1262,1,183;1118,1,119;1252,1,186;1223,1,170;1049,1,166;1025,1,121;1053,1,169;1085,1,189;1126,1,57;1055,1,148;1229,1,164;1039,1,126;1203,1,162
1872,2,2:1043,1,108;1018,1,100
1241,9,20:1219,5,127,388,430,565,578;1395,5,6,13,32,41,57;1084,3,11,22,84;1023,2,32,34;1043,1,111;1114,1,114;1048,1,60;1026,1,105;1242,1,29
173,81,94:1089,2,89,221;1001,2,209,333;1145,2,108,208;1076,2,135,295;1192,2,180,421;1146,2,80,146;1080,2,69,144;1296,2,94,121;1171,2,91,130;1276,2,118,123;1055,2,149,211;1056,2,132,183;1236,2,89,106;1043,1,115;1174,1,67;1281,1,87;1067,1,260;1210,1,306;1153,1,72;1248,1,115;1188,1,62;1301,1,179;1388,1,67;1095,1,148;1010,1,230;1097,1,35;1061,1,112;1098,1,90;1283,1,76;1011,1,277;1258,1,78;1099,1,152;1206,1,186;1284,1,88;1179,1,137;1260,1,160;1103,1,44;999,1,125;1015,1,198;1058,1,187;1036,1,60;1079,1,59;1062,1,70;1107,1,27;1211,1,118;1109,1,86;1063,1,215;1019,1,116;1262,1,163;1221,1,107;1113,1,64;1196,1,283;1114,1,130;1159,1,148;1023,1,113;1307,1,95;1223,1,144;1331,1,138;1225,1,122;1037,1,208;1213,1,112;1134,1,192;1333,1,122;1367,1,122;1328,1,132;1085,1,150;1064,1,74;1127,1,97;1185,1,221;1229,1,130;1384,1,63;1029,1,76;1030,1,227;1286,1,63;1277,1,189;1130,1,118;1271,1,245;1032,1,198;1087,1,150;1335,1,291;1203,1,113
214,49,67:999,3,13,31,66;1062,3,101,174,227;1085,3,25,157,214;1148,2,33,100;1070,2,11,54;1257,2,26,150;1073,2,58,167;1313,2,39,97;1219,2,304,378;1360,2,13,66;1201,2,96,114;1065,2,13,39;1151,2,118,195;1186,2,26,122;1057,2,57,77;1043,1,121;1142,1,52;1256,1,95;1272,1,102;1176,1,26;1243,1,34;1067,1,22;1210,1,109;1090,1,237;1301,1,63;1135,1,128;1001,1,369;1094,1,279;1005,1,70;1069,1,101;1341,1,46;1217,1,174;1013,1,68;1383,1,21;1063,1,233;1252,1,100;1163,1,245;1134,1,150;1247,1,19;1328,1,83;1033,1,592;1125,1,194;1126,1,111;1030,1,177;1039,1,128;1340,1,66;1319,1,187;1271,1,132;1335,1,65
1269,7,7:1043,1,127;1090,1,123;1162,1,70;1179,1,133;1149,1,77;1085,1,127;1185,1,69
118,119,240:1196,6,90,94,104,115,126,139;1197,6,9,26,73,92,182,188;1161,6,166,176,201,220,234,239;1090,5,137,169,213,258,272;1389,5,11,22,32,71,84;1101,5,158,176,214,225,240;1368,5,84,94,128,257,272;1335,5,5,24,43,109,119;1091,4,80,107,117,128;1303,4,30,101,217,275;1092,4,8,21,45,81;1388,4,12,29,44,63;1070,4,20,63,98,115;1257,4,7,17,43,129;1376,4,5,15,28,105;1263,4,68,91,101,141;1048,4,12,20,45,48;1277,4,51,86,159,198;1380,3,28,45,167;1387,3,16,35,42;1248,3,28,78,90;1096,3,7,25,64;1304,3,12,24,39;1386,3,9,18,39;1218,3,117,125,131;1112,3,76,126,139;1223,3,79,92,101;1327,3,118,189,198;1160,3,6,24,45;1202,3,62,73,75;1271,3,209,218,228;1152,2,16,57;1393,2,39,74;1167,2,27,40;1385,2,39,54;1100,2,59,73;1169,2,62,72;1284,2,52,63;1015,2,115,125;1297,2,42,59;1209,2,23,75;1149,2,84,112;1295,2,111,118;1219,2,154,445;1220,2,113,116;1326,2,44,56;1265,2,50,98;1198,2,78,100;1024,2,44,88;1315,2,78,94;1199,2,88,105;1119,2,191,208;1367,2,60,70;1028,2,152,166;1151,2,96,253;1032,2,158,197;1131,2,67,78;1183,2,181,197;1270,2,11,28;1392,2,44,105;1336,2,71,76;1043,1,129;1138,1,17;1140,1,20;1346,1,47;1349,1,26;1382,1,55;1243,1,65;1354,1,82;1278,1,51;1338,1,30;1302,1,41;1168,1,18;1095,1,46;1391,1,56;1190,1,73;1216,1,165;1179,1,51;1260,1,275;1305,1,50;1102,1,20;1390,1,46;1105,1,59;1274,1,59;1321,1,81;1081,1,93;1082,1,41;1358,1,102;1232,1,76;1063,1,58;1221,1,72;1233,1,193;1083,1,185;1275,1,28;1369,1,52;1184,1,233;1307,1,63;1252,1,103;1331,1,65;1268,1,81;1200,1,27;1377,1,76;1002,1,89;1157,1,232;1050,1,31;1051,1,21;1247,1,44;1245,1,125;1328,1,107;1123,1,24;1085,1,89;1158,1,69;1340,1,137;1186,1,30;1324,1,56;1363,1,57;1311,1,81;1203,1,137;1236,1,71
3976,2,2:1043,1,143;1199,1,254
924,4,4:1043,1,145;1067,1,182;1003,1,163;1087,1,201
395,23,25:1192,2,206,268;1220,2,79,99;1043,1,147;1090,1,243;1010,1,116;1154,1,133;1101,1,290;1260,1,64;1317,1,103;1297,1,151;1155,1,167;1156,1,255;1116,1,185;1027,1,120;1242,1,43;1201,1,105;1054,1,112;1128,1,199;1310,1,90;1066,1,90;1324,1,86;1320,1,41;1336,1,78
618,17,36:1151,7,53,68,113,137,214,251,280;1040,4,145,167,184,204;1209,3,8,17,89;1369,3,2,11,44;1205,3,159,205,266;1245,3,119,163,178;1022,2,127,175;1214,2,1,6;1138,1,20;1382,1,60;1378,1,39;1035,1,151;1109,1,127;1110,1,56;1252,1,199;1049,1,173;1053,1,176
339,5,5:1138,1,21;1145,1,51;1219,1,65;1113,1,54;1151,1,54
55,132,256:1101,10,3,9,28,40,45,66,98,110,129,149;1069,8,95,103,125,147,169,182,209,218;1245,6,6,16,27,72,180,246;1272,5,15,57,64,105,176;1001,5,30,60,203,295,300;1223,5,3,16,54,133,161;1120,5,10,20,45,50,91;1158,5,39,52,96,102,106;1352,4,4,12,20,50;1190,4,8,16,42,211;1398,4,3,13,30,47;1305,4,3,11,98,171;1383,4,2,6,13,39;1119,4,1,6,64,121;1205,4,147,160,168,216;1151,4,70,81,114,281;1287,3,50,68,119;1175,3,38,61,64;1288,3,32,129,141;1176,3,16,46,67;1246,3,28,95,115;1170,3,14,43,72;1191,3,16,34,62;1063,3,148,173,239;1326,3,4,11,18;1045,3,140,171,239;1137,3,4,19,35;1021,3,92,130,175;1196,3,2,15,36;1122,3,48,152,204;1344,3,7,18,31;1174,2,105,109;1067,2,73,208;1387,2,3,10;1167,2,3,13;1093,2,40,88;1005,2,115,174;1325,2,44,102;1011,2,175,199;1293,2,81,94;1075,2,100,108;1015,2,58,145;1357,2,74,114;1211,2,2,10;1209,2,9,18;1109,2,94,128;1358,2,42,137;1241,2,77,230;1339,2,134,152;1022,2,7,16;1252,2,173,200;1199,2,61,113;1047,2,47,60;1157,2,6,30;1367,2,1,10;1033,2,303,335;1309,2,7,18;1125,2,43,189;1131,2,3,12;1363,2,142,154;1138,1,22;1255,1,45;1281,1,114;1282,1,16;1346,1,14;1393,1,50;1351,1,29;1353,1,32;1354,1,60;1166,1,68;1153,1,47;1302,1,44;1009,1,37;1162,1,43;1094,1,388;1096,1,103;1098,1,207;1012,1,125;1284,1,36;1378,1,41;1373,1,71;1216,1,136;1259,1,70;1313,1,123;1366,1,101;1279,1,44;1394,1,73;1192,1,36;1316,1,46;1014,1,130;1035,1,152;1036,1,81;1368,1,88;1343,1,106;1332,1,87;1263,1,178;1040,1,168;1322,1,164;1222,1,66;1265,1,47;1275,1,95;1084,1,25;1184,1,282;1118,1,73;1171,1,213;1224,1,114;1395,1,37;1048,1,41;1049,1,174;1212,1,60;1239,1,210;1027,1,149;1214,1,62;1242,1,56;1240,1,38;1053,1,177;1085,1,76;1299,1,33;1150,1,61;1185,1,107;1028,1,50;1128,1,237;1065,1,165;1231,1,122;1286,1,71;1345,1,32;1319,1,55;1032,1,136;1270,1,59;1203,1,123;1236,1,104;1041,1,59
613,57,77:1001,4,7,37,274,286;1335,4,94,164,198,244;1074,3,19,81,115;1245,3,88,115,145;1125,3,94,183,235;1152,2,28,58;1165,2,109,117;1100,2,60,70;1368,2,108,259;1209,2,25,117;1358,2,28,148;1119,2,202,300;1183,2,198,218;1138,1,25;1255,1,50;1089,1,34;1281,1,111;1282,1,41;1365,1,53;1090,1,40;1091,1,86;1188,1,87;1312,1,50;1303,1,165;1167,1,38;1207,1,69;1391,1,21;1070,1,122;1291,1,58;1073,1,35;1190,1,254;1154,1,155;1170,1,25;1101,1,171;1284,1,61;1259,1,34;1179,1,60;1102,1,22;1263,1,74;1112,1,78;1083,1,204;1198,1,102;1084,1,37;1224,1,171;1163,1,358;1120,1,25;1397,1,59;1268,1,83;1225,1,158;1309,1,113;1003,1,131;1028,1,282;1128,1,267;1370,1,145;1186,1,46;1202,1,131;1161,1,240
461,40,57:1092,3,13,26,51;1386,3,25,67,111;1257,3,61,105,200;1024,3,14,28,140;1270,3,16,33,40;1139,2,45,47;1244,2,61,94;1380,2,114,152;1368,2,27,246;1184,2,100,318;1172,2,80,261;1299,2,87,109;1138,1,28;1140,1,179;1089,1,83;1346,1,71;1338,1,92;1303,1,284;1162,1,75;1094,1,372;1215,1,158;1246,1,33;1376,1,63;1237,1,133;1149,1,133;1082,1,146;1318,1,240;1221,1,80;1112,1,184;1083,1,201;1265,1,120;1117,1,76;1397,1,82;1327,1,226;1002,1,100;1333,1,192;1367,1,90;1128,1,272;1320,1,96;1311,1,117
493,26,35:1233,3,58,118,220;1083,3,203,218,255;1067,2,28,92;1166,2,54,105;1091,2,136,143;1074,2,13,37;1159,2,190,239;1138,1,29;1255,1,26;1278,1,44;1248,1,68;1162,1,72;1389,1,67;1378,1,48;1371,1,68;1237,1,19;1081,1,57;1024,1,124;1315,1,260;1157,1,90;1374,1,56;1333,1,112;1370,1,127;1340,1,102;1277,1,234;1271,1,250
320,79,105:1214,5,39,55,83,96,145;1111,3,81,180,226;1239,3,2,12,22;1028,3,45,266,285;1363,3,60,80,140;1203,3,6,16,37;1281,2,53,118;1166,2,98,194;1278,2,42,158;1091,2,77,147;1094,2,306,365;1297,2,84,115;1081,2,74,80;1253,2,152,178;1327,2,153,178;1254,2,54,151;1127,2,84,101;1088,2,140,175;1138,1,30;1288,1,107;1349,1,28;1165,1,60;1243,1,67;1303,1,306;1068,1,77;1093,1,99;1095,1,70;1273,1,103;1386,1,20;1283,1,33;1011,1,287;1190,1,22;1101,1,94;1398,1,42;1378,1,46;1294,1,64;1216,1,191;1075,1,130;1371,1,85;1305,1,197;1372,1,17;1279,1,23;1192,1,30;1035,1,13;1077,1,55;1261,1,94;1381,1,165;1383,1,36;1368,1,44;1357,1,91;1109,1,45;1233,1,123;1083,1,225;1114,1,327;1023,1,73;1184,1,221;1323,1,132;1315,1,45;1224,1,103;1395,1,19;1267,1,59;1049,1,29;1051,1,14;1053,1,29;1158,1,177;1160,1,47;1299,1,49;1003,1,119;1185,1,47;1204,1,45;1031,1,134;1151,1,255;1345,1,30;1370,1,46;1130,1,102;1131,1,32;1320,1,91;1183,1,162;1270,1,82
750,7,7:1138,1,33;1255,1,38;1256,1,143;1188,1,101;1002,1,96;1127,1,169;1362,1,45
380,41,69:1217,6,1,11,31,51,94,165;1260,4,6,12,28,243;1365,3,2,16,55;1166,3,37,210,218;1378,3,1,20,51;1134,3,95,156,174;1374,3,1,8,19;1030,3,137,154,185;1288,2,48,96;1165,2,244,265;1067,2,70,268;1177,2,1,11;1192,2,225,362;1031,2,47,121;1345,2,76,126;1032,2,37,119;1138,1,36;1287,1,82;1174,1,56;1255,1,138;1188,1,103;1301,1,22;1097,1,114;1011,1,284;1154,1,58;1169,1,92;1313,1,99;1285,1,35;1314,1,52;1018,1,150;1195,1,121;1024,1,269;1268,1,33;1245,1,286;1055,1,111;1028,1,292;1039,1,63;1340,1,59;1088,1,53;1300,1,72;1336,1,79
150,53,83:1253,5,70,77,87,99,130;1186,4,3,15,40,72;1143,3,31,37,66;1354,3,38,48,53;1101,3,25,229,239;1216,3,5,11,18;1313,3,75,89,96;1146,3,17,37,71;1056,3,14,37,87;1029,3,9,23,44;1388,2,17,34;1257,2,10,20;1062,2,18,38;1106,2,46,77;1219,2,143,246;1088,2,114,249;1203,2,34,64;1138,1,37;1141,1,53;1255,1,129;1152,1,197;1365,1,87;1349,1,79;1188,1,57;1312,1,69;1303,1,139;1168,1,16;1291,1,103;1074,1,28;1011,1,282;1258,1,48;1206,1,194;1170,1,37;1260,1,286;999,1,137;1381,1,108;1018,1,119;1262,1,40;1040,1,41;1159,1,145;1198,1,166;1163,1,362;1158,1,233;1160,1,72;1008,1,105;1125,1,229;1228,1,145;1185,1,70;1066,1,68;1375,1,46;1129,1,29;1182,1,27;1311,1,84
843,13,19:1144,3,17,47,62;1002,3,5,19,29;1142,2,17,60;1143,2,25,120;1138,1,38;1353,1,50;1018,1,28;1315,1,84;1308,1,118;1128,1,261;1180,1,19;1181,1,19;1300,1,73
1069,5,6:1074,2,17,38;1138,1,40;1214,1,48;1226,1,110;1161,1,192
3,46,101:1001,10,5,35,62,132,212,228,242,272,336,347;1125,5,1,9,22,173,219;1032,5,46,51,135,296,311;1358,4,2,14,30,145;1126,4,9,19,44,170;1011,3,1,13,33;1246,3,2,14,35;1206,3,3,35,164;1078,3,7,32,65;1156,3,3,11,226;1120,3,2,12,29;1228,3,6,20,82;1028,3,4,14,36;1230,3,4,15,25;1065,3,1,27,54;1189,2,1,8;1339,2,1,8;1119,2,5,10;1157,2,11,35;1213,2,159,254;1085,2,68,117;1299,2,4,17;1227,2,80,102;1003,2,45,104;1185,2,86,99;1204,2,41,245;1182,2,64,66;1138,1,45;1141,1,73;1135,1,91;1192,1,82;1058,1,212;1059,1,59;1016,1,57;1318,1,201;1194,1,108;1024,1,109;1223,1,41;1049,1,33;1007,1,69;1269,1,24;1053,1,33;1150,1,68;1361,1,59;1128,1,57;1203,1,89
1011,6,9:1329,3,5,20,36;1125,2,24,221;1138,1,49;1301,1,36;1214,1,117;1344,1,120
1041,22,31:1202,4,10,22,41,146;1322,3,13,28,50;1138,2,51,109;1143,2,53,86;1091,2,94,203;1271,2,71,269;1258,1,76;1102,1,85;1192,1,75;1297,1,32;1082,1,104;1358,1,127;1219,1,92;1155,1,34;1220,1,62;1306,1,61;1022,1,46;1114,1,28;1214,1,29;1122,1,178;1085,1,64;1028,1,41
733,19,37:1247,5,7,14,36,79,142;1246,3,9,21,53;1371,3,9,18,46;1223,3,13,26,49;1065,3,8,34,61;1132,3,12,24,124;1380,2,33,83;1190,2,222,267;1305,2,88,186;1330,2,42,53;1138,1,54;1099,1,48;1378,1,57;1020,1,67;1023,1,69;1199,1,144;1214,1,121;1151,1,132;1186,1,44
965,2,2:1138,1,55;1348,1,21
894,23,28:1161,3,19,42,75;1138,2,56,120;1342,2,28,45;1233,2,34,72;1396,1,65;1338,1,47;1216,1,101;1260,1,102;1021,1,214;1238,1,72;1159,1,137;1024,1,252;1163,1,41;1235,1,210;1308,1,85;1160,1,106;1230,1,34;1204,1,190;1370,1,119;1340,1,116;1060,1,48;1324,1,91;1271,1,117
560,30,83:1263,7,9,18,29,88,94,128,211;1314,6,5,15,66,81,90,102;1320,6,5,13,77,87,109,146;1012,5,6,22,37,117,141;1253,5,4,11,22,145,180;1030,5,53,244,253,277,304;1335,5,248,262,292,299,328;1222,4,3,13,56,87;1066,4,19,41,46,62;1131,4,9,18,51,180;1114,3,355,370,404;1060,3,174,187,194;1138,2,57,121;1210,2,35,322;1099,2,123,199;1265,2,76,80;1056,2,142,186;1029,2,106,118;1363,2,68,106;1183,2,141,231;1090,1,234;1005,1,152;1273,1,97;1297,1,79;1149,1,67;1083,1,127;1266,1,157;1121,1,208;1025,1,95;1127,1,130
399,30,41:1005,3,34,126,157;1169,3,7,15,52;1138,2,59,123;1069,2,52,113;1391,2,23,86;1010,2,247,282;1075,2,65,79;1114,2,235,281;1327,2,74,181;1142,1,167;1090,1,176;1091,1,174;1009,1,59;1168,1,35;1257,1,99;1189,1,78;1072,1,81;1101,1,41;1398,1,89;1371,1,110;1102,1,49;1078,1,157;1105,1,83;1219,1,148;1224,1,70;1333,1,106;1127,1,151;1202,1,158;1086,1,62;1088,1,200
460,22,37:1125,7,8,16,33,104,122,231,246;1262,3,28,45,145;1215,2,23,43;1099,2,111,218;1040,2,111,115;1266,2,21,69;1157,2,133,234;1334,2,2,11;1277,2,53,161;1138,1,65;1246,1,85;1206,1,196;1194,1,21;1156,1,87;1377,1,24;1002,1,91;1033,1,345;1344,1,40;1150,1,34;1185,1,166;1130,1,43;1311,1,74
14,65,116:1210,7,231,362,449,451,463,481,490;1098,5,148,154,175,193,196;1208,5,132,146,155,157,249;1134,5,200,207,218,235,270;1078,4,187,207,236,279;1090,3,365,368,380;1099,3,141,143,209;1156,3,312,380,387;1225,3,98,100,116;1204,3,161,163,168;1030,3,263,267,284;1087,3,117,126,167;1089,2,102,252;1281,2,75,79;1095,2,131,163;1070,2,274,281;1073,2,164,175;1011,2,126,317;1192,2,134,141;1000,2,98,127;1062,2,156,196;1106,2,96,126;1196,2,228,243;1200,2,111,170;1213,2,234,260;1027,2,230,238;1299,2,199,212;1229,2,211,225;1138,1,69;1152,1,144;1067,1,278;1278,1,167;1094,1,347;1069,1,229;1044,1,184;1249,1,55;1206,1,140;1169,1,18;1015,1,206;1080,1,108;1109,1,89;1020,1,177;1040,1,190;1111,1,164;1171,1,133;1224,1,140;1120,1,86;1268,1,151;1172,1,105;1239,1,143;1205,1,187;1245,1,78;1033,1,374;1085,1,182;1160,1,203;1054,1,172;1055,1,137;1230,1,52;1039,1,139;1231,1,207;1151,1,141;1032,1,206;1161,1,287;1041,1,50;1364,1,74
857,16,21:1349,3,38,65,117;1114,3,71,397,426;1155,2,50,59;1138,1,72;1176,1,38;1188,1,26;1246,1,70;1394,1,37;1218,1,33;1318,1,250;1194,1,59;1306,1,62;1022,1,47;1187,1,99;1033,1,463;1039,1,112
474,39,60:1015,5,12,24,31,88,135;1188,4,3,8,27,131;1218,4,34,79,155,196;1155,4,51,60,71,108;1349,3,39,66,118;1286,3,12,25,36;1176,2,39,74;1035,2,125,195;1185,2,93,135;1039,2,107,113;1138,1,73;1256,1,19;1380,1,80;1009,1,90;1385,1,48;1246,1,71;1394,1,38;1034,1,92;999,1,120;1383,1,71;1318,1,251;1006,1,203;1194,1,60;1040,1,135;1306,1,63;1022,1,48;1084,1,97;1187,1,100;1224,1,177;1119,1,38;1157,1,153;1245,1,95;1033,1,464;1308,1,148;1054,1,94;1056,1,215;1031,1,107;1032,1,85;1335,1,130
511,22,41:1219,10,107,124,313,358,382,421,496,522,554,575;1155,6,52,61,88,98,133,154;1146,3,120,133,152;1097,2,45,94;1318,2,243,252;1208,2,225,242;1138,1,74;1189,1,131;1103,1,39;1062,1,147;1317,1,77;1195,1,142;1339,1,103;1221,1,95;1112,1,36;1046,1,150;1187,1,68;1048,1,58;1134,1,273;1051,1,86;1280,1,63;1151,1,232
77,79,97:1210,3,87,159,285;1219,3,54,186,586;1315,3,133,193,224;1138,2,77,89;1075,2,56,84;1313,2,32,116;1260,2,99,287;1106,2,50,115;1274,2,47,123;1193,2,46,118;1082,2,59,73;1195,2,67,123;1199,2,42,82;1051,2,69,111;1161,2,228,293;1140,1,182;1141,1,57;1175,1,25;1288,1,26;1255,1,75;1346,1,42;1347,1,40;1393,1,96;1380,1,59;1090,1,196;1353,1,28;1303,1,290;1162,1,33;1094,1,175;1005,1,57;1070,1,259;1386,1,73;1257,1,23;1189,1,25;1010,1,250;1097,1,104;1190,1,126;1215,1,62;1294,1,70;1366,1,42;1015,1,246;1368,1,174;1297,1,109;1018,1,60;1318,1,222;1241,1,23;1220,1,68;1326,1,127;1020,1,215;1322,1,260;1113,1,70;1234,1,75;1296,1,48;1198,1,154;1184,1,20;1208,1,106;1266,1,156;1223,1,123;1187,1,125;1224,1,185;1119,1,117;1120,1,52;1397,1,70;1268,1,71;1377,1,30;1026,1,73;1367,1,108;1027,1,22;1201,1,144;1126,1,164;1280,1,84;1151,1,307;1310,1,149;1375,1,85;1324,1,43;1271,1,313;1086,1,60;1392,1,68;1336,1,47
482,48,98:1349,8,35,57,120,122,133,146,178,193;1219,7,5,20,219,268,279,449,594;1006,7,17,37,64,114,227,231,257;1083,5,49,194,212,224,245;1234,4,10,23,52,84;1011,3,6,18,39;1099,3,13,26,55;1211,3,42,53,88;1184,3,138,165,346;1007,3,19,38,80;1245,3,10,20,294;1028,3,10,20,42;1178,2,38,93;1145,2,103,166;1378,2,74,91;1216,2,87,185;1022,2,35,144;1049,2,125,204;1213,2,68,196;1214,2,30,75;1053,2,128,209;1299,2,106,232;1138,1,79;1139,1,92;1365,1,102;1165,1,271;1210,1,45;1166,1,180;1278,1,85;1005,1,131;1073,1,72;1169,1,91;1192,1,76;1014,1,83;1218,1,172;1232,1,135;1233,1,91;1114,1,110;1024,1,169;1084,1,39;1134,1,113;1172,1,265;1247,1,74;1027,1,209;1033,1,465;1201,1,30;1375,1,70;1086,1,73
1153,17,26:1234,3,12,25,49;1205,3,14,41,86;1145,2,204,235;1045,2,133,154;1040,2,78,258;1208,2,133,148;1172,2,126,166;1138,1,82;1210,1,132;1006,1,59;1021,1,252;1238,1,68;1184,1,39;1267,1,25;1225,1,52;1309,1,199;1132,1,51
341,98,158:1166,5,53,62,111,124,170;1333,5,5,15,28,51,163;1371,4,2,11,58,67;1183,4,1,21,50,164;1287,3,7,17,43;1175,3,7,14,28;1256,3,100,133,151;1244,3,1,10,22;1274,3,2,14,125;1220,3,3,18,105;1208,3,16,45,51;1026,3,1,13,26;1185,3,21,42,71;1345,3,2,13,88;1340,3,3,15,35;1319,3,58,110,196;1174,2,7,14;1288,2,7,14;1396,2,7,14;1147,2,18,58;1350,2,27,43;1380,2,19,68;1093,2,2,10;1341,2,15,32;1249,2,17,44;1108,2,53,73;1232,2,36,254;1263,2,20,144;1233,2,22,76;1238,2,23,61;1223,2,28,120;1298,2,5,22;1213,2,24,111;1127,2,68,100;1229,2,50,129;1204,2,2,10;1324,2,2,17;1363,2,96,169;1138,1,88;1140,1,28;1141,1,82;1152,1,132;1393,1,92;1352,1,36;1353,1,35;1153,1,24;1248,1,56;1091,1,33;1312,1,74;1301,1,198;1302,1,32;1168,1,56;1162,1,47;1094,1,174;1005,1,59;1072,1,132;1075,1,122;1260,1,22;1217,1,53;1102,1,70;1015,1,197;1059,1,175;1016,1,206;1063,1,92;1295,1,24;1219,1,239;1006,1,224;1195,1,95;1112,1,134;1322,1,108;1251,1,79;1196,1,258;1296,1,50;1156,1,92;1184,1,66;1315,1,257;1224,1,133;1163,1,181;1119,1,282;1397,1,14;1235,1,127;1377,1,32;1037,1,151;1050,1,19;1033,1,247;1227,1,122;1228,1,108;1065,1,186;1180,1,24;1181,1,24;1186,1,119;1066,1,85;1129,1,31;1086,1,82;1335,1,214;1311,1,57;1161,1,187;1336,1,19
635,36,56:1089,4,175,184,201,210;1322,4,87,191,241,274;1135,3,115,190,199;1155,3,89,99,134;1221,3,6,17,29;1255,2,77,93;1348,2,14,49;1349,2,163,186;1091,2,92,205;1297,2,165,181;1326,2,94,103;1021,2,134,212;1087,2,58,232;1138,1,90;1272,1,98;1176,1,15;1210,1,244;1094,1,140;1010,1,213;1379,1,81;1258,1,97;1394,1,44;1076,1,301;1079,1,122;1018,1,131;1019,1,138;1263,1,171;1264,1,113;1251,1,35;1114,1,99;1084,1,139;1367,1,38;1054,1,136;1055,1,36;1060,1,112;1130,1,92
2352,9,13:1205,4,27,54,81,222;1138,2,96,98;1166,1,196;1044,1,165;1216,1,132;1059,1,110;1078,1,96;1146,1,130;1252,1,90
814,10,11:1089,2,17,120;1138,1,100;1283,1,20;1169,1,97;1314,1,120;1315,1,117;1240,1,40;1033,1,337;1230,1,42;1231,1,124
209,23,28:1061,4,10,40,71,149;1040,2,174,281;1163,2,87,152;1138,1,103;1164,1,32;1165,1,116;1070,1,226;1192,1,263;1078,1,98;1018,1,135;1219,1,211;1111,1,209;1114,1,22;1116,1,117;1323,1,20;1119,1,264;1225,1,71;1239,1,206;1033,1,558;1054,1,188;1185,1,202;1204,1,122;1310,1,49
1012,10,14:1206,3,126,158,190;1192,2,265,282;1204,2,69,107;1138,1,105;1135,1,156;1001,1,335;1040,1,283;1307,1,142;1367,1,52;1310,1,51
132,90,102:1142,2,88,150;1301,2,84,170;1011,2,141,305;1190,2,186,212;1215,2,108,152;1078,2,185,233;1195,2,54,106;1369,2,146,171;1156,2,144,407;1307,2,110,150;1157,2,83,179;1087,2,253,277;1138,1,114;1143,1,146;1144,1,44;1287,1,69;1255,1,58;1349,1,150;1165,1,105;1382,1,63;1243,1,63;1210,1,305;1244,1,109;1380,1,103;1001,1,121;1168,1,78;1005,1,92;1069,1,117;1325,1,95;1257,1,67;1010,1,221;1061,1,179;1379,1,73;1258,1,77;1099,1,117;1169,1,121;1216,1,158;1191,1,75;1260,1,256;1371,1,123;1076,1,114;1000,1,95;1016,1,199;1080,1,140;1149,1,121;1318,1,208;1006,1,249;1220,1,90;1326,1,99;1020,1,102;1083,1,143;1234,1,65;1159,1,249;1023,1,104;1084,1,77;1118,1,114;1315,1,101;1171,1,84;1395,1,44;1163,1,198;1119,1,293;1120,1,104;1397,1,101;1121,1,160;1200,1,128;1377,1,83;1213,1,221;1051,1,110;1247,1,47;1027,1,131;1242,1,103;1122,1,127;1276,1,199;1158,1,124;1160,1,119;1201,1,143;1227,1,77;1228,1,75;1028,1,287;1345,1,122;1370,1,96;1340,1,80;1060,1,126;1086,1,112;1335,1,310;1363,1,137;1088,1,233;1203,1,175;1161,1,133;1173,1,71
329,40,55:1368,4,130,203,210,220;1094,3,59,146,158;1157,3,59,80,219;1161,3,145,194,215;1380,2,97,113;1215,2,41,83;1366,2,51,60;1006,2,198,214;1233,2,73,196;1234,2,1,14;1138,1,115;1287,1,122;1348,1,43;1148,1,112;1210,1,366;1303,1,235;1260,1,168;1079,1,151;1381,1,148;1080,1,138;1155,1,151;1111,1,71;1265,1,32;1184,1,328;1266,1,47;1323,1,109;1315,1,48;1037,1,219;1254,1,71;1172,1,102;1276,1,73;1056,1,207;1065,1,261;1370,1,24;1310,1,69;1277,1,61;1032,1,291;1335,1,72;1363,1,162;1320,1,53
419,65,84:1362,4,2,10,22,78;1163,3,174,293,308;1344,3,11,22,57;1089,2,60,126;1346,2,30,62;1090,2,68,89;1215,2,94,121;1036,2,52,64;1241,2,49,294;1195,2,117,177;1221,2,1,12;1197,2,11,28;1184,2,153,329;1028,2,269,288;1324,2,10,25;1138,1,116;1287,1,123;1289,1,71;1290,1,96;1348,1,57;1148,1,43;1382,1,66;1067,1,207;1210,1,165;1337,1,44;1352,1,52;1353,1,29;1166,1,184;1338,1,111;1301,1,30;1068,1,147;1001,1,202;1093,1,135;1069,1,205;1385,1,51;1258,1,83;1100,1,65;1398,1,34;1356,1,74;1285,1,39;1274,1,127;1006,1,286;1194,1,91;1339,1,133;1263,1,198;1264,1,117;1233,1,225;1265,1,101;1118,1,12;1315,1,265;1120,1,53;1333,1,77;1172,1,185;1239,1,69;1027,1,153;1214,1,108;1328,1,123;1126,1,230;1151,1,66;1202,1,56;1319,1,193;1183,1,91;1088,1,183;1161,1,128;1132,1,78
2608,1,1:1138,1,124
960,12,37:1045,11,12,27,54,81,112,127,153,173,180,198,226;1122,6,5,16,40,111,135,144;1215,5,7,15,69,126,149;1076,2,109,304;1077,2,7,32;1081,2,15,31;1022,2,156,161;1052,2,6,15;1205,2,166,172;1138,1,126;1018,1,25;1245,1,222
504,2,2:1138,1,127;1317,1,74
86,23,31:1137,3,1,16,32;1021,3,86,154,174;1232,2,59,125;1112,2,51,96;1122,2,27,181;1245,2,3,13;1139,1,18;1303,1,268;1071,1,20;1014,1,24;1211,1,23;1209,1,29;1295,1,130;1195,1,49;1339,1,116;1275,1,94;1369,1,55;1159,1,110;1184,1,25;1267,1,14;1254,1,58;1051,1,32;1125,1,37
1493,10,12:1140,2,62,186;1147,2,62,116;1139,1,22;1365,1,108;1382,1,22;1071,1,40;1082,1,18;1063,1,125;1322,1,73;1184,1,55
575,22,38:1091,4,1,13,32,95;1219,4,43,130,364,535;1271,4,6,18,62,261;1006,3,16,36,63;1112,3,1,5,10;1070,2,24,67;1102,2,7,16;1129,2,1,6;1139,1,27;1293,1,158;1313,1,74;1394,1,40;999,1,76;1083,1,59;1275,1,30;1238,1,73;1198,1,59;1117,1,72;1315,1,273;1235,1,164;1239,1,40;1324,1,36
72,137,220:1219,7,40,118,187,204,244,294,477;1241,5,36,147,232,265,291;1094,4,27,41,186,206;1099,4,9,22,45,51;1196,4,5,18,45,61;1315,4,138,172,267,270;1001,3,95,112,173;1325,3,17,37,58;1071,3,7,15,35;1206,3,19,51,71;1305,3,52,105,242;1017,3,5,14,22;1318,3,3,10,22;1194,3,55,94,121;1137,3,7,22,38;1265,3,8,18,38;1163,3,43,201,208;1235,3,9,25,97;1247,3,59,86,153;1299,3,91,164,177;1031,3,4,14,59;1039,3,9,26,59;1131,3,73,110,198;1173,3,48,54,113;1272,2,46,159;1380,2,121,123;1090,2,198,230;1005,2,38,78;1304,2,41,57;1189,2,19,81;1178,2,12,26;1216,2,104,116;1079,2,146,160;1297,2,24,136;1149,2,49,63;1082,2,103,118;1155,2,43,143;1195,2,41,113;1251,2,18,34;1198,2,56,127;1208,2,235,258;1117,2,63,66;1121,2,49,116;1239,2,35,61;1205,2,55,285;1204,2,47,143;1030,2,99,132;1202,2,69,137;1088,2,95,104;1139,1,29;1143,1,30;1175,1,33;1396,1,84;1256,1,78;1348,1,71;1349,1,68;1393,1,71;1387,1,76;1353,1,24;1354,1,37;1091,1,112;1301,1,116;1303,1,37;1068,1,107;1069,1,49;1391,1,32;1096,1,39;1070,1,102;1072,1,42;1010,1,267;1044,1,224;1258,1,47;1154,1,117;1170,1,36;1293,1,71;1259,1,80;1075,1,68;1313,1,59;1260,1,135;1371,1,106;1330,1,20;1316,1,81;999,1,73;1035,1,185;1261,1,75;1059,1,85;1016,1,76;1106,1,45;1080,1,19;1211,1,17;1193,1,25;1237,1,130;1321,1,66;1109,1,39;1343,1,67;1232,1,56;1339,1,215;1263,1,140;1264,1,104;1233,1,252;1083,1,56;1021,1,40;1238,1,75;1184,1,35;1049,1,232;1298,1,63;1253,1,69;1157,1,208;1213,1,92;1134,1,91;1051,1,60;1360,1,61;1052,1,29;1242,1,42;1245,1,195;1276,1,45;1053,1,237;1085,1,45;1226,1,92;1008,1,242;1344,1,33;1003,1,135;1185,1,149;1055,1,106;1229,1,110;1029,1,42;1180,1,37;1310,1,102;1277,1,110;1319,1,60;1130,1,32;1057,1,92;1087,1,305;1335,1,140;1161,1,144;1132,1,135;1336,1,44
73,66,119:1235,10,10,14,26,30,38,79,98,145,191,219;1111,6,63,103,108,148,168,225;1219,4,41,119,295,478;1194,4,95,99,122,132;1196,4,6,19,46,62;1325,3,18,38,59;1218,3,2,8,14;1318,3,4,11,23;1019,3,8,19,51;1137,3,8,23,39;1298,3,3,20,64;1247,3,60,87,154;1299,3,92,165,178;1039,3,10,27,60;1375,3,2,6,14;1140,2,68,103;1094,2,30,42;1178,2,13,27;1190,2,233,270;1330,2,21,32;1211,2,18,22;1208,2,236,259;1315,2,268,271;1239,2,36,62;1185,2,104,150;1139,1,30;1303,1,38;1096,1,40;1070,1,103;1071,1,36;1074,1,68;1206,1,72;999,1,74;1015,1,153;1035,1,186;1261,1,76;1193,1,26;1297,1,25;1081,1,40;1195,1,42;1233,1,253;1083,1,57;1021,1,41;1251,1,19;1238,1,76;1198,1,57;1184,1,36;1117,1,67;1049,1,233;1121,1,51;1213,1,93;1051,1,26;1360,1,62;1214,1,22;1122,1,158;1245,1,198;1053,1,238;1344,1,34;1150,1,71;1003,1,136;1055,1,107;1229,1,111;1202,1,138;1277,1,111;1087,1,306;1132,1,136
605,30,41:1022,3,110,155,166;1184,3,142,212,343;1210,2,428,499;1090,2,265,308;1211,2,63,79;1219,2,49,226;1045,2,126,225;1196,2,141,160;1204,2,83,126;1139,1,33;1248,1,52;1135,1,108;1044,1,102;1378,1,101;1209,1,51;1006,1,76;1322,1,64;1021,1,44;1208,1,205;1323,1,53;1331,1,130;1235,1,211;1124,1,82;1029,1,94;1030,1,230;1231,1,70;1180,1,51;1086,1,55;1087,1,315;1300,1,52
536,64,98:1304,4,6,18,33,85;1389,4,5,16,25,78;1380,3,18,117,155;1096,3,1,19,59;1070,3,14,57,90;1178,3,1,15,101;1342,3,13,80,111;1112,3,87,143,183;1157,3,1,25,50;1392,3,1,7,131;1311,3,3,15,124;1278,2,34,74;1248,2,95,97;1091,2,135,178;1388,2,5,22;1095,2,39,73;1071,2,31,58;1321,2,147,157;1082,2,145,160;1197,2,198,208;1086,2,28,109;1139,1,40;1152,1,191;1365,1,95;1338,1,59;1301,1,157;1162,1,80;1391,1,51;1386,1,30;1190,1,226;1258,1,115;1179,1,100;1305,1,235;1102,1,55;1146,1,189;1383,1,40;1368,1,61;1211,1,116;1274,1,148;1081,1,56;1232,1,262;1295,1,161;1264,1,75;1306,1,106;1322,1,115;1196,1,144;1275,1,63;1114,1,125;1198,1,73;1184,1,317;1117,1,75;1395,1,16;1331,1,132;1051,1,47;1027,1,101;1242,1,97;1123,1,44;1201,1,131;1344,1,156;1384,1,21;1310,1,140;1324,1,128;1271,1,89;1363,1,108
2539,3,3:1139,1,43;1303,1,282;1221,1,78
4411,1,1:1139,1,44
975,28,36:1040,4,43,75,106,153;1303,2,51,171;1094,2,129,193;1216,2,38,88;1241,2,34,240;1221,2,53,123;1139,1,48;1272,1,44;1210,1,129;1090,1,277;1353,1,18;1093,1,81;1379,1,20;1034,1,82;1193,1,57;1295,1,102;1155,1,41;1021,1,186;1114,1,288;1197,1,58;1184,1,217;1253,1,88;1157,1,123;1122,1,101;1085,1,148;1344,1,25;1003,1,152;1361,1,43
1698,1,1:1139,1,51
840,28,46:1130,6,71,150,201,212,246,265;1000,3,17,35,59;1037,3,4,30,73;1185,3,13,34,60;1311,3,70,108,141;1112,2,11,73;1024,2,3,17;1299,2,111,130;1227,2,14,29;1228,2,13,27;1139,1,57;1073,1,139;1178,1,84;1015,1,117;1110,1,97;1220,1,75;1111,1,31;1233,1,25;1083,1,214;1307,1,89;1119,1,31;1327,1,134;1157,1,106;1226,1,162;1086,1,87;1032,1,68;1087,1,271;1132,1,166
910,9,26:1037,7,6,24,32,50,66,75,198;1015,4,10,22,35,124;1054,4,12,31,50,63;1055,3,6,20,60;1099,2,6,19;999,2,113,151;1233,2,27,203;1139,1,59;1085,1,153
88,50,90:1119,5,149,164,200,221,279;1099,4,99,113,188,197;1237,4,8,16,36,55;1263,4,4,13,31,118;1315,4,139,142,155,227;1272,3,94,120,125;1284,3,12,24,82;1193,3,60,87,98;1232,3,57,62,266;1006,3,176,302,314;1311,3,71,109,142;1139,2,60,69;1206,2,124,188;1217,2,57,116;1343,2,68,109;1110,2,102,111;1251,2,58,74;1208,2,182,202;1205,2,193,283;1056,2,144,188;1039,2,100,109;1086,2,88,106;1236,2,45,75;1079,1,164;1218,1,152;1295,1,147;1339,1,195;1262,1,146;1222,1,81;1369,1,30;1197,1,50;1184,1,257;1266,1,148;1117,1,56;1224,1,155;1049,1,134;1254,1,121;1050,1,184;1367,1,116;1053,1,137;1064,1,67;1309,1,203;1128,1,256;1029,1,92;1151,1,30;1277,1,213;1087,1,297;1320,1,75;1392,1,55;1203,1,41
176,123,280:1184,10,8,16,78,95,124,209,219,332,338,381;1271,9,31,50,141,153,160,167,181,200,320;1183,8,6,26,45,59,89,119,137,174;1386,7,34,47,60,71,84,101,115;1315,7,2,16,31,72,98,100,249;1089,5,14,28,63,92,147;1257,5,2,12,46,148,183;1305,5,66,91,130,148,192;1081,5,3,19,35,62,86;1024,5,30,175,182,197,260;1187,5,7,22,32,76,109;1207,4,2,34,67,135;1190,4,44,176,194,227;1356,4,6,28,50,77;1211,4,32,34,121,131;1321,4,3,16,29,130;1233,4,4,14,159,197;1276,4,14,28,33,206;1185,4,44,65,186,224;1361,4,1,12,25,42;1340,4,12,24,31,60;1202,4,27,52,129,171;1363,4,48,78,133,135;1090,3,38,56,111;1388,3,3,20,37;1192,3,27,33,415;1368,3,25,42,65;1297,3,106,147,214;1195,3,17,45,110;1264,3,73,82,101;1112,3,64,94,147;1197,3,37,57,206;1208,3,15,116,120;1157,3,53,113,258;1333,3,10,20,24;1038,3,14,28,34;1125,3,75,200,253;1345,3,47,69,120;1320,3,90,121,141;1161,3,52,124,296;1148,2,40,52;1380,2,118,176;1248,2,79,113;1338,2,96,107;1303,2,153,259;1092,2,74,92;1001,2,176,185;1325,2,3,23;1070,2,91,141;1071,2,28,54;1389,2,26,54;1215,2,118,138;1018,2,32,95;1196,2,256,269;1359,2,83,102;1235,2,124,170;1247,2,161,184;1052,2,46,53;1245,2,187,287;1085,2,140,146;1008,2,243,281;1227,2,69,97;1003,2,101,130;1028,2,31,44;1065,2,190,201;1335,2,84,92;1088,2,172,229;1139,1,63;1142,1,86;1348,1,44;1165,1,25;1278,1,62;1273,1,22;1385,1,34;1178,1,30;1012,1,84;1154,1,177;1169,1,31;1179,1,112;1372,1,13;1279,1,60;1390,1,31;1357,1,89;1274,1,79;1237,1,131;1218,1,96;1109,1,43;1358,1,92;1063,1,174;1295,1,99;1306,1,35;1137,1,52;1083,1,208;1022,1,27;1265,1,74;1234,1,28;1198,1,106;1323,1,116;1224,1,131;1395,1,17;1037,1,152;1254,1,141;1051,1,12;1367,1,76;1172,1,288;1214,1,13;1328,1,103;1226,1,51;1228,1,67;1128,1,42;1031,1,50;1039,1,66;1370,1,22;1310,1,97;1066,1,57;1375,1,41;1129,1,34;1130,1,88;1086,1,29;1270,1,43;1392,1,18;1311,1,26;1300,1,64
186,69,162:1119,6,3,8,12,40,61,289;1120,5,7,17,34,43,56;1128,5,4,24,60,100,181;1303,4,10,24,39,45;1014,4,3,9,40,55;1241,4,7,18,28,51;1020,4,12,25,40,243;1005,3,8,19,29;1069,3,9,30,91;1291,3,13,36,62;1190,3,6,14,32;1246,3,11,23,44;1343,3,8,17,38;1358,3,6,18,34;1063,3,5,17,45;1195,3,1,8,40;1019,3,5,16,31;1112,3,13,69,174;1113,3,9,19,39;1222,3,9,19,45;1265,3,1,11,22;1023,3,1,7,14;1252,3,15,33,54;1223,3,6,19,51;1267,3,2,8,16;1047,3,4,9,26;1048,3,1,4,120;1172,3,13,27,247;1239,3,8,18,170;1052,3,8,17,26;1085,3,10,21,74;1299,3,113,133,187;1185,3,15,36,62;1065,3,21,47,75;1066,3,21,43,48;1178,2,4,18;1215,2,2,10;1081,2,7,23;1233,2,7,17;1083,2,15,31;1084,2,2,13;1187,2,11,26;1327,2,9,19;1225,2,14,29;1324,2,12,27;1086,2,12,25;1032,2,10,21;1139,1,68;1140,1,33;1034,1,89;1211,1,209;1274,1,145;1193,1,107;1314,1,25;1109,1,33;1318,1,203;1220,1,77;1326,1,121;1114,1,14;1184,1,47;1307,1,90;1395,1,35;1026,1,40;1247,1,170;1245,1,71;1151,1,29;1060,1,55;1202,1,182;1132,1,153
224,41,81:1200,6,11,22,56,88,113,171;1112,5,15,40,53,59,98;1331,5,62,83,124,146,164;1275,4,13,26,39,77;1117,4,13,26,47,93;1122,4,63,118,148,160;1203,4,5,15,36,82;1145,3,3,27,59;1193,3,43,77,80;1306,3,11,27,77;1086,3,6,19,92;1139,2,72,98;1153,2,21,66;1355,2,26,37;1082,2,55,84;1233,2,32,103;1114,2,335,385;1151,2,3,11;1350,1,40;1178,1,85;1078,1,132;1079,1,128;1211,1,56;1274,1,66;1342,1,89;1232,1,47;1339,1,118;1222,1,27;1251,1,86;1234,1,35;1369,1,38;1023,1,48;1084,1,30;1184,1,28;1307,1,102;1121,1,218;1225,1,155;1254,1,125;1299,1,75;1375,1,11;1271,1,57
291,44,46:1045,3,137,167,210;1139,1,86;1287,1,127;1067,1,186;1009,1,116;1001,1,281;1069,1,150;1095,1,83;1096,1,128;1249,1,73;1101,1,54;1293,1,99;1376,1,73;1373,1,74;1216,1,186;1259,1,86;1191,1,73;1260,1,279;1371,1,33;1372,1,69;1014,1,127;1297,1,205;1343,1,115;1264,1,98;1083,1,234;1234,1,90;1118,1,69;1252,1,161;1315,1,255;1235,1,174;1037,1,180;1172,1,175;1276,1,239;1309,1,155;1185,1,227;1384,1,72;1231,1,113;1310,1,150;1271,1,84;1087,1,163;1335,1,313;1320,1,128;1364,1,123;1300,1,84
292,60,71:1045,4,138,168,211,234;1001,3,269,306,318;1284,3,34,90,112;1069,2,123,216;1074,2,78,111;1170,2,51,80;1324,2,79,118;1139,1,87;1287,1,128;1282,1,60;1272,1,190;1210,1,265;1337,1,74;1353,1,76;1068,1,130;1095,1,84;1096,1,129;1098,1,201;1101,1,55;1293,1,100;1376,1,74;1373,1,75;1216,1,167;1259,1,77;1191,1,67;1305,1,136;1372,1,67;1014,1,128;1062,1,184;1297,1,199;1314,1,107;1343,1,101;1232,1,239;1263,1,151;1112,1,186;1083,1,198;1234,1,91;1296,1,123;1024,1,231;1184,1,388;1208,1,108;1118,1,70;1252,1,162;1315,1,239;1187,1,113;1048,1,129;1235,1,175;1037,1,181;1172,1,176;1239,1,160;1033,1,351;1003,1,140;1186,1,115;1271,1,85;1335,1,314;1363,1,157;1320,1,129;1311,1,169;1364,1,113;1300,1,85
1,102,151:1001,4,195,277,284,358;1089,3,87,164,206;1067,3,18,116,191;1009,3,2,17,64;1005,3,3,14,97;1069,3,2,23,55;1098,3,1,4,14;1058,3,1,20,40;1006,3,1,21,216;1339,3,17,140,272;1262,3,62,72,99;1083,3,151,237,260;1127,3,24,148,161;1353,2,68,79;1073,2,2,14;1170,2,45,62;1293,2,130,135;1000,2,2,20;1077,2,1,26;1261,2,52,103;1104,2,21,80;1146,2,2,22;1343,2,19,40;1045,2,129,183;1040,2,1,19;1199,2,46,149;1171,2,20,203;1047,2,48,61;1121,2,88,219;1239,2,162,179;1269,2,39,50;1054,2,40,144;1065,2,183,208;1186,2,111,168;1060,2,2,14;1139,1,89;1141,1,18;1396,1,81;1272,1,181;1210,1,17;1351,1,17;1337,1,76;1166,1,129;1177,1,21;1168,1,86;1325,1,106;1095,1,86;1273,1,80;1096,1,132;1070,1,323;1071,1,76;1010,1,30;1215,1,91;1246,1,147;1294,1,132;1216,1,173;1102,1,102;1103,1,12;1014,1,43;999,1,41;1036,1,47;1105,1,90;1106,1,44;1107,1,22;1321,1,152;1209,1,100;1314,1,109;1081,1,137;1318,1,262;1232,1,229;1063,1,203;1110,1,32;1020,1,28;1263,1,154;1111,1,22;1112,1,194;1113,1,27;1222,1,117;1046,1,20;1022,1,82;1234,1,86;1296,1,119;1315,1,241;1187,1,126;1163,1,157;1037,1,70;1367,1,111;1245,1,270;1123,1,40;1053,1,205;1226,1,48;1185,1,218;1055,1,92;1334,1,77;1319,1,28;1324,1,120;1057,1,35;1363,1,163;1311,1,171;1161,1,263;1364,1,120;1300,1,74
78,79,304:1033,25,7,15,21,27,92,131,171,196,205,218,228,277,309,318,322,377,420,429,517,534,569,584,596,605,613;1184,14,6,14,76,93,122,137,164,184,207,247,260,280,299,345;1058,12,7,11,26,30,50,56,85,105,122,143,159,173;1155,11,7,20,31,76,95,104,113,173,183,205,217;1035,9,2,5,9,43,69,74,109,153,178;1171,9,8,17,31,39,80,100,107,158,199;1049,9,25,58,69,123,137,144,189,202,226;1308,9,9,19,33,46,62,120,126,141,149;1053,9,25,58,67,126,140,147,192,207,231;1060,9,8,20,45,85,90,104,134,139,181;1328,8,14,18,33,37,54,58,69,121;1116,7,13,27,47,62,113,125,203;1276,7,4,18,76,90,139,147,229;1034,6,5,28,48,71,87,101;1269,6,7,15,36,43,51,65;1151,6,7,15,35,41,59,228;1392,6,5,11,26,30,66,111;1318,5,92,135,148,159,185;1114,5,350,380,395,419,424;1002,5,9,23,38,109,114;1145,4,106,130,136,164;1099,4,103,109,191,202;1279,4,1,11,29,42;1036,4,5,11,17,42;1211,4,40,144,176,184;1241,4,89,103,247,268;1118,4,32,36,86,103;1311,4,8,20,39,51;1203,4,1,11,30,183;1140,3,73,108,152;1207,3,12,44,75;1014,3,29,81,115;1314,3,1,11,59;1220,3,14,29,51;1222,3,34,93,104;1369,3,80,125,169;1298,3,16,33,47;1367,3,6,15,25;1122,3,46,90,202;1245,3,131,139,185;1123,3,1,5,18;1104,2,75,109;1018,2,120,134;1232,2,50,131;1006,2,104,106;1045,2,70,237;1040,2,61,138;1233,2,90,141;1046,2,43,58;1022,2,34,143;1198,2,62,118;1084,2,44,61;1199,2,52,221;1360,2,3,7;1172,2,72,269;1086,2,45,102;1236,2,37,40;1041,2,11,23;1139,1,90;1143,1,143;1178,1,37;1077,1,61;1193,1,65;1209,1,65;1342,1,39;1109,1,73;1112,1,171;1083,1,137;1234,1,83;1252,1,126;1267,1,20;1051,1,39;1027,1,43;1205,1,135;1038,1,79;1124,1,106;1201,1,70;1066,1,74;1057,1,43
79,71,179:1058,9,8,27,51,86,106,123,144,160,174;1158,8,142,146,156,165,175,185,240,247;1111,6,86,94,133,160,166,229;1033,6,56,146,256,371,482,546;1392,6,6,12,27,31,67,112;1220,5,15,30,52,59,112;1165,4,190,194,198,214;1145,4,107,131,137,165;1099,4,104,110,192,203;1035,4,70,110,154,179;1155,4,8,21,32,218;1156,4,186,250,292,372;1184,4,194,242,291,300;1116,4,14,28,48,204;1328,4,15,34,55,70;1053,4,127,193,208,232;1151,4,36,42,229,242;1060,4,9,21,46,182;1311,4,9,21,40,52;1203,4,2,12,31,184;1207,3,13,45,76;1211,3,41,145,177;1194,3,42,47,69;1047,3,17,34,39;1049,3,124,203,227;1253,3,68,97,153;1276,3,5,19,148;1201,3,9,18,21;1140,2,74,109;1014,2,30,82;1261,2,66,71;1193,2,68,115;1232,2,51,132;1241,2,210,238;1369,2,81,126;1395,2,3,10;1298,2,17,34;1367,2,7,16;1172,2,73,270;1027,2,44,180;1269,2,37,44;1308,2,121,127;1160,2,156,257;1132,2,164,188;1139,1,91;1143,1,144;1216,1,94;1259,1,127;1192,1,404;999,1,135;1209,1,66;1342,1,40;1020,1,222;1083,1,138;1222,1,35;1021,1,91;1046,1,59;1114,1,420;1159,1,140;1198,1,63;1084,1,45;1118,1,33;1252,1,127;1267,1,21;1205,1,136;1245,1,132;1123,1,19;1038,1,80;1344,1,98;1065,1,196;1066,1,75
147,91,224:1062,12,14,34,68,90,106,108,130,150,170,195,202,217;1196,8,13,26,40,142,158,161,184,292;1024,7,6,20,71,153,168,211,229;1033,7,61,78,180,200,262,349,363;1067,6,86,104,127,161,226,249;1160,6,18,36,74,143,209,230;1192,5,39,275,395,418,455;1110,5,90,122,146,187,202;1074,4,54,57,100,104;1146,4,20,40,74,144;1317,4,16,32,56,81;1108,4,8,16,25,39;1020,4,172,184,202,241;1022,4,37,106,135,179;1238,4,9,18,43,114;1208,4,65,167,188,192;1025,4,10,27,40,119;1158,4,145,174,223,246;1226,4,7,19,29,123;1299,4,11,24,123,224;1087,4,16,42,137,282;1207,3,16,48,79;1258,3,70,93,135;1371,3,21,38,53;1321,3,86,91,99;1295,3,69,78,151;1241,3,11,22,107;1296,3,69,101,114;1157,3,5,29,52;1172,3,152,162,254;1231,3,99,106,137;1151,3,23,92,156;1202,3,90,154,183;1097,2,71,93;1073,2,74,107;1014,2,33,79;1297,2,77,90;1232,2,219,233;1194,2,10,29;1083,2,61,253;1113,2,46,59;1197,2,55,105;1184,2,102,312;1323,2,9,18;1187,2,52,102;1163,2,69,102;1119,2,49,237;1327,2,45,72;1214,2,5,10;1122,2,172,186;1240,2,49,69;1028,2,7,17;1066,2,15,37;1130,2,54,296;1183,2,101,154;1139,1,93;1380,1,84;1387,1,51;1301,1,95;1068,1,111;1094,1,74;1325,1,60;1249,1,37;1145,1,49;1190,1,107;1259,1,63;1330,1,169;1381,1,82;1018,1,81;1081,1,45;1326,1,53;1221,1,99;1275,1,45;1199,1,40;1267,1,69;1235,1,58;1050,1,42;1027,1,86;1205,1,231;1242,1,67;1008,1,100;1201,1,24;1150,1,67;1056,1,151;1186,1,42;1060,1,177;1362,1,56;1057,1,23;1320,1,27;1203,1,140;1161,1,115
298,11,17:1017,4,3,12,25,87;1245,4,1,11,22,243;1139,1,99;1135,1,73;1145,1,158;1076,1,73;1254,1,133;1269,1,78;1031,1,24;1039,1,36;1183,1,42
562,21,24:1140,2,18,41;1025,2,2,19;1127,2,36,105;1350,1,18;1070,1,89;1341,1,36;1100,1,78;1035,1,39;1110,1,54;1171,1,186;1163,1,159;1002,1,102;1050,1,104;1247,1,105;1038,1,52;1309,1,79;1125,1,257;1028,1,25;1088,1,178;1161,1,48;1133,1,28
1064,8,14:1242,4,12,24,34,101;1140,2,21,92;1217,2,47,173;1028,2,113,143;1305,1,243;1245,1,212;1328,1,130;1127,1,172
634,3,3:1140,1,23;1194,1,65;1127,1,174
3391,2,2:1140,1,38;1291,1,101
259,71,107:1166,5,130,139,157,164,204;1284,5,39,84,107,135,140;1037,5,61,162,192,200,223;1003,4,93,111,147,151;1072,3,1,19,107;1339,3,18,141,165;1171,3,77,119,122;1087,3,141,236,268;1089,2,68,131;1011,2,46,191;1170,2,46,63;1101,2,58,134;1058,2,88,213;1109,2,52,85;1343,2,20,56;1232,2,230,242;1006,2,309,318;1019,2,71,111;1118,2,52,65;1235,2,146,178;1245,2,209,271;1140,1,46;1144,1,67;1255,1,111;1290,1,102;1210,1,260;1380,1,65;1351,1,18;1091,1,229;1096,1,133;1073,1,130;1283,1,55;1292,1,51;1379,1,56;1012,1,78;1293,1,136;1075,1,98;1076,1,30;1316,1,63;1014,1,44;1104,1,112;1059,1,171;1016,1,202;1078,1,138;1105,1,91;1297,1,198;1209,1,101;1314,1,110;1018,1,70;1081,1,138;1063,1,204;1020,1,100;1045,1,130;1263,1,155;1222,1,118;1046,1,104;1296,1,120;1329,1,54;1199,1,49;1047,1,49;1225,1,148;1367,1,112;1033,1,326;1054,1,189;1185,1,220;1361,1,102;1324,1,121;1311,1,172;1161,1,264;1041,1,60;1364,1,121
666,16,20:1265,3,9,19,39;1108,2,57,86;1161,2,86,149;1140,1,47;1094,1,187;1305,1,215;1076,1,157;1040,1,158;1159,1,33;1266,1,43;1323,1,37;1128,1,84;1031,1,141;1277,1,74;1335,1,95;1320,1,60
347,31,41:1330,8,1,5,14,65,104,119,135,150;1209,3,78,105,123;1196,2,109,148;1140,1,51;1382,1,38;1210,1,43;1301,1,155;1094,1,376;1283,1,29;1379,1,58;1012,1,109;1215,1,137;1368,1,101;1193,1,132;1295,1,89;1194,1,61;1045,1,223;1264,1,79;1275,1,27;1159,1,97;1024,1,245;1117,1,43;1359,1,122;1199,1,101;1119,1,58;1327,1,176;1245,1,92;1240,1,35;1003,1,124;1271,1,108;1336,1,66
177,8,9:1148,2,32,99;1140,1,52;1341,1,45;1383,1,41;1318,1,199;1122,1,165;1055,1,97;1182,1,105
609,27,31:1090,2,102,353;1093,2,65,80;1261,2,15,22;1345,2,25,100;1140,1,53;1174,1,16;1165,1,55;1337,1,81;1248,1,103;1312,1,84;1273,1,81;1070,1,123;1071,1,77;1294,1,158;1103,1,42;1018,1,27;1108,1,105;1163,1,158;1002,1,47;1122,1,132;1245,1,267;1308,1,68;1276,1,197;1160,1,91;1128,1,277;1131,1,155;1320,1,160
1308,5,5:1140,1,54;1272,1,19;1037,1,154;1228,1,139;1054,1,91
2357,1,1:1140,1,55
4412,1,1:1140,1,56
3180,4,4:1140,1,57;1144,1,20;1245,1,239;1028,1,142
231,53,69:1290,4,15,44,53,92;1140,2,64,118;1174,2,38,74;1165,2,110,177;1312,2,52,58;1321,2,71,98;1318,2,39,246;1084,2,7,18;1163,2,204,364;1213,2,121,222;1247,2,82,112;1309,2,88,209;1370,2,63,134;1202,2,84,128;1144,1,21;1287,1,88;1396,1,16;1350,1,44;1153,1,80;1091,1,75;1092,1,54;1162,1,96;1386,1,75;1012,1,143;1376,1,39;1259,1,94;1179,1,89;1313,1,62;1342,1,74;1339,1,19;1083,1,72;1322,1,211;1114,1,182;1197,1,123;1156,1,102;1208,1,72;1116,1,222;1323,1,114;1224,1,163;1119,1,34;1377,1,22;1026,1,89;1333,1,89;1052,1,49;1122,1,154;1033,1,270;1201,1,84;1150,1,93;1003,1,31;1127,1,141;1361,1,69;1065,1,178;1335,1,120
855,16,31:1067,5,84,122,125,159,247;1163,5,105,126,190,267,320;1157,3,15,39,73;1140,2,66,101;1095,2,129,157;1150,2,9,23;1028,2,58,82;1392,2,78,129;1152,1,145;1272,1,116;1068,1,69;1283,1,21;1359,1,61;1361,1,60;1277,1,55;1311,1,87
133,69,81:1173,3,51,102,166;1140,2,67,102;1165,2,229,262;1034,2,2,25;1076,2,117,163;1078,2,199,212;1297,2,53,114;1333,2,44,143;1276,2,66,115;1088,2,10,33;1161,2,88,333;1142,1,144;1143,1,36;1290,1,80;1393,1,80;1067,1,72;1303,1,286;1135,1,70;1068,1,101;1001,1,107;1094,1,191;1257,1,68;1072,1,121;1178,1,35;1294,1,150;1216,1,14;1260,1,149;1102,1,88;1015,1,223;1058,1,151;1062,1,143;1381,1,42;1321,1,82;1314,1,55;1018,1,124;1063,1,207;1219,1,206;1241,1,155;1155,1,47;1195,1,164;1019,1,93;1111,1,207;1233,1,99;1296,1,71;1197,1,115;1163,1,47;1121,1,58;1253,1,76;1051,1,25;1247,1,94;1205,1,82;1158,1,199;1160,1,232;1150,1,70;1126,1,59;1028,1,261;1128,1,140;1030,1,130;1180,1,36;1186,1,62;1130,1,252;1271,1,215;1057,1,87;1032,1,56;1335,1,129;1131,1,81;1270,1,63;1203,1,164;1364,1,85
1206,10,13:1207,3,11,43,74;1140,2,72,151;1314,1,58;1318,1,147;1241,1,259;1083,1,136;1184,1,246;1047,1,15;1298,1,55;1245,1,130
94,11,16:1322,5,76,120,185,197,266;1183,2,107,124;1140,1,76;1210,1,439;1094,1,115;1330,1,191;1238,1,82;1202,1,61;1319,1,80;1324,1,102;1363,1,54
1718,2,2:1140,1,77;1210,1,440
452,21,43:1184,8,7,15,77,94,123,208,261,281;1046,6,3,12,24,121,159,176;1237,4,6,14,39,103;1033,4,145,370,481,545;1124,3,54,74,150;1210,2,441,493;1050,2,3,12;1140,1,78;1290,1,49;1305,1,134;1372,1,40;1193,1,67;1241,1,260;1222,1,99;1359,1,59;1267,1,49;1049,1,92;1134,1,274;1245,1,186;1053,1,96;1126,1,126
332,21,22:1302,2,51,54;1140,1,90;1243,1,20;1338,1,70;1094,1,364;1095,1,43;1072,1,110;1010,1,206;1215,1,163;1293,1,197;1371,1,82;1078,1,143;1149,1,32;1113,1,85;1266,1,138;1027,1,96;1245,1,242;1128,1,187;1032,1,64;1131,1,179;1133,1,99
274,87,120:1083,4,118,189,200,240;1349,3,143,175,195;1196,3,203,224,298;1369,3,114,122,135;1253,3,106,135,171;1087,3,100,110,247;1288,2,85,116;1210,2,250,408;1353,2,73,80;1070,2,231,302;1016,2,141,155;1106,2,97,139;1237,2,51,117;1232,2,204,215;1021,2,168,195;1329,2,60,69;1199,2,204,271;1213,2,156,169;1239,2,124,180;1126,2,47,138;1230,2,69,93;1151,2,252,297;1032,2,96,128;1335,2,181,210;1088,2,146,157;1132,2,67,99;1140,1,95;1174,1,49;1347,1,55;1365,1,82;1382,1,52;1278,1,10;1009,1,65;1068,1,144;1001,1,197;1162,1,98;1094,1,341;1391,1,39;1304,1,83;1257,1,133;1010,1,173;1074,1,114;1379,1,21;1011,1,324;1178,1,120;1145,1,237;1101,1,142;1259,1,125;1313,1,115;1372,1,62;1013,1,33;1015,1,256;1211,1,158;1342,1,53;1326,1,37;1264,1,107;1112,1,81;1275,1,71;1114,1,345;1197,1,144;1115,1,70;1116,1,223;1118,1,107;1252,1,148;1223,1,84;1171,1,105;1163,1,371;1120,1,96;1121,1,231;1050,1,168;1052,1,42;1033,1,386;1038,1,92;1008,1,205;1299,1,197;1125,1,125;1054,1,203;1185,1,133;1128,1,238;1229,1,155;1204,1,242;1065,1,209;1231,1,189;1310,1,73;1277,1,201;1270,1,52;1041,1,54
795,3,3:1140,1,98;1303,1,115;1202,1,82
264,51,101:1309,10,98,110,116,130,149,160,170,188,205,212;1090,7,145,156,172,180,285,373,386;1244,6,48,53,73,81,92,108;1362,6,8,16,31,38,65,82;1140,4,111,121,129,141;1305,4,59,112,166,245;1327,4,88,126,162,206;1048,3,31,55,66;1227,3,6,21,104;1125,3,81,98,135;1131,3,132,168,200;1079,2,78,85;1326,2,29,82;1020,2,142,247;1315,2,161,170;1163,2,234,346;1331,2,92,98;1158,2,58,61;1392,2,82,101;1281,1,100;1393,1,78;1387,1,124;1303,1,129;1391,1,30;1273,1,54;1070,1,133;1179,1,124;1330,1,180;1108,1,43;1219,1,169;1263,1,82;1322,1,173;1113,1,82;1197,1,140;1252,1,112;1267,1,43;1268,1,152;1377,1,44;1213,1,272;1367,1,32;1344,1,78;1126,1,67;1185,1,141;1055,1,121;1128,1,266;1204,1,32;1310,1,30;1277,1,82;1087,1,146;1270,1,51;1311,1,67
68,13,19:1319,4,54,78,142,180;1070,3,32,75,153;1322,2,82,102;1140,1,117;1290,1,51;1272,1,54;1094,1,229;1015,1,60;1077,1,132;1266,1,57;1254,1,63;1310,1,134;1324,1,53
557,17,28:1321,5,8,21,48,87,109;1238,3,39,131,168;1246,2,99,119;1366,2,49,85;1015,2,98,186;1037,2,133,229;1299,2,39,55;1140,1,124;1143,1,136;1393,1,27;1303,1,73;1077,1,128;1063,1,62;1263,1,107;1048,1,74;1123,1,23;1334,1,63
211,53,115:1210,9,71,235,242,270,377,453,466,476,483;1095,9,13,30,64,89,105,122,133,143,160;1070,9,8,42,51,85,170,176,284,288,328;1171,6,66,97,146,151,163,170;1109,5,9,19,65,98,141;1021,4,64,145,218,224;1329,4,14,29,50,79;1172,4,58,119,153,163;1096,3,16,34,80;1020,3,87,147,252;1262,3,9,20,91;1156,3,173,191,235;1087,3,84,170,288;1273,2,8,18;1040,2,214,251;1306,2,98,102;1252,2,74,115;1199,2,184,206;1239,2,104,128;1030,2,104,310;1066,2,10,32;1236,2,24,84;1041,2,65,81;1140,1,137;1143,1,130;1325,1,116;1304,1,66;1145,1,92;1250,1,30;1077,1,122;1018,1,110;1232,1,172;1110,1,114;1019,1,88;1332,1,129;1112,1,46;1322,1,193;1114,1,309;1159,1,186;1323,1,129;1118,1,111;1253,1,157;1235,1,73;1225,1,125;1134,1,65;1033,1,458;1160,1,201;1226,1,128;1204,1,199;1056,1,107;1231,1,171;1060,1,82;1057,1,71
1545,5,7:1140,2,149,175;1255,2,116,126;1303,1,292;1055,1,118;1087,1,143
1754,16,25:1193,5,8,16,37,92,111;1342,3,5,10,24;1172,3,84,211,259;1060,2,52,65;1140,1,155;1009,1,89;1295,1,126;1241,1,293;1220,1,94;1326,1,125;1198,1,144;1245,1,150;1226,1,79;1008,1,218;1299,1,105;1151,1,74
188,12,33:1126,10,4,14,26,54,81,94,117,147,174,189;1003,7,7,20,37,54,82,97,115;1037,6,20,46,86,167,177,215;1040,2,14,32;1140,1,164;1142,1,130;1063,1,180;1019,1,29;1022,1,72;1328,1,75;1124,1,86;1185,1,188
2180,4,4:1140,1,165;1289,1,21;1044,1,158;1035,1,90
742,13,16:1018,3,12,24,55;1172,2,89,276;1140,1,166;1210,1,86;1135,1,197;1273,1,45;1010,1,136;1011,1,263;1080,1,114;1020,1,38;1262,1,123;1231,1,211;1032,1,98
2653,5,5:1140,1,168;1143,1,112;1253,1,30;1229,1,187;1336,1,77
417,23,30:1368,3,52,117,134;1241,3,149,161,188;1040,3,7,25,38;1024,2,66,94;1140,1,173;1142,1,65;1166,1,145;1338,1,106;1301,1,140;1011,1,90;1305,1,133;1076,1,88;1063,1,74;1111,1,42;1021,1,24;1252,1,131;1267,1,53;1327,1,152;1225,1,36;1085,1,122;1201,1,52;1028,1,70;1131,1,129
261,25,26:1296,2,70,77;1141,1,17;1272,1,163;1190,1,201;1246,1,59;1154,1,69;1101,1,279;1293,1,54;1394,1,47;1040,1,71;1023,1,61;1156,1,116;1024,1,46;1208,1,36;1199,1,97;1119,1,46;1049,1,100;1327,1,148;1053,1,104;1085,1,90;1201,1,76;1384,1,20;1271,1,190;1032,1,66;1088,1,111
746,8,10:1101,2,16,91;1260,2,33,233;1141,1,25;1153,1,76;1098,1,102;1355,1,20;1217,1,35;1333,1,30
4012,1,1:1141,1,26
491,9,37:1161,11,14,37,70,101,118,131,136,142,256,309,324;1216,7,6,12,19,31,70,80,98;1088,7,6,29,81,92,132,194,245;1141,6,29,38,42,55,76,85;1133,2,76,104;1350,1,81;1075,1,40;1008,1,263;1173,1,107
462,8,44:1037,9,7,33,60,76,144,184,199,210,222;1054,8,13,32,64,114,145,151,174,205;1055,8,4,18,43,93,98,114,134,175;1185,6,3,24,50,179,219,228;1355,5,6,12,25,42,55;1141,4,30,47,77,81;1127,3,8,19,30;1120,1,92
4119,3,4:1166,2,6,23;1141,1,36;1286,1,75
1673,18,27:1173,4,3,12,30,129;1088,3,91,193,244;1161,3,13,36,69;1141,2,37,41;1186,2,52,134;1176,1,37;1393,1,105;1350,1,80;1216,1,16;1241,1,38;1306,1,116;1114,1,298;1085,1,38;1125,1,112;1028,1,238;1180,1,33;1181,1,34;1336,1,25
1222,23,77:1075,7,9,22,33,43,50,88,127;1168,6,5,12,43,61,71,92;1173,6,49,69,78,87,103,114;1133,6,13,26,48,63,89,110;1179,4,6,18,32,84;1357,4,4,19,35,123;1286,4,6,19,30,83;1100,3,4,9,26;1191,3,5,23,45;1356,3,16,38,61;1285,3,5,12,18;1374,3,3,10,24;1180,3,9,18,48;1181,3,9,18,41;1345,3,7,18,78;1364,3,14,28,100;1300,3,13,26,50;1336,3,4,11,33;1088,2,76,107;1161,2,83,109;1141,1,43;1350,1,87;1107,1,42
2330,4,7:1353,3,4,11,20;1305,2,220,228;1141,1,45;1354,1,46
1325,5,7:1128,3,12,32,66;1141,1,46;1073,1,104;1127,1,44;1054,1,70
43,121,372:1083,12,12,28,53,75,98,124,171,182,191,221,242,277;1015,11,6,18,26,68,74,80,105,108,166,203,237;1335,10,9,28,47,98,112,126,189,251,256,322;1330,9,3,7,27,36,67,106,121,137,152;1163,9,11,23,35,222,238,275,297,302,312;1060,9,11,23,37,61,80,145,172,195,218;1131,9,6,15,28,42,65,92,145,151,187;1199,8,10,21,35,74,109,124,198,250;1111,7,1,10,32,49,60,111,145;1197,7,7,24,43,71,108,153,160;1158,7,5,13,44,85,105,117,192;1110,6,5,20,40,67,167,179;1196,6,47,81,102,113,172,276;1238,6,3,12,21,34,103,121;1315,6,9,23,38,69,113,230;1253,6,6,13,24,111,147,161;1247,6,2,9,30,55,88,136;1160,6,9,27,42,103,117,214;1231,6,1,16,41,94,140,218;1000,5,9,27,66,85,140;1297,5,6,14,28,40,103;1322,5,6,21,39,90,245;1235,5,40,81,103,130,228;1310,5,6,13,21,81,111;1202,5,4,16,35,143,178;1087,5,6,32,64,132,292;1363,5,7,24,55,72,167;1183,5,10,30,48,214,243;1325,4,14,34,53,88;1258,4,4,17,34,141;1321,4,12,25,37,55;1081,4,9,25,41,72;1063,4,7,19,41,68;1323,4,4,13,27,68;1359,4,7,23,44,91;1171,4,1,10,27,75;1172,4,6,20,66,111;1239,4,5,15,25,102;1008,4,62,146,221,346;1030,4,51,242,275,302;1319,4,12,25,121,149;1091,3,82,122,195;1074,3,30,71,86;1145,3,13,37,141;1339,3,65,121,222;1019,3,1,12,56;1045,3,106,142,214;1332,3,24,73,77;1112,3,103,108,137;1222,3,6,16,38;1296,3,8,21,38;1118,3,3,8,26;1200,3,4,15,25;1240,3,9,22,36;1226,3,11,23,34;1277,3,7,15,92;1320,3,7,15,23;1236,3,32,54,102;1210,2,282,323;1090,2,140,253;1278,2,9,153;1338,2,43,86;1094,2,106,386;1274,2,57,81;1218,2,36,89;1314,2,3,13;1295,2,45,121;1326,2,36,48;1275,2,4,17;1225,2,7,22;1056,2,167,179;1039,2,76,161;1271,2,95,221;1141,1,48;1393,1,106;1244,1,96;1301,1,117;1303,1,264;1273,1,91;1070,1,146;1071,1,44;1012,1,35;1013,1,38;1035,1,155;1193,1,72;1018,1,76;1109,1,92;1149,1,88;1318,1,226;1232,1,89;1020,1,74;1262,1,55;1263,1,207;1264,1,106;1233,1,164;1265,1,61;1198,1,164;1024,1,116;1184,1,295;1208,1,12;1266,1,89;1223,1,97;1187,1,64;1119,1,93;1331,1,67;1049,1,208;1026,1,69;1134,1,112;1205,1,67;1245,1,45;1033,1,436;1053,1,213;1064,1,91;1229,1,186;1204,1,212;1031,1,131;1375,1,24;1129,1,27;1086,1,70;1088,1,108;1041,1,57
586,14,18:1064,4,12,30,59,88;1339,2,170,256;1141,1,50;1093,1,124;1258,1,110;1237,1,89;1318,1,84;1116,1,128;1331,1,70;1121,1,215;1235,1,138;1214,1,131;1085,1,169;1028,1,28
27,19,21:1365,2,11,25;1358,2,38,133;1141,1,60;1067,1,198;1258,1,113;1398,1,23;1076,1,229;1081,1,65;1339,1,269;1263,1,60;1159,1,198;1235,1,198;1157,1,122;1185,1,145;1055,1,103;1345,1,85;1277,1,225;1319,1,175;1182,1,46
546,12,14:1299,3,35,51,72;1141,1,62;1168,1,48;1190,1,96;1169,1,109;1373,1,66;1179,1,44;1023,1,66;1037,1,221;1333,1,94;1028,1,65;1229,1,175
1561,7,8:1170,2,57,84;1141,1,63;1354,1,51;1153,1,105;1179,1,85;1160,1,59;1161,1,130
64,65,175:1173,12,4,13,31,41,61,82,100,111,130,143,155,211;1145,11,7,31,62,72,120,177,197,207,222,236,252;1277,9,6,14,39,77,97,125,177,182,251;1186,7,12,24,37,53,69,96,135;1200,6,3,14,35,63,126,149;1075,5,11,24,35,45,59;1266,5,7,14,31,93,106;1133,5,10,23,44,50,71;1353,4,7,14,17,40;1354,4,7,19,44,64;1248,4,10,20,35,45;1338,4,8,16,29,38;1091,4,6,18,36,191;1101,4,38,137,180,274;1295,4,9,18,35,51;1085,4,3,14,39,177;1231,4,46,98,109,120;1364,4,10,24,40,108;1336,4,5,12,26,53;1352,3,8,16,39;1302,3,5,10,43;1167,3,7,17,50;1258,3,9,22,41;1398,3,10,20,39;1108,3,58,68,87;1180,3,6,15,34;1181,3,6,15,35;1300,3,10,23,44;1348,2,31,64;1094,2,81,126;1262,2,76,162;1296,2,13,26;1298,2,42,54;1060,2,42,71;1132,2,66,74;1141,1,64;1174,1,122;1175,1,23;1350,1,57;1301,1,153;1012,1,124;1284,1,45;1192,1,64;1330,1,203;1035,1,165;1297,1,170;1149,1,82;1232,1,30;1111,1,38;1083,1,303;1196,1,207;1119,1,245;1049,1,213;1253,1,29;1333,1,133;1172,1,46;1240,1,52;1053,1,218;1160,1,127;1226,1,89;1008,1,79;1299,1,94;1370,1,154;1087,1,313;1183,1,87
409,41,58:1090,5,136,168,212,257,271;1388,3,11,28,69;1389,3,10,21,31;1386,3,8,17,38;1368,3,83,93,256;1393,2,38,73;1101,2,157,224;1197,2,122,181;1048,2,11,44;1270,2,10,27;1141,1,70;1380,1,44;1248,1,89;1091,1,116;1167,1,26;1391,1,55;1257,1,42;1169,1,61;1284,1,51;1216,1,164;1179,1,50;1260,1,274;1305,1,49;1016,1,194;1063,1,57;1263,1,67;1251,1,107;1196,1,125;1369,1,51;1184,1,232;1223,1,91;1315,1,93;1163,1,206;1377,1,75;1085,1,88;1202,1,72;1277,1,85;1271,1,208;1335,1,108;1392,1,43;1311,1,80
103,82,97:1198,4,15,29,87,126;1201,3,42,116,122;1294,2,23,118;1371,2,62,125;1017,2,32,78;1307,2,78,181;1158,2,88,129;1309,2,85,216;1127,2,93,156;1277,2,19,104;1182,2,72,100;1173,2,22,118;1141,1,79;1396,1,79;1089,1,112;1164,1,20;1148,1,30;1387,1,136;1351,1,13;1090,1,249;1248,1,40;1338,1,90;1302,1,12;1303,1,273;1092,1,62;1177,1,67;1168,1,101;1189,1,17;1341,1,76;1249,1,65;1292,1,62;1379,1,79;1178,1,95;1190,1,273;1215,1,136;1355,1,16;1293,1,122;1075,1,53;1191,1,107;1103,1,37;1390,1,25;1316,1,51;1036,1,45;1261,1,51;1104,1,85;1381,1,23;1368,1,19;1274,1,94;1193,1,146;1321,1,125;1108,1,121;1295,1,170;1241,1,304;1045,1,120;1159,1,86;1023,1,107;1184,1,87;1117,1,58;1359,1,75;1047,1,71;1120,1,105;1331,1,72;1377,1,84;1025,1,102;1374,1,30;1254,1,50;1172,1,285;1239,1,33;1052,1,56;1328,1,117;1033,1,489;1269,1,46;1276,1,178;1085,1,131;1125,1,211;1384,1,13;1340,1,141;1334,1,73;1130,1,110;1086,1,108;1131,1,24;1203,1,92
3899,11,23:1170,5,4,9,19,48,74;1168,4,3,10,22,58;1167,3,6,16,33;1169,3,3,11,40;1179,2,45,57;1141,1,84;1352,1,38;1354,1,62;1100,1,67;1373,1,91;1286,1,59
1968,3,4:1125,2,193,197;1141,1,90;1281,1,61
689,28,55:1116,8,8,22,36,56,100,120,146,166;1046,5,50,101,131,163,181;1143,4,27,47,75,138;1328,4,5,24,45,115;1207,3,27,59,93;1002,3,1,15,76;1050,3,2,11,167;1142,2,22,160;1091,2,79,104;1342,2,30,34;1324,2,94,111;1144,1,29;1164,1,31;1278,1,79;1167,1,25;1074,1,99;1101,1,156;1284,1,50;1376,1,30;1035,1,87;1274,1,120;1221,1,69;1307,1,73;1200,1,43;1333,1,88;1254,1,101;1308,1,80;1085,1,95
847,13,13:1142,1,27;1349,1,197;1067,1,257;1090,1,406;1076,1,247;1108,1,34;1238,1,125;1116,1,130;1254,1,90;1160,1,227;1031,1,110;1319,1,153;1183,1,57
1131,26,29:1024,3,193,243,264;1270,2,71,91;1142,1,28;1380,1,173;1090,1,361;1009,1,117;1095,1,117;1010,1,290;1154,1,174;1390,1,59;1297,1,144;1339,1,145;1322,1,250;1238,1,155;1184,1,341;1208,1,80;1120,1,88;1239,1,195;1328,1,127;1126,1,107;1028,1,204;1231,1,114;1271,1,257;1086,1,49;1363,1,89;1161,1,271
1044,12,12:1142,1,30;1174,1,110;1272,1,96;1380,1,53;1166,1,107;1154,1,182;1216,1,193;1195,1,21;1264,1,86;1024,1,161;1315,1,47;1128,1,218
1551,23,67:1314,8,10,20,26,41,63,69,116,124;1046,6,2,11,39,89,127,154;1134,6,86,93,154,172,272,279;1124,5,61,67,96,104,149;1039,5,11,28,45,61,172;1142,4,38,80,114,125;1033,4,52,109,166,502;1030,4,134,146,182,315;1031,4,6,16,33,45;1143,3,21,50,78;1050,3,49,78,131;1035,2,59,123;1049,2,84,108;1053,2,82,112;1034,1,90;1318,1,234;1251,1,96;1026,1,127;1051,1,33;1308,1,157;1056,1,218;1029,1,73;1202,1,194
1060,21,39:1033,5,23,64,219,564,614;1076,4,10,23,63,121;1146,4,59,76,138,168;1204,4,51,66,104,193;1317,3,10,26,52;1134,2,103,121;1030,2,148,162;1032,2,113,143;1142,1,39;1034,1,74;1017,1,52;1237,1,64;1314,1,117;1171,1,33;1002,1,41;1050,1,161;1344,1,143;1125,1,74;1056,1,135;1065,1,105;1271,1,203
4413,1,1:1142,1,46
336,7,12:1210,3,111,379,390;1273,2,42,120;1096,2,54,114;1201,2,66,79;1142,1,47;1217,1,132;1327,1,26
2525,1,1:1142,1,54
100,43,53:1192,5,217,277,386,414,446;1287,2,22,105;1172,2,231,302;1033,2,301,602;1276,2,132,184;1064,2,85,117;1384,2,77,112;1142,1,76;1147,1,129;1272,1,108;1165,1,173;1067,1,270;1210,1,316;1091,1,132;1303,1,59;1189,1,135;1011,1,279;1190,1,260;1000,1,125;1104,1,107;1106,1,118;1368,1,24;1318,1,188;1195,1,114;1222,1,83;1023,1,77;1156,1,417;1395,1,54;1047,1,68;1327,1,258;1160,1,146;1008,1,190;1309,1,125;1126,1,33;1003,1,59;1128,1,212;1151,1,212;1271,1,101;1182,1,18;1087,1,159;1335,1,155;1161,1,211;1132,1,170
1857,1,1:1142,1,78
905,11,12:1114,2,232,278;1142,1,83;1176,1,62;1188,1,46;1155,1,202;1083,1,207;1299,1,144;1128,1,93;1151,1,279;1130,1,280;1032,1,260
283,12,12:1142,1,84;1386,1,123;1097,1,84;1154,1,89;999,1,101;1332,1,42;1359,1,53;1199,1,231;1327,1,49;1228,1,152;1088,1,136;1173,1,58
534,99,149:1330,6,9,60,99,114,130,145;1016,5,136,150,169,175,180;1219,4,80,93,157,162;1339,4,80,95,158,263;1090,3,141,149,254;1301,3,118,127,166;1059,3,147,156,161;1062,3,5,25,51;1134,3,147,166,234;1053,3,40,86,93;1087,3,26,52,243;1210,2,78,186;1091,2,83,123;1001,2,97,109;1098,2,27,46;999,2,46,143;1015,2,81,109;1112,2,104,176;1046,2,93,112;1197,2,161,195;1238,2,111,146;1266,2,90,122;1116,2,104,131;1323,2,47,102;1163,2,166,188;1331,2,68,172;1049,2,40,89;1050,2,62,68;1051,2,36,136;1033,2,65,514;1085,2,194,210;1203,2,73,105;1142,1,96;1287,1,117;1290,1,59;1349,1,43;1067,1,222;1244,1,105;1248,1,62;1338,1,44;1303,1,265;1135,1,81;1069,1,160;1070,1,147;1071,1,45;1304,1,45;1010,1,205;1044,1,96;1206,1,122;1366,1,68;1076,1,125;1036,1,32;1104,1,91;1211,1,45;1274,1,82;1193,1,73;1218,1,37;1314,1,118;1109,1,69;1082,1,111;1006,1,186;1326,1,49;1332,1,25;1233,1,70;1322,1,43;1265,1,62;1196,1,106;1159,1,223;1198,1,89;1024,1,117;1084,1,53;1184,1,296;1208,1,191;1307,1,68;1223,1,98;1315,1,238;1187,1,65;1199,1,164;1047,1,29;1119,1,94;1397,1,63;1268,1,109;1235,1,136;1002,1,42;1025,1,83;1157,1,201;1308,1,137;1160,1,50;1126,1,129;1280,1,83;1060,1,184;1375,1,49;1334,1,66;1277,1,93;1130,1,108;1086,1,71;1363,1,99;1088,1,109;1132,1,180
1240,8,9:1178,2,40,63;1142,1,100;1090,1,389;1050,1,75;1276,1,110;1028,1,118;1310,1,120;1270,1,67
880,3,3:1142,1,101;1227,1,116;1228,1,100
1768,4,10:1219,4,115,325,512,530;1142,3,115,126,140;1247,2,65,159;1156,1,80
500,71,90:1157,4,99,138,180,207;1303,3,12,26,70;1045,3,9,24,150;1245,3,96,147,168;1028,3,267,280,286;1166,2,12,29;1207,2,30,62;1012,2,9,25;1355,2,28,46;1171,2,47,85;1224,2,9,21;1254,2,30,148;1370,2,33,156;1142,1,134;1143,1,147;1144,1,45;1255,1,121;1290,1,41;1090,1,411;1352,1,48;1135,1,185;1069,1,82;1391,1,22;1070,1,108;1389,1,44;1257,1,29;1010,1,222;1291,1,79;1098,1,57;1379,1,74;1178,1,126;1145,1,140;1169,1,117;1373,1,93;1313,1,102;1076,1,91;1316,1,37;1059,1,119;1016,1,109;1297,1,168;1219,1,74;1155,1,194;1322,1,105;1234,1,66;1114,1,236;1238,1,59;1156,1,335;1024,1,177;1184,1,310;1199,1,63;1049,1,119;1268,1,141;1225,1,42;1134,1,79;1050,1,89;1367,1,36;1122,1,107;1240,1,64;1053,1,122;1227,1,59;1125,1,62;1228,1,57;1126,1,72;1003,1,185;1128,1,269;1384,1,38;1340,1,91;1086,1,113;1057,1,86;1182,1,104;1300,1,77
31,60,70:1210,3,174,248,273;1021,3,78,165,290;1069,2,77,191;1098,2,28,47;1049,2,41,215;1027,2,115,191;1003,2,84,146;1132,2,64,132;1142,1,142;1272,1,178;1278,1,140;1248,1,100;1009,1,62;1001,1,199;1093,1,112;1388,1,61;1273,1,77;1010,1,175;1012,1,152;1246,1,144;1170,1,52;1293,1,90;1294,1,112;1075,1,110;1191,1,58;1305,1,119;1372,1,53;1316,1,90;1015,1,258;1036,1,79;1261,1,37;1104,1,44;1106,1,68;1237,1,81;1343,1,96;1232,1,226;1195,1,96;1045,1,92;1046,1,97;1156,1,208;1184,1,371;1208,1,257;1118,1,55;1252,1,150;1047,1,55;1235,1,231;1026,1,115;1157,1,253;1037,1,193;1254,1,103;1051,1,44;1052,1,39;1053,1,41;1008,1,336;1299,1,138;1150,1,46;1280,1,37;1286,1,50;1335,1,279;1270,1,98
543,39,59:1371,4,1,10,66,78;1213,4,10,21,41,230;1033,4,136,389,508,528;1204,4,36,170,182,201;1089,2,125,143;1091,2,223,226;1069,2,203,214;1264,2,126,144;1208,2,77,98;1163,2,339,352;1327,2,151,213;1229,2,10,34;1142,1,155;1396,1,40;1365,1,81;1096,1,109;1010,1,288;1178,1,66;1101,1,267;1217,1,81;1366,1,95;999,1,164;1058,1,204;1261,1,74;1381,1,86;1209,1,42;1082,1,149;1222,1,80;1159,1,111;1024,1,132;1199,1,218;1224,1,110;1120,1,95;1025,1,97;1037,1,159;1328,1,109;1160,1,222;1370,1,80;1335,1,206
408,28,35:1062,3,12,32,66;1032,3,250,276,298;1165,2,93,248;1196,2,219,242;1245,2,261,272;1142,1,162;1147,1,74;1365,1,67;1349,1,124;1382,1,33;1090,1,245;1188,1,100;1095,1,155;1304,1,87;1215,1,177;1305,1,172;1015,1,205;1339,1,160;1254,1,157;1239,1,130;1007,1,85;1008,1,216;1201,1,155;1280,1,77;1129,1,151;1319,1,89;1088,1,68;1132,1,189
1588,4,4:1142,1,163;1252,1,117;1226,1,74;1088,1,69
2440,4,4:1142,1,164;1013,1,64;1110,1,215;1126,1,122
766,46,59:1207,3,18,50,81;1010,3,8,22,204;1206,3,6,38,84;1160,3,14,32,65;1173,3,68,203,213;1148,2,5,13;1062,2,17,37;1308,2,36,135;1142,1,166;1290,1,58;1365,1,43;1165,1,165;1244,1,103;1153,1,108;1092,1,57;1001,1,294;1093,1,35;1177,1,62;1069,1,66;1386,1,78;1257,1,111;1145,1,74;1215,1,116;1355,1,44;1294,1,101;1373,1,86;1103,1,34;1036,1,37;1059,1,151;1078,1,110;1383,1,9;1318,1,110;1155,1,187;1117,1,91;1329,1,78;1119,1,298;1212,1,56;1333,1,34;1245,1,141;1150,1,78;1227,1,42;1228,1,40;1055,1,127;1029,1,125;1340,1,25;1203,1,63
696,7,12:1143,4,33,39,62,84;1046,3,103,146,186;1274,1,118;1218,1,129;1156,1,89;1116,1,78;1324,1,92
466,48,55:1143,2,43,69;1365,2,13,27;1303,2,169,191;1259,2,107,119;1237,2,34,72;1002,2,57,71;1308,2,74,98;1282,1,37;1272,1,40;1278,1,94;1312,1,25;1094,1,249;1069,1,183;1325,1,69;1258,1,50;1246,1,74;1217,1,118;1366,1,65;1015,1,59;1211,1,156;1108,1,30;1232,1,148;1063,1,121;1155,1,64;1322,1,263;1275,1,35;1369,1,42;1114,1,88;1156,1,40;1024,1,63;1266,1,53;1323,1,111;1307,1,76;1224,1,53;1200,1,48;1213,1,70;1367,1,91;1172,1,264;1247,1,99;1245,1,136;1185,1,126;1128,1,76;1202,1,109;1066,1,60;1324,1,45;1392,1,33;1311,1,54;1132,1,125
2044,3,8:1046,6,92,111,114,134,156,168;1143,1,51;1034,1,112
179,65,116:1132,6,7,19,83,97,119,194;1219,5,330,393,459,482,539;1122,4,10,21,175,195;1131,4,115,176,181,207;1320,4,85,107,147,158;1094,3,214,294,325;1249,3,6,13,28;1104,3,2,10,31;1297,3,100,132,173;1024,3,121,129,142;1117,3,7,20,55;1252,3,107,147,193;1223,3,10,23,46;1028,3,120,164,215;1143,2,54,87;1090,2,81,199;1303,2,228,246;1068,2,105,122;1098,2,125,156;1011,2,67,237;1305,2,77,175;1263,2,89,212;1275,2,3,16;1369,2,8,17;1119,2,145,217;1335,2,296,325;1183,2,142,232;1236,2,2,12;1041,2,4,16;1288,1,89;1210,1,211;1380,1,66;1188,1,13;1135,1,89;1177,1,54;1162,1,36;1260,1,192;1192,1,244;1014,1,111;1000,1,115;1211,1,181;1314,1,91;1018,1,151;1109,1,84;1149,1,64;1318,1,209;1339,1,184;1332,1,58;1264,1,105;1233,1,183;1196,1,240;1084,1,145;1268,1,120;1327,1,170;1239,1,134;1205,1,290;1242,1,104;1344,1,125;1227,1,73;1228,1,71;1229,1,200;1280,1,20;1030,1,254;1087,1,229;1363,1,107
684,13,25:1303,5,13,27,56,67,200;1238,3,6,15,47;1116,3,5,19,33;1050,3,8,17,29;1143,2,56,81;1324,2,88,110;1144,1,28;1094,1,240;1388,1,58;1274,1,115;1342,1,19;1254,1,33;1308,1,79
685,10,22:1050,6,9,18,94,120,125,144;1303,5,14,28,68,86,201;1143,2,57,82;1094,2,241,254;1323,2,63,120;1388,1,59;1238,1,48;1002,1,80;1026,1,110;1254,1,34
1632,5,13:1322,7,14,29,51,175,204,231,257;1143,3,59,71,132;1002,1,62;1130,1,42;1203,1,59
948,19,47:1001,6,12,42,118,219,251,312;1116,6,7,21,35,73,149,226;1161,5,8,31,65,180,305;1393,4,3,11,56,98;1367,3,72,80,100;1143,2,60,72;1382,2,3,11;1243,2,3,11;1067,2,3,11;1210,2,3,11;1350,2,3,11;1380,2,3,11;1198,2,26,83;1185,2,77,127;1017,1,64;1111,1,90;1002,1,63;1126,1,184;1088,1,242
1421,1,2:1143,2,61,83
300,31,39:1044,4,92,126,175,193;1144,2,40,42;1146,2,95,106;1020,2,94,98;1048,2,112,114;1033,2,115,580;1143,1,100;1089,1,189;1009,1,99;1273,1,44;1206,1,168;1034,1,133;1250,1,34;1058,1,114;1077,1,136;1078,1,192;1018,1,181;1109,1,102;1318,1,64;1022,1,164;1114,1,314;1084,1,158;1199,1,189;1253,1,143;1027,1,224;1245,1,61;1126,1,208;1229,1,227;1056,1,113;1057,1,79;1203,1,167
4414,1,1:1143,1,102
1589,13,21:1073,6,11,23,54,120,146,172;1034,4,10,33,55,138;1143,1,109;1249,1,59;1074,1,88;1274,1,92;1237,1,120;1112,1,159;1275,1,62;1208,1,71;1254,1,89;1122,1,233;1183,1,193
1401,7,8:1046,2,118,139;1143,1,113;1282,1,49;1289,1,54;1034,1,142;1200,1,83;1134,1,72
3200,3,5:1073,3,60,155,169;1143,1,114;1034,1,143
342,23,41:1316,4,4,14,22,62;1116,4,67,89,110,216;1379,3,2,10,25;1118,3,21,141,150;1099,2,182,195;1015,2,100,188;1006,2,190,206;1369,2,49,111;1208,2,44,127;1203,2,171,191;1236,2,9,19;1041,2,2,14;1143,1,124;1070,1,207;1366,1,120;1035,1,191;1020,1,169;1322,1,101;1049,1,238;1027,1,76;1053,1,243;1126,1,78;1129,1,167
21,76,138:1315,7,5,19,52,127,130,199,242;1366,5,5,20,50,62,86;1163,5,6,18,75,80,221;1094,4,48,136,224,268;1330,4,105,136,167,170;1027,4,28,74,163,185;1065,4,129,132,223,226;1277,4,64,71,121,151;1131,4,118,140,164,193;1258,3,51,66,133;1104,3,93,97,123;1297,3,167,183,190;1359,3,16,32,98;1280,3,9,18,33;1375,3,10,55,66;1303,2,248,294;1000,2,60,130;1006,2,85,204;1233,2,154,177;1159,2,98,164;1208,2,70,141;1266,2,101,115;1253,2,121,126;1200,2,78,108;1213,2,81,184;1158,2,143,157;1201,2,33,61;1309,2,37,60;1204,2,38,174;1310,2,23,64;1202,2,98,149;1319,2,41,70;1335,2,122,318;1143,1,125;1135,1,148;1325,1,66;1273,1,64;1070,1,219;1394,1,55;1034,1,122;1014,1,88;1058,1,87;1035,1,75;1343,1,39;1358,1,139;1063,1,112;1241,1,96;1220,1,74;1339,1,246;1326,1,69;1332,1,28;1263,1,184;1111,1,174;1112,1,152;1196,1,168;1369,1,140;1197,1,147;1238,1,164;1323,1,86;1331,1,36;1049,1,59;1397,1,28;1377,1,40;1157,1,71;1247,1,126;1239,1,29;1122,1,98;1053,1,59;1126,1,49;1229,1,100;1230,1,38;1129,1,111;1324,1,68;1271,1,56;1183,1,190;1132,1,154
1177,18,34:1322,7,15,30,52,176,205,232,258;1090,3,293,318,342;1287,2,5,15;1174,2,5,12;1175,2,5,12;1288,2,5,12;1396,2,5,12;1001,2,96,108;1079,2,89,100;1032,2,181,243;1143,1,133;1278,1,125;1044,1,162;1146,1,52;1080,1,57;1339,1,86;1280,1,61;1345,1,87
1154,10,14:1010,3,86,138,295;1205,3,17,44,60;1144,1,33;1383,1,23;1318,1,66;1045,1,68;1021,1,60;1225,1,45;1052,1,35;1124,1,69
249,10,17:1125,5,82,127,136,203,206;1252,3,61,91,94;1046,2,64,140;1144,1,35;1256,1,64;1388,1,72;1035,1,92;1104,1,66;1320,1,93;1336,1,74
809,18,41:1379,5,8,16,23,50,90;1207,4,32,64,150,165;1213,4,1,12,29,106;1229,4,1,25,55,124;1230,4,11,22,32,105;1204,3,4,12,216;1280,3,5,14,30;1192,2,12,24;1316,2,21,99;1307,2,11,22;1144,1,43;1118,1,149;1049,1,53;1053,1,53;1126,1,211;1203,1,51;1132,1,38;1236,1,132
145,6,7:1094,2,234,269;1144,1,50;1098,1,79;1323,1,93;1050,1,81;1367,1,41
1211,3,5:1184,3,75,121,206;1144,1,54;1215,1,182
1531,6,7:1219,2,298,367;1144,1,55;1347,1,58;1272,1,87;1082,1,138;1021,1,242
1209,8,13:1292,3,6,14,22;1156,3,50,57,213;1027,2,33,165;1144,1,60;1379,1,71;1261,1,45;1201,1,60;1126,1,51
276,3,4:1320,2,166,178;1144,1,71;1068,1,80
277,3,3:1144,1,72;1294,1,137;1320,1,167
278,4,4:1144,1,74;1316,1,98;1028,1,106;1320,1,169
1484,12,17:1287,2,1,11;1174,2,1,8;1175,2,1,8;1288,2,1,8;1396,2,1,8;1382,1,69;1090,1,99;1312,1,42;1189,1,82;1104,1,83;1306,1,42;1309,1,122
3338,24,101:1272,10,3,9,37,67,74,82,112,130,155,171;1288,8,3,10,40,59,70,77,93,132;1152,7,3,9,18,64,89,113,135;1174,6,3,10,18,62,97,126;1281,6,3,9,18,21,91,112;1287,5,3,13,45,52,77;1147,5,3,9,24,43,145;1256,5,3,9,14,107,149;1347,5,3,9,22,38,62;1175,4,3,10,18,37;1255,4,3,9,20,44;1282,4,3,9,21,35;1346,4,3,9,16,39;1290,4,3,9,64,66;1348,4,3,9,22,28;1349,4,3,9,49,106;1089,3,3,9,24;1396,2,3,10;1289,2,3,9;1164,2,3,9;1176,2,3,9;1165,2,3,9;1262,2,44,144;1153,1,91
523,64,193:1165,8,4,10,94,122,168,186,191,208;1174,7,4,11,19,63,98,118,127;1216,7,2,8,86,138,151,174,184;1147,6,4,10,25,76,89,155;1293,6,9,23,41,87,139,153;1153,5,5,13,85,92,95;1278,5,76,115,120,133,161;1284,5,4,16,42,56,75;1313,5,54,55,76,90,125;1106,5,34,129,159,169,179;1383,5,4,8,15,38,51;1357,5,1,16,48,107,117;1281,4,4,10,19,113;1176,4,4,10,33,116;1101,4,162,190,196,248;1398,4,6,16,33,82;1373,4,7,19,56,83;1080,4,2,11,30,152;1107,4,56,79,83,109;1088,4,2,25,74,88;1133,4,2,15,39,92;1287,3,4,14,46;1288,3,4,11,22;1289,3,4,10,64;1346,3,4,10,17;1347,3,4,10,23;1382,3,34,54,82;1354,3,2,14,31;1166,3,58,110,190;1168,3,1,8,89;1103,3,2,6,16;1364,3,2,16,36;1336,3,1,8,21;1175,2,4,11;1396,2,4,11;1255,2,4,10;1089,2,4,10;1282,2,4,10;1152,2,4,10;1256,2,4,10;1290,2,4,10;1272,2,4,10;1348,2,4,10;1164,2,4,10;1148,2,88,91;1349,2,4,10;1338,2,5,13;1302,2,1,6;1093,2,21,133;1162,2,42,85;1169,2,46,71;1102,2,1,10;1180,2,2,11;1181,2,2,11;1352,1,47;1167,1,30;1100,1,12;1376,1,43;1191,1,100;1285,1,52;1286,1,57;1340,1,89;1161,1,320;1173,1,83
234,30,51:1259,5,5,13,59,88,96;1107,3,6,15,36;1287,2,6,16;1174,2,6,13;1175,2,6,13;1288,2,6,13;1396,2,6,13;1351,2,3,9;1337,2,3,9;1090,2,3,9;1293,2,88,104;1075,2,7,20;1155,2,35,114;1171,2,101,159;1119,2,77,91;1200,2,114,172;1060,2,86,91;1294,1,167;1373,1,84;1191,1,57;1058,1,177;1106,1,35;1326,1,78;1275,1,78;1117,1,94;1331,1,84;1121,1,24;1374,1,51;1269,1,52;1028,1,95
381,19,53:1076,7,8,21,61,151,171,201,222;1381,6,8,16,22,48,99,145;1317,5,9,25,47,68,92;1079,4,11,29,56,94;1062,4,11,31,65,123;1146,4,14,34,47,155;1016,3,23,46,72;1358,3,7,19,35;1299,3,13,26,147;1287,2,9,19;1350,2,34,46;1189,2,7,14;1032,2,36,89;1166,1,41;1135,1,94;1017,1,49;1114,1,15;1024,1,268;1172,1,243
374,23,39:1017,4,1,10,23,85;1370,4,4,14,55,118;1287,2,10,20;1288,2,50,99;1165,2,41,219;1244,2,9,18;1075,2,3,16;1318,2,93,149;1241,2,211,239;1085,2,56,111;1201,2,5,14;1186,2,79,167;1152,1,105;1169,1,136;1398,1,74;1293,1,67;1221,1,46;1199,1,217;1333,1,27;1122,1,169;1345,1,94;1340,1,34;1032,1,110
1479,2,2:1287,1,25;1109,1,88
1328,18,43:1186,5,5,17,74,107,161;1294,4,3,13,27,61;1179,4,2,14,27,95;1075,4,41,48,86,125;1191,3,2,20,56;1356,3,12,34,57;1158,3,140,235,248;1345,3,5,16,40;1148,2,27,48;1093,2,1,9;1100,2,2,7;1313,2,8,23;1287,1,26;1168,1,69;1170,1,17;1111,1,25;1134,1,229;1333,1,174
398,13,13:1287,1,27;1174,1,23;1147,1,40;1365,1,31;1177,1,65;1259,1,46;1075,1,31;1260,1,46;1217,1,22;1285,1,24;1241,1,71;1286,1,41;1345,1,35
1052,26,90:1089,12,6,12,21,42,84,170,173,182,195,199,212,223;1147,8,6,12,27,34,63,106,117,134;1255,7,6,12,29,43,51,96,135;1256,7,6,12,20,32,132,165,180;1152,6,6,12,76,139,183,205;1287,4,30,81,99,132;1281,4,6,12,63,134;1347,4,6,12,25,49;1348,4,6,12,32,66;1398,4,8,18,37,51;1288,3,18,21,135;1346,3,6,12,68;1174,2,25,65;1396,2,30,75;1282,2,6,12;1289,2,6,12;1290,2,6,12;1272,2,6,12;1164,2,6,12;1176,2,6,12;1349,2,6,12;1165,2,6,12;1175,1,21;1148,1,96;1382,1,41;1167,1,53
348,63,119:1166,6,11,28,57,109,148,189;1293,4,14,28,48,111;1105,4,5,22,39,73;1286,4,1,14,43,76;1271,4,11,23,67,266;1354,3,1,13,35;1258,3,3,16,32;1284,3,1,13,72;1080,3,48,77,88;1020,3,131,161,205;1296,3,6,19,36;1197,3,5,22,69;1200,3,1,12,39;1374,3,7,14,22;1247,3,1,8,118;1180,3,1,10,29;1181,3,1,10,30;1202,3,2,14,33;1183,3,9,29,145;1165,2,17,73;1167,2,56,67;1177,2,10,20;1170,2,32,61;1101,2,201,276;1376,2,91,98;1218,2,103,180;1222,2,42,76;1151,2,22,220;1319,2,5,18;1324,2,51,74;1287,1,32;1175,1,48;1152,1,127;1382,1,43;1302,1,25;1168,1,33;1100,1,31;1169,1,55;1398,1,45;1373,1,62;1216,1,24;1259,1,52;1313,1,128;1260,1,166;1077,1,62;1106,1,53;1357,1,121;1112,1,27;1275,1,31;1238,1,32;1208,1,21;1048,1,14;1119,1,78;1235,1,99;1134,1,105;1239,1,44;1127,1,138;1185,1,155;1056,1,90;1030,1,150;1129,1,83;1088,1,204;1173,1,149
33,68,171:1368,15,4,12,36,46,75,125,145,150,173,187,224,226,252,269,284;1017,9,2,11,24,30,37,76,86,105,112;1091,7,12,24,46,59,100,167,217;1148,6,49,70,89,92,105,113;1147,5,67,73,101,149,156;1080,5,9,18,27,83,128;1327,5,85,101,145,209,232;1028,5,5,15,37,59,83;1089,4,18,43,110,121;1152,4,23,155,174,180;1278,4,116,121,126,166;1169,4,8,16,102,131;1106,4,48,59,79,163;1107,4,53,69,94,102;1165,3,88,103,126;1312,3,40,54,61;1301,3,35,156,168;1075,3,55,82,96;1313,3,45,56,85;1371,3,5,14,42;1128,3,5,25,154;1370,3,10,20,149;1088,3,66,197,251;1173,3,32,64,131;1287,2,33,66;1288,2,23,45;1396,2,23,51;1346,2,33,61;1256,2,24,185;1101,2,186,265;1373,2,12,24;1179,2,28,96;1305,2,212,225;1102,2,9,18;1078,2,218,247;1079,2,81,119;1062,2,119,148;1357,2,43,108;1185,2,87,147;1384,2,80,93;1281,1,76;1289,1,70;1164,1,54;1349,1,20;1243,1,31;1244,1,104;1380,1,85;1351,1,21;1337,1,26;1338,1,82;1188,1,37;1177,1,50;1168,1,36;1072,1,97;1010,1,201;1100,1,28;1170,1,39;1216,1,152;1105,1,84;1285,1,22;1221,1,62;1119,1,43;1333,1,137;1150,1,39;1204,1,35;1286,1,39;1186,1,136;1182,1,67
1417,4,4:1287,1,36;1089,1,145;1094,1,131;1163,1,28
142,52,99:1159,6,8,19,35,89,102,117;1089,5,52,103,106,237,253;1256,5,38,58,123,169,178;1349,5,31,130,136,140,166;1152,4,147,156,170,186;1033,4,122,189,299,577;1123,4,4,8,37,42;1281,3,17,69,132;1034,3,19,42,65;1126,3,85,180,216;1174,2,29,84;1396,2,19,47;1147,2,49,70;1289,2,44,66;1346,2,54,58;1257,2,82,84;1154,2,146,188;1390,2,55,57;1330,2,112,143;1058,2,58,207;1116,2,187,230;1163,2,141,249;1331,2,41,115;1253,2,115,118;1254,2,98,106;1287,1,39;1288,1,42;1255,1,17;1282,1,53;1347,1,45;1272,1,90;1148,1,107;1303,1,162;1098,1,97;1379,1,83;1246,1,79;1394,1,41;1077,1,135;1146,1,167;1381,1,162;1106,1,175;1006,1,195;1326,1,79;1359,1,38;1315,1,106;1397,1,32;1367,1,34;1027,1,161;1276,1,234;1344,1,131;1204,1,146;1057,1,78
4415,1,2:1287,2,40,118
470,28,64:1173,5,8,17,179,194,206;1152,4,19,65,72,96;1186,4,33,60,103,139;1248,3,7,17,30;1301,3,183,193,207;1206,3,25,57,184;1398,3,53,69,77;1368,3,164,240,277;1285,3,1,8,26;1357,3,9,24,42;1345,3,11,22,62;1287,2,53,94;1281,2,22,85;1351,2,2,8;1337,2,2,8;1090,2,2,8;1338,2,3,11;1001,2,16,46;1093,2,39,87;1075,2,72,93;1107,2,35,52;1289,1,36;1169,1,81;1373,1,33;1372,1,32;1157,1,175;1361,1,31;1133,1,83
358,20,33:1044,4,16,37,70,148;1059,4,20,44,70,113;1078,4,14,39,72,102;1061,3,29,59,95;1016,3,19,42,68;1287,1,57;1349,1,84;1090,1,143;1352,1,22;1303,1,193;1135,1,99;1094,1,321;1249,1,33;1062,1,60;1184,1,268;1002,1,59;1254,1,108;1151,1,296;1066,1,69;1319,1,90
648,16,16:1287,1,59;1290,1,25;1352,1,24;1354,1,74;1357,1,101;1219,1,88;1019,1,128;1306,1,84;1322,1,279;1196,1,38;1184,1,270;1002,1,60;1245,1,41;1185,1,160;1060,1,26;1161,1,122
1226,5,6:1287,2,61,84;1379,1,17;1318,1,236;1252,1,86;1039,1,89
407,48,99:1067,9,33,60,99,117,194,218,237,254,275;1256,5,43,55,128,139,193;1357,5,68,73,86,97,105;1260,4,21,121,141,169;1080,4,49,78,89,110;1287,3,62,85,95;1288,3,84,115,123;1244,3,3,12,40;1368,3,1,9,29;1107,3,49,66,90;1156,3,174,192,236;1088,3,89,128,151;1300,3,3,16,36;1133,3,4,17,94;1255,2,67,92;1089,2,32,37;1290,2,17,68;1382,2,32,47;1243,2,21,61;1350,2,23,42;1301,2,184,194;1162,2,46,104;1284,2,133,138;1376,2,45,92;1340,2,76,84;1176,1,80;1349,1,86;1393,1,77;1380,1,71;1387,1,65;1337,1,21;1278,1,128;1338,1,73;1312,1,62;1093,1,98;1100,1,13;1216,1,175;1259,1,39;1217,1,99;1103,1,26;1106,1,130;1113,1,94;1397,1,79;1235,1,74;1160,1,111;1032,1,300;1173,1,195;1336,1,59
15,38,46:1155,3,85,127,174;1157,3,13,37,131;1023,2,26,95;1156,2,366,411;1327,2,5,15;1029,2,107,119;1287,1,63;1147,1,41;1352,1,26;1354,1,68;1069,1,96;1070,1,332;1097,1,63;1099,1,214;1259,1,44;1103,1,19;1015,1,181;1317,1,134;1106,1,160;1020,1,228;1222,1,105;1021,1,139;1114,1,331;1159,1,180;1024,1,155;1084,1,57;1199,1,215;1049,1,153;1235,1,93;1172,1,68;1008,1,324;1309,1,48;1150,1,40;1028,1,127;1128,1,162;1030,1,54;1039,1,166;1129,1,168
518,9,11:1214,3,60,97,127;1287,1,70;1301,1,203;1215,1,128;1018,1,65;1156,1,195;1184,1,277;1254,1,62;1033,1,32
134,6,13:1272,6,36,66,73,93,119,170;1309,3,136,176,180;1287,1,72;1347,1,35;1155,1,158;1038,1,41
517,16,21:1301,3,2,6,24;1091,2,31,114;1111,2,151,179;1370,2,101,114;1287,1,73;1164,1,40;1278,1,8;1302,1,38;1388,1,43;1191,1,92;1193,1,135;1307,1,169;1223,1,72;1120,1,41;1254,1,140;1202,1,66
744,19,23:1243,3,50,93,100;1012,2,48,71;1199,2,127,155;1287,1,74;1162,1,24;1095,1,125;1073,1,88;1371,1,95;1192,1,257;1058,1,197;1297,1,69;1155,1,44;1251,1,49;1024,1,80;1119,1,268;1049,1,71;1053,1,69;1124,1,121;1132,1,160
34,41,72:1166,6,173,182,191,200,211,219;1272,5,38,113,131,172,182;1354,5,6,18,42,63,84;1075,4,10,23,34,44;1255,3,33,52,56;1196,3,12,25,157;1186,3,87,146,166;1130,3,133,162,238;1290,2,70,74;1349,2,131,159;1352,2,6,14;1010,2,208,210;1169,2,93,120;1216,2,112,126;1083,2,60,252;1287,1,78;1089,1,39;1152,1,187;1176,1,65;1067,1,192;1350,1,65;1337,1,41;1278,1,90;1188,1,39;1011,1,138;1313,1,100;1217,1,44;1372,1,34;1285,1,36;1006,1,217;1262,1,167;1118,1,94;1048,1,78;1205,1,139;1240,1,68;1125,1,167;1185,1,95;1151,1,267;1310,1,104;1320,1,117;1336,1,80
1312,11,23:1299,6,116,136,141,154,181,205;1010,4,150,153,156,159;1032,4,47,52,144,172;1089,2,224,243;1287,1,80;1189,1,137;1061,1,194;1006,1,89;1064,1,112;1151,1,224;1088,1,52
130,47,55:1024,4,178,208,236,246;1001,2,28,58;1094,2,53,153;1191,2,14,32;1150,2,14,28;1363,2,15,32;1287,1,91;1175,1,51;1089,1,80;1067,1,110;1380,1,153;1005,1,49;1325,1,97;1257,1,177;1098,1,208;1073,1,126;1011,1,153;1145,1,186;1170,1,40;1259,1,68;1260,1,132;1102,1,93;1014,1,48;1105,1,85;1211,1,107;1262,1,152;1332,1,125;1233,1,227;1222,1,114;1234,1,77;1196,1,259;1296,1,117;1114,1,227;1238,1,133;1171,1,116;1235,1,148;1333,1,150;1239,1,174;1027,1,137;1205,1,140;1033,1,328;1269,1,47;1126,1,166;1127,1,94;1185,1,213;1277,1,185;1320,1,125
1883,11,15:1255,4,71,81,105,124;1033,2,129,203;1287,1,103;1281,1,83;1152,1,82;1382,1,23;1342,1,49;1306,1,58;1265,1,35;1184,1,80;1173,1,79
709,17,48:1246,6,6,18,26,93,113,132;1358,6,5,17,33,40,62,135;1245,6,9,19,35,64,166,251;1223,5,9,22,45,131,157;1045,4,4,19,53,241;1209,3,3,12,34;1219,3,4,19,39;1007,3,18,37,47;1287,2,108,135;1326,2,2,9;1184,2,157,186;1281,1,25;1172,1,202;1299,1,101;1130,1,279;1087,1,71;1132,1,50
1123,6,7:1230,2,51,114;1287,1,114;1090,1,379;1035,1,130;1114,1,64;1032,1,43
317,14,14:1287,1,124;1210,1,360;1188,1,52;1011,1,185;1101,1,121;1293,1,204;1314,1,29;1108,1,70;1262,1,136;1208,1,74;1158,1,249;1185,1,79;1031,1,92;1345,1,23
171,38,43:1204,3,95,131,140;1335,3,247,286,311;1270,2,68,87;1287,1,126;1288,1,126;1387,1,81;1353,1,72;1188,1,32;1001,1,303;1069,1,148;1391,1,17;1071,1,52;1011,1,289;1190,1,133;1154,1,169;1260,1,69;1217,1,43;1279,1,45;1390,1,71;1357,1,94;1237,1,134;1241,1,207;1263,1,76;1021,1,185;1223,1,108;1224,1,82;1051,1,76;1239,1,205;1308,1,45;1158,1,257;1226,1,75;1127,1,109;1185,1,225;1128,1,214;1151,1,86;1277,1,179;1271,1,182;1032,1,40
3330,1,1:1287,1,139
1032,8,8:1174,1,15;1255,1,42;1067,1,26;1294,1,152;1037,1,197;1201,1,162;1028,1,256;1131,1,69
2015,1,1:1174,1,21
528,26,39:1085,4,101,161,193,209;1300,3,1,14,34;1174,2,28,83;1281,2,68,131;1376,2,42,90;1080,2,76,86;1226,2,69,142;1334,2,7,16;1088,2,126,149;1173,2,63,193;1147,1,72;1346,1,53;1347,1,44;1382,1,51;1337,1,20;1162,1,78;1169,1,101;1259,1,129;1313,1,84;1020,1,179;1221,1,94;1233,1,182;1156,1,278;1253,1,156;1242,1,47;1186,1,102
243,41,74:1147,6,29,66,92,104,137,148;1293,6,5,19,52,77,174,194;1213,6,80,82,86,183,185,189;1174,4,33,52,79,91;1349,4,53,142,174,192;1259,3,20,108,126;1218,3,24,111,167;1155,3,28,78,137;1319,3,11,24,40;1365,2,78,116;1303,2,262,303;1094,2,267,292;1375,2,48,61;1281,1,80;1152,1,78;1166,1,93;1188,1,19;1093,1,97;1177,1,58;1044,1,155;1206,1,152;1101,1,73;1058,1,117;1017,1,81;1137,1,66;1233,1,69;1046,1,110;1197,1,194;1198,1,110;1359,1,46;1253,1,64;1134,1,110;1050,1,61;1308,1,136;1227,1,139;1228,1,123;1229,1,135;1151,1,258;1340,1,110;1186,1,55;1032,1,178
1236,10,24:1293,6,6,20,53,78,175,195;1174,4,34,53,80,92;1147,4,30,93,105,138;1365,3,46,66,73;1089,2,171,196;1396,1,72;1166,1,94;1177,1,59;1101,1,74;1191,1,104
489,8,8:1174,1,36;1168,1,79;1100,1,38;1120,1,93;1235,1,158;1254,1,76;1245,1,274;1226,1,102
488,8,10:1006,3,226,230,256;1174,1,39;1293,1,36;1323,1,119;1340,1,33;1131,1,218;1392,1,87;1311,1,90
1946,1,1:1174,1,41
1471,5,5:1174,1,42;1210,1,446;1011,1,193;1263,1,114;1085,1,60
1964,8,8:1174,1,44;1387,1,67;1188,1,110;1257,1,166;1011,1,196;1216,1,195;1028,1,226;1277,1,168
2128,12,12:1174,1,46;1256,1,71;1090,1,171;1391,1,89;1260,1,92;1018,1,148;1265,1,108;1156,1,287;1024,1,119;1119,1,262;1050,1,58;1032,1,280
410,6,6:1174,1,48;1357,1,100;1322,1,276;1159,1,237;1268,1,55;1311,1,104
902,6,6:1174,1,57;1376,1,77;1260,1,155;1079,1,95;1381,1,55;1200,1,159
102,26,37:1261,5,1,6,14,58,108;1254,5,1,7,22,53,73;1153,2,1,9;1293,2,31,147;1235,2,33,200;1174,1,58;1166,1,72;1301,1,135;1093,1,64;1097,1,25;1011,1,29;1260,1,15;1014,1,13;1383,1,75;1321,1,151;1108,1,104;1252,1,157;1360,1,20;1027,1,196;1038,1,36;1202,1,123;1319,1,27;1271,1,135;1362,1,29;1057,1,33;1363,1,44
1283,5,5:1174,1,72;1366,1,59;1157,1,248;1150,1,59;1130,1,41
4416,1,1:1174,1,75
539,10,12:1158,3,137,230,245;1174,1,86;1176,1,61;1067,1,266;1380,1,128;1189,1,113;1110,1,211;1264,1,102;1114,1,407;1327,1,173
1507,4,4:1174,1,88;1094,1,34;1370,1,111;1271,1,164
556,19,21:1098,2,50,168;1122,2,56,205;1174,1,89;1189,1,120;1061,1,185;1044,1,202;999,1,56;1036,1,40;1314,1,78;1020,1,224;1121,1,213;1377,1,78;1051,1,116;1124,1,44;1204,1,218;1129,1,50;1271,1,58;1057,1,49;1131,1,189
535,20,21:1370,2,25,75;1174,1,94;1256,1,135;1248,1,86;1091,1,64;1303,1,48;1273,1,29;1390,1,38;1314,1,95;1219,1,136;1221,1,30;1264,1,114;1233,1,81;1196,1,67;1197,1,76;1184,1,127;1268,1,56;1200,1,29;1333,1,82;1384,1,17
983,9,9:1174,1,99;1273,1,95;1011,1,314;1192,1,437;1000,1,105;1198,1,167;1171,1,173;1239,1,118;1131,1,49
263,45,54:1271,4,41,154,293,301;1303,2,105,119;1391,2,36,72;1368,2,142,261;1119,2,109,226;1214,2,52,154;1161,2,245,292;1174,1,101;1393,1,62;1210,1,179;1244,1,45;1387,1,121;1351,1,26;1337,1,34;1005,1,88;1070,1,191;1389,1,42;1190,1,81;1169,1,76;1101,1,231;1293,1,127;1179,1,78;1371,1,64;1297,1,56;1218,1,139;1209,1,112;1233,1,85;1266,1,175;1323,1,91;1252,1,143;1223,1,73;1359,1,66;1187,1,59;1171,1,62;1331,1,88;1298,1,60;1172,1,53;1309,1,162;1370,1,93;1340,1,132;1060,1,202;1202,1,80;1375,1,32;1131,1,126;1203,1,189
95,10,12:1376,2,67,87;1319,2,52,140;1174,1,103;1176,1,83;1166,1,65;1303,1,97;1101,1,43;1373,1,68;1199,1,104;1231,1,188
316,26,31:1356,3,3,25,47;1376,2,2,12;1184,2,3,11;1187,2,2,17;1174,1,112;1166,1,144;1091,1,51;1312,1,80;1189,1,98;1076,1,87;1318,1,230;1262,1,184;1222,1,60;1114,1,96;1208,1,38;1223,1,126;1158,1,41;1345,1,97;1340,1,26;1066,1,54;1271,1,26;1131,1,211;1183,1,169;1088,1,227;1364,1,48;1133,1,31
441,28,32:1358,2,78,97;1194,2,93,105;1125,2,50,209;1271,2,177,235;1174,1,114;1256,1,120;1365,1,93;1380,1,158;1166,1,162;1094,1,100;1190,1,118;1215,1,59;1376,1,86;1373,1,29;1313,1,118;1330,1,17;1015,1,39;1211,1,49;1163,1,290;1119,1,231;1235,1,157;1085,1,59;1227,1,129;1228,1,115;1032,1,33;1363,1,94;1270,1,55;1392,1,34
1517,13,29:1101,7,1,7,27,96,116,161,247;1398,4,5,15,26,32;1293,4,8,22,40,83;1167,3,1,11,29;1288,2,65,109;1284,2,55,94;1174,1,117;1346,1,26;1347,1,29;1291,1,81;1098,1,59;1217,1,87;1040,1,122
440,38,40:1032,2,140,150;1363,2,114,149;1174,1,120;1089,1,142;1164,1,46;1382,1,50;1090,1,301;1353,1,45;1093,1,48;1094,1,340;1304,1,81;1258,1,87;1260,1,224;1372,1,65;1014,1,87;999,1,142;1000,1,111;1232,1,277;1221,1,93;1111,1,137;1222,1,96;1046,1,167;1265,1,103;1114,1,24;1024,1,158;1199,1,93;1163,1,65;1121,1,243;1225,1,109;1242,1,96;1160,1,71;1309,1,208;1227,1,87;1125,1,184;1228,1,89;1186,1,39;1362,1,50;1335,1,194
1088,49,90:1101,5,5,11,36,119,164;1380,4,5,13,30,165;1371,4,6,15,24,43;1243,3,5,13,32;1067,3,5,13,46;1387,3,5,12,26;1153,3,7,15,49;1162,3,3,12,90;1294,3,5,15,29;1217,3,3,13,60;1305,3,5,13,31;1082,3,5,11,24;1115,3,5,12,47;1186,3,35,77,164;1393,2,5,13;1382,2,5,13;1210,2,5,13;1350,2,5,13;1166,2,4,21;1177,2,30,44;1284,2,6,18;1313,2,10,25;1231,2,60,148;1174,1,121;1282,1,25;1349,1,15;1244,1,24;1337,1,23;1278,1,151;1248,1,33;1302,1,14;1167,1,34;1168,1,20;1376,1,52;1015,1,73;1106,1,38;1080,1,126;1326,1,24;1263,1,206;1119,1,62;1172,1,210;1027,1,207;1122,1,81;1160,1,228;1344,1,35;1128,1,63;1151,1,62;1202,1,181;1088,1,57
1520,45,154:1387,8,7,14,27,50,61,80,86,95;1168,8,7,14,24,45,50,63,73,94;1153,7,8,16,23,51,88,90,106;1179,7,9,21,35,46,58,68,86;1380,6,8,16,31,58,81,166;1093,6,5,13,27,49,92,141;1162,6,5,14,28,51,64,91;1106,6,6,18,41,74,157,182;1260,5,2,8,30,253,283;1333,5,4,14,80,162,173;1345,5,8,19,37,79,93;1393,4,8,16,32,102;1301,4,16,78,106,163;1169,4,5,13,49,114;1170,4,5,10,22,58;1101,4,6,12,120,165;1371,4,7,16,26,44;1305,4,8,16,34,97;1243,3,8,16,33;1244,3,8,17,25;1350,3,8,16,54;1167,3,10,20,36;1376,3,10,20,35;1373,3,10,22,59;1075,3,13,26,37;1105,3,12,29,48;1349,2,18,73;1382,2,8,16;1067,2,8,16;1210,2,8,16;1166,2,61,114;1278,2,152,174;1293,2,50,107;1294,2,7,17;1313,2,12,27;1191,2,7,25;1372,2,5,11;1080,2,5,14;1383,2,53,66;1368,2,33,87;1174,1,124;1348,1,35;1312,1,30;1356,1,63;1102,1,31
415,14,23:1256,4,37,51,122,194;1175,2,42,63;1281,2,38,47;1152,2,114,119;1290,2,18,69;1301,2,71,88;1284,2,134,139;1089,1,38;1380,1,72;1091,1,73;1216,1,134;1191,1,80;1333,1,85;1370,1,161
4072,1,1:1175,1,43
1694,4,8:1224,3,4,16,44;1172,3,114,134,188;1175,1,44;1012,1,99
131,56,86:1241,5,1,12,125,143,204;1155,4,29,49,80,138;1125,4,7,15,32,143;1365,3,6,20,35;1188,3,2,7,25;1368,3,188,194,211;1020,3,3,16,53;1210,2,204,353;1338,2,48,52;1162,2,7,16;1294,2,80,91;1357,2,59,127;1063,2,30,82;1323,2,30,40;1122,2,54,239;1033,2,158,513;1309,2,36,59;1039,2,85,123;1183,2,130,158;1175,1,47;1176,1,42;1349,1,23;1382,1,30;1244,1,33;1387,1,91;1354,1,33;1248,1,37;1091,1,199;1301,1,32;1169,1,57;1398,1,44;1217,1,119;1102,1,71;1106,1,56;1080,1,87;1274,1,38;1193,1,62;1218,1,188;1321,1,61;1306,1,74;1275,1,41;1184,1,46;1121,1,111;1157,1,84;1308,1,147;1008,1,228;1344,1,39;1127,1,119;1031,1,111;1151,1,76;1277,1,68;1129,1,108;1319,1,61;1173,1,133;1336,1,39;1133,1,78
4417,1,1:1175,1,49
1661,14,19:1209,3,6,15,102;1094,2,171,259;1216,2,109,123;1214,2,85,146;1175,1,57;1165,1,174;1393,1,17;1303,1,195;1069,1,86;1217,1,33;1063,1,134;1156,1,245;1130,1,100;1271,1,195
1049,30,59:1152,7,66,90,99,136,143,162,185;1370,6,2,12,41,67,87,104;1352,3,3,11,19;1135,3,110,170,176;1072,3,64,72,84;1145,3,114,123,127;1288,2,19,133;1256,2,159,196;1387,2,21,33;1166,2,67,74;1278,2,89,130;1091,2,3,15;1312,2,56,64;1189,2,42,53;1044,2,10,31;1186,2,9,21;1365,1,118;1354,1,67;1338,1,75;1188,1,38;1061,1,132;1170,1,13;1373,1,70;1216,1,118;1305,1,29;1251,1,61;1227,1,63;1228,1,61;1340,1,98;1364,1,89
350,10,10:1288,1,28;1165,1,222;1355,1,18;1305,1,234;1383,1,19;1327,1,247;1050,1,127;1060,1,161;1271,1,94;1392,1,136
1390,2,2:1288,1,29;1188,1,123
258,27,34:1262,4,52,81,131,151;1166,2,142,217;1011,2,174,190;1233,2,60,212;1245,2,208,245;1288,1,31;1188,1,65;1303,1,267;1178,1,73;1169,1,29;1102,1,105;1105,1,89;1383,1,54;1321,1,160;1081,1,136;1110,1,221;1339,1,164;1019,1,110;1184,1,377;1333,1,148;1367,1,114;1239,1,201;1150,1,49;1003,1,149;1286,1,52;1203,1,116;1161,1,262
705,28,33:1163,3,103,125,193;1339,2,257,267;1187,2,66,84;1122,2,75,128;1288,1,36;1147,1,35;1290,1,61;1382,1,77;1166,1,138;1010,1,71;1215,1,112;1373,1,73;1036,1,19;1211,1,196;1314,1,105;1083,1,232;1114,1,128;1223,1,167;1224,1,48;1121,1,240;1253,1,42;1157,1,114;1254,1,36;1051,1,100;1245,1,262;1033,1,325;1008,1,139;1003,1,138
903,25,53:1098,7,24,55,83,106,163,214,231;1256,4,29,66,105,117;1291,4,11,34,56,78;1073,4,6,18,33,79;1169,3,25,41,127;1268,3,18,50,102;1288,2,38,55;1089,2,174,200;1152,2,33,44;1380,2,89,100;1068,2,142,150;1249,2,54,75;1074,2,75,108;1216,2,201,209;1361,2,71,82;1290,1,81;1350,1,48;1162,1,93;1094,1,283;1217,1,102;1146,1,145;1158,1,30;1160,1,173;1309,1,73;1161,1,139
115,45,71:1256,6,23,41,54,67,118,138;1353,5,2,9,47,58,65;1208,4,43,58,60,126;1272,3,146,148,161;1082,3,45,105,113;1289,2,38,51;1302,2,19,24;1330,2,75,96;1322,2,79,114;1327,2,68,186;1085,2,42,180;1204,2,52,62;1375,2,37,65;1271,2,73,271;1087,2,82,97;1288,1,44;1148,1,111;1210,1,479;1352,1,41;1303,1,88;1101,1,167;1034,1,109;1106,1,114;1274,1,90;1232,1,192;1220,1,73;1112,1,34;1137,1,64;1021,1,222;1369,1,48;1238,1,160;1315,1,195;1119,1,76;1200,1,120;1002,1,74;1239,1,123;1027,1,83;1033,1,113;1308,1,106;1158,1,202;1201,1,93;1299,1,196;1055,1,205;1319,1,85;1183,1,106
1043,2,2:1288,1,51;1370,1,150
351,26,32:1344,3,10,21,56;1388,2,2,19;1192,2,223,284;1158,2,126,216;1310,2,116,152;1288,1,63;1255,1,88;1067,1,71;1244,1,59;1010,1,287;1260,1,176;1217,1,36;1274,1,151;1318,1,189;1241,1,45;1194,1,130;1233,1,224;1359,1,82;1315,1,189;1327,1,218;1242,1,91;1128,1,215;1384,1,90;1370,1,117;1066,1,67;1183,1,61
480,28,34:1293,2,56,177;1192,2,102,135;1156,2,44,223;1199,2,234,288;1240,2,58,78;1161,2,183,244;1288,1,64;1067,1,234;1166,1,43;1153,1,18;1135,1,178;1010,1,276;1294,1,39;1259,1,56;1000,1,112;1318,1,190;1040,1,242;1112,1,120;1114,1,158;1245,1,54;1126,1,222;1361,1,73;1280,1,79;1060,1,199;1334,1,38;1032,1,24;1088,1,62;1236,1,129
4418,1,1:1288,1,66
1459,5,10:1272,3,27,43,134;1288,2,69,76;1290,2,31,40;1056,2,165,177;1098,1,103
112,54,56:1020,2,144,249;1159,2,112,209;1288,1,78;1152,1,152;1148,1,57;1165,1,97;1166,1,122;1091,1,224;1301,1,101;1001,1,366;1069,1,225;1011,1,123;1190,1,235;1258,1,85;1101,1,236;1294,1,83;1313,1,49;1305,1,109;1366,1,92;1015,1,136;1058,1,149;1062,1,77;1193,1,109;1321,1,111;1209,1,67;1318,1,126;1063,1,231;1110,1,127;1326,1,90;1111,1,130;1137,1,84;1233,1,52;1024,1,133;1118,1,144;1187,1,57;1119,1,238;1268,1,116;1377,1,49;1025,1,76;1026,1,55;1254,1,61;1050,1,159;1027,1,151;1033,1,85;1160,1,244;1008,1,208;1128,1,259;1230,1,75;1310,1,39;1129,1,44;1130,1,180;1271,1,185;1032,1,55;1161,1,127
1469,9,10:1288,2,86,120;1177,1,51;1095,1,164;1046,1,171;1196,1,237;1024,1,57;1359,1,62;1205,1,284;1230,1,82
876,26,31:1284,3,11,23,81;1371,3,20,37,52;1288,2,88,122;1290,1,89;1272,1,35;1278,1,56;1338,1,68;1093,1,57;1177,1,53;1168,1,51;1162,1,103;1246,1,96;1101,1,48;1260,1,191;1217,1,98;1305,1,72;1297,1,60;1263,1,145;1196,1,100;1114,1,118;1198,1,68;1252,1,99;1224,1,99;1327,1,229;1172,1,193;1375,1,42
653,16,18:1119,3,52,106,156;1288,1,101;1272,1,145;1090,1,356;1371,1,54;1262,1,166;1233,1,55;1114,1,276;1024,1,115;1163,1,195;1327,1,100;1225,1,143;1050,1,69;1051,1,37;1160,1,38;1277,1,147
755,9,10:1276,2,72,87;1288,1,103;1090,1,201;1162,1,38;1101,1,88;1000,1,117;1151,1,49;1032,1,297;1131,1,35
1502,2,2:1288,1,106;1398,1,25
360,25,37:1160,3,138,176,206;1319,3,9,22,118;1067,2,64,285;1076,2,137,206;1015,2,163,201;1111,2,6,15;1275,2,8,21;1117,2,10,23;1331,2,58,142;1087,2,11,37;1288,1,112;1260,1,163;1059,1,166;1146,1,141;1106,1,121;1321,1,107;1342,1,94;1306,1,71;1266,1,180;1235,1,54;1030,1,57;1031,1,127;1231,1,87;1129,1,156;1173,1,182
1660,1,1:1288,1,119
107,64,79:1090,4,27,47,242,414;1257,3,22,92,172;1091,2,26,234;1188,2,17,93;1092,2,31,69;1294,2,22,145;1260,2,58,260;1027,2,60,111;1158,2,19,250;1344,2,24,48;1182,2,15,103;1131,2,20,235;1288,1,125;1282,1,14;1347,1,14;1244,1,68;1387,1,132;1166,1,101;1312,1,10;1095,1,36;1391,1,16;1071,1,51;1385,1,18;1189,1,16;1098,1,8;1215,1,18;1355,1,13;1169,1,43;1101,1,152;1293,1,32;1356,1,82;1217,1,42;1015,1,48;1381,1,26;1193,1,18;1297,1,18;1237,1,68;1218,1,68;1358,1,27;1232,1,19;1295,1,20;1083,1,228;1113,1,22;1234,1,70;1196,1,31;1198,1,13;1024,1,34;1224,1,26;1163,1,178;1331,1,18;1268,1,61;1225,1,165;1025,1,36;1254,1,17;1247,1,18;1033,1,669;1269,1,18;1201,1,108;1309,1,68;1228,1,128;1271,1,243;1032,1,248;1364,1,30;1336,1,16
579,2,2:1288,1,128;1163,1,278
456,54,81:1021,4,123,132,171,295;1012,3,74,86,126;1040,3,146,164,205;1083,3,158,177,210;1205,3,157,210,247;1255,2,28,134;1068,2,133,136;1074,2,60,98;1145,2,161,168;1260,2,140,206;1035,2,147,175;1063,2,188,211;1045,2,95,193;1262,2,35,149;1022,2,120,129;1238,2,127,147;1252,2,154,195;1049,2,169,219;1240,2,8,21;1053,2,172,224;1236,2,99,119;1288,1,131;1067,1,31;1001,1,291;1005,1,168;1069,1,151;1098,1,204;1011,1,172;1101,1,141;1216,1,181;1191,1,60;1279,1,46;1394,1,68;1357,1,82;1314,1,121;1343,1,99;1241,1,226;1339,1,92;1197,1,41;1156,1,341;1084,1,26;1235,1,154;1212,1,61;1026,1,51;1033,1,134;1126,1,97;1003,1,103;1361,1,110;1065,1,180;1231,1,111;1151,1,101;1319,1,50;1032,1,132;1041,1,55
1071,21,24:1149,3,16,73,139;1244,2,72,107;1288,1,137;1090,1,106;1153,1,56;1278,1,46;1091,1,184;1188,1,147;1301,1,145;1294,1,162;1211,1,71;1297,1,176;1155,1,196;1006,1,267;1222,1,48;1159,1,88;1184,1,147;1266,1,167;1122,1,164;1028,1,141;1320,1,65
169,111,167:1219,7,120,131,296,365,479,536,585;1067,6,36,82,120,156,241,295;1208,4,56,99,128,210;1130,4,122,196,209,235;1192,3,95,129,358;1330,3,71,88,195;1020,3,70,154,266;1222,3,50,97,126;1369,3,87,157,166;1027,3,62,147,219;1201,3,104,118,134;1336,3,45,50,62;1396,2,41,77;1147,2,22,86;1387,2,77,114;1301,2,146,149;1096,2,53,113;1216,2,148,156;1015,2,129,193;1381,2,64,103;1368,2,170,249;1211,2,72,166;1149,2,17,74;1082,2,78,150;1112,2,70,74;1083,2,113,160;1238,2,29,94;1116,2,70,92;1307,2,93,162;1331,2,74,112;1003,2,143,186;1128,2,133,167;1151,2,178,275;1060,2,130,136;1363,2,65,115;1288,1,138;1349,1,102;1393,1,53;1278,1,47;1091,1,185;1303,1,288;1094,1,90;1070,1,110;1304,1,51;1010,1,148;1073,1,102;1178,1,76;1190,1,124;1258,1,60;1215,1,72;1355,1,33;1101,1,268;1284,1,99;1293,1,210;1179,1,65;1313,1,60;1260,1,26;1305,1,208;1102,1,69;999,1,71;1080,1,66;1274,1,109;1193,1,104;1297,1,177;1321,1,113;1232,1,201;1063,1,80;1295,1,166;1241,1,289;1155,1,197;1006,1,111;1195,1,150;1326,1,110;1306,1,113;1021,1,260;1046,1,187;1114,1,185;1159,1,131;1198,1,33;1024,1,253;1184,1,148;1223,1,138;1359,1,107;1199,1,139;1163,1,136;1119,1,240;1235,1,47;1200,1,140;1026,1,76;1333,1,67;1050,1,128;1051,1,106;1367,1,106;1239,1,74;1214,1,68;1122,1,126;1240,1,66;1344,1,86;1125,1,54;1028,1,264;1384,1,35;1204,1,156;1186,1,129;1310,1,37;1271,1,113;1086,1,53;1131,1,159;1392,1,72;1132,1,145;1364,1,59;1173,1,198
700,11,11:1288,1,146;1396,1,37;1089,1,115;1210,1,154;1090,1,346;1217,1,171;1015,1,217;1218,1,199;1156,1,409;1037,1,218;1245,1,106
3852,10,10:1288,1,153;1089,1,77;1282,1,26;1289,1,28;1152,1,204;1256,1,82;1290,1,84;1272,1,185;1177,1,32;1293,1,143
3853,8,10:1256,3,79,83,90;1288,1,154;1396,1,85;1089,1,78;1282,1,27;1289,1,29;1290,1,85;1293,1,144
692,35,46:1159,4,9,20,36,90;1315,3,177,207,234;1213,3,144,214,248;1396,2,20,48;1365,2,38,64;1369,2,90,161;1171,2,94,143;1089,1,107;1165,1,95;1387,1,69;1094,1,258;1386,1,119;1178,1,89;1246,1,80;1062,1,76;1107,1,73;1314,1,38;1342,1,50;1232,1,160;1219,1,249;1326,1,88;1111,1,140;1021,1,157;1184,1,225;1116,1,219;1359,1,39;1331,1,152;1121,1,134;1253,1,103;1384,1,99;1151,1,168;1186,1,81;1130,1,140;1161,1,159;1041,1,67
998,8,12:1396,2,21,49;1398,2,59,96;1305,2,80,178;1245,2,149,152;1089,1,108;1295,1,125;1194,1,34;1333,1,115
1965,4,9:1398,5,60,73,85,93,97;1396,2,22,50;1089,1,109;1162,1,107
1005,3,3:1396,1,25;1163,1,98;1310,1,110
4299,2,2:1396,1,27;1256,1,145
994,13,14:1318,2,224,233;1396,1,29;1162,1,74;1216,1,183;1356,1,73;1260,1,153;1232,1,193;1083,1,272;1397,1,37;1028,1,277;1370,1,54;1335,1,259;1236,1,109
1505,5,13:1089,9,19,44,85,88,100,122,183,213,230;1396,1,31;1249,1,50;1024,1,137;1126,1,186
4004,2,2:1396,1,33;1025,1,107
1485,7,14:1148,6,3,11,22,59,75,110;1396,3,44,58,66;1089,1,49;1323,1,73;1268,1,80;1367,1,67;1123,1,21
520,26,35:1089,5,16,41,56,96,123;1308,3,2,12,21;1396,2,45,59;1245,2,214,289;1226,2,112,131;1278,1,107;1325,1,72;1386,1,49;1257,1,155;1390,1,74;1339,1,260;1264,1,99;1233,1,88;1275,1,85;1223,1,163;1163,1,370;1235,1,194;1051,1,103;1172,1,292;1240,1,43;1328,1,126;1064,1,108;1125,1,149;1231,1,196;1334,1,43;1335,1,157
891,13,13:1396,1,53;1147,1,122;1091,1,134;1188,1,83;1303,1,62;1305,1,188;1209,1,80;1110,1,155;1156,1,283;1121,1,76;1033,1,212;1126,1,155;1129,1,126
4090,2,2:1396,1,68;1148,1,77
473,11,11:1396,1,76;1067,1,68;1210,1,76;1303,1,287;1010,1,112;1292,1,55;1099,1,49;1232,1,203;1339,1,79;1051,1,133;1362,1,21
367,1,1:1396,1,87
590,31,52:1272,3,1,7,21;1147,2,1,7;1255,2,1,7;1089,2,1,7;1281,2,1,7;1282,2,1,7;1289,2,1,7;1346,2,1,7;1152,2,1,7;1256,2,1,7;1347,2,1,7;1290,2,1,7;1348,2,1,7;1164,2,1,7;1176,2,1,7;1349,2,1,7;1165,2,1,7;1210,2,267,368;1304,2,1,13;1389,2,2,13;1293,1,120;1259,1,66;1013,1,60;1198,1,94;1224,1,93;1360,1,41;1239,1,213;1245,1,224;1344,1,28;1319,1,132;1132,1,105
4419,1,1:1147,1,16
352,19,23:1147,3,17,82,121;1241,3,46,61,116;1153,1,75;1301,1,19;1385,1,59;1355,1,22;1101,1,14;1102,1,65;1274,1,152;1193,1,138;1314,1,48;1339,1,89;1233,1,105;1197,1,211;1359,1,68;1224,1,91;1151,1,105;1129,1,75;1324,1,131
712,14,15:1147,2,31,135;1293,1,51;1317,1,82;1383,1,32;1218,1,156;1342,1,70;1082,1,88;1241,1,189;1263,1,92;1022,1,77;1251,1,24;1327,1,83;1030,1,129;1334,1,57
682,11,14:1241,4,74,136,158,229;1147,1,33;1091,1,115;1305,1,48;1193,1,106;1197,1,178;1156,1,197;1119,1,60;1377,1,74;1130,1,87;1335,1,118
912,22,38:1163,9,45,48,95,192,209,269,289,307,322;1091,5,11,23,45,58,176;1147,2,37,130;1249,2,23,63;1237,2,58,70;1026,2,5,17;1152,1,35;1382,1,83;1090,1,91;1153,1,41;1094,1,103;1216,1,204;1035,1,17;1318,1,178;1195,1,56;1339,1,52;1111,1,199;1121,1,250;1002,1,51;1050,1,88;1124,1,43;1060,1,155
152,38,48:1099,4,73,96,118,137;1094,2,64,355;1317,2,110,133;1241,2,85,97;1110,2,119,141;1239,2,120,131;1085,2,195,211;1203,2,106,185;1147,1,44;1162,1,87;1257,1,35;1206,1,160;1260,1,154;1217,1,89;1305,1,246;1357,1,49;1219,1,284;1339,1,190;1111,1,219;1021,1,255;1198,1,168;1359,1,72;1121,1,34;1253,1,102;1025,1,81;1050,1,152;1172,1,99;1158,1,63;1039,1,147;1151,1,217;1340,1,73;1186,1,108;1060,1,188;1319,1,46;1087,1,179;1335,1,303;1131,1,52;1132,1,92
782,5,6:1250,2,2,10;1147,1,47;1152,1,168;1111,1,65;1088,1,239
413,5,6:1027,2,170,214;1147,1,51;1153,1,29;1224,1,55;1003,1,70
108,80,107:1190,4,35,74,101,170;1125,4,92,146,232,248;1090,3,194,363,393;1011,3,109,170,316;1034,3,14,37,60;1151,3,82,109,216;1147,2,53,139;1089,2,192,231;1152,2,37,45;1380,2,102,145;1009,2,106,111;1192,2,43,68;1233,2,44,98;1187,2,46,77;1327,2,76,171;1247,2,37,143;1310,2,124,137;1271,2,114,230;1088,2,185,232;1255,1,112;1346,1,69;1256,1,181;1348,1,36;1365,1,111;1165,1,27;1387,1,117;1177,1,48;1005,1,91;1097,1,52;1292,1,26;1178,1,61;1215,1,139;1101,1,215;1376,1,99;1260,1,43;1371,1,116;1394,1,66;1015,1,215;1077,1,59;1368,1,179;1321,1,131;1209,1,81;1314,1,35;1108,1,62;1232,1,81;1006,1,232;1083,1,175;1196,1,127;1114,1,405;1023,1,54;1156,1,193;1084,1,112;1184,1,262;1116,1,80;1307,1,74;1223,1,121;1315,1,191;1199,1,95;1224,1,45;1119,1,222;1397,1,68;1121,1,196;1213,1,264;1333,1,164;1033,1,539;1038,1,68;1158,1,78;1064,1,56;1299,1,85;1227,1,117;1228,1,101;1185,1,82;1128,1,242;1230,1,62;1231,1,182;1060,1,116;1319,1,170;1032,1,130;1131,1,221;1270,1,93
702,14,14:1147,1,55;1089,1,139;1067,1,204;1387,1,133;1257,1,173;1368,1,39;1110,1,156;1332,1,113;1114,1,245;1253,1,59;1033,1,574;1028,1,221;1280,1,69;1277,1,141
28,65,106:1063,5,1,13,54,187,210;1067,4,27,91,114,189;1009,4,4,19,46,114;1147,3,61,115,154;1282,3,40,59,62;1337,3,14,65,80;1166,3,75,133,177;1005,3,1,12,40;1069,3,4,25,79;1021,3,85,126,150;1324,3,1,16,107;1363,3,2,19,117;1249,2,2,9;1293,2,132,148;1261,2,29,109;1045,2,94,194;1118,2,59,93;1121,2,119,162;1033,2,31,627;1123,2,11,35;1085,2,32,116;1127,2,67,163;1066,2,2,24;1086,2,1,14;1300,2,28,88;1256,1,27;1354,1,25;1153,1,38;1070,1,165;1257,1,176;1011,1,158;1100,1,11;1101,1,125;1284,1,93;1294,1,42;1216,1,170;1075,1,119;1102,1,100;1103,1,10;1014,1,20;1104,1,47;1297,1,201;1343,1,98;1295,1,23;1339,1,15;1112,1,191;1022,1,119;1114,1,344;1023,1,112;1024,1,181;1037,1,72;1239,1,177;1052,1,45;1240,1,28;1269,1,55;1158,1,23;1065,1,189;1286,1,53;1340,1,140;1334,1,81;1319,1,57;1087,1,299;1132,1,107;1364,1,116;1133,1,34
561,11,12:1090,2,179,372;1147,1,71;1391,1,33;1378,1,76;1192,1,401;1197,1,120;1171,1,79;1267,1,46;1268,1,156;1213,1,181;1335,1,141
2428,2,2:1147,1,83;1170,1,77
963,5,5:1147,1,94;1156,1,42;1084,1,170;1121,1,255;1026,1,94
4037,2,2:1147,1,96;1293,1,198
964,5,6:1293,2,3,17;1147,1,97;1101,1,20;1156,1,45;1084,1,173
869,15,16:1094,2,109,307;1147,1,98;1176,1,59;1365,1,29;1244,1,49;1090,1,260;1099,1,153;1390,1,67;1000,1,122;1315,1,196;1397,1,83;1051,1,59;1345,1,115;1032,1,38;1132,1,84
2623,8,11:1147,2,100,140;1260,2,67,196;1305,2,99,173;1289,1,62;1347,1,50;1259,1,38;1285,1,46;1320,1,142
39,16,18:1195,2,79,169;1003,2,139,189;1147,1,108;1093,1,58;1012,1,101;1101,1,53;1284,1,110;1293,1,98;999,1,128;1024,1,191;1171,1,211;1224,1,134;1172,1,122;1033,1,382;1231,1,89;1236,1,95
3637,3,3:1147,1,124;1211,1,201;1194,1,74
281,3,3:1147,1,125;1219,1,251;1064,1,53
824,32,36:1207,3,89,145,152;1178,2,58,75;1028,2,9,19;1147,1,128;1256,1,104;1272,1,133;1349,1,64;1165,1,261;1303,1,63;1074,1,27;1099,1,89;1101,1,185;1371,1,40;1192,1,50;1146,1,164;1211,1,203;1194,1,129;1195,1,168;1264,1,119;1233,1,107;1023,1,56;1116,1,154;1327,1,168;1377,1,62;1239,1,117;1125,1,228;1345,1,59;1086,1,47;1183,1,104;1088,1,199;1161,1,203;1336,1,29
1132,15,17:1368,3,18,198,215;1255,1,16;1089,1,236;1281,1,16;1152,1,167;1210,1,145;1337,1,54;1135,1,98;1101,1,283;1216,1,93;1059,1,77;1146,1,166;1040,1,201;1126,1,219;1320,1,143
3847,3,4:1272,2,29,69;1255,1,18;1072,1,44
1556,6,7:1194,2,18,38;1255,1,23;1101,1,126;1237,1,31;1028,1,22;1340,1,42
3335,1,5:1255,5,30,32,55,97,136
908,4,6:1255,2,31,54;1166,2,104,167;1281,1,120;1199,1,60
1104,31,32:1166,2,141,216;1255,1,41;1281,1,110;1272,1,16;1176,1,54;1067,1,25;1244,1,27;1351,1,15;1337,1,79;1278,1,41;1248,1,102;1338,1,103;1312,1,83;1093,1,118;1069,1,107;1010,1,79;1073,1,132;1294,1,151;1372,1,27;1102,1,99;1237,1,83;1321,1,30;1108,1,54;1318,1,154;1184,1,177;1002,1,101;1037,1,196;1122,1,131;1276,1,35;1203,1,112;1133,1,33
241,7,7:1255,1,87;1069,1,227;1192,1,347;1058,1,165;1322,1,247;1238,1,95;1064,1,96
2037,8,8:1255,1,90;1148,1,38;1260,1,201;1208,1,238;1129,1,99;1130,1,286;1335,1,257;1203,1,216
916,33,53:1067,7,41,67,107,131,177,229,288;1165,3,187,195,211;1283,3,57,90,94;1297,3,48,123,141;1148,2,64,82;1243,2,81,88;1015,2,96,184;1318,2,89,144;1159,2,105,114;1126,2,89,192;1370,2,84,91;1203,2,172,192;1255,1,94;1387,1,45;1135,1,132;1162,1,58;1325,1,78;1257,1,80;1394,1,49;1381,1,169;1232,1,74;1155,1,155;1006,1,270;1195,1,86;1083,1,96;1021,1,141;1266,1,198;1323,1,100;1118,1,139;1359,1,96;1172,1,91;1125,1,89;1340,1,69
1261,15,15:1255,1,106;1097,1,53;1098,1,34;999,1,140;1035,1,28;1036,1,33;1017,1,38;1155,1,101;1322,1,146;1049,1,44;1268,1,110;1254,1,130;1053,1,44;1340,1,54;1203,1,68
550,15,16:1349,2,95,154;1255,1,120;1365,1,69;1278,1,54;1167,1,45;1100,1,17;1193,1,125;1218,1,157;1149,1,92;1369,1,91;1119,1,286;1122,1,77;1245,1,256;1277,1,117;1131,1,230
749,21,21:1255,1,139;1210,1,168;1338,1,93;1092,1,28;1391,1,84;1010,1,234;1293,1,117;1260,1,54;1196,1,28;1315,1,190;1397,1,76;1254,1,14;1033,1,296;1158,1,17;1031,1,117;1345,1,114;1370,1,43;1310,1,153;1319,1,129;1271,1,240;1183,1,62
139,29,41:1091,4,7,19,118,196;1191,3,8,26,47;1356,3,18,40,64;1067,2,49,138;1294,2,33,50;1305,2,222,230;1268,2,19,105;1370,2,5,15;1089,1,22;1289,1,34;1176,1,40;1382,1,25;1380,1,34;1338,1,45;1312,1,34;1302,1,21;1093,1,28;1293,1,108;1260,1,114;1372,1,42;1102,1,42;1357,1,38;1084,1,50;1223,1,93;1235,1,135;1333,1,134;1160,1,190;1186,1,57;1336,1,35
451,8,9:1091,2,88,144;1089,1,30;1358,1,87;1184,1,117;1047,1,69;1333,1,113;1309,1,127;1202,1,120
4420,1,1:1089,1,36
996,1,1:1089,1,71
4421,1,1:1089,1,75
4422,1,1:1089,1,76
1585,7,7:1089,1,104;1207,1,140;1192,1,70;1342,1,104;1006,1,234;1327,1,130;1131,1,224
1627,10,10:1089,1,149;1166,1,70;1338,1,97;1177,1,36;1257,1,116;1154,1,163;1293,1,172;1381,1,138;1008,1,286;1362,1,40
576,18,20:1189,2,45,59;1242,2,48,54;1089,1,153;1256,1,72;1091,1,220;1012,1,127;1215,1,169;1078,1,285;1193,1,69;1040,1,140;1266,1,169;1033,1,620;1003,1,67;1039,1,156;1151,1,218;1060,1,170;1362,1,32;1363,1,81
868,5,5:1089,1,156;1101,1,106;1315,1,75;1268,1,115;1271,1,255
925,9,10:1121,2,186,225;1089,1,191;1166,1,198;1070,1,299;1084,1,160;1118,1,147;1199,1,178;1033,1,117;1008,1,109
16,52,67:1257,4,6,16,45,191;1319,3,64,108,178;1335,3,103,151,167;1278,2,32,50;1303,2,146,157;1092,2,59,80;1391,2,2,9;1196,2,255,273;1151,2,110,277;1060,2,128,208;1271,2,121,310;1089,1,197;1272,1,165;1210,1,48;1248,1,85;1338,1,21;1091,1,142;1001,1,175;1093,1,59;1005,1,39;1070,1,119;1072,1,43;1011,1,209;1284,1,102;1076,1,40;1103,1,29;1079,1,138;1314,1,32;1108,1,74;1109,1,40;1343,1,70;1063,1,237;1219,1,245;1241,1,148;1083,1,90;1046,1,91;1116,1,182;1307,1,80;1199,1,282;1225,1,49;1213,1,67;1360,1,30;1123,1,31;1053,1,84;1003,1,90;1054,1,182;1055,1,202;1231,1,200;1310,1,38;1129,1,43;1087,1,241;1311,1,123
2576,1,1:1089,1,217
677,37,40:1378,2,9,28;1381,2,75,106;1335,2,271,312;1089,1,235;1365,1,39;1380,1,49;1337,1,53;1090,1,401;1278,1,150;1009,1,108;1162,1,89;1070,1,278;1044,1,76;1154,1,166;1313,1,93;1371,1,32;1076,1,270;1035,1,189;1343,1,51;1195,1,23;1332,1,134;1040,1,117;1137,1,87;1233,1,35;1234,1,89;1114,1,340;1159,1,150;1315,1,254;1214,1,160;1205,1,279;1033,1,224;1299,1,127;1319,1,92;1087,1,122;1363,1,120;1088,1,181;1203,1,186
273,34,39:1089,2,240,246;1098,2,44,218;1192,2,109,149;1196,2,199,306;1236,2,96,116;1165,1,125;1210,1,421;1001,1,253;1069,1,140;1095,1,88;1070,1,327;1389,1,39;1012,1,66;1154,1,173;1206,1,108;1079,1,117;1109,1,97;1318,1,176;1022,1,170;1156,1,66;1208,1,215;1171,1,161;1049,1,150;1200,1,156;1027,1,29;1205,1,201;1276,1,189;1053,1,153;1299,1,184;1055,1,186;1129,1,158;1032,1,215;1183,1,188;1203,1,109
759,3,4:1033,2,405,589;1089,1,248;1040,1,199
503,23,28:1107,3,3,12,31;1111,2,157,163;1129,2,95,104;1319,2,157,168;1089,1,249;1281,1,73;1290,1,72;1389,1,61;1257,1,143;1076,1,250;1058,1,154;1062,1,154;1357,1,46;1195,1,24;1264,1,87;1046,1,178;1208,1,251;1252,1,187;1397,1,89;1235,1,123;1157,1,95;1055,1,138;1203,1,187
4423,1,1:1281,1,27
745,17,19:1211,2,47,104;1030,2,37,223;1281,1,41;1090,1,298;1354,1,72;1058,1,90;1063,1,158;1019,1,126;1306,1,82;1322,1,277;1184,1,68;1266,1,64;1002,1,83;1025,1,115;1247,1,120;1245,1,43;1161,1,120
573,11,16:1307,5,27,101,118,139,174;1331,2,52,82;1281,1,45;1001,1,178;1191,1,79;1306,1,53;1112,1,25;1369,1,24;1024,1,184;1117,1,96;1309,1,181
165,7,8:1008,2,289,327;1281,1,46;1062,1,198;1020,1,127;1262,1,24;1334,1,25;1041,1,31
3846,3,4:1281,2,48,56;1191,1,81;1366,1,123
1775,11,12:1245,2,98,160;1281,1,50;1090,1,43;1338,1,71;1094,1,166;1316,1,41;1261,1,91;1222,1,23;1307,1,56;1122,1,78;1345,1,130
180,95,148:1219,19,255,262,309,315,327,351,360,377,384,390,414,423,432,498,514,532,556,567,580;1114,5,39,48,84,90,113;1090,3,44,58,139;1303,3,90,103,300;1378,3,19,38,60;1184,3,71,178,197;1122,3,35,100,188;1309,3,40,63,146;1183,3,53,105,157;1256,2,172,184;1094,2,213,266;1330,2,73,174;1149,2,90,102;1326,2,27,71;1021,2,265,273;1084,2,122,148;1307,2,57,121;1239,2,92,111;1214,2,46,79;1158,2,90,108;1125,2,107,168;1127,2,154,166;1131,2,124,232;1363,2,45,173;1270,2,60,110;1132,2,110,140;1281,1,58;1346,1,49;1164,1,25;1349,1,151;1210,1,210;1244,1,43;1380,1,21;1337,1,17;1354,1,77;1278,1,109;1312,1,66;1069,1,211;1391,1,59;1070,1,149;1071,1,43;1304,1,28;1249,1,77;1011,1,176;1178,1,104;1216,1,211;1013,1,34;1102,1,58;1316,1,65;1000,1,133;1058,1,176;1079,1,98;1368,1,21;1237,1,109;1218,1,119;1081,1,116;1358,1,46;1295,1,137;1006,1,146;1332,1,92;1263,1,132;1233,1,86;1222,1,29;1046,1,149;1275,1,66;1197,1,193;1023,1,57;1024,1,256;1395,1,28;1163,1,183;1119,1,103;1331,1,135;1327,1,37;1200,1,105;1213,1,228;1374,1,44;1333,1,139;1027,1,195;1245,1,123;1033,1,44;1123,1,47;1226,1,67;1361,1,104;1028,1,110;1229,1,134;1384,1,53;1345,1,60;1340,1,126;1060,1,28;1334,1,62;1086,1,43;1087,1,136;1320,1,68;1161,1,188;1300,1,31
321,18,18:1281,1,71;1365,1,40;1301,1,187;1257,1,141;1206,1,107;1192,1,274;1106,1,133;1209,1,129;1318,1,175;1021,1,198;1114,1,272;1156,1,65;1163,1,110;1033,1,123;1008,1,185;1345,1,24;1334,1,72;1364,1,111
117,36,60:1095,4,2,19,49,137;1397,4,46,49,73,96;1272,3,81,123,154;1070,3,22,65,100;1099,3,1,14,27;1193,3,1,9,24;1306,3,1,17,47;1331,3,48,111,171;1096,2,38,73;1304,2,44,53;1192,2,47,113;1330,2,23,34;1047,2,11,24;1334,2,1,10;1281,1,90;1282,1,33;1346,1,38;1092,1,38;1273,1,84;1071,1,62;1385,1,41;1394,1,72;1017,1,110;1218,1,193;1109,1,41;1082,1,14;1343,1,80;1194,1,20;1159,1,130;1023,1,17;1323,1,50;1359,1,112;1048,1,72;1120,1,101;1309,1,45;1185,1,105
669,11,17:1196,3,41,143,227;1011,2,102,108;1045,2,111,147;1186,2,56,86;1066,2,16,38;1281,1,95;1352,1,43;1080,1,95;1326,1,102;1083,1,93;1184,1,285
251,30,47:1318,7,42,53,70,115,141,164,213;1219,6,271,301,333,370,396,455;1021,3,161,288,294;1387,2,104,129;1241,2,165,191;1156,2,320,355;1299,2,146,176;1281,1,99;1349,1,48;1338,1,105;1001,1,179;1378,1,86;1305,1,132;1330,1,161;1077,1,140;1059,1,155;1016,1,161;1232,1,138;1019,1,95;1137,1,65;1275,1,59;1184,1,235;1266,1,182;1329,1,75;1267,1,52;1214,1,149;1201,1,51;1003,1,66;1057,1,83;1032,1,88
1263,12,12:1281,1,105;1350,1,75;1301,1,124;1215,1,104;1058,1,196;1274,1,108;1358,1,84;1024,1,235;1333,1,182;1027,1,146;1242,1,86;1130,1,234
35,7,7:1281,1,107;1272,1,157;1166,1,158;1189,1,102;1265,1,58;1085,1,114;1364,1,45
508,32,54:1294,5,45,62,102,114,116;1128,5,1,21,149,185,216;1188,4,64,89,99,116;1214,4,44,129,143,157;1391,3,3,10,19;1368,3,55,236,273;1353,2,48,60;1312,2,13,57;1005,2,74,90;1245,2,121,154;1281,1,121;1347,1,41;1176,1,117;1365,1,56;1337,1,39;1092,1,60;1216,1,189;1259,1,32;1217,1,76;1305,1,55;1295,1,135;1323,1,82;1307,1,114;1224,1,162;1122,1,93;1125,1,161;1028,1,56;1340,1,124;1334,1,20;1130,1,62;1182,1,60;1131,1,231
1239,10,10:1281,1,122;1188,1,107;1216,1,199;1371,1,69;1157,1,227;1374,1,37;1247,1,158;1239,1,76;1276,1,109;1028,1,225
593,5,6:1242,2,2,14;1281,1,125;1069,1,200;1383,1,73;1161,1,268
434,45,48:1095,2,37,76;1159,2,95,250;1315,2,145,158;1282,1,15;1090,1,14;1312,1,15;1301,1,54;1071,1,78;1074,1,15;1292,1,50;1178,1,31;1191,1,39;1371,1,60;1034,1,51;1000,1,106;1035,1,40;1077,1,89;1209,1,27;1018,1,141;1342,1,65;1063,1,59;1264,1,130;1323,1,123;1252,1,63;1048,1,49;1119,1,182;1212,1,37;1025,1,37;1367,1,71;1172,1,290;1247,1,39;1007,1,50;1245,1,189;1328,1,96;1276,1,36;1008,1,39;1309,1,189;1003,1,211;1186,1,150;1086,1,75;1057,1,52;1363,1,98;1320,1,111;1311,1,28;1161,1,49
1470,6,13:1294,4,1,11,25,96;1256,3,166,188,199;1282,2,22,52;1349,2,139,165;1289,1,73;1346,1,65
793,20,28:1133,4,9,22,55,61;1364,3,9,23,39;1300,3,7,20,40;1398,2,50,63;1282,1,24;1349,1,14;1337,1,60;1188,1,60;1167,1,48;1100,1,45;1101,1,255;1284,1,77;1035,1,32;1059,1,79;1111,1,121;1322,1,271;1253,1,32;1033,1,297;1130,1,223;1182,1,29
678,25,43:1294,4,9,19,35,171;1365,3,7,21,36;1191,3,10,28,49;1356,3,20,42,66;1101,2,209,252;1075,2,73,104;1313,2,14,29;1102,2,8,17;1199,2,195,247;1299,2,10,23;1370,2,9,19;1060,2,49,132;1271,2,74,272;1282,1,30;1176,1,43;1349,1,24;1278,1,26;1167,1,62;1168,1,30;1169,1,58;1170,1,27;1080,1,131;1368,1,124;1295,1,61;1050,1,65
588,20,31:1368,7,74,97,120,138,149,172,264;1129,3,51,122,174;1067,2,38,129;1294,2,81,92;1065,2,93,150;1282,1,31;1176,1,79;1365,1,117;1165,1,113;1387,1,64;1248,1,53;1091,1,193;1135,1,147;1100,1,32;1101,1,234;1106,1,57;1063,1,108;1369,1,36;1119,1,263;1377,1,47
393,27,33:1278,4,80,97,136,162;1397,3,39,47,50;1302,2,2,7;1282,1,34;1272,1,124;1348,1,54;1382,1,28;1090,1,53;1092,1,39;1095,1,138;1379,1,45;1101,1,92;1260,1,267;1305,1,195;1108,1,18;1109,1,42;1343,1,81;1155,1,81;1046,1,78;1048,1,73;1002,1,106;1254,1,128;1367,1,96;1085,1,92;1158,1,189;1309,1,46;1126,1,91
2542,6,6:1282,1,47;1210,1,110;1044,1,88;1292,1,46;1252,1,60;1134,1,151
477,5,6:1131,2,135,223;1282,1,67;1146,1,122;1081,1,139;1033,1,350
4424,1,1:1289,1,13
167,43,68:1235,7,13,29,37,78,144,190,218;1111,6,62,102,107,147,167,224;1218,3,1,7,13;1019,3,7,18,50;1375,3,1,5,13;1165,2,189,193;1393,2,36,42;1190,2,232,269;1295,2,107,164;1194,2,98,131;1298,2,2,19;1214,2,21,51;1008,2,170,180;1289,1,14;1210,1,26;1353,1,62;1094,1,29;1388,1,35;1010,1,111;1074,1,67;1379,1,89;1101,1,175;1294,1,65;1076,1,39;1102,1,60;1330,1,31;1015,1,152;1368,1,81;1211,1,21;1081,1,39;1040,1,45;1114,1,219;1121,1,50;1037,1,122;1050,1,154;1122,1,157;1245,1,197;1344,1,27;1185,1,103;1030,1,66;1180,1,38;1182,1,26;1161,1,328
2258,9,15:1095,4,15,32,66,124;1096,4,18,36,55,85;1289,1,17;1135,1,187;1273,1,46;1077,1,83;1081,1,111;1021,1,200;1231,1,213
739,26,31:1008,3,144,160,200;1001,2,150,159;1010,2,265,269;1339,2,211,244;1289,1,23;1067,1,143;1210,1,96;1135,1,130;1177,1,25;1072,1,54;1061,1,90;1073,1,69;1145,1,77;1260,1,86;1217,1,135;1394,1,53;1076,1,284;1058,1,78;1079,1,115;1062,1,103;1109,1,76;1006,1,131;1110,1,47;1114,1,209;1361,1,90;1345,1,61
4425,1,1:1289,1,26
2198,7,8:1353,2,21,26;1289,1,30;1290,1,86;1079,1,107;1119,1,139;1245,1,210;1088,1,58
123,45,77:1067,9,44,66,109,134,147,174,180,231,291;1219,5,101,253,260,441,596;1083,4,46,77,100,174;1387,3,92,100,143;1378,3,12,31,61;1253,3,34,114,164;1239,3,98,109,185;1176,2,95,107;1243,2,83,90;1380,2,87,107;1206,2,170,176;1241,2,153,168;1267,2,5,11;1085,2,43,181;1008,2,110,149;1236,2,34,39;1289,1,32;1244,1,35;1278,1,171;1091,1,208;1302,1,20;1010,1,119;1246,1,91;1216,1,49;1260,1,87;1217,1,111;1079,1,102;1106,1,101;1232,1,178;1339,1,218;1020,1,194;1045,1,109;1332,1,79;1111,1,67;1021,1,276;1223,1,37;1315,1,115;1395,1,24;1225,1,131;1361,1,93;1031,1,130;1231,1,143;1310,1,89;1320,1,101;1203,1,218
296,40,46:1076,4,50,145,156,195;1063,2,193,224;1233,2,139,162;1197,2,77,96;1289,1,39;1210,1,196;1094,1,144;1012,1,96;1058,1,94;1079,1,65;1218,1,38;1081,1,75;1082,1,92;1194,1,81;1045,1,160;1111,1,35;1112,1,110;1021,1,237;1046,1,84;1267,1,66;1119,1,81;1327,1,163;1200,1,121;1050,1,40;1247,1,62;1227,1,92;1228,1,94;1031,1,139;1231,1,135;1087,1,210;1335,1,186;1320,1,132;1183,1,99;1088,1,120;1311,1,159;1203,1,132;1364,1,42;1173,1,59;1336,1,41;1133,1,59
4426,1,1:1289,1,47
2222,7,10:1008,4,11,28,59,311;1289,1,49;1259,1,62;1192,1,190;1083,1,300;1361,1,62;1229,1,67
154,19,24:1230,3,6,17,27;1189,2,71,124;1280,2,4,13;1039,2,148,174;1289,1,56;1135,1,41;1260,1,47;1316,1,75;1017,1,39;1322,1,147;1163,1,142;1048,1,132;1268,1,111;1213,1,52;1134,1,230;1360,1,35;1126,1,123;1229,1,84;1056,1,174
4427,2,2:1289,1,68;1346,1,59
2529,5,6:1397,2,38,48;1346,1,23;1152,1,47;1347,1,26;1159,1,201
505,38,74:1106,9,1,11,13,23,30,89,113,145,148;1152,3,50,104,118;1380,3,7,15,70;1353,3,1,8,46;1356,3,10,32,55;1305,3,6,14,33;1105,3,16,33,51;1160,3,62,94,172;1186,3,11,23,36;1393,2,7,15;1382,2,7,15;1243,2,7,15;1067,2,7,15;1210,2,7,15;1350,2,7,15;1387,2,6,13;1162,2,84,106;1170,2,1,6;1373,2,39,101;1102,2,25,38;1158,2,29,201;1346,1,24;1347,1,27;1290,1,46;1272,1,52;1164,1,17;1176,1,18;1165,1,18;1090,1,224;1352,1,34;1153,1,50;1302,1,15;1001,1,216;1093,1,20;1313,1,33;1260,1,120;1161,1,147;1133,1,38
1100,20,26:1101,4,22,39,109,128;1346,2,27,40;1301,2,12,82;1246,2,41,56;1347,1,30;1349,1,94;1165,1,79;1243,1,18;1090,1,227;1352,1,25;1278,1,19;1293,1,93;1191,1,95;1260,1,200;1217,1,88;1111,1,99;1157,1,135;1150,1,36;1370,1,133;1186,1,92
873,21,25:1243,2,29,75;1094,2,220,251;1237,2,52,86;1245,2,85,157;1346,1,28;1349,1,42;1093,1,63;1207,1,99;1096,1,70;1099,1,200;1241,1,256;1020,1,256;1233,1,84;1222,1,100;1197,1,79;1024,1,102;1171,1,110;1253,1,109;1157,1,147;1276,1,214;1130,1,155
816,13,14:1090,2,160,289;1346,1,46;1382,1,37;1210,1,388;1188,1,72;1113,1,87;1187,1,93;1171,1,127;1163,1,113;1214,1,33;1361,1,120;1130,1,156;1311,1,100
788,7,17:1276,6,13,27,47,67,82,205;1107,4,39,59,81,107;1152,3,22,69,93;1348,1,33;1176,1,66;1373,1,36;1118,1,80
240,14,22:1105,4,7,24,41,75;1010,3,58,187,253;1101,3,204,261,286;1102,2,47,61;1152,1,24;1256,1,158;1338,1,49;1093,1,30;1059,1,126;1016,1,116;1080,1,130;1007,1,86;1299,1,66;1056,1,205
140,55,90:1224,5,42,49,57,69,113;1338,4,2,10,26,115;1187,4,5,20,34,58;1333,4,2,12,42,50;1271,4,37,214,289,297;1248,3,6,16,25;1015,3,114,123,144;1297,3,44,58,164;1340,3,2,14,94;1190,2,54,207;1246,2,25,112;1080,2,45,134;1220,2,2,17;1298,2,4,21;1122,2,110,143;1299,2,31,213;1128,2,46,236;1277,2,45,156;1131,2,167,199;1161,2,165,233;1152,1,31;1290,1,47;1210,1,464;1090,1,175;1303,1,215;1167,1,22;1093,1,38;1162,1,41;1325,1,65;1257,1,24;1249,1,56;1313,1,122;1305,1,46;1394,1,30;1102,1,73;1193,1,123;1082,1,42;1110,1,164;1326,1,17;1112,1,75;1022,1,25;1156,1,91;1024,1,61;1307,1,159;1359,1,34;1395,1,34;1163,1,345;1048,1,22;1327,1,197;1254,1,137;1085,1,75;1065,1,167;1375,1,28;1032,1,192;1173,1,145
3395,1,1:1152,1,32
760,12,13:1266,2,32,39;1152,1,34;1090,1,25;1248,1,69;1162,1,92;1218,1,166;1358,1,74;1397,1,26;1025,1,41;1158,1,200;1008,1,199;1375,1,60
1303,6,7:1219,2,208,223;1152,1,39;1256,1,34;1314,1,56;1342,1,91;1307,1,172
969,13,17:1078,3,11,36,69;1213,2,114,242;1088,2,160,166;1152,1,41;1290,1,95;1165,1,197;1082,1,89;1219,1,183;1339,1,100;1126,1,84;1204,1,145;1186,1,144;1173,1,44
715,7,8:1186,2,70,158;1152,1,46;1073,1,111;1040,1,267;1208,1,226;1235,1,173;1200,1,129
1612,1,1:1152,1,49
830,11,18:1152,4,54,71,95,103;1357,3,8,23,41;1237,2,38,60;1345,2,10,21;1272,1,184;1189,1,67;1376,1,56;1063,1,155;1116,1,39;1125,1,244;1186,1,59
1216,6,8:1157,3,16,40,76;1152,1,79;1246,1,84;1297,1,180;1344,1,68;1309,1,55
773,12,13:1349,2,162,185;1152,1,84;1069,1,179;1012,1,156;1076,1,226;1195,1,167;1184,1,112;1235,1,224;1245,1,51;1151,1,84;1129,1,147;1363,1,76
1256,7,7:1152,1,107;1368,1,105;1108,1,80;1241,1,236;1115,1,60;1180,1,44;1300,1,46
3303,2,2:1152,1,122;1382,1,24
2717,4,6:1259,2,51,101;1173,2,147,164;1152,1,125;1088,1,206
228,13,14:1192,2,99,133;1152,1,149;1349,1,125;1260,1,16;1106,1,91;1080,1,103;1156,1,252;1331,1,129;1253,1,149;1245,1,53;1384,1,89;1370,1,99;1311,1,103
646,23,34:1258,3,8,21,38;1266,3,6,13,30;1364,3,8,22,38;1300,3,6,19,39;1133,3,8,21,54;1161,2,162,174;1152,1,150;1349,1,126;1094,1,313;1294,1,73;1330,1,202;1080,1,104;1211,1,152;1193,1,31;1149,1,29;1184,1,363;1119,1,19;1002,1,86;1125,1,59;1180,1,41;1277,1,37;1130,1,222;1087,1,300
262,23,25:1021,2,121,131;1324,2,78,117;1152,1,166;1290,1,98;1067,1,185;1166,1,82;1005,1,169;1011,1,183;1170,1,69;1216,1,177;1259,1,85;1332,1,97;1233,1,87;1296,1,122;1187,1,112;1163,1,366;1245,1,241;1240,1,41;1033,1,608;1039,1,84;1231,1,167;1271,1,172;1088,1,47
707,31,46:1132,5,3,15,79,115,191;1076,4,11,24,64,126;1108,3,5,13,22;1117,3,4,17,52;1011,2,74,257;1305,2,75,174;1205,2,117,129;1392,2,61,106;1152,1,176;1145,1,214;1078,1,171;1062,1,88;1146,1,153;1383,1,47;1297,1,75;1110,1,99;1195,1,39;1156,1,361;1198,1,145;1208,1,100;1266,1,149;1172,1,252;1242,1,64;1122,1,170;1276,1,159;1127,1,118;1055,1,204;1039,1,114;1277,1,30;1319,1,68;1203,1,193
1171,2,2:1152,1,179;1219,1,152
59,46,69:1014,4,1,7,49,135;1025,4,5,22,59,100;1318,3,1,8,15;1363,3,17,34,159;1069,2,127,220;1191,2,18,36;1381,2,3,11;1063,2,228,241;1022,2,9,18;1199,2,225,243;1163,2,179,211;1212,2,1,10;1052,2,1,10;1033,2,312,638;1008,2,1,18;1127,2,38,96;1319,2,112,125;1152,1,202;1166,1,85;1005,1,118;1385,1,24;1293,1,102;1259,1,72;1316,1,44;1036,1,70;1077,1,90;1062,1,187;1110,1,192;1019,1,24;1045,1,59;1263,1,180;1233,1,229;1083,1,166;1238,1,137;1023,1,102;1187,1,115;1171,1,185;1235,1,150;1225,1,31;1026,1,120;1239,1,198;1027,1,117;1286,1,73;1066,1,92;1324,1,81;1320,1,127
506,19,22:1011,3,105,125,137;1215,2,6,14;1256,1,17;1210,1,134;1135,1,125;1061,1,199;1190,1,190;1099,1,216;1211,1,178;1110,1,128;1118,1,118;1172,1,48;1239,1,151;1008,1,206;1065,1,242;1340,1,111;1310,1,40;1131,1,58;1173,1,93
4428,1,1:1256,1,18
457,6,7:1256,2,39,124;1164,1,28;1074,1,25;1119,1,87;1370,1,78;1364,1,117
4079,1,2:1256,2,42,127
1821,7,7:1256,1,60;1176,1,24;1090,1,49;1091,1,152;1093,1,71;1305,1,200;1372,1,19
1587,9,9:1256,1,62;1349,1,51;1355,1,34;1330,1,30;1106,1,55;1233,1,155;1157,1,156;1085,1,66;1030,1,307
299,8,8:1256,1,77;999,1,105;1369,1,133;1116,1,177;1160,1,80;1008,1,169;1127,1,116;1028,1,260
4429,1,1:1256,1,80
4430,3,3:1256,1,81;1290,1,83;1293,1,142
310,41,67:1130,6,70,149,200,211,245,264;1070,4,7,41,50,84;1236,4,8,18,23,83;1044,3,19,40,77;1085,3,6,17,35;1273,2,7,17;1385,2,7,15;1073,2,8,20;1206,2,116,217;1381,2,76,134;1109,2,8,18;1064,2,16,34;1299,2,128,186;1087,2,199,270;1132,2,128,173;1041,2,1,13;1256,1,89;1069,1,162;1189,1,133;1192,1,191;1035,1,190;1318,1,31;1110,1,206;1332,1,128;1040,1,213;1137,1,88;1233,1,240;1022,1,134;1114,1,164;1163,1,287;1049,1,237;1033,1,516;1276,1,168;1053,1,242;1160,1,234;1008,1,103;1003,1,206;1056,1,158;1151,1,299;1324,1,123;1203,1,71
3958,3,3:1256,1,91;1260,1,188;1357,1,33
4159,2,2:1256,1,93;1074,1,91
1157,8,9:1080,2,122,150;1256,1,96;1292,1,43;1058,1,128;1077,1,107;1046,1,66;1252,1,81;1055,1,184
24,4,4:1256,1,102;1245,1,295;1269,1,20;1228,1,132
822,22,24:1330,2,77,128;1184,2,119,227;1256,1,126;1210,1,182;1387,1,70;1391,1,34;1070,1,138;1098,1,134;1283,1,14;1206,1,201;1218,1,30;1082,1,37;1263,1,63;1265,1,78;1198,1,115;1323,1,96;1267,1,47;1163,1,258;1134,1,78;1384,1,10;1065,1,121;1151,1,200
76,16,17:1173,2,74,97;1256,1,129;1169,1,27;1358,1,113;1339,1,96;1024,1,59;1184,1,316;1266,1,85;1116,1,103;1118,1,99;1327,1,241;1239,1,89;1008,1,236;1128,1,207;1370,1,135;1161,1,224
390,10,13:1078,3,12,37,70;1373,2,2,14;1256,1,146;1341,1,61;1010,1,233;1317,1,132;1080,1,65;1314,1,51;1018,1,31;1126,1,229
3171,2,2:1256,1,147;1012,1,93
82,39,65:1172,6,37,127,135,159,169,206;1222,5,1,11,53,84,91;1145,4,75,205,216,244;1232,4,3,11,145,286;1128,4,15,35,109,193;1021,3,62,143,274;1266,3,33,98,151;1368,2,53,129;1111,2,26,182;1120,2,35,65;1085,2,173,198;1256,1,152;1272,1,188;1090,1,92;1391,1,71;1189,1,105;1101,1,188;1260,1,44;1015,1,76;1035,1,160;1146,1,210;1381,1,114;1195,1,151;1040,1,259;1114,1,266;1184,1,40;1323,1,79;1359,1,64;1267,1,26;1050,1,190;1122,1,199;1240,1,74;1226,1,41;1309,1,152;1277,1,32;1129,1,164;1130,1,219;1032,1,221;1311,1,111
882,15,17:1293,2,73,125;1172,2,138,172;1256,1,155;1258,1,125;1099,1,172;1192,1,388;1330,1,82;1015,1,252;1369,1,176;1163,1,264;1253,1,175;1158,1,133;1319,1,189;1183,1,200;1088,1,137
616,28,37:1116,5,3,17,31,144,163;1130,3,98,273,293;1373,2,4,16;1233,2,115,185;1085,2,29,129;1256,1,160;1165,1,203;1382,1,61;1168,1,84;1061,1,147;1169,1,63;1376,1,59;1075,1,120;1078,1,229;1209,1,50;1358,1,109;1112,1,178;1137,1,72;1021,1,178;1046,1,184;1196,1,51;1307,1,81;1331,1,116;1333,1,69;1240,1,29;1370,1,143;1161,1,195;1236,1,35
606,5,5:1256,1,161;1211,1,95;1266,1,124;1119,1,185;1331,1,117
448,32,45:1206,3,20,52,177;1185,3,6,27,53;1335,3,102,148,166;1303,2,145,156;1092,2,58,79;1391,2,1,8;1294,2,77,87;1125,2,28,225;1271,2,120,309;1161,2,230,237;1256,1,168;1176,1,106;1349,1,129;1387,1,20;1278,1,31;1248,1,84;1338,1,20;1091,1,141;1094,1,361;1070,1,118;1105,1,45;1218,1,61;1149,1,146;1339,1,193;1159,1,185;1024,1,52;1120,1,80;1333,1,92;1127,1,135;1277,1,253;1311,1,122;1336,1,56
630,37,74:1213,11,43,56,88,124,131,139,171,178,190,209,217;1229,11,18,42,69,73,88,104,147,160,178,206,215;1204,7,68,87,106,121,164,185,196;1116,4,107,135,191,213;1107,3,68,93,101;1221,3,57,61,65;1067,2,251,272;1099,2,85,134;1211,2,192,217;1121,2,182,200;1256,1,175;1243,1,57;1135,1,160;1068,1,47;1001,1,227;1010,1,259;1073,1,52;1283,1,82;1284,1,121;1259,1,123;1015,1,208;1079,1,180;1146,1,50;1080,1,75;1318,1,169;1263,1,170;1040,1,195;1114,1,208;1084,1,138;1199,1,270;1225,1,106;1172,1,301;1065,1,210;1031,1,94;1151,1,211;1032,1,254;1363,1,145
36,21,46:1088,6,23,46,125,170,214,223;1364,6,7,21,65,77,83,106;1251,4,25,56,72,105;1161,4,23,46,79,337;1354,3,5,17,41;1181,3,5,14,33;1300,3,9,22,42;1133,3,7,20,58;1173,2,29,128;1256,1,182;1349,1,91;1091,1,189;1302,1,56;1093,1,25;1101,1,272;1179,1,72;1260,1,94;1062,1,124;1180,1,32;1340,1,139;1336,1,24
1599,5,5:1256,1,186;1073,1,98;1078,1,294;1116,1,188;1320,1,144
738,7,17:1343,6,1,10,25,48,72,91;1145,3,14,38,143;1125,3,78,132,164;1309,2,24,191;1256,1,191;1191,1,87;1013,1,40
2796,2,2:1256,1,197;1166,1,89
384,19,24:1161,3,10,33,59;1350,2,62,77;1215,2,20,101;1017,2,33,79;1347,1,16;1210,1,314;1090,1,218;1248,1,43;1091,1,28;1092,1,71;1261,1,41;1081,1,70;1232,1,22;1019,1,135;1113,1,24;1224,1,28;1163,1,164;1331,1,20;1201,1,19
1644,5,10:1124,3,3,14,50;1151,3,1,9,40;1026,2,7,19;1347,1,37;1266,1,144
47,45,77:1321,5,2,15,28,70,77;1081,5,2,18,34,59,92;1197,4,95,125,172,199;1327,4,81,117,139,188;1190,3,69,162,239;1305,3,43,94,156;1024,3,43,87,98;1183,3,5,25,44;1270,3,8,25,45;1258,2,43,106;1295,2,105,117;1326,2,55,74;1208,2,14,115;1315,2,58,236;1119,2,190,229;1310,2,123,139;1271,2,166,180;1347,1,54;1290,1,56;1090,1,190;1248,1,77;1162,1,56;1094,1,379;1391,1,27;1096,1,58;1216,1,161;1372,1,16;1390,1,45;1274,1,78;1218,1,121;1082,1,134;1241,1,164;1112,1,146;1233,1,158;1369,1,58;1184,1,321;1223,1,106;1224,1,130;1309,1,166;1125,1,185;1129,1,33;1362,1,57;1086,1,99;1335,1,142;1363,1,51
4431,2,2:1290,1,14;1272,1,14
268,16,21:1257,2,79,153;1114,2,249,401;1277,2,163,231;1319,2,105,184;1203,2,120,176;1290,1,23;1070,1,312;1101,1,139;1224,1,136;1120,1,84;1033,1,248;1064,1,109;1226,1,132;1125,1,216;1151,1,78;1271,1,139
662,18,20:1318,2,181,193;1200,2,133,176;1290,1,28;1272,1,25;1348,1,29;1349,1,32;1352,1,35;1312,1,17;1301,1,56;1258,1,143;1293,1,44;1274,1,116;1082,1,135;1315,1,35;1047,1,62;1158,1,118;1324,1,89;1203,1,84
4432,1,1:1290,1,30
368,19,21:1241,2,254,282;1245,2,55,79;1290,1,32;1072,1,55;1044,1,137;1078,1,112;1062,1,104;1211,1,179;1193,1,88;1237,1,98;1018,1,183;1109,1,103;1118,1,81;1163,1,244;1033,1,383;1038,1,66;1277,1,242;1130,1,206;1041,1,53
4433,1,1:1290,1,34
164,13,24:1357,5,67,72,85,96,104;1103,3,1,5,25;1107,3,48,65,89;1091,2,9,21;1192,2,254,433;1274,2,80,139;1290,1,48;1249,1,69;1366,1,61;1268,1,92;1370,1,160;1340,1,75;1183,1,179
784,8,12:1262,3,50,79,132;1290,2,62,88;1228,2,98,147;1210,1,311;1350,1,20;1035,1,18;1198,1,70;1227,1,114
4117,1,1:1290,1,67
4434,2,2:1290,1,82;1293,1,141
51,18,19:1145,2,159,178;1290,1,97;1190,1,213;1170,1,68;1035,1,171;1321,1,142;1109,1,123;1318,1,257;1063,1,201;1006,1,315;1332,1,104;1022,1,114;1114,1,339;1163,1,365;1047,1,43;1048,1,82;1027,1,215;1066,1,86
170,12,16:1024,4,31,174,196,259;1007,2,2,21;1272,1,17;1301,1,52;1385,1,44;1257,1,184;1318,1,187;1233,1,219;1159,1,41;1199,1,115;1310,1,99;1392,1,15
1143,1,1:1272,1,20
2137,1,1:1272,1,22
2314,5,6:1272,2,47,168;1216,1,129;1157,1,141;1185,1,171;1236,1,134
271,24,31:1262,3,93,140,173;1272,2,56,115;1119,2,119,295;1235,2,43,106;1333,2,32,166;1008,2,136,192;1165,1,29;1070,1,106;1010,1,252;1258,1,39;1372,1,50;1192,1,71;1321,1,42;1082,1,71;1232,1,274;1083,1,206;1234,1,41;1359,1,50;1205,1,194;1033,1,657;1127,1,62;1056,1,212;1370,1,31;1186,1,124
1533,9,10:1090,2,147,251;1272,1,58;1301,1,112;1326,1,46;1024,1,114;1266,1,87;1187,1,72;1086,1,68;1392,1,102
757,10,14:1159,5,10,21,37,73,91;1272,1,60;1380,1,43;1001,1,174;1196,1,272;1184,1,61;1359,1,111;1333,1,156;1122,1,50;1185,1,67
551,47,60:1033,4,447,562,653,663;1398,3,57,70,83;1195,3,127,140,173;1272,2,61,149;1386,2,65,108;1106,2,167,177;1024,2,160,265;1032,2,105,146;1270,2,49,73;1067,1,94;1244,1,64;1353,1,41;1166,1,87;1091,1,108;1301,1,75;1094,1,344;1044,1,67;1169,1,133;1101,1,69;1259,1,60;1305,1,114;999,1,166;1209,1,48;1314,1,100;1018,1,87;1082,1,127;1295,1,91;1110,1,195;1019,1,81;1263,1,189;1233,1,40;1251,1,103;1238,1,106;1198,1,72;1315,1,95;1187,1,70;1119,1,194;1121,1,84;1172,1,297;1158,1,127;1008,1,309;1230,1,81;1370,1,95;1130,1,126;1335,1,179;1088,1,84;1132,1,48
468,25,29:1286,3,9,22,33;1015,2,9,21;1220,2,35,85;1272,1,76;1210,1,73;1353,1,75;1278,1,106;1068,1,129;1217,1,168;999,1,83;1110,1,184;1332,1,105;1263,1,150;1112,1,177;1233,1,208;1022,1,116;1369,1,62;1038,1,88;1204,1,19;1319,1,43;1271,1,191;1032,1,269;1335,1,293;1183,1,109;1088,1,112
567,10,10:1272,1,77;1210,1,149;1274,1,154;1193,1,63;1321,1,84;1219,1,237;1195,1,131;1245,1,176;1150,1,91;1324,1,133
978,9,9:1272,1,80;1349,1,55;1358,1,142;1155,1,118;1119,1,98;1033,1,251;1201,1,163;1271,1,288;1182,1,99
555,11,15:1091,2,130,165;1246,2,98,118;1156,2,146,412;1163,2,172,324;1272,1,86;1338,1,78;1098,1,119;1011,1,235;1260,1,17;1107,1,86;1160,1,236
786,15,16:1262,2,8,19;1272,1,97;1337,1,47;1188,1,34;1167,1,52;1093,1,138;1192,1,367;1274,1,130;1314,1,113;1171,1,36;1002,1,34;1037,1,130;1213,1,77;1231,1,168;1060,1,73
844,17,23:1259,3,8,16,29;1361,3,9,20,38;1354,2,12,24;1392,2,2,8;1272,1,110;1349,1,74;1352,1,56;1068,1,97;1154,1,60;1294,1,139;1241,1,131;1251,1,83;1214,1,35;1008,1,278;1201,1,46;1054,1,83;1310,1,101
1172,7,9:1272,2,111,140;1330,2,177,183;1349,1,113;1210,1,181;1237,1,116;1232,1,282;1315,1,126
1190,4,6:1272,2,128,141;1149,2,51,140;1184,1,356;1359,1,120
3223,2,2:1272,1,186;1006,1,179
4435,1,1:1272,1,187
2381,4,6:1348,3,15,55,60;1257,1,112;1358,1,90;1198,1,96
314,40,53:1024,4,9,23,167,228;1090,3,206,294,343;1206,3,7,39,85;1006,3,100,156,264;1067,2,252,273;1000,2,44,136;1156,2,181,259;1121,2,17,47;1348,1,40;1210,1,61;1248,1,75;1325,1,48;1257,1,151;1010,1,167;1294,1,110;1034,1,105;1250,1,38;1015,1,54;1036,1,21;1105,1,56;1274,1,41;1218,1,66;1343,1,76;1110,1,222;1332,1,68;1111,1,173;1329,1,58;1315,1,108;1331,1,80;1242,1,73;1033,1,538;1064,1,129;1309,1,118;1227,1,65;1228,1,63;1126,1,99;1334,1,41;1320,1,46;1203,1,224;1300,1,59
2798,4,4:1348,1,47;1091,1,90;1264,1,111;1130,1,90
904,8,8:1348,1,51;1274,1,75;1339,1,138;1245,1,277;1228,1,137;1185,1,113;1363,1,38;1183,1,183
435,22,23:1340,2,39,144;1348,1,62;1393,1,94;1207,1,155;1273,1,111;1071,1,69;1389,1,49;1356,1,79;1260,1,74;1371,1,92;1366,1,103;1080,1,21;1342,1,84;1081,1,82;1198,1,43;1184,1,336;1116,1,207;1124,1,161;1185,1,74;1375,1,52;1271,1,315;1183,1,220
1766,3,3:1348,1,72;1221,1,82;1119,1,253
1802,4,4:1164,1,15;1153,1,82;1355,1,19;1033,1,661
168,45,53:1190,3,68,161,238;1257,2,48,118;1332,2,5,14;1198,2,25,128;1266,2,159,186;1367,2,105,119;1033,2,41,662;1164,1,22;1349,1,101;1387,1,82;1379,1,75;1101,1,192;1293,1,163;1260,1,270;1305,1,155;1192,1,57;999,1,131;1381,1,94;1105,1,80;1080,1,106;1218,1,163;1358,1,43;1232,1,236;1219,1,170;1194,1,87;1262,1,85;1263,1,161;1234,1,54;1196,1,280;1114,1,157;1359,1,55;1119,1,247;1134,1,116;1374,1,31;1254,1,68;1008,1,256;1230,1,117;1362,1,72;1086,1,76;1032,1,282;1131,1,45;1183,1,222;1311,1,145;1161,1,204;1236,1,128
1036,9,9:1164,1,23;1261,1,88;1219,1,171;1374,1,32;1254,1,69;1033,1,42;1362,1,73;1086,1,77;1320,1,66
1573,4,5:1241,2,195,248;1164,1,30;1076,1,160;1026,1,48
647,29,34:1179,2,111,121;1342,2,69,79;1195,2,126,172;1159,2,60,70;1163,2,326,357;1164,1,34;1382,1,73;1312,1,46;1135,1,85;1162,1,61;1099,1,211;1216,1,135;1192,1,412;1078,1,290;1218,1,124;1321,1,80;1063,1,61;1295,1,116;1111,1,203;1083,1,268;1296,1,104;1156,1,177;1050,1,135;1201,1,87;1126,1,223;1230,1,57;1182,1,113;1183,1,180;1161,1,51
1333,6,6:1164,1,44;1257,1,158;1046,1,75;1118,1,135;1367,1,117;1335,1,272
1675,6,6:1164,1,51;1148,1,67;1076,1,45;1315,1,66;1033,1,649;1124,1,112
96,11,13:1033,2,147,483;1271,2,206,305;1176,1,22;1165,1,54;1090,1,26;1264,1,97;1225,1,164;1245,1,230;1160,1,83;1008,1,223;1392,1,124
4436,1,1:1176,1,25
2348,10,28:1165,4,19,82,92,120;1179,4,5,17,31,83;1285,4,4,11,17,44;1357,4,3,18,34,122;1176,3,35,92,110;1356,3,15,37,60;1168,2,60,91;1191,2,4,22;1107,1,41;1374,1,26
639,5,6:1293,2,168,192;1176,1,48;1391,1,79;1159,1,176;1333,1,153
2490,3,5:1260,2,20,126;1390,2,37,73;1176,1,52
29,13,14:1386,2,5,14;1176,1,55;1090,1,215;1166,1,76;1094,1,118;1261,1,82;1104,1,48;1184,1,85;1359,1,35;1254,1,143;1122,1,25;1370,1,52;1131,1,54
585,26,31:1301,3,68,103,111;1176,2,63,71;1377,2,37,65;1085,2,46,135;1303,1,83;1284,1,27;1394,1,33;1209,1,120;1081,1,69;1343,1,82;1232,1,249;1219,1,57;1045,1,220;1306,1,88;1322,1,57;1184,1,52;1208,1,76;1323,1,59;1051,1,72;1328,1,112;1033,1,624;1127,1,91;1375,1,35;1319,1,75;1324,1,84;1271,1,105
670,27,45:1173,5,27,38,126,140,152;1079,3,141,155,169;1220,3,45,49,66;1392,3,70,88,96;1176,2,73,76;1061,2,123,170;1190,2,61,123;1305,2,81,179;1076,2,158,188;1024,2,201,248;1201,2,26,100;1031,2,67,80;1165,1,163;1350,1,91;1091,1,39;1044,1,112;1371,1,108;1015,1,131;1078,1,181;1146,1,101;1149,1,30;1339,1,199;1022,1,76;1023,1,59;1307,1,147;1327,1,255;1361,1,58
48,10,11:1301,2,79,107;1176,1,75;1312,1,31;1246,1,76;1232,1,108;1219,1,192;1111,1,124;1046,1,161;1122,1,237;1033,1,112
1271,7,10:1090,2,339,349;1301,2,96,129;1130,2,216,230;1176,1,81;1246,1,90;1115,1,59;1331,1,77
4437,2,2:1176,1,86;1165,1,57
542,4,4:1176,1,89;1215,1,90;1239,1,207;1122,1,138
581,2,2:1176,1,94;1159,1,28
432,23,25:1363,2,47,130;1392,2,17,114;1176,1,96;1393,1,30;1210,1,64;1153,1,81;1338,1,65;1188,1,115;1207,1,66;1095,1,68;1070,1,140;1294,1,58;1305,1,191;1104,1,79;1211,1,31;1264,1,72;1083,1,217;1197,1,36;1156,1,18;1198,1,48;1315,1,30;1254,1,150;1239,1,83
334,56,110:1219,7,14,29,61,84,213,228,601;1145,6,172,184,192,201,211,227;1006,6,10,30,74,134,152,169;1213,6,58,62,162,166,173,257;1120,5,3,13,30,73,99;1227,4,9,24,82,106;1028,4,73,80,103,176;1081,3,120,121,133;1252,3,137,140,167;1157,3,155,159,165;1228,3,8,22,84;1204,3,71,109,124;1151,3,192,205,245;1090,2,183,282;1246,2,128,142;1192,2,435,451;1263,2,43,65;1329,2,66,72;1223,2,118,153;1085,2,113,118;1229,2,90,94;1384,2,11,66;1087,2,225,251;1132,2,46,57;1176,1,113;1380,1,124;1273,1,68;1096,1,121;1070,1,195;1010,1,219;1206,1,105;1378,1,99;1016,1,144;1080,1,153;1297,1,51;1209,1,92;1108,1,77;1343,1,45;1295,1,156;1195,1,90;1262,1,156;1040,1,104;1197,1,136;1024,1,111;1184,1,239;1266,1,202;1315,1,182;1327,1,202;1214,1,134;1052,1,37;1064,1,126;1029,1,85;1345,1,108;1310,1,135;1363,1,147;1183,1,230
820,23,34:1148,5,8,16,25,62,76;1292,4,8,16,24,60;1207,3,14,46,77;1276,2,95,181;1392,2,40,58;1165,1,45;1090,1,109;1068,1,42;1257,1,25;1101,1,187;1192,1,301;1381,1,158;1209,1,21;1295,1,38;1322,1,71;1323,1,121;1224,1,63;1119,1,175;1121,1,260;1327,1,195;1377,1,72;1367,1,54;1003,1,201
2933,4,4:1148,1,18;1244,1,77;1110,1,204;1230,1,127
1318,9,11:1063,2,147,172;1159,2,59,69;1148,1,39;1094,1,255;1192,1,35;1322,1,163;1050,1,87;1051,1,20;1203,1,122
75,24,24:1148,1,53;1365,1,91;1278,1,93;1389,1,65;1189,1,24;1010,1,246;1011,1,208;1154,1,172;1170,1,81;1305,1,147;1390,1,26;1274,1,112;1237,1,18;1082,1,31;1232,1,88;1159,1,189;1024,1,65;1119,1,86;1033,1,137;1085,1,121;1370,1,72;1066,1,66;1319,1,74;1324,1,83
804,26,31:1090,2,104,374;1091,2,139,155;1093,2,43,84;1274,2,53,113;1002,2,13,27;1148,1,54;1380,1,120;1278,1,39;1162,1,54;1094,1,97;1192,1,303;1108,1,55;1063,1,175;1083,1,87;1184,1,200;1037,1,93;1276,1,50;1127,1,39;1185,1,158;1230,1,24;1065,1,161;1334,1,32;1277,1,47;1324,1,105;1271,1,52;1270,1,42
584,21,31:1241,7,2,13,126,144,172,194,205;1232,3,155,246,269;1122,3,55,68,140;1148,1,56;1067,1,210;1278,1,145;1248,1,58;1010,1,76;1258,1,103;1215,1,134;1305,1,74;1237,1,75;1358,1,125;1339,1,149;1233,1,216;1159,1,208;1307,1,156;1235,1,182;1247,1,115;1027,1,205;1334,1,69
4438,1,1:1148,1,61
578,11,11:1148,1,72;1244,1,110;1189,1,93;1169,1,26;1192,1,377;1297,1,46;1263,1,105;1306,1,86;1158,1,54;1003,1,58;1271,1,103
1127,5,5:1148,1,74;1301,1,46;1241,1,235;1050,1,151;1122,1,177
956,4,7:1127,4,10,21,33,120;1148,1,95;1121,1,53;1157,1,174
2582,2,4:1368,3,251,268,283;1148,1,103
972,11,18:1210,6,53,189,226,300,335,384;1033,2,265,410;1173,2,158,160;1148,1,104;1135,1,88;1179,1,71;1371,1,111;1102,1,89;1109,1,107;1082,1,97;1130,1,107
1935,3,3:1148,1,106;1227,1,71;1228,1,69
340,29,92:1070,10,5,39,48,82,162,186,204,229,238,247;1366,8,15,30,40,46,54,79,88,113;1365,7,4,18,33,59,75,89,105;1058,6,12,31,57,75,81,96;1033,6,268,319,413,443,470,561;1171,5,9,18,32,81,200;1308,5,10,20,34,63,150;1294,4,68,71,75,85;1063,4,51,86,195,226;1113,4,7,17,56,81;1328,4,19,38,59,122;1118,3,37,87,104;1002,3,10,24,115;1269,3,8,16,66;1035,2,55,99;1104,2,76,110;1199,2,53,222;1276,2,77,91;1123,2,2,6;1154,1,85;1372,1,35;1034,1,88;1318,1,102;1110,1,87;1112,1,172;1208,1,247;1049,1,70;1121,1,178;1053,1,68
1357,2,3:1365,2,14,28;1063,1,245
2271,2,2:1365,1,44;1321,1,35
890,5,7:1096,2,88,105;1033,2,300,601;1365,1,50;1021,1,207;1277,1,205
519,1,1:1365,1,51
674,8,9:1008,2,215,305;1365,1,63;1318,1,239;1219,1,184;1268,1,133;1157,1,148;1201,1,40;1202,1,114
1282,7,7:1365,1,72;1093,1,54;1005,1,75;1010,1,273;1154,1,179;1293,1,64;1294,1,55
614,13,23:1187,4,14,29,44,86;1257,3,9,19,40;1022,3,5,14,55;1335,3,18,37,59;1363,2,11,28;1365,1,79;1218,1,171;1082,1,54;1375,1,69;1086,1,105;1320,1,30;1392,1,60;1311,1,83
2722,1,1:1365,1,96
596,48,92:1091,4,5,17,35,190;1376,4,8,18,33,53;1243,3,37,45,77;1248,3,9,19,34;1338,3,7,15,37;1302,3,4,9,16;1095,3,10,27,61;1096,3,13,31,44;1385,3,4,12,29;1179,3,7,19,33;1390,3,5,11,20;1077,3,15,40,101;1105,3,10,27,46;1106,3,4,16,39;1285,3,6,13,19;1252,3,10,28,49;1212,3,6,15,24;1052,3,3,12,30;1122,3,6,17,32;1286,3,4,17,28;1166,2,7,24;1178,2,52,112;1365,1,109;1349,1,62;1165,1,255;1093,1,90;1168,1,21;1215,1,26;1246,1,77;1100,1,20;1170,1,20;1191,1,105;1366,1,39;1102,1,29;1015,1,133;1080,1,33;1297,1,187;1006,1,43;1262,1,67;1264,1,35;1112,1,35;1234,1,38;1117,1,69;1329,1,39;1121,1,177;1214,1,73;1205,1,56;1362,1,88
1141,14,17:1006,3,91,98,119;1203,2,144,182;1365,1,113;1244,1,71;1166,1,209;1339,1,155;1184,1,255;1397,1,61;1360,1,28;1124,1,118;1028,1,173;1060,1,93;1310,1,60;1277,1,78
2413,3,5:1257,3,97,149,168;1365,1,119;1368,1,140
1112,31,59:1093,4,4,12,26,91;1167,3,9,19,35;1376,3,9,19,34;1294,3,6,16,31;1373,3,9,21,58;1179,3,8,20,34;1105,3,11,28,47;1106,3,5,17,40;1368,3,6,14,32;1349,2,17,82;1210,2,142,334;1166,2,60,113;1012,2,47,70;1169,2,4,12;1293,2,49,106;1191,2,6,24;1080,2,4,13;1201,2,27,101;1352,1,42;1001,1,77;1168,1,49;1070,1,125;1170,1,21;1356,1,62;1371,1,25;1217,1,68;1102,1,30;1241,1,301;1369,1,168;1199,1,154;1362,1,59
1516,3,5:1331,3,5,13,26;1349,1,44;1273,1,114
625,27,37:1303,3,93,113,132;1368,3,68,135,156;1309,3,137,151,157;1349,2,45,155;1093,2,53,130;1219,2,264,588;1186,2,47,99;1387,1,119;1070,1,189;1179,1,91;1305,1,152;1279,1,27;1015,1,89;1209,1,84;1155,1,184;1326,1,66;1019,1,132;1196,1,129;1114,1,51;1197,1,130;1184,1,166;1252,1,132;1327,1,78;1213,1,266;1202,1,78;1161,1,249;1336,1,64
397,14,31:1001,9,17,47,116,139,217,234,252,313,322;1160,5,152,160,197,242,254;1185,3,78,81,128;1349,2,56,119;1107,2,77,113;1204,2,48,191;1165,1,166;1177,1,63;1355,1,50;1206,1,185;1169,1,90;1293,1,161;1195,1,115;1157,1,176
4439,2,2:1349,1,69;1191,1,90
721,11,16:1070,4,233,269,304,317;1010,2,38,100;1201,2,54,57;1349,1,71;1355,1,40;1232,1,188;1157,1,161;1051,1,55;1309,1,77;1030,1,313;1277,1,203
3821,8,21:1353,4,6,13,16,39;1216,4,4,10,17,37;1352,3,7,15,55;1354,3,11,23,43;1259,3,7,15,28;1177,2,6,16;1349,1,78;1373,1,87
1662,9,14:1322,3,131,178,202;1303,2,251,297;1321,2,78,92;1050,2,164,178;1349,1,81;1063,1,111;1194,1,80;1121,1,20;1377,1,18
3580,5,7:1368,3,167,243,280;1349,1,83;1351,1,28;1260,1,266;1305,1,170
1820,6,8:1065,3,20,46,74;1349,1,89;1188,1,21;1301,1,152;1339,1,194;1029,1,71
1442,10,29:1106,7,12,24,31,90,124,146,149;1259,6,4,12,49,58,91,99;1216,3,47,60,200;1102,3,3,12,39;1105,3,17,34,52;1353,2,5,12;1354,2,47,52;1349,1,90;1177,1,35;1373,1,102
61,33,74:1156,13,33,75,99,126,135,180,267,281,298,308,333,382,421;1173,6,6,15,34,136,186,208;1088,5,8,31,127,150,202;1133,4,3,16,41,93;1284,3,122,128,137;1266,3,83,134,145;1239,3,9,19,30;1300,3,2,15,35;1336,3,7,14,37;1382,2,31,46;1012,2,60,133;1259,2,54,103;1075,2,62,77;1265,2,2,12;1377,2,2,9;1364,2,1,15;1349,1,92;1243,1,70;1352,1,29;1354,1,70;1145,1,150;1169,1,83;1101,1,278;1376,1,44;1080,1,82;1332,1,54;1113,1,93;1296,1,102;1208,1,193;1397,1,78;1127,1,49;1202,1,88;1161,1,326
3694,2,2:1349,1,105;1149,1,111
544,5,6:1344,2,135,159;1349,1,114;1259,1,128;1159,1,107;1115,1,28
174,14,14:1349,1,121;1090,1,248;1093,1,77;1190,1,274;1294,1,119;1261,1,24;1104,1,86;1159,1,85;1377,1,85;1254,1,48;1269,1,77;1309,1,215;1319,1,198;1182,1,71
2061,1,2:1349,2,135,141
1404,4,4:1349,1,167;1192,1,160;1276,1,169;1053,1,156
4440,1,1:1349,1,169
287,4,5:1349,2,173,191;1077,1,114;1124,1,73;1231,1,160
430,28,35:1257,3,4,14,189;1392,3,20,49,118;1278,2,29,53;1190,2,37,104;1112,2,61,142;1165,1,31;1393,1,70;1092,1,77;1168,1,28;1207,1,71;1070,1,94;1389,1,28;1179,1,62;1219,1,145;1326,1,34;1263,1,138;1265,1,71;1197,1,191;1223,1,86;1119,1,206;1331,1,86;1268,1,58;1200,1,31;1002,1,93;1051,1,16;1247,1,147;1328,1,105;1277,1,89
949,11,29:1158,8,4,12,43,76,104,116,120,267;1358,5,9,21,52,57,155;1025,4,11,28,39,118;1165,3,39,152,280;1001,2,66,115;1160,2,17,35;1386,1,117;1157,1,244;1333,1,116;1085,1,112;1340,1,71
2116,2,3:1165,2,40,136;1285,1,43
307,3,5:1165,3,42,141,220;1208,1,176;1226,1,78
3951,1,10:1165,10,47,145,153,159,224,240,259,263,275,281
4441,1,1:1165,1,51
4068,1,1:1165,1,52
4128,1,1:1165,1,62
4129,2,2:1165,1,64;1244,1,20
547,53,75:1001,5,111,136,233,256,309;1190,5,40,58,84,97,153;1184,3,196,307,348;1121,3,107,142,194;1033,3,72,174,208;1387,2,29,113;1301,2,61,110;1094,2,113,252;1295,2,109,132;1241,2,128,141;1214,2,50,153;1085,2,28,139;1031,2,30,137;1165,1,108;1090,1,73;1303,1,102;1092,1,52;1273,1,113;1206,1,183;1170,1,35;1305,1,36;1017,1,29;1080,1,38;1218,1,78;1209,1,111;1358,1,67;1219,1,470;1234,1,72;1196,1,66;1197,1,179;1266,1,61;1223,1,82;1315,1,105;1163,1,169;1048,1,85;1200,1,136;1367,1,51;1239,1,144;1027,1,56;1122,1,69;1245,1,66;1158,1,91;1008,1,67;1201,1,110;1299,1,61;1028,1,178;1039,1,164;1151,1,107;1202,1,70;1131,1,68;1183,1,52;1161,1,301;1173,1,21
266,37,50:1279,3,3,13,31;1049,3,127,146,191;1053,3,130,149,195;1079,2,69,184;1368,2,199,216;1232,2,142,283;1263,2,85,129;1163,2,66,84;1225,2,87,90;1131,2,171,203;1165,1,114;1210,1,146;1387,1,107;1068,1,112;1094,1,343;1010,1,260;1145,1,241;1102,1,86;1014,1,86;1058,1,93;1035,1,128;1211,1,136;1237,1,43;1108,1,36;1006,1,108;1019,1,98;1021,1,236;1369,1,77;1114,1,25;1184,1,169;1118,1,76;1252,1,189;1171,1,56;1253,1,45;1201,1,68;1311,1,148;1236,1,42
3353,4,8:1146,3,78,143,174;1062,2,166,193;1317,2,59,83;1165,1,138
4442,1,1:1165,1,139
3596,4,4:1165,1,140;1177,1,28;1260,1,185;1146,1,193
541,12,23:1165,4,144,231,258,274;1220,4,10,25,43,93;1173,3,70,73,88;1169,2,82,84;1298,2,12,29;1158,2,84,98;1246,1,131;1371,1,103;1160,1,235;1344,1,58;1181,1,48;1364,1,95
597,13,20:1225,3,103,111,119;1130,3,85,218,300;1165,2,147,155;1337,2,58,64;1217,2,131,150;1387,1,58;1068,1,115;1070,1,183;1011,1,100;1106,1,100;1237,1,92;1205,1,181;1280,1,60
484,14,15:1171,2,113,168;1165,1,150;1067,1,145;1001,1,288;1099,1,157;1206,1,213;1045,1,179;1118,1,102;1199,1,203;1253,1,139;1026,1,96;1054,1,202;1204,1,147;1173,1,94
955,6,8:1165,2,162,223;1078,2,149,266;1189,1,34;1016,1,188;1056,1,149;1031,1,66
2193,1,4:1165,4,171,185,233,270
4443,1,1:1165,1,204
821,16,18:1339,2,81,212;1319,2,69,82;1165,1,206;1062,1,115;1080,1,98;1020,1,191;1322,1,158;1114,1,205;1307,1,129;1163,1,71;1121,1,23;1333,1,76;1033,1,186;1180,1,45;1181,1,38;1300,1,47
1257,4,5:1025,2,1,18;1165,1,210;1010,1,132;1014,1,14
1354,2,3:1018,2,44,154;1165,1,228
806,7,10:1304,2,26,47;1159,2,26,83;1397,2,57,97;1165,1,247;1105,1,62;1237,1,87;1051,1,99
930,1,1:1165,1,277
301,24,50:1393,3,2,10,55;1077,3,14,39,100;1318,3,5,12,20;1306,3,9,25,75;1181,3,8,17,40;1364,3,13,27,99;1300,3,12,25,49;1336,3,3,10,32;1133,3,12,25,47;1382,2,2,10;1243,2,2,10;1067,2,2,10;1210,2,2,10;1350,2,2,10;1380,2,2,10;1094,2,47,135;1045,2,110,146;1352,1,28;1075,1,76;1219,1,156;1159,1,139;1235,1,88;1088,1,241;1161,1,252
1941,11,22:1333,4,3,13,79,161;1393,2,6,14;1382,2,6,14;1243,2,6,14;1067,2,6,14;1210,2,6,14;1350,2,6,14;1380,2,6,14;1301,2,14,161;1387,1,79;1312,1,28
4444,2,2:1393,1,19;1333,1,99
2805,1,1:1393,1,20
4445,2,2:1393,1,21;1057,1,82
4446,1,1:1393,1,22
3997,1,1:1393,1,23
1710,1,1:1393,1,24
4447,2,2:1393,1,25;1250,1,21
4448,1,1:1393,1,26
1925,1,1:1393,1,28
4449,1,1:1393,1,29
3187,2,2:1393,1,31;1338,1,66
1260,15,15:1393,1,34;1219,1,446;1326,1,41;1233,1,194;1322,1,227;1265,1,49;1196,1,124;1197,1,91;1198,1,77;1199,1,89;1163,1,270;1331,1,64;1186,1,31;1311,1,76;1203,1,210
1089,12,14:1393,2,37,72;1237,2,76,101;1091,1,113;1303,1,211;1154,1,111;1321,1,45;1295,1,108;1263,1,142;1315,1,89;1199,1,214;1268,1,86;1028,1,165
267,25,47:1368,9,48,71,98,121,139,160,239,265,276;1161,5,5,28,62,169,253;1231,4,3,18,121,142;1393,2,43,81;1090,2,324,357;1325,2,7,27;1045,2,108,144;1253,2,113,163;1134,2,90,277;1239,2,95,182;1244,1,99;1380,1,74;1248,1,54;1091,1,74;1101,1,235;1373,1,45;1179,1,123;1018,1,78;1208,1,241;1333,1,86;1245,1,47;1085,1,98;1008,1,148;1030,1,314;1310,1,86
533,21,30:1277,4,18,103,140,230;1305,3,18,116,143;1248,2,22,106;1188,2,12,85;1392,2,52,74;1173,2,20,121;1393,1,45;1244,1,70;1301,1,137;1302,1,11;1093,1,104;1313,1,31;1372,1,22;1275,1,92;1298,1,68;1253,1,58;1333,1,74;1158,1,188;1309,1,84;1310,1,26;1363,1,36
1264,18,20:1094,2,95,170;1345,2,1,12;1393,1,48;1005,1,173;1325,1,42;1249,1,16;1376,1,26;1297,1,152;1081,1,68;1332,1,86;1306,1,87;1208,1,75;1397,1,56;1245,1,134;1240,1,27;1033,1,623;1308,1,59;1028,1,136
1147,2,2:1393,1,58;1242,1,89
1295,12,18:1080,3,7,16,137;1180,3,8,17,47;1286,3,7,20,31;1393,1,60;1059,1,124;1016,1,114;1368,1,219;1113,1,34;1159,1,143;1056,1,195;1065,1,95;1181,1,29
3357,3,6:1219,4,112,322,509,527;1393,1,61;1369,1,106
538,24,26:1193,2,93,121;1327,2,104,191;1393,1,63;1090,1,337;1069,1,115;1391,1,88;1101,1,86;1260,1,218;1394,1,46;1211,1,188;1110,1,136;1195,1,83;1137,1,110;1084,1,167;1116,1,101;1315,1,116;1213,1,174;1033,1,280;1276,1,131;1228,1,102;1230,1,106;1384,1,86;1056,1,220;1060,1,197
464,43,54:1061,4,142,171,180,200;1190,3,93,114,150;1192,2,251,417;1015,2,41,160;1368,2,79,181;1184,2,173,190;1331,2,106,151;1030,2,271,298;1393,1,64;1387,1,37;1303,1,94;1001,1,257;1010,1,133;1097,1,91;1249,1,25;1101,1,217;1376,1,60;1305,1,37;1000,1,87;1107,1,50;1274,1,55;1149,1,70;1358,1,68;1232,1,83;1112,1,128;1265,1,84;1196,1,134;1159,1,122;1023,1,90;1115,1,78;1120,1,68;1327,1,105;1377,1,66;1157,1,211;1276,1,102;1344,1,81;1055,1,165;1204,1,235;1056,1,221;1324,1,58;1032,1,117;1087,1,245;1364,1,112
459,14,16:1107,2,9,18;1006,2,239,244;1393,1,82;1146,1,165;1233,1,178;1322,1,67;1296,1,72;1023,1,83;1266,1,102;1200,1,59;1157,1,144;1310,1,65;1277,1,65;1032,1,57
437,4,4:1393,1,84;1218,1,135;1130,1,58;1363,1,118
848,2,2:1393,1,86;1233,1,187
1702,2,2:1393,1,101;1211,1,143
1194,12,12:1382,1,48;1304,1,79;1260,1,171;1339,1,83;1221,1,50;1111,1,135;1116,1,81;1253,1,169;1333,1,131;1050,1,179;1008,1,203;1230,1,90
513,20,30:1378,3,6,25,53;1395,3,1,8,23;1327,3,3,13,34;1219,2,7,22;1196,2,235,239;1084,2,73,79;1213,2,60,164;1382,1,71;1237,1,91;1019,1,76;1221,1,55;1040,1,228;1306,1,41;1114,1,120;1160,1,200;1008,1,308;1229,1,92;1039,1,165;1032,1,152;1270,1,75
53,20,32:1073,6,12,24,55,121,147,173;1119,4,73,151,188,214;1131,4,139,163,192,219;1307,2,143,175;1382,1,72;1312,1,45;1162,1,60;1098,1,198;1074,1,89;1018,1,170;1358,1,140;1063,1,185;1241,1,84;1326,1,70;1196,1,53;1024,1,48;1266,1,110;1223,1,78;1224,1,50;1028,1,49
4060,4,4:1382,1,79;1278,1,66;1190,1,134;1373,1,51
699,12,12:1382,1,88;1094,1,381;1305,1,189;1221,1,26;1264,1,128;1159,1,43;1266,1,142;1267,1,39;1026,1,66;1160,1,144;1309,1,186;1126,1,160
521,18,19:1307,2,39,111;1382,1,90;1166,1,166;1169,1,33;1179,1,42;1217,1,167;1394,1,23;1211,1,28;1040,1,108;1322,1,48;1222,1,58;1156,1,23;1115,1,42;1224,1,126;1268,1,95;1340,1,105;1310,1,16;1183,1,246
83,43,103:1128,8,16,36,110,119,172,183,196,254;1161,8,17,40,73,91,152,313,329,334;1172,7,38,63,94,128,160,170,207;1088,7,14,37,116,161,167,209,253;1266,6,34,41,130,154,165,195;1232,5,4,12,98,146,287;1222,5,2,12,54,85,92;1301,4,42,44,122,134;1145,4,76,206,217,245;1011,3,116,202,260;1021,3,63,144,275;1364,3,44,62,76;1173,3,45,135,185;1248,2,49,61;1312,2,39,71;1302,2,30,57;1040,2,79,260;1156,2,401,404;1120,2,36,66;1085,2,174,199;1243,1,30;1338,1,53;1091,1,40;1189,1,106;1072,1,77;1216,1,28;1035,1,161;1146,1,211;1381,1,115;1197,1,169;1238,1,118;1184,1,43;1115,1,51;1267,1,27;1298,1,51;1122,1,87;1240,1,75;1309,1,200;1186,1,145;1310,1,78;1277,1,33;1131,1,89;1336,1,43
713,1,2:1243,2,36,44
2885,1,1:1243,1,41
232,31,33:1243,2,48,87;1029,2,13,27;1210,1,257;1301,1,142;1009,1,96;1005,1,140;1069,1,59;1207,1,121;1257,1,139;1283,1,51;1206,1,174;1016,1,77;1062,1,176;1146,1,54;1383,1,31;1219,1,317;1020,1,92;1045,1,177;1021,1,68;1048,1,138;1033,1,101;1008,1,164;1299,1,69;1125,1,64;1126,1,136;1128,1,231;1039,1,145;1151,1,121;1340,1,104;1271,1,304;1336,1,88
198,15,37:1006,5,48,105,126,172,307;1243,3,53,96,103;1101,3,183,207,250;1343,3,9,18,35;1019,3,11,22,54;1040,3,47,96,149;1334,3,5,14,29;1273,2,5,15;1014,2,64,126;1108,2,99,112;1110,2,11,26;1262,2,65,159;1117,2,74,83;1234,1,63;1369,1,33
928,20,31:1054,6,9,28,60,99,160,199;1219,4,340,403,467,541;1318,2,111,155;1151,2,25,172;1320,2,82,156;1243,1,55;1068,1,88;1010,1,114;1378,1,82;1102,1,82;1014,1,93;1078,1,270;1079,1,174;1114,1,294;1024,1,145;1253,1,168;1134,1,291;1124,1,154;1311,1,150;1203,1,204
3890,12,14:1368,2,202,209;1205,2,197,242;1243,1,58;1301,1,192;1100,1,23;1169,1,80;1293,1,160;1260,1,167;1102,1,78;1103,1,24;1081,1,108;1122,1,97
4361,3,6:1301,4,70,90,182,206;1243,1,60;1380,1,96
1807,5,7:1067,2,102,224;1241,2,81,83;1243,1,69;1096,1,101;1084,1,90
731,2,2:1243,1,76;1241,1,55
26,17,20:1388,2,6,23;1154,2,48,176;1024,2,171,205;1067,1,24;1210,1,380;1244,1,79;1353,1,55;1073,1,117;1145,1,152;1371,1,87;1077,1,124;1368,1,62;1218,1,201;1195,1,25;1125,1,191;1028,1,77;1202,1,111
3049,1,1:1067,1,40
143,12,17:1162,3,8,17,30;1067,2,51,140;1166,2,16,33;1192,2,298,311;1153,1,35;1303,1,226;1379,1,19;1373,1,97;1260,1,116;1058,1,77;1110,1,73;1116,1,156
1080,6,6:1067,1,61;1090,1,17;1063,1,243;1114,1,372;1033,1,423;1319,1,115
1134,2,2:1067,1,75;1217,1,74
3409,3,6:1067,4,85,103,123,225;1301,1,94;1161,1,114
785,36,65:1190,7,4,12,24,88,167,196,209;1241,7,3,14,26,75,122,137,159;1223,6,1,14,33,76,110,129;1005,5,6,17,24,85,164;1009,3,7,22,32;1069,3,7,28,89;1077,3,22,47,75;1121,2,99,269;1039,2,42,154;1067,1,90;1387,1,127;1001,1,321;1094,1,200;1215,1,144;1293,1,124;1192,1,121;1017,1,75;1218,1,154;1219,1,287;1263,1,100;1222,1,103;1296,1,79;1266,1,78;1163,1,94;1048,1,26;1120,1,39;1214,1,107;1242,1,26;1122,1,104;1085,1,104;1201,1,153;1126,1,209;1028,1,191;1031,1,76;1161,1,317;1173,1,116
90,8,9:1067,2,100,219;1193,1,142;1321,1,72;1063,1,27;1195,1,30;1114,1,386;1060,1,169;1392,1,45
1475,7,9:1297,2,80,128;1194,2,56,68;1067,1,126;1301,1,39;1018,1,133;1315,1,141;1122,1,86
2972,1,1:1067,1,150
4450,2,3:1067,2,152,166;1219,1,485
248,13,18:1297,3,68,96,126;1067,2,160,248;1315,2,154,226;1172,2,62,93;1301,1,41;1218,1,59;1232,1,97;1194,1,46;1197,1,168;1238,1,117;1208,1,152;1235,1,66;1131,1,88
633,20,23:1067,2,187,201;1166,2,83,128;1171,2,60,88;1168,1,46;1101,1,83;1075,1,102;1357,1,111;1209,1,98;1314,1,82;1018,1,66;1262,1,129;1083,1,235;1252,1,102;1199,1,57;1235,1,92;1225,1,146;1053,1,220;1202,1,47;1087,1,256;1041,1,62
3109,3,3:1067,1,215;1068,1,138;1074,1,40
735,17,18:1114,2,32,42;1067,1,263;1380,1,55;1166,1,121;1153,1,109;1188,1,113;1169,1,87;1260,1,225;1046,1,108;1251,1,100;1084,1,162;1187,1,88;1048,1,97;1119,1,113;1134,1,87;1032,1,240;1203,1,215
309,16,24:1116,6,57,74,83,95,150,157;1387,2,89,98;1112,2,151,157;1150,2,63,79;1067,1,282;1090,1,359;1101,1,81;999,1,38;1077,1,67;1111,1,143;1233,1,109;1225,1,46;1212,1,35;1128,1,203;1057,1,28;1183,1,189
1138,6,10:1084,3,63,135,151;1262,2,118,192;1205,2,90,103;1210,1,31;1192,1,230;1114,1,270
319,4,4:1210,1,34;1193,1,52;1306,1,93;1051,1,64
568,11,30:1394,5,2,8,17,36,52;1343,5,5,14,28,71,95;1375,4,4,8,16,59;1210,3,36,327,475;1250,3,4,12,25;1273,2,107,117;1237,2,27,126;1218,2,6,12;1129,2,97,139;1121,1,63;1344,1,146
4451,1,3:1210,3,49,429,500
230,9,15:1210,3,50,430,501;1062,3,98,140,157;1253,2,38,117;1226,2,70,144;1076,1,280;1078,1,111;1381,1,128;1137,1,89;1203,1,160
899,1,7:1210,7,56,128,192,225,299,338,383
2333,2,2:1210,1,65;1110,1,65
244,16,24:1018,4,10,22,53,176;1151,3,119,197,207;1012,2,16,32;1058,2,112,126;1229,2,24,48;1210,1,93;1273,1,43;1010,1,122;1020,1,118;1263,1,173;1245,1,81;1033,1,97;1008,1,113;1125,1,155;1039,1,115;1336,1,90
1447,9,13:1062,3,179,211,231;1210,2,94,101;1008,2,114,123;1104,1,101;1080,1,117;1199,1,171;1048,1,119;1049,1,64;1226,1,140
1985,3,3:1210,1,99;1058,1,99;1208,1,85
1288,17,22:1192,5,104,139,144,173,370;1203,2,72,110;1210,1,102;1350,1,33;1068,1,54;1292,1,35;1379,1,33;1316,1,68;1104,1,119;1251,1,110;1084,1,127;1134,1,123;1050,1,52;1051,1,124;1360,1,37;1226,1,136;1030,1,164
1642,1,1:1210,1,113
4257,1,1:1210,1,114
3574,1,1:1210,1,120
4452,5,6:1083,2,133,250;1210,1,125;1194,1,14;1111,1,87;1047,1,19
3057,1,1:1210,1,136
1684,11,11:1210,1,141;1090,1,336;1135,1,203;1189,1,49;1044,1,197;1178,1,88;1317,1,73;1326,1,105;1111,1,57;1184,1,189;1266,1,95
4453,1,1:1210,1,153
93,6,6:1210,1,163;1337,1,72;1011,1,142;1198,1,35;1158,1,252;1299,1,183
1139,4,4:1210,1,164;1215,1,120;1208,1,219;1384,1,84
1879,3,4:1210,2,200,349;1049,1,141;1053,1,144
184,9,26:1020,10,5,18,57,121,146,180,213,230,240,251;1019,4,9,20,52,137;1087,4,17,43,138,283;1210,3,203,352,385;1350,1,51;1218,1,140;1110,1,188;1156,1,374;1208,1,212
2266,4,7:1033,3,121,298,576;1210,2,207,359;1006,1,66;1039,1,150
1759,5,8:1210,2,228,281;1062,2,137,146;1134,2,89,280;1318,1,117;1030,1,316
598,4,6:1210,3,245,339,393;1360,1,65;1125,1,170;1336,1,86
1160,12,14:1012,2,15,31;1231,2,12,27;1210,1,246;1303,1,237;1104,1,64;1063,1,217;1020,1,96;1262,1,194;1233,1,257;1048,1,116;1033,1,600;1057,1,66
1204,6,8:1210,2,253,280;1261,2,32,53;1108,1,47;1232,1,190;1263,1,54;1222,1,62
918,8,9:1339,2,91,259;1210,1,264;1020,1,255;1251,1,88;1208,1,79;1118,1,20;1239,1,173;1031,1,113
44,106,376:1156,14,34,76,100,127,136,153,268,279,282,299,309,334,383,422;1083,12,13,29,54,76,99,125,172,183,192,222,243,278;1330,9,4,8,28,37,68,107,122,138,153;1015,9,7,19,27,69,75,106,167,204,238;1163,9,12,24,36,223,239,276,298,303,313;1060,9,12,24,38,62,81,146,173,196,219;1131,9,7,16,29,43,66,93,146,152,188;1196,8,9,22,48,82,103,114,173,277;1199,8,11,22,36,75,110,125,199,251;1111,7,2,11,33,50,61,112,146;1335,7,10,29,48,113,127,252,323;1110,6,6,21,41,68,168,180;1238,6,4,13,22,35,104,122;1315,6,10,24,39,70,114,231;1253,6,7,14,25,112,148,162;1235,6,41,82,104,131,229,235;1247,6,3,10,31,56,89,137;1231,6,2,17,42,95,141,219;1183,6,11,31,49,67,215,244;1000,5,10,28,67,86,141;1297,5,7,15,29,41,104;1232,5,66,80,90,102,121;1219,5,234,283,338,401,465;1322,5,7,22,40,91,246;1239,5,6,16,26,31,103;1310,5,7,14,22,82,112;1202,5,5,17,36,144,179;1087,5,7,33,65,133,293;1363,5,8,25,56,73,168;1325,4,15,35,54,89;1258,4,5,18,35,142;1321,4,13,26,38,56;1081,4,10,26,42,73;1063,4,8,20,42,69;1045,4,107,143,215,238;1222,4,7,17,39,65;1197,4,8,25,44,72;1266,4,84,97,135,146;1323,4,5,14,28,69;1359,4,8,24,45,92;1171,4,2,11,28,76;1172,4,7,21,67,112;1122,4,47,83,91,203;1160,4,10,28,43,118;1008,4,63,147,222,347;1030,4,52,243,276,303;1151,4,8,16,60,202;1319,4,13,26,122,150;1320,4,8,16,24,104;1236,4,33,38,55,103;1074,3,31,72,87;1295,3,46,122,131;1339,3,66,122,223;1019,3,2,13,57;1296,3,9,22,39;1118,3,4,9,27;1200,3,5,16,26;1240,3,10,23,37;1226,3,12,24,35;1041,3,48,58,76;1210,2,283,324;1094,2,107,387;1145,2,142,151;1314,2,4,14;1342,2,98,102;1332,2,74,78;1112,2,109,138;1275,2,5,18;1208,2,13,174;1049,2,138,209;1225,2,8,23;1360,2,4,8;1053,2,141,214;1064,2,92,102;1277,2,8,16;1271,2,96,222;1203,2,155,199;1380,1,77;1278,1,154;1338,1,87;1303,1,310;1273,1,92;1012,1,36;1373,1,89;1013,1,39;1035,1,156;1146,1,214;1274,1,58;1218,1,90;1018,1,77;1109,1,93;1020,1,75;1262,1,56;1263,1,208;1198,1,165;1117,1,88;1026,1,70;1214,1,101;1205,1,68;1245,1,46;1033,1,437;1204,1,213;1031,1,132;1039,1,77;1375,1,25;1129,1,28
122,67,157:1094,7,6,14,21,84,182,217,368;1222,6,5,15,37,55,63,86;1008,6,12,29,61,137,193,312;1064,5,13,31,45,54,90;1258,4,2,15,33,140;1274,4,11,23,26,133;1156,4,74,98,125,152;1359,4,6,22,43,90;1253,4,5,12,23,146;1202,4,3,15,34,142;1271,4,10,22,61,262;1183,4,8,28,47,242;1325,3,13,33,52;1297,3,5,13,27;1321,3,11,24,54;1063,3,6,18,40;1322,3,5,20,38;1197,3,6,23,70;1235,3,39,203,234;1025,3,16,33,94;1247,3,29,54,135;1205,3,1,28,66;1066,3,18,40,45;1335,3,8,27,46;1131,3,5,14,27;1363,3,6,23,71;1320,3,6,14,22;1210,2,288,308;1330,2,26,35;1237,2,1,9;1081,2,8,24;1045,2,49,213;1262,2,180,198;1111,2,187,217;1196,2,7,20;1159,2,5,16;1171,2,187,217;1397,2,20,92;1158,2,35,263;1226,2,33,121;1231,2,40,191;1310,2,5,12;1087,2,131,301;1074,1,69;1011,1,165;1259,1,113;1394,1,15;1104,1,25;1218,1,99;1295,1,44;1020,1,197;1306,1,48;1112,1,107;1238,1,93;1208,1,22;1323,1,49;1118,1,25;1163,1,301;1200,1,24;1172,1,110;1204,1,211;1280,1,40;1060,1,214;1375,1,80;1129,1,12;1319,1,100;1132,1,126
1904,10,11:1033,2,449,655;1210,1,291;1353,1,67;1188,1,137;1010,1,73;1215,1,114;1294,1,121;1081,1,134;1064,1,52;1363,1,164
185,24,81:1171,9,3,12,55,65,96,121,145,162,175;1110,8,7,22,42,77,92,118,137,176;1087,8,8,34,66,140,169,175,228,294;1253,7,1,8,15,49,61,72,101;1172,7,8,22,33,118,144,217,306;1219,6,275,329,392,461,481,538;1019,5,3,14,58,84,140;1225,5,2,17,73,89,139;1097,3,12,24,39;1111,3,3,12,28;1189,2,73,126;1059,2,136,146;1016,2,129,149;1226,2,4,16;1008,2,14,31;1203,2,154,198;1210,1,317;1017,1,116;1018,1,122;1262,1,200;1118,1,110;1163,1,284;1025,1,80;1158,1,33
349,12,34:1319,6,6,19,34,88,158,169;1094,5,7,15,85,183,218;1303,4,2,16,34,309;1224,4,11,23,116,148;1129,3,3,8,16;1324,3,5,20,33;1218,2,20,53;1263,2,42,64;1083,2,273,296;1210,1,321;1063,1,142;1222,1,64
807,23,25:1317,3,15,31,57;1210,1,325;1098,1,135;1206,1,202;1058,1,109;1016,1,164;1006,1,135;1020,1,80;1262,1,177;1113,1,78;1024,1,149;1212,1,40;1002,1,32;1037,1,136;1213,1,76;1333,1,37;1328,1,65;1128,1,97;1340,1,62;1060,1,89;1057,1,60;1335,1,143;1041,1,70
935,8,15:1083,5,4,20,64,247,281;1315,3,12,26,41;1183,2,149,235;1210,1,329;1069,1,159;1061,1,173;1381,1,125;1032,1,236
120,32,63:1083,8,6,22,66,71,83,106,249,283;1183,7,20,40,72,117,151,206,237;1129,6,53,59,117,124,176,181;1113,4,2,12,36,77;1202,4,12,24,43,165;1335,3,185,202,242;1058,2,192,203;1198,2,111,122;1235,2,90,216;1231,2,36,134;1277,2,42,122;1210,1,331;1135,1,149;1330,1,185;1014,1,89;1297,1,34;1218,1,108;1264,1,84;1112,1,117;1322,1,62;1265,1,28;1196,1,163;1296,1,46;1369,1,141;1208,1,34;1323,1,56;1199,1,134;1377,1,28;1240,1,72;1064,1,82;1310,1,53;1087,1,317
4454,1,1:1210,1,340
4455,1,1:1210,1,342
798,25,38:1335,5,13,32,209,301,317;1012,3,3,19,44;1035,3,120,167,181;1253,3,51,74,133;1261,2,104,114;1114,2,357,400;1116,2,137,194;1210,1,344;1215,1,167;1191,1,54;1305,1,144;1317,1,88;1107,1,105;1318,1,249;1343,1,74;1110,1,94;1083,1,261;1159,1,170;1163,1,260;1049,1,201;1225,1,77;1172,1,34;1060,1,212;1319,1,161;1130,1,260
1969,9,14:1111,3,8,17,53;1208,2,32,140;1323,2,54,108;1054,2,90,128;1210,1,365;1218,1,106;1235,1,214;1299,1,45;1129,1,129
1179,3,3:1210,1,371;1295,1,159;1252,1,108
1532,10,15:1090,3,178,281,291;1210,2,373,389;1010,2,36,98;1367,2,50,87;1303,1,221;1217,1,104;1110,1,107;1275,1,73;1197,1,87;1309,1,75
2187,5,5:1210,1,399;1078,1,252;1064,1,64;1299,1,223;1065,1,114
486,6,6:1210,1,405;1279,1,49;1262,1,77;1046,1,145;1315,1,205;1088,1,153
1188,2,2:1210,1,406;1044,1,210
779,14,24:1124,4,40,100,124,157;1146,3,98,110,197;1266,3,40,153,164;1087,3,185,193,212;1088,2,96,105;1210,1,411;1068,1,118;1076,1,168;1045,1,207;1026,1,101;1030,1,281;1334,1,82;1161,1,98;1133,1,62
1054,13,31:1263,5,6,15,35,122,157;1031,4,5,15,60,138;1370,4,124,126,138,140;1270,4,5,7,22,24;1253,3,35,116,167;1210,2,418,508;1303,2,199,231;1333,2,109,111;1012,1,42;1190,1,59;1293,1,57;1163,1,233;1025,1,110
4177,1,1:1210,1,433
200,31,39:1368,3,3,11,35;1210,2,459,474;1011,2,112,168;1109,2,24,129;1045,2,100,222;1205,2,165,180;1151,2,28,286;1304,1,64;1386,1,91;1074,1,51;1145,1,64;1330,1,164;1285,1,51;1107,1,84;1149,1,113;1082,1,132;1241,1,70;1019,1,62;1233,1,152;1113,1,92;1156,1,258;1117,1,42;1307,1,71;1315,1,210;1199,1,192;1047,1,38;1327,1,236;1185,1,98;1128,1,240;1203,1,223;1132,1,43
2165,3,4:1189,2,30,128;1210,1,472;1173,1,76
2026,2,4:1090,3,101,323,352;1210,1,478
4294,1,1:1210,1,491
1690,11,11:1210,1,504;1301,1,188;1011,1,143;1012,1,119;1209,1,130;1196,1,294;1049,1,148;1235,1,217;1053,1,151;1056,1,201;1286,1,81
197,7,8:1244,2,6,15;1293,1,68;1019,1,53;1156,1,240;1333,1,93;1360,1,63;1370,1,155
4456,1,1:1244,1,21
4201,1,2:1244,2,47,80
4457,2,2:1244,1,56;1235,1,206
235,4,4:1244,1,63;1011,1,192;1376,1,71;1247,1,114
1961,4,4:1244,1,75;1343,1,89;1160,1,237;1230,1,134
867,5,5:1244,1,89;1380,1,142;1303,1,216;1218,1,120;1315,1,77
1234,1,1:1244,1,91
1424,6,6:1244,1,111;1146,1,150;1241,1,120;1019,1,73;1247,1,164;1124,1,160
4458,1,1:1244,1,119
4459,1,2:1350,2,30,69
2850,1,1:1350,1,36
968,7,7:1350,1,52;1232,1,54;1369,1,119;1197,1,85;1253,1,123;1088,1,77;1133,1,69
1876,5,5:1350,1,60;1010,1,106;1247,1,17;1242,1,69;1130,1,227
1944,6,16:1260,5,42,52,79,97,112;1217,4,9,19,30,69;1294,2,32,169;1371,2,57,83;1368,2,8,16;1350,1,72
752,2,3:1345,2,54,65;1350,1,85
997,3,3:1350,1,90;1263,1,195;1088,1,217
87,18,26:1044,4,58,119,144,187;1330,3,43,56,198;1397,3,5,11,24;1184,2,26,373;1380,1,36;1387,1,24;1278,1,17;1135,1,145;1154,1,76;1305,1,26;1059,1,89;1016,1,80;1079,1,74;1159,1,173;1267,1,15;1344,1,152;1127,1,46;1364,1,91
1892,5,5:1380,1,62;1187,1,90;1308,1,107;1229,1,68;1130,1,81
1284,1,1:1380,1,64
2397,2,3:1380,2,76,79;1373,1,88
1736,4,4:1380,1,93;1259,1,106;1082,1,81;1183,1,94
1031,2,2:1380,1,125;1257,1,30
878,5,6:1116,2,65,87;1380,1,127;1301,1,195;1149,1,117;1111,1,190
697,2,2:1380,1,132;1159,1,212
769,12,20:1304,4,4,16,31,89;1257,4,88,114,140,163;1386,3,1,10,41;1380,1,133;1248,1,70;1389,1,62;1099,1,126;1264,1,88;1233,1,56;1202,1,189;1086,1,93;1161,1,284
369,7,14:1264,6,6,17,44,53,93,121;1017,3,31,77,106;1380,1,138;1303,1,277;1189,1,97;1020,1,29;1221,1,75
1013,4,5:1027,2,106,225;1380,1,141;1149,1,28;1277,1,36
3090,1,1:1380,1,143
475,25,32:1149,4,2,9,33,135;1258,2,81,119;1326,2,16,62;1020,2,149,257;1131,2,85,98;1380,1,159;1090,1,150;1091,1,62;1096,1,61;1297,1,202;1342,1,12;1112,1,123;1198,1,131;1184,1,230;1118,1,58;1119,1,72;1333,1,145;1051,1,46;1027,1,187;1242,1,93;1202,1,121;1277,1,238;1271,1,88;1320,1,81;1161,1,55
2016,4,10:1088,4,11,20,34,43;1161,3,89,95,110;1321,2,67,83;1387,1,40
917,10,10:1387,1,47;1015,1,93;1241,1,82;1326,1,93;1021,1,115;1084,1,92;1048,1,69;1185,1,96;1028,1,157;1151,1,259
1051,8,15:1299,5,2,15,121,159,208;1269,4,1,9,33,40;1387,1,54;1303,1,76;1094,1,204;1322,1,103;1369,1,130;1308,1,89
4460,2,2:1387,1,57;1246,1,47
845,9,10:1114,2,78,248;1387,1,75;1248,1,109;1389,1,57;1305,1,70;1192,1,442;1157,1,93;1033,1,215;1270,1,37
1885,10,15:1280,3,8,17,32;1065,3,5,31,58;1387,2,85,94;1246,1,136;1211,1,141;1265,1,116;1184,1,358;1157,1,177;1299,1,231;1229,1,99
4461,2,2:1387,1,88;1275,1,58
4462,1,2:1387,2,97,103
2109,5,7:1128,3,111,131,180;1387,1,110;1019,1,101;1208,1,208;1212,1,28
1529,12,18:1305,4,20,54,93,151;1372,3,1,7,15;1130,2,272,292;1387,1,139;1278,1,143;1162,1,55;1145,1,132;1218,1,150;1295,1,134;1331,1,43;1051,1,92;1214,1,38
471,14,19:1101,3,202,264,289;1284,3,3,15,74;1075,2,75,95;1337,1,28;1167,1,64;1100,1,37;1170,1,29;1376,1,57;1344,1,137;1361,1,33;1180,1,52;1181,1,45;1300,1,53;1133,1,85
714,7,11:1337,2,51,88;1093,2,50,142;1071,2,8,16;1304,2,42,58;1094,1,362;1366,1,89;1173,1,108
881,6,6:1337,1,73;1284,1,111;1305,1,141;1297,1,207;1205,1,209;1126,1,109
4463,1,1:1090,1,20
246,6,8:1090,2,22,76;1099,2,61,131;1091,1,70;1216,1,34;1027,1,198;1310,1,130
718,4,5:1204,2,34,169;1090,1,23;1201,1,124;1230,1,84
529,1,6:1090,6,24,60,86,113,192,275
4464,1,1:1090,1,29
2511,4,4:1090,1,33;1093,1,75;1293,1,165;1125,1,110
1859,7,8:1166,2,90,117;1090,1,35;1353,1,43;1238,1,97;1268,1,13;1125,1,238;1132,1,40
1834,5,12:1362,4,7,15,37,81;1090,3,50,64,77;1070,3,197,205,212;1217,1,91;1390,1,33
4465,1,3:1090,3,51,52,84
1947,3,3:1090,1,63;1261,1,27;1383,1,20
4466,1,1:1090,1,65
818,16,34:1206,7,14,23,46,55,66,74,180;1154,6,14,35,55,73,114,149;1394,3,5,11,20;1250,3,3,11,23;1160,3,88,154,239;1344,2,41,138;1090,1,70;1001,1,184;1355,1,35;1246,1,39;1156,1,105;1223,1,59;1309,1,54;1125,1,181;1127,1,75;1185,1,152
4467,1,1:1090,1,78
1438,23,40:1339,5,2,9,37,55,232;1090,4,87,188,193,276;1094,3,23,219,304;1050,3,100,109,160;1270,3,2,19,65;1190,2,51,141;1046,2,160,182;1033,2,258,373;1151,2,221,230;1095,1,154;1178,1,102;1237,1,24;1267,1,57;1163,1,32;1049,1,93;1268,1,87;1002,1,110;1247,1,51;1276,1,174;1053,1,97;1150,1,60;1028,1,133;1335,1,176
2859,2,2:1090,1,98;1219,1,153
1880,4,6:1090,2,107,333;1303,2,180,189;1273,1,34;1070,1,127
1881,3,4:1090,2,108,334;1273,1,35;1070,1,128
1922,2,2:1090,1,114;1359,1,114
732,9,9:1090,1,119;1278,1,103;1101,1,132;1294,1,66;1358,1,152;1219,1,176;1310,1,19;1131,1,137;1363,1,150
3587,4,4:1090,1,125;1162,1,71;1179,1,134;1085,1,128
3083,2,2:1090,1,128;1392,1,75
686,2,2:1090,1,152;1178,1,44
4468,1,1:1090,1,154
2510,1,1:1090,1,163
4469,2,2:1090,1,165;1091,1,102
2897,17,37:1088,5,22,45,169,213,222;1161,4,22,45,78,336;1354,3,4,16,40;1180,3,4,13,31;1181,3,4,13,32;1364,3,6,20,64;1300,3,8,21,41;1133,3,6,19,57;1173,2,28,127;1090,1,203;1091,1,188;1302,1,55;1093,1,24;1101,1,271;1318,1,228;1205,1,145;1336,1,23
1040,16,26:1055,6,76,81,167,189,196,224;1198,3,2,7,54;1085,3,7,18,36;1344,2,2,13;1090,1,231;1383,1,10;1209,1,45;1241,1,42;1157,1,198;1037,1,96;1227,1,43;1228,1,41;1003,1,178;1054,1,75;1185,1,194;1182,1,75
110,22,29:1160,3,97,121,192;1271,3,232,259,306;1190,2,187,262;1274,2,68,105;1128,2,148,258;1090,1,233;1169,1,44;1293,1,34;1015,1,138;1105,1,54;1321,1,44;1358,1,54;1196,1,250;1114,1,94;1323,1,118;1119,1,250;1268,1,127;1247,1,181;1309,1,132;1363,1,64;1392,1,134;1133,1,52
885,2,2:1090,1,246;1276,1,49
1893,1,1:1090,1,279
1774,1,1:1090,1,292
1543,5,6:1024,2,67,164;1090,1,304;1343,1,66;1241,1,150;1156,1,161
2363,3,3:1090,1,305;1254,1,45;1247,1,107
617,1,2:1090,2,311,332
2917,2,2:1090,1,315;1300,1,63
40,3,3:1090,1,327;1101,1,65;1293,1,80
4470,1,1:1090,1,362
4471,1,1:1090,1,366
2584,1,1:1090,1,377
4472,1,1:1090,1,382
2104,4,4:1090,1,391;1314,1,106;1184,1,387;1311,1,168
270,4,4:1352,1,53;1093,1,82;1391,1,46;1084,1,129
4473,1,1:1353,1,22
4120,1,2:1166,2,45,185
3931,1,1:1166,1,48
2627,2,2:1166,1,50;1001,1,164
2311,6,6:1166,1,52;1188,1,134;1258,1,99;1058,1,211;1223,1,166;1037,1,58
1748,5,5:1166,1,71;1381,1,51;1357,1,79;1242,1,63;1130,1,95
439,12,13:1034,2,107,126;1166,1,126;1189,1,27;1044,1,152;1110,1,71;1195,1,64;1024,1,77;1199,1,201;1171,1,166;1163,1,39;1064,1,119;1204,1,24
1554,3,4:1166,2,131,208;1307,1,72;1002,1,50
1730,6,6:1166,1,171;1001,1,305;1284,1,33;1368,1,58;1125,1,233;1032,1,287
2417,3,3:1166,1,172;1169,1,129;1118,1,91
829,5,5:1166,1,199;1293,1,206;1208,1,92;1225,1,156;1333,1,184
328,20,22:1307,3,10,21,36;1166,1,214;1278,1,114;1097,1,70;1061,1,162;1098,1,187;1011,1,293;1178,1,65;1099,1,168;1371,1,74;1217,1,122;1109,1,106;1263,1,166;1114,1,273;1171,1,157;1163,1,337;1126,1,149;1229,1,183;1065,1,219;1151,1,135
1254,6,11:1254,4,2,8,23,74;1153,2,2,10;1261,2,2,7;1156,1,21;1333,1,62;1340,1,56
4474,2,2:1153,1,26;1024,1,232
1409,1,1:1153,1,32
1420,2,2:1153,1,33;1275,1,101
1809,1,1:1153,1,36
136,39,53:1237,4,7,15,62,102;1306,4,4,20,54,65;1073,3,38,65,134;1193,3,7,15,32;1388,2,16,33;1074,2,84,118;1083,2,35,144;1124,2,25,80;1153,1,42;1303,1,138;1094,1,237;1072,1,90;1061,1,99;1044,1,81;1145,1,81;1294,1,127;1077,1,92;1017,1,88;1082,1,19;1194,1,24;1195,1,53;1045,1,58;1112,1,26;1022,1,90;1275,1,54;1369,1,25;1115,1,24;1117,1,97;1118,1,42;1199,1,227;1331,1,53;1037,1,80;1254,1,65;1051,1,56;1054,1,44;1055,1,54;1056,1,104;1065,1,63;1271,1,227
4475,1,2:1153,2,44,71
4476,1,1:1153,1,53
4477,1,1:1153,1,54
391,2,2:1153,1,57;1076,1,185
4478,1,1:1153,1,59
4199,3,4:1134,2,20,40;1153,1,62;1106,1,135
4479,2,2:1153,1,63;1225,1,151
1565,1,1:1153,1,69
4480,1,1:1153,1,87
4481,1,1:1153,1,102
425,28,32:1305,2,51,238;1028,2,180,193;1362,2,55,87;1131,2,8,17;1153,1,104;1094,1,46;1386,1,88;1376,1,64;1076,1,71;1316,1,57;1274,1,137;1321,1,136;1149,1,131;1233,1,125;1024,1,206;1184,1,322;1315,1,171;1333,1,158;1050,1,27;1227,1,138;1125,1,186;1228,1,122;1370,1,106;1060,1,156;1130,1,31;1271,1,148;1335,1,160;1363,1,116
1536,2,5:1278,4,2,5,24,105;1217,1,149
4311,1,2:1278,2,3,6
2898,6,17:1088,6,16,39,119,163,211,219;1161,5,20,43,76,315,331;1364,3,4,18,41;1278,1,22;1248,1,46;1302,1,52
492,13,28:1386,7,4,13,33,46,59,70,100;1248,3,1,11,67;1257,3,1,11,56;1190,3,50,72,140;1278,2,43,61;1338,2,17,95;1370,2,121,142;1091,1,146;1092,1,91;1267,1,56;1333,1,107;1340,1,101;1277,1,233
2899,1,1:1278,1,58
703,20,23:1297,2,65,87;1128,2,235,245;1183,2,58,136;1278,1,73;1001,1,365;1093,1,129;1168,1,83;1260,1,70;1279,1,51;999,1,107;1211,1,126;1195,1,104;1332,1,109;1264,1,139;1022,1,183;1024,1,163;1245,1,285;1240,1,42;1309,1,140;1271,1,183
530,1,2:1278,2,78,135
331,2,2:1278,1,99;1121,1,242
2345,8,11:1379,3,7,15,49;1192,2,11,23;1278,1,112;1099,1,160;1371,1,72;1217,1,120;1051,1,78;1160,1,221
2350,5,5:1278,1,119;1262,1,88;1233,1,143;1277,1,214;1364,1,98
604,6,7:1130,2,277,298;1278,1,122;1215,1,70;1111,1,64;1331,1,30;1319,1,94
2141,2,2:1278,1,124;1263,1,116
1225,7,9:1156,2,54,264;1160,2,102,213;1278,1,148;1261,1,62;1241,1,175;1114,1,368;1208,1,170
772,17,37:1338,4,1,9,25,114;1333,4,1,11,41,49;1248,3,5,15,24;1069,3,15,36,109;1344,3,4,15,38;1125,3,6,14,31;1340,3,1,13,93;1193,2,6,14;1050,2,1,10;1122,2,53,109;1309,2,9,20;1009,1,81;1005,1,120;1015,1,122;1264,1,56;1160,1,184;1129,1,107
1553,10,12:1297,2,35,118;1271,2,44,283;1248,1,26;1338,1,27;1302,1,39;1094,1,383;1190,1,178;1083,1,180;1131,1,71;1363,1,41
127,12,12:1248,1,27;1338,1,28;1091,1,71;1302,1,40;1094,1,384;1190,1,179;1297,1,119;1083,1,181;1027,1,199;1310,1,121;1363,1,42;1183,1,172
993,15,16:1094,2,148,162;1248,1,42;1092,1,65;1096,1,66;1260,1,105;1232,1,21;1194,1,12;1198,1,47;1224,1,151;1033,1,486;1008,1,85;1127,1,111;1151,1,240;1182,1,23;1335,1,228
777,7,8:1188,2,35,145;1338,1,41;1211,1,85;1274,1,131;1339,1,276;1227,1,51;1228,1,49
1336,16,51:1044,9,60,99,106,121,130,141,171,179,190;1224,9,3,15,31,43,77,96,102,142,165;1124,6,9,20,31,63,101,138;1135,5,20,40,43,193,202;1061,5,103,117,140,164,193;1299,3,120,158,207;1072,2,5,23;1078,2,197,210;1137,2,58,77;1026,2,10,22;1338,1,54;1302,1,26;1016,1,143;1079,1,91;1146,1,178;1381,1,168
4104,1,1:1338,1,62
2685,1,1:1338,1,63
1844,4,4:1338,1,67;1021,1,33;1310,1,103;1131,1,131
1869,3,3:1338,1,79;1091,1,166;1095,1,57
366,4,4:1338,1,88;1036,1,39;1063,1,26;1332,1,47
632,2,2:1338,1,100;1028,1,203
780,2,5:1313,4,35,71,98,109;1091,1,41
2062,3,4:1192,2,434,450;1091,1,48;1114,1,422
412,2,4:1091,2,57,162;1208,2,64,125
1077,10,11:1362,2,18,54;1091,1,63;1094,1,33;1101,1,105;1218,1,84;1108,1,72;1247,1,40;1027,1,65;1028,1,55;1131,1,23
1971,5,5:1091,1,67;1296,1,55;1156,1,164;1122,1,44;1299,1,29
1050,1,1:1091,1,106
602,7,7:1091,1,121;1219,1,189;1114,1,123;1230,1,47;1130,1,182;1086,1,69;1183,1,95
144,34,46:1184,7,2,10,128,131,202,216,301;1074,3,2,7,12;1068,2,132,135;1094,2,18,165;1262,2,70,148;1392,2,77,128;1091,1,124;1217,1,39;1035,1,174;1314,1,94;1082,1,151;1219,1,587;1195,1,16;1083,1,140;1251,1,9;1238,1,26;1198,1,66;1024,1,99;1252,1,158;1199,1,44;1049,1,218;1212,1,57;1026,1,112;1213,1,271;1374,1,47;1122,1,92;1053,1,223;1160,1,67;1127,1,26;1384,1,16;1370,1,48;1271,1,188;1311,1,86;1161,1,248
1799,11,18:1257,3,71,94,187;1389,2,36,66;1386,2,83,114;1198,2,27,84;1116,2,186,229;1367,2,73,81;1091,1,145;1273,1,21;1342,1,101;1112,1,93;1276,1,157
255,2,2:1091,1,149;1310,1,58
4482,1,1:1091,1,150
4483,1,1:1091,1,153
2114,1,1:1091,1,175
4484,1,1:1091,1,194
199,2,2:1091,1,209;1310,1,147
210,12,18:1099,3,10,23,52;1286,3,10,23,34;1268,2,29,35;1133,2,65,111;1091,1,222;1303,1,164;1068,1,83;1344,1,170;1180,1,46;1181,1,39;1345,1,66;1300,1,48
1355,9,15:1188,3,4,9,22;1312,3,3,7,21;1302,2,17,49;1079,2,80,118;1301,1,26;1072,1,96;1014,1,65;1062,1,118;1233,1,235
819,3,15:1188,8,5,10,23,49,58,79,112,141;1301,4,4,8,27,59;1312,3,4,8,22
1135,11,12:1188,2,30,80;1154,1,125;1080,1,155;1318,1,174;1322,1,84;1200,1,64;1172,1,147;1344,1,88;1028,1,99;1032,1,164;1173,1,214
1076,5,6:1188,2,41,75;1178,1,55;1190,1,103;1376,1,100;1339,1,205
4485,1,1:1188,1,54
2714,1,1:1188,1,74
2613,1,1:1188,1,96
1397,3,9:1033,7,142,163,192,286,367,495,523;1188,1,105;1339,1,30
1302,5,5:1188,1,127;1102,1,68;1134,1,120;1124,1,34;1030,1,161
4486,2,2:1188,1,128;1345,1,105
193,7,7:1188,1,130;1061,1,109;1014,1,62;1019,1,38;1020,1,47;1040,1,59;1048,1,127
1214,6,8:1344,2,5,16;1309,2,10,21;1312,1,44;1155,1,221;1156,1,253;1392,1,71
540,5,11:1221,5,4,15,24,52,113;1313,2,5,20;1395,2,7,14;1312,1,72;1264,1,70
467,16,17:1094,2,26,352;1312,1,76;1386,1,122;1189,1,33;1034,1,97;1015,1,175;1314,1,31;1108,1,79;1110,1,173;1046,1,129;1159,1,125;1268,1,26;1122,1,238;1309,1,70;1271,1,163;1203,1,127
883,4,5:1223,2,96,104;1312,1,78;1372,1,24;1233,1,66
4487,1,1:1312,1,86
4488,1,1:1312,1,88
455,10,10:1301,1,73;1001,1,264;1313,1,78;1192,1,101;1015,1,63;1332,1,123;1115,1,35;1199,1,136;1235,1,84;1129,1,68
3582,1,1:1301,1,87
355,5,5:1301,1,97;1111,1,211;1121,1,19;1247,1,183;1335,1,134
2436,1,1:1301,1,100
2882,3,3:1301,1,113;1215,1,179;1129,1,54
4489,1,1:1301,1,125
758,7,8:1303,2,175,247;1301,1,147;1154,1,138;1274,1,117;1184,1,283;1324,1,90;1271,1,168
215,35,88:1156,7,7,15,30,37,61,86,231;1238,6,2,11,20,33,79,144;1199,6,1,12,34,73,108,117;1235,6,1,17,46,80,102,227;1083,5,11,27,52,123,276;1020,4,7,20,73,235;1163,4,237,274,296,311;1303,3,1,15,33;1012,3,7,23,34;1145,3,12,36,169;1343,3,4,13,27;1263,3,8,17,41;1296,3,7,20,37;1315,3,8,22,37;1150,3,10,24,73;1324,3,4,19,32;1171,2,189,219;1397,2,85,105;1226,2,43,81;1319,2,4,17;1011,1,167;1015,1,67;1218,1,101;1262,1,199;1111,1,194;1253,1,17;1225,1,75;1025,1,72;1157,1,249;1158,1,37;1064,1,101;1008,1,220;1003,1,207;1060,1,217;1375,1,82
1301,14,22:1124,4,6,17,33,60;1292,3,7,15,23;1303,2,5,19;1056,2,4,27;1030,2,59,160;1068,1,38;1283,1,70;1379,1,53;1102,1,67;1274,1,164;1134,1,119;1029,1,63;1202,1,193;1182,1,39
1794,6,13:1056,3,6,29,96;1065,3,23,49,77;1303,2,6,20;1314,2,9,19;1124,2,7,18;1029,1,68
191,24,123:1318,18,7,14,24,34,43,50,54,71,79,95,116,131,142,165,196,214,225,255;1134,12,3,23,44,111,135,145,164,196,205,232,250,266;1065,11,22,48,76,84,103,128,136,145,214,222,232;1224,10,7,10,19,22,35,61,106,119,146,168;1056,10,5,28,70,75,95,118,138,166,178,223;1156,7,8,16,31,38,232,365,378;1097,6,5,17,29,48,77,97;1137,6,10,25,41,62,91,108;1251,6,3,6,16,38,45,62;1029,6,3,17,35,64,109,122;1030,6,7,23,60,174,192,239;1303,4,7,21,40,269;1291,3,15,38,64;1339,3,107,182,243;1263,3,50,187,192;1271,3,7,19,63;1073,2,49,143;1283,1,42;1014,1,60;1218,1,56;1019,1,36;1020,1,45;1129,1,91;1324,1,37
1453,1,1:1303,1,41
979,2,2:1303,1,44;1237,1,50
2042,9,12:1063,3,119,130,256;1303,2,54,167;1094,1,198;1261,1,50;1321,1,53;1296,1,59;1323,1,31;1307,1,66;1308,1,96
1403,6,8:1313,2,40,48;1238,2,7,16;1303,1,57;1379,1,47;1163,1,356;1225,1,152
2041,4,4:1303,1,60;1076,1,312;1261,1,48;1342,1,20
1238,10,17:1058,3,19,38,139;1269,3,5,13,71;1063,2,151,168;1319,2,37,65;1324,2,8,23;1303,1,61;1274,1,103;1321,1,138;1322,1,74;1308,1,38
1407,1,1:1303,1,65
1083,3,3:1303,1,72;1010,1,158;1377,1,55
1592,3,5:1303,3,78,174,257;1296,1,76;1050,1,91
4490,3,3:1303,1,98;1094,1,262;1163,1,361
253,10,16:1303,3,108,122,234;1392,3,83,92,97;1020,2,93,97;1048,2,113,117;1114,1,313;1199,1,188;1253,1,142;1126,1,207;1056,1,112;1310,1,68
638,2,3:1392,2,84,89;1303,1,110
1359,12,15:1303,2,111,124;1233,2,128,161;1196,2,79,98;1197,1,98;1267,1,37;1119,1,174;1327,1,94;1377,1,48;1239,1,79;1242,1,76;1277,1,60;1362,1,60
2005,3,3:1303,1,142;1389,1,34;1332,1,94
4491,1,1:1303,1,151
4492,1,1:1303,1,152
1704,2,2:1303,1,155;1003,1,40
1636,4,7:1303,2,173,256;1135,2,14,34;1055,2,9,23;1286,1,27
4493,1,1:1303,1,176
4494,1,2:1303,2,177,187
4495,1,1:1303,1,178
4496,1,1:1303,1,179
3039,1,1:1303,1,182
4155,2,5:1050,4,118,163,174,189;1303,1,185
359,10,11:1204,2,180,204;1303,1,194;1094,1,322;1249,1,34;1379,1,86;1366,1,124;1111,1,46;1158,1,255;1066,1,70;1319,1,91
926,17,21:1039,3,7,24,57;1079,2,48,130;1276,2,138,204;1303,1,198;1101,1,220;1305,1,45;1316,1,27;1016,1,79;1209,1,69;1018,1,118;1108,1,67;1006,1,285;1264,1,26;1024,1,90;1213,1,147;1008,1,72;1151,1,227
4497,1,2:1303,2,214,219
1061,8,13:1028,4,72,79,102,175;1303,2,220,242;1232,2,109,111;1263,1,98;1197,1,143;1327,1,201;1227,1,140;1228,1,124
1638,1,2:1303,2,227,245
2161,3,3:1303,1,230;1110,1,220;1032,1,200
2540,2,2:1303,1,283;1221,1,79
403,15,19:1131,3,103,121,177;1161,3,154,219,274;1303,1,285;1258,1,121;1015,1,227;1218,1,195;1241,1,263;1326,1,65;1114,1,258;1024,1,204;1307,1,152;1224,1,159;1245,1,201;1269,1,60;1032,1,180
481,22,36:1083,6,48,193,211,223,244,304;1159,4,99,165,202,247;1271,3,173,189,194;1325,2,67,84;1112,2,153,160;1315,2,53,131;1172,2,251,283;1303,1,298;1258,1,54;1020,1,237;1263,1,185;1111,1,175;1265,1,106;1196,1,169;1114,1,300;1238,1,165;1156,1,423;1331,1,37;1124,1,99;1310,1,24;1131,1,119;1183,1,194
1826,5,9:1292,3,3,11,19;1039,3,8,25,58;1303,1,304;1068,1,37;1097,1,110
4,61,267:1114,13,4,8,30,35,87,105,149,215,233,279,301,330,353;1069,12,10,19,31,40,47,50,64,92,111,119,136,188;1010,11,1,6,15,20,49,68,89,120,164,256,298;1055,10,3,12,17,26,38,74,90,128,192,199;1023,7,4,10,22,33,35,40,86;1157,7,20,44,65,87,103,190,196;1125,7,4,12,26,113,117,140,223;1361,7,11,22,40,47,53,92,116;1128,7,13,33,67,74,116,190,250;1009,6,9,24,34,54,57,87;1135,6,7,27,55,67,106,138;1005,6,9,20,32,45,128,151;1189,6,39,62,69,88,122,130;1059,6,18,42,68,80,98,152;1017,6,7,16,47,66,101,111;1021,6,11,22,42,113,182,239;1024,6,53,70,152,202,222,249;1327,6,1,11,44,71,248,256;1228,6,11,25,38,111,113,158;1127,6,11,22,34,42,77,121;1028,6,39,62,160,188,239,279;1061,5,16,46,77,121,168;1076,5,6,19,59,82,164;1016,5,17,40,66,89,157;1078,5,23,48,81,89,155;1358,5,10,22,58,63,156;1227,5,12,27,40,125,127;1185,5,11,32,58,189,235;1341,4,10,27,56,63;1072,4,47,68,86,117;1044,4,50,110,139,183;1206,4,22,54,73,179;1317,4,6,22,44,96;1209,4,5,14,35,96;1040,4,72,83,264,275;1037,4,13,39,91,204;1054,4,19,38,71,191;1340,4,7,19,58,107;1381,3,81,98,113;1018,3,46,162,166;1241,3,39,53,79;1395,3,2,9,29;1121,3,151,264,270;1195,2,141,180;1220,2,11,26;1298,2,13,30;1150,2,35,38;1003,2,176,193;1231,2,61,149;1190,1,271;1355,1,41;1259,1,117;1218,1,62;1111,1,44;1265,1,36;1119,1,63;1120,1,32;1333,1,55;1085,1,40;1299,1,97;1032,1,264
1184,14,34:1069,6,12,33,83,94,175,208;1009,4,11,26,36,104;1005,4,11,22,87,166;1010,3,4,18,192;1097,2,2,14;999,2,129,160;1015,2,44,244;1114,2,70,188;1023,2,42,80;1134,2,252,267;1029,2,30,103;1381,1,57;1276,1,52;1056,1,71
450,2,2:1009,1,39;1069,1,98
4498,2,2:1009,1,41;1069,1,100
4499,1,1:1009,1,76
13,44,142:1032,11,6,17,27,70,92,120,167,187,207,216,255;1213,9,5,16,35,57,89,132,172,191,218;1114,7,3,7,29,56,124,297,326;1229,7,5,19,29,43,61,89,105;1157,6,4,28,51,154,158,245;1128,6,6,26,158,164,221,241;1204,6,70,88,108,123,165,223;1018,5,3,15,39,90,142;1264,5,3,14,43,57,92;1378,4,14,33,78,102;1040,4,2,20,186,196;1329,4,2,17,33,63;1007,4,14,33,58,83;1125,4,80,97,134,166;1230,4,5,16,26,77;1069,3,16,37,110;1078,3,116,189,203;1221,3,9,20,39;1224,3,73,80,85;1327,3,7,17,38;1309,3,26,47,193;1227,3,3,18,32;1228,3,3,17,30;1185,3,94,136,175;1065,3,89,170,250;1209,2,1,10;1023,2,38,97;1024,2,5,19;1223,2,114,149;1299,2,118,156;1344,2,73,119;1384,2,32,73;1009,1,82;1005,1,121;1189,1,108;1010,1,218;1097,1,57;1149,1,118;1339,1,75;1121,1,263;1360,1,54;1150,1,66;1280,1,52;1363,1,146
148,2,2:1009,1,86;1018,1,159
681,18,24:1101,3,154,173,212;1197,3,118,176,186;1233,2,67,236;1161,2,163,231;1009,1,91;1391,1,94;1178,1,106;1284,1,48;1179,1,48;1208,1,18;1163,1,213;1269,1,22;1344,1,149;1227,1,89;1228,1,91;1202,1,67;1086,1,64;1311,1,105
1213,18,31:1069,5,21,42,67,121,231;1212,3,9,18,46;1328,3,10,29,50;1044,2,103,176;1059,2,106,153;1016,2,96,158;1220,2,48,56;1214,2,125,151;1009,1,93;1078,1,94;1114,1,106;1023,1,36;1327,1,237;1226,1,98;1125,1,91;1151,1,165;1086,1,58;1335,1,75
1705,8,16:1092,3,6,19,43;1096,3,5,23,62;1070,3,18,61,96;1304,3,10,22,37;1095,1,44;1196,1,88;1203,1,135;1236,1,69
1703,12,21:1070,4,19,62,97,131;1092,3,7,20,44;1096,3,6,24,63;1304,3,11,23,38;1095,1,45;1262,1,37;1196,1,89;1359,1,65;1334,1,22;1277,1,217;1203,1,136;1236,1,70
1501,7,11:1092,3,12,25,50;1024,2,13,27;1270,2,15,32;1386,1,24;1154,1,121;1002,1,99;1333,1,191
1732,2,2:1092,1,55;1052,1,50
3832,1,1:1092,1,63
1524,5,5:1092,1,90;1391,1,92;1071,1,67;1198,1,36;1184,1,325
7,22,74:1010,10,3,17,53,63,84,95,195,243,268,281;1061,8,9,24,39,54,70,91,116,197;1078,7,25,50,83,136,156,196,209;1135,6,1,15,21,35,71,129;1072,5,53,62,70,95,122;1146,5,12,32,45,185,202;1044,4,11,32,63,170;1076,4,57,161,236,311;1079,4,54,116,120,133;1119,4,4,9,13,290;1189,2,4,11;1341,2,11,28;1355,2,39,53;1016,2,81,195;1080,2,60,64;1068,1,39;1283,1,71;1059,1,90;1062,1,95;1134,1,118;1124,1,59;1030,1,159
5,11,30:1076,10,1,14,48,75,101,143,182,232,254,320;1135,6,2,22,78,84,144,171;1061,4,25,55,87,130;1189,2,43,54;1044,2,12,33;1341,1,71;1072,1,59;1010,1,196;1078,1,137;1079,1,62;1062,1,102
701,13,25:1135,3,13,33,48;1010,3,41,94,279;1059,3,13,37,63;1016,3,12,35,61;1156,3,60,71,85;1072,2,10,28;1339,2,271,279;1062,1,47;1146,1,43;1017,1,99;1159,1,118;1239,1,139;1226,1,126
3082,12,34:1062,5,10,30,64,122,160;1076,4,7,20,60,83;1189,3,6,13,28;1341,3,8,25,64;1079,3,10,28,55;1146,3,13,33,46;1381,3,6,14,20;1017,3,8,17,48;1135,2,16,36;1072,2,13,31;1097,2,9,21;1317,1,45
4500,11,35:1076,4,5,18,58,81;1059,4,17,41,67,102;1016,4,16,39,65,93;1317,4,5,21,43,98;1017,4,6,15,46,100;1135,3,54,105,137;1189,3,38,68,87;1341,3,9,26,62;1078,3,22,47,80;1072,2,66,87;1381,1,97
137,9,12:1135,2,57,173;1368,2,50,133;1276,2,12,26;1018,1,116;1358,1,105;1040,1,226;1024,1,92;1214,1,37;1028,1,68
2408,7,20:1044,5,7,28,55,114,205;1061,4,20,50,82,188;1064,4,9,27,42,105;1274,3,5,17,45;1135,2,58,174;1189,1,100;1008,1,55
2454,10,29:1044,6,8,29,56,115,206,222;1224,6,8,20,36,62,107,120;1061,4,21,51,83,189;1135,3,59,109,175;1072,3,78,83,119;1189,2,90,101;1151,2,181,235;1016,1,84;1227,1,60;1228,1,58
569,24,37:1128,4,17,37,125,197;1394,3,3,9,18;1343,3,6,15,33;1116,3,9,23,60;1328,3,8,27,48;1198,2,61,116;1132,2,157,182;1135,1,69;1072,1,120;1074,1,105;1279,1,40;1250,1,26;1237,1,28;1209,1,63;1109,1,70;1232,1,48;1155,1,171;1006,1,103;1369,1,123;1267,1,18;1367,1,22;1276,1,145;1151,1,31;1086,1,41
1313,4,4:1135,1,83;1145,1,213;1065,1,229;1270,1,89
1454,9,15:1381,4,32,53,73,131;1135,2,87,181;1059,2,138,160;1017,2,55,118;1189,1,57;1076,1,124;1016,1,105;1078,1,170;1062,1,58
957,14,29:1078,5,13,38,71,101,275;1044,4,15,36,69,147;1059,4,19,43,69,112;1061,3,28,58,94;1016,3,18,41,67;1027,2,107,226;1135,1,96;1062,1,59;1344,1,63;1309,1,201;1150,1,72;1125,1,144;1056,1,147;1031,1,79
2964,5,13:1059,4,23,47,73,116;1078,4,17,42,75,105;1016,3,22,45,71;1135,1,102;1062,1,63
1244,5,5:1135,1,103;1098,1,93;1264,1,134;1333,1,187;1384,1,74
58,32,66:1189,5,21,44,55,70,91;1097,4,10,22,33,42;1040,4,10,28,74,266;1023,4,6,12,24,88;1032,4,226,230,261,283;1135,3,107,139,172;1044,3,146,207,219;1218,3,26,76,161;1358,3,48,55,158;1114,3,16,200,264;1056,3,16,39,89;1030,3,70,101,236;1001,2,224,327;1017,2,9,18;1233,2,39,254;1134,2,13,33;1341,1,65;1098,1,142;1355,1,45;1076,1,62;1059,1,81;1237,1,97;1241,1,33;1339,1,225;1111,1,104;1235,1,165;1374,1,36;1333,1,128;1007,1,84;1205,1,58;1299,1,148;1204,1,220
11,8,20:1135,4,114,153,189,198;1358,3,51,128,154;1327,3,91,121,216;1227,3,2,17,31;1228,3,2,16,29;1111,2,70,208;1157,1,150;1085,1,52
32,12,26:1010,9,9,23,50,88,128,130,181,200,297;1206,3,21,53,178;1125,3,29,60,226;1185,3,7,28,54;1135,1,123;1265,1,31;1120,1,81;1157,1,88;1037,1,115;1227,1,94;1228,1,96;1127,1,136
1101,7,10:1340,3,6,18,112;1333,2,54,132;1135,1,134;1114,1,20;1024,1,225;1327,1,239;1008,1,78
1102,13,24:1061,5,19,49,81,122,169;1044,4,6,27,54,111;1054,3,104,107,111;1344,2,95,124;1127,2,81,127;1135,1,167;1189,1,99;1072,1,75;1010,1,124;1114,1,216;1037,1,109;1008,1,115;1361,1,57
673,8,14:1063,3,104,191,222;1252,3,3,21,42;1121,3,38,154,221;1135,1,194;1109,1,130;1318,1,170;1048,1,77;1003,1,200
1361,10,42:1098,8,2,5,18,128,151,181,206,227;1249,5,7,14,32,53,74;1074,5,5,10,24,64,107;1068,4,6,23,62,124;1073,4,5,17,26,163;1283,4,5,11,16,24;1322,4,9,24,46,223;1238,4,8,17,37,149;1291,3,8,31,51;1268,1,77
4501,1,2:1068,2,17,34
1174,10,14:1292,3,2,10,18;1213,3,63,117,245;1068,1,36;1070,1,297;1010,1,263;1285,1,16;1314,1,30;1109,1,47;1212,1,23;1150,1,62
571,26,46:1229,7,4,16,28,40,60,80,103;1099,3,11,24,53;1394,3,6,12,21;1230,3,61,74,98;1204,3,40,50,207;1182,3,31,55,94;1001,2,11,41;1221,2,40,102;1264,2,58,65;1280,2,26,56;1068,1,41;1098,1,39;1283,1,73;1012,1,55;1035,1,35;1241,1,57;1045,1,45;1119,1,304;1268,1,39;1157,1,246;1374,1,41;1333,1,64;1360,1,55;1384,1,70;1340,1,57;1324,1,139
3021,3,3:1068,1,44;1316,1,31;1040,1,128
4502,1,1:1068,1,51
4503,1,1:1068,1,57
3799,5,5:1068,1,59;1010,1,139;1192,1,119;1058,1,100;1134,1,130
2566,6,10:1068,3,65,99,154;1098,2,60,110;1074,2,74,123;1291,1,82;1073,1,158;1283,1,27
4504,2,5:1283,3,2,8,18;1068,2,76,86
389,3,3:1068,1,81;1061,1,108;1320,1,182
4505,1,1:1068,1,84
4506,1,1:1068,1,114
988,5,8:1121,3,26,70,81;1088,2,13,36;1068,1,117;1200,1,174;1161,1,97
1474,4,6:1368,3,67,155,235;1068,1,141;1268,1,79;1360,1,48
1853,2,3:1001,2,10,40;1374,1,40
3005,3,5:1001,2,23,53;1021,2,53,258;1219,1,416
4507,1,2:1001,2,26,56
950,6,7:1037,2,113,126;1001,1,67;1316,1,28;1059,1,95;1016,1,86;1151,1,182
382,5,5:1001,1,68;1150,1,99;1227,1,136;1228,1,120;1370,1,60
4508,2,2:1001,1,85;1020,1,109
3779,1,1:1001,1,87
938,1,1:1001,1,103
4509,1,1:1001,1,105
2380,4,4:1001,1,127;1217,1,156;1015,1,173;1322,1,139
1975,4,4:1001,1,129;1099,1,43;1211,1,160;1003,1,165
4510,1,2:1001,2,146,331
4511,1,1:1001,1,166
305,18,25:1172,4,30,141,214,303;1156,3,304,328,370;1318,2,112,151;1111,2,80,96;1001,1,168;1094,1,289;1178,1,45;1218,1,151;1083,1,286;1114,1,346;1197,1,46;1116,1,122;1323,1,85;1121,1,113;1225,1,91;1134,1,281;1124,1,132;1060,1,101
141,2,2:1001,1,180;1340,1,130
1440,7,9:1129,3,80,93,102;1001,1,183;1058,1,148;1079,1,177;1339,1,114;1021,1,119;1375,1,73
977,8,16:1154,5,12,20,33,41,132;1001,3,193,258,362;1344,3,82,175,180;1156,1,64;1359,1,58;1048,1,52;1120,1,69;1157,1,212
2880,1,1:1001,1,298
4512,1,1:1001,1,299
160,5,7:1390,2,35,50;1065,2,177,202;1001,1,315;1260,1,158;1363,1,155
4513,1,1:1001,1,317
2244,1,1:1001,1,344
4514,2,2:1001,1,346;1099,1,83
961,8,14:1361,5,4,15,34,77,112;1370,2,28,73;1133,2,86,102;1001,1,348;1313,1,110;1180,1,53;1186,1,84;1300,1,54
3586,3,3:1001,1,359;1011,1,187;1362,1,85
1512,11,17:1167,3,5,15,32;1007,3,17,36,79;1156,2,111,166;1245,2,8,18;1106,1,111;1218,1,25;1108,1,59;1021,1,298;1121,1,147;1134,1,77;1370,1,100
1932,4,5:1368,2,91,254;1167,1,23;1101,1,221;1114,1,220
937,13,15:1129,3,19,35,70;1167,1,58;1069,1,144;1100,1,42;1101,1,257;1146,1,170;1040,1,173;1114,1,166;1171,1,104;1235,1,61;1122,1,39;1127,1,125;1128,1,99
3938,7,17:1093,3,7,15,33;1168,3,65,75,96;1179,3,11,23,37;1191,3,11,29,50;1356,3,21,43,67;1100,1,34;1217,1,24
2591,2,2:1093,1,36;1013,1,65
62,20,43:1095,3,8,25,59;1385,3,3,11,28;1193,3,4,12,34;1342,3,3,8,22;1082,3,3,9,22;1265,3,4,14,33;1266,3,3,10,27;1122,3,3,14,30;1070,2,3,46;1215,2,4,12;1297,2,185,194;1326,2,22,123;1234,2,36,48;1223,2,8,21;1267,2,4,10;1093,1,46;1209,1,31;1117,1,35;1055,1,139;1311,1,41
4304,1,1:1093,1,72
499,9,12:1261,4,12,36,57,116;1093,1,78;1075,1,29;1305,1,103;1103,1,28;1314,1,28;1254,1,20;1384,1,19;1182,1,16
363,19,32:1227,6,5,8,20,23,81,103;1015,3,3,15,179;1000,3,6,24,90;1228,3,7,21,83;1010,2,64,236;1322,2,213,229;1093,1,95;1341,1,68;1378,1,87;1107,1,63;1339,1,230;1019,1,121;1114,1,172;1159,1,153;1024,1,110;1208,1,186;1051,1,126;1029,1,100;1161,1,81
333,5,5:1093,1,100;1217,1,38;1297,1,116;1050,1,105;1344,1,47
1316,12,22:1064,4,11,29,58,87;1221,3,10,21,34;1264,3,9,20,28;1203,3,9,19,48;1182,2,5,12;1093,1,106;1322,1,148;1049,1,50;1268,1,37;1050,1,55;1051,1,134;1053,1,50
768,2,2:1093,1,110;1261,1,25
2398,1,1:1093,1,121
3822,1,3:1177,3,5,15,26
1374,2,2:1177,1,24;1192,1,117
4515,1,1:1177,1,31
1002,7,8:1022,2,115,182;1177,1,40;1386,1,62;1215,1,80;1321,1,143;1318,1,258;1343,1,114
1487,2,2:1177,1,41;1386,1,28
3880,6,10:1376,4,4,14,23,104;1101,2,228,238;1168,1,15;1100,1,58;1105,1,58;1368,1,110
2799,2,2:1168,1,40;1223,1,103
4516,3,12:1260,6,1,7,29,82,215,252;1162,3,4,13,27;1217,3,5,15,61
4517,5,9:1305,3,7,15,32;1372,3,4,10,39;1162,1,23;1260,1,282;1371,1,98
4518,1,1:1162,1,50
797,5,5:1162,1,82;1170,1,50;1260,1,136;1196,1,270;1160,1,78
4519,4,15:1163,7,108,127,191,268,306,321,325;1094,6,1,9,177,284,319,346;1035,1,62;1047,1,28
3165,10,25:1094,9,3,11,22,82,179,197,203,246,282;1163,3,2,14,31;1034,2,77,85;1238,2,57,140;1323,2,1,10;1047,2,5,10;1324,2,13,28;1074,1,58;1274,1,29;1308,1,91
516,5,8:1094,4,8,16,86,184;1371,1,99;1146,1,82;1163,1,118;1038,1,86
1603,5,14:1094,5,43,69,75,297,369;1163,5,62,91,123,155,217;1323,2,24,89;1261,1,97;1324,1,126
1798,8,17:1155,6,2,15,36,161,198,212;1201,3,3,12,32;1163,2,61,90;1392,2,81,100;1094,1,44;1379,1,69;1156,1,371;1160,1,164
941,3,3:1094,1,58;1321,1,63;1203,1,211
4520,2,3:1163,2,59,83;1094,1,70
870,16,38:1110,8,3,18,38,69,74,131,159,181;1192,4,300,312,337,345;1199,4,7,18,80,123;1295,3,7,16,33;1332,3,8,17,83;1197,3,16,33,54;1094,2,73,196;1098,2,3,6;1203,2,45,100;1074,1,34;1274,1,138;1237,1,23;1109,1,116;1171,1,134;1235,1,57;1202,1,188
1552,4,4:1094,1,87;1318,1,206;1327,1,240;1064,1,72
66,40,60:1071,4,4,12,21,41;1155,4,13,26,210,222;1095,3,7,24,55;1306,3,5,21,55;1160,3,53,115,131;1126,3,7,17,42;1330,2,46,57;1082,2,21,36;1026,2,4,16;1239,2,47,67;1299,2,38,54;1271,2,12,24;1094,1,102;1096,1,50;1070,1,210;1035,1,16;1193,1,33;1194,1,25;1020,1,168;1262,1,33;1112,1,28;1251,1,20;1296,1,65;1369,1,26;1115,1,63;1266,1,26;1329,1,47;1199,1,193;1224,1,124;1047,1,40;1331,1,55;1121,1,249;1377,1,60;1254,1,111;1308,1,69;1124,1,51;1201,1,64;1125,1,38;1375,1,38;1277,1,29
71,36,62:1117,4,2,15,33,87;1095,3,6,23,54;1070,3,23,66,101;1295,3,2,11,28;1021,3,101,129,151;1208,3,3,8,173;1266,3,1,8,25;1375,3,3,7,15;1325,2,10,30;1273,2,1,11;1218,2,5,11;1262,2,32,181;1040,2,142,244;1360,2,2,6;1240,2,55,62;1033,2,33,341;1271,2,40,292;1094,1,121;1096,1,49;1071,1,61;1385,1,42;1304,1,54;1389,1,82;1330,1,92;1018,1,56;1339,1,113;1196,1,63;1197,1,82;1156,1,274;1224,1,180;1331,1,54;1245,1,254;1160,1,185;1277,1,27;1129,1,11;1041,1,47
443,13,16:1362,3,4,12,24;1094,2,127,358;1376,1,48;1373,1,50;1295,1,37;1332,1,96;1024,1,159;1367,1,20;1245,1,105;1060,1,154;1334,1,34;1319,1,162;1161,1,258
650,12,21:1027,5,6,15,25,45,92;1155,3,11,24,208;1307,2,7,18;1239,2,145,150;1132,2,35,151;1094,1,188;1215,1,78;1156,1,205;1298,1,40;1309,1,57;1030,1,255;1334,1,28
939,8,13:1094,3,202,309,335;1130,3,159,202,269;1163,2,101,116;1110,1,81;1111,1,72;1253,1,54;1204,1,177;1320,1,49
2643,2,2:1094,1,208;1276,1,167
853,5,14:1033,7,60,77,179,199,261,348,362;1160,3,12,30,56;1094,2,210,293;1192,1,255;1060,1,68
587,12,12:1094,1,238;1366,1,83;1274,1,27;1218,1,128;1318,1,204;1322,1,98;1323,1,23;1199,1,68;1268,1,89;1254,1,67;1319,1,101;1271,1,151
4521,1,1:1094,1,243
531,4,4:1094,1,274;1390,1,65;1359,1,69;1235,1,111
2517,1,1:1094,1,277
767,14,18:1094,3,280,295,353;1335,3,245,261,290;1293,1,166;999,1,85;1211,1,189;1110,1,139;1369,1,88;1187,1,95;1171,1,177;1027,1,212;1245,1,225;1384,1,114;1277,1,169;1130,1,138
304,8,10:1198,2,149,159;1277,2,94,174;1094,1,288;1394,1,16;1343,1,94;1023,1,47;1084,1,28;1239,1,200
436,10,13:1030,3,49,273,300;1010,2,59,188;1094,1,314;1095,1,58;1178,1,81;1076,1,155;1212,1,53;1150,1,75;1032,1,44;1087,1,128
463,5,5:1094,1,320;1070,1,252;1216,1,82;1253,1,63;1308,1,77
2716,5,5:1094,1,337;1145,1,228;1006,1,193;1196,1,220;1121,1,191
4522,1,1:1094,1,349
1289,3,7:1154,5,3,24,45,62,135;1094,1,359;1033,1,634
2063,12,17:1116,3,63,114,126;1194,2,43,70;1276,2,57,161;1201,2,23,71;1094,1,370;1076,1,219;1078,1,260;1318,1,136;1155,1,73;1220,1,60;1298,1,48;1027,1,39
583,16,23:1388,3,10,27,68;1386,3,7,16,37;1257,3,5,15,41;1199,2,8,19;1391,1,54;1190,1,237;1101,1,223;1104,1,37;1368,1,82;1063,1,56;1184,1,231;1223,1,90;1271,1,207;1335,1,107;1392,1,42;1311,1,79
1235,6,11:1003,3,13,26,41;1220,2,83,103;1156,2,202,216;1160,2,63,95;1388,1,50;1158,1,121
737,20,28:1034,3,16,39,62;1124,3,42,127,140;1156,2,149,155;1224,2,32,86;1205,2,177,226;1060,2,133,141;1388,1,55;1014,1,116;1077,1,70;1218,1,44;1081,1,78;1149,1,126;1195,1,77;1121,1,45;1026,1,106;1007,1,60;1038,1,70;1151,1,38;1129,1,114;1271,1,170
628,1,1:1388,1,66
1296,2,2:1388,1,71;1006,1,205
2241,9,22:1021,6,4,15,49,107,259,283;1127,5,5,16,53,114,143;1207,4,22,54,85,109;1085,2,171,188;1005,1,46;1040,1,262;1120,1,77;1185,1,192;1055,1,143
116,13,13:1005,1,61;1366,1,91;1232,1,158;1263,1,196;1024,1,56;1223,1,56;1119,1,131;1377,1,34;1254,1,56;1122,1,122;1033,1,306;1008,1,187;1130,1,176
770,10,17:1155,6,5,18,70,107,201,215;1357,2,13,28;1339,2,60,131;1005,1,104;1080,1,25;1218,1,27;1295,1,93;1039,1,168;1151,1,162;1370,1,37
3716,3,5:1207,3,104,110,116;1069,1,71;1055,1,70
2618,3,7:1069,4,137,145,167,185;1055,2,66,157;1037,1,110
3273,2,2:1069,1,173;1293,1,85
56,6,6:1069,1,199;1294,1,44;1238,1,159;1212,1,59;1213,1,269;1242,1,78
3387,1,1:1069,1,224
710,38,136:1213,15,6,17,36,49,61,64,90,118,133,165,192,199,204,219,246;1032,11,7,18,29,71,94,122,168,188,209,218,256;1229,8,6,20,30,44,62,81,93,106;1006,7,9,29,73,93,133,151,168;1020,6,10,23,62,139,223,227;1018,5,4,16,40,91,143;1040,5,4,22,151,197,229;1114,5,54,77,121,175,176;1130,5,2,11,22,61,76;1378,4,7,26,54,98;1219,4,8,23,36,600;1262,4,2,13,155,190;1084,4,9,20,56,74;1329,4,4,19,35,65;1395,4,4,11,25,51;1128,4,8,28,161,223;1231,4,58,146,175,198;1264,3,5,16,51;1327,3,4,14,35;1064,3,17,35,125;1008,3,16,33,104;1204,3,89,166,224;1065,3,90,197,246;1325,2,11,31;1010,2,155,216;1115,2,58,65;1230,2,78,131;1273,1,67;1096,1,125;1394,1,43;1000,1,41;1078,1,117;1149,1,120;1343,1,86;1224,1,173;1025,1,66;1172,1,241;1280,1,66
163,3,3:1325,1,57;1208,1,162;1231,1,119
124,16,36:1192,12,158,169,185,192,247,260,299,350,382,394,426,459;1020,4,8,21,60,137;1196,4,177,189,217,287;1315,2,180,211;1200,2,67,98;1231,2,192,209;1325,1,92;1317,1,123;1274,1,141;1018,1,84;1295,1,154;1112,1,18;1114,1,240;1266,1,200;1121,1,205;1183,1,226
125,16,26:1020,4,9,22,61,138;1196,4,178,190,218,288;1081,2,123,126;1315,2,181,212;1200,2,68,99;1231,2,193,210;1325,1,93;1274,1,142;1018,1,85;1295,1,155;1112,1,19;1114,1,241;1266,1,201;1121,1,206;1172,1,240;1183,1,227
3705,3,3:1325,1,113;1056,1,66;1039,1,94
1124,7,9:1207,3,10,42,73;1012,1,147;1342,1,38;1222,1,90;1267,1,22;1119,1,16;1173,1,50
3792,1,4:1207,4,24,56,87,115
4523,1,1:1207,1,106
4524,1,1:1207,1,112
3062,1,1:1207,1,118
1149,11,12:1085,2,191,207;1207,1,123;1010,1,126;1011,1,253;1260,1,172;1062,1,206;1238,1,153;1199,1,176;1172,1,227;1027,1,134;1226,1,138
3939,1,1:1207,1,130
4525,1,1:1207,1,132
2269,2,2:1207,1,141;1108,1,64
1868,2,2:1207,1,153;1230,1,125
4526,1,1:1207,1,162
1666,2,2:1207,1,163;1383,1,59
3363,2,6:1095,5,17,34,107,145,165;1114,1,181
65,26,35:1020,3,153,207,265;1137,3,2,17,33;1330,2,22,33;1238,2,19,163;1239,2,46,66;1129,2,85,134;1236,2,68,101;1095,1,53;1246,1,106;1394,1,14;1274,1,61;1297,1,26;1262,1,31;1306,1,49;1159,1,32;1266,1,24;1329,1,46;1235,1,101;1247,1,102;1160,1,130;1125,1,36;1054,1,150;1055,1,105;1277,1,28;1324,1,72;1132,1,127
365,3,3:1095,1,69;1189,1,109;1062,1,161
1887,4,4:1095,1,92;1215,1,97;1015,1,247;1119,1,280
942,12,13:1192,2,331,342;1095,1,98;1190,1,137;1318,1,86;1184,1,252;1048,1,51;1027,1,177;1242,1,94;1344,1,179;1309,1,91;1340,1,146;1203,1,78
3006,1,3:1391,3,7,14,45
871,3,3:1391,1,24;1159,1,158;1340,1,51
3934,1,2:1391,2,41,96
2301,13,21:1130,4,124,131,171,236;1114,3,50,104,108;1221,2,33,116;1264,2,91,120;1121,2,93,123;1391,1,85;1257,1,132;1378,1,72;1219,1,593;1395,1,40;1327,1,231;1374,1,18;1345,1,75
2429,1,1:1391,1,93
1621,1,2:1273,2,3,13
4527,1,2:1273,2,10,20
494,8,9:1125,2,45,254;1273,1,24;1179,1,118;1254,1,47;1245,1,111;1158,1,86;1128,1,280;1335,1,220
1898,6,13:1213,6,50,65,119,200,205,247;1156,3,314,337,389;1273,1,33;1070,1,126;1010,1,207;1229,1,82
101,11,18:1111,3,9,18,54;1028,3,93,131,185;1121,2,43,79;1122,2,82,212;1041,2,44,71;1273,1,56;1070,1,136;1006,1,312;1159,1,144;1024,1,72;1214,1,100
2295,1,1:1273,1,78
1338,5,5:1273,1,85;1098,1,191;1262,1,157;1208,1,90;1127,1,164
4528,1,1:1273,1,88
1412,3,3:1273,1,90;1247,1,172;1030,1,256
743,15,23:1132,5,5,17,81,95,117;1016,4,100,125,134,171;1059,2,134,143;1273,1,100;1012,1,40;1293,1,58;1146,1,171;1323,1,62;1119,1,27;1268,1,118;1134,1,242;1205,1,195;1054,1,195;1087,1,181;1320,1,134
2458,4,4:1273,1,106;1317,1,137;1309,1,50;1185,1,140
981,6,8:1231,2,184,204;1319,2,155,172;1273,1,109;1261,1,112;1172,1,51;1060,1,222
3059,4,5:1040,2,17,35;1273,1,121;1316,1,83;1200,1,82
1463,1,1:1096,1,46
478,2,2:1096,1,86;1158,1,166
4529,1,1:1096,1,92
922,7,8:1020,2,187,201;1096,1,94;1073,1,84;1190,1,164;1259,1,64;1194,1,52;1184,1,34
3750,2,2:1096,1,100;1251,1,75
1021,2,3:1276,2,10,24;1096,1,115
913,10,13:1018,2,121,125;1122,2,183,209;1344,2,65,103;1096,1,118;1314,1,60;1184,1,63;1226,1,58;1003,1,128;1361,1,98;1028,1,90
3060,4,7:1070,4,12,28,55,71;1071,1,22;1160,1,188;1182,1,82
1163,1,6:1070,6,34,77,264,272,309,337
208,16,24:1070,6,35,78,156,265,273,338;1339,2,226,249;1020,2,122,214;1033,2,467,609;1304,1,71;1098,1,122;999,1,174;1015,1,210;1019,1,78;1268,1,159;1037,1,123;1134,1,202;1345,1,51;1334,1,45;1335,1,152;1133,1,79
611,9,10:1215,2,52,174;1070,1,113;1076,1,191;1078,1,183;1079,1,143;1146,1,103;1375,1,76;1362,1,89;1161,1,148
970,11,12:1218,2,80,197;1070,1,143;1385,1,19;1258,1,29;1017,1,107;1080,1,40;1234,1,43;1026,1,54;1186,1,126;1032,1,251;1087,1,164
4530,1,1:1070,1,155
1762,1,2:1070,2,173,291
245,6,9:1257,2,62,64;1201,2,34,55;1310,2,71,75;1070,1,214;1294,1,130;1316,1,97
985,7,10:1241,3,180,222,274;1266,2,46,68;1070,1,222;1225,1,62;1328,1,79;1201,1,63;1130,1,56
4531,1,1:1070,1,249
294,6,14:1260,4,83,144,182,216;1217,4,10,20,64,162;1033,2,478,499;1008,2,319,342;1070,1,250;1234,1,59
708,8,11:1070,2,255,319;1322,2,188,269;1183,2,111,127;1262,1,95;1238,1,85;1050,1,180;1319,1,45;1324,1,98
1695,3,3:1071,1,73;1218,1,73;1309,1,206
3041,1,1:1071,1,81
3358,1,1:1385,1,20
3212,1,1:1385,1,33
4532,1,2:1304,2,65,74
927,10,11:1088,2,117,254;1304,1,82;1257,1,96;1076,1,272;1082,1,115;1339,1,240;1021,1,269;1048,1,96;1160,1,107;1204,1,150
250,5,8:1389,4,8,19,29,69;1019,1,94;1112,1,150;1183,1,185;1270,1,69
4533,1,1:1389,1,24
1030,2,2:1389,1,73;1317,1,93
886,1,1:1386,1,57
465,4,4:1386,1,58;1357,1,71;1184,1,83;1331,1,97
1936,1,1:1386,1,66
512,1,1:1386,1,68
3884,2,4:1356,3,5,27,49;1386,1,82
497,10,12:1233,2,41,65;1054,2,193,201;1386,1,89;1257,1,185;1036,1,51;1381,1,28;1321,1,32;1266,1,71;1268,1,32;1008,1,239
495,5,5:1386,1,94;1190,1,204;1297,1,142;1395,1,56;1051,1,102
2378,3,3:1386,1,103;1024,1,105;1028,1,30
1182,4,4:1386,1,105;1358,1,116;1220,1,125;1137,1,50
1667,4,8:1154,3,5,26,47;1270,3,14,31,39;1386,1,110;1249,1,61
4534,1,1:1386,1,126
4535,1,1:1386,1,129
862,1,1:1257,1,33
1635,3,3:1257,1,34;1032,1,228;1132,1,59
1555,1,1:1257,1,50
4264,1,1:1257,1,51
4536,1,1:1257,1,52
3213,1,1:1257,1,57
2809,1,1:1257,1,72
3496,2,2:1257,1,74;1252,1,93
4537,1,1:1257,1,75
4538,1,1:1257,1,76
4539,1,1:1257,1,77
1162,3,3:1257,1,101;1033,1,414;1028,1,265
498,3,3:1257,1,102;1101,1,71;1160,1,251
4540,1,1:1257,1,104
1000,1,1:1257,1,106
4541,1,1:1257,1,108
2932,2,4:1257,3,109,146,179;1196,1,93
2538,1,3:1257,3,110,147,180
4542,1,2:1257,2,134,156
4543,1,1:1257,1,190
2578,5,6:1270,2,17,34;1257,1,201;1191,1,44;1251,1,33;1157,1,96
3086,3,6:1189,2,5,12;1058,2,142,158;1035,2,54,98
356,8,10:1022,2,61,79;1320,2,33,63;1189,1,20;1293,1,72;1297,1,111;1124,1,120;1060,1,164;1335,1,68
1293,8,11:1078,3,221,250,287;1079,2,172,188;1189,1,32;1076,1,209;1146,1,200;1317,1,117;1056,1,102;1345,1,90
514,8,9:1008,2,316,339;1189,1,50;1097,1,55;1061,1,156;1318,1,205;1322,1,248;1121,1,209;1056,1,228
4036,3,5:1317,3,2,18,65;1189,1,51;1322,1,252
2812,6,9:1189,2,63,123;1206,2,32,64;1381,2,79,126;1355,1,54;1017,1,67;1003,1,195
1513,3,3:1189,1,117;1327,1,128;1340,1,48
2251,3,5:1381,2,2,10;1160,2,1,19;1189,1,118
2958,2,3:1017,2,57,120;1189,1,139
3328,2,4:1341,2,13,30;1075,2,5,18
4544,1,2:1341,2,14,31
1864,5,5:1341,1,39;1006,1,148;1195,1,109;1308,1,114;1133,1,113
4545,2,4:1146,3,11,31,44;1341,1,60
4546,1,1:1341,1,67
3081,2,3:1072,2,14,32;1317,1,46
1452,13,48:1061,7,6,36,67,145,152,177,203;1339,7,41,64,69,120,198,221,252;1076,6,13,26,52,66,128,276;1078,6,3,28,61,114,173,231;1137,6,15,30,46,70,80,104;1079,4,17,35,41,67;1146,4,19,39,62,73;1072,3,17,35,57;1379,1,30;1059,1,169;1317,1,106;1381,1,56;1251,1,31
3418,3,5:1028,3,119,163,214;1072,1,48;1327,1,169
1760,1,1:1072,1,50
4547,1,1:1072,1,52
220,5,11:1128,5,118,171,182,195,253;1237,2,3,11;1121,2,78,258;1072,1,76;1184,1,42
4548,1,1:1072,1,99
4549,1,1:1072,1,101
1342,8,15:1010,4,87,123,127,296;1077,4,20,45,73,142;1034,2,3,26;1072,1,105;1044,1,93;1145,1,97;1029,1,55;1057,1,74
1290,6,8:1154,2,6,27;1318,2,82,104;1072,1,124;1283,1,100;1276,1,135;1124,1,109
2164,2,2:1072,1,129;1294,1,106
3731,1,11:1010,11,2,16,52,61,82,154,191,215,239,264,280
1526,7,7:1010,1,40;1190,1,231;1146,1,42;1339,1,278;1116,1,119;1037,1,114;1226,1,125
2060,4,4:1010,1,56;1307,1,97;1163,1,349;1309,1,87
3665,1,1:1010,1,67
2188,1,1:1010,1,102
4550,1,1:1010,1,113
658,4,4:1010,1,135;1292,1,31;1021,1,71;1212,1,32
192,5,5:1010,1,152;1014,1,61;1019,1,37;1020,1,46;1048,1,126
2948,1,1:1010,1,228
2346,1,1:1010,1,270
1337,4,4:1010,1,274;1381,1,45;1022,1,64;1320,1,36
216,20,29:1097,3,1,13,67;1327,3,56,63,182;1314,2,2,12;1263,2,7,16;1114,2,396,425;1240,2,12,25;1231,2,37,220;1012,1,65;1015,1,94;1078,1,222;1080,1,79;1295,1,150;1118,1,28;1331,1,81;1298,1,43;1026,1,45;1157,1,109;1308,1,142;1056,1,139;1129,1,55
4551,1,5:1097,5,7,19,31,50,99
3536,4,10:1097,5,8,20,32,51,100;1062,2,128,136;1344,2,141,183;1241,1,261
223,2,3:1097,2,46,95;1224,1,123
357,20,33:1060,6,6,18,34,122,168,211;1318,4,18,36,78,195;1006,2,242,313;1339,2,58,72;1026,2,31,60;1124,2,1,12;1041,2,45,72;1097,1,74;1035,1,157;1079,1,157;1018,1,57;1063,1,184;1295,1,146;1112,1,85;1222,1,32;1184,1,243;1117,1,41;1268,1,47;1360,1,34;1033,1,433
1014,2,2:1097,1,83;1239,1,192
974,10,19:1059,3,24,48,74;1078,3,19,44,77;1150,3,7,21,33;1056,3,15,38,88;1032,2,50,65;1097,1,113;1044,1,161;1381,1,34;1195,1,120;1048,1,139
1451,4,9:1061,3,7,37,68;1078,3,4,29,62;1137,2,12,27;1032,1,270
4552,1,3:1061,3,23,53,85
3621,2,5:1061,3,26,56,92;1044,2,13,34
2788,7,7:1061,1,104;1044,1,84;1073,1,150;1049,1,74;1037,1,89;1053,1,72;1057,1,46
667,12,17:1305,3,86,184,218;1061,2,118,165;1044,2,107,180;1215,2,50,86;1146,1,179;1237,1,123;1046,1,86;1022,1,80;1186,1,63;1335,1,69;1320,1,64;1161,1,106
3001,1,1:1061,1,150
4553,2,2:1061,1,161;1137,1,83
3673,2,3:1044,2,200,215;1061,1,183
595,5,7:1018,3,48,157,167;1061,1,190;1241,1,244;1114,1,287;1008,1,295
601,6,13:1044,4,61,122,142,191;1124,3,10,21,64;1154,2,77,100;1026,2,11,23;1344,1,112;1185,1,178
4554,1,1:1044,1,89
1654,8,9:1145,2,24,48;1044,1,90;1073,1,153;1074,1,94;1006,1,87;1021,1,58;1033,1,98;1030,1,125
4555,1,3:1044,3,123,145,186
4556,2,5:1064,3,8,26,41;1044,2,133,225
594,2,4:1044,2,134,226;1344,2,153,168
3218,5,5:1044,1,136;1021,1,98;1163,1,334;1299,1,220;1231,1,186
3670,1,1:1044,1,156
4557,2,2:1044,1,221;1047,1,13
1398,8,11:1291,3,21,44,74;1045,2,66,76;1216,1,74;1077,1,118;1056,1,55;1030,1,74;1031,1,40;1039,1,52
3298,2,2:1291,1,83;1098,1,61
4558,2,2:1291,1,84;1098,1,63
4559,1,1:1291,1,86
4560,2,2:1291,1,88;1098,1,65
4561,2,2:1291,1,89;1098,1,66
4562,2,2:1291,1,90;1098,1,67
4563,2,2:1291,1,91;1098,1,68
4564,4,7:1038,3,11,25,30;1276,2,30,127;1291,1,93;1098,1,70
2101,4,4:1291,1,94;1098,1,71;1110,1,213;1276,1,209
4565,2,2:1291,1,96;1098,1,74
3113,2,3:1291,2,97,100;1098,1,75
3866,5,6:1364,2,11,25;1291,1,105;1169,1,24;1336,1,27;1133,1,45
4566,1,1:1291,1,108
4567,4,4:1291,1,109;1098,1,77;1169,1,21;1146,1,217
1362,3,3:1291,1,110;1098,1,78;1146,1,216
4568,1,1:1291,1,111
4569,1,1:1098,1,36
3768,2,4:1098,3,37,52,170;1268,1,113
1976,9,11:1316,3,10,20,36;1098,1,38;1035,1,37;1104,1,96;1264,1,36;1049,1,49;1053,1,49;1384,1,57;1236,1,137
810,8,10:1098,2,53,171;1215,2,96,154;1012,1,76;1035,1,34;1006,1,159;1049,1,46;1053,1,46;1182,1,33
570,6,10:1029,3,8,22,43;1098,2,54,172;1378,2,3,22;1192,1,361;1049,1,47;1053,1,47
4357,2,3:1098,2,72,222;1238,1,142
2121,2,2:1098,1,82;1008,1,280
4570,1,1:1098,1,84
4571,1,1:1098,1,85
2045,3,3:1098,1,92;1276,1,119;1384,1,50
2934,1,1:1098,1,105
932,6,6:1098,1,147;1099,1,171;1015,1,251;1239,1,84;1227,1,88;1228,1,90
2108,3,3:1098,1,226;1109,1,140;1019,1,87
2080,3,3:1073,1,43;1083,1,40;1021,1,170
3728,2,2:1073,1,44;1283,1,38
3485,2,2:1073,1,59;1032,1,76
2473,4,8:1073,3,61,156,170;1062,3,177,209,229;1034,1,144;1124,1,30
4572,1,1:1073,1,87
3833,2,3:1073,2,91,110;1106,1,172
2084,2,2:1073,1,106;1238,1,101
37,8,8:1073,1,113;1036,1,48;1078,1,242;1332,1,102;1113,1,60;1214,1,105;1242,1,79;1203,1,117
2382,8,10:1146,3,92,105,126;1073,1,140;1246,1,137;1219,1,200;1221,1,129;1265,1,117;1184,1,359;1276,1,210
1449,1,1:1073,1,168
1364,1,2:1249,2,22,62
2728,2,3:1197,2,15,32;1074,1,33
1324,9,23:1192,6,90,126,151,167,334,343;1367,5,3,12,47,88,95;1280,4,1,10,21,75;1156,2,51,243;1229,2,216,221;1074,1,55;1268,1,166;1276,1,171;1204,1,179
4573,1,1:1074,1,96
4574,1,1:1074,1,103
4575,1,1:1074,1,120
2620,1,1:1074,1,126
1499,1,1:1283,1,15
4576,1,1:1283,1,30
4577,1,1:1283,1,49
4578,1,1:1283,1,52
1855,1,2:1283,2,64,88
971,8,9:1027,2,139,174;1283,1,99;1022,1,140;1049,1,129;1053,1,132;1226,1,52;1029,1,112;1030,1,34
421,15,30:1137,5,9,24,40,61,107;1292,3,4,12,20;1013,3,9,20,52;1108,3,7,15,24;1361,3,8,19,37;1156,2,324,359;1124,2,32,58;1335,2,188,255;999,1,52;1080,1,63;1134,1,117;1027,1,93;1054,1,82;1030,1,158;1130,1,53
2009,4,6:1292,3,5,13,21;1195,1,159;1163,1,374;1182,1,114
4579,1,1:1292,1,27
4580,2,4:1099,3,12,25,54;1292,1,29
4581,1,1:1292,1,37
4582,1,2:1292,2,38,47
1984,3,5:1292,2,39,48;1192,2,107,147;1229,1,188
4583,1,1:1379,1,35
1372,2,2:1379,1,36;1316,1,74
1237,1,1:1379,1,41
1010,5,7:1156,2,323,358;1171,2,150,169;1379,1,44;1125,1,88;1041,1,80
1765,4,6:1379,2,46,59;1293,2,180,201;1117,1,61;1127,1,40
1843,3,4:1194,2,41,88;1379,1,55;1149,1,45
640,1,1:1379,1,60
2530,1,1:1379,1,64
2638,1,1:1379,1,68
1085,7,7:1379,1,78;1355,1,15;1076,1,35;1316,1,40;1222,1,22;1254,1,132;1345,1,129
1835,8,9:1011,2,63,246;1062,1,208;1219,1,342;1021,1,201;1049,1,62;1121,1,223;1053,1,62;1229,1,166
734,7,7:1011,1,76;1260,1,178;1020,1,160;1262,1,179;1024,1,151;1315,1,198;1119,1,277
889,3,3:1011,1,194;999,1,118;1317,1,116
4584,1,1:1011,1,221
3717,1,2:1011,2,229,266
1873,5,9:1172,4,31,142,215,304;1134,2,243,259;1011,1,232;1246,1,61;1025,1,78
1066,6,8:1045,2,163,206;1205,2,176,225;1011,1,248;1221,1,98;1030,1,280;1087,1,192
986,8,10:1083,2,264,289;1227,2,91,108;1011,1,249;1058,1,69;1021,1,266;1327,1,217;1377,1,63;1228,1,93
4585,1,1:1011,1,251
2855,1,1:1011,1,259
1814,4,6:1196,3,181,214,302;1011,1,274;1342,1,46;1130,1,169
438,12,24:1258,6,1,14,31,63,89,128;1223,5,5,18,40,140,148;1246,2,1,13;1358,2,1,13;1157,2,10,34;1011,1,312;1099,1,115;1394,1,62;1076,1,107;1218,1,104;1120,1,42;1397,1,19
343,7,12:1130,6,72,137,151,247,255,266;1011,1,322;1219,1,199;1241,1,266;1159,1,211;1084,1,42;1329,1,68
453,7,7:1178,1,34;1154,1,124;1211,1,36;1233,1,75;1024,1,106;1172,1,146;1086,1,36
1003,1,1:1178,1,50
4586,1,1:1178,1,56
1120,4,5:1178,2,59,123;1274,1,86;1201,1,137;1126,1,125
4587,2,3:1178,2,60,124;1201,1,138
966,8,30:1119,6,114,143,148,167,220,278;1225,6,50,94,102,110,118,137;1130,5,129,183,217,285,299;1172,4,130,157,167,199;1128,4,83,141,145,255;1198,3,147,152,162;1012,1,56;1247,1,175
41,22,24:1035,2,67,95;1172,2,213,299;1012,1,58;1215,1,65;1036,1,23;1079,1,162;1381,1,118;1080,1,54;1339,1,73;1040,1,223;1111,1,52;1233,1,64;1084,1,41;1049,1,228;1327,1,33;1026,1,99;1245,1,284;1053,1,233;1226,1,37;1008,1,217;1299,1,76;1060,1,47
4588,1,1:1012,1,80
3307,2,5:1084,4,6,17,33,120;1012,1,81
736,7,9:1327,2,98,110;1088,2,86,237;1012,1,95;1371,1,71;1081,1,88;1033,1,659;1236,1,125
1227,6,11:1156,3,315,338,390;1230,3,48,83,92;1392,2,63,108;1012,1,112;1106,1,165;1384,1,44
4589,2,4:1154,3,10,31,129;1012,1,136
3746,1,1:1145,1,87
4590,1,1:1145,1,95
1822,3,4:1145,2,113,126;1079,1,105;1062,1,84
1540,5,6:1032,2,201,275;1190,1,18;1261,1,110;1360,1,26;1239,1,187
1623,1,1:1190,1,47
815,3,3:1190,1,76;1209,1,83;1310,1,126
2535,2,2:1190,1,79;1310,1,117
1940,2,2:1190,1,92;1245,1,144
1570,3,5:1226,3,6,18,28;1190,1,110;1211,1,204
1527,3,5:1219,3,12,27,70;1190,1,121;1220,1,119
1456,1,1:1190,1,130
485,2,2:1190,1,158;1310,1,94
4591,2,2:1190,1,181;1027,1,201
2050,6,15:1208,6,4,9,27,61,158,220;1234,3,13,26,50;1222,2,43,77;1173,2,167,172;1190,1,184;1219,1,161
411,10,11:1271,2,247,275;1190,1,191;1381,1,110;1297,1,112;1263,1,57;1208,1,40;1026,1,62;1231,1,117;1335,1,281;1131,1,59
627,4,7:1192,3,201,261,280;1190,2,257,264;1082,1,82;1251,1,97
1008,4,16:1008,9,6,23,42,130,196,214,231,284,304;1258,5,11,24,71,94,136;1224,1,158;1064,1,61
313,12,40:1063,6,12,24,31,83,200,214;1296,6,3,16,29,75,86,110;1258,5,13,26,73,96,138;1026,5,8,20,34,59,88;1124,5,4,15,47,95,143;1274,4,6,18,33,96;1321,2,94,118;1295,2,55,97;1238,2,40,169;1197,1,53;1323,1,32;1377,1,56
1006,6,11:1323,3,8,17,35;1377,3,5,12,19;1295,2,49,68;1258,1,40;1197,1,49;1008,1,52
3211,5,5:1215,1,47;1241,1,269;1119,1,176;1158,1,152;1344,1,176
643,7,16:1155,5,84,111,126,149,180;1233,4,57,114,149,174;1015,2,57,65;1184,2,218,273;1215,1,64;1048,1,40;1277,1,80
612,2,2:1215,1,161;1293,1,65
577,2,2:1215,1,172;1307,1,154
98,2,2:1215,1,180;1027,1,70
900,10,13:1013,3,6,17,49;1014,2,91,101;1355,1,31;1155,1,164;1110,1,100;1085,1,201;1055,1,140;1029,1,72;1086,1,85;1311,1,153
1697,6,8:1217,2,136,153;1040,2,237,271;1355,1,52;1368,1,204;1018,1,172;1051,1,54
2354,3,3:1246,1,107;1015,1,102;1235,1,69
1224,5,8:1154,3,2,23,44;1307,2,46,178;1327,1,225;1002,1,64;1051,1,18
2489,3,5:1154,3,9,30,128;1163,1,330;1032,1,175
4592,1,2:1154,2,17,38
4593,1,2:1154,2,19,40
2048,3,5:1154,2,54,71;1125,2,102,121;1223,1,58
1725,1,1:1154,1,67
2257,1,1:1154,1,80
4594,1,1:1154,1,83
3494,2,3:1156,2,122,129;1154,1,84
3971,1,1:1154,1,120
4595,1,1:1154,1,140
2472,1,1:1154,1,157
4596,1,1:1154,1,160
2014,3,3:1154,1,186;1195,1,153;1003,1,61
553,4,14:1099,8,3,16,29,70,86,136,155,185;1329,3,1,16,32;1359,2,11,27;1076,1,294
2082,4,4:1099,1,41;1217,1,160;1037,1,104;1054,1,81
4597,1,1:1099,1,57
1562,1,2:1099,2,60,130
1090,2,2:1099,1,81;1322,1,123
946,6,7:1186,2,89,148;1099,1,175;1369,1,178;1253,1,186;1309,1,174;1336,1,82
509,8,8:1099,1,176;1232,1,232;1114,1,37;1024,1,156;1084,1,54;1328,1,119;1033,1,645;1183,1,201
4229,2,3:1099,2,181,194;1006,1,274
549,12,12:1099,1,206;1015,1,150;1146,1,207;1232,1,94;1262,1,60;1040,1,169;1021,1,248;1159,1,103;1252,1,160;1268,1,160;1087,1,266;1203,1,150
447,17,50:1121,7,52,68,100,108,117,143,195;1344,7,6,17,36,42,59,94,128;1326,5,3,10,25,52,97;1265,5,6,16,57,65,118;1267,4,6,12,30,68;1082,3,6,12,26;1195,3,2,9,43;1085,3,4,15,178;1309,3,29,53,196;1206,2,13,45;1184,2,37,360;1358,1,101;1224,1,176;1054,1,93;1185,1,151;1032,1,84;1363,1,152
325,1,2:1206,2,27,59
4598,1,1:1206,1,79
1121,1,2:1206,2,94,145
1751,3,4:1206,2,96,147;1217,1,158;1223,1,172
2516,2,2:1100,1,40;1033,1,221
719,2,2:1100,1,62;1201,1,126
4599,1,1:1169,1,23
1059,6,6:1169,1,37;1219,1,202;1114,1,17;1307,1,44;1315,1,136;1360,1,56
3881,1,1:1169,1,65
2605,1,1:1169,1,85
2461,1,1:1169,1,98
426,13,14:1202,2,48,100;1169,1,111;1263,1,38;1296,1,60;1159,1,45;1023,1,71;1156,1,109;1315,1,222;1121,1,247;1333,1,157;1254,1,44;1003,1,122;1151,1,100
2908,1,1:1169,1,122
4600,1,1:1169,1,123
4601,3,5:1036,3,2,8,14;1169,1,125;1033,1,385
858,6,6:1101,1,62;1219,1,436;1022,1,124;1196,1,211;1156,1,352;1299,1,203
945,1,1:1101,1,101
3084,1,1:1101,1,103
1646,3,3:1101,1,107;1127,1,88;1370,1,110
2457,1,1:1101,1,168
2528,5,5:1101,1,169;1083,1,91;1225,1,51;1205,1,287;1130,1,186
2549,3,6:1398,3,2,12,29;1120,2,6,16;1075,1,118
344,10,11:1398,2,55,68;1217,1,86;1357,1,65;1232,1,73;1195,1,85;1114,1,256;1223,1,145;1049,1,193;1053,1,197;1065,1,156
2603,6,12:1398,3,56,66,79;1227,3,57,130,141;1228,3,55,116,125;1024,1,227;1119,1,243;1327,1,238
787,2,3:1088,2,99,122;1398,1,64
4602,1,2:1398,2,72,92
747,3,3:1284,1,30;1163,1,261;1123,1,25
3929,2,3:1293,2,138,152;1284,1,41
851,23,30:1213,3,137,176,207;1172,3,56,78,232;1200,2,118,165;1229,2,144,158;1056,2,192,202;1284,1,95;999,1,157;1015,1,241;1381,1,123;1107,1,99;1274,1,143;1195,1,170;1020,1,165;1040,1,217;1322,1,32;1114,1,177;1223,1,146;1395,1,52;1025,1,67;1134,1,226;1064,1,121;1384,1,81;1065,1,248
226,8,9:1315,2,54,85;1284,1,124;1191,1,72;1021,1,251;1327,1,115;1025,1,62;1276,1,188;1271,1,294
4603,1,1:1284,1,127
545,17,22:1309,3,4,15,94;1220,2,110,121;1202,2,59,95;1271,2,46,285;1284,1,131;1274,1,51;1149,1,25;1233,1,138;1196,1,122;1024,1,86;1267,1,35;1119,1,169;1235,1,117;1239,1,77;1242,1,77;1375,1,40;1277,1,113
2655,5,8:1293,4,33,69,129,170;1343,1,104;1263,1,47;1252,1,172;1205,1,259
3892,1,1:1293,1,43
1413,3,3:1293,1,61;1339,1,34;1032,1,303
4604,1,1:1293,1,66
1495,1,1:1293,1,70
2628,1,1:1293,1,189
2810,1,1:1376,1,22
3098,1,1:1376,1,24
1509,2,2:1376,1,62;1195,1,108
3131,2,2:1376,1,80;1088,1,226
1383,3,6:1220,3,7,22,40;1298,2,9,26;1378,1,84
2238,1,1:1294,1,56
720,4,9:1125,5,83,128,137,204,207;1369,2,96,131;1294,1,131;1130,1,37
4605,1,1:1294,1,134
4606,1,1:1294,1,141
3242,1,1:1294,1,142
2335,2,2:1294,1,143;1033,1,66
4607,1,1:1294,1,148
4608,1,1:1294,1,161
2400,2,2:1294,1,164;1320,1,180
4609,2,3:1373,2,3,15;1163,1,44
420,6,6:1373,1,30;1322,1,194;1024,1,185;1323,1,130;1245,1,102;1309,1,172
4610,1,1:1373,1,40
1767,1,1:1373,1,79
4228,1,1:1216,1,13
1928,1,1:1216,1,23
4146,1,1:1216,1,27
2901,1,1:1216,1,32
4611,1,1:1216,1,35
4612,1,1:1216,1,40
4613,2,2:1216,1,44;1008,1,294
4614,1,1:1216,1,45
4615,1,1:1216,1,46
4616,1,1:1216,1,55
4617,1,1:1216,1,57
4618,1,1:1216,1,62
4619,1,1:1216,1,64
1165,4,4:1216,1,67;1106,1,62;1137,1,92;1133,1,108
4620,1,1:1216,1,83
2267,1,1:1216,1,91
526,9,10:1156,2,106,133;1216,1,96;1232,1,67;1241,1,86;1322,1,243;1114,1,378;1047,1,32;1121,1,192;1157,1,85
4621,1,1:1216,1,106
2718,1,2:1216,2,111,125
4365,1,2:1216,2,114,147
1015,3,3:1216,1,122;1184,1,274;1128,1,94
4121,2,5:1259,4,2,10,24,43;1107,1,112
2684,3,3:1259,1,21;1115,1,23;1253,1,83
3368,1,1:1259,1,92
1511,2,2:1259,1,109;1156,1,79
2341,2,2:1259,1,112;1204,1,209
4622,2,2:1259,1,124;1130,1,188
4623,1,1:1259,1,130
4341,1,1:1259,1,132
1538,1,1:1179,1,103
4624,1,2:1075,2,1,14
4625,1,2:1075,2,6,19
1967,2,2:1075,1,28;1158,1,258
217,3,4:1083,2,80,103;1313,1,43;1203,1,195
318,5,5:1313,1,52;1062,1,73;1339,1,236;1111,1,192;1025,1,92
2308,3,3:1313,1,66;1381,1,30;1182,1,52
4052,3,3:1313,1,81;1111,1,158;1253,1,90
1734,2,3:1218,2,51,55;1313,1,88
256,6,7:1040,2,236,270;1313,1,107;1217,1,151;1372,1,58;1018,1,171;1310,1,55
4626,1,1:1313,1,108
1846,3,3:1313,1,114;1315,1,214;1363,1,83
3879,2,2:1313,1,119;1381,1,69
4627,1,2:1191,2,64,69
4628,2,2:1191,1,66;1383,1,68
4629,1,1:1191,1,89
4630,1,1:1191,1,98
4631,2,3:1361,2,45,117;1191,1,101
1252,2,2:1356,1,53;1192,1,37
402,3,3:1356,1,91;1017,1,27;1081,1,114
4632,1,2:1260,2,4,10
4633,1,1:1260,1,34
4328,1,2:1260,2,37,238
2395,1,8:1260,8,38,66,130,139,157,203,212,250
4634,2,2:1260,1,40;1217,1,67
2978,1,1:1260,1,48
1377,1,1:1260,1,77
4635,1,1:1260,1,90
4305,1,2:1260,2,110,179
4636,1,1:1260,1,174
4637,1,1:1260,1,198
4638,2,2:1260,1,210;1008,1,133
1142,6,7:1063,2,139,143;1260,1,213;1187,1,69;1245,1,93;1204,1,228;1032,1,232
893,6,7:1266,2,108,166;1260,1,220;1014,1,46;1237,1,107;1159,1,120;1345,1,71
4405,2,2:1260,1,222;1316,1,96
2937,2,2:1260,1,227;1235,1,121
3385,1,1:1260,1,230
4639,1,1:1260,1,241
1913,1,1:1260,1,245
2669,3,3:1260,1,246;1266,1,168;1025,1,103
3607,1,1:1371,1,47
4640,1,1:1371,1,48
1255,8,13:1204,4,75,94,113,130;1371,2,75,107;1130,2,192,205;1217,1,123;1113,1,45;1156,1,35;1051,1,79;1088,1,93
4641,2,4:1217,3,56,115,130;1371,1,101
4642,1,1:1371,1,121
4643,1,3:1217,3,7,17,63
3264,3,3:1217,1,29;1024,1,136;1270,1,78
2896,1,1:1217,1,37
2647,2,2:1217,1,73;1381,1,119
4644,1,1:1217,1,83
4106,1,1:1217,1,109
1616,4,5:1242,2,10,22;1217,1,112;1232,1,181;1327,1,27
4645,1,1:1217,1,138
4646,1,1:1217,1,139
2150,1,1:1217,1,140
3726,1,1:1217,1,141
4647,1,1:1217,1,142
4648,1,1:1217,1,144
1122,4,6:1054,3,134,166,212;1217,1,155;1157,1,217;1087,1,102
2081,2,3:1054,2,120,132;1217,1,157
4649,1,1:1217,1,161
2391,5,6:1158,2,171,239;1217,1,169;1241,1,112;1118,1,136;1033,1,81
4092,1,1:1217,1,177
4650,1,1:1305,1,47
3141,1,3:1305,3,58,111,165
4651,1,1:1305,1,68
4652,1,1:1305,1,69
1611,2,3:1305,2,83,181;1266,1,36
1081,2,2:1305,1,95;1236,1,53
280,2,2:1305,1,100;1032,1,160
1939,4,4:1305,1,102;1114,1,252;1214,1,88;1270,1,50
4653,1,1:1305,1,124
4654,1,1:1305,1,125
3998,1,1:1305,1,126
3956,1,1:1305,1,127
1221,2,3:1305,2,198,211;1372,1,41
2811,2,2:1305,1,201;1372,1,20
1458,1,1:1305,1,221
4655,1,1:1372,1,59
2731,1,3:1366,3,4,19,112
651,4,8:1366,3,11,26,35;1252,3,16,34,55;1192,1,54;1109,1,34
1596,9,16:1366,4,43,71,76,98;1130,3,5,14,29;1108,2,102,113;1203,2,103,130;1006,1,142;1199,1,181;1050,1,177;1367,1,103;1182,1,80
691,8,8:1366,1,44;1155,1,105;1263,1,112;1049,1,51;1053,1,51;1309,1,197;1280,1,27;1203,1,49
1905,3,3:1366,1,77;1298,1,49;1033,1,398
915,9,27:1033,16,6,14,26,57,74,176,217,257,290,357,372,416,428,477,498,612;1328,3,12,31,52;1184,2,238,287;1366,1,82;999,1,136;1155,1,176;1046,1,57;1114,1,389;1002,1,37
4656,1,1:1366,1,127
4657,2,4:1279,3,2,12,30;1236,1,41
3209,1,1:1279,1,21
3210,1,1:1279,1,22
4658,1,1:1279,1,36
1720,4,5:1211,2,112,129;1279,1,56;1014,1,132;1120,1,47
2356,4,5:1211,2,113,130;1279,1,57;1014,1,133;1120,1,48
445,1,1:1279,1,59
1896,8,13:1250,3,7,15,41;1271,3,30,159,199;1277,2,44,197;1394,1,29;1274,1,72;1218,1,144;1262,1,39;1334,1,6
2154,1,1:1394,1,42
2883,1,1:1394,1,56
836,5,7:1397,3,45,72,95;1394,1,71;1343,1,79;1241,1,300;1051,1,24
1247,8,13:1085,4,1,12,102,163;1013,3,4,15,27;1333,1,118;1027,1,229;1308,1,156;1125,1,245;1056,1,214;1202,1,190
1019,4,4:1013,1,29;1034,1,124;1008,1,213;1384,1,119
1323,1,1:1013,1,36
774,11,18:1056,4,3,26,168,180;999,3,5,23,54;1110,3,13,28,50;1013,1,47;1104,1,87;1017,1,115;1198,1,91;1199,1,165;1134,1,108;1029,1,61;1030,1,156
2460,3,3:1013,1,67;1319,1,186;1057,1,56
1298,2,4:1034,2,4,27;1006,2,69,260
2450,3,5:1034,3,22,45,68;1208,1,103;1008,1,122
4659,5,8:1034,3,23,46,69;1033,2,581,593;1077,1,84;1006,1,162;1040,1,131
4660,5,8:1058,3,18,37,138;1308,2,37,83;1034,1,79;1035,1,65;1033,1,234
3416,2,2:1034,1,86;1318,1,56
3293,1,1:1034,1,94
2611,2,2:1034,1,95;1024,1,186
114,11,12:1198,2,20,49;1034,1,98;1193,1,141;1241,1,117;1110,1,174;1194,1,7;1112,1,121;1033,1,399;1060,1,165;1129,1,76;1161,1,184
183,4,7:1033,4,160,394,511,531;1034,1,115;1077,1,81;1039,1,155
4661,1,1:1034,1,150
1433,2,3:1046,2,69,119;1034,1,151
442,2,2:1076,1,28;1344,1,44
1057,5,5:1076,1,56;1033,1,255;1008,1,93;1230,1,129;1362,1,84
4662,2,2:1076,1,72;1078,1,124
2750,3,10:1062,6,15,35,69,75,162,200;1076,2,96,239;1146,2,187,204
4663,3,9:1076,4,98,245,258,287;1317,4,14,30,60,141;1146,1,175
1180,1,2:1076,2,108,303
4664,1,1:1076,1,140
4665,1,1:1076,1,142
4666,1,1:1076,1,178
2504,4,5:1076,2,181,235;1109,1,48;1322,1,66;1028,1,130
4667,1,1:1076,1,193
2929,2,2:1076,1,203;1156,1,288
4668,2,2:1076,1,251;1146,1,219
4669,2,2:1076,1,261;1060,1,150
4670,1,1:1076,1,268
1897,2,3:1076,2,273,277;1250,1,28
4671,1,2:1076,2,300,315
2279,1,1:1076,1,316
4672,3,3:1076,1,319;1146,1,160;1163,1,117
3173,7,11:1033,4,91,170,195,419;1322,2,56,225;1076,1,323;1017,1,60;1296,1,64;1121,1,230;1065,1,120
801,9,21:1119,8,54,66,79,90,100,160,195,232;1299,4,40,43,56,59;1276,3,70,85,195;1076,1,324;1017,1,61;1326,1,77;1275,1,97;1163,1,106;1087,1,239
2349,3,3:1102,1,34;1106,1,171;1361,1,64
4673,5,8:1106,3,10,22,29;1105,2,15,32;1102,1,37;1158,1,196;1361,1,70
1823,3,3:1102,1,52;1039,1,99;1132,1,159
1781,3,5:1106,3,58,65,162;1102,1,79;1367,1,53
849,3,3:1103,1,32;1219,1,181;1023,1,81
510,2,2:1103,1,41;1028,1,284
1950,8,9:1192,2,5,17;1014,1,38;1343,1,36;1220,1,71;1111,1,95;1307,1,30;1118,1,31;1119,1,80
1917,5,5:1192,1,87;1296,1,42;1235,1,141;1158,1,148;1064,1,78
1385,1,4:1192,4,89,125,150,166
4674,1,2:1192,2,97,177
4675,1,1:1192,1,106
4676,1,1:1192,1,131
1986,2,2:1192,1,146;1030,1,178
1788,1,1:1192,1,154
1258,9,15:1116,4,11,25,45,202;1058,3,6,25,49;1269,2,35,42;1192,1,163;1035,1,68;1078,1,177;1295,1,141;1159,1,151;1245,1,138
279,4,5:1192,2,175,375;1233,1,108;1033,1,553;1086,1,48
652,9,11:1192,2,210,272;1213,2,84,187;1014,1,97;1006,1,102;1332,1,70;1221,1,118;1119,1,84;1229,1,137;1203,1,226
1326,2,2:1192,1,213;1187,1,61
1056,1,2:1192,2,221,288
2211,10,11:1008,2,253,274;1192,1,231;1024,1,221;1037,1,101;1227,1,46;1125,1,116;1228,1,44;1054,1,79;1185,1,196;1128,1,90
1287,4,5:1192,2,234,364;1051,1,121;1172,1,244;1064,1,71
1966,1,1:1192,1,253
1749,1,1:1192,1,290
1387,1,1:1192,1,295
4677,1,1:1192,1,330
80,2,3:1192,2,333,408;1156,1,58
1381,3,5:1192,2,379,399;1156,2,305,329;1276,1,124
1998,4,4:1192,1,410;1295,1,82;1156,1,147;1268,1,144
1311,1,1:1192,1,411
1129,2,2:1192,1,429;1121,1,155
1745,5,5:1192,1,453;1155,1,115;1025,1,86;1027,1,181;1129,1,127
663,2,6:1390,3,1,7,16;1006,3,95,116,122
4678,1,3:1390,3,6,12,21
1183,2,2:1390,1,24;1238,1,124
1029,12,15:1083,2,173,184;1239,2,97,184;1310,2,88,122;1390,1,29;1063,1,64;1295,1,113;1208,1,224;1224,1,129;1225,1,130;1026,1,84;1324,1,55;1183,1,177
4679,1,3:1390,3,34,61,68
4680,1,1:1390,1,80
2872,2,2:1330,1,25;1157,1,105
1842,2,3:1330,2,48,205;1309,1,33
4681,1,1:1330,1,178
1437,7,10:1051,4,1,6,83,107;1316,1,29;1261,1,79;1306,1,94;1198,1,40;1200,1,46;1367,1,42
4019,3,3:1316,1,30;1318,1,57;1161,1,279
4682,1,1:1316,1,71
659,2,2:1316,1,73;1146,1,55
1746,3,3:1316,1,76;1261,1,21;1033,1,289
4683,1,1:1316,1,77
2543,1,1:1316,1,78
1300,2,2:1316,1,82;1333,1,190
2581,8,9:1059,2,12,36;1316,1,85;1383,1,69;1006,1,56;1020,1,35;1269,1,74;1229,1,212;1057,1,68
661,1,1:1316,1,86
3520,1,2:1316,2,87,95
879,10,25:1049,4,126,145,190,225;1053,4,129,148,194,230;1311,4,6,18,37,147;1035,3,108,127,177;1392,3,4,10,25;1014,2,28,85;1172,2,71,268;1006,1,107;1252,1,124;1086,1,44
2210,2,2:1014,1,74;1087,1,60
3454,1,1:1014,1,76
1586,8,10:1211,2,168,215;1122,2,182,208;1014,1,96;1015,1,92;1149,1,100;1045,1,164;1196,1,71;1003,1,127
803,5,5:1014,1,107;1111,1,78;1156,1,132;1276,1,117;1031,1,124
2004,1,1:1014,1,110
1208,7,8:1033,2,80,271;1014,1,114;1193,1,114;1295,1,144;1241,1,267;1184,1,183;1171,1,93
2110,2,3:1118,2,5,10;1014,1,119
1467,8,10:1263,2,32,119;1128,2,113,122;1014,1,120;1058,1,119;1079,1,185;1146,1,86;1030,1,245;1060,1,178
1711,1,1:1250,1,19
1756,4,12:1121,9,4,9,15,21,104,157,170,217,259;1250,1,24;1119,1,138;1028,1,150
2393,3,8:999,4,16,34,45,146;1015,2,127,195;1000,2,101,129
2892,1,1:999,1,59
1878,2,2:999,1,84;1050,1,102
1262,2,2:999,1,86;1160,1,225
1715,2,2:999,1,90;1339,1,178
2155,1,1:999,1,172
1777,2,2:1015,1,232;1218,1,65
1477,2,3:1000,2,82,138;1015,1,233
1396,10,10:1015,1,249;1078,1,296;1237,1,48;1155,1,93;1196,1,233;1331,1,169;1225,1,104;1254,1,100;1064,1,103;1320,1,149
1624,4,4:1000,1,46;1295,1,65;1006,1,160;1263,1,108
311,14,26:1033,6,46,73,175,252,291,356;1194,3,13,77,116;1159,3,29,63,133;1265,2,46,53;1208,2,181,201;1124,2,116,131;1000,1,89;1155,1,159;1111,1,84;1359,1,40;1158,1,48;1226,1,38;1151,1,46;1087,1,307
1212,3,6:1058,4,4,23,47,169;1033,1,425;1123,1,14
2936,5,11:1058,4,14,33,132,157;1324,3,15,30,125;1308,2,86,94;1274,1,160;1033,1,617
2563,4,4:1058,1,59;1315,1,221;1050,1,82;1276,1,144
2791,1,1:1058,1,83
4684,1,1:1058,1,129
3904,1,1:1058,1,131
3553,1,1:1035,1,81
3341,1,1:1035,1,83
4685,1,1:1035,1,129
4686,3,3:1035,1,202;1049,1,245;1053,1,250
166,2,4:1036,3,3,9,15;1124,1,107
833,5,10:1006,3,139,175,298;1254,3,6,12,28;1307,2,85,135;1036,1,38;1193,1,108
3374,1,3:1077,3,19,44,72
4687,1,1:1077,1,66
2174,1,1:1077,1,68
4688,1,1:1077,1,104
4689,2,2:1077,1,134;1322,1,129
4690,1,1:1077,1,139
872,3,5:1261,3,4,9,17;1274,1,159;1360,1,33
4691,2,12:1261,9,5,10,18,34,65,70,73,77,100;1047,3,16,46,65
2993,3,3:1261,1,28;1383,1,61;1033,1,666
4692,1,2:1261,2,33,54
3987,1,1:1261,1,40
1744,4,4:1261,1,69;1211,1,134;1241,1,118;1369,1,75
2321,2,2:1261,1,78;1329,1,76
1016,8,17:1193,3,2,10,27;1082,3,1,7,20;1155,3,6,19,30;1194,2,1,4;1112,2,2,6;1331,2,1,9;1261,1,81;1299,1,82
2775,3,3:1261,1,84;1121,1,253;1214,1,103
157,1,1:1261,1,87
676,12,26:1116,4,59,85,165,228;1199,4,9,20,77,183;1254,4,5,11,79,93;1104,3,7,15,38;1342,2,58,78;1050,2,123,138;1367,2,63,84;1238,1,51;1198,1,38;1268,1,52;1200,1,44;1002,1,67
2600,2,2:1104,1,50;1236,1,121
2601,2,2:1104,1,52;1236,1,123
4693,1,1:1104,1,70
285,5,5:1104,1,99;1006,1,49;1275,1,98;1054,1,47;1055,1,57
1448,6,6:1104,1,102;1199,1,172;1049,1,66;1200,1,85;1360,1,64;1008,1,124
45,15,39:1016,5,8,31,119,182,197;1056,5,10,33,83,198,210;1381,4,40,71,129,149;1361,4,3,14,29,75;1059,3,8,32,129;1318,3,33,49,130;1024,3,120,128,141;1124,3,11,22,65;1110,2,185,194;1026,2,12,24;1233,1,173;1227,1,72;1228,1,70;1230,1,111;1032,1,109
1827,6,14:1119,5,15,44,112,236,271;1016,2,78,85;1146,2,186,203;1317,2,122,129;1344,2,142,184;1059,1,87
2282,3,4:1079,2,53,132;1059,1,88;1321,1,69
1048,1,1:1059,1,94
2201,2,2:1016,1,83;1003,1,170
3366,2,3:1056,2,23,46;1016,1,103
783,5,8:1264,4,67,124,137,143;1016,1,172;1219,1,76;1159,1,213;1384,1,45
2475,1,1:1016,1,174
839,7,25:1229,9,11,15,35,39,70,74,148,161,179;1213,8,11,22,44,125,140,179,210,229;1159,3,155,183,215;1230,2,49,88;1016,1,177;1381,1,90;1343,1,87
1902,3,3:1016,1,179;1381,1,93;1017,1,73
3266,1,1:1016,1,187
1181,5,9:1078,4,150,267,276,298;1033,2,475,526;1016,1,189;1017,1,70;1056,1,150
2196,3,3:1016,1,191;1227,1,62;1228,1,60
1548,2,6:1078,3,18,43,76;1063,3,152,163,251
2721,4,4:1078,1,151;1110,1,224;1064,1,94;1361,1,83
1594,4,6:1318,3,72,167,216;1078,1,158;1040,1,276;1204,1,247
2371,2,5:1078,3,178,225,293;1119,2,163,199
1926,3,3:1078,1,234;1317,1,40;1334,1,26
182,3,3:1078,1,257;1033,1,124;1236,1,58
4694,1,1:1078,1,272
2376,7,20:1146,4,8,28,68,149;1327,4,55,62,75,183;1062,3,8,28,55;1339,3,5,12,22;1028,3,116,126,154;1079,2,7,25;1358,1,129
4695,2,4:1079,3,14,32,50;1062,1,186
781,2,6:1268,4,5,10,24,69;1079,2,18,36
2286,4,6:1079,3,49,135,147;1062,1,93;1317,1,121;1381,1,155
4096,1,1:1079,1,83
1757,3,4:1079,2,88,99;1146,1,51;1315,1,57
4696,1,1:1079,1,166
4697,1,1:1079,1,190
599,4,8:1062,5,13,33,67,168,215;1264,1,94;1309,1,30;1131,1,55
3246,1,2:1062,2,20,40
859,4,8:1048,4,15,29,50,57;1062,2,127,135;1121,1,56;1064,1,113
4309,2,3:1062,2,164,191;1020,1,55
4698,2,3:1062,2,167,194;1064,1,70
4699,2,4:1062,3,178,210,230;1080,1,116
2133,1,1:1062,1,188
4700,1,1:1062,1,189
4701,1,1:1062,1,212
1919,5,6:1262,2,107,110;1062,1,214;1110,1,207;1124,1,87;1334,1,50
306,1,1:1062,1,221
4702,1,1:1146,1,79
4703,1,1:1146,1,84
4704,1,1:1146,1,85
2861,2,2:1146,1,89;1264,1,133
1108,5,8:1037,3,11,37,106;1146,2,108,128;1219,1,517;1110,1,108;1212,1,34
2419,2,3:1146,2,123,136;1006,1,273
3407,3,3:1146,1,135;1083,1,197;1065,1,179
1351,6,13:1339,8,42,70,85,98,162,174,203,253;1146,1,158;1108,1,41;1115,1,74;1307,1,50;1254,1,112
3838,2,7:1317,6,1,17,39,62,109,125;1146,1,162
4705,1,1:1146,1,191
4706,2,2:1146,1,194;1317,1,118
4707,1,1:1146,1,206
4708,1,2:1317,2,7,23
4709,1,2:1317,2,8,24
387,1,1:1317,1,34
4710,1,1:1317,1,64
4711,1,1:1317,1,72
4712,1,1:1317,1,80
1817,2,5:1151,4,4,12,52,58;1317,1,85
4713,1,2:1317,2,86,140
4714,2,3:1317,2,87,113;1122,1,151
4715,1,1:1317,1,91
4716,2,2:1317,1,101;1028,1,184
2424,2,2:1317,1,111;1064,1,69
589,1,1:1317,1,128
4717,1,2:1381,2,1,9
3601,1,1:1381,1,37
3602,1,1:1381,1,38
4718,1,1:1381,1,67
4719,1,1:1381,1,107
1701,5,5:1381,1,109;1322,1,212;1022,1,63;1084,1,172;1320,1,35
2318,1,1:1381,1,122
4720,1,1:1381,1,161
3914,3,3:1381,1,163;1116,1,161;1126,1,181
4721,2,4:1017,2,35,63;1107,2,8,17
952,1,1:1017,1,36
4722,1,1:1017,1,44
2225,1,2:1017,2,68,71
4723,1,1:1106,1,85
4724,1,1:1106,1,174
4725,1,1:1106,1,181
3119,1,1:1080,1,92
1895,2,8:1080,5,97,102,119,147,159;1286,3,11,24,35
2095,2,2:1080,1,100;1114,1,306
1294,4,4:1080,1,158;1149,1,108;1241,1,92;1329,1,57
4726,1,1:1383,1,17
3008,1,1:1383,1,25
4727,1,1:1383,1,27
4728,1,1:1383,1,30
2229,1,2:1383,2,34,64
4729,1,1:1383,1,35
4730,2,2:1383,1,43;1362,1,71
1534,1,1:1383,1,45
1465,2,2:1383,1,46;1392,1,14
3404,1,1:1383,1,49
4731,1,1:1383,1,57
4732,1,1:1383,1,72
794,1,1:1383,1,76
1217,6,9:1309,3,3,14,93;1368,2,51,116;1024,1,93;1252,1,130;1028,1,69;1277,1,112
1731,1,1:1368,1,59
4733,1,1:1368,1,112
1637,2,2:1368,1,113;1157,1,230
4734,1,2:1368,2,192,287
3038,1,1:1368,1,193
1758,1,1:1285,1,15
791,1,1:1107,1,38
3092,1,1:1357,1,31
3957,1,1:1357,1,32
4278,1,1:1357,1,62
1719,2,5:1211,3,4,12,19;1233,2,38,251
2482,7,13:1211,3,44,90,153;1342,3,26,61,73;1018,2,103,109;1026,2,58,92;1232,1,184;1065,1,131;1311,1,127
4735,1,1:1211,1,97
2215,3,4:1211,2,106,159;1006,1,181;1003,1,86
4736,1,1:1211,1,115
2213,2,2:1211,1,161;1021,1,287
2186,1,1:1211,1,163
4737,2,7:1219,5,123,381,420,553,574;1211,2,170,212
1955,7,7:1211,1,173;1264,1,27;1156,1,293;1116,1,42;1254,1,114;1344,1,60;1230,1,130
866,2,2:1211,1,191;1364,1,102
1065,6,11:1232,4,65,79,101,120;1211,2,193,218;1122,2,62,117;1342,1,97;1045,1,117;1151,1,201
2968,1,1:1211,1,197
1813,4,6:1196,3,183,193,291;1211,1,205;1342,1,47;1130,1,164
4738,1,1:1274,1,49
2866,2,2:1274,1,50;1310,1,144
3206,2,4:1197,3,1,18,65;1274,1,64
1367,3,3:1274,1,98;1295,1,53;1160,1,61
4739,2,2:1274,1,99;1319,1,36
4740,2,2:1274,1,100;1342,1,36
4741,2,4:1324,3,7,22,40;1274,1,102
490,3,3:1274,1,135;1108,1,89;1033,1,96
1363,1,1:1274,1,140
4742,1,1:1274,1,146
4743,1,1:1274,1,157
4744,1,1:1274,1,161
2886,1,1:1274,1,165
1610,4,4:1193,1,36;1082,1,25;1155,1,209;1306,1,67
4745,1,1:1193,1,39
828,9,31:1369,6,5,14,37,84,94,153;1200,5,10,21,55,87,112;1306,4,10,26,76,101;1193,3,42,76,79;1112,3,39,45,84;1275,3,12,25,38;1117,3,12,25,92;1331,3,61,145,163;1115,1,32
4746,1,1:1193,1,50
1699,4,5:1018,2,161,165;1193,1,53;1082,1,52;1392,1,104
842,12,17:1203,5,61,67,149,156,200;1314,2,34,45;1193,1,54;1342,1,86;1241,1,216;1117,1,89;1171,1,221;1120,1,58;1254,1,86;1360,1,31;1085,1,154;1041,1,77
973,5,9:1050,4,7,16,28,114;1315,2,79,92;1193,1,100;1367,1,78;1185,1,80
1427,1,1:1193,1,101
4385,1,1:1193,1,140
3136,3,4:1271,2,45,284;1297,1,36;1131,1,72
2740,1,1:1297,1,74
2654,3,4:1297,2,93,139;1359,1,71;1131,1,108
4747,1,1:1297,1,121
4748,1,1:1297,1,189
2552,1,1:1297,1,196
1907,2,4:1335,3,12,31,216;1297,1,197
128,4,6:1363,2,95,132;1320,2,94,140;1297,1,213;1183,1,173
4749,1,2:1218,2,16,177
4750,1,2:1218,2,18,179
1981,1,1:1218,1,22
2077,5,5:1218,1,70;1219,1,173;1374,1,34;1214,1,110;1086,1,79
1186,2,3:1218,2,110,182;1319,1,144
1099,4,4:1218,1,113;1109,1,26;1208,1,196;1205,1,261
778,8,11:1271,3,149,202,300;1229,2,195,207;1218,1,138;1221,1,66;1156,1,347;1268,1,90;1280,1,41;1375,1,31
2778,3,4:1208,2,138,153;1218,1,168;1375,1,62
2792,4,5:1322,2,70,97;1321,1,52;1063,1,255;1296,1,58
2681,2,2:1321,1,121;1296,1,90
1109,5,8:1209,3,4,13,95;1040,2,82,263;1157,1,189;1299,1,96;1231,1,153
4295,2,4:1241,3,178,220,272;1209,1,127
1550,1,4:1314,4,7,17,24,123
2724,1,1:1314,1,37
559,8,17:1087,6,14,40,209,224,250,285;1314,2,77,99;1063,2,219,235;1263,2,79,125;1083,2,110,131;1195,1,81;1114,1,377;1226,1,76
2579,1,1:1018,1,96
3123,6,13:1157,4,21,45,68,104;1037,4,14,40,92,205;1119,2,134,248;1018,1,163;1024,1,250;1395,1,30
2732,3,3:1018,1,168;1315,1,73;1384,1,75
4389,2,2:1018,1,173;1225,1,161
690,7,19:1254,5,4,10,78,127,146;1198,4,4,9,22,51;1326,3,6,13,20;1051,3,2,7,108;1342,2,1,6;1268,1,162;1050,1,99
1191,1,1:1342,1,105
4751,1,1:1108,1,48
642,4,7:1332,4,4,13,29,118;1108,1,76;1006,1,300;1203,1,141
2487,3,6:1331,3,7,15,28;1200,2,143,180;1108,1,90
1584,1,2:1108,2,98,111
2111,1,1:1108,1,101
4752,1,1:1108,1,107
4753,1,1:1108,1,109
1084,1,1:1108,1,118
1657,8,13:1311,3,7,19,38;1084,2,43,60;1151,2,34,241;1132,2,163,187;1109,1,72;1252,1,125;1205,1,134;1038,1,78
2766,1,1:1109,1,79
4754,1,1:1109,1,81
346,4,5:1203,2,33,207;1109,1,91;1112,1,124;1236,1,47
1175,1,1:1109,1,118
2708,2,3:1006,2,7,27;1109,1,136
2179,1,4:1149,4,5,12,19,142
4755,3,6:1149,4,6,13,53,143;1197,1,88;1119,1,172
554,1,1:1149,1,23
4756,1,1:1149,1,37
3603,3,3:1149,1,39;1309,1,121;1128,1,44
1717,5,8:1082,4,91,122,141,153;1149,1,41;1241,1,93;1327,1,122;1122,1,59
1022,1,1:1149,1,87
4757,1,1:1149,1,105
2644,1,1:1149,1,128
2710,1,1:1082,1,38
3887,1,1:1082,1,40
4758,1,2:1082,2,46,83
4759,1,1:1082,1,48
920,1,1:1082,1,57
4760,1,1:1082,1,62
4761,1,1:1082,1,63
863,1,2:1082,2,65,69
864,1,1:1082,1,67
2814,3,3:1082,1,109;1197,1,205;1270,1,62
2815,1,1:1082,1,110
1346,2,2:1082,1,123;1200,1,153
1207,5,11:1339,5,6,13,23,106,181;1318,3,6,13,21;1137,1,42;1114,1,349;1320,1,56
906,2,2:1318,1,55;1008,1,264
2103,3,4:1241,2,66,133;1318,1,61;1118,1,89
1114,2,2:1318,1,67;1225,1,80
1228,1,1:1318,1,98
1921,2,2:1318,1,120;1310,1,27
4762,1,1:1318,1,140
1220,2,7:1156,6,4,12,27,227,316,391;1318,1,202
1062,10,11:1055,2,151,171;1318,1,259;1195,1,97;1208,1,107;1235,1,213;1037,1,194;1150,1,47;1029,1,99;1182,1,91;1087,1,123
4763,1,1:1343,1,31
4764,1,1:1343,1,32
1689,4,4:1343,1,44;1213,1,105;1309,1,165;1229,1,123
771,2,2:1343,1,52;1230,1,108
487,1,1:1343,1,55
4765,1,1:1343,1,105
600,1,1:1358,1,89
2967,1,1:1358,1,94
2496,5,6:1335,2,137,149;1358,1,106;1006,1,163;1328,1,77;1133,1,68
1444,3,3:1358,1,117;1220,1,126;1137,1,51
1776,4,5:1266,2,119,127;1232,1,118;1048,1,105;1205,1,218
1205,1,1:1232,1,191
1750,3,7:1296,3,1,14,32;1063,2,10,22;1322,2,134,156
2124,4,7:1063,2,35,199;1308,2,70,123;1276,2,164,176;1171,1,129
4766,1,1:1063,1,37
4767,1,1:1063,1,137
4768,1,1:1063,1,138
4769,1,1:1063,1,150
4770,1,1:1063,1,161
4771,1,1:1063,1,177
3896,2,2:1063,1,178;1327,1,28
2785,1,3:1295,3,6,15,32
1320,1,3:1295,3,58,85,96
3207,1,3:1219,3,11,26,64
4772,1,1:1219,1,75
4773,1,1:1219,1,86
1640,4,5:1033,2,139,505;1219,1,95;1197,1,159;1121,1,202
1773,1,5:1219,5,106,312,357,495,521
2858,1,1:1219,1,142
4774,1,1:1219,1,159
4775,1,1:1219,1,160
4776,1,1:1219,1,168
4777,1,1:1219,1,205
418,2,3:1219,2,216,231;1268,1,134
1772,3,6:1219,4,218,267,278,448;1028,1,89;1133,1,67
4778,1,1:1219,1,353
1107,8,9:1040,2,80,261;1219,1,405;1208,1,83;1157,1,186;1205,1,252;1127,1,58;1229,1,150;1039,1,153
3044,1,1:1219,1,500
1446,2,2:1219,1,543;1040,1,232
2183,1,1:1219,1,558
4779,2,2:1219,1,570;1054,1,105
2364,1,4:1241,4,10,21,32,106
1521,2,4:1241,3,37,100,292;1128,1,142
2190,2,4:1048,3,2,5,100;1241,1,52
2274,3,3:1241,1,58;1262,1,115;1087,1,72
405,7,7:1241,1,60;1156,1,239;1121,1,246;1268,1,43;1157,1,173;1309,1,129;1334,1,37
1416,1,1:1241,1,64
2049,1,2:1241,2,88,246
1229,1,1:1241,1,163
1125,10,14:1241,3,198,217,251;1197,2,14,31;1335,2,138,326;1155,1,139;1110,1,105;1315,1,237;1239,1,152;1060,1,109;1066,1,71;1131,1,174
4780,1,1:1241,1,243
4781,1,1:1241,1,258
2118,1,2:1155,2,12,25
841,3,8:1306,4,7,23,59,117;1112,3,3,7,32;1155,1,39
4782,1,1:1155,1,121
156,4,5:1155,2,145,188;1023,1,44;1150,1,82;1032,1,115
252,1,1:1155,1,146
4116,1,2:1155,2,148,179
1164,3,3:1155,1,163;1271,1,193;1032,1,102
2158,2,2:1155,1,216;1117,1,40
1959,1,1:1006,1,41
967,3,5:1397,3,6,12,25;1006,1,44;1130,1,303
4783,1,1:1006,1,52
3093,1,1:1006,1,113
2388,1,1:1006,1,165
2297,1,1:1006,1,183
2744,1,1:1006,1,235
4784,1,1:1006,1,268
4785,1,1:1006,1,282
104,4,4:1006,1,320;1022,1,24;1187,1,39;1214,1,99
3656,1,1:1006,1,322
4786,1,2:1110,2,10,25
308,3,5:1134,2,19,39;1231,2,14,29;1110,1,45
290,2,2:1110,1,79;1118,1,138
260,4,4:1110,1,82;1111,1,73;1253,1,55;1320,1,50
1161,3,3:1110,1,91;1032,1,91;1270,1,90
2550,1,3:1110,3,125,144,201
982,6,11:1276,4,9,23,32,215;1038,3,13,27,32;1110,1,138;1114,1,60;1171,1,176;1327,1,65
3117,4,9:1322,4,11,26,45,55;1268,3,98,139,163;1110,1,208;1026,1,108
4787,1,1:1110,1,209
2102,1,1:1110,1,214
4788,1,1:1110,1,218
4789,1,1:1110,1,226
1546,1,1:1110,1,229
1726,1,1:1194,1,33
1785,2,3:1194,2,44,71;1344,1,113
4790,3,4:1194,2,64,84;1198,1,137;1115,1,50
1001,1,1:1194,1,101
4791,1,1:1194,1,110
2522,1,1:1194,1,112
1828,1,1:1194,1,118
2167,1,1:1194,1,125
4792,1,2:1195,2,28,89
4793,1,1:1195,1,48
4794,1,1:1195,1,60
991,2,2:1195,1,128;1384,1,94
4795,1,1:1195,1,160
1219,3,16:1156,12,104,112,121,128,167,185,198,201,249,291,319,354;1220,3,50,82,102;1298,1,46
4796,1,1:1220,1,97
1778,1,1:1220,1,115
4797,1,1:1339,1,33
2100,1,8:1339,8,39,99,163,175,189,206,238,265
552,1,1:1339,1,51
1649,3,4:1339,2,68,128;1163,1,121;1311,1,43
4798,1,1:1339,1,101
2970,4,4:1339,1,143;1233,1,222;1212,1,66;1182,1,41
1963,2,4:1339,3,172,186,255;1008,1,183
1622,6,7:1173,2,52,55;1339,1,216;1326,1,42;1315,1,185;1242,1,28;1085,1,119
89,4,4:1339,1,280;1397,1,106;1121,1,60;1161,1,93
3393,1,2:1326,2,28,81
194,2,2:1019,1,41;1311,1,176
195,2,2:1019,1,42;1311,1,177
196,2,2:1019,1,44;1311,1,179
204,1,1:1019,1,69
207,1,3:1019,3,80,107,124
1035,2,2:1019,1,83;1156,1,300
565,3,4:1277,2,2,10;1019,1,134;1245,1,203
4027,1,1:1020,1,56
4799,1,1:1020,1,82
4800,1,1:1020,1,84
3469,1,1:1020,1,126
3133,1,1:1020,1,134
4209,1,1:1020,1,186
237,3,4:1122,2,213,232;1020,1,198;1045,1,118
1508,3,3:1020,1,232;1233,1,169;1065,1,253
4801,1,1:1020,1,236
4802,1,1:1045,1,39
3003,2,2:1045,1,65;1057,1,39
4803,1,1:1045,1,170
3653,2,2:1045,1,236;1041,1,64
4804,1,2:1262,2,4,15
2028,2,2:1262,1,98;1087,1,88
4805,1,1:1262,1,104
4806,1,1:1262,1,109
2191,1,3:1262,3,116,170,195
3555,1,1:1262,1,120
3773,1,1:1262,1,125
2554,1,1:1262,1,201
649,2,3:1332,2,34,120;1084,1,47
4807,1,1:1332,1,38
4808,1,1:1332,1,41
97,7,8:1208,2,81,94;1332,1,71;1111,1,47;1083,1,161;1033,1,151;1128,1,174;1131,1,142
1278,5,8:1130,3,167,213,289;1087,2,24,50;1332,1,135;1199,1,39;1235,1,185
1072,4,4:1263,1,45;1198,1,95;1208,1,69;1267,1,41
4809,2,2:1263,1,164;1029,1,57
3860,1,3:1221,3,3,14,23
1242,16,46:1213,5,2,13,30,75,129;1384,5,2,4,46,55,88;1204,5,5,13,28,37,173;1033,4,53,106,167,503;1229,4,2,26,56,96;1230,4,7,18,28,43;1280,4,6,15,53,82;1221,3,11,22,35;1264,3,10,21,29;1182,2,6,13;1203,2,10,20;1322,1,149;1268,1,38;1050,1,56;1051,1,135;1236,1,133
2230,5,7:1158,2,32,173;1230,2,86,96;1221,1,42;1050,1,145;1364,1,93
1422,2,2:1221,1,43;1264,1,132
2022,5,5:1221,1,47;1264,1,125;1033,1,84;1226,1,169;1335,1,195
811,5,6:1221,2,83,106;1196,1,75;1213,1,94;1229,1,112;1280,1,54
378,1,1:1221,1,109
4810,1,1:1221,1,126
2255,2,2:1221,1,128;1084,1,52
1306,2,5:1040,3,9,27,73;1182,2,35,93
4811,1,2:1040,2,15,33
4399,1,2:1040,2,18,36
4812,1,1:1040,1,40
1486,2,2:1040,1,50;1039,1,134
4813,1,1:1040,1,58
4814,1,1:1040,1,65
4815,1,1:1040,1,67
2240,9,16:1228,3,10,24,37;1185,3,8,29,55;1128,3,11,31,65;1127,2,43,76;1040,1,81;1021,1,181;1024,1,220;1003,1,173;1054,1,69
1026,4,5:1163,2,51,170;1040,1,112;1205,1,111;1030,1,226
943,8,8:1040,1,118;1296,1,108;1023,1,109;1118,1,79;1119,1,42;1276,1,46;1158,1,198;1060,1,151
4816,1,1:1040,1,119
4817,1,1:1040,1,121
2140,1,1:1040,1,126
2564,2,2:1040,1,187;1033,1,631
4818,1,1:1040,1,211
629,1,2:1040,2,238,272
4819,1,1:1040,1,278
2025,3,3:1264,1,31;1230,1,37;1384,1,60
3766,1,1:1264,1,48
4820,5,22:1213,6,8,19,39,53,143,240;1384,6,1,3,8,27,42,67;1229,5,8,32,65,85,139;1204,4,57,100,115,136;1264,1,52
4821,1,1:1264,1,81
1096,1,1:1264,1,136
4822,1,1:1111,1,91
2447,1,1:1111,1,117
716,4,7:1111,3,127,134,161;1084,2,101,143;1367,1,45;1344,1,71
2171,1,1:1111,1,153
1358,7,9:1085,3,57,63,82;1111,1,171;1114,1,168;1156,1,418;1187,1,97;1253,1,91;1039,1,158
892,1,1:1111,1,181
233,2,3:1111,2,185,215;1245,1,68
84,5,5:1111,1,222;1334,1,64;1129,1,60;1320,1,151;1364,1,72
775,4,4:1111,1,232;1064,1,100;1310,1,46;1182,1,90
2260,1,3:1306,3,15,31,79
4823,1,1:1112,1,58
2719,2,2:1112,1,156;1213,1,203
1789,2,2:1137,1,43;1196,1,74
4824,1,1:1137,1,95
4825,1,1:1137,1,97
3994,1,1:1137,1,112
4826,1,2:1233,2,3,13
4827,1,1:1233,1,28
449,4,6:1055,3,10,24,35;1233,1,50;1021,1,211;1163,1,255
1055,2,2:1233,1,51;1119,1,57
2519,1,1:1233,1,116
4095,1,1:1233,1,126
4828,1,1:1233,1,131
4829,1,1:1233,1,134
446,4,6:1156,3,247,343,346;1233,1,135;1223,1,135;1359,1,48
4830,1,1:1233,1,136
4831,1,1:1233,1,148
2359,6,16:1008,6,9,26,47,53,91,176;1197,3,89,111,152;1120,3,9,19,90;1185,2,20,41;1233,1,167;1037,1,150
4832,1,1:1233,1,241
4833,1,1:1233,1,246
1202,1,1:1083,1,42
944,3,3:1083,1,108;1024,1,242;1064,1,123
1593,1,4:1322,4,94,169,182,264
4834,1,1:1322,1,127
1650,1,1:1322,1,180
2753,1,1:1322,1,199
4290,3,4:1322,2,217,237;1268,1,147;1039,1,173
1727,1,4:1113,4,6,16,52,80
2163,1,1:1222,1,49
1126,1,1:1222,1,108
4835,1,1:1021,1,35
4836,1,1:1021,1,82
717,2,4:1201,3,8,17,20;1021,1,90
1861,6,10:1227,3,11,26,39;1185,3,10,31,57;1021,1,112;1157,1,195;1228,1,157;1003,1,175
49,1,1:1021,1,148
3977,2,2:1021,1,160;1199,1,256
4837,1,1:1021,1,190
2246,1,1:1021,1,245
4838,1,1:1021,1,247
4839,1,1:1021,1,280
1105,2,2:1021,1,293;1252,1,70
679,4,6:1046,2,7,16;1050,2,147,193;1199,1,67;1051,1,128
680,3,5:1046,2,8,17;1050,2,124,156;1238,1,53
4840,1,1:1046,1,61
3115,1,1:1046,1,63
1833,1,1:1046,1,68
1590,1,1:1022,1,42
1067,2,2:1022,1,75;1084,1,96
284,2,2:1022,1,96;1311,1,130
286,1,1:1022,1,99
931,5,5:1022,1,139;1118,1,15;1205,1,110;1029,1,111;1030,1,33
4841,1,3:1251,3,2,5,15
4842,1,1:1251,1,29
4313,1,1:1251,1,44
1522,1,1:1251,1,65
1379,3,3:1251,1,69;1125,1,141;1204,1,217
1915,1,1:1251,1,76
4843,1,1:1251,1,78
3024,1,1:1265,1,25
4844,1,1:1265,1,87
4845,1,1:1265,1,88
496,1,1:1265,1,89
2683,1,1:1265,1,97
2837,1,2:1234,2,30,71
4846,1,2:1196,2,8,21
1167,2,2:1196,1,137;1359,1,117
1168,2,2:1196,1,138;1359,1,119
668,3,7:1196,3,202,223,297;1266,2,82,133;1277,2,135,187
4847,1,3:1196,3,252,261,281
704,1,1:1275,1,47
1491,1,1:1275,1,96
4848,1,1:1275,1,99
4849,1,1:1275,1,100
4850,2,3:1369,2,86,156;1331,1,123
4851,1,1:1369,1,100
3562,1,1:1114,1,26
4852,1,1:1114,1,65
4853,2,8:1121,7,5,10,12,33,102,158,266;1114,1,75
1267,3,3:1114,1,81;1327,1,252;1384,1,113
1042,1,1:1114,1,91
2202,1,3:1114,3,146,165,203
4854,1,1:1114,1,197
1945,5,5:1114,1,257;1056,1,230;1151,1,139;1129,1,153;1173,1,191
4855,1,1:1114,1,291
4856,1,1:1114,1,292
1884,1,1:1114,1,299
4857,1,1:1114,1,312
665,2,2:1114,1,360;1307,1,168
2220,1,1:1114,1,414
909,3,4:1197,2,62,200;1184,1,249;1311,1,115
914,2,2:1197,1,83;1311,1,91
4858,1,1:1197,1,121
4859,1,1:1197,1,132
1078,2,3:1327,2,142,156;1197,1,134
4860,1,1:1197,1,204
897,1,1:1238,1,25
706,5,5:1238,1,80;1048,1,124;1029,1,51;1324,1,99;1271,1,131
4861,1,1:1238,1,100
91,2,2:1238,1,109;1236,1,51
4862,1,2:1159,2,47,235
2451,2,2:1159,1,51;1084,1,114
1434,1,1:1159,1,53
4863,1,1:1159,1,56
1068,4,4:1159,1,75;1331,1,42;1276,1,165;1030,1,296
4864,1,1:1159,1,160
2288,2,2:1159,1,168;1184,1,108
4865,1,1:1159,1,172
1332,7,8:1160,2,87,238;1159,1,225;1115,1,73;1307,1,49;1276,1,98;1085,1,94;1161,1,105
4866,1,1:1159,1,232
687,3,3:1159,1,242;1334,1,27;1319,1,93
3923,2,11:1084,7,3,14,49,80,100,117,142;1023,4,2,8,15,94
1620,1,1:1023,1,58
4867,2,2:1023,1,92;1033,1,543
3764,3,3:1156,1,25;1185,1,232;1131,1,136
1400,2,3:1276,2,7,21;1156,1,26
1786,1,2:1156,2,49,244
566,3,7:1319,4,53,77,141,179;1156,2,62,72;1324,1,52
1218,1,1:1156,1,118
1498,2,2:1156,1,138;1051,1,52
1210,1,1:1156,1,140
1024,1,1:1156,1,157
4868,1,1:1156,1,160
1572,2,6:1156,5,170,188,219,275,398;1307,1,98
4085,1,1:1156,1,222
4379,1,1:1156,1,261
860,4,4:1156,1,284;1397,1,102;1203,1,142;1161,1,265
247,4,4:1156,1,296;1266,1,56;1253,1,125;1310,1,133
2666,1,1:1156,1,303
1457,2,4:1156,3,310,330,384;1124,1,139
1291,1,2:1156,2,321,356
1571,2,2:1156,1,369;1033,1,359
1686,1,1:1156,1,395
4869,1,1:1156,1,397
1023,1,1:1156,1,402
4870,1,1:1156,1,405
4871,1,2:1024,2,4,18
3756,2,3:1327,2,125,161;1024,1,83
4872,1,1:1024,1,97
537,4,12:1340,5,10,22,29,131,136;1333,4,8,18,22,117;1370,2,29,74;1024,1,112
424,3,3:1024,1,166;1266,1,177;1050,1,111
1808,1,1:1084,1,24
222,2,2:1184,1,114;1253,1,93
2720,1,1:1184,1,151
4873,1,1:1184,1,180
3369,1,1:1184,1,199
1824,5,7:1051,3,4,9,23;1184,1,223;1308,1,153;1031,1,61;1340,1,44
2159,1,1:1184,1,253
856,2,5:1115,4,1,8,20,79;1051,1,114
1020,4,7:1307,3,5,16,28;1115,2,6,13;1201,1,74;1003,1,198
4874,1,3:1115,3,7,14,48
2435,1,1:1115,1,19
4875,1,1:1115,1,57
507,1,1:1115,1,69
4876,1,1:1208,1,47
4877,1,1:1208,1,49
4878,1,1:1208,1,134
4879,1,1:1208,1,137
2707,2,3:1208,2,149,184;1041,1,75
2298,1,1:1208,1,178
2175,1,1:1208,1,237
4880,1,1:1208,1,248
3889,3,5:1266,3,5,12,29;1037,1,108;1344,1,123
4881,1,1:1266,1,76
1321,2,2:1266,1,161;1363,1,102
1259,1,1:1266,1,174
1618,1,1:1266,1,184
2290,2,2:1116,1,30;1172,1,90
1652,1,1:1116,1,40
1018,2,6:1116,4,76,97,152,159;1150,2,65,81
1140,3,3:1116,1,192;1333,1,58;1363,1,74
2051,5,5:1116,1,206;1050,1,176;1328,1,63;1308,1,95;1276,1,154
698,3,3:1323,1,61;1002,1,87;1050,1,142
4882,1,1:1323,1,76
2636,1,1:1307,1,37
3065,2,3:1051,2,19,129;1307,1,47
832,4,5:1158,2,7,15;1307,1,55;1201,1,39;1309,1,177
4883,1,1:1307,1,61
1870,3,3:1307,1,132;1327,1,52;1028,1,124
3275,1,1:1307,1,144
3064,1,1:1307,1,158
1246,1,2:1329,2,13,28
929,1,2:1118,2,2,7
4884,2,3:1276,2,39,60;1118,1,16
4885,1,1:1118,1,48
4886,1,1:1118,1,63
1480,1,1:1118,1,83
4887,1,1:1118,1,124
2416,1,1:1118,1,127
4888,1,1:1118,1,145
4889,1,1:1252,1,72
3050,1,1:1252,1,78
4890,1,1:1252,1,180
4891,1,1:1252,1,182
4892,1,1:1223,1,89
502,7,15:1150,5,2,16,30,55,85;1359,3,3,19,87;1048,3,33,81,89;1171,1,138;1268,1,16;1157,1,242;1087,1,160
1436,1,1:1359,1,77
4893,1,1:1359,1,78
645,2,2:1359,1,95;1309,1,31
1073,1,1:1315,1,63
1906,2,2:1315,1,88;1271,1,119
2242,1,1:1315,1,102
4894,1,1:1315,1,162
1189,2,3:1315,2,176,206;1202,1,103
1889,1,1:1315,1,213
4895,1,1:1315,1,216
4896,1,1:1315,1,269
4897,1,1:1187,1,123
1232,1,1:1199,1,70
2123,1,1:1199,1,169
2561,3,3:1199,1,170;1253,1,173;1226,1,152
2309,1,2:1199,2,187,273
4898,1,1:1199,1,263
1647,1,1:1171,1,115
3104,2,2:1224,1,135;1066,1,56
1729,4,6:1163,3,1,13,30;1047,1,12;1333,1,127;1311,1,114
1606,1,1:1163,1,79
4899,1,1:1163,1,124
1860,1,1:1163,1,161
4900,1,1:1163,1,246
3592,1,1:1163,1,257
2142,3,3:1163,1,279;1033,1,451;1123,1,28
416,2,2:1163,1,295;1033,1,616
2169,2,2:1163,1,317;1186,1,169
4901,2,2:1048,1,80;1269,1,56
4902,1,1:1048,1,98
4314,1,1:1048,1,99
4903,1,1:1048,1,103
1677,3,3:1048,1,106;1050,1,39;1051,1,27
1564,3,4:1345,2,28,101;1048,1,109;1276,1,201
2560,2,2:1048,1,123;1029,1,50
4904,1,1:1048,1,137
4289,1,1:1119,1,23
4905,1,1:1119,1,83
4906,1,1:1119,1,123
4907,1,1:1119,1,125
4908,1,1:1119,1,173
4909,1,1:1119,1,267
3426,2,2:1119,1,299;1028,1,281
3786,1,1:1119,1,302
812,2,4:1120,3,1,11,28;1185,1,165
1970,1,1:1331,1,79
4910,1,1:1331,1,90
1460,1,2:1331,2,127,158
2452,2,2:1331,1,165;1320,1,175
3384,1,1:1049,1,115
3310,3,4:1367,2,5,14;1049,1,132;1053,1,135
3780,2,2:1049,1,181;1053,1,184
4911,1,2:1397,2,4,10
1098,1,1:1397,1,27
1360,1,1:1397,1,81
3835,1,1:1397,1,87
2281,1,2:1121,2,27,82
3260,1,1:1121,1,110
2449,1,1:1121,1,171
3025,1,1:1121,1,184
4912,1,1:1121,1,198
3671,1,1:1121,1,203
2912,1,1:1121,1,212
748,3,3:1121,1,227;1327,1,243;1254,1,95
888,2,2:1121,1,228;1033,1,591
1503,1,1:1121,1,238
940,2,2:1253,1,56;1320,1,51
1270,3,9:1158,7,49,93,138,154,163,183,231;1253,1,66;1160,1,195
2985,3,10:1158,7,50,94,139,155,164,184,232;1160,2,155,196;1253,1,67
4217,1,2:1253,2,78,129
227,3,3:1253,1,79;1051,1,74;1125,1,87
4913,1,1:1253,1,141
2979,1,1:1253,1,150
2299,1,1:1253,1,181
1547,1,1:1253,1,184
3251,1,3:1268,3,1,6,65
3534,1,1:1268,1,12
4914,1,1:1268,1,23
4915,1,1:1268,1,30
392,1,1:1268,1,40
2920,1,1:1268,1,93
1871,1,1:1268,1,101
1489,1,1:1268,1,108
1249,2,4:1327,2,93,144;1085,2,62,81
4916,1,1:1327,1,116
1769,1,1:1327,1,141
3704,1,3:1327,3,155,177,205
4917,1,1:1327,1,158
1322,1,1:1327,1,192
1882,8,11:1055,3,13,27,39;1054,2,72,87;1327,1,249;1228,1,79;1361,1,96;1128,1,80;1030,1,89;1231,1,154
1280,3,3:1235,1,72;1227,1,84;1228,1,86
582,1,1:1235,1,95
3950,1,1:1200,1,84
2392,2,2:1200,1,117;1055,1,201
2156,1,2:1200,2,132,151
2641,1,1:1200,1,142
1429,2,3:1377,2,6,13;1027,1,89
4918,1,1:1377,1,58
3946,1,1:1377,1,71
4919,1,2:1225,2,4,19
1341,1,1:1225,1,66
4920,1,1:1225,1,68
1796,5,5:1225,1,132;1276,1,61;1309,1,167;1003,1,55;1319,1,163
4921,1,1:1212,1,51
4922,1,2:1002,2,8,22
1740,7,16:1367,5,9,18,27,65,102;1002,3,14,28,44;1050,3,137,146,192;1276,2,152,231;1328,1,61;1124,1,90;1029,1,66
1653,4,5:1367,2,92,101;1002,1,65;1276,1,173;1344,1,174
2233,5,7:1064,3,18,36,47;1025,1,53;1226,1,93;1008,1,106;1125,1,57
4923,1,1:1025,1,63
2064,2,2:1025,1,74;1226,1,154
3535,3,4:1134,2,258,290;1025,1,77;1030,1,317
2355,1,1:1025,1,89
3897,2,2:1025,1,109;1245,1,103
835,1,2:1026,2,37,78
2660,1,1:1026,1,85
501,5,12:1157,7,17,41,60,70,118,169,220;1344,2,64,102;1309,1,202;1150,1,42;1125,1,145
4924,1,2:1157,2,23,47
2624,1,1:1157,1,143
3666,1,1:1157,1,188
4925,1,1:1157,1,192
4926,1,1:1157,1,200
1111,4,6:1037,2,12,38;1054,2,18,37;1127,1,32;1028,1,278
1752,4,25:1126,10,3,13,25,53,80,93,116,146,173,188;1003,8,6,19,36,53,81,96,114,197;1037,6,19,45,85,166,176,214;1124,1,85
3258,3,3:1037,1,99;1003,1,182;1054,1,77
2105,1,1:1037,1,112
2253,3,3:1037,1,127;1227,1,76;1228,1,74
2849,1,1:1037,1,156
4927,1,1:1037,1,157
1991,1,4:1213,4,4,15,34,73
1977,2,2:1213,1,100;1229,1,118
1305,4,7:1230,4,10,21,31,104;1213,1,102;1229,1,120;1280,1,29
4928,2,3:1229,2,154,170;1213,1,128
1683,2,3:1213,2,136,233;1132,1,86
1027,2,7:1204,4,26,142,159,239;1213,3,225,237,263
1988,3,13:1204,8,6,14,25,98,134,141,158,238;1213,3,231,236,262;1384,2,47,85
4929,2,8:1134,5,4,24,45,206,251;1030,3,8,24,61
1395,3,14:1030,6,15,31,44,69,120,248;1134,4,12,32,82,284;1151,4,125,155,175,270
4930,2,3:1030,2,83,292;1134,1,63
4931,1,2:1134,2,99,160
4932,1,2:1134,2,101,178
4933,1,1:1134,1,125
4934,1,1:1134,1,128
3507,1,1:1134,1,169
2270,2,4:1286,3,13,26,37;1374,1,28
2828,1,1:1374,1,58
1500,1,1:1333,1,26
4935,1,1:1333,1,35
1679,4,8:1276,5,69,84,114,194,212;1254,1,38;1245,1,264;1362,1,19
2228,1,1:1254,1,156
4362,1,1:1050,1,24
2922,2,7:1050,4,108,148,183,194;1051,3,65,75,98
4936,1,4:1050,4,117,162,173,188
4937,1,2:1050,2,119,143
2000,3,4:1204,2,93,129;1050,1,165;1229,1,185
4938,1,1:1050,1,186
4939,1,1:1051,1,51
4940,1,1:1051,1,62
3569,1,1:1051,1,63
4168,1,1:1051,1,82
4941,1,1:1051,1,115
2277,1,1:1367,1,57
1597,1,1:1367,1,98
4942,1,1:1360,1,10
1494,1,1:1360,1,11
1137,1,1:1360,1,12
4241,1,1:1360,1,21
763,2,3:1236,2,62,105;1360,1,23
4075,1,2:1172,2,41,179
1877,1,1:1172,1,123
2153,1,1:1172,1,184
1106,1,1:1172,1,225
1356,3,3:1172,1,278;1158,1,115;1126,1,224
1771,3,4:1186,2,50,152;1247,1,26;1060,1,191
1847,2,2:1247,1,179;1309,1,106
4943,1,1:1247,1,186
4944,1,1:1247,1,188
2658,1,1:1239,1,56
1251,1,1:1239,1,58
1836,3,3:1239,1,190;1065,1,206;1277,1,129
1934,1,1:1239,1,193
3163,1,1:1239,1,203
4945,1,1:1027,1,141
4946,1,1:1027,1,158
4947,1,1:1027,1,208
1845,1,1:1027,1,233
1956,1,1:1214,1,82
2083,1,4:1007,4,3,22,40,72
1888,2,2:1007,1,54;1245,1,235
2075,2,2:1007,1,63;1032,1,61
2991,1,1:1007,1,67
776,1,1:1007,1,88
4948,1,1:1052,1,24
4949,1,1:1052,1,25
3120,1,1:1052,1,33
4950,1,1:1205,1,100
3742,1,1:1205,1,106
1250,1,1:1205,1,248
2379,1,1:1205,1,292
1063,1,1:1242,1,32
2076,1,1:1242,1,40
2672,1,1:1242,1,51
4951,1,1:1242,1,71
2851,1,1:1122,1,191
4952,1,1:1122,1,192
2209,1,1:1245,1,70
431,1,1:1245,1,101
1665,2,2:1245,1,172;1129,1,171
1266,1,1:1245,1,182
1113,2,4:1087,3,20,46,74;1245,1,219
3402,1,1:1245,1,227
1958,1,1:1245,1,253
2466,1,1:1245,1,282
3259,1,1:1245,1,297
563,1,2:1240,2,11,24
4953,2,4:1033,3,150,487,557;1308,1,131
4954,1,1:1033,1,209
2914,2,2:1033,1,225;1203,1,153
2862,1,2:1033,2,231,537
527,1,1:1033,1,381
4334,1,1:1033,1,392
875,1,1:1033,1,541
1891,3,3:1033,1,556;1008,1,50;1384,1,83
3415,2,2:1033,1,618;1003,1,65
1525,1,1:1269,1,23
4955,1,1:1269,1,75
3017,1,3:1308,3,5,15,29
4956,1,2:1308,2,6,16
1410,2,2:1308,1,52;1229,1,202
282,2,2:1308,1,100;1299,1,191
1329,1,1:1308,1,117
4957,1,2:1276,2,41,116
1682,1,2:1276,2,53,99
4958,1,1:1276,1,64
4959,1,1:1276,1,94
4960,1,1:1276,1,100
4961,1,1:1276,1,105
4962,1,1:1276,1,151
4963,1,1:1276,1,172
4964,1,1:1276,1,218
4965,1,1:1276,1,219
4966,1,1:1276,1,224
2693,1,1:1276,1,235
3305,1,4:1038,4,7,21,55,60
4967,1,1:1038,1,33
4968,1,1:1038,1,45
4969,1,1:1038,1,47
4970,1,1:1038,1,51
4971,1,1:1038,1,56
3033,1,1:1053,1,64
4972,1,1:1053,1,118
1655,1,1:1085,1,85
4973,1,1:1158,1,27
1265,1,1:1158,1,57
4974,1,1:1158,1,67
4975,1,1:1158,1,68
4976,2,2:1158,1,112;1160,1,99
4123,1,1:1158,1,159
1645,1,1:1158,1,162
3965,2,3:1226,2,119,159;1158,1,187
4977,1,1:1158,1,253
4192,1,1:1158,1,259
1382,1,1:1160,1,105
146,1,1:1160,1,113
4978,1,1:1160,1,142
383,1,1:1160,1,182
4979,1,1:1160,1,243
4010,1,1:1160,1,247
1047,2,2:1160,1,256;1181,1,47
4980,1,1:1064,1,80
2668,1,3:1226,3,8,20,30
2418,1,1:1226,1,59
2344,1,1:1226,1,61
4981,1,1:1226,1,63
4982,1,1:1226,1,64
4983,1,2:1226,2,72,143
4984,1,1:1226,1,118
4985,1,1:1226,1,146
4986,1,1:1226,1,153
4987,1,1:1226,1,155
4218,1,1:1226,1,165
4393,1,1:1226,1,172
2469,1,6:1008,6,8,25,46,75,96,198
218,1,4:1008,4,73,94,171,181
4988,2,3:1361,2,49,85;1008,1,97
2343,1,1:1008,1,128
2096,2,13:1008,9,143,157,173,226,234,250,254,275,331;1361,4,50,66,89,101
4035,1,1:1008,1,211
2059,1,2:1008,2,247,272
4989,1,2:1008,2,249,330
4990,1,1:1008,1,266
1496,1,1:1008,1,267
4991,1,1:1008,1,268
4992,1,2:1008,2,322,345
4366,1,1:1124,1,27
4367,1,1:1124,1,29
2127,1,1:1124,1,78
4993,1,1:1124,1,84
4994,1,1:1124,1,89
4995,1,2:1124,2,135,153
1539,2,2:1201,1,65;1183,1,187
761,1,1:1201,1,89
655,1,1:1201,1,90
4996,1,2:1201,2,95,113
4997,1,1:1201,1,119
2943,1,1:1299,1,62
4998,1,1:1299,1,64
4999,1,1:1299,1,68
2073,1,2:1299,2,145,175
1862,2,2:1344,1,53;1324,1,47
4284,1,1:1344,1,151
3763,1,5:1309,5,42,100,109,148,211
5000,1,1:1309,1,43
2874,1,4:1309,4,65,102,115,159
5001,1,1:1309,1,81
5002,1,2:1309,2,103,183
2705,1,2:1309,2,104,184
3640,1,1:1309,1,169
5003,1,2:1150,2,6,20
5004,1,1:1227,1,38
2609,2,2:1227,1,68;1228,1,66
5005,1,1:1227,1,112
5006,2,2:1227,1,124;1228,1,110
1951,1,2:1125,2,103,180
4207,1,1:1125,1,114
2976,1,1:1125,1,118
483,1,1:1125,1,179
3523,1,1:1228,1,36
2085,1,1:1228,1,129
1309,1,1:1228,1,140
5007,1,1:1228,1,141
2305,1,1:1228,1,156
3108,1,1:1126,1,75
4047,1,1:1003,1,79
5008,1,1:1003,1,184
2249,1,1:1127,1,65
813,2,8:1054,7,8,27,59,98,159,187,198;1185,1,201
3791,2,4:1054,3,17,36,68;1055,1,146
3736,2,2:1054,1,51;1055,1,61
5009,1,1:1054,1,92
3364,1,1:1054,1,102
1169,1,1:1054,1,109
3262,1,2:1054,2,122,168
3558,1,1:1185,1,76
3423,1,1:1185,1,212
4321,1,1:1055,1,49
5010,1,1:1055,1,51
3675,1,1:1055,1,72
3551,1,1:1028,1,85
3980,1,2:1028,2,92,149
2115,1,2:1028,2,179,192
5011,1,1:1028,1,197
2795,1,1:1028,1,229
2523,1,1:1028,1,246
5012,1,1:1128,1,79
1399,2,3:1128,2,112,121;1161,1,111
1086,2,2:1128,1,271;1131,1,37
1152,1,1:1229,1,109
5013,1,1:1229,1,181
1866,1,1:1230,1,35
1997,3,3:1230,1,73;1384,1,34;1280,1,50
4353,1,1:1230,1,76
1230,2,2:1230,1,100;1182,1,38
1987,1,1:1230,1,109
401,1,1:1230,1,115
1304,1,1:1230,1,119
2007,1,1:1230,1,122
2024,1,1:1230,1,132
4333,2,3:1384,2,79,108;1056,1,141
1378,1,2:1384,2,87,98
2477,1,1:1384,1,104
5014,1,1:1384,1,106
1999,1,2:1204,2,74,112
5015,1,2:1204,2,97,133
1943,1,1:1204,1,215
1388,2,2:1280,1,25;1182,1,96
3619,1,1:1056,1,51
5016,1,1:1056,1,111
5017,1,1:1056,1,126
2176,1,1:1056,1,156
5018,1,5:1029,5,4,18,34,110,123
3925,1,2:1029,2,14,28
5019,1,1:1030,1,88
5020,1,2:1030,2,97,290
5021,1,1:1030,1,109
5022,1,1:1030,1,112
5023,1,2:1030,2,141,189
2184,1,2:1030,2,143,198
2254,1,2:1030,2,250,260
5024,1,2:1065,2,14,40
5025,1,1:1065,1,69
5026,1,2:1065,2,85,146
2947,1,1:1065,1,245
5027,2,4:1031,2,10,20;1039,2,15,32
5028,1,2:1031,2,58,86
5029,1,1:1031,1,73
3831,1,1:1031,1,99
5030,1,1:1039,1,74
3770,1,2:1231,2,54,82
3323,1,2:1231,2,68,164
5031,1,2:1151,2,19,44
5032,1,1:1151,1,106
631,1,1:1151,1,247
2910,1,1:1151,1,274
2670,1,1:1151,1,301
5033,1,2:1180,2,5,14
5034,1,1:1286,1,67
3468,1,1:1345,1,64
5035,1,1:1345,1,104
388,1,1:1370,1,49
2585,2,2:1370,1,108;1271,1,161
5036,1,1:1340,1,114
3095,1,1:1340,1,121
2292,1,1:1186,1,93
2360,1,1:1186,1,162
2480,1,1:1060,1,56
5037,1,2:1310,2,31,105
5038,1,2:1310,2,33,107
1668,2,2:1310,1,146;1335,1,86
5039,1,2:1202,2,46,99
548,1,1:1202,1,58
5040,1,1:1202,1,64
5041,1,1:1202,1,104
5042,1,1:1066,1,78
5043,1,1:1066,1,79
5044,1,1:1375,1,27
5045,1,1:1334,1,15
2430,1,1:1334,1,47
5046,1,2:1334,2,48,56
3190,1,1:1334,1,52
2928,1,1:1334,1,60
5047,1,1:1277,1,100
740,3,5:1335,3,100,115,162;1277,1,164;1271,1,211
5048,1,1:1277,1,191
3256,1,11:1129,11,5,10,22,38,73,79,92,98,101,113,144
3063,1,1:1129,1,40
5049,1,1:1129,1,141
753,1,1:1319,1,47
5050,1,1:1130,1,20
5051,1,1:1130,1,281
1920,1,1:1324,1,62
3933,1,1:1324,1,138
5052,1,4:1271,4,33,129,136,156
2414,1,2:1271,2,92,302
1779,1,1:1271,1,125
3205,1,1:1362,1,75
5053,1,1:1086,1,30
3028,1,1:1086,1,98
3794,1,1:1057,1,27
3563,1,1:1057,1,40
1816,1,1:1057,1,50
2735,1,1:1182,1,49
5054,1,1:1182,1,51
5055,1,1:1182,1,59
3540,1,1:1182,1,84
3406,1,1:1182,1,107
5056,1,1:1032,1,60
558,1,1:1032,1,101
5057,1,1:1032,1,127
5058,1,1:1032,1,134
5059,1,1:1032,1,171
3610,1,1:1032,1,213
5060,1,1:1032,1,223
5061,1,1:1032,1,225
1439,1,1:1032,1,293
5062,1,1:1032,1,309
1195,1,1:1087,1,62
5063,1,1:1087,1,87
1373,1,1:1087,1,106
1784,1,1:1087,1,180
5064,1,2:1087,2,184,211
5065,1,1:1335,1,64
1669,1,1:1335,1,88
2980,1,1:1131,1,114
5066,1,1:1363,1,40
1735,1,1:1363,1,85
802,1,1:1363,1,122
5067,1,1:1320,1,37
3707,1,1:1320,1,39
1392,1,1:1320,1,172
5068,1,1:1320,1,174
2667,1,1:1320,1,179
1537,1,2:1088,2,55,98
800,1,3:1088,3,59,72,79
3263,1,1:1088,1,64
5069,1,1:1088,1,154
5070,1,1:1270,1,79
1890,1,1:1270,1,100
5071,2,4:1392,2,36,115;1311,2,62,93
5072,1,1:1392,1,90
5073,1,2:1392,2,91,98
5074,1,1:1311,1,96
5075,1,1:1203,1,75
5076,1,1:1161,1,135
5077,1,2:1161,2,175,238
5078,1,1:1161,1,259
3237,1,1:1132,1,142
5079,1,1:1236,1,60
5080,1,1:1236,1,136
3382,1,1:1041,1,32
5081,1,1:1041,1,39
5082,1,1:1041,1,41
2709,1,1:1041,1,74
2847,1,1:1364,1,54
5083,1,1:1364,1,56
2909,1,1:1300,1,62
5084,1,1:1336,1,58
5085,1,1:1133,1,82
