1,236,363:1,5,3,22,87,123,129;2,4,159,193,241,259;3,4,63,211,347,378;4,4,30,61,129,167;5,4,1,30,136,276;6,4,2,12,21,115;7,4,5,19,55,102;8,4,11,33,84,285;9,4,1,9,18,152;10,3,1,12,24;11,3,1,12,30;12,3,48,89,128;13,3,64,90,99;14,3,47,145,170;15,3,2,18,34;16,3,2,12,32;17,3,2,9,305;18,3,106,147,194;19,3,2,19,36;20,3,40,133,202;21,3,36,46,240;22,3,34,67,300;23,3,4,17,94;24,3,253,302,322;25,3,26,84,101;26,3,175,234,241;27,3,2,10,22;28,3,1,19,41;29,3,1,29,57;30,3,1,31,142;31,3,108,161,326;32,3,77,307,436;33,2,46,84;34,2,15,31;35,2,2,15;36,2,137,167;37,2,179,244;38,2,45,120;39,2,41,107;40,2,229,248;41,2,1,14;42,2,105,222;43,2,255,267;44,2,93,188;45,2,49,323;46,2,91,620;47,2,31,73;48,2,220,254;49,2,1,17;50,2,28,93;51,2,124,131;52,2,2,18;53,2,2,19;54,2,132,159;55,2,68,73;56,2,138,155;57,2,3,15;58,2,67,152;59,2,51,154;60,2,1,16;61,2,113,169;62,2,1,15;63,2,2,16;64,2,3,27;65,2,113,127;66,2,145,150;67,2,90,197;68,2,298,326;69,2,186,205;70,2,1,27;71,2,85,113;72,2,144,319;73,2,70,156;74,2,1,11;75,2,78,102;76,2,16,101;77,2,1,9;78,2,49,56;79,2,1,15;80,2,54,139;81,2,21,48;82,2,70,78;83,2,74,144;84,2,21,88;85,2,83,138;86,1,89;87,1,63;88,1,119;89,1,64;90,1,55;91,1,146;92,1,237;93,1,117;94,1,145;95,1,54;96,1,195;97,1,30;98,1,199;99,1,19;100,1,106;101,1,129;102,1,32;103,1,324;104,1,110;105,1,147;106,1,175;107,1,146;108,1,274;109,1,25;110,1,189;111,1,36;112,1,67;113,1,21;114,1,109;115,1,176;116,1,262;117,1,32;118,1,124;119,1,98;120,1,33;121,1,215;122,1,214;123,1,211;124,1,68;125,1,361;126,1,227;127,1,82;128,1,133;129,1,154;130,1,186;131,1,32;132,1,101;133,1,205;134,1,220;135,1,75;136,1,86;137,1,248;138,1,131;139,1,39;140,1,108;141,1,216;142,1,87;143,1,27;144,1,294;145,1,146;146,1,43;147,1,51;148,1,13;149,1,114;150,1,78;151,1,87;152,1,153;153,1,96;154,1,69;155,1,114;156,1,16;157,1,138;158,1,126;159,1,293;160,1,136;161,1,177;162,1,172;163,1,34;164,1,59;165,1,22;166,1,194;167,1,117;168,1,145;169,1,62;170,1,45;171,1,158;172,1,23;173,1,41;174,1,55;175,1,47;176,1,235;177,1,120;178,1,180;179,1,135;180,1,99;181,1,255;182,1,31;183,1,43;184,1,59;185,1,53;186,1,82;187,1,148;188,1,46;189,1,44;190,1,116;191,1,11;192,1,84;193,1,104;194,1,31;195,1,123;196,1,62;197,1,164;198,1,59;199,1,312;200,1,62;201,1,107;202,1,60;203,1,26;204,1,65;205,1,122;206,1,117;207,1,57;208,1,123;209,1,36;210,1,29;211,1,206;212,1,143;213,1,224;214,1,211;215,1,39;216,1,114;217,1,175;218,1,44;219,1,175;220,1,72;221,1,231;222,1,76;223,1,93;224,1,205;225,1,123;226,1,162;227,1,88;228,1,24;229,1,14;230,1,118;231,1,119;232,1,86;233,1,36;234,1,127;235,1,36;236,1,233
2,254,425:199,6,42,118,157,269,306,322;237,5,1,15,30,72,123;238,5,1,16,32,63,139;239,4,2,27,146,198;11,4,2,13,31,145;240,4,2,12,26,88;241,4,2,10,18,52;242,4,2,13,24,107;41,4,2,15,108,196;243,4,1,14,48,73;19,4,3,20,37,114;244,4,8,16,39,41;245,4,77,96,147,208;246,4,1,27,54,130;247,4,1,26,52,140;248,4,103,160,200,226;83,4,2,27,73,289;8,4,85,102,163,273;249,4,1,18,107,194;250,3,36,174,313;94,3,5,19,163;251,3,1,13,28;252,3,1,14,42;253,3,1,30,60;254,3,35,176,236;128,3,28,126,134;255,3,73,112,239;256,3,2,9,28;20,3,41,134,141;57,3,4,16,47;22,3,35,65,83;61,3,117,133,170;257,3,2,13,35;64,3,4,28,98;67,3,1,27,56;258,3,2,29,56;200,3,63,101,127;259,3,2,29,56;260,3,2,35,68;261,3,2,13,31;31,3,1,17,49;10,2,2,13;90,2,2,14;33,2,3,15;262,2,17,121;263,2,56,111;264,2,157,204;265,2,2,16;266,2,61,105;267,2,20,110;37,2,134,166;108,2,31,241;268,2,46,158;40,2,31,177;120,2,1,17;121,2,31,160;123,2,94,167;44,2,27,214;126,2,12,70;269,2,2,20;270,2,45,181;142,2,2,18;53,2,3,20;158,2,64,127;271,2,40,142;164,2,60,120;272,2,60,81;177,2,121,136;60,2,65,90;273,2,1,18;180,2,151,163;63,2,3,17;274,2,34,80;275,2,82,101;189,2,45,215;193,2,196,223;276,2,58,299;277,2,62,219;278,2,24,202;279,2,31,63;280,2,2,30;281,2,2,26;5,2,2,31;282,2,42,83;283,2,2,31;28,2,42,148;284,2,4,12;285,2,1,21;286,2,1,28;70,2,2,28;1,2,4,23;287,2,31,47;30,2,2,32;288,2,4,8;77,2,8,16;223,2,41,94;289,2,43,101;290,2,5,22;291,2,47,80;224,2,73,144;292,2,97,141;229,2,17,153;293,2,1,6;294,2,36,136;295,2,42,293;296,2,66,124;235,2,37,65;297,1,169;298,1,51;299,1,136;92,1,238;96,1,159;300,1,28;301,1,112;302,1,59;35,1,50;36,1,19;303,1,44;304,1,46;305,1,20;306,1,40;307,1,19;308,1,30;309,1,41;310,1,165;311,1,93;12,1,87;312,1,28;313,1,36;314,1,65;315,1,73;316,1,249;116,1,263;39,1,42;317,1,39;117,1,33;318,1,40;119,1,14;319,1,54;14,1,79;42,1,52;320,1,42;125,1,63;321,1,14;322,1,26;323,1,69;324,1,31;45,1,159;325,1,28;326,1,21;131,1,33;327,1,45;132,1,102;15,1,91;328,1,50;329,1,41;330,1,79;331,1,64;332,1,116;333,1,61;334,1,25;140,1,92;335,1,47;336,1,38;337,1,170;338,1,68;339,1,37;47,1,30;48,1,60;49,1,57;340,1,184;17,1,27;341,1,123;342,1,55;152,1,154;343,1,32;344,1,38;345,1,25;157,1,68;346,1,53;159,1,49;347,1,24;348,1,211;165,1,28;349,1,30;350,1,164;351,1,110;352,1,75;353,1,15;354,1,183;355,1,43;356,1,84;172,1,24;357,1,64;358,1,55;175,1,46;359,1,41;360,1,71;361,1,207;178,1,181;362,1,20;363,1,128;364,1,30;185,1,129;365,1,97;187,1,52;188,1,47;366,1,36;367,1,74;368,1,50;369,1,53;197,1,165;198,1,60;370,1,182;371,1,68;372,1,56;373,1,182;206,1,122;374,1,25;208,1,77;375,1,44;27,1,23;376,1,60;377,1,43;378,1,201;379,1,116;215,1,103;380,1,178;72,1,140;381,1,180;217,1,168;382,1,52;218,1,45;73,1,157;383,1,75;384,1,62;29,1,127;385,1,42;75,1,67;386,1,36;387,1,221;80,1,49;388,1,36;81,1,22;389,1,63;390,1,41;391,1,99;392,1,83;393,1,44;394,1,76;395,1,85;396,1,156;9,1,53;236,1,107
3,133,278:397,6,5,14,47,221,317,375;54,6,7,21,47,82,98,235;398,6,2,13,33,89,103,125;209,6,41,68,85,137,233,241;300,5,8,20,34,132,167;399,5,13,30,49,67,130;193,5,8,21,157,168,183;400,5,20,22,46,48,103;401,4,5,10,51,225;402,4,113,174,221,258;403,4,2,9,16,180;123,4,22,117,142,160;46,4,2,10,25,138;184,4,5,16,35,136;366,4,2,19,57,114;4,4,3,34,92,130;286,4,10,37,73,178;385,4,3,23,47,186;404,4,4,23,63,106;236,4,2,31,165,214;92,3,14,29,66;264,3,32,66,162;109,3,6,13,50;140,3,89,115,144;405,3,5,14,90;406,3,9,19,46;407,3,54,88,93;408,3,2,11,89;163,3,39,60,75;180,3,1,20,108;24,3,1,23,236;67,3,5,31,58;258,3,7,34,91;199,3,4,24,58;201,3,108,169,215;409,3,2,15,178;281,3,113,149,175;410,3,4,17,49;411,3,1,7,20;10,2,5,16;34,2,99,107;412,2,41,99;413,2,7,15;111,2,4,9;319,2,10,21;414,2,52,119;320,2,9,29;45,2,28,165;331,2,2,12;141,2,6,20;415,2,19,38;416,2,10,21;344,2,82,88;417,2,331,342;418,2,63,69;419,2,2,12;420,2,3,22;421,2,1,14;422,2,1,7;187,2,126,136;64,2,6,30;423,2,67,128;68,2,8,26;424,2,1,13;372,2,3,25;425,2,55,155;69,2,77,162;426,2,136,156;28,2,132,164;285,2,114,126;427,2,39,117;428,2,15,35;429,2,2,22;393,2,1,22;430,1,74;86,1,21;431,1,98;432,1,184;433,1,119;252,1,110;434,1,52;311,1,80;242,1,31;435,1,259;124,1,57;126,1,107;436,1,59;437,1,98;136,1,224;334,1,91;438,1,25;340,1,147;150,1,132;439,1,108;440,1,183;271,1,57;20,1,147;165,1,150;441,1,109;354,1,36;176,1,253;23,1,27;442,1,51;443,1,30;444,1,166;245,1,318;275,1,73;186,1,30;188,1,66;445,1,16;446,1,36;447,1,43;448,1,90;449,1,49;282,1,51;450,1,28;451,1,179;452,1,449;453,1,16;454,1,29;386,1,22;387,1,106;455,1,84;290,1,42;456,1,50;457,1,41;458,1,64;31,1,35;292,1,255;459,1,30;460,1,64;461,1,61;462,1,83
4,165,719:159,21,14,16,37,39,64,69,85,110,181,208,220,222,231,273,275,324,355,363,372,396,406;346,16,11,16,18,31,36,38,48,61,63,111,141,175,189,203,212,228;277,13,8,19,38,49,85,96,138,174,232,258,268,296,307;226,13,12,31,62,77,93,98,115,128,169,172,197,200,212;238,12,8,23,57,92,107,131,176,188,206,220,344,387;45,11,6,15,39,99,204,222,224,275,284,337,365;370,11,7,26,45,58,72,86,105,145,149,168,224;199,11,14,34,68,82,85,88,123,152,249,252,302;320,10,16,36,62,83,121,136,159,161,181,251;130,10,4,11,18,25,38,45,95,116,138,166;141,10,10,24,37,69,71,85,113,170,189,202;165,10,7,17,39,62,95,107,114,142,167,184;59,10,1,14,27,42,81,113,123,143,164,215;463,9,4,15,28,39,53,68,108,158,218;52,9,12,28,53,57,75,109,128,152,156;464,9,12,33,48,90,102,110,116,160,181;451,9,7,25,45,88,121,209,228,251,297;377,9,17,37,71,139,260,278,298,341,349;465,8,6,19,34,44,77,103,132,166;466,8,9,28,55,61,102,123,133,153;271,8,4,13,22,31,62,81,86,102;467,8,17,46,74,124,146,198,215,248;468,8,5,11,24,67,76,87,99,114;457,8,15,30,50,79,88,91,119,125;34,7,52,66,86,117,161,189,197;270,7,16,32,43,96,109,123,137;366,7,12,29,71,97,118,127,222;446,7,6,16,25,46,61,74,157;398,7,10,21,41,49,69,110,144;469,7,6,19,41,69,91,102,146;290,7,14,31,46,116,141,175,199;470,7,22,98,143,149,158,162,190;225,7,7,19,49,61,76,90,117;392,7,7,16,34,43,65,74,169;96,6,12,26,31,82,223,276;471,6,8,25,53,78,85,114;414,6,21,42,56,79,81,184;128,6,5,17,38,68,108,177;257,6,4,15,28,39,51,110;196,6,8,16,27,36,67,100;261,6,68,78,230,232,261,322;431,5,6,12,96,110,132;472,5,82,87,206,213,230;41,5,10,23,38,123,148;129,5,16,32,43,114,148;473,5,8,20,30,39,65;474,5,8,27,43,76,108;20,5,19,38,64,68,109;475,5,15,32,39,90,110;476,5,8,20,31,112,247;195,5,11,28,105,169,235;477,5,8,20,40,180,238;478,5,7,15,30,55,62;276,5,88,108,321,343,393;280,5,10,38,68,250,354;479,5,8,23,40,50,157;410,5,13,26,38,56,62;480,5,8,19,40,115,177;456,5,13,31,56,209,253;10,4,8,19,28,56;397,4,71,118,129,234;14,4,13,27,70,85;481,4,8,19,81,245;327,4,17,37,114,149;334,4,5,13,29,75;140,4,9,22,64,147;163,4,119,125,132,221;349,4,3,12,21,44;57,4,11,23,44,101;357,4,10,24,53,74;482,4,14,31,162,183;183,4,9,27,59,139;483,4,11,27,53,62;186,4,10,20,37,87;484,4,15,33,48,75;485,4,10,25,65,67;486,4,15,37,60,74;487,4,7,15,23,57;198,4,98,117,165,184;372,4,63,111,144,196;409,4,6,19,61,107;282,4,8,28,58,110;426,4,15,35,55,117;488,4,21,42,59,90;450,4,86,106,117,194;283,4,29,58,141,170;404,4,8,27,41,48;489,4,4,12,33,97;33,3,11,23,33;490,3,5,11,24;491,3,131,143,154;492,3,68,131,197;434,3,12,24,36;132,3,8,19,32;493,3,286,300,312;494,3,8,19,37;495,3,6,12,45;421,3,186,200,207;496,3,12,27,107;423,3,10,23,41;197,3,7,14,52;497,3,7,17,50;247,3,82,203,214;371,3,33,90,103;68,3,15,33,63;498,3,18,39,71;424,3,5,17,35;258,3,21,48,127;499,3,23,53,119;500,3,13,28,74;69,3,58,114,168;452,3,342,478,551;260,3,24,57,93;501,3,9,22,37;502,3,8,19,34;503,3,6,16,35;396,3,1,28,65;36,2,159,196;123,2,120,175;504,2,7,17;505,2,109,131;269,2,50,115;506,2,65,190;507,2,13,26;408,2,9,18;189,2,100,256;508,2,6,15;509,2,106,128;246,2,75,190;510,2,55,67;279,2,77,140;511,2,46,169;101,1,83;512,1,206;513,1,242;122,1,28;514,1,75;437,1,387;15,1,125;330,1,51;515,1,69;516,1,45;517,1,104;150,1,50;518,1,63;341,1,108;439,1,132;519,1,215;520,1,122;521,1,156;522,1,79;54,1,50;350,1,107;354,1,130;170,1,108;523,1,64;524,1,55;525,1,51;526,1,64;28,1,142;259,1,132;527,1,24;528,1,26;31,1,72;294,1,66
5,4,20:21,7,44,54,68,78,128,133,145;10,6,11,22,32,48,63,104;163,6,112,114,137,147,169,195;155,1,70
6,177,282:6,5,3,13,22,43,62;9,5,4,12,21,95,153;435,4,6,16,219,280;529,4,49,92,146,163;157,4,2,19,37,84;165,4,2,12,23,47;181,4,45,135,256,285;396,4,3,30,56,276;266,3,13,38,145;102,3,2,16,30;412,3,28,116,156;414,3,2,23,103;44,3,62,103,137;15,3,3,19,35;136,3,1,24,181;141,3,3,17,31;335,3,2,16,38;60,3,2,17,48;276,3,14,42,75;448,3,1,13,64;530,3,2,22,42;28,3,2,20,65;224,3,57,117,141;531,3,2,20,38;297,2,31,86;250,2,2,19;92,2,4,19;401,2,81,193;265,2,36,72;532,2,52,150;252,2,91,240;35,2,3,16;533,2,1,9;534,2,23,273;12,2,46,106;312,2,51,164;535,2,15,60;38,2,6,21;254,2,2,14;237,2,41,128;126,2,207,225;536,2,3,10;45,2,82,247;537,2,141,217;405,2,44,151;344,2,4,11;52,2,3,19;538,2,2,14;23,2,5,18;539,2,3,27;179,2,93,270;3,2,194,249;540,2,2,13;541,2,70,229;190,2,2,14;542,2,2,10;543,2,34,202;544,2,36,122;27,2,3,11;545,2,1,9;377,2,2,22;546,2,82,210;547,2,37,49;74,2,2,12;29,2,2,30;548,2,2,22;79,2,2,16;80,2,27,105;457,2,2,17;549,2,19,69;389,2,1,16;10,1,25;299,1,35;86,1,94;89,1,23;91,1,195;94,1,93;550,1,24;95,1,15;96,1,194;300,1,59;551,1,35;552,1,20;267,1,66;305,1,52;103,1,325;309,1,151;105,1,25;553,1,74;554,1,50;555,1,162;114,1,93;116,1,48;319,1,24;127,1,44;133,1,26;331,1,46;474,1,53;556,1,22;557,1,100;558,1,22;48,1,255;438,1,65;17,1,50;148,1,125;559,1,134;342,1,186;560,1,155;151,1,222;561,1,133;562,1,190;563,1,32;156,1,17;564,1,45;159,1,226;162,1,85;565,1,22;55,1,194;566,1,50;567,1,26;568,1,24;569,1,27;570,1,38;571,1,49;572,1,40;573,1,27;574,1,52;575,1,39;482,1,37;576,1,39;577,1,51;578,1,10;185,1,54;483,1,45;579,1,48;580,1,41;581,1,55;582,1,126;583,1,250;195,1,211;478,1,25;584,1,49;258,1,143;585,1,41;586,1,60;205,1,75;208,1,105;209,1,204;280,1,58;587,1,35;25,1,27;588,1,15;589,1,129;69,1,212;248,1,213;284,1,88;590,1,98;214,1,165;72,1,306;217,1,178;1,1,44;591,1,51;592,1,43;593,1,63;386,1,20;411,1,18;594,1,18;456,1,329;32,1,380;595,1,114;390,1,43;596,1,27;234,1,20;394,1,166;296,1,226;249,1,79;235,1,301
7,13,42:597,13,1,4,16,45,133,154,171,188,230,245,250,291,309;96,9,8,22,65,106,119,139,167,234,272;36,5,6,14,36,97,102;163,4,89,111,136,194;237,3,37,117,214;10,1,31;305,1,35;598,1,62;515,1,45;17,1,261;444,1,100;595,1,125;599,1,28
8,261,332:481,5,26,51,197,230,274;541,4,73,142,218,325;259,4,66,86,113,159;333,3,37,66,79;157,3,54,91,163;189,3,47,83,103;276,3,73,105,251;203,3,24,65,78;600,3,120,144,184;10,2,34,143;250,2,52,264;397,2,194,309;601,2,147,182;602,2,40,132;242,2,36,56;116,2,94,215;317,2,21,66;40,2,35,205;319,2,26,134;121,2,35,178;603,2,106,117;123,2,78,236;414,2,58,153;536,2,63,137;437,2,102,328;144,2,168,281;493,2,126,394;604,2,100,137;605,2,64,191;20,2,44,165;165,2,26,49;420,2,46,100;482,2,84,117;183,2,39,108;245,2,94,149;193,2,220,260;246,2,64,90;247,2,67,102;198,2,62,100;258,2,58,163;585,2,153,346;280,2,61,344;25,2,29,91;69,2,109,210;248,2,84,203;451,2,199,283;377,2,46,286;606,2,67,72;261,2,32,315;74,2,44,96;386,2,17,40;291,2,16,58;79,2,32,116;32,2,208,244;230,2,20,73;295,2,45,285;235,2,40,99;9,2,24,130;607,1,86;608,1,24;431,1,39;609,1,146;610,1,60;611,1,42;34,1,181;551,1,37;266,1,177;612,1,23;399,1,64;102,1,45;552,1,22;35,1,30;533,1,91;36,1,21;267,1,22;303,1,46;239,1,176;534,1,24;613,1,55;614,1,62;104,1,107;615,1,116;616,1,36;617,1,83;618,1,181;619,1,47;312,1,53;620,1,75;621,1,114;315,1,19;110,1,229;622,1,146;112,1,35;113,1,140;402,1,100;114,1,80;403,1,216;39,1,133;119,1,16;120,1,127;623,1,45;122,1,182;254,1,356;124,1,71;320,1,45;624,1,225;125,1,275;322,1,28;126,1,15;128,1,45;436,1,94;625,1,29;131,1,150;466,1,149;132,1,27;269,1,46;15,1,38;328,1,42;329,1,38;330,1,29;537,1,46;331,1,67;136,1,50;474,1,116;141,1,33;415,1,144;626,1,271;627,1,43;556,1,56;628,1,101;145,1,149;338,1,85;629,1,96;558,1,24;48,1,160;630,1,30;148,1,67;149,1,102;150,1,59;341,1,261;631,1,55;152,1,24;632,1,76;343,1,137;633,1,34;634,1,65;344,1,110;407,1,44;635,1,38;562,1,20;440,1,112;563,1,34;636,1,166;51,1,73;522,1,113;159,1,52;162,1,107;637,1,89;350,1,113;353,1,37;638,1,182;639,1,130;640,1,45;568,1,116;641,1,96;357,1,32;571,1,47;358,1,104;642,1,132;575,1,107;643,1,59;180,1,50;63,1,161;644,1,159;645,1,114;578,1,13;181,1,37;646,1,73;647,1,62;648,1,56;443,1,33;476,1,140;649,1,32;422,1,26;483,1,38;650,1,59;187,1,121;188,1,50;651,1,164;542,1,109;65,1,133;194,1,53;196,1,77;197,1,56;509,1,215;4,1,133;277,1,74;652,1,223;278,1,26;199,1,140;200,1,117;448,1,28;544,1,75;653,1,68;530,1,44;449,1,126;398,1,46;209,1,141;499,1,131;588,1,17;500,1,97;376,1,130;654,1,130;488,1,46;450,1,174;526,1,53;452,1,111;655,1,24;28,1,173;590,1,100;656,1,52;453,1,91;215,1,86;72,1,343;216,1,109;217,1,147;218,1,47;73,1,65;385,1,108;428,1,70;75,1,88;548,1,45;657,1,38;289,1,62;411,1,25;658,1,52;489,1,133;594,1,20;456,1,216;470,1,57;659,1,116;226,1,157;511,1,64;81,1,40;549,1,21;429,1,86;660,1,109;531,1,40;599,1,16;392,1,57;294,1,38;393,1,65;234,1,23;661,1,174;460,1,53;662,1,125;461,1,113;663,1,113;396,1,58;296,1,69;664,1,51
9,136,195:144,7,2,18,115,122,153,261,276;2,6,3,17,31,113,151,314;555,5,78,82,109,172,314;628,5,29,85,108,132,159;306,4,137,198,356,389;453,4,77,111,122,194;618,3,52,88,93;665,3,5,18,30;255,3,46,149,160;666,3,2,21,50;667,3,4,18,30;21,3,171,254,270;668,3,2,21,68;669,3,2,9,16;670,3,177,263,415;397,2,98,265;671,2,108,144;672,2,23,148;597,2,141,267;673,2,2,15;674,2,2,8;356,2,47,77;57,2,143,154;675,2,67,82;245,2,56,116;65,2,64,81;487,2,77,90;276,2,207,286;676,2,219,248;677,2,36,44;459,2,22,80;10,1,36;401,1,43;94,1,147;601,1,388;491,1,125;252,1,104;412,1,174;11,1,147;678,1,90;103,1,181;679,1,43;106,1,98;12,1,212;313,1,67;680,1,31;554,1,286;681,1,269;402,1,51;435,1,43;115,1,158;13,1,175;682,1,62;14,1,129;128,1,47;683,1,48;45,1,360;130,1,56;684,1,36;331,1,286;135,1,69;136,1,144;140,1,98;142,1,225;685,1,144;46,1,67;47,1,61;48,1,32;686,1,98;149,1,47;687,1,42;416,1,63;605,1,258;344,1,53;519,1,144;562,1,75;565,1,112;688,1,128;689,1,226;690,1,76;171,1,177;572,1,97;691,1,98;419,1,71;361,1,113;420,1,81;178,1,49;643,1,84;364,1,194;644,1,193;646,1,47;183,1,99;185,1,75;579,1,106;580,1,125;275,1,99;496,1,62;366,1,79;692,1,228;693,1,217;24,1,233;694,1,121;68,1,233;447,1,93;586,1,33;373,1,106;695,1,44;26,1,139;500,1,85;696,1,38;376,1,168;589,1,123;697,1,59;248,1,69;654,1,40;698,1,80;378,1,64;259,1,166;380,1,201;1,1,50;699,1,53;594,1,183;600,1,162;502,1,74;225,1,143;388,1,107;31,1,51;700,1,105;701,1,155;227,1,80;702,1,145;703,1,85;662,1,102;461,1,88;663,1,92;235,1,220
10,212,309:704,6,2,24,52,70,131,141;110,4,2,13,27,162;705,4,79,129,203,233;652,4,2,27,146,211;31,4,101,219,322,327;300,3,46,148,178;266,3,85,108,222;302,3,42,115,221;681,3,130,140,161;603,3,86,133,161;42,3,9,31,62;140,3,31,85,111;337,3,4,27,54;706,3,2,17,115;444,3,121,170,188;68,3,7,25,187;26,3,77,92,164;282,3,16,36,44;707,3,45,121,159;286,3,7,34,71;72,3,220,244,269;708,3,6,20,69;92,2,38,212;94,2,59,86;550,2,40,99;709,2,48,97;491,2,82,116;303,2,65,117;710,2,43,148;711,2,21,93;38,2,44,97;254,2,93,103;237,2,132,140;45,2,50,154;712,2,79,121;713,2,3,26;684,2,38,145;136,2,76,146;152,2,30,134;53,2,99,161;159,2,147,387;271,2,69,137;417,2,199,280;714,2,30,276;171,2,24,91;173,2,8,28;482,2,64,201;364,2,39,217;577,2,22,35;715,2,64,77;716,2,1,13;717,2,1,11;718,2,65,75;66,2,28,129;278,2,28,181;203,2,27,52;210,2,28,45;451,2,216,255;719,2,45,149;428,2,11,31;699,2,7,18;720,2,30,133;721,2,47,188;232,2,2,10;234,2,88,169;722,2,112,151;249,2,55,89;235,2,94,127;10,1,38;397,1,143;263,1,38;301,1,171;252,1,171;36,1,72;267,1,24;11,1,135;678,1,70;305,1,22;723,1,90;512,1,175;434,1,47;513,1,190;309,1,86;724,1,43;105,1,56;310,1,40;725,1,144;12,1,129;108,1,273;621,1,55;314,1,51;622,1,257;112,1,68;435,1,186;316,1,97;253,1,72;268,1,217;118,1,77;123,1,212;129,1,108;463,1,140;437,1,379;726,1,129;727,1,57;270,1,56;627,1,49;728,1,33;729,1,180;730,1,55;149,1,49;406,1,125;518,1,38;19,1,47;605,1,210;439,1,104;731,1,44;407,1,118;732,1,73;636,1,46;520,1,184;733,1,299;734,1,59;161,1,110;735,1,80;55,1,167;538,1,36;736,1,81;244,1,103;350,1,74;166,1,91;737,1,62;738,1,18;57,1,35;169,1,28;170,1,64;174,1,18;739,1,108;691,1,37;359,1,82;361,1,193;362,1,43;740,1,150;741,1,23;578,1,43;742,1,96;421,1,30;476,1,122;743,1,141;581,1,169;366,1,54;257,1,89;368,1,52;542,1,101;583,1,248;693,1,66;64,1,86;744,1,38;238,1,66;745,1,95;246,1,66;247,1,69;277,1,76;694,1,36;199,1,55;200,1,73;201,1,71;585,1,172;544,1,58;204,1,16;676,1,250;746,1,126;747,1,43;25,1,53;5,1,277;27,1,25;545,1,95;589,1,90;450,1,341;28,1,85;469,1,115;284,1,115;427,1,83;70,1,70;546,1,182;71,1,36;748,1,102;749,1,42;6,1,105;29,1,84;404,1,57;750,1,67;751,1,103;752,1,42;600,1,164;291,1,24;753,1,26;79,1,111;754,1,30;81,1,24;292,1,280;429,1,52;389,1,36;702,1,411;531,1,148;294,1,40;233,1,37;85,1,131;663,1,94;755,1,160;295,1,53;296,1,71;236,1,73
11,17,25:277,5,15,45,92,236,281;497,3,79,94,164;370,2,88,204;451,2,100,218;10,1,40;320,1,266;334,1,34;159,1,99;357,1,88;477,1,163;196,1,47;197,1,38;278,1,65;426,1,94;410,1,52;502,1,62;457,1,113
12,266,520:31,7,5,21,88,157,189,321,439;601,6,13,29,71,218,235,280;301,6,9,33,72,96,125,174;42,6,2,24,72,100,176,266;714,6,41,60,76,217,234,270;64,6,148,173,219,227,235,298;467,6,129,141,155,184,246,282;266,5,66,107,148,196,225;523,5,7,14,28,57,68;197,5,40,68,107,123,153;294,5,3,20,47,107,126;661,5,38,39,59,81,103;92,4,11,26,96,219;303,4,3,24,70,100;306,4,237,257,288,327;434,4,2,14,28,117;465,4,112,127,152,160;112,4,4,18,45,71;756,4,11,22,41,57;320,4,57,168,217,268;243,4,52,68,86,90;684,4,13,30,41,135;152,4,3,11,34,99;53,4,105,108,164,246;162,4,5,19,41,128;757,4,53,63,96,105;475,4,7,24,60,93;577,4,26,38,69,85;188,4,5,27,112,165;198,4,2,24,93,172;276,4,81,318,345,386;498,4,14,35,60,65;1,4,7,26,42,81;223,4,13,26,29,39;224,4,4,15,61,87;758,3,8,16,35;550,3,43,115,157;102,3,34,143,185;305,3,3,12,61;723,3,3,12,40;12,3,81,134,165;759,3,150,182,210;124,3,3,16,38;324,3,4,14,23;2,3,146,248,263;726,3,11,34,132;473,3,2,14,36;133,3,78,127,219;760,3,5,18,117;336,3,3,19,42;730,3,2,12,30;159,3,95,100,360;160,3,55,90,209;571,3,2,21,52;482,3,8,25,158;740,3,172,217,255;483,3,2,18,42;761,3,24,39,60;186,3,3,13,42;189,3,2,23,77;484,3,12,30,110;508,3,2,11,26;238,3,144,171,338;485,3,35,43,49;195,3,2,19,125;477,3,6,18,38;478,3,59,116,126;283,3,11,40,59;702,3,40,231,251;708,3,8,22,120;90,2,6,18;94,2,80,84;678,2,226,236;240,2,192,340;103,2,169,179;106,2,62,85;554,2,134,226;120,2,67,105;254,2,98,147;603,2,2,10;43,2,200,241;45,2,143,350;255,2,61,75;505,2,45,52;466,2,6,25;328,2,56,125;762,2,80,250;337,2,10,33;763,2,41,99;17,2,273,321;559,2,43,70;705,2,82,180;764,2,45,84;408,2,101,109;538,2,95,113;689,2,46,71;166,2,95,113;765,2,3,14;168,2,85,140;359,2,95,215;642,2,55,137;60,2,8,23;643,2,103,126;766,2,193,221;180,2,40,124;3,2,246,326;767,2,95,109;576,2,9,22;768,2,77,120;368,2,12,34;769,2,45,57;423,2,97,124;487,2,30,42;246,2,160,166;247,2,170,176;446,2,89,97;370,2,90,205;68,2,60,169;770,2,13,26;26,2,80,218;771,2,33,74;451,2,203,213;259,2,77,136;772,2,33,53;600,2,46,62;389,2,13,28;755,2,87,152;249,2,37,93;235,2,73,131;10,1,41;607,1,62;91,1,141;490,1,18;773,1,61;709,1,113;100,1,47;774,1,202;775,1,86;776,1,25;614,1,256;513,1,152;724,1,55;241,1,90;108,1,142;621,1,217;777,1,49;681,1,225;535,1,185;39,1,141;118,1,56;682,1,80;14,1,100;624,1,44;778,1,91;127,1,97;128,1,111;514,1,39;504,1,25;327,1,112;269,1,262;779,1,162;780,1,160;474,1,66;138,1,112;270,1,60;142,1,73;145,1,122;781,1,118;629,1,31;146,1,128;147,1,149;149,1,55;518,1,75;151,1,63;19,1,77;439,1,145;343,1,228;782,1,79;563,1,63;50,1,79;520,1,150;733,1,154;521,1,62;783,1,52;637,1,23;784,1,58;165,1,43;349,1,70;785,1,28;352,1,56;737,1,60;786,1,68;787,1,29;21,1,162;788,1,45;167,1,76;57,1,41;789,1,43;570,1,111;357,1,97;360,1,40;361,1,197;420,1,111;178,1,86;362,1,56;273,1,44;790,1,73;741,1,91;476,1,192;791,1,113;792,1,143;581,1,39;650,1,34;793,1,121;794,1,76;190,1,139;692,1,253;795,1,40;796,1,88;542,1,98;369,1,138;196,1,48;497,1,47;797,1,21;67,1,199;584,1,114;277,1,283;510,1,62;447,1,124;278,1,90;201,1,166;585,1,320;798,1,159;799,1,38;800,1,75;280,1,84;801,1,47;696,1,53;376,1,127;69,1,165;426,1,50;802,1,39;698,1,61;803,1,46;655,1,47;261,1,237;804,1,46;383,1,50;404,1,61;387,1,100;658,1,75;489,1,113;594,1,92;291,1,49;456,1,47;502,1,29;503,1,29;659,1,73;32,1,157;721,1,66;805,1,101;393,1,179;461,1,118;462,1,67;663,1,124;396,1,122
13,115,322:652,14,5,18,30,43,60,63,75,94,116,130,170,217,227,265;261,13,4,15,38,70,77,177,208,236,251,280,291,298,321;370,11,3,18,22,37,41,89,100,127,153,190,209;45,8,183,187,213,230,238,244,292,348;446,8,3,13,22,57,78,91,103,139;199,8,144,161,205,208,219,244,277,291;477,7,5,10,17,22,50,115,128;150,6,1,10,23,47,63,87;21,6,11,22,32,61,113,159;467,6,22,51,107,162,168,190;402,5,152,222,250,259,385;435,5,75,149,157,211,267;439,5,7,19,54,85,124;482,5,10,27,157,176,196;366,5,153,158,181,207,239;704,5,5,27,47,102,153;464,5,7,28,45,157,178;70,5,12,38,72,157,168;225,5,4,16,43,107,127;10,4,44,99,118,124;412,4,244,315,340,358;43,4,177,208,278,303;522,4,7,28,53,97;349,4,9,18,34,66;444,4,117,162,185,199;371,4,6,17,27,80;587,4,97,104,122,134;377,4,143,149,164,279;260,4,7,40,73,119;286,4,132,141,165,207;226,4,6,25,46,179;613,3,96,107,110;465,3,13,26,37;2,3,14,28,42;131,3,65,94,119;806,3,4,20,55;705,3,33,59,117;186,3,2,12,41;238,3,153,209,328;485,3,4,19,110;197,3,39,106,152;498,3,11,32,64;372,3,102,154,165;200,3,142,147,155;489,3,89,102,122;472,2,176,189;124,2,54,61;414,2,130,135;504,2,21,52;130,2,172,191;665,2,10,23;255,2,11,28;505,2,30,136;327,2,55,153;466,2,16,35;473,2,5,17;474,2,65,102;270,2,42,100;162,2,120,174;417,2,285,314;163,2,11,22;476,2,212,244;496,2,11,26;484,2,9,27;423,2,64,125;196,2,41,72;478,2,47,98;497,2,2,12;24,2,12,34;246,2,195,216;68,2,57,178;807,2,31,40;280,2,251,280;450,2,108,184;411,2,153,174;101,1,88;413,1,52;471,1,36;463,1,209;269,1,94;779,1,161;506,1,163;336,1,54;667,1,53;520,1,51;54,1,145;352,1,64;354,1,137;357,1,103;358,1,70;59,1,190;419,1,50;495,1,119;245,1,46;650,1,82;445,1,31;524,1,14;195,1,117;424,1,36;258,1,66;209,1,154;27,1,99;282,1,101;69,1,85;488,1,81;451,1,222;283,1,142;378,1,111;28,1,52;469,1,75;656,1,115;502,1,28;503,1,28;659,1,125;394,1,175
14,143,268:331,8,179,192,217,230,415,422,447,454;399,7,110,122,128,141,150,157,178;238,7,191,207,231,326,359,371,402;99,5,116,119,121,125,127;113,5,71,75,91,190,229;253,5,199,250,269,305,307;219,5,116,132,135,157,160;42,4,160,190,212,292;808,4,153,166,173,197;46,4,465,503,549,591;175,4,70,83,85,129;24,4,159,195,218,306;530,4,158,169,172,178;303,3,236,244,308;306,3,398,415,434;402,3,238,262,280;682,3,156,165,187;806,3,56,77,84;809,3,77,80,85;522,3,93,143,165;539,3,120,134,146;766,3,142,194,201;740,3,85,93,107;810,3,62,77,98;692,3,168,170,215;693,3,152,192,194;246,3,217,219,231;377,3,137,162,216;811,3,27,57,59;385,3,136,145,171;699,3,147,185,227;83,3,265,267,311;249,3,113,123,129;92,2,126,138;263,2,160,166;773,2,119,121;532,2,134,145;533,2,98,106;310,2,68,82;120,2,274,278;481,2,136,160;269,2,149,165;812,2,55,69;329,2,84,149;727,2,80,98;136,2,262,275;137,2,120,122;271,2,234,238;171,2,115,122;813,2,128,135;63,2,87,260;422,2,44,48;187,2,107,114;64,2,169,321;277,2,191,233;370,2,151,193;199,2,203,261;201,2,246,318;585,2,122,430;206,2,194,304;814,2,134,144;286,2,163,205;6,2,155,169;392,2,180,209;393,2,151,153;10,1,45;298,1,133;397,1,199;815,1,28;97,1,63;100,1,177;412,1,200;267,1,156;239,1,285;614,1,245;308,1,132;309,1,129;615,1,178;671,1,138;12,1,241;619,1,186;315,1,83;816,1,120;535,1,43;403,1,86;117,1,75;126,1,46;817,1,109;45,1,228;665,1,60;131,1,106;779,1,131;818,1,144;334,1,55;628,1,121;493,1,308;494,1,58;147,1,39;819,1,145;440,1,144;520,1,42;161,1,32;735,1,114;565,1,123;163,1,96;173,1,164;22,1,258;691,1,67;820,1,46;23,1,79;575,1,98;178,1,143;821,1,122;822,1,57;823,1,107;669,1,88;189,1,151;366,1,157;192,1,127;447,1,165;824,1,24;205,1,145;449,1,37;279,1,97;209,1,46;375,1,63;5,1,193;26,1,107;450,1,398;283,1,97;378,1,220;655,1,103;72,1,292;804,1,73;29,1,85;30,1,179;750,1,59;489,1,87;388,1,125;32,1,104;825,1,129;295,1,178;235,1,231
15,105,133:211,5,143,149,168,173,179;223,5,2,15,35,45,65;652,4,64,95,134,174;261,4,206,246,287,296;533,3,5,13,111;271,3,195,211,225;277,3,168,242,284;10,2,46,106;92,2,12,27;491,2,5,20;628,2,141,150;346,2,8,28;826,2,4,16;583,2,178,278;653,2,7,21;96,1,107;97,1,67;300,1,210;301,1,146;774,1,96;36,1,191;303,1,279;239,1,84;678,1,250;240,1,233;616,1,87;725,1,221;242,1,203;108,1,204;110,1,284;554,1,130;827,1,98;42,1,231;123,1,20;624,1,71;597,1,190;126,1,127;45,1,242;129,1,77;828,1,106;269,1,109;529,1,53;760,1,113;515,1,89;626,1,76;829,1,56;17,1,56;343,1,90;154,1,45;733,1,77;54,1,217;417,1,87;784,1,107;714,1,110;785,1,55;167,1,61;641,1,72;59,1,141;739,1,86;668,1,116;361,1,157;475,1,73;273,1,188;63,1,61;830,1,38;181,1,96;822,1,139;442,1,49;183,1,80;476,1,242;716,1,47;717,1,40;274,1,29;669,1,21;796,1,116;193,1,154;543,1,76;194,1,38;400,1,113;746,1,51;831,1,22;375,1,60;26,1,114;801,1,28;248,1,245;450,1,257;451,1,291;213,1,197;453,1,19;380,1,228;218,1,164;385,1,261;221,1,300;657,1,157;410,1,39;751,1,58;832,1,28;31,1,180;292,1,56;7,1,67;660,1,96;833,1,27;834,1,149;392,1,186;393,1,129
16,140,177:269,4,10,28,56,106;348,4,69,173,200,207;835,4,9,19,23,28;10,3,50,59,77;319,3,75,145,201;530,3,96,136,151;707,3,182,218,228;452,3,250,371,500;83,3,161,328,348;86,2,30,35;401,2,164,166;773,2,91,104;836,2,23,116;116,2,126,131;414,2,190,198;333,2,50,92;493,2,45,369;686,2,116,129;442,2,31,64;206,2,80,91;837,2,96,102;76,2,54,92;222,2,86,110;599,2,19,64;663,2,109,146;297,1,100;608,1,56;838,1,71;609,1,221;93,1,67;96,1,208;98,1,171;100,1,103;774,1,100;239,1,136;11,1,100;434,1,69;614,1,143;37,1,85;103,1,139;106,1,90;617,1,85;242,1,152;108,1,56;110,1,88;554,1,296;115,1,85;839,1,44;39,1,188;41,1,50;14,1,88;778,1,103;321,1,114;817,1,256;142,1,71;626,1,98;517,1,100;729,1,137;17,1,80;840,1,53;631,1,108;634,1,57;731,1,46;519,1,199;154,1,119;562,1,155;841,1,121;563,1,53;51,1,117;733,1,176;842,1,127;734,1,21;522,1,119;162,1,227;765,1,53;786,1,57;57,1,162;172,1,56;641,1,127;175,1,153;361,1,22;61,1,184;643,1,131;843,1,64;740,1,181;363,1,178;273,1,163;644,1,50;768,1,57;715,1,124;647,1,52;476,1,137;422,1,95;580,1,134;716,1,107;844,1,178;365,1,21;189,1,91;190,1,114;651,1,51;693,1,177;65,1,105;194,1,28;524,1,44;238,1,53;195,1,163;24,1,74;246,1,117;247,1,134;198,1,108;845,1,155;585,1,174;799,1,43;207,1,79;208,1,50;280,1,153;846,1,111;545,1,46;697,1,61;802,1,84;378,1,179;379,1,119;847,1,28;380,1,204;382,1,46;218,1,161;6,1,95;385,1,260;221,1,174;772,1,90;848,1,80;699,1,76;77,1,43;290,1,232;754,1,33;456,1,218;805,1,55;227,1,96;531,1,156;394,1,95
17,138,338:236,17,14,25,43,54,96,101,112,129,134,140,158,176,185,192,198,204,217;429,12,11,31,65,81,112,168,183,220,244,270,298,339;201,9,14,34,59,86,224,257,272,294,314;41,8,60,99,172,174,253,313,315,333;253,7,14,43,84,235,259,273,286;740,7,61,88,110,118,135,195,203;42,6,80,96,156,233,241,258;149,6,13,28,62,95,120,134;53,6,70,91,133,152,216,311;271,6,18,36,96,160,198,213;372,6,9,31,71,186,206,220;773,5,11,24,40,127,129;100,5,11,18,33,40,94;45,5,84,111,139,149,303;788,5,7,16,32,55,65;4,5,20,51,84,107,115;258,5,10,37,83,103,157;199,5,147,211,280,294,316;432,4,56,127,153,165;101,4,11,24,95,118;725,4,55,64,114,159;481,4,74,121,151,262;137,4,56,80,127,129;162,4,61,112,178,183;173,4,66,104,124,141;200,4,25,55,120,179;286,4,79,136,172,234;224,4,9,20,133,152;701,4,67,108,112,122;296,4,26,58,89,222;664,4,61,121,137,214;266,3,23,48,73;254,3,75,157,198;603,3,63,147,167;125,3,151,278,332;255,3,69,176,183;726,3,21,44,76;136,3,7,30,79;849,3,228,252,280;54,3,4,18,270;165,3,78,112,120;363,3,123,159,224;180,3,14,33,67;31,3,44,150,351;850,3,21,42,82;83,3,134,292,307;9,3,75,179,182;301,2,22,46;612,2,72,143;851,2,43,62;827,2,97,170;435,2,104,165;39,2,92,231;321,2,89,130;463,2,231,242;2,2,94,183;806,2,76,93;705,2,49,55;561,2,41,106;159,2,198,212;351,2,9,20;59,2,91,110;3,2,184,254;366,2,172,198;238,2,348,367;446,2,40,110;424,2,56,71;28,2,122,157;852,2,85,106;10,1,51;250,1,154;91,1,51;853,1,100;854,1,20;102,1,132;239,1,113;513,1,90;12,1,67;618,1,39;619,1,53;402,1,291;414,1,87;128,1,36;130,1,203;665,1,39;140,1,75;855,1,61;335,1,119;336,1,80;493,1,376;146,1,30;150,1,31;52,1,60;158,1,196;783,1,51;161,1,65;735,1,105;21,1,106;168,1,92;172,1,39;419,1,106;856,1,47;476,1,210;649,1,121;185,1,25;444,1,70;581,1,29;186,1,56;189,1,86;540,1,87;445,1,38;542,1,30;485,1,83;247,1,79;198,1,103;276,1,85;68,1,291;400,1,121;800,1,96;27,1,95;248,1,129;707,1,131;771,1,134;211,1,181;450,1,62;213,1,217;453,1,153;217,1,124;772,1,68;489,1,108;857,1,64;456,1,249;226,1,86;858,1,96;805,1,125;393,1,68;233,1,75;662,1,115
18,73,172:201,8,16,36,61,226,259,274,296,316;429,8,114,170,185,222,246,272,300,341;372,6,11,33,73,188,208,222;41,5,101,176,255,317,335;149,5,15,30,64,122,136;788,5,9,18,34,57,67;258,5,12,39,85,105,159;199,5,149,213,282,296,318;432,4,58,129,155,167;773,4,13,26,42,131;100,4,20,42,96,150;101,4,13,26,97,120;725,4,57,66,116,161;45,4,113,141,151,305;4,4,22,53,86,109;286,4,81,138,174,236;296,4,28,60,91,224;266,3,25,50,75;42,3,82,158,235;726,3,23,46,78;849,3,230,254,282;54,3,6,20,272;162,3,63,114,180;180,3,16,35,69;200,3,27,57,122;83,3,136,294,309;236,3,27,56,219;664,3,123,139,216;301,2,24,48;2,2,96,185;351,2,11,22;3,2,186,256;366,2,174,200;238,2,350,369;446,2,42,112;424,2,58,73;28,2,124,159;31,2,46,152;852,2,87,108;10,1,53;87,1,114;853,1,102;102,1,134;618,1,41;254,1,159;665,1,41;255,1,71;336,1,82;150,1,33;705,1,51;52,1,62;159,1,200;271,1,215;161,1,67;735,1,107;21,1,108;168,1,94;59,1,93;419,1,108;856,1,49;189,1,88;540,1,89;247,1,81;198,1,105;276,1,87;68,1,293;449,1,99;654,1,89;211,1,183;489,1,110;226,1,88;393,1,70;233,1,77
19,162,322:529,6,3,21,38,111,176,196;46,5,42,60,108,259,557;859,5,6,17,24,44,65;860,5,41,62,74,91,97;364,5,53,97,100,113,208;189,5,10,31,58,112,209;805,5,2,10,38,109,148;83,5,24,49,70,108,215;392,5,21,48,79,88,151;710,4,2,7,28,90;308,4,5,19,40,52;118,4,7,16,33,86;537,4,4,25,50,181;727,4,3,8,20,119;175,4,34,105,117,157;190,4,28,39,46,177;198,4,17,39,83,193;277,4,24,54,101,156;585,4,186,221,365,496;285,4,8,28,55,162;296,4,102,110,149,207;9,4,7,15,27,162;297,3,113,130,193;775,3,88,162,275;304,3,1,10,63;240,3,117,259,279;107,3,41,76,136;413,3,1,9,90;817,3,11,24,47;243,3,11,24,28;818,3,4,30,54;626,3,69,87,138;729,3,13,32,61;861,3,10,27,54;522,3,1,22,44;168,3,14,30,61;789,3,5,12,20;358,3,1,21,57;245,3,109,142,244;795,3,19,38,64;246,3,21,47,57;247,3,20,45,55;276,3,23,51,61;80,3,3,14,40;862,3,4,10,27;393,3,20,41,104;249,3,16,33,57;608,2,33,41;86,2,6,14;91,2,318,331;262,2,55,115;265,2,50,68;102,2,59,84;492,2,97,173;309,2,74,139;312,2,3,16;38,2,61,110;268,2,4,15;125,2,202,229;2,2,127,326;137,2,150,205;808,2,71,142;863,2,99,116;819,2,84,89;19,2,64,105;688,2,14,29;353,2,68,79;172,2,6,16;22,2,123,147;643,2,66,181;864,2,159,193;649,2,54,163;422,2,18,113;692,2,92,150;543,2,215,245;204,2,1,8;404,2,14,33;290,2,161,179;429,2,91,99;293,2,3,8;664,2,1,25;10,1,60;865,1,53;95,1,45;264,1,221;773,1,122;251,1,140;709,1,106;266,1,208;774,1,106;854,1,28;252,1,345;678,1,133;306,1,408;671,1,92;725,1,169;619,1,68;241,1,94;108,1,248;555,1,95;866,1,42;114,1,33;39,1,110;253,1,119;117,1,111;867,1,56;40,1,93;121,1,93;254,1,402;320,1,74;624,1,161;536,1,77;437,1,86;415,1,169;781,1,108;48,1,139;763,1,87;559,1,83;416,1,36;342,1,153;560,1,126;605,1,219;520,1,45;734,1,44;161,1,27;757,1,70;163,1,153;348,1,121;166,1,77;352,1,67;737,1,48;868,1,33;354,1,93;418,1,301;575,1,100;61,1,61;273,1,62;3,1,279;767,1,97;830,1,10;792,1,66;257,1,126;542,1,34;769,1,48;64,1,164;869,1,73;870,1,36;497,1,103;67,1,278;694,1,83;200,1,95;281,1,71;426,1,140;215,1,192;591,1,38;489,1,72;480,1,77;834,1,209;294,1,119;233,1,106;394,1,70;670,1,83
20,174,334:83,9,25,50,71,109,150,216,228,332,364;296,8,24,56,87,103,111,121,150,208;21,6,6,17,26,196,209,278;310,5,24,71,75,115,133;765,5,11,22,43,51,86;860,5,42,63,75,92,98;189,5,11,32,59,113,210;392,5,22,49,80,89,152;550,4,7,18,35,164;774,4,84,107,170,209;513,4,13,26,70,178;679,4,7,14,33,72;155,4,13,32,77,95;786,4,11,22,34,86;175,4,35,106,118,158;364,4,54,98,114,209;869,4,10,23,43,74;198,4,18,40,84,194;277,4,25,55,102,157;702,4,43,124,203,238;233,4,17,34,66,107;297,3,114,131,194;775,3,89,163,276;614,3,141,218,241;309,3,64,75,140;108,3,29,63,178;39,3,18,36,111;625,3,7,19,39;729,3,14,33,62;605,3,165,197,212;353,3,27,69,80;168,3,15,31,62;245,3,110,143,245;692,3,56,93,151;246,3,22,48,58;247,3,21,46,56;276,3,24,52,62;280,3,20,48,73;393,3,21,42,105;234,3,37,107,159;395,3,93,128,184;249,3,17,34,58;9,3,41,125,163;608,2,34,42;86,2,28,53;262,2,56,116;263,2,74,133;102,2,60,85;492,2,98,174;240,2,260,280;312,2,4,17;315,2,32,68;114,2,34,53;403,2,157,201;253,2,120,309;120,2,9,25;2,2,128,327;137,2,151,206;781,2,60,109;808,2,72,143;46,2,260,558;863,2,100,117;17,2,90,146;819,2,85,90;19,2,65,106;849,2,100,120;163,2,6,17;638,2,32,58;171,2,126,136;22,2,124,148;273,2,63,168;3,2,50,280;649,2,55,164;422,2,19,114;769,2,27,49;376,2,178,258;655,2,51,104;857,2,7,14;429,2,92,100;663,2,63,142;10,1,61;88,1,71;91,1,319;853,1,97;95,1,46;265,1,51;773,1,123;251,1,141;709,1,107;266,1,209;854,1,29;252,1,346;534,1,53;678,1,134;306,1,409;37,1,281;598,1,59;851,1,46;602,1,47;107,1,42;725,1,170;619,1,69;111,1,99;622,1,208;871,1,30;681,1,33;535,1,107;555,1,96;866,1,43;38,1,115;117,1,112;40,1,94;121,1,94;254,1,403;471,1,71;320,1,75;44,1,72;328,1,81;872,1,124;628,1,68;338,1,125;604,1,64;629,1,46;48,1,140;873,1,127;559,1,84;342,1,154;560,1,127;874,1,54;52,1,115;161,1,28;417,1,62;736,1,91;349,1,102;166,1,78;352,1,68;737,1,49;826,1,95;868,1,34;354,1,94;642,1,63;643,1,182;767,1,98;576,1,151;830,1,11;645,1,130;875,1,37;476,1,131;792,1,67;761,1,37;583,1,267;693,1,153;64,1,165;478,1,142;497,1,104;67,1,279;584,1,69;694,1,84;200,1,96;876,1,60;696,1,32;802,1,91;479,1,44;377,1,79;480,1,78;503,1,41;292,1,237;459,1,101;877,1,53;834,1,60;703,1,36;294,1,120;661,1,239;878,1,117
21,240,463:133,7,49,57,70,123,126,170,218;714,7,40,59,75,193,233,241,269;708,7,7,21,72,85,119,137,164;37,6,41,55,82,115,123,128;535,6,28,36,50,151,167,184;158,6,110,120,134,145,160,191;353,6,18,26,56,73,94,163;661,6,37,58,83,99,115,202;113,5,41,84,146,258,263;879,5,39,115,125,144,214;415,5,53,61,85,102,221;766,5,143,155,172,192,220;585,5,164,210,260,352,462;775,4,90,127,230,245;412,4,92,166,266,336;306,4,234,256,264,287;310,4,10,21,32,65;554,4,191,200,217,230;827,4,48,54,131,166;402,4,145,150,278,287;684,4,12,29,40,134;562,4,87,228,260,281;733,4,82,89,153,323;880,4,9,24,37,141;417,4,14,42,75,241;765,4,2,13,82,126;171,4,34,85,119,137;881,4,63,78,83,103;60,4,5,12,20,27;696,4,49,87,111,124;882,3,77,87,125;709,3,45,112,176;252,3,84,123,332;513,3,142,151,169;309,3,53,76,141;108,3,49,139,209;759,3,51,55,202;883,3,57,91,136;112,3,1,15,47;681,3,178,196,224;884,3,95,113,135;124,3,2,15,37;597,3,166,194,210;125,3,53,138,261;762,3,79,121,249;729,3,15,34,63;343,3,45,199,231;786,3,58,67,82;860,3,45,64,93;179,3,27,97,116;792,3,34,43,142;497,3,35,86,141;67,3,168,205,269;276,3,230,283,331;846,3,33,66,71;885,3,37,51,67;886,3,8,18,42;850,3,18,39,78;887,3,10,21,93;531,3,98,113,143;755,3,86,151,191;433,2,49,73;601,2,3,19;300,2,142,185;102,2,66,98;35,2,75,87;492,2,73,118;105,2,58,84;106,2,61,84;241,2,42,89;621,2,216,285;871,2,105,161;435,2,296,300;316,2,87,330;268,2,178,234;121,2,8,20;41,2,13,26;756,2,40,56;43,2,199,240;321,2,107,220;126,2,27,213;888,2,83,121;712,2,20,51;243,2,51,85;328,2,53,124;329,2,49,52;537,2,88,121;872,2,8,16;136,2,197,257;144,2,84,88;889,2,53,174;873,2,130,165;559,2,42,69;341,2,272,279;151,2,128,166;890,2,12,25;163,2,106,156;362,2,71,89;643,2,55,171;422,2,107,115;692,2,62,95;376,2,165,180;698,2,43,60;31,2,223,381;862,2,19,93;230,2,40,139;8,2,66,125;395,2,216,224;10,1,64;607,1,61;298,1,197;86,1,31;397,1,125;815,1,50;93,1,98;97,1,112;264,1,192;251,1,147;774,1,197;491,1,32;532,1,94;552,1,67;302,1,170;891,1,96;678,1,279;304,1,34;710,1,132;103,1,118;851,1,48;724,1,54;312,1,61;313,1,168;315,1,64;816,1,143;892,1,156;839,1,71;867,1,59;118,1,100;122,1,142;682,1,132;42,1,295;237,1,273;44,1,147;323,1,65;817,1,100;324,1,173;514,1,31;893,1,47;625,1,45;466,1,44;894,1,146;780,1,137;727,1,90;818,1,117;806,1,115;760,1,37;515,1,58;895,1,39;896,1,121;628,1,160;629,1,30;558,1,75;808,1,116;49,1,39;17,1,320;730,1,52;782,1,78;764,1,73;154,1,73;440,1,93;563,1,65;897,1,36;408,1,100;520,1,137;159,1,135;271,1,210;347,1,43;898,1,51;757,1,26;784,1,57;689,1,70;736,1,92;785,1,25;638,1,59;787,1,28;441,1,42;21,1,27;568,1,26;356,1,57;168,1,162;899,1,52;523,1,20;900,1,64;675,1,60;176,1,64;642,1,81;575,1,57;843,1,103;901,1,71;63,1,143;810,1,57;576,1,125;367,1,156;582,1,67;796,1,90;65,1,58;487,1,51;652,1,144;201,1,76;902,1,46;499,1,100;281,1,112;464,1,72;771,1,73;211,1,85;285,1,87;427,1,90;453,1,22;772,1,178;903,1,49;387,1,128;411,1,39;658,1,74;291,1,73;904,1,42;754,1,113;502,1,48;457,1,34;805,1,59;877,1,72;229,1,112;293,1,66;702,1,44;833,1,49;232,1,20;834,1,249;670,1,174;85,1,115;663,1,123;396,1,114
22,218,469:399,10,79,109,115,127,140,146,155,159,175,183;276,9,223,224,259,268,308,311,340,352,375;199,9,13,33,67,102,110,176,221,257,301;45,8,59,76,102,189,197,208,215,232;253,7,111,150,183,203,210,232,291;457,7,13,28,48,68,78,130,166;266,6,93,124,169,206,214,237;466,6,13,32,59,126,137,158;398,6,6,17,37,61,119,141;282,6,12,32,62,67,113,131;480,6,7,18,30,32,104,182;83,6,102,119,209,233,276,354;39,5,83,101,219,223,263;41,5,42,54,66,199,281;254,5,246,254,322,368,409;2,5,125,134,203,324,333;136,5,23,46,68,188,219;137,5,68,97,145,196,233;159,5,197,203,370,401,419;277,5,149,190,216,250,274;29,5,28,56,158,177,198;294,5,84,98,117,148,158;774,4,169,184,191,194;412,4,246,317,342,360;614,4,91,152,169,214;321,4,32,96,197,213;331,4,83,191,229,333;246,4,115,211,223,241;370,4,61,75,173,199;68,4,286,307,335,346;248,4,110,112,117,122;385,4,14,34,91,230;502,4,5,16,72,116;393,4,98,128,150,155;9,4,80,101,169,170;401,3,69,184,206;265,3,105,110,131;98,3,5,12,26;613,3,79,91,112;435,3,151,213,269;319,3,70,113,180;320,3,87,92,135;463,3,66,181,201;130,3,137,155,176;255,3,119,145,169;270,3,106,122,136;808,3,151,183,239;849,3,212,262,268;765,3,79,97,127;357,3,14,28,77;821,3,85,154,173;181,3,30,31,260;444,3,119,125,141;189,3,105,156,202;366,3,75,155,241;446,3,10,20,29;5,3,27,56,68;451,3,48,52,66;285,3,43,51,121;30,3,28,58,76;222,3,92,112,121;501,3,7,20,41;887,3,95,105,106;392,3,145,178,207;233,3,82,109,115;296,3,143,158,201;301,2,140,196;775,2,128,256;240,2,110,209;306,2,57,404;103,2,272,317;905,2,126,234;884,2,73,99;471,2,117,121;597,2,137,184;323,2,13,26;126,2,39,263;140,2,70,72;157,2,131,172;346,2,153,160;20,2,88,104;786,2,79,97;355,2,76,88;175,2,43,88;22,2,155,174;3,2,137,299;445,2,30,33;486,2,19,41;197,2,27,176;24,2,106,149;509,2,53,62;814,2,119,142;479,2,53,57;378,2,118,172;655,2,69,132;70,2,25,51;72,2,191,209;218,2,101,187;503,2,10,20;32,2,109,283;8,2,196,229;396,2,26,53;10,1,65;397,1,85;906,1,141;610,1,94;97,1,46;251,1,143;99,1,88;836,1,117;102,1,182;252,1,333;492,1,86;710,1,55;616,1,19;618,1,80;907,1,125;777,1,108;711,1,40;555,1,342;402,1,252;117,1,54;13,1,171;237,1,274;125,1,45;504,1,47;133,1,152;329,1,141;134,1,308;894,1,77;727,1,69;332,1,73;474,1,105;138,1,95;334,1,101;142,1,60;405,1,66;144,1,146;493,1,292;863,1,135;819,1,87;149,1,67;406,1,184;518,1,61;153,1,86;632,1,72;633,1,41;407,1,105;897,1,135;52,1,51;53,1,82;880,1,80;271,1,107;417,1,325;164,1,142;638,1,47;354,1,83;171,1,132;172,1,89;881,1,129;419,1,74;908,1,38;495,1,121;364,1,94;767,1,153;909,1,35;910,1,28;875,1,28;442,1,37;646,1,129;476,1,203;743,1,146;245,1,237;911,1,64;186,1,63;693,1,157;870,1,103;238,1,225;485,1,74;195,1,71;745,1,126;247,1,132;198,1,142;510,1,71;372,1,104;200,1,149;585,1,73;279,1,73;409,1,109;876,1,155;588,1,81;846,1,62;376,1,144;464,1,121;450,1,71;427,1,87;380,1,293;381,1,53;216,1,84;219,1,68;912,1,161;428,1,113;751,1,120;78,1,128;387,1,231;752,1,72;411,1,52;470,1,115;31,1,147;511,1,118;858,1,100;913,1,73;549,1,94;231,1,70;232,1,38;394,1,90;235,1,164;878,1,67
23,488,776:248,7,6,26,46,157,178,197,223;92,6,94,110,176,231,250,260;2,6,75,160,194,242,260,311;68,6,240,257,272,299,320,327;601,5,90,186,369,395,413;316,5,218,271,317,338,386;45,5,156,233,287,290,379;350,5,70,132,167,215,240;24,5,45,228,254,303,317;78,5,52,110,140,175,183;125,4,168,283,320,335;128,4,123,140,159,192;626,4,120,224,251,265;860,4,178,236,255,302;22,4,68,184,301,314;180,4,74,100,147,160;580,4,132,158,197,207;187,4,45,117,149,153;190,4,43,74,117,128;209,4,14,28,177,183;499,4,14,44,110,155;381,4,65,121,144,208;752,4,2,11,65,110;594,4,139,143,147,249;229,4,11,88,102,110;8,4,12,34,120,286;709,3,135,196,224;836,3,29,39,72;36,3,138,153,189;37,3,169,172,238;618,3,53,100,216;14,3,7,21,146;43,3,256,258,268;331,3,259,302,326;872,3,46,185,189;493,3,209,263,439;729,3,142,196,200;46,3,64,428,636;151,3,71,88,224;155,3,5,24,115;51,3,35,132,137;733,3,215,240,406;880,3,66,73,152;271,3,139,157,176;162,3,90,97,148;348,3,127,181,193;55,3,74,108,175;786,3,99,119,129;567,3,9,21,76;167,3,81,98,115;789,3,61,66,100;170,3,46,60,84;181,3,110,237,267;792,3,82,98,166;914,3,12,24,39;191,3,12,73,98;745,3,22,51,112;370,3,118,175,179;5,3,189,238,245;27,3,18,61,85;213,3,48,184,225;70,3,101,127,163;71,3,86,103,114;215,3,58,100,237;380,3,130,175,251;236,3,159,170,234;250,2,235,310;906,2,31,112;609,2,124,198;93,2,74,127;758,2,21,62;96,2,110,262;251,2,73,119;34,2,16,32;100,2,75,107;492,2,22,139;239,2,164,268;11,2,27,165;905,2,191,318;106,2,68,170;107,2,93,99;907,2,79,90;110,2,244,281;472,2,217,228;892,2,100,145;555,2,321,371;115,2,74,163;39,2,198,309;40,2,225,249;120,2,62,156;41,2,150,215;122,2,134,203;481,2,161,235;624,2,93,136;269,2,60,126;328,2,99,129;915,2,63,67;135,2,64,92;332,2,179,232;405,2,74,136;144,2,233,284;145,2,73,142;47,2,58,74;340,2,136,201;149,2,115,131;859,2,52,88;849,2,69,330;782,2,99,127;562,2,98,331;440,2,169,192;520,2,166,226;159,2,141,296;688,2,75,122;349,2,76,97;166,2,55,176;352,2,96,132;56,2,88,139;57,2,51,89;641,2,126,131;571,2,39,70;58,2,147,161;642,2,102,162;574,2,160,166;362,2,16,115;643,2,37,74;62,2,63,86;363,2,146,185;813,2,61,131;822,2,143,209;646,2,77,100;476,2,142,186;185,2,65,134;911,2,19,83;186,2,69,83;188,2,133,214;692,2,131,205;368,2,45,114;193,2,245,263;693,2,146,200;66,2,146,151;423,2,27,57;477,2,176,234;196,2,58,63;197,2,19,162;797,2,67,79;498,2,135,203;199,2,201,271;200,2,138,180;201,2,72,227;824,2,81,98;207,2,58,190;25,2,85,104;375,2,53,76;464,2,141,198;771,2,105,186;283,2,107,162;377,2,335,345;212,2,125,141;284,2,48,97;427,2,69,136;453,2,136,180;379,2,87,109;837,2,60,90;382,2,20,38;748,2,79,143;219,2,176,201;74,2,61,99;903,2,62,72;528,2,15,40;720,2,110,174;501,2,70,105;489,2,123,128;600,2,32,141;456,2,234,267;470,2,99,172;31,2,75,193;32,2,30,412;82,2,53,73;531,2,106,146;670,2,356,392;249,2,127,135;10,1,67;298,1,88;299,1,152;608,1,55;431,1,61;397,1,184;815,1,117;88,1,124;865,1,92;91,1,147;853,1,58;433,1,140;550,1,166;263,1,104;95,1,55;264,1,77;98,1,197;99,1,51;551,1,150;775,1,47;854,1,49;399,1,87;533,1,47;534,1,21;678,1,201;613,1,70;240,1,411;723,1,100;916,1,78;306,1,279;434,1,122;917,1,70;103,1,332;615,1,130;105,1,148;310,1,151;725,1,219;12,1,157;619,1,233;620,1,79;621,1,212;313,1,117;109,1,26;315,1,42;777,1,114;465,1,161;622,1,286;871,1,37;113,1,22;866,1,58;827,1,69;435,1,131;884,1,166;114,1,119;839,1,127;116,1,187;253,1,188;117,1,29;121,1,216;254,1,87;42,1,49;672,1,45;123,1,231;124,1,69;414,1,100;918,1,110;322,1,82;126,1,222;817,1,68;324,1,206;504,1,78;129,1,155;255,1,164;326,1,99;505,1,99;712,1,119;828,1,93;625,1,69;131,1,25;466,1,192;726,1,121;473,1,57;673,1,99;894,1,104;537,1,194;727,1,105;136,1,70;334,1,92;139,1,40;140,1,143;141,1,152;515,1,112;895,1,88;556,1,68;896,1,149;338,1,198;629,1,32;808,1,136;919,1,83;48,1,237;147,1,131;686,1,131;406,1,105;920,1,102;150,1,139;705,1,87;341,1,293;342,1,51;921,1,127;152,1,184;561,1,95;634,1,39;344,1,100;519,1,231;922,1,46;923,1,108;841,1,90;408,1,29;842,1,79;157,1,139;861,1,92;53,1,283;158,1,124;54,1,156;20,1,170;924,1,59;637,1,91;925,1,49;538,1,77;714,1,169;736,1,53;164,1,116;244,1,51;165,1,146;785,1,103;351,1,106;353,1,162;765,1,99;638,1,212;639,1,92;640,1,63;868,1,37;21,1,47;926,1,133;690,1,109;356,1,62;169,1,40;172,1,80;358,1,82;174,1,47;572,1,120;359,1,247;360,1,113;176,1,298;177,1,190;361,1,130;927,1,66;23,1,60;475,1,86;420,1,107;60,1,85;575,1,105;61,1,126;843,1,126;179,1,109;63,1,170;3,1,64;767,1,32;830,1,52;768,1,79;645,1,67;928,1,72;182,1,32;183,1,44;743,1,137;864,1,185;184,1,112;929,1,67;579,1,114;930,1,106;844,1,206;718,1,211;365,1,169;245,1,162;581,1,51;275,1,130;761,1,201;650,1,74;496,1,88;540,1,70;257,1,73;795,1,84;931,1,94;367,1,101;796,1,63;651,1,58;583,1,204;64,1,338;870,1,65;194,1,34;238,1,150;195,1,263;486,1,101;478,1,103;509,1,33;4,1,168;246,1,191;247,1,205;198,1,181;694,1,165;807,1,88;448,1,59;585,1,509;653,1,127;203,1,87;586,1,86;530,1,167;204,1,55;373,1,138;798,1,147;831,1,108;206,1,308;208,1,124;279,1,44;932,1,40;280,1,346;26,1,242;801,1,48;933,1,25;802,1,200;211,1,216;488,1,92;450,1,247;451,1,257;378,1,187;28,1,145;469,1,132;259,1,154;260,1,157;214,1,163;546,1,207;72,1,320;216,1,39;217,1,170;934,1,174;547,1,68;287,1,44;218,1,173;73,1,154;591,1,82;383,1,31;749,1,116;384,1,54;29,1,233;404,1,100;592,1,56;75,1,105;935,1,18;76,1,17;220,1,73;936,1,74;221,1,165;937,1,38;938,1,33;410,1,47;222,1,124;886,1,48;223,1,103;751,1,67;387,1,187;455,1,87;939,1,49;291,1,29;224,1,216;940,1,10;832,1,66;80,1,140;480,1,126;502,1,56;511,1,134;700,1,128;677,1,31;81,1,18;858,1,55;549,1,78;805,1,117;83,1,145;825,1,174;389,1,105;84,1,22;228,1,81;660,1,116;596,1,39;293,1,89;833,1,32;231,1,120;232,1,52;834,1,107;234,1,161;661,1,241;722,1,182;85,1,139;395,1,192;852,1,72;755,1,207;295,1,306;235,1,285
24,8,8:10,1,69;92,1,48;2,1,100;941,1,61;147,1,56;349,1,52;543,1,204;477,1,285
25,87,153:123,8,72,89,186,206,251,260,274,300;96,6,179,180,188,211,239,249;181,4,23,125,192,217;743,4,12,31,45,108;365,4,33,40,189,198;796,4,10,21,27,70;265,3,6,20,87;108,3,36,234,348;40,3,28,174,184;121,3,28,157,167;574,3,54,189,205;579,3,12,29,137;498,3,96,98,111;452,3,144,324,673;942,3,8,20,31;547,3,3,8,30;720,3,50,52,208;10,2,71,96;252,2,62,228;240,2,6,16;603,2,33,57;131,2,29,45;873,2,105,188;733,2,21,34;864,2,13,29;791,2,13,35;649,2,105,127;580,2,23,43;930,2,12,31;193,2,10,23;195,2,222,282;478,2,83,88;497,2,67,83;280,2,329,335;450,2,19,302;451,2,75,116;457,2,7,22;92,1,51;433,1,29;758,1,40;534,1,220;598,1,103;905,1,64;535,1,251;268,1,149;119,1,58;682,1,145;237,1,69;44,1,87;125,1,60;888,1,90;324,1,149;132,1,96;330,1,85;537,1,166;760,1,70;415,1,245;150,1,43;519,1,57;50,1,87;943,1,84;689,1,212;165,1,133;353,1,156;357,1,61;360,1,62;767,1,83;910,1,21;183,1,82;476,1,153;477,1,90;197,1,101;206,1,209;464,1,175;377,1,295;590,1,71;379,1,27;381,1,149;76,1,114;699,1,287;594,1,55;456,1,140;225,1,63;292,1,113;721,1,166;862,1,39;850,1,133
26,53,70:505,3,6,15,89;54,3,1,15,64;68,3,115,130,149;209,3,74,160,221;10,2,74,137;838,2,112,141;555,2,286,375;14,2,48,108;49,2,2,18;574,2,288,313;183,2,86,132;498,2,88,218;221,2,126,176;97,1,150;491,1,45;107,1,117;618,1,225;413,1,51;892,1,58;114,1,55;115,1,31;123,1,139;817,1,272;463,1,232;684,1,50;705,1,186;922,1,38;841,1,87;162,1,165;244,1,73;352,1,110;786,1,127;639,1,42;418,1,348;475,1,100;61,1,146;362,1,141;768,1,102;274,1,142;64,1,269;371,1,77;704,1,117;798,1,16;831,1,78;426,1,153;469,1,134;772,1,195;848,1,106;387,1,36;754,1,114;226,1,131;511,1,102;9,1,144
27,49,56:618,3,62,108,212;414,2,61,203;191,2,56,142;369,2,50,142;585,2,140,293;32,2,286,336;10,1,75;299,1,49;944,1,62;93,1,88;265,1,156;601,1,120;905,1,219;619,1,135;110,1,254;316,1,267;839,1,50;13,1,135;624,1,195;129,1,131;2,1,308;780,1,165;142,1,239;558,1,61;863,1,27;152,1,175;21,1,237;568,1,128;56,1,85;59,1,136;642,1,172;361,1,121;813,1,113;3,1,216;577,1,14;183,1,135;541,1,301;477,1,119;69,1,83;837,1,52;811,1,20;381,1,69;748,1,162;720,1,193;391,1,69;599,1,78;234,1,172;670,1,196;8,1,269
28,170,232:123,4,99,147,230,297;57,4,1,13,46,113;26,4,159,173,208,232;78,4,51,109,139,174;9,4,3,11,20,134;481,3,192,336,362;140,3,2,15,110;141,3,2,16,30;23,3,2,15,66;3,3,61,76,358;541,3,68,98,242;64,3,1,25,226;72,3,142,147,340;31,3,159,260,433;7,3,3,17,62;92,2,214,259;36,2,131,152;239,2,1,26;678,2,40,94;12,2,50,102;14,2,3,17;42,2,217,224;536,2,2,9;128,2,139,158;326,2,2,11;893,2,2,13;142,2,126,166;152,2,1,9;155,2,86,106;346,2,1,21;162,2,105,139;163,2,32,128;349,2,31,79;170,2,1,9;539,2,2,26;740,2,159,252;646,2,1,9;185,2,64,105;216,2,19,122;457,2,1,16;83,2,313,335;84,2,19,86;10,1,78;608,1,20;86,1,87;33,1,38;758,1,79;98,1,196;551,1,34;301,1,70;491,1,44;303,1,235;11,1,137;513,1,32;37,1,203;103,1,321;724,1,82;905,1,218;107,1,98;241,1,82;312,1,27;242,1,26;108,1,32;111,1,34;465,1,29;883,1,9;554,1,260;38,1,125;867,1,58;13,1,62;120,1,35;603,1,121;125,1,179;45,1,321;325,1,27;625,1,26;243,1,89;132,1,29;329,1,59;135,1,86;136,1,73;138,1,155;270,1,47;143,1,52;145,1,141;558,1,60;46,1,89;47,1,57;48,1,252;147,1,80;559,1,44;687,1,88;705,1,71;342,1,33;560,1,27;407,1,40;154,1,82;922,1,28;158,1,61;521,1,161;159,1,48;271,1,163;20,1,169;688,1,47;55,1,66;165,1,149;350,1,171;351,1,109;353,1,14;568,1,131;167,1,114;58,1,146;739,1,136;22,1,180;642,1,171;420,1,146;61,1,167;643,1,117;843,1,60;364,1,171;576,1,165;649,1,79;184,1,57;929,1,37;444,1,202;188,1,161;794,1,26;542,1,111;65,1,108;196,1,57;4,1,276;525,1,35;202,1,62;203,1,91;205,1,19;373,1,187;206,1,121;207,1,52;208,1,116;279,1,30;209,1,38;25,1,103;588,1,14;378,1,183;590,1,173;259,1,203;260,1,144;453,1,46;71,1,102;215,1,34;217,1,177;382,1,56;719,1,144;748,1,138;218,1,42;73,1,45;428,1,78;75,1,104;720,1,169;939,1,48;489,1,121;79,1,123;80,1,50;32,1,87;429,1,311;389,1,115;228,1,22;660,1,21;229,1,29;231,1,84
29,28,34:639,3,10,27,66;36,2,3,11;678,2,41,95;688,2,54,102;928,2,3,18;10,1,79;264,1,99;512,1,147;916,1,22;883,1,10;871,1,195;123,1,298;888,1,98;129,1,173;529,1,172;415,1,40;144,1,63;896,1,99;687,1,89;560,1,62;945,1,7;565,1,17;163,1,129;572,1,60;807,1,80;946,1,136;217,1,47;395,1,140
30,235,454:373,9,31,48,55,67,82,86,148,155,175;482,8,3,20,36,43,99,140,212,231;793,8,9,25,36,61,80,95,113,137;512,6,54,80,101,181,199,211;181,6,26,48,78,154,220,278;946,6,65,74,94,101,140,187;780,5,6,26,53,93,117;921,5,2,8,45,70,98;676,5,14,28,39,76,132;449,5,2,10,59,102,130;297,4,106,110,127,176;46,4,21,150,352,364;686,4,36,60,103,109;947,4,25,40,49,60;841,4,17,31,54,92;564,4,6,15,29,51;689,4,30,82,109,147;418,4,250,300,321,370;272,4,8,20,85,91;177,4,10,20,22,162;361,4,27,29,38,106;931,4,8,16,33,72;371,4,7,18,24,44;798,4,14,54,73,115;589,4,9,20,35,145;948,4,45,54,61,98;942,4,12,24,40,43;722,4,120,149,165,206;86,3,8,16,47;397,3,38,274,378;264,3,50,211,260;252,3,111,178,215;916,3,5,13,30;513,3,43,212,233;37,3,205,231,268;403,3,17,73,181;949,3,2,10,17;915,3,9,23,43;144,3,8,24,156;950,3,9,23,39;629,3,7,19,83;17,3,255,271,306;636,3,117,156,177;861,3,37,89,123;924,3,48,94,120;354,3,46,53,193;790,3,24,107,183;578,3,4,8,81;541,3,58,112,246;190,3,26,60,84;193,3,42,120,205;824,3,27,33,66;746,3,55,191,225;450,3,4,12,267;606,3,5,16,38;380,3,56,141,302;381,3,101,162,202;951,3,2,10,46;934,3,101,114,128;384,3,6,18,41;470,3,150,153,160;721,3,112,130,177;9,3,46,56,185;302,2,85,145;891,2,52,58;304,2,53,93;905,2,25,196;111,2,2,7;622,2,37,83;681,2,20,259;672,2,162,186;134,2,237,417;334,2,23,48;728,2,8,21;507,2,53,81;340,2,141,187;705,2,6,17;560,2,69,83;151,2,9,23;952,2,30,49;519,2,82,148;440,2,115,185;897,2,2,9;943,2,6,15;171,2,22,106;835,2,33,50;61,2,83,156;3,2,67,182;953,2,22,37;954,2,30,40;275,2,13,80;445,2,3,8;543,2,89,102;524,2,8,68;276,2,6,34;801,2,18,74;698,2,2,10;452,2,58,136;955,2,3,12;720,2,181,270;411,2,21,134;80,2,37,42;32,2,356,383;292,2,52,152;395,2,81,151;10,1,82;607,1,37;956,1,78;87,1,120;431,1,126;815,1,60;944,1,19;610,1,84;401,1,246;262,1,147;93,1,54;611,1,78;300,1,26;491,1,95;533,1,23;239,1,160;917,1,26;679,1,66;724,1,31;106,1,31;620,1,95;777,1,20;816,1,70;535,1,17;957,1,28;555,1,315;402,1,327;13,1,12;43,1,155;127,1,151;327,1,75;332,1,154;674,1,14;941,1,57;335,1,59;405,1,56;626,1,119;896,1,40;958,1,72;148,1,121;730,1,72;518,1,67;341,1,30;342,1,115;256,1,16;605,1,103;439,1,87;634,1,22;874,1,97;344,1,29;407,1,22;959,1,14;562,1,322;155,1,48;733,1,378;734,1,27;960,1,53;346,1,113;54,1,30;688,1,57;637,1,18;961,1,63;55,1,184;164,1,67;566,1,16;638,1,108;826,1,64;58,1,16;820,1,64;962,1,30;963,1,57;362,1,145;810,1,37;576,1,170;644,1,142;830,1,20;909,1,50;910,1,24;645,1,19;715,1,37;964,1,69;421,1,28;476,1,96;245,1,214;192,1,258;651,1,147;64,1,266;369,1,88;477,1,117;965,1,32;807,1,68;447,1,67;400,1,126;586,1,42;800,1,27;831,1,131;207,1,95;966,1,55;695,1,144;697,1,25;248,1,95;654,1,86;707,1,171;379,1,91;72,1,127;547,1,59;748,1,150;75,1,85;935,1,30;937,1,23;903,1,19;454,1,14;223,1,98;386,1,31;455,1,46;489,1,29;940,1,132;832,1,24;31,1,69;511,1,40;700,1,95;701,1,143;858,1,20;913,1,40;862,1,14;596,1,66;833,1,38;461,1,32;462,1,113;967,1,83
31,186,215:412,4,2,13,329,353;266,3,63,131,142;415,3,9,28,57;291,3,1,7,13;306,2,215,470;37,2,176,241;103,2,60,86;827,2,42,51;39,2,164,288;125,2,158,286;128,2,128,155;2,2,156,191;136,2,81,101;142,2,90,151;849,2,112,186;343,2,82,111;51,2,113,134;766,2,63,211;477,2,68,248;24,2,192,250;68,2,254,324;585,2,289,411;5,2,247,273;903,2,45,60;10,1,84;250,1,157;838,1,114;93,1,115;601,1,112;100,1,51;491,1,110;101,1,104;492,1,210;36,1,135;239,1,325;678,1,58;434,1,124;309,1,171;968,1,114;105,1,145;671,1,58;106,1,172;619,1,130;621,1,288;969,1,24;555,1,327;402,1,298;115,1,247;839,1,59;253,1,266;867,1,52;682,1,61;123,1,228;504,1,56;665,1,104;255,1,85;326,1,105;466,1,199;473,1,59;269,1,118;970,1,44;812,1,41;329,1,57;134,1,447;537,1,75;135,1,66;332,1,170;872,1,60;474,1,112;138,1,152;141,1,143;762,1,137;143,1,49;626,1,128;685,1,140;145,1,76;493,1,215;558,1,81;47,1,55;919,1,44;873,1,82;18,1,186;148,1,99;406,1,129;859,1,84;920,1,98;151,1,85;152,1,126;561,1,93;19,1,79;256,1,85;153,1,151;519,1,135;50,1,99;53,1,294;159,1,302;160,1,128;54,1,178;349,1,82;350,1,169;166,1,152;351,1,102;352,1,92;567,1,70;168,1,143;169,1,42;170,1,49;571,1,73;358,1,80;58,1,149;22,1,70;572,1,122;573,1,141;177,1,116;927,1,68;23,1,64;420,1,144;179,1,133;740,1,247;363,1,92;273,1,144;180,1,76;364,1,168;928,1,113;182,1,133;792,1,79;579,1,143;444,1,134;761,1,92;187,1,146;190,1,109;795,1,86;870,1,52;195,1,115;196,1,60;797,1,77;276,1,235;371,1,113;448,1,104;203,1,89;206,1,114;208,1,120;966,1,58;468,1,81;209,1,179;280,1,142;814,1,88;802,1,194;452,1,152;28,1,137;212,1,138;590,1,170;213,1,243;259,1,156;261,1,214;285,1,188;453,1,183;379,1,111;847,1,44;216,1,100;934,1,78;748,1,134;218,1,153;971,1,29;410,1,72;720,1,165;387,1,131;939,1,53;489,1,125;594,1,145;480,1,61;502,1,76;700,1,47;82,1,75;7,1,52;227,1,99;228,1,57;391,1,65;229,1,26;293,1,94;599,1,75;294,1,151;234,1,125;462,1,176;755,1,209;708,1,134
32,30,43:248,4,3,23,42,168;140,3,33,57,132;195,3,88,223,283;753,3,8,17,40;240,2,182,360;320,2,257,278;486,2,7,29;370,2,10,29;10,1,85;491,1,34;41,1,137;471,1,41;414,1,68;463,1,237;130,1,207;270,1,102;141,1,111;518,1,49;346,1,152;159,1,210;20,1,162;165,1,136;183,1,83;257,1,45;485,1,41;197,1,129;510,1,58;426,1,48;489,1,115;457,1,65
33,131,289:770,8,3,16,41,53,105,113,128,147;300,6,12,24,38,114,201,213;140,6,5,18,34,54,58,133;972,6,3,15,32,41,56,62;388,6,61,67,73,79,84,100;734,5,6,12,40,84,96;467,5,91,128,140,183,245;248,5,4,24,43,98,169;426,5,9,29,49,61,95;392,5,1,28,59,162,185;320,4,10,30,267,279;514,4,6,19,66,78;794,4,9,21,35,65;190,4,12,24,56,91;586,4,6,12,19,58;530,4,110,128,134,189;746,4,5,19,34,182;799,4,5,15,39,54;206,4,57,181,247,297;207,4,13,29,140,168;747,4,31,50,71,86;811,4,29,51,56,66;72,4,74,78,223,247;458,4,3,9,21,36;431,3,51,105,124;323,3,6,19,33;141,3,63,228,250;521,3,9,21,61;835,3,4,14,42;793,3,15,31,122;795,3,5,24,49;486,3,10,32,66;277,3,2,32,79;400,3,23,49,106;208,3,51,97,131;500,3,7,22,57;837,3,9,24,40;217,3,133,144,157;1,3,15,34,67;547,3,27,82,86;222,3,16,33,97;455,3,4,17,85;7,3,13,27,37;227,3,9,18,39;389,3,58,66,101;98,2,35,122;533,2,8,16;512,2,143,197;136,2,225,278;842,2,50,55;348,2,140,206;485,2,48,119;585,2,54,516;205,2,9,18;798,2,24,88;800,2,51,66;973,2,1,8;847,2,103,123;215,2,93,163;381,2,88,187;948,2,21,83;934,2,147,165;383,2,53,65;404,2,64,109;75,2,1,8;751,2,62,101;720,2,39,93;81,2,61,69;721,2,54,233;913,2,17,34;228,2,48,79;596,2,59,79;10,1,86;87,1,102;397,1,372;491,1,35;115,1,202;119,1,56;414,1,69;812,1,61;474,1,86;270,1,103;506,1,114;256,1,112;344,1,96;861,1,47;564,1,56;962,1,51;475,1,92;768,1,68;181,1,234;442,1,52;476,1,194;743,1,151;275,1,74;188,1,69;931,1,75;477,1,37;196,1,52;197,1,76;478,1,41;446,1,156;652,1,252;824,1,64;373,1,173;946,1,30;801,1,59;69,1,163;451,1,219;28,1,133;261,1,231;379,1,130;380,1,272;951,1,39;804,1,48;748,1,62;749,1,58;912,1,77;220,1,36;699,1,150;528,1,112;593,1,46;752,1,84;489,1,116;456,1,143;226,1,134;32,1,35;82,1,46;701,1,52;459,1,31;660,1,40
34,82,121:733,8,146,170,194,252,269,297,367,425;770,5,43,80,84,144,176;195,3,13,30,98;530,3,12,32,183;281,3,117,161,184;719,3,139,147,169;313,2,33,114;402,2,115,154;316,2,177,216;39,2,211,249;254,2,28,63;48,2,123,207;873,2,115,226;416,2,4,15;705,2,34,60;667,2,44,49;641,2,9,18;844,2,54,97;796,2,79,82;65,2,109,117;585,2,454,493;546,2,125,152;935,2,7,15;387,2,165,223;225,2,108,128;231,2,48,85;10,1,87;297,1,49;550,1,134;240,1,292;513,1,107;618,1,131;312,1,89;974,1,76;759,1,227;315,1,141;112,1,95;115,1,223;120,1,49;237,1,259;129,1,34;326,1,85;712,1,105;627,1,18;339,1,65;819,1,67;150,1,142;343,1,158;562,1,171;358,1,71;475,1,43;574,1,342;442,1,23;541,1,319;446,1,98;371,1,83;68,1,79;199,1,206;200,1,143;798,1,165;206,1,140;374,1,65;972,1,95;285,1,110;286,1,133;70,1,158;380,1,67;216,1,51;217,1,160;547,1,63;73,1,177;222,1,117;528,1,50;700,1,139;858,1,104;913,1,61;83,1,336;84,1,84;660,1,54;230,1,57;661,1,245;9,1,135
35,33,35:724,2,91,107;929,2,32,74;10,1,88;882,1,94;110,1,261;122,1,97;481,1,236;126,1,43;760,1,75;474,1,92;145,1,96;150,1,72;564,1,81;350,1,61;361,1,169;644,1,45;743,1,66;186,1,73;68,1,170;676,1,116;500,1,62;376,1,243;450,1,150;526,1,41;719,1,125;76,1,61;658,1,93;904,1,18;224,1,169;388,1,47;32,1,428;722,1,78;461,1,102
36,49,73:754,5,6,12,28,81,104;73,4,57,102,134,183;407,3,5,15,29;929,3,10,24,43;795,3,17,36,62;218,3,12,25,60;912,3,7,21,81;387,3,7,22,67;660,3,5,15,32;861,2,17,34;748,2,58,158;720,2,89,189;10,1,90;906,1,119;36,1,33;534,1,236;916,1,89;513,1,197;598,1,218;759,1,230;40,1,255;121,1,222;828,1,109;137,1,181;874,1,74;344,1,61;975,1,76;976,1,74;522,1,138;161,1,180;641,1,81;899,1,28;176,1,258;509,1,98;798,1,94;206,1,171;770,1,51;5,1,107;26,1,203;488,1,85;383,1,43;30,1,115;385,1,268;75,1,53;76,1,21;750,1,33;751,1,92;600,1,131;82,1,35
37,26,26:10,1,91;36,1,187;37,1,180;615,1,140;110,1,304;13,1,138;269,1,123;138,1,173;46,1,92;153,1,97;161,1,178;173,1,70;176,1,236;740,1,142;649,1,153;184,1,60;823,1,102;191,1,28;654,1,144;452,1,629;286,1,220;214,1,212;215,1,40;218,1,163;32,1,437;702,1,393
38,150,178:176,4,109,131,172,237;269,3,74,187,253;21,3,48,97,176;570,3,48,101,126;385,3,130,156,258;906,2,79,99;91,2,123,201;614,2,72,132;39,2,212,257;41,2,156,226;481,2,176,331;778,2,87,200;828,2,94,145;332,2,169,180;733,2,270,304;182,2,106,177;692,2,132,206;70,2,105,129;31,2,133,168;83,2,146,337;231,2,51,122;296,2,136,227;10,1,92;607,1,88;88,1,114;89,1,112;609,1,168;610,1,154;432,1,161;93,1,124;96,1,265;97,1,145;100,1,142;491,1,127;776,1,63;36,1,161;239,1,269;240,1,412;306,1,362;241,1,100;242,1,164;759,1,177;316,1,219;116,1,175;253,1,189;117,1,100;268,1,138;124,1,74;597,1,101;125,1,219;126,1,34;817,1,72;437,1,123;132,1,89;133,1,213;329,1,77;134,1,448;780,1,242;137,1,35;855,1,38;889,1,98;46,1,520;47,1,63;863,1,83;494,1,50;48,1,238;763,1,32;18,1,115;416,1,24;840,1,64;977,1,21;153,1,101;343,1,119;519,1,196;562,1,122;520,1,265;880,1,77;271,1,143;160,1,197;736,1,102;165,1,147;638,1,203;639,1,93;640,1,64;926,1,105;56,1,140;167,1,119;57,1,48;418,1,190;691,1,118;419,1,112;361,1,30;927,1,70;23,1,75;574,1,120;643,1,120;843,1,87;180,1,101;646,1,75;864,1,46;580,1,80;930,1,62;844,1,103;365,1,152;444,1,149;188,1,106;257,1,74;870,1,66;509,1,146;584,1,85;446,1,99;200,1,128;201,1,254;373,1,233;746,1,134;207,1,164;876,1,31;695,1,51;5,1,190;801,1,78;846,1,109;248,1,214;452,1,173;261,1,146;285,1,165;427,1,57;215,1,41;547,1,72;219,1,202;29,1,184;935,1,22;76,1,98;78,1,119;455,1,89;752,1,66;489,1,80;291,1,51;978,1,112;457,1,121;388,1,54;459,1,58;229,1,171;702,1,396;722,1,183;85,1,99;8,1,86;395,1,130;852,1,79;235,1,120;878,1,121
39,25,26:759,2,34,113;10,1,95;397,1,241;619,1,91;621,1,315;120,1,254;254,1,269;481,1,87;519,1,198;154,1,78;562,1,60;348,1,165;538,1,146;274,1,91;543,1,178;370,1,130;278,1,137;206,1,160;450,1,384;452,1,107;379,1,84;547,1,83;31,1,401;721,1,225;391,1,79
40,14,28:215,5,4,11,45,81,223;827,3,128,132,167;973,3,5,12,36;10,2,100,119;42,2,106,228;189,2,158,187;246,2,194,215;277,2,165,197;25,2,73,143;466,1,45;806,1,113;247,1,209;198,1,178;837,1,57
41,56,75:134,4,61,122,153,403;612,3,28,103,126;894,3,4,12,44;467,3,7,36,289;277,3,3,33,80;213,3,100,122,235;396,3,147,159,250;242,2,6,17;164,2,82,126;61,2,74,78;233,2,3,20;10,1,101;397,1,126;96,1,118;399,1,166;37,1,217;598,1,97;615,1,68;38,1,68;120,1,58;481,1,99;44,1,135;597,1,271;125,1,51;324,1,134;536,1,27;970,1,56;15,1,66;806,1,103;137,1,159;493,1,150;557,1,82;979,1,105;520,1,268;522,1,88;350,1,79;57,1,158;63,1,51;182,1,223;791,1,62;188,1,203;189,1,142;692,1,260;583,1,44;238,1,323;485,1,38;585,1,60;824,1,72;695,1,149;587,1,135;452,1,209;284,1,69;259,1,169;489,1,85;940,1,146;670,1,54
42,2,5:10,3,109,123,140;21,2,121,245
43,347,1027:331,12,34,52,61,125,169,239,308,324,350,390,423,456;302,11,1,13,26,46,83,127,143,191,234,257,267;689,10,9,20,36,80,107,133,167,193,215,236;452,10,6,28,51,204,216,242,379,407,467,657;609,9,20,56,92,150,174,183,216,235,260;341,9,12,25,66,131,220,239,257,318,338;411,9,4,10,27,61,76,94,108,142,160;974,8,7,19,29,57,106,130,140,203;116,8,10,25,77,112,151,226,244,257;440,8,5,14,33,49,80,102,160,224;240,7,45,128,154,195,257,410,421;879,7,7,20,34,76,86,108,147;17,7,30,45,162,223,298,311,343;342,7,3,17,37,81,98,111,127;560,7,5,16,31,48,67,79,95;714,7,7,16,24,44,183,197,273;63,7,9,23,30,69,84,190,229;693,7,4,20,41,106,124,140,180;423,7,3,16,34,83,92,106,140;229,7,45,63,91,105,120,151,165;607,6,7,22,35,54,65,77;250,6,98,106,125,182,210,250;775,6,7,21,37,78,212,236;303,6,11,32,73,114,270,300;682,6,69,83,101,148,190,206;437,6,13,32,44,431,460,478;15,6,15,31,52,80,95,106;144,6,67,108,154,229,266,277;46,6,52,208,219,264,469,600;48,6,11,26,57,95,133,163;763,6,4,15,50,58,76,89;147,6,7,19,48,69,107,125;605,6,6,16,23,174,183,200;343,6,3,12,21,75,106,168;784,6,3,13,30,61,72,120;639,6,16,33,50,70,180,186;179,6,9,19,36,129,142,200;676,6,12,26,37,48,84,130;746,6,45,77,120,130,163,212;825,6,81,103,109,115,119,157;661,6,6,16,22,45,135,206;297,5,76,104,117,125,183;298,5,9,23,61,139,207;88,5,6,13,21,134,142;98,5,49,81,133,156,192;709,5,7,24,55,100,120;492,5,8,18,77,191,213;306,5,10,22,35,60,109;619,5,9,26,43,167,231;314,5,43,92,151,187,202;681,5,7,16,184,211,231;41,5,135,153,201,219,283;628,5,6,19,35,62,167;808,5,2,15,59,154,251;507,5,3,16,34,74,85;819,5,2,8,58,99,139;686,5,5,15,34,101,179;859,5,10,21,27,56,69;977,5,6,14,24,75,79;736,5,5,11,14,32,59;21,5,94,99,134,192,212;860,5,4,14,23,139,150;171,5,4,14,47,67,204;272,5,6,18,48,67,89;495,5,1,7,17,64,74;766,5,8,20,33,120,203;363,5,6,20,44,195,235;3,5,1,14,44,109,365;767,5,28,73,87,112,133;669,5,6,13,17,31,57;838,4,10,28,47,157;262,4,18,60,117,124;251,4,4,16,38,154;99,4,44,146,160,167;551,4,9,25,51,85;552,4,2,11,27,48;252,4,8,21,60,289;309,4,3,15,30,166;679,4,19,25,53,80;968,4,3,18,50,92;313,4,8,18,101,176;816,4,6,16,50,107;892,4,4,10,17,129;316,4,36,85,90,107;44,4,2,12,36,155;624,4,1,10,24,206;780,4,20,40,51,123;762,4,3,15,37,182;626,4,118,134,155,267;337,4,14,37,72,195;493,4,54,66,107,469;666,4,9,28,43,54;494,4,1,12,30,60;438,4,1,7,47,87;630,4,7,17,93,108;687,4,10,21,52,83;153,4,30,63,109,132;782,4,4,19,82,112;980,4,9,19,28,95;359,4,12,28,51,68;692,4,10,24,70,125;368,4,3,25,56,72;64,4,19,43,67,113;869,4,2,15,30,85;376,4,49,79,135,185;771,4,3,16,84,148;385,4,132,158,196,201;292,4,37,125,229,266;230,4,30,38,144,160;702,4,11,23,36,198;295,4,73,138,198,209;235,4,3,20,95,223;981,3,2,13,24;299,3,14,30,104;89,3,101,122,143;94,3,49,109,125;263,3,3,11,45;97,3,12,26,131;265,3,114,134,143;774,3,5,22,43;267,3,7,16,39;107,3,78,104,138;312,3,12,25,73;982,3,1,12,29;970,3,1,15,53;328,3,14,33,59;329,3,5,18,31;16,3,9,19,25;855,3,6,16,29;335,3,9,23,40;145,3,7,19,39;889,3,69,126,178;829,3,81,103,129;517,3,6,20,42;629,3,11,23,81;728,3,12,25,65;729,3,7,26,46;558,3,9,19,36;49,3,12,28,60;340,3,8,17,41;18,3,89,134,142;148,3,1,7,18;559,3,59,74,174;705,3,154,158,182;154,3,10,21,51;51,3,45,114,149;520,3,3,20,38;161,3,97,161,187;765,3,7,18,34;638,3,7,15,24;786,3,2,13,71;787,3,32,41,80;441,3,7,23,51;691,3,11,23,81;668,3,8,27,59;642,3,7,16,39;177,3,31,146,171;539,3,23,47,66;740,3,120,186,261;810,3,3,15,30;185,3,31,46,83;792,3,8,21,50;191,3,4,9,90;931,3,6,14,31;66,3,96,112,122;278,3,9,20,42;585,3,104,237,255;876,3,5,19,43;802,3,6,21,49;803,3,14,33,65;283,3,17,46,74;384,3,4,16,39;772,3,3,13,21;80,3,35,71,162;721,3,137,156,169;460,3,7,14,35;662,3,19,41,62;461,3,10,21,49;983,2,33,50;865,2,27,57;601,2,9,25;854,2,117,131;36,2,82,133;614,2,105,182;103,2,81,114;308,2,7,21;602,2,129,143;618,2,193,197;907,2,44,66;108,2,73,105;110,2,236,359;111,2,74,84;883,2,20,146;622,2,190,247;402,2,163,204;40,2,88,221;120,2,53,221;121,2,88,194;122,2,170,178;320,2,175,197;330,2,11,23;142,2,95,178;896,2,92,136;781,2,40,55;950,2,13,27;809,2,13,36;984,2,47,136;633,2,6,21;345,2,27,50;861,2,68,83;564,2,72,91;160,2,77,108;417,2,202,228;58,2,38,98;361,2,43,59;813,2,48,69;578,2,28,116;953,2,28,78;365,2,131,139;245,2,211,255;367,2,137,191;543,2,140,223;870,2,44,84;524,2,20,61;24,2,205,324;946,2,47,191;5,2,132,159;451,2,181,288;955,2,1,10;29,2,164,183;30,2,138,165;720,2,143,286;232,2,40,49;393,2,163,183;234,2,63,94;10,1,111;87,1,92;882,1,117;91,1,293;433,1,89;491,1,93;532,1,54;35,1,39;11,1,141;513,1,221;105,1,98;12,1,176;241,1,111;554,1,20;555,1,291;115,1,149;403,1,219;39,1,118;253,1,137;318,1,50;13,1,145;14,1,112;127,1,49;128,1,197;129,1,118;325,1,84;625,1,43;985,1,71;915,1,41;537,1,123;818,1,91;872,1,220;137,1,220;986,1,66;895,1,60;556,1,86;506,1,74;604,1,95;339,1,33;146,1,55;873,1,237;920,1,74;518,1,65;849,1,319;890,1,81;764,1,23;874,1,129;407,1,59;976,1,47;519,1,87;733,1,156;734,1,48;346,1,117;688,1,95;925,1,27;348,1,103;55,1,188;566,1,68;926,1,39;567,1,29;167,1,104;987,1,33;172,1,29;572,1,64;360,1,77;963,1,52;835,1,36;178,1,67;821,1,52;901,1,62;715,1,35;791,1,87;954,1,38;422,1,127;761,1,160;911,1,107;793,1,98;257,1,86;190,1,153;508,1,86;769,1,66;65,1,42;197,1,168;509,1,162;67,1,171;584,1,102;277,1,252;371,1,42;373,1,29;798,1,143;800,1,39;846,1,84;654,1,14;450,1,167;378,1,69;259,1,121;217,1,90;934,1,140;748,1,112;749,1,38;428,1,52;386,1,61;594,1,232;458,1,61;459,1,62;850,1,64;293,1,21;231,1,39;834,1,113;233,1,69;670,1,95;9,1,94
44,307,968:46,18,53,153,158,172,183,231,299,349,378,399,412,426,470,475,502,536,579,601;452,14,7,29,52,205,217,243,258,264,293,380,408,468,513,658;331,12,35,53,62,126,170,240,309,325,351,391,424,457;302,11,2,14,27,47,84,128,144,192,235,258,268;609,9,21,57,93,151,175,184,217,236,261;974,9,8,20,30,58,80,107,131,141,204;341,9,13,26,67,132,194,221,258,319,339;689,9,10,21,37,81,108,134,168,216,237;411,9,5,11,28,62,77,95,109,143,161;240,8,119,155,244,252,258,286,359,422;116,8,11,26,78,113,152,227,245,258;17,8,31,46,163,224,299,312,327,344;560,8,6,17,32,49,80,96,104,143;440,8,6,15,34,50,81,103,161,225;3,8,2,15,45,82,96,100,110,366;682,7,70,84,102,127,149,191,207;879,7,8,21,35,49,77,109,148;493,7,55,67,97,108,170,175,470;714,7,8,17,25,45,184,198,274;63,7,10,24,31,70,85,191,230;693,7,5,21,42,107,125,141,181;543,7,3,15,38,56,64,141,224;423,7,4,17,35,84,93,107,141;229,7,46,64,92,106,121,152,166;607,6,8,23,36,55,66,78;250,6,99,107,126,183,211,251;88,6,7,14,22,42,135,143;775,6,8,22,38,79,213,237;303,6,12,33,74,115,271,301;624,6,2,11,25,207,213,218;437,6,14,33,45,432,461,479;15,6,16,32,53,81,96,107;144,6,68,109,155,230,267,278;48,6,12,27,58,96,134,164;147,6,8,20,49,70,108,126;342,6,4,18,38,82,112,128;343,6,4,13,22,76,107,169;784,6,4,14,31,62,73,121;766,6,9,21,34,83,130,204;179,6,10,20,37,130,143,201;297,5,77,105,118,126,184;298,5,10,24,62,140,208;709,5,8,25,56,101,121;492,5,9,19,78,192,214;723,5,7,16,44,70,98;306,5,11,23,36,61,110;619,5,10,27,44,168,232;314,5,44,93,152,188,203;681,5,8,17,185,212,232;41,5,136,154,202,220,284;628,5,7,20,36,63,168;829,5,74,82,92,104,130;808,5,3,16,60,155,252;763,5,5,16,51,59,77;507,5,4,17,35,75,86;819,5,3,9,59,100,140;859,5,11,22,28,57,70;605,5,7,17,24,184,201;977,5,7,15,25,76,80;860,5,5,15,24,140,151;171,5,5,15,48,68,205;495,5,2,8,18,65,75;363,5,7,21,45,196,236;767,5,29,74,88,113,134;669,5,7,14,18,32,58;692,5,11,25,71,126,201;805,5,4,12,40,111,150;251,4,5,17,39,155;99,4,45,147,161,168;551,4,10,26,52,86;552,4,3,12,28,49;252,4,9,22,61,290;309,4,4,16,31,167;968,4,4,19,51,93;313,4,9,19,177,199;816,4,7,17,51,108;892,4,5,11,18,130;316,4,37,86,91,108;44,4,3,13,37,156;329,4,6,19,32,155;762,4,4,16,38,183;781,4,41,56,91,146;337,4,15,38,73,196;666,4,10,29,44,55;494,4,2,13,31,61;438,4,2,8,48,88;630,4,8,18,94,109;686,4,6,16,35,180;687,4,11,22,53,84;153,4,31,64,110,133;736,4,6,12,15,60;980,4,10,20,29,96;639,4,17,34,71,181;21,4,95,100,193,213;359,4,13,29,52,69;810,4,4,16,31,50;844,4,110,142,203,237;911,4,27,103,108,131;368,4,4,26,57,73;64,4,20,44,68,114;869,4,3,16,31,86;771,4,4,17,85,149;80,4,36,72,125,163;292,4,38,126,230,248;702,4,12,24,37,199;661,4,7,17,23,207;295,4,74,139,199,210;235,4,4,21,96,224;981,3,3,14,25;299,3,15,31,105;89,3,102,123,144;838,3,11,29,48;262,3,19,61,125;94,3,50,110,126;263,3,4,12,46;97,3,13,27,132;265,3,70,115,135;774,3,6,23,44;35,3,8,21,40;267,3,8,17,40;305,3,7,16,65;617,3,12,24,82;982,3,2,13,30;120,3,54,222,273;970,3,2,16,54;328,3,15,34,60;16,3,10,20,26;855,3,7,17,30;335,3,10,24,41;626,3,135,156,268;145,3,8,20,40;889,3,70,127,179;517,3,7,21,43;729,3,8,27,47;558,3,10,20,37;49,3,13,29,61;340,3,9,18,42;18,3,90,135,143;148,3,2,8,19;559,3,60,75,175;705,3,155,159,183;782,3,5,20,83;154,3,11,22,52;51,3,46,115,150;520,3,4,21,39;161,3,98,162,188;765,3,8,19,35;786,3,3,14,72;441,3,8,24,52;691,3,12,24,82;272,3,7,19,68;668,3,9,28,60;642,3,8,17,40;177,3,32,147,172;539,3,24,48,67;740,3,121,187,262;185,3,32,47,84;792,3,9,22,51;278,3,10,21,43;876,3,6,20,44;802,3,7,22,50;803,3,15,34,66;283,3,18,47,75;772,3,4,14,22;82,3,7,22,40;862,3,6,12,29;662,3,20,42,63;430,2,9,30;983,2,34,51;601,2,10,26;854,2,118,132;614,2,106,183;103,2,82,115;308,2,8,22;105,2,99,104;106,2,17,66;618,2,194,198;241,2,86,112;312,2,13,26;110,2,237,360;111,2,75,85;883,2,21,147;122,2,50,179;320,2,176,198;893,2,35,67;330,2,12,24;135,2,106,114;142,2,96,179;896,2,93,137;809,2,14,37;984,2,48,137;633,2,7,22;874,2,130,161;345,2,28,51;562,2,173,306;636,2,78,97;160,2,78,109;353,2,61,160;178,2,28,68;813,2,49,70;476,2,47,75;365,2,132,140;245,2,212,256;191,2,5,10;367,2,138,192;870,2,45,85;588,2,29,38;451,2,182,289;380,2,212,217;393,2,164,184;234,2,64,95;670,2,85,96;10,1,112;956,1,37;87,1,93;865,1,28;91,1,294;433,1,90;532,1,55;11,1,142;513,1,222;679,1,20;602,1,144;107,1,105;12,1,177;108,1,74;115,1,150;403,1,220;39,1,119;253,1,138;40,1,222;318,1,51;13,1,146;121,1,195;127,1,50;128,1,198;625,1,44;985,1,72;133,1,191;537,1,124;818,1,92;872,1,221;137,1,221;415,1,156;895,1,61;556,1,87;506,1,75;604,1,96;629,1,42;728,1,66;958,1,84;339,1,34;146,1,56;849,1,320;890,1,82;764,1,24;976,1,48;519,1,88;635,1,50;733,1,157;156,1,42;55,1,189;538,1,173;349,1,113;787,1,33;926,1,40;567,1,30;356,1,92;987,1,34;172,1,30;572,1,65;573,1,38;360,1,78;963,1,80;856,1,185;821,1,53;643,1,67;901,1,63;768,1,131;791,1,88;422,1,128;581,1,160;761,1,161;508,1,87;769,1,67;65,1,43;369,1,112;66,1,113;524,1,62;197,1,169;67,1,172;277,1,253;654,1,15;450,1,168;378,1,70;259,1,122;428,1,53;386,1,62;594,1,233;458,1,62;459,1,63;850,1,65;293,1,22;230,1,39;231,1,40;232,1,50;233,1,70
45,46,93:366,9,17,34,87,90,122,141,145,164,230;921,7,6,12,15,53,92,109,141;409,6,8,21,93,105,137,167;678,5,106,139,151,193,246;961,4,5,11,65,75;376,4,15,34,39,282;450,4,169,269,349,361;703,4,8,17,56,95;520,3,5,22,40;68,3,92,107,331;298,2,4,18;481,2,247,267;123,2,54,177;330,2,64,96;631,2,1,13;257,2,23,30;452,2,578,625;234,2,6,15;10,1,113;397,1,168;401,1,141;34,1,90;532,1,44;103,1,217;413,1,46;119,1,143;120,1,103;471,1,44;44,1,132;321,1,132;437,1,247;340,1,143;256,1,81;176,1,243;245,1,310;541,1,278;193,1,106;24,1,54;424,1,44;258,1,111;449,1,117;211,1,83;1,1,138;6,1,140;657,1,173;292,1,39
46,391,832:269,9,5,23,78,92,121,199,203,250,257;378,9,2,21,72,90,96,112,169,208,237;306,8,4,16,29,47,94,365,396,480;21,8,24,122,151,179,207,221,251,271;380,8,50,71,79,90,107,166,330,351;42,7,11,33,64,89,180,251,286;59,7,9,22,36,140,181,202,224;452,7,13,35,55,212,225,450,642;614,6,7,23,43,135,254,274;253,6,7,36,75,240,283,304;672,6,9,18,81,107,127,143;493,6,2,18,36,120,161,420;3,6,8,21,41,73,323,363;692,6,3,17,162,210,240,247;276,6,17,45,77,210,360,382;694,6,1,11,39,52,106,160;398,6,3,14,34,58,95,116;96,5,3,17,43,57,132;267,5,1,10,27,102,126;303,5,1,22,68,89,267;115,5,62,112,125,244,252;318,5,1,9,42,69,115;340,5,1,10,26,172,234;520,5,13,30,101,209,270;363,5,84,95,116,150,163;183,5,14,32,72,112,172;185,5,3,6,80,139,147;365,5,47,53,65,88,154;24,5,2,24,164,201,213;5,5,10,39,93,218,241;261,5,5,16,36,178,252;29,5,19,47,77,90,101;834,5,11,29,41,146,188;294,5,43,101,123,138,159;298,4,2,16,53,175;299,4,4,20,38,55;97,4,8,22,64,152;264,4,3,11,163,219;621,4,2,14,97,294;113,4,2,10,26,115;39,4,2,20,215,259;41,4,159,229,246,303;918,4,3,20,51,114;131,4,3,13,37,87;134,4,103,120,151,316;339,4,2,14,26,53;984,4,2,13,24,168;561,4,5,16,77,129;20,4,2,21,47,159;58,4,88,126,139,196;359,4,2,18,43,84;669,4,3,10,82,111;193,4,6,19,100,133;196,4,2,10,22,91;426,4,86,135,144,146;213,4,166,200,213,274;71,4,9,20,70,91;6,4,45,107,159,219;937,4,1,8,60,92;699,4,99,188,225,320;411,4,2,8,41,104;295,4,2,22,55,247;296,4,10,42,73,192;838,3,85,125,152;944,3,4,11,32;263,3,40,52,158;301,3,13,37,61;619,3,128,140,152;313,3,2,12,152;40,3,210,257,265;121,3,183,224,232;597,3,74,120,135;812,3,2,10,54;329,3,43,72,81;537,3,133,147,208;806,3,2,18,119;137,3,2,17,37;405,3,2,11,20;506,3,12,31,105;557,3,11,22,37;666,3,4,23,57;919,3,1,10,71;518,3,3,12,46;632,3,1,12,98;522,3,127,132,176;162,3,111,177,223;56,3,44,65,90;167,3,9,18,51;575,3,20,53,111;767,3,21,59,136;187,3,1,23,93;192,3,28,110,236;368,3,1,23,54;423,3,88,121,133;524,3,3,6,15;238,3,217,353,393;246,3,5,31,68;247,3,4,29,71;652,3,80,85,99;525,3,15,32,65;400,3,18,44,97;770,3,59,70,153;375,3,1,14,28;450,3,181,228,292;377,3,5,25,58;286,3,13,40,152;546,3,1,14,73;548,3,11,31,146;225,3,70,87,144;292,3,89,118,226;83,3,5,30,52;393,3,3,24,47;233,3,2,19,39;394,3,32,146,157;9,3,68,98,148;10,2,114,141;250,2,166,340;401,2,52,97;601,2,297,377;99,2,26,134;399,2,2,19;891,2,39,83;678,2,73,258;434,2,50,63;309,2,114,157;12,2,71,109;618,2,191,222;312,2,1,14;242,2,207,234;315,2,2,10;120,2,14,30;254,2,220,263;237,2,96,208;320,2,193,213;778,2,1,20;828,2,149,194;139,2,1,10;270,2,11,27;855,2,2,12;335,2,5,19;415,2,113,121;895,2,103,115;556,2,1,11;144,2,199,257;628,2,49,134;517,2,40,84;808,2,223,260;48,2,150,171;438,2,52,77;809,2,3,26;17,2,184,206;147,2,91,120;605,2,126,136;440,2,127,157;733,2,112,468;271,2,118,240;943,2,36,64;924,2,76,84;688,2,104,141;350,2,149,186;170,2,39,103;174,2,22,61;668,2,4,23;176,2,254,305;574,2,40,330;539,2,6,30;766,2,3,15;813,2,3,19;964,2,1,12;646,2,110,124;444,2,7,15;761,2,2,9;366,2,83,142;191,2,79,109;445,2,35,64;543,2,82,113;195,2,250,274;509,2,118,150;258,2,130,148;199,2,106,259;449,2,34,141;376,2,201,276;248,2,124,136;802,2,101,175;656,2,108,116;260,2,71,117;719,2,12,27;219,2,52,211;591,2,2,20;30,2,10,40;752,2,24,80;291,2,32,55;832,2,2,10;456,2,289,331;226,2,91,195;805,2,114,137;229,2,155,172;297,1,139;607,1,90;86,1,65;397,1,348;983,1,20;609,1,47;91,1,347;92,1,91;433,1,133;550,1,92;300,1,31;34,1,142;551,1,40;100,1,172;774,1,77;491,1,135;532,1,86;836,1,52;101,1,144;252,1,119;35,1,84;239,1,83;534,1,261;304,1,61;598,1,123;307,1,26;905,1,18;671,1,161;602,1,136;311,1,98;108,1,224;110,1,291;413,1,63;111,1,91;816,1,76;465,1,122;554,1,270;871,1,188;402,1,339;316,1,335;884,1,37;116,1,144;38,1,157;403,1,150;117,1,36;119,1,51;13,1,152;623,1,149;481,1,62;414,1,196;624,1,77;888,1,63;324,1,170;127,1,55;463,1,129;130,1,163;326,1,60;985,1,68;437,1,132;684,1,131;970,1,33;673,1,134;328,1,89;818,1,109;529,1,96;332,1,221;872,1,216;140,1,99;515,1,92;889,1,100;338,1,46;604,1,42;46,1,317;146,1,144;18,1,58;148,1,113;686,1,192;687,1,46;705,1,251;153,1,58;344,1,49;519,1,52;154,1,60;562,1,23;923,1,75;159,1,190;160,1,200;988,1,67;54,1,87;757,1,20;637,1,51;925,1,35;163,1,172;538,1,52;441,1,106;567,1,109;860,1,143;641,1,35;173,1,88;357,1,67;175,1,26;573,1,43;675,1,54;360,1,73;856,1,66;927,1,73;420,1,84;495,1,112;178,1,89;901,1,81;273,1,181;576,1,143;768,1,126;181,1,117;647,1,66;648,1,79;443,1,22;476,1,236;743,1,148;864,1,107;791,1,108;184,1,118;579,1,36;580,1,29;930,1,40;274,1,68;245,1,300;496,1,95;189,1,230;582,1,109;542,1,52;583,1,303;693,1,211;64,1,50;869,1,71;66,1,30;197,1,173;467,1,291;4,1,234;584,1,87;447,1,223;278,1,219;200,1,167;585,1,161;205,1,148;989,1,97;932,1,48;209,1,64;876,1,144;25,1,55;210,1,75;814,1,48;801,1,52;282,1,46;69,1,214;771,1,230;451,1,266;283,1,71;655,1,83;469,1,77;381,1,95;382,1,79;74,1,86;990,1,34;385,1,45;220,1,113;288,1,25;657,1,141;223,1,44;386,1,63;455,1,91;80,1,29;457,1,133;458,1,59;31,1,130;32,1,180;700,1,73;459,1,64;549,1,81;595,1,59;390,1,45;84,1,53;660,1,93;230,1,34;702,1,323;231,1,124;234,1,187;670,1,402;967,1,61;396,1,264;249,1,81;235,1,189;878,1,123;236,1,169
47,102,162:487,7,1,3,9,11,79,92,103;892,5,1,7,20,44,56;484,5,2,20,38,83,115;697,5,2,7,9,14,23;302,4,90,102,137,149;477,4,94,105,164,188;510,4,19,38,46,80;498,4,7,28,51,159;268,3,188,203,233;873,3,40,56,136;416,3,44,59,76;342,3,85,157,178;782,3,1,16,47;160,3,46,96,171;638,3,75,87,94;965,3,5,10,22;306,2,74,352;316,2,297,353;626,2,123,227;341,2,206,295;151,2,30,75;153,2,25,49;482,2,172,195;541,2,185,350;582,2,79,104;478,2,33,91;497,2,31,56;68,2,50,118;676,2,171,184;230,2,85,112;10,1,116;397,1,150;815,1,86;262,1,96;532,1,82;775,1,123;776,1,45;678,1,199;106,1,152;602,1,92;107,1,55;681,1,253;555,1,330;117,1,99;624,1,55;128,1,116;255,1,77;712,1,172;726,1,48;684,1,106;879,1,201;780,1,173;537,1,191;818,1,99;760,1,74;145,1,48;604,1,85;629,1,77;728,1,46;808,1,125;49,1,51;340,1,119;18,1,92;686,1,147;560,1,52;152,1,188;256,1,48;636,1,133;53,1,282;159,1,154;417,1,150;860,1,28;357,1,114;572,1,54;642,1,97;178,1,55;790,1,173;741,1,19;715,1,83;578,1,60;184,1,83;792,1,171;650,1,77;540,1,74;793,1,83;423,1,61;195,1,110;246,1,162;247,1,172;694,1,155;798,1,137;698,1,136;451,1,214;955,1,31;221,1,276;456,1,136;31,1,225;227,1,84;293,1,15;702,1,289;232,1,17;462,1,77
48,40,41:281,2,177,186;10,1,117;88,1,94;865,1,29;92,1,132;614,1,234;308,1,71;310,1,92;553,1,121;871,1,113;113,1,102;778,1,138;125,1,351;466,1,145;136,1,238;873,1,175;874,1,154;361,1,124;810,1,90;644,1,100;476,1,151;483,1,101;651,1,106;238,1,280;797,1,48;277,1,203;704,1,133;448,1,77;585,1,443;207,1,210;25,1,172;452,1,595;285,1,145;811,1,77;934,1,107;218,1,68;290,1,191;754,1,88;388,1,121;670,1,373
49,1,1:10,1,121
50,228,299:585,6,92,198,282,304,428,456;315,4,70,113,122,138;733,4,249,337,419,440;278,4,52,107,134,190;250,3,81,103,320;412,3,146,324,347;240,3,103,220,372;306,3,44,230,293;268,3,62,168,221;254,3,49,179,382;879,3,81,163,206;175,3,50,110,145;539,3,105,189,228;380,3,47,109,224;301,2,67,115;100,2,71,174;602,2,89,111;12,2,201,231;110,2,197,224;555,2,124,242;672,2,47,83;43,2,246,282;44,2,45,123;243,2,62,96;894,2,33,80;537,2,83,144;141,2,160,219;685,2,33,112;144,2,191,287;829,2,96,173;159,2,257,337;271,2,173,231;356,2,38,100;171,2,113,149;58,2,128,158;360,2,47,106;183,2,65,167;476,2,175,222;718,2,122,154;583,2,150,195;467,2,157,187;468,2,45,91;452,2,239,309;71,2,68,105;847,2,55,82;594,2,98,161;229,2,48,141;394,2,79,194;661,2,139,166;462,2,75,148;235,2,153,208;10,1,126;299,1,46;397,1,258;89,1,68;865,1,62;838,1,146;91,1,90;401,1,139;262,1,33;96,1,36;99,1,136;774,1,141;532,1,58;775,1,138;854,1,42;101,1,124;102,1,89;302,1,239;252,1,97;492,1,181;36,1,113;303,1,171;11,1,177;678,1,264;307,1,57;308,1,106;105,1,87;616,1,105;310,1,50;107,1,142;241,1,70;680,1,62;472,1,134;892,1,51;554,1,267;681,1,200;711,1,142;114,1,67;115,1,91;839,1,76;403,1,52;867,1,68;120,1,111;41,1,319;125,1,113;321,1,180;324,1,78;128,1,168;130,1,71;255,1,125;2,1,233;131,1,84;15,1,103;812,1,50;134,1,266;474,1,125;270,1,79;335,1,77;143,1,75;626,1,59;628,1,104;493,1,227;557,1,122;339,1,55;729,1,218;46,1,592;47,1,70;48,1,191;49,1,35;147,1,142;18,1,138;705,1,84;151,1,116;152,1,90;256,1,93;519,1,233;154,1,54;563,1,71;979,1,77;52,1,65;53,1,154;521,1,177;20,1,201;565,1,96;163,1,202;55,1,79;538,1,106;784,1,114;165,1,104;785,1,105;826,1,71;860,1,239;571,1,88;177,1,128;495,1,101;574,1,211;178,1,125;362,1,131;643,1,166;482,1,223;179,1,272;273,1,73;180,1,139;813,1,84;364,1,135;3,1,115;767,1,124;715,1,120;182,1,221;648,1,75;421,1,150;649,1,62;422,1,92;483,1,87;823,1,57;444,1,88;581,1,140;911,1,87;692,1,232;367,1,142;582,1,129;542,1,60;197,1,63;509,1,126;246,1,133;247,1,143;276,1,302;446,1,63;448,1,85;201,1,190;824,1,111;746,1,96;206,1,66;374,1,98;966,1,37;280,1,202;696,1,139;376,1,138;283,1,68;377,1,135;260,1,121;453,1,130;286,1,222;837,1,48;546,1,97;216,1,69;719,1,103;748,1,130;218,1,77;971,1,43;6,1,146;29,1,225;428,1,56;772,1,117;750,1,70;720,1,161;289,1,105;387,1,114;489,1,46;456,1,192;502,1,91;503,1,25;659,1,81;388,1,114;32,1,262;721,1,214;913,1,63;549,1,49;83,1,206;7,1,59;702,1,306;834,1,120;393,1,169;233,1,90;662,1,73;295,1,241;664,1,85
51,41,44:429,3,201,283,306;316,2,148,170;10,1,128;397,1,181;302,1,133;241,1,78;268,1,223;120,1,186;43,1,294;326,1,110;879,1,180;141,1,221;604,1,128;339,1,73;47,1,82;146,1,68;840,1,75;705,1,119;782,1,130;733,1,402;159,1,288;162,1,142;3,1,159;649,1,71;188,1,155;931,1,95;64,1,224;66,1,152;509,1,182;4,1,163;204,1,61;260,1,131;217,1,171;221,1,163;223,1,108;594,1,164;225,1,130;7,1,98;229,1,93;834,1,122;235,1,291
52,111,125:429,4,161,203,285,308;47,3,41,44,84;906,2,29,163;725,2,111,188;268,2,183,224;630,2,67,102;931,2,57,96;587,2,129,139;545,2,19,76;215,2,64,95;32,2,272,407;10,1,129;299,1,71;87,1,104;397,1,182;865,1,31;774,1,237;854,1,67;412,1,128;240,1,354;614,1,265;106,1,87;241,1,79;108,1,92;472,1,243;622,1,57;554,1,215;871,1,21;316,1,149;884,1,142;115,1,231;39,1,311;120,1,187;123,1,56;321,1,183;326,1,111;133,1,210;332,1,92;140,1,124;141,1,222;626,1,186;628,1,56;145,1,144;705,1,25;849,1,141;977,1,88;782,1,97;959,1,36;922,1,22;733,1,403;159,1,303;162,1,144;757,1,122;163,1,201;348,1,66;244,1,97;354,1,205;789,1,81;739,1,62;272,1,51;361,1,104;643,1,64;179,1,57;3,1,351;421,1,110;743,1,134;184,1,128;844,1,124;718,1,74;581,1,80;911,1,105;189,1,184;484,1,72;541,1,62;509,1,183;4,1,165;694,1,59;510,1,49;68,1,136;278,1,152;258,1,145;946,1,86;279,1,81;770,1,109;464,1,77;248,1,190;451,1,236;283,1,197;452,1,140;260,1,133;453,1,184;214,1,29;217,1,172;74,1,83;383,1,59;699,1,39;223,1,110;991,1,106;289,1,110;290,1,127;594,1,111;940,1,17;80,1,52;388,1,65;721,1,213;701,1,97;229,1,94;293,1,61;702,1,416;394,1,124;722,1,172
53,38,59:497,5,36,87,123,139,142;453,5,31,65,113,118,195;705,4,146,164,191,236;744,4,2,12,23,89;851,3,3,12,25;168,3,3,19,48;491,2,33,86;480,2,55,139;31,2,287,346;10,1,132;313,1,191;883,1,92;827,1,114;2,1,114;760,1,38;519,1,103;158,1,67;162,1,92;417,1,298;244,1,34;419,1,120;476,1,65;508,1,49;972,1,85;814,1,25;846,1,34;707,1,170;990,1,69;221,1,82;78,1,92;456,1,72;502,1,49;457,1,35;503,1,47;388,1,45;231,1,37;599,1,91;461,1,76
54,542,1831:583,15,16,32,42,50,74,82,161,165,174,201,209,216,229,240,259;513,14,9,22,42,53,76,85,113,118,122,181,200,211,226,234;254,13,5,17,26,61,73,107,196,229,276,329,342,350,353;555,11,6,17,34,120,143,152,168,183,209,231,250;841,11,4,10,23,44,61,100,106,120,138,147,161;31,11,63,92,164,195,270,288,345,349,380,418,434;781,10,3,10,22,71,90,96,101,140,145,151;863,10,6,18,41,73,90,103,140,165,185,193;439,10,2,12,14,24,27,32,60,97,114,151;553,9,3,15,55,61,86,94,128,136,161;126,9,4,9,22,48,113,118,138,177,195;128,9,2,14,31,53,74,80,86,97,105;529,9,9,27,71,77,103,108,183,200,218;605,9,2,12,42,97,109,131,140,166,239;158,9,1,7,56,68,137,163,180,200,219;161,9,7,15,20,51,72,82,118,130,174;367,9,9,24,45,63,80,95,139,182,193;280,9,5,33,64,87,109,181,225,241,309;545,9,5,13,24,32,40,54,71,87,97;85,9,6,9,20,23,38,47,85,91,125;395,9,7,19,27,39,48,90,125,202,264;755,9,6,19,29,33,68,80,131,165,200;265,8,5,8,19,22,44,58,124,165;240,8,5,15,63,92,161,180,201,391;306,8,12,24,37,88,127,260,446,474;40,8,50,58,63,116,156,187,223,240;121,8,50,58,63,116,132,170,196,208;133,8,3,9,20,29,95,108,165,200;780,8,15,35,67,78,92,130,155,211;705,8,29,44,131,147,165,192,237,254;417,8,6,12,86,100,177,206,217,299;576,8,2,15,31,57,64,83,138,193;245,8,6,12,84,122,146,200,272,289;878,8,7,14,33,46,72,99,131,135;297,7,3,17,36,68,91,157,209;882,7,2,12,28,65,103,121,136;91,7,3,11,44,73,83,203,244;262,7,6,12,20,47,89,105,161;11,7,50,109,129,143,155,168,173;313,7,10,20,23,76,111,188,192;120,7,4,20,41,109,131,161,225;41,7,129,132,155,186,221,278,297;43,7,14,32,60,118,135,147,158;712,7,7,14,17,40,67,89,125;136,7,3,26,53,110,148,163,203;628,7,13,26,37,64,69,119,127;849,7,47,53,62,146,182,313,321;519,7,5,16,33,124,133,179,210;538,7,4,16,27,201,220,231,239;926,7,9,24,33,54,58,83,88;56,7,3,12,21,79,122,130,156;168,7,4,20,49,72,102,108,177;691,7,6,18,27,42,50,101,117;856,7,4,16,37,56,102,167,180;790,7,8,17,23,77,131,143,156;542,7,5,13,22,47,57,62,78;377,7,12,32,65,189,261,302,311;549,7,5,13,24,38,56,60,72;838,6,18,36,63,77,95,122;401,6,15,100,109,125,161,172;550,6,3,14,27,60,68,142;615,6,6,16,25,59,113,149;107,6,10,20,23,37,52,61;974,6,12,24,33,53,90,155;883,6,26,45,53,71,96,106;114,6,2,8,20,45,60,86;760,6,13,26,42,98,102,112;338,6,3,11,70,152,191,194;873,6,49,87,121,143,168,195;559,6,12,28,65,156,203,218;874,6,7,18,43,63,110,141;562,6,134,159,163,246,321,335;735,6,9,24,40,75,84,94;350,6,8,24,38,102,119,191;566,6,4,8,23,62,67,97;568,6,11,22,36,80,96,104;575,6,8,17,34,47,85,94;581,6,7,17,59,133,137,177;496,6,9,15,24,30,36,66;195,6,5,22,129,146,192,260;464,6,83,98,105,113,126,214;834,6,5,23,53,97,133,211;89,5,9,18,31,84,145;610,5,18,36,48,87,146;94,5,13,27,45,53,122;773,5,2,15,31,87,110;774,5,51,85,150,163,199;710,5,5,10,36,92,145;314,5,13,26,48,120,156;118,5,9,18,27,35,88;122,5,23,66,91,123,158;778,5,14,33,65,172,191;888,5,1,8,27,53,101;985,5,10,23,37,48,62;437,5,15,34,46,433,480;626,5,64,72,195,204,256;144,5,11,27,79,132,300;896,5,59,67,82,103,129;829,5,42,70,123,150,204;604,5,3,9,22,39,50;46,5,8,16,80,363,624;561,5,34,63,138,142,158;764,5,7,14,40,57,77;976,5,3,11,17,25,53;733,5,8,16,332,335,388;52,5,6,22,42,77,132;55,5,11,22,45,91,201;689,5,11,22,38,169,238;166,5,11,23,75,130,159;785,5,7,15,53,77,97;360,5,6,18,56,103,126;176,5,28,45,134,178,229;177,5,38,50,61,93,181;63,5,49,53,66,145,195;3,5,13,26,32,88,274;476,5,4,16,26,66,227;743,5,17,36,101,115,157;444,5,5,13,104,172,180;669,5,28,48,79,108,118;582,5,4,8,10,124,138;64,5,108,156,265,277,293;369,5,7,20,32,59,87;744,5,3,13,24,65,90;467,5,8,37,64,96,117;807,5,10,20,26,71,103;376,5,13,32,41,68,140;479,5,2,17,35,108,129;452,5,62,156,590,616,619;469,5,82,88,98,109,127;214,5,85,107,138,182,231;772,5,40,50,84,155,206;658,5,6,21,38,55,90;290,5,8,25,98,159,242;470,5,17,60,66,81,155;887,5,4,15,43,67,121;531,5,8,26,45,97,110;394,5,3,11,54,63,164;662,5,70,80,99,140,158;8,5,6,28,155,178,260;295,5,20,40,154,176,344;607,4,15,30,45,82;853,4,2,8,35,84;854,4,3,9,91,123;613,4,3,16,29,67;309,4,12,24,39,126;310,4,7,18,29,57;618,4,32,187,201,215;108,4,41,83,153,239;472,4,2,11,115,170;884,4,1,7,20,127;13,4,5,10,28,192;603,4,8,16,29,41;321,4,66,88,119,178;893,4,11,22,24,89;818,4,6,32,56,97;135,4,1,10,25,49;405,4,6,15,98,133;895,4,2,9,16,57;889,4,5,18,30,110;493,4,114,141,223,347;808,4,10,23,27,227;763,4,11,22,26,67;150,4,9,18,66,107;19,4,5,22,48,107;153,4,32,54,95,137;782,4,12,27,38,125;345,4,3,13,32,64;636,4,3,17,31,73;53,4,6,23,143,183;521,4,12,24,53,117;714,4,132,142,148,175;165,4,1,11,36,46;789,4,7,14,22,96;572,4,4,17,29,50;359,4,16,32,56,74;419,4,10,20,25,121;573,4,2,12,29,132;675,4,8,20,35,64;963,4,5,10,23,76;643,4,11,27,45,71;843,4,12,29,70,120;766,4,29,138,146,215;179,4,38,124,208,226;644,4,18,105,134,215;645,4,18,74,120,137;181,4,34,209,230,263;822,4,8,17,55,142;791,4,18,40,64,145;484,4,18,36,52,123;651,4,23,111,139,196;769,4,3,8,35,112;693,4,10,26,47,89;66,4,70,84,92,116;543,4,28,98,164,217;497,4,10,20,24,145;277,4,26,56,103,254;498,4,21,42,75,209;278,4,100,121,162,215;846,4,3,13,38,77;885,4,5,16,41,59;451,4,41,80,112,274;386,4,4,8,24,68;594,4,5,13,24,58;456,4,18,36,73,168;229,4,5,10,22,187;232,4,7,15,27,89;708,4,43,48,100,107;981,3,7,18,32;298,3,97,166,184;250,3,164,254,329;90,3,12,24,32;865,3,3,12,22;944,3,7,14,40;93,3,9,18,43;601,3,54,347,383;99,3,6,15,179;532,3,2,20,60;102,3,4,18,213;252,3,37,260,337;891,3,3,14,24;678,3,61,146,210;304,3,4,13,21;614,3,16,32,56;917,3,5,14,35;104,3,29,73,95;851,3,4,13,26;602,3,25,86,125;725,3,21,42,45;12,3,42,124,173;312,3,36,80,85;777,3,2,7,19;622,3,8,23,44;316,3,6,12,21;39,3,49,152,204;982,3,11,22,41;682,3,5,15,28;672,3,2,11,36;320,3,141,177,199;918,3,7,24,84;125,3,128,221,254;129,3,52,104,110;665,3,7,20,32;329,3,13,26,91;727,3,22,52,121;333,3,4,20,46;762,3,42,92,131;142,3,16,32,215;986,3,3,19,44;516,3,10,21,42;339,3,7,19,46;729,3,9,28,55;666,3,19,38,52;494,3,11,22,63;809,3,18,41,57;730,3,6,16,35;152,3,137,147,180;634,3,8,16,27;731,3,5,16,32;952,3,3,15,35;959,3,6,12,21;563,3,3,18,76;156,3,7,14,25;880,3,5,20,52;783,3,4,27,50;159,3,11,34,60;160,3,22,44,72;924,3,13,29,54;925,3,7,14,24;351,3,3,14,27;355,3,19,30,71;356,3,14,28,71;571,3,4,23,54;739,3,74,98,151;706,3,15,30,42;272,3,69,84,108;908,3,13,26,56;23,3,13,26,58;60,3,15,30,62;482,3,17,34,143;364,3,14,28,223;909,3,19,53,72;964,3,9,20,41;183,3,50,68,193;954,3,2,6,43;185,3,11,68,127;483,3,4,20,46;65,3,2,12,36;478,3,3,11,19;584,3,4,21,41;745,3,7,36,100;652,3,92,102,127;932,3,13,32,57;696,3,2,11,20;802,3,15,30,75;654,3,2,8,19;450,3,124,203,210;378,3,159,217,244;28,3,8,26,88;212,3,5,19,36;453,3,61,69,117;379,3,5,15,38;848,3,45,60,147;501,3,13,26,46;489,3,24,36,50;480,3,2,13,93;502,3,11,22,38;457,3,6,21,132;659,3,2,16,33;292,3,13,28,46;392,3,23,50,81;852,3,2,16,32;396,3,2,29,66;296,3,7,39,245;956,2,5,14;983,2,6,12;433,2,2,7;758,2,43,73;251,2,31,63;266,2,16,41;301,2,63,177;100,2,81,141;35,2,56,93;723,2,146,149;905,2,32,258;105,2,95,138;106,2,96,110;617,2,5,17;619,2,134,207;621,2,169,282;759,2,133,228;816,2,10,20;465,2,2,15;871,2,3,12;535,2,6,12;957,2,6,12;866,2,2,11;318,2,8,16;623,2,70,115;42,2,207,244;237,2,189,268;536,2,29,72;514,2,13,26;45,2,246,259;325,2,31,57;255,2,17,34;436,2,22,111;466,2,19,38;726,2,62,89;812,2,28,47;673,2,7,20;330,2,36,47;138,2,39,125;506,2,91,193;557,2,91,98;340,2,50,231;17,2,172,284;148,2,6,12;686,2,165,213;416,2,38,71;840,2,2,16;341,2,35,358;342,2,137,148;560,2,121,131;977,2,29,37;890,2,13,26;343,2,25,234;633,2,15,30;162,2,93,196;784,2,5,15;349,2,59,106;352,2,17,42;441,2,61,115;868,2,7,18;738,2,3,10;567,2,12,24;169,2,10,20;170,2,24,74;171,2,30,147;173,2,95,149;22,2,311,327;962,2,7,20;475,2,36,67;539,2,176,263;363,2,57,74;180,2,94,183;810,2,8,20;442,2,41,61;648,2,15,30;365,2,103,134;911,2,8,16;186,2,6,16;692,2,119,190;508,2,29,50;509,2,16,32;4,2,91,215;370,2,13,32;525,2,6,23;425,2,122,135;409,2,13,26;902,2,2,11;27,2,41,63;503,2,2,12;459,2,10,20;595,2,73,116;877,2,44,46;661,2,131,232;722,2,88,154;249,2,83,173;235,2,63,119;10,1,133;88,1,144;609,1,38;264,1,177;300,1,86;34,1,137;709,1,202;551,1,139;491,1,138;775,1,170;612,1,26;101,1,40;302,1,161;916,1,42;307,1,46;311,1,38;241,1,63;892,1,136;681,1,23;839,1,26;116,1,66;38,1,63;253,1,152;317,1,60;117,1,52;268,1,201;119,1,67;319,1,36;481,1,40;124,1,50;414,1,138;44,1,59;322,1,23;463,1,75;130,1,52;2,1,66;625,1,73;243,1,93;269,1,116;537,1,202;332,1,160;140,1,37;270,1,50;141,1,242;143,1,39;415,1,147;556,1,34;145,1,107;336,1,88;337,1,111;517,1,81;728,1,67;958,1,53;558,1,56;48,1,67;18,1,42;819,1,22;859,1,37;632,1,39;407,1,34;945,1,14;440,1,37;51,1,80;408,1,120;157,1,92;20,1,151;943,1,56;163,1,213;736,1,77;980,1,30;765,1,40;786,1,31;21,1,229;354,1,37;690,1,122;167,1,30;569,1,30;570,1,95;668,1,70;642,1,75;495,1,57;740,1,179;830,1,5;910,1,7;953,1,105;875,1,32;646,1,174;864,1,60;184,1,90;422,1,42;275,1,55;187,1,55;188,1,191;368,1,67;193,1,179;870,1,38;524,1,50;797,1,29;67,1,187;246,1,141;247,1,151;694,1,85;371,1,109;704,1,115;68,1,66;398,1,82;876,1,65;26,1,44;69,1,91;803,1,60;526,1,48;655,1,80;973,1,40;215,1,47;6,1,150;29,1,223;221,1,47;387,1,136;411,1,148;904,1,60;224,1,91;857,1,37;862,1,34;805,1,76;850,1,55;429,1,280;293,1,18;833,1,41;231,1,41;234,1,149;461,1,37;967,1,44;663,1,54
55,324,715:214,17,1,5,10,41,66,88,89,96,108,142,154,171,210,227,234,237,252;255,11,44,47,54,57,97,129,150,161,204,223,249;397,9,2,11,53,66,103,188,245,297,364;646,9,20,43,48,50,60,71,116,158,181;380,9,18,32,39,65,100,127,254,306,323;906,7,3,6,17,65,87,96,165;853,7,3,9,36,51,54,114,130;37,7,6,14,18,86,220,285,293;14,7,53,61,77,106,124,143,164;28,7,50,59,102,143,180,200,205;470,7,3,9,15,78,123,138,181;32,7,3,17,62,131,302,319,387;142,6,97,154,160,187,196,217;468,6,6,12,25,68,77,100;215,6,5,12,51,72,82,224;601,5,77,102,130,211,263;613,5,4,17,30,45,86;618,5,27,70,90,96,124;40,5,133,145,161,181,201;344,5,7,14,19,43,103;643,5,7,23,68,87,138;843,5,8,25,53,76,140;3,5,142,155,163,170,180;477,5,12,24,52,212,280;478,5,8,16,31,95,118;457,5,55,80,120,154,162;227,5,3,12,21,53,105;33,4,56,62,78,125;107,4,2,12,122,144;974,4,31,110,205,215;481,4,94,175,311,352;45,4,338,363,374,384;129,4,9,25,49,83;326,4,46,70,103,119;466,4,169,174,177,182;46,4,54,86,602,610;924,4,9,25,73,114;166,4,3,15,43,175;187,4,125,132,135,152;543,4,4,16,136,228;467,4,97,125,147,160;4,4,155,159,188,238;67,4,106,176,217,245;208,4,6,19,58,111;25,4,70,74,112,144;453,4,32,178,196,206;379,4,8,18,82,95;837,4,58,63,82,97;231,4,3,15,26,110;395,4,3,23,43,255;96,3,187,215,247;905,3,48,209,251;725,3,141,143,245;621,3,102,196,319;118,3,72,128,151;122,3,2,12,180;756,3,2,13,27;44,3,168,181,193;778,3,58,155,208;125,3,1,11,87;683,3,5,14,20;504,3,2,12,64;2,3,59,115,166;985,3,3,16,29;760,3,9,22,126;340,3,20,134,178;705,3,45,101,148;849,3,189,255,283;667,3,7,21,33;407,3,85,90,95;159,3,6,29,127;961,3,6,12,21;55,3,5,16,38;785,3,8,16,54;351,3,28,55,77;352,3,8,33,83;926,3,1,16,72;167,3,2,11,57;739,3,71,99,124;180,3,95,104,115;369,3,3,16,145;486,3,51,58,98;487,3,8,16,24;509,3,177,180,217;510,3,3,6,23;807,3,7,17,23;209,3,210,234,242;212,3,30,99,113;72,3,3,16,47;216,3,42,98,149;428,3,9,29,49;76,3,25,31,50;594,3,150,199,253;80,3,56,153,159;31,3,123,178,407;700,3,2,16,31;702,3,4,16,309;234,3,123,132,175;608,2,2,11;609,2,1,10;610,2,14,32;93,2,132,143;433,2,13,120;300,2,1,13;34,2,122,132;513,2,3,16;104,2,1,13;619,2,120,159;472,2,22,202;839,2,55,121;120,2,177,194;121,2,133,174;123,2,118,161;514,2,10,23;463,2,82,190;726,2,57,105;473,2,27,66;269,2,101,215;673,2,3,16;331,2,10,20;141,2,47,53;143,2,67,114;405,2,82,139;896,2,37,73;829,2,38,190;516,2,11,22;338,2,18,56;558,2,53,90;47,2,62,88;48,2,165,181;146,2,73,139;630,2,71,81;148,2,78,106;631,2,36,52;733,2,25,126;53,2,127,327;943,2,21,99;736,2,56,68;737,2,81,108;21,2,174,261;171,2,169,192;571,2,77,83;177,2,114,152;766,2,26,161;63,2,187,220;421,2,57,237;580,2,57,174;444,2,19,145;275,2,33,67;761,2,95,214;188,2,139,192;870,2,46,86;202,2,105,124;206,2,34,154;207,2,84,148;972,2,9,21;771,2,5,18;811,2,3,6;547,2,12,48;74,2,102,107;990,2,2,14;848,2,75,149;939,2,5,19;456,2,87,99;701,2,4,17;429,2,165,194;293,2,99,116;236,2,226,236;664,2,157,173;10,1,134;431,1,93;815,1,11;91,1,182;944,1,68;94,1,54;100,1,55;252,1,73;267,1,78;679,1,21;724,1,94;615,1,136;617,1,36;242,1,184;108,1,246;314,1,111;109,1,48;465,1,133;622,1,67;112,1,39;555,1,132;114,1,108;115,1,80;116,1,183;117,1,94;682,1,208;42,1,109;471,1,101;414,1,70;320,1,280;43,1,290;321,1,55;324,1,36;130,1,110;665,1,94;505,1,25;625,1,54;327,1,57;684,1,59;132,1,62;779,1,28;16,1,27;135,1,72;137,1,237;138,1,183;855,1,73;335,1,71;626,1,269;557,1,111;863,1,33;17,1,41;686,1,217;406,1,26;150,1,130;152,1,56;439,1,39;874,1,79;154,1,113;923,1,51;841,1,165;50,1,101;156,1,38;521,1,111;346,1,49;271,1,171;160,1,159;898,1,73;54,1,83;20,1,148;162,1,94;163,1,162;689,1,135;714,1,20;164,1,102;57,1,57;170,1,26;59,1,148;22,1,73;272,1,96;419,1,86;820,1,33;856,1,57;495,1,14;574,1,103;273,1,125;813,1,35;364,1,146;767,1,145;183,1,51;476,1,113;649,1,91;579,1,127;717,1,22;793,1,40;190,1,168;583,1,294;65,1,47;485,1,56;195,1,119;497,1,25;24,1,235;797,1,83;446,1,84;68,1,275;525,1,60;425,1,62;653,1,74;205,1,47;398,1,83;587,1,40;588,1,60;210,1,62;814,1,44;5,1,251;69,1,87;452,1,170;469,1,49;590,1,132;213,1,189;656,1,102;259,1,162;606,1,65;261,1,58;546,1,88;71,1,58;948,1,69;934,1,224;591,1,64;749,1,84;912,1,102;955,1,25;220,1,50;223,1,112;751,1,30;78,1,84;386,1,44;387,1,120;411,1,29;489,1,98;940,1,72;480,1,147;502,1,81;503,1,48;659,1,30;225,1,153;226,1,137;388,1,78;677,1,21;81,1,43;292,1,167;390,1,22;660,1,121;230,1,116;531,1,69;663,1,65
56,25,31:758,3,52,61,87;40,2,160,180;121,2,143,163;518,2,25,41;54,2,78,231;10,1,136;100,1,74;615,1,158;905,1,212;107,1,109;816,1,32;120,1,197;778,1,82;17,1,67;147,1,86;632,1,85;842,1,85;157,1,114;159,1,312;643,1,109;766,1,66;179,1,90;183,1,90;862,1,79;230,1,165
57,47,68:319,4,72,115,178,275;254,4,248,324,370,407;808,4,149,176,181,237;276,4,226,270,313,354;863,3,58,109,137;897,3,123,138,145;123,2,63,169;359,2,57,182;191,2,34,114;595,2,60,67;9,2,103,172;10,1,146;906,1,143;610,1,96;251,1,88;992,1,48;836,1,119;239,1,216;905,1,128;555,1,344;949,1,36;119,1,79;672,1,66;134,1,311;894,1,75;727,1,39;685,1,58;144,1,148;604,1,114;947,1,54;984,1,114;157,1,174;988,1,15;924,1,119;787,1,45;171,1,60;3,1,135;274,1,129;543,1,88;209,1,157;376,1,299;452,1,130;547,1,56;455,1,67;904,1,63;596,1,71;230,1,60
58,49,76:258,5,23,50,68,74,115;538,4,33,38,143,215;475,4,17,34,41,64;200,4,11,41,87,171;969,3,6,12,14;649,3,8,22,39;972,3,116,124,139;491,2,12,27;337,2,155,165;495,2,46,109;24,2,5,27;202,2,75,189;429,2,118,134;294,2,59,110;664,2,181,193;10,1,147;99,1,202;512,1,96;13,1,20;120,1,57;414,1,171;331,1,439;855,1,36;921,1,63;922,1,26;159,1,80;173,1,112;59,1,77;22,1,89;953,1,102;421,1,156;4,1,176;424,1,40;204,1,60;209,1,224;69,1,117;248,1,80;426,1,106;377,1,353;469,1,118;261,1,259;285,1,199;427,1,145;978,1,17;225,1,119;458,1,54;388,1,58;595,1,122;850,1,71
59,106,156:452,5,150,172,313,390,435;329,4,1,14,27,112;95,3,3,10,76;116,3,161,194,218;331,3,37,113,300;493,3,16,32,219;849,3,191,257,332;55,3,40,110,208;183,3,18,36,149;69,3,18,36,159;939,3,7,21,55;31,3,175,324,409;33,2,26,64;263,2,1,9;615,2,115,143;317,2,1,9;40,2,12,24;120,2,192,253;121,2,12,24;597,2,87,251;321,2,53,57;143,2,69,116;630,2,3,13;176,2,73,261;3,2,222,293;4,2,190,240;276,2,2,30;206,2,68,163;376,2,7,26;451,2,1,19;216,2,104,152;699,2,115,276;289,2,40,77;32,2,32,316;292,2,129,169;10,1,150;298,1,29;815,1,13;89,1,149;91,1,105;550,1,171;34,1,179;104,1,121;315,1,125;316,1,13;318,1,18;118,1,153;123,1,103;43,1,297;44,1,51;624,1,227;324,1,167;45,1,386;134,1,456;333,1,77;855,1,21;763,1,23;146,1,19;147,1,95;148,1,127;859,1,86;151,1,144;154,1,93;52,1,36;898,1,22;20,1,176;943,1,53;785,1,112;351,1,104;21,1,292;57,1,86;170,1,89;171,1,194;178,1,163;63,1,99;964,1,58;182,1,169;422,1,84;185,1,101;581,1,49;911,1,117;541,1,293;870,1,94;486,1,105;509,1,185;67,1,266;68,1,278;845,1,128;202,1,31;586,1,13;207,1,196;468,1,84;28,1,194;261,1,118;214,1,102;948,1,90;73,1,238;990,1,29;76,1,78;222,1,131;80,1,80;7,1,81;229,1,131;231,1,98;703,1,21;234,1,134
60,136,172:640,4,9,29,50,66;297,3,1,15,155;92,3,2,17,46;262,3,39,99,168;491,3,81,99,153;952,3,1,13,33;486,3,2,24,89;509,3,5,21,40;942,3,2,14,86;981,2,5,16;550,2,66,140;106,2,101,146;312,2,88,148;465,2,105,139;711,2,52,82;437,2,175,441;19,2,7,24;733,2,306,451;166,2,53,173;356,2,60,96;881,2,67,108;931,2,18,53;373,2,195,228;215,2,68,159;940,2,21,28;31,2,259,391;609,1,243;401,1,99;264,1,166;265,1,161;601,1,189;709,1,166;551,1,127;612,1,58;836,1,61;678,1,184;240,1,380;723,1,156;512,1,195;103,1,331;851,1,68;311,1,90;725,1,97;974,1,121;110,1,24;554,1,136;117,1,93;318,1,123;120,1,213;122,1,138;254,1,208;603,1,18;320,1,148;683,1,34;45,1,333;129,1,133;463,1,137;131,1,39;333,1,69;674,1,46;138,1,88;855,1,67;142,1,158;338,1,38;557,1,94;48,1,63;507,1,49;630,1,79;559,1,34;920,1,77;151,1,113;152,1,85;605,1,261;153,1,142;782,1,70;874,1,106;519,1,228;154,1,98;841,1,76;757,1,110;538,1,208;714,1,65;351,1,24;566,1,55;826,1,98;57,1,26;418,1,327;170,1,48;357,1,47;571,1,60;59,1,50;60,1,36;740,1,267;180,1,89;644,1,42;768,1,140;578,1,63;184,1,108;911,1,50;445,1,24;508,1,20;651,1,40;583,1,192;65,1,45;477,1,30;24,1,51;797,1,14;425,1,32;530,1,50;209,1,114;280,1,237;589,1,121;452,1,153;378,1,132;261,1,239;71,1,56;847,1,17;216,1,48;948,1,79;591,1,69;912,1,60;220,1,131;221,1,182;848,1,109;222,1,139;750,1,82;751,1,106;489,1,130;594,1,104;753,1,20;480,1,62;32,1,196;862,1,102;389,1,111;230,1,126;234,1,202
61,66,167:21,11,7,18,146,156,173,181,198,210,250,279,285;615,7,5,15,24,112,123,152,174;874,6,6,17,42,140,153,160;769,6,2,7,34,44,56,60;583,6,15,31,137,159,173,199;805,6,3,11,39,61,110,149;240,5,118,243,251,285,358;316,5,25,50,301,354,360;163,5,7,18,108,115,216;380,5,74,169,187,231,333;345,4,2,12,31,63;979,4,4,24,64,88;156,4,6,13,24,41;842,4,12,24,37,73;297,3,2,16,156;607,3,14,29,44;776,3,36,56,69;310,3,6,17,28;314,3,5,18,36;982,3,10,21,40;879,3,48,105,143;46,3,435,458,594;952,3,2,14,34;959,3,5,11,20;922,3,8,16,29;417,3,5,11,99;869,3,13,26,46;511,3,124,129,148;862,3,5,11,28;981,2,6,17;108,2,252,300;339,2,48,64;560,2,107,142;154,2,43,86;642,2,54,135;179,2,119,258;250,1,290;88,1,88;265,1,69;251,1,146;710,1,138;37,1,107;107,1,36;241,1,85;38,1,186;120,1,245;122,1,49;682,1,180;133,1,154;727,1,92;628,1,133;342,1,136;568,1,92;174,1,68;575,1,113;792,1,130;669,1,90;190,1,140;202,1,150;214,1,128;955,1,45;720,1,274;390,1,57;660,1,99;293,1,79;670,1,84
62,63,127:297,5,4,18,37,92,158;744,5,4,14,29,66,91;696,4,7,16,25,115;304,3,5,14,27;851,3,5,14,32;602,3,7,16,30;622,3,9,24,45;682,3,6,16,29;665,3,8,21,33;405,3,7,16,32;895,3,3,10,22;889,3,6,19,31;841,3,5,11,101;924,3,14,30,55;56,3,22,123,131;476,3,5,17,27;769,3,4,9,36;846,3,8,18,43;212,3,6,20,37;981,2,8,19;550,2,8,19;472,2,3,12;465,2,3,16;871,2,7,16;555,2,7,18;866,2,3,12;114,2,46,87;672,2,3,12;673,2,8,21;135,2,2,11;604,2,4,10;808,2,11,24;840,2,7,21;605,2,141,167;874,2,8,19;952,2,4,16;643,2,12,28;843,2,13,30;659,2,3,17;292,2,14,29;853,1,85;264,1,183;306,1,268;905,1,33;310,1,34;759,1,13;892,1,137;122,1,24;986,1,51;829,1,48;338,1,78;763,1,27;782,1,43;735,1,44;191,1,104;65,1,37;449,1,30;26,1,45;469,1,110;284,1,35;215,1,221;470,1,156;662,1,51
63,137,264:189,6,6,27,54,80,196,254;246,5,8,34,93,123,153;235,5,12,29,47,103,108;297,4,6,20,94,160;250,4,10,27,45,136;781,4,6,13,27,154;558,4,3,13,28,65;813,4,12,28,53,102;364,4,4,18,50,144;247,4,7,32,105,163;198,4,6,28,69,96;5,4,20,49,59,142;392,4,5,32,63,167;865,3,8,17,87;532,3,9,27,63;982,3,5,16,33;44,3,9,19,40;504,3,5,15,29;328,3,18,37,66;144,3,15,31,47;896,3,7,19,48;628,3,9,22,40;889,3,8,21,33;829,3,6,24,50;147,3,11,23,111;605,3,45,100,223;874,3,10,21,133;952,3,6,18,42;345,3,6,16,55;979,3,13,33,60;572,3,8,21,33;3,3,122,151,220;792,3,12,25,54;65,3,5,15,39;869,3,6,19,36;277,3,6,36,83;946,3,9,19,25;1,3,10,29,47;428,3,7,27,47;935,3,5,13,34;825,3,107,117,152;294,3,11,28,61;393,3,13,34,95;236,3,118,193,249;981,2,10,21;838,2,80,120;91,2,113,299;304,2,8,17;614,2,80,262;313,2,133,147;111,2,52,81;816,2,42,134;316,2,41,284;45,2,37,335;818,2,17,43;18,2,8,19;840,2,9,23;764,2,61,67;165,2,4,14;509,2,83,206;694,2,56,109;201,2,119,197;530,2,10,30;802,2,166,198;380,2,125,143;30,2,148,174;607,1,40;299,1,141;815,1,34;983,1,37;92,1,83;95,1,20;264,1,132;251,1,42;34,1,183;775,1,298;302,1,166;35,1,43;533,1,53;710,1,31;308,1,45;310,1,169;311,1,45;314,1,124;681,1,26;115,1,28;481,1,350;778,1,121;817,1,143;727,1,29;270,1,171;142,1,183;145,1,125;604,1,105;729,1,205;863,1,172;48,1,73;340,1,45;630,1,34;819,1,50;152,1,92;343,1,237;633,1,55;922,1,35;440,1,53;51,1,87;441,1,55;860,1,34;22,1,245;272,1,72;642,1,43;495,1,20;539,1,71;766,1,149;63,1,102;810,1,53;767,1,138;275,1,15;669,1,64;793,1,47;367,1,55;467,1,264;425,1,18;885,1,43;707,1,96;771,1,194;28,1,68;590,1,70;547,1,61;385,1,194;411,1,32;658,1,57;470,1,188;701,1,101;429,1,69;394,1,181;661,1,235
64,162,446:133,8,6,12,32,99,112,149,158,183;373,8,7,14,38,96,100,119,140,169;798,8,6,12,26,71,80,151,182,190;671,7,3,14,36,61,74,97,117;889,7,9,22,34,78,87,133,167;189,7,7,28,55,81,197,226,255;190,7,7,19,25,51,152,184,189;989,7,6,15,30,49,56,68,82;842,6,9,21,34,44,70,105;564,6,5,14,28,75,98,124;348,6,11,26,44,125,136,204;694,6,57,103,110,144,152,172;800,6,7,14,36,59,73,99;250,5,11,28,46,94,137;431,5,24,33,55,68,78;815,5,20,42,66,111,141;532,5,10,28,64,74,132;308,5,46,79,100,116,130;328,5,19,38,67,69,108;537,5,14,35,65,101,117;734,5,2,8,35,56,66;539,5,72,199,209,242,255;792,5,13,26,55,62,77;235,5,13,30,48,104,109;297,4,7,21,95,161;614,4,81,160,166,263;917,4,9,18,43,63;681,4,27,51,64,192;44,4,10,20,41,65;895,4,7,14,26,50;896,4,8,20,49,55;829,4,7,25,51,165;558,4,4,14,29,66;874,4,11,22,38,134;975,4,5,16,23,85;732,4,11,26,41,82;979,4,14,34,61,94;813,4,13,29,54,103;364,4,5,19,51,145;3,4,123,152,221,333;793,4,5,21,35,48;795,4,7,26,51,78;65,4,6,16,40,76;198,4,7,29,70,97;946,4,10,20,26,169;799,4,7,17,29,56;380,4,102,126,144,325;934,4,113,127,136,188;75,4,7,14,24,55;392,4,6,33,64,168;607,3,12,27,41;865,3,9,18,88;92,3,84,107,120;304,3,9,18,30;115,3,29,88,110;982,3,6,17,34;918,3,13,30,87;818,3,18,44,68;144,3,16,32,48;628,3,10,23,41;781,3,7,14,28;605,3,46,101,224;952,3,7,19,43;345,3,7,17,56;922,3,6,14,36;563,3,11,26,50;572,3,9,22,34;835,3,6,16,32;63,3,103,137,159;869,3,7,20,37;277,3,7,37,84;585,3,232,407,504;746,3,7,21,35;932,3,8,27,51;214,3,47,160,261;1,3,11,30,48;428,3,8,28,48;857,3,3,10,22;393,3,14,35,96;981,2,11,22;983,2,38,65;838,2,81,121;710,2,32,35;313,2,134,148;111,2,53,82;816,2,43,135;316,2,42,285;15,2,69,100;727,2,30,35;48,2,74,103;18,2,9,20;819,2,51,143;840,2,10,24;407,2,30,84;861,2,5,22;165,2,5,15;441,2,56,63;810,2,54,71;185,2,21,36;669,2,65,96;650,2,66,72;931,2,42,81;196,2,5,13;509,2,84,207;425,2,19,47;802,2,167,199;592,2,37,61;299,1,142;91,1,114;490,1,36;95,1,21;264,1,186;251,1,43;34,1,184;775,1,299;302,1,167;310,1,170;314,1,125;711,1,29;481,1,351;778,1,122;45,1,336;504,1,30;970,1,74;142,1,184;626,1,91;145,1,126;729,1,206;863,1,173;340,1,46;147,1,152;343,1,238;633,1,56;764,1,68;440,1,54;354,1,136;860,1,35;789,1,37;22,1,246;272,1,73;642,1,44;766,1,150;183,1,145;275,1,32;191,1,64;467,1,265;707,1,97;771,1,195;590,1,227;259,1,124;215,1,186;217,1,52;73,1,87;6,1,57;387,1,166;411,1,33;658,1,58;701,1,103;850,1,60;294,1,62;394,1,182;661,1,236
65,106,165:977,4,5,13,36,78;736,4,2,8,27,58;652,4,57,91,244,263;297,3,10,24,207;607,3,5,20,47;838,3,17,35,51;252,3,150,199,321;309,3,11,23,29;993,3,7,22,46;316,3,5,11,20;958,3,11,23,39;632,3,8,19,38;841,3,60,99,146;464,3,92,104,123;802,3,14,29,48;549,3,4,12,51;88,2,26,103;89,2,83,128;264,2,176,249;891,2,57,75;613,2,2,15;304,2,20,82;871,2,33,134;879,2,11,24;329,2,12,25;986,2,1,17;339,2,11,23;605,2,71,205;153,2,53,94;633,2,14,29;154,2,8,19;642,2,74,80;766,2,99,214;186,2,5,15;370,2,12,31;409,2,12,25;31,2,286,343;292,2,12,27;834,2,202,206;755,2,1,14;981,1,31;250,1,328;306,1,259;851,1,29;679,1,71;905,1,294;968,1,49;602,1,27;312,1,49;313,1,27;314,1,47;883,1,44;982,1,28;122,1,96;481,1,39;918,1,82;325,1,56;625,1,72;985,1,61;243,1,92;133,1,22;136,1,214;760,1,97;140,1,36;762,1,35;895,1,140;626,1,46;144,1,228;889,1,109;829,1,139;729,1,54;919,1,52;819,1,132;730,1,39;731,1,31;952,1,52;158,1,70;20,1,150;689,1,40;980,1,26;765,1,46;786,1,37;56,1,121;569,1,33;272,1,66;360,1,101;178,1,31;179,1,34;363,1,234;185,1,10;484,1,122;508,1,28;582,1,16;769,1,65;64,1,292;869,1,28;498,1,145;876,1,62;210,1,40;545,1,57;698,1,21;862,1,33;877,1,41;702,1,35;852,1,31;708,1,41
66,120,248:252,6,13,26,146,151,200,322;819,6,6,12,26,62,121,133;532,5,6,24,50,78,140;554,5,27,42,148,173,205;871,5,6,15,34,135,168;40,5,42,132,144,155,168;947,5,7,17,68,75,83;952,5,12,24,39,53,60;897,5,7,14,40,71,102;302,4,12,24,39,169;308,4,14,28,57,65;108,4,8,16,125,165;829,4,15,33,47,140;154,4,4,15,47,76;20,4,9,28,54,106;696,4,6,15,24,114;545,4,8,16,45,59;591,4,7,25,49,78;297,3,11,25,164;774,3,14,31,95;552,3,9,18,38;105,3,5,16,34;325,3,43,72,87;625,3,10,22,49;537,3,10,31,60;818,3,13,39,64;986,3,9,25,50;895,3,21,42,138;518,3,9,18,32;605,3,72,206,234;732,3,7,22,37;943,3,9,18,30;353,3,6,12,32;569,3,5,11,34;846,3,7,17,42;848,3,9,19,54;395,3,52,124,228;264,2,182,243;251,2,8,20;304,2,26,76;553,2,7,19;993,2,8,23;121,2,42,151;328,2,80,95;529,2,84,118;405,2,31,70;626,2,18,36;958,2,12,24;339,2,12,24;919,2,26,49;705,2,11,22;51,2,108,119;733,2,59,102;736,2,20,28;765,2,47,108;786,2,38,50;645,2,17,73;582,2,17,54;376,2,44,290;654,2,4,10;531,2,50,57;234,2,8,17;607,1,48;397,1,124;865,1,84;838,1,52;401,1,20;773,1,76;710,1,95;917,1,39;851,1,31;905,1,291;602,1,124;311,1,100;312,1,50;313,1,28;315,1,54;110,1,74;116,1,82;122,1,41;436,1,110;133,1,23;727,1,103;331,1,161;137,1,185;415,1,186;781,1,124;629,1,41;340,1,51;730,1,40;559,1,119;152,1,199;890,1,48;731,1,59;959,1,44;155,1,99;636,1,80;157,1,66;158,1,71;565,1,73;417,1,18;689,1,41;789,1,27;272,1,83;419,1,133;575,1,124;901,1,85;421,1,48;185,1,13;744,1,28;524,1,72;510,1,32;525,1,75;876,1,63;698,1,23;771,1,91;772,1,126;702,1,99;833,1,40;878,1,37
67,175,242:295,9,5,25,58,122,153,238,269,324,336;583,5,5,21,142,158,271;239,4,221,228,255,326;622,4,3,18,73,102;415,4,8,27,56,139;297,3,13,27,166;853,3,49,68,93;125,3,197,211,250;466,3,11,30,156;352,3,5,30,80;693,3,68,101,175;380,3,1,9,23;456,3,81,109,183;430,2,19,40;252,2,47,83;108,2,68,137;554,2,83,276;827,2,41,50;115,2,83,135;682,2,122,140;597,2,206,301;46,2,203,604;840,2,12,26;632,2,67,113;737,2,45,117;21,2,172,224;994,2,13,33;881,2,77,118;856,2,54,197;574,2,48,329;715,2,93,132;822,2,71,203;649,2,10,24;580,2,37,74;802,2,96,107;707,2,78,187;28,2,121,156;72,2,50,205;381,2,3,11;382,2,57,70;699,2,83,308;660,2,83,119;234,2,181,189;865,1,94;91,1,377;944,1,66;98,1,183;303,1,240;240,1,313;306,1,214;513,1,89;671,1,57;12,1,192;974,1,83;314,1,69;969,1,64;871,1,144;555,1,83;435,1,48;114,1,29;839,1,103;253,1,265;119,1,95;13,1,151;41,1,158;756,1,32;603,1,90;42,1,291;471,1,61;44,1,175;918,1,107;45,1,310;504,1,34;505,1,114;712,1,58;828,1,86;437,1,498;131,1,97;269,1,76;329,1,78;332,1,171;333,1,73;137,1,161;335,1,69;895,1,121;685,1,139;896,1,71;493,1,323;557,1,113;629,1,98;919,1,43;863,1,31;494,1,53;984,1,39;705,1,48;154,1,101;841,1,132;520,1,273;53,1,313;158,1,132;521,1,97;522,1,90;159,1,400;160,1,211;757,1,100;348,1,148;165,1,110;166,1,41;57,1,161;789,1,113;739,1,92;419,1,105;273,1,143;576,1,131;741,1,78;645,1,49;182,1,226;742,1,102;476,1,249;579,1,44;718,1,109;365,1,115;275,1,30;793,1,43;931,1,38;869,1,61;369,1,147;238,1,47;477,1,60;276,1,118;510,1,12;199,1,227;525,1,89;400,1,118;585,1,268;876,1,84;695,1,152;375,1,34;5,1,184;698,1,151;771,1,88;803,1,97;211,1,203;452,1,396;378,1,229;213,1,175;259,1,138;260,1,92;261,1,184;286,1,265;70,1,187;215,1,145;218,1,98;219,1,121;749,1,119;912,1,86;971,1,17;936,1,92;221,1,73;387,1,130;501,1,65;411,1,99;594,1,59;600,1,136;857,1,56;457,1,59;388,1,76;511,1,76;701,1,70;429,1,219;834,1,184;294,1,150;394,1,197;396,1,102;664,1,204
68,50,75:621,4,1,13,91,182;363,4,88,99,132,179;297,3,14,28,167;89,3,5,14,53;252,3,130,203,221;879,3,53,99,156;919,3,6,15,76;251,2,98,106;303,2,195,275;239,2,301,340;38,2,176,187;319,2,264,268;353,2,108,151;765,2,56,96;174,2,57,69;766,2,43,225;298,1,200;88,1,54;97,1,115;709,1,83;551,1,109;775,1,73;891,1,64;106,1,165;554,1,108;871,1,59;116,1,63;685,1,67;628,1,96;145,1,69;808,1,94;559,1,102;605,1,85;952,1,68;733,1,114;689,1,75;736,1,38;786,1,94;539,1,96;179,1,191;792,1,115;911,1,35;869,1,62;423,1,120;698,1,97;456,1,282;31,1,132;549,1,83;702,1,109;531,1,87
69,179,321:254,7,10,22,31,68,171,232,359;493,7,4,20,38,102,320,342,375;87,5,7,16,26,74,122;239,5,215,232,237,300,305;323,5,5,11,18,24,32;517,5,10,13,24,27,106;101,4,71,87,90,117;134,4,135,161,406,432;331,4,50,123,237,322;364,4,7,11,21,25;646,4,6,14,35,165;366,4,10,27,68,144;797,4,4,10,31,88;199,4,79,210,243,279;657,4,5,13,29,91;34,3,6,22,40;512,3,10,23,40;413,3,5,13,24;414,3,15,36,117;321,3,30,218,247;437,3,17,36,144;333,3,9,25,51;941,3,7,16,33;685,3,9,20,29;829,3,9,27,53;46,3,36,446,573;341,3,33,85,112;890,3,11,24,33;960,3,8,19,29;783,3,16,39,69;160,3,20,42,70;61,3,4,10,40;184,3,9,20,39;65,3,9,19,85;371,3,9,20,36;201,3,219,286,342;279,3,12,26,72;378,3,15,34,41;548,3,18,38,59;397,2,34,177;534,2,98,215;724,2,59,73;124,2,11,24;322,2,20,63;915,2,11,25;138,2,29,142;335,2,32,44;849,2,12,26;407,2,8,18;51,2,5,22;520,2,58,136;52,2,49,59;161,2,126,151;54,2,3,17;757,2,7,16;353,2,25,154;441,2,58,85;860,2,87,158;60,2,11,26;740,2,19,40;3,2,10,23;181,2,28,258;930,2,14,33;444,2,21,197;911,2,5,13;369,2,61,110;195,2,150,205;258,2,82,156;585,2,33,71;449,2,6,14;26,2,10,22;933,2,10,22;450,2,6,14;452,2,60,345;877,2,9,21;702,2,264,331;462,2,34,108;396,2,77,113;297,1,33;609,1,32;262,1,151;433,1,34;758,1,17;100,1,93;992,1,45;267,1,61;678,1,165;103,1,43;905,1,203;725,1,190;619,1,218;111,1,32;871,1,159;839,1,137;116,1,56;403,1,111;120,1,72;41,1,365;14,1,73;237,1,300;672,1,129;320,1,186;624,1,20;778,1,157;125,1,43;126,1,37;683,1,42;463,1,199;130,1,174;712,1,19;131,1,146;269,1,193;879,1,137;894,1,127;270,1,120;762,1,128;415,1,131;405,1,29;557,1,117;629,1,64;808,1,47;48,1,122;147,1,33;559,1,154;984,1,113;150,1,35;152,1,42;256,1,110;562,1,35;440,1,210;350,1,193;638,1,191;354,1,66;987,1,31;173,1,161;175,1,97;59,1,101;22,1,240;359,1,72;177,1,208;363,1,200;767,1,105;576,1,114;910,1,26;822,1,109;476,1,62;864,1,215;245,1,261;669,1,106;484,1,104;541,1,354;193,1,31;524,1,23;238,1,366;276,1,173;652,1,255;704,1,93;510,1,69;824,1,13;207,1,68;280,1,143;210,1,120;376,1,298;590,1,151;286,1,233;70,1,131;995,1,27;382,1,41;77,1,65;455,1,71;658,1,46;940,1,154;480,1,180;457,1,164;31,1,43;549,1,42;8,1,157;395,1,240;878,1,31
70,227,492:671,11,71,84,90,104,113,128,135,141,149,171,177;113,9,54,70,93,112,155,164,187,215,226;450,9,3,7,11,15,27,56,81,360,408;699,9,11,22,36,57,63,144,181,215,223;181,8,24,53,61,65,126,151,193,218;269,6,63,138,147,162,195,201;670,6,13,26,62,138,252,427;87,5,8,17,27,75,123;303,5,21,42,133,145,181;159,5,23,46,77,83,188;199,5,2,22,53,166,196;657,5,6,14,30,55,123;8,5,101,108,158,169,264;401,4,151,173,178,205;95,4,7,14,50,69;34,4,8,24,50,158;103,4,11,22,41,233;778,4,19,38,133,159;322,4,21,42,123,143;126,4,59,91,247,260;48,4,15,30,45,249;813,4,16,32,57,106;193,4,32,58,81,87;467,4,29,58,111,139;24,4,208,216,227,262;226,4,19,38,71,205;263,3,8,16,50;491,3,15,30,60;102,3,14,28,141;512,3,11,24,41;242,3,105,125,156;413,3,6,14,25;884,3,59,79,179;117,3,5,17,113;254,3,12,24,33;42,3,21,43,86;414,3,17,38,118;624,3,21,150,217;128,3,8,20,27;504,3,10,20,38;713,3,23,46,60;828,3,6,26,152;985,3,13,26,40;437,3,72,145,409;132,3,11,22,49;779,3,12,24,46;333,3,10,26,52;493,3,8,24,42;517,3,14,28,107;46,3,32,407,452;960,3,9,20,31;783,3,18,41,71;160,3,21,43,71;20,3,14,33,209;163,3,38,67,84;165,3,10,20,180;860,3,88,118,159;570,3,16,32,108;691,3,58,66,96;822,3,50,98,110;184,3,10,21,40;366,3,7,24,52;371,3,10,21,37;258,3,5,32,61;377,3,20,40,179;378,3,19,38,42;453,3,7,14,39;978,3,40,99,152;458,3,6,12,25;396,3,10,37,61;298,2,14,28;250,2,163,258;91,2,19,275;853,2,27,28;99,2,9,18;614,2,219,242;315,2,8,16;403,2,80,98;253,2,4,33;40,2,8,20;124,2,12,25;45,2,9,18;726,2,18,41;140,2,4,17;270,2,71,189;405,2,99,103;829,2,10,28;808,2,39,48;407,2,10,20;440,2,9,18;157,2,17,34;347,2,9,18;898,2,9,18;355,2,79,82;357,2,5,19;175,2,5,17;176,2,11,22;273,2,17,34;646,2,122,141;444,2,22,78;650,2,2,18;368,2,22,44;65,2,10,20;66,2,7,18;194,2,8,20;423,2,13,26;486,2,22,44;197,2,2,9;68,2,18,36;447,2,15,30;424,2,12,24;372,2,7,29;278,2,56,161;449,2,7,15;279,2,14,28;281,2,156,168;885,2,11,22;69,2,128,144;211,2,17,34;526,2,14,29;283,2,5,34;452,2,61,347;655,2,5,15;28,2,136,153;77,2,66,69;527,2,6,12;387,2,34,134;600,2,13,28;480,2,11,22;225,2,12,24;31,2,16,32;877,2,10,22;462,2,35,109;297,1,34;397,1,35;90,1,39;609,1,33;432,1,178;433,1,35;758,1,18;300,1,57;100,1,164;992,1,46;101,1,134;36,1,98;239,1,129;678,1,35;104,1,85;905,1,38;618,1,104;111,1,33;472,1,247;839,1,94;268,1,200;118,1,119;120,1,73;14,1,74;237,1,144;43,1,117;888,1,80;505,1,119;893,1,80;894,1,128;780,1,66;332,1,67;762,1,206;335,1,33;415,1,202;685,1,61;506,1,138;629,1,65;340,1,151;147,1,34;559,1,155;341,1,113;890,1,34;632,1,126;636,1,61;408,1,54;520,1,59;522,1,160;735,1,43;54,1,186;757,1,41;55,1,65;349,1,40;350,1,234;785,1,43;638,1,192;441,1,59;354,1,226;987,1,32;59,1,64;359,1,73;61,1,186;178,1,115;63,1,43;910,1,22;442,1,43;183,1,42;669,1,107;186,1,40;187,1,157;484,1,105;583,1,268;524,1,45;195,1,122;487,1,127;509,1,124;370,1,52;425,1,86;499,1,151;280,1,229;261,1,48;285,1,137;937,1,54;903,1,27;454,1,33;456,1,343;502,1,98;470,1,136;230,1,120;662,1,153;461,1,65;395,1,241;708,1,111;878,1,32
71,86,175:46,11,24,152,171,193,196,318,346,377,474,578,623;896,6,3,15,44,66,102,128;781,6,2,9,21,89,144,150;854,5,2,8,13,35,70;177,5,8,18,60,90,160;767,5,1,4,35,58,117;918,4,6,23,83,124;176,4,4,15,112,232;245,4,1,7,80,207;602,3,5,14,28;312,3,11,24,48;993,3,6,21,45;682,3,4,14,27;986,3,8,24,49;889,3,4,17,29;829,3,13,31,45;943,3,29,35,63;56,3,2,11,20;167,3,8,17,50;572,3,3,16,28;419,3,9,19,46;963,3,3,8,79;65,3,1,11,35;549,3,1,9,23;531,3,6,24,49;297,2,35,90;91,2,345,379;917,2,38,65;108,2,123,309;313,2,26,187;315,2,1,9;626,2,17,35;958,2,10,22;339,2,10,22;840,2,5,19;705,2,175,250;952,2,11,23;976,2,2,16;733,2,58,467;3,2,321,384;31,2,318,442;397,1,353;944,1,22;836,1,87;252,1,132;891,1,46;678,1,257;306,1,26;513,1,50;105,1,33;618,1,221;465,1,121;40,1,167;121,1,150;128,1,56;325,1,42;893,1,33;133,1,190;537,1,57;895,1,18;144,1,198;145,1,106;340,1,174;730,1,38;561,1,76;782,1,37;731,1,52;562,1,298;156,1,40;55,1,116;349,1,112;765,1,45;786,1,36;171,1,29;810,1,49;830,1,1;911,1,25;692,1,160;582,1,15;66,1,55;543,1,81;4,1,221;707,1,37;698,1,22;771,1,79;295,1,78
72,295,473:108,8,1,9,81,118,144,151,168,329;723,6,6,15,43,69,77,97;371,5,1,12,29,85,116;280,5,95,135,151,208,260;299,4,6,22,58,155;306,4,77,117,125,175;679,4,5,12,31,68;553,4,51,113,122,153;43,4,16,34,62,167;536,4,48,88,98,103;947,4,5,15,73,81;341,4,135,294,302,312;733,4,5,13,149,189;926,4,4,19,78,114;476,4,101,125,179,232;650,4,8,24,42,61;387,4,4,19,39,116;774,3,46,56,187;101,3,5,18,58;305,3,6,15,64;241,3,4,12,74;974,3,48,115,154;40,3,45,56,235;121,3,45,56,203;481,3,3,14,30;985,3,8,21,35;131,3,9,19,60;136,3,11,34,116;626,3,44,60,97;849,3,143,208,308;861,3,7,24,42;159,3,3,26,123;924,3,50,71,92;638,3,30,161,218;21,3,4,15,42;179,3,32,51,234;648,3,12,27,47;185,3,18,35,109;793,3,7,23,58;795,3,9,28,53;508,3,4,13,31;769,3,30,43,114;583,3,12,28,171;423,3,8,21,39;195,3,51,168,227;652,3,8,33,261;424,3,4,16,34;902,3,4,13,73;5,3,158,173,265;545,3,3,11,37;378,3,11,30,45;292,3,10,25,112;297,2,39,205;815,2,2,7;906,2,102,116;491,2,91,98;313,2,31,38;554,2,234,238;711,2,58,116;320,2,164,262;125,2,82,315;133,2,42,89;915,2,5,19;135,2,40,85;270,2,148,166;141,2,207,213;762,2,46,258;142,2,70,153;895,2,64,68;604,2,13,126;18,2,74,105;921,2,84,96;841,2,1,7;735,2,38,100;163,2,4,15;3,2,27,72;421,2,184,199;365,2,20,64;444,2,60,142;198,2,158,192;277,2,124,179;704,2,11,33;498,2,95,207;201,2,45,126;946,2,118,181;398,2,80,87;376,2,52,71;452,2,471,584;590,2,177,189;285,2,3,23;71,2,65,82;380,2,49,89;720,2,49,120;594,2,1,9;456,2,135,231;862,2,31,38;549,2,52,62;83,2,159,327;230,2,2,10;392,2,110,135;395,2,138,155;607,1,32;250,1,168;86,1,52;882,1,25;90,1,58;609,1,99;91,1,221;401,1,105;550,1,65;96,1,207;97,1,52;611,1,29;98,1,15;773,1,115;601,1,57;34,1,134;775,1,192;612,1,133;836,1,112;252,1,34;239,1,321;678,1,101;613,1,64;240,1,51;37,1,266;598,1,38;103,1,27;671,1,75;617,1,72;12,1,52;312,1,33;621,1,222;110,1,248;472,1,44;883,1,34;622,1,227;681,1,133;535,1,76;555,1,29;435,1,46;114,1,17;38,1,181;39,1,302;268,1,173;13,1,162;672,1,31;124,1,43;414,1,107;624,1,180;323,1,34;888,1,34;324,1,57;325,1,53;326,1,102;505,1,94;134,1,441;780,1,258;872,1,68;138,1,55;334,1,59;855,1,71;415,1,81;986,1,42;627,1,55;829,1,108;336,1,34;493,1,221;517,1,50;46,1,146;919,1,25;48,1,62;686,1,96;984,1,66;342,1,96;560,1,65;152,1,71;632,1,34;343,1,34;764,1,21;407,1,70;562,1,239;945,1,20;923,1,40;440,1,47;563,1,48;155,1,44;51,1,82;880,1,50;54,1,37;20,1,145;565,1,92;348,1,100;55,1,87;538,1,179;980,1,42;166,1,73;566,1,19;765,1,85;786,1,85;738,1,42;167,1,27;789,1,29;171,1,155;691,1,30;272,1,64;360,1,93;23,1,46;574,1,170;901,1,37;363,1,177;576,1,34;909,1,69;646,1,22;844,1,39;187,1,142;484,1,120;190,1,38;692,1,33;367,1,59;368,1,101;64,1,290;869,1,54;870,1,71;524,1,46;477,1,149;197,1,49;497,1,66;509,1,65;797,1,27;276,1,160;278,1,63;199,1,120;530,1,107;676,1,204;746,1,101;799,1,42;206,1,20;449,1,42;409,1,33;209,1,169;695,1,99;588,1,35;801,1,71;846,1,94;27,1,77;933,1,39;464,1,88;802,1,143;654,1,118;488,1,63;450,1,346;28,1,91;453,1,45;286,1,228;379,1,81;837,1,95;214,1,81;546,1,99;217,1,57;948,1,38;951,1,69;934,1,197;748,1,89;218,1,223;73,1,233;383,1,36;971,1,47;6,1,208;29,1,216;30,1,164;848,1,79;288,1,16;290,1,59;224,1,123;79,1,104;978,1,133;31,1,292;700,1,103;677,1,42;825,1,41;227,1,95;84,1,63;391,1,62;293,1,82;834,1,102;294,1,58;393,1,54;234,1,42;670,1,284;661,1,28;852,1,74;755,1,195;708,1,98;236,1,202
73,171,302:299,7,7,10,23,26,59,156,173;395,7,6,26,47,77,139,150,156;303,6,5,26,129,208,259,283;108,6,2,10,82,119,169,330;924,5,51,67,72,83,93;583,5,8,13,24,29,172;371,5,4,15,32,86,117;298,4,6,20,56,101;849,4,139,144,180,309;387,4,5,20,40,117;306,3,78,118,176;241,3,5,13,75;883,3,35,40,70;40,3,46,57,236;121,3,46,57,204;481,3,4,15,31;43,3,17,35,63;536,3,49,89,104;985,3,9,22,36;136,3,12,35,117;493,3,222,311,431;518,3,2,11,45;159,3,4,27,124;21,3,5,16,43;926,3,5,20,79;650,3,9,25,43;508,3,5,14,32;423,3,9,22,40;652,3,9,34,262;525,3,5,22,49;902,3,5,14,74;932,3,12,31,55;545,3,4,12,38;378,3,12,31,46;292,3,11,26,293;850,3,2,23,49;394,3,2,10,53;878,3,45,71,130;297,2,40,206;430,2,2,23;956,2,2,11;815,2,3,8;613,2,65,119;110,2,82,250;711,2,117,147;320,2,165,263;125,2,83,316;915,2,6,20;334,2,60,70;762,2,47,259;921,2,97,120;841,2,2,8;733,2,6,14;735,2,39,101;163,2,5,16;179,2,33,225;645,2,16,123;648,2,13,28;929,2,3,17;368,2,102,113;704,2,12,34;498,2,198,208;278,2,64,69;398,2,81,88;280,2,136,209;594,2,2,10;224,2,126,147;549,2,53,63;293,2,54,83;230,2,3,11;607,1,33;250,1,169;397,1,233;882,1,26;906,1,103;91,1,222;33,1,115;401,1,123;601,1,58;300,1,61;34,1,135;774,1,47;491,1,92;252,1,35;240,1,52;723,1,144;513,1,128;553,1,52;312,1,34;313,1,32;555,1,30;114,1,18;116,1,74;39,1,303;268,1,174;318,1,45;13,1,163;672,1,32;124,1,44;414,1,108;323,1,77;888,1,35;325,1,54;131,1,61;15,1,85;138,1,56;855,1,72;986,1,43;626,1,45;627,1,56;336,1,35;337,1,61;517,1,51;507,1,68;341,1,136;19,1,93;632,1,35;519,1,178;440,1,48;155,1,45;51,1,83;156,1,45;880,1,51;158,1,218;20,1,146;55,1,88;166,1,74;566,1,20;167,1,28;171,1,156;691,1,31;272,1,65;360,1,125;361,1,24;23,1,47;901,1,38;767,1,132;576,1,28;644,1,35;909,1,70;790,1,182;646,1,23;476,1,102;185,1,9;444,1,143;484,1,121;367,1,60;64,1,291;524,1,49;797,1,28;277,1,125;409,1,34;209,1,149;27,1,78;376,1,53;464,1,89;452,1,472;28,1,169;217,1,137;804,1,36;772,1,204;480,1,39;862,1,32;833,1,37;392,1,136;393,1,55;661,1,29;722,1,118;461,1,35;462,1,110;708,1,99
74,210,687:159,14,17,40,71,122,184,205,223,239,241,276,374,392,403,411;472,13,5,14,21,35,47,50,67,74,83,125,187,199,207;670,13,10,23,59,91,154,165,169,225,230,282,328,344,379;555,12,11,22,39,50,59,103,116,131,215,256,318,365;2,11,9,23,37,51,80,143,169,246,272,285,304;346,11,19,39,64,112,142,149,176,190,204,213,229;4,11,17,48,81,96,101,136,144,204,212,243,272;31,10,11,27,39,60,71,99,145,215,280,425;295,10,15,35,69,88,90,112,145,171,277,347;91,9,8,16,174,212,223,227,239,307,359;725,9,13,34,82,106,150,182,204,235,240;151,8,8,22,46,70,78,105,136,176;168,8,6,22,52,75,88,113,151,166;469,8,7,20,42,64,85,103,112,140;70,8,26,52,57,95,109,121,133,177;83,8,18,43,65,121,175,235,260,278;42,7,5,27,76,132,200,249,301;757,7,4,13,29,82,88,115,133;22,7,12,28,50,63,108,213,255;706,7,12,27,39,54,72,91,159;225,7,8,20,28,50,73,93,118;682,6,8,18,31,46,120,163;603,6,5,13,36,60,75,83;780,6,71,87,105,150,214,266;604,6,6,12,27,54,68,107;150,6,4,13,22,62,86,110;573,6,6,16,33,81,96,112;421,6,9,22,41,56,201,236;259,6,20,47,79,148,183,197;286,6,5,32,57,109,144,157;226,6,13,32,54,99,170,173;853,5,6,12,87,88,138;264,5,28,52,126,174,225;678,5,7,18,31,117,175;13,5,25,46,102,159,164;463,5,13,37,63,81,189;255,5,12,29,64,110,143;326,5,7,16,26,45,74;138,5,6,15,31,50,57;863,5,9,21,47,62,198;849,5,9,23,201,205,298;636,5,7,21,35,55,129;271,5,14,32,88,111,168;538,5,12,24,115,134,186;178,5,7,16,43,95,186;643,5,16,32,101,140,176;28,5,58,76,179,187,204;396,5,125,136,152,193,223;296,5,116,164,171,180,198;906,4,21,27,43,61;93,4,6,15,52,111;433,4,5,10,31,95;266,4,18,43,68,202;916,4,4,12,29,87;103,4,7,18,37,104;851,4,7,16,34,65;130,4,12,26,46,109;665,4,11,24,34,64;726,4,13,36,71,138;19,4,9,26,55,94;667,4,12,26,59,62;160,4,12,34,66,147;351,4,6,17,72,94;56,4,7,16,26,50;668,4,13,32,123,130;856,4,7,19,44,96;64,4,78,208,238,244;66,4,2,13,52,99;212,4,8,22,39,96;470,4,2,8,20,55;659,4,5,19,36,107;834,4,17,35,47,72;531,4,13,31,63,128;249,4,12,29,44,180;306,3,64,247,270;513,3,60,230,244;618,3,9,20,34;974,3,35,63,125;112,3,12,26,57;866,3,9,18,29;40,3,66,103,195;949,3,8,16,23;778,3,11,30,139;45,3,33,362,373;505,3,37,110,132;466,3,168,176,181;331,3,319,383,393;135,3,5,14,30;474,3,17,36,46;142,3,13,29,256;405,3,9,18,35;686,3,41,74,162;152,3,38,48,94;897,3,23,29,45;157,3,8,25,45;176,3,8,19,279;901,3,10,20,43;63,3,35,64,223;929,3,4,18,40;581,3,108,118,163;279,3,34,75,99;260,3,25,58,94;261,3,75,113,323;427,3,10,22,50;990,3,10,22,41;297,2,41,61;90,2,9,21;301,2,17,41;412,2,195,214;598,2,187,202;905,2,36,316;711,2,71,100;39,2,57,126;253,2,27,56;121,2,66,103;320,2,109,248;126,2,121,136;325,2,10,20;673,2,11,24;141,2,46,72;415,2,151,198;666,2,14,33;46,2,29,190;507,2,7,20;521,2,107,174;522,2,56,81;565,2,32,45;785,2,37,91;860,2,84,115;169,2,7,17;570,2,13,29;821,2,131,164;843,2,17,34;3,2,37,149;576,2,70,129;909,2,22,57;245,2,92,157;368,2,19,41;369,2,68,128;194,2,3,15;201,2,102,248;425,2,2,7;224,2,64,94;429,2,55,108;703,2,32,103;460,2,65,75;431,1,122;89,1,28;609,1,219;94,1,106;97,1,83;101,1,50;267,1,47;11,1,47;304,1,67;240,1,344;309,1,120;617,1,50;111,1,66;403,1,209;414,1,82;269,1,183;329,1,147;762,1,52;335,1,46;143,1,36;626,1,79;145,1,110;338,1,81;958,1,71;808,1,35;416,1,33;920,1,36;341,1,110;562,1,240;53,1,118;898,1,39;417,1,156;349,1,116;737,1,43;788,1,30;356,1,68;418,1,154;963,1,31;361,1,79;495,1,87;362,1,60;273,1,166;767,1,139;644,1,234;768,1,75;578,1,90;649,1,108;542,1,96;693,1,57;67,1,100;584,1,117;525,1,42;845,1,136;453,1,170;454,1,26;489,1,19;480,1,146;502,1,80;805,1,83;702,1,329;233,1,113;662,1,121;461,1,41;967,1,39
75,38,38:297,1,44;983,1,48;853,1,53;264,1,251;709,1,218;304,1,84;671,1,156;413,1,73;892,1,69;871,1,56;711,1,81;949,1,25;126,1,125;132,1,72;780,1,189;872,1,77;515,1,84;48,1,158;340,1,97;342,1,75;921,1,113;731,1,56;54,1,194;417,1,297;418,1,131;789,1,103;739,1,147;963,1,46;768,1,60;476,1,39;579,1,111;193,1,188;64,1,342;218,1,53;938,1,58;699,1,275;456,1,121;862,1,56
76,43,45:127,2,79,148;493,2,363,464;297,1,45;89,1,69;96,1,37;601,1,230;239,1,278;306,1,192;711,1,137;40,1,87;119,1,151;121,1,87;603,1,100;123,1,266;125,1,40;322,1,111;888,1,58;684,1,48;873,1,66;686,1,187;687,1,56;921,1,114;440,1,219;979,1,103;352,1,127;826,1,51;58,1,112;359,1,169;835,1,25;61,1,68;541,1,329;191,1,102;508,1,80;278,1,170;585,1,327;206,1,182;589,1,102;699,1,71;289,1,108;600,1,166;31,1,310;83,1,219;8,1,137
77,168,208:974,4,44,167,199,212;340,3,54,83,191;562,3,69,109,232;464,3,86,132,218;297,2,47,134;983,2,18,41;93,2,60,86;601,2,190,356;836,2,55,90;434,2,38,86;598,2,181,198;725,2,183,227;123,2,64,193;141,2,87,233;46,2,19,282;921,2,87,116;344,2,46,71;923,2,45,100;440,2,21,43;784,2,23,44;350,2,144,237;642,2,45,167;179,2,86,237;181,2,49,130;245,2,100,209;201,2,187,307;205,2,40,109;25,2,82,164;814,2,51,96;912,2,89,117;76,2,96,109;699,2,217,304;857,2,32,59;834,2,195,212;878,2,85,102;607,1,50;838,1,83;609,1,162;92,1,71;758,1,64;774,1,156;612,1,49;101,1,63;302,1,49;412,1,134;303,1,197;678,1,280;306,1,96;513,1,183;37,1,21;671,1,78;602,1,87;553,1,102;312,1,30;313,1,159;472,1,49;465,1,45;535,1,239;827,1,86;116,1,230;319,1,51;124,1,53;624,1,90;126,1,143;45,1,109;325,1,109;130,1,102;466,1,62;270,1,73;415,1,65;895,1,28;626,1,66;781,1,97;506,1,197;604,1,47;666,1,59;919,1,51;863,1,75;873,1,80;687,1,75;416,1,73;406,1,55;150,1,135;341,1,147;560,1,174;605,1,154;667,1,63;634,1,37;764,1,53;841,1,143;732,1,47;897,1,207;733,1,61;157,1,128;159,1,376;757,1,22;688,1,80;637,1,54;417,1,102;351,1,45;566,1,15;826,1,84;441,1,65;738,1,47;860,1,259;418,1,30;170,1,111;994,1,41;174,1,44;475,1,53;574,1,257;643,1,145;766,1,135;576,1,118;644,1,30;822,1,150;442,1,69;182,1,168;365,1,69;444,1,130;186,1,48;192,1,167;445,1,43;582,1,27;693,1,95;65,1,67;869,1,39;369,1,34;524,1,27;485,1,135;195,1,269;467,1,149;4,1,244;202,1,59;204,1,47;373,1,165;676,1,123;449,1,104;280,1,115;801,1,76;698,1,51;451,1,259;377,1,356;452,1,322;378,1,79;213,1,105;546,1,53;380,1,61;72,1,107;73,1,23;219,1,37;936,1,90;938,1,19;657,1,113;410,1,29;223,1,55;720,1,290;501,1,59;411,1,80;594,1,82;32,1,145;721,1,42;389,1,59;84,1,67;394,1,155;670,1,399;661,1,75;9,1,157
78,160,514:46,14,118,178,182,187,206,234,255,277,307,398,501,512,535,543;280,14,98,103,113,119,131,140,168,192,206,217,223,271,307,324;543,11,2,14,37,55,63,69,86,119,132,185,189;594,11,7,15,42,69,108,122,157,177,197,223,231;116,10,6,14,21,29,36,43,86,104,117,135;623,10,3,7,21,34,66,95,122,139,152,160;83,10,14,39,61,151,171,198,229,253,318,333;905,9,148,155,168,187,237,262,277,301,310;452,9,3,25,48,191,199,461,483,516,605;621,8,60,104,176,205,223,231,242,301;48,8,6,21,52,88,109,118,153,187;261,8,41,65,152,244,274,285,294,318;612,7,6,16,43,75,91,105,145;38,7,8,23,37,65,95,121,145;2,7,4,18,32,71,119,152,315;101,6,2,15,33,48,55,101;552,6,5,14,32,45,66,87;555,6,110,173,187,295,309,359;254,6,52,84,134,164,287,385;147,6,4,16,45,68,104,122;50,6,8,21,40,63,69,96;355,6,2,7,24,34,39,85;706,6,33,60,100,127,146,164;377,6,196,201,230,235,246,315;100,5,69,122,145,154,168;867,5,4,12,23,63,76;15,5,10,26,64,78,112;894,5,2,10,42,92,120;331,5,22,42,111,248,279;763,5,7,18,35,70,91;859,5,7,18,25,55,66;151,5,65,108,130,132,179;849,5,34,65,86,175,198;562,5,151,162,172,181,305;945,5,2,4,42,51,77;923,5,2,5,14,33,77;161,5,86,95,136,155,185;538,5,98,131,152,172,199;3,5,81,95,132,200,234;330,4,8,20,42,88;872,4,110,144,173,209;868,4,3,14,29,42;171,4,72,84,118,141;174,4,3,7,13,28;61,4,21,35,43,185;813,4,1,17,43,79;63,4,7,21,207,239;651,4,188,200,225,235;369,4,12,25,36,73;590,4,5,30,119,201;213,4,5,24,42,194;394,4,68,94,153,163;878,4,50,76,108,140;91,3,126,164,232;776,3,9,19,61;302,3,4,16,30;35,3,11,24,47;12,3,78,115,130;268,3,71,85,155;255,3,52,202,247;269,3,190,222,236;855,3,8,18,32;889,3,65,120,160;506,3,142,152,166;338,3,75,111,169;808,3,30,75,162;667,3,5,19,31;636,3,48,77,96;408,3,57,65,111;520,3,15,32,118;640,3,19,39,60;169,3,3,13,25;644,3,182,219,253;929,3,13,27,46;581,3,34,86,96;911,3,26,102,130;469,3,2,15,34;656,3,5,27,45;606,3,2,13,35;548,3,84,94,105;936,3,11,23,33;429,3,48,266,322;297,2,50,72;94,2,70,72;758,2,53,88;618,2,94,196;682,2,105,171;672,2,175,190;779,2,36,169;134,2,270,329;604,2,30,80;157,2,87,107;53,2,35,149;962,2,3,16;495,2,61,71;483,2,69,99;67,2,195,257;479,2,138,149;451,2,293,313;655,2,95,151;284,2,66,120;260,2,129,140;456,2,75,284;906,1,76;93,1,107;773,1,75;916,1,91;111,1,59;114,1,97;839,1,132;403,1,218;317,1,72;120,1,51;320,1,240;778,1,73;125,1,228;321,1,187;536,1,82;137,1,192;138,1,146;142,1,280;829,1,77;781,1,78;493,1,474;557,1,125;728,1,63;958,1,83;898,1,26;164,1,124;351,1,79;737,1,56;356,1,91;167,1,40;170,1,96;58,1,30;691,1,125;856,1,184;643,1,97;843,1,98;810,1,46;364,1,36;182,1,143;245,1,33;189,1,145;796,1,96;65,1,116;66,1,32;4,1,257;246,1,135;247,1,145;198,1,160;278,1,266;212,1,76;259,1,175;459,1,104;887,1,114;234,1,96;670,1,52;967,1,57;296,1,231
79,139,360:612,14,7,17,53,61,68,80,84,96,101,108,114,119,123,137;621,13,5,17,61,105,133,177,206,224,232,243,271,302,322;302,9,8,20,34,56,66,80,95,218,253;415,8,3,22,43,84,90,110,213,216;776,7,10,20,37,42,57,70,79;48,7,7,22,53,89,110,154,188;550,6,51,67,74,97,130,141;623,6,4,8,22,123,140,153;50,6,9,22,41,64,70,97;452,6,4,26,49,192,200,606;594,6,8,16,43,70,109,178;113,5,7,15,160,197,218;624,5,53,65,108,172,183;15,5,11,27,65,79,113;763,5,8,19,36,71,92;945,5,43,82,90,95,100;923,5,3,6,15,34,78;161,5,87,96,137,156,186;671,4,94,112,134,148;38,4,9,24,38,66;505,4,8,17,31,128;894,4,3,11,43,93;46,4,119,179,207,235;566,4,1,5,35,57;356,4,7,21,36,82;171,4,10,20,73,99;813,4,2,18,44,80;63,4,8,22,208,235;369,4,13,26,37,74;590,4,6,31,120,202;213,4,6,25,43,195;878,4,51,77,109,141;91,3,89,127,165;465,3,108,123,146;116,3,7,22,87;268,3,72,86,156;867,3,5,13,64;326,3,3,12,23;269,3,152,223,237;779,3,37,88,170;134,3,6,17,271;855,3,9,19,33;889,3,66,121,161;557,3,25,51,65;47,3,6,12,37;147,3,5,17,46;849,3,66,87,199;408,3,58,62,112;640,3,20,40,61;641,3,7,16,76;174,3,14,38,51;643,3,62,86,137;929,3,14,28,47;796,3,9,20,47;651,3,201,226,236;656,3,6,28,46;606,3,3,14,36;297,2,51,73;552,2,33,46;905,2,149,263;839,2,82,133;682,2,106,172;672,2,176,191;44,2,151,158;126,2,129,155;330,2,9,21;474,2,57,80;338,2,76,112;919,2,40,46;570,2,73,83;61,2,22,36;843,2,52,139;644,2,220,254;483,2,70,100;206,2,72,196;374,2,56,74;655,2,96,156;284,2,67,121;456,2,76,285;388,2,120,133;429,2,49,267;678,1,85;916,1,92;617,1,47;111,1,60;866,1,35;317,1,73;40,1,270;120,1,52;121,1,237;254,1,135;320,1,241;125,1,121;536,1,83;726,1,134;915,1,46;135,1,71;627,1,36;829,1,78;781,1,79;506,1,153;808,1,31;152,1,105;667,1,54;562,1,152;636,1,49;733,1,95;157,1,98;521,1,168;538,1,128;166,1,174;351,1,80;167,1,41;170,1,97;58,1,31;175,1,142;3,1,162;182,1,86;422,1,61;245,1,180;445,1,53;65,1,46;485,1,114;246,1,136;247,1,146;198,1,161;371,1,48;589,1,162;479,1,150;451,1,294;469,1,35;453,1,78;29,1,218;754,1,98;459,1,95;887,1,115;234,1,97;670,1,53;296,1,232
80,4,5:678,2,78,228;297,1,52;534,1,186;324,1,49
81,81,224:91,10,6,14,26,69,250,261,305,328,357,371;406,9,2,12,38,91,121,137,158,179,187;562,9,55,65,71,133,158,202,245,290,334;264,7,53,61,81,101,122,134,169;53,7,9,26,112,167,179,260,314;236,7,10,39,92,99,110,132,174;157,6,13,30,50,126,129,167;366,6,14,31,64,121,163,229;396,6,19,46,84,145,162,199;570,5,4,20,41,53,58;821,5,13,32,68,113,120;4,5,141,171,180,209,269;295,5,12,32,65,91,186;906,4,20,26,60,70;103,4,6,17,36,103;152,4,37,68,93,112;343,4,72,103,130,149;538,4,10,22,54,118;648,4,8,23,51,72;201,4,128,152,206,251;249,4,8,25,75,176;12,3,9,22,35;778,3,48,116,145;828,3,19,39,114;142,3,12,28,139;863,3,12,24,65;149,3,9,24,80;856,3,42,68,160;761,3,90,124,186;64,3,16,40,84;584,3,8,25,45;447,3,11,26,35;670,3,9,22,58;267,2,33,159;555,2,37,67;237,2,51,87;2,2,132,331;332,2,183,224;604,2,103,106;416,2,3,14;360,2,9,21;643,2,15,31;843,2,16,33;576,2,136,154;66,2,42,138;281,2,54,59;377,2,110,115;655,2,43,162;70,2,125,150;511,2,47,170;459,2,47,72;429,2,128,144;702,2,296,373;662,2,12,34;297,1,55;100,1,136;239,1,98;618,1,143;315,1,26;472,1,62;317,1,45;682,1,196;326,1,33;505,1,61;135,1,53;737,1,42;640,1,79;172,1,34;22,1,96;23,1,45;362,1,120;910,1,6;646,1,189;649,1,44;200,1,132;587,1,143;802,1,112;212,1,85;285,1,185;289,1,88;664,1,56
82,135,272:377,11,7,27,60,75,89,119,131,168,207,218,265;48,9,4,19,40,50,77,81,114,201,244;467,8,12,41,68,77,102,209,233,275;447,7,32,78,110,149,161,205,216;63,6,5,19,57,107,167,268;199,6,18,38,72,95,114,183;290,6,67,100,124,142,185,240;52,5,15,31,90,101,148;161,5,5,13,58,143,169;739,5,14,29,43,84,155;691,5,1,13,45,54,115;944,4,2,9,35,58;778,4,6,25,45,97;128,4,10,22,41,60;3,4,5,18,53,390;187,4,3,25,73,103;368,4,7,29,60,77;195,4,96,216,229,265;479,4,61,101,120,134;658,4,11,26,48,66;489,4,6,14,41,82;91,3,118,284,324;709,3,133,192,222;974,3,68,93,157;681,3,47,158,188;122,3,8,18,55;471,3,11,28,81;735,3,12,27,97;364,3,48,104,156;476,3,10,22,35;245,3,89,154,170;771,3,96,110,152;450,3,89,127,140;472,2,91,214;622,2,239,265;125,2,108,199;144,2,52,142;781,2,44,82;519,2,37,112;417,2,225,247;349,2,54,61;183,2,115,187;483,2,76,106;581,2,61,83;238,2,136,202;485,2,80,89;24,2,77,222;509,2,91,233;280,2,187,292;451,2,55,192;283,2,22,51;221,2,77,98;226,2,79,215;292,2,189,221;297,1,57;299,1,92;250,1,138;431,1,58;550,1,106;97,1,157;992,1,60;239,1,204;309,1,45;12,1,120;827,1,145;38,1,127;949,1,24;120,1,59;254,1,139;624,1,186;504,1,73;437,1,359;879,1,90;328,1,126;134,1,386;915,1,60;780,1,169;760,1,88;334,1,65;145,1,115;889,1,90;493,1,355;604,1,70;558,1,93;863,1,176;342,1,172;560,1,136;162,1,217;689,1,183;165,1,72;166,1,83;638,1,109;567,1,86;173,1,52;357,1,56;571,1,94;359,1,270;908,1,79;177,1,83;23,1,72;475,1,44;495,1,78;766,1,85;810,1,44;576,1,158;768,1,43;578,1,55;646,1,184;186,1,53;496,1,101;478,1,65;497,1,42;4,1,227;68,1,82;202,1,177;398,1,111;876,1,125;695,1,120;25,1,152;469,1,149;811,1,31;215,1,232;591,1,65;912,1,104;772,1,74;903,1,54;387,1,70;752,1,107;411,1,164;224,1,98;31,1,399;721,1,217;228,1,66;294,1,75;395,1,143
83,145,375:377,11,8,28,61,76,90,120,132,169,208,219,266;778,10,7,26,46,62,69,98,114,154,165,183;48,10,5,20,41,51,78,82,115,130,202,245;467,9,13,42,69,78,103,210,234,270,276;41,8,9,22,37,69,206,225,288,301;975,8,7,18,31,37,48,51,57,77;52,8,16,32,81,91,102,112,149,165;129,7,15,31,42,65,93,113,147;447,7,33,79,111,150,162,206,217;290,7,68,101,125,132,169,186,241;63,6,6,20,58,108,168,269;238,6,7,22,56,137,203,331;195,6,77,97,210,217,230,266;199,6,19,39,73,96,115,184;387,6,14,29,73,76,103,218;161,5,6,14,59,144,170;739,5,15,30,44,85,156;691,5,2,14,46,55,116;476,5,11,23,36,43,51;450,5,90,128,141,154,208;944,4,3,10,36,59;681,4,48,181,189,228;122,4,9,19,56,78;128,4,11,23,42,61;506,4,61,85,97,157;734,4,5,11,45,81;349,4,6,15,27,62;3,4,6,19,54,391;187,4,4,26,76,104;368,4,8,30,61,78;946,4,53,60,96,103;799,4,10,20,33,60;479,4,62,102,121,135;452,4,361,520,577,594;720,4,90,147,190,251;658,4,12,27,49,67;489,4,7,15,42,83;91,3,119,285,325;313,3,173,196,211;472,3,92,105,215;471,3,12,29,82;979,3,16,36,70;735,3,13,28,98;571,3,12,31,95;364,3,49,105,157;245,3,90,155,171;366,3,109,138,224;190,3,29,40,178;795,3,11,30,55;800,3,44,62,78;280,3,188,293,340;26,3,35,50,195;771,3,97,111,153;748,3,59,116,159;29,3,137,173,212;226,3,80,84,216;107,2,65,71;828,2,172,184;144,2,53,143;781,2,45,83;861,2,9,26;159,2,106,365;348,2,111,122;183,2,116,188;483,2,77,107;275,2,19,114;485,2,81,92;24,2,80,258;509,2,94,234;798,2,67,157;451,2,56,193;283,2,23,52;934,2,139,205;6,2,134,237;221,2,80,188;454,2,41,74;292,2,190,222;297,1,58;298,1,204;299,1,93;250,1,139;92,1,108;550,1,107;709,1,117;775,1,209;854,1,128;252,1,286;309,1,46;907,1,56;974,1,103;465,1,57;871,1,66;120,1,60;254,1,140;320,1,253;125,1,111;331,1,166;334,1,66;270,1,159;628,1,164;145,1,116;889,1,91;493,1,356;558,1,94;863,1,177;705,1,226;344,1,68;155,1,59;564,1,78;158,1,113;417,1,245;164,1,92;165,1,73;173,1,53;357,1,57;359,1,271;419,1,117;642,1,123;23,1,73;475,1,45;495,1,79;810,1,45;646,1,185;421,1,196;186,1,54;496,1,102;478,1,66;4,1,228;652,1,180;704,1,111;68,1,85;530,1,87;398,1,112;27,1,49;469,1,150;215,1,190;217,1,96;749,1,66;912,1,84;903,1,55;223,1,91;991,1,51;596,1,58;294,1,76;755,1,182
84,17,17:297,1,62;262,1,97;412,1,300;617,1,63;125,1,127;812,1,59;780,1,115;48,1,124;562,1,186;923,1,48;161,1,93;179,1,164;477,1,101;652,1,246;448,1,99;452,1,236;600,1,65
85,82,90:110,2,51,307;116,2,129,168;2,2,158,258;17,2,42,117;733,2,228,275;166,2,155,190;761,2,27,213;798,2,20,173;297,1,64;397,1,345;266,1,197;102,1,50;303,1,281;613,1,85;240,1,68;916,1,20;306,1,306;308,1,32;725,1,70;313,1,184;969,1,13;884,1,115;982,1,73;119,1,115;13,1,76;42,1,246;125,1,237;322,1,96;128,1,170;683,1,19;328,1,44;537,1,91;332,1,165;872,1,200;762,1,163;626,1,151;829,1,89;558,1,89;808,1,282;863,1,88;148,1,83;150,1,77;764,1,22;161,1,132;54,1,84;163,1,100;736,1,72;165,1,88;566,1,59;640,1,71;21,1,169;926,1,124;57,1,54;740,1,190;822,1,87;864,1,65;444,1,155;581,1,91;367,1,167;477,1,65;196,1,17;797,1,82;704,1,76;807,1,63;525,1,129;585,1,420;587,1,37;25,1,168;259,1,161;214,1,147;215,1,20;217,1,174;73,1,35;6,1,37;78,1,146;388,1,59;31,1,177;81,1,42;596,1,74;703,1,40;662,1,105;852,1,94
86,56,100:562,6,1,9,31,49,244,320;40,5,41,115,131,143,186;245,5,3,9,82,144,227;91,4,1,9,277,373;974,4,11,23,52,89;121,4,41,115,131,169;297,3,66,112,129;944,3,1,8,21;94,3,44,52,121;613,3,1,14,63;896,3,64,81,126;643,3,10,26,43;576,3,1,14,29;618,2,186,214;254,2,4,16;144,2,76,99;781,2,95,139;604,2,1,7;177,2,49,92;843,2,11,28;670,2,47,117;610,1,45;93,1,41;773,1,30;775,1,218;854,1,122;252,1,182;916,1,70;851,1,30;12,1,123;884,1,23;122,1,128;463,1,74;130,1,51;135,1,24;829,1,73;338,1,151;958,1,82;558,1,52;863,1,40;705,1,43;560,1,130;849,1,311;55,1,143;538,1,26;349,1,101;21,1,260;690,1,119;572,1,49;856,1,34;3,1,87;830,1,3;791,1,144;583,1,170;66,1,91;456,1,71
87,34,62:301,7,15,39,64,105,121,151,176;891,4,9,20,30,124;917,3,8,17,42;597,3,229,244,249;975,3,11,22,41;979,3,20,40,74;822,3,21,84,119;742,3,40,78,108;381,3,116,174,191;297,2,67,136;432,2,63,81;96,2,7,21;520,2,198,211;82,2,13,28;613,1,122;905,1,296;115,1,255;38,1,159;122,1,130;762,1,50;338,1,94;921,1,26;976,1,55;61,1,50;442,1,42;274,1,75;914,1,37;275,1,23;257,1,31;583,1,48;27,1,111;700,1,42;85,1,102;395,1,262
88,123,217:535,6,95,101,111,199,210,232;367,6,65,77,122,128,148,171;265,4,84,125,147,174;240,4,32,100,138,349;110,4,54,264,310,339;893,4,8,19,44,106;896,4,60,68,83,104;99,3,180,191,198;554,3,17,59,142;324,3,38,91,133;46,3,184,373,443;48,3,42,100,246;406,3,10,20,47;55,3,43,173,199;714,3,129,139,172;22,3,53,193,284;572,3,51,95,119;360,3,53,109,122;539,3,113,154,166;476,3,60,91,148;823,3,51,69,118;911,3,2,10,32;66,3,39,67,135;543,3,8,20,94;447,3,5,20,80;5,3,170,181,187;755,3,101,157,174;865,2,34,70;93,2,48,81;306,2,128,145;553,2,59,141;268,2,145,207;682,2,95,197;778,2,80,176;817,2,9,22;879,2,31,62;331,2,153,178;135,2,50,62;137,2,188,213;338,2,104,128;342,2,65,144;154,2,25,68;562,2,66,203;53,2,194,218;346,2,81,87;165,2,85,128;926,2,94,100;576,2,77,89;585,2,107,422;747,2,59,65;698,2,118,128;30,2,168,197;594,2,39,220;31,2,375,389;229,2,19,147;234,2,79,86;297,1,69;11,1,43;678,1,102;905,1,285;968,1,97;310,1,62;618,1,128;974,1,59;314,1,173;622,1,115;681,1,217;116,1,173;119,1,64;13,1,56;125,1,232;128,1,57;326,1,114;15,1,90;133,1,188;138,1,166;762,1,118;143,1,73;144,1,194;145,1,133;889,1,59;781,1,72;604,1,145;873,1,146;559,1,61;859,1,42;560,1,117;151,1,112;874,1,138;161,1,76;162,1,199;565,1,94;538,1,180;351,1,85;353,1,30;167,1,37;168,1,99;739,1,152;691,1,47;359,1,102;963,1,27;420,1,126;810,1,66;364,1,224;717,1,106;583,1,108;869,1,87;870,1,72;372,1,179;966,1,46;902,1,51;280,1,184;589,1,60;452,1,613;547,1,45;221,1,297;292,1,269;862,1,88;83,1,339;429,1,188;230,1,45;670,1,219;662,1,96
89,18,21:297,2,80,97;415,2,69,133;354,2,124,210;86,1,23;264,1,119;611,1,85;242,1,115;556,1,81;604,1,122;17,1,81;341,1,146;345,1,60;639,1,117;692,1,115;209,1,79;695,1,54;594,1,33;978,1,62
90,32,37:330,3,3,15,40;493,3,43,121,244;319,2,219,285;297,1,81;550,1,70;551,1,121;622,1,68;949,1,38;481,1,42;778,1,55;125,1,342;437,1,318;760,1,57;340,1,86;406,1,147;256,1,56;688,1,137;784,1,98;58,1,26;646,1,111;194,1,29;467,1,142;798,1,39;452,1,259;72,1,92;221,1,263;750,1,55;454,1,20;386,1,32;658,1,40;84,1,29;295,1,261
91,9,10:759,2,81,140;297,1,83;465,1,88;17,1,98;54,1,104;20,1,155;166,1,85;972,1,48;511,1,43
92,114,310:46,6,5,13,31,362,406,451;150,6,8,17,65,100,106,120;849,6,46,145,181,272,312,318;3,6,12,25,31,196,233,383;767,6,2,5,11,72,86,118;94,5,12,26,36,155,164;555,5,5,16,33,129,213;558,5,8,18,34,55,92;863,5,3,15,30,39,164;48,5,14,29,44,214,248;813,5,15,31,56,105,138;90,4,11,23,46,68;91,4,2,10,18,274;944,4,6,13,39,65;93,4,8,17,42,145;266,4,8,33,52,153;678,4,5,16,34,75;142,4,15,31,94,254;896,4,1,13,42,70;920,4,4,14,27,60;561,4,10,21,53,62;562,4,2,10,32,312;963,4,4,9,19,75;177,4,7,17,29,99;856,4,3,15,53,86;23,4,12,25,37,57;643,4,9,25,54,70;576,4,12,25,69,113;651,4,7,15,183,187;447,4,14,29,37,87;670,4,12,25,61,426;610,3,17,35,86;301,3,4,28,81;836,3,8,17,32;103,3,9,20,39;618,3,31,58,157;682,3,3,13,26;255,3,138,214,236;331,3,8,18,59;143,3,8,17,38;145,3,5,17,37;889,3,3,16,28;604,3,2,8,38;157,3,16,33,154;356,3,13,27,70;570,3,15,31,107;706,3,14,29,41;572,3,2,15,27;360,3,5,17,38;176,3,10,21,31;810,3,7,19,56;644,3,5,13,178;909,3,2,5,52;791,3,7,29,59;245,3,83,133,199;368,3,21,43,66;369,3,5,18,30;543,3,1,13,27;4,3,29,60,128;67,3,18,44,74;424,3,11,23,37;458,3,5,11,24;297,2,89,124;250,2,60,253;906,2,134,160;853,2,26,48;854,2,1,7;725,2,20,41;974,2,138,202;778,2,18,37;144,2,10,26;781,2,1,8;808,2,9,22;494,2,10,21;148,2,5,11;687,2,8,19;19,2,43,120;56,2,78,129;57,2,9,21;843,2,10,27;180,2,56,79;63,2,42,123;743,2,6,25;864,2,7,23;581,2,6,16;66,2,6,17;194,2,7,19;89,1,30;433,1,108;11,1,49;916,1,27;12,1,41;894,1,112;338,1,150;557,1,127;958,1,68;340,1,150;984,1,32;149,1,44;341,1,102;151,1,50;441,1,114;690,1,120;61,1,15;178,1,113;364,1,35;669,1,72;65,1,93;509,1,35;199,1,195;459,1,73;461,1,64;967,1,43;9,1,192
93,17,17:297,1,99;91,1,143;399,1,147;905,1,39;414,1,164;126,1,45;474,1,121;762,1,135;142,1,210;143,1,109;705,1,37;688,1,73;864,1,179;24,1,284;701,1,28;967,1,49;295,1,227
94,52,62:297,2,102,108;251,2,76,81;103,2,239,296;685,2,74,126;781,2,99,130;808,2,87,274;605,2,52,78;675,2,33,56;363,2,111,137;693,2,73,213;838,1,107;94,1,108;601,1,85;709,1,74;551,1,98;775,1,68;102,1,112;917,1,74;106,1,49;319,1,300;893,1,92;812,1,19;727,1,44;818,1,103;405,1,85;626,1,236;628,1,93;145,1,56;729,1,245;730,1,130;559,1,92;152,1,61;782,1,64;952,1,55;959,1,56;736,1,48;166,1,148;353,1,41;642,1,50;901,1,87;539,1,88;766,1,55;810,1,29;576,1,94;792,1,87;64,1,355;652,1,277;510,1,45;802,1,180;379,1,45;702,1,102;878,1,53
95,31,41:847,3,36,84,88;72,3,104,227,326;974,2,28,143;767,2,10,47;790,2,167,196;486,2,49,96;676,2,103,165;752,2,57,99;297,1,103;96,1,185;103,1,158;621,1,101;871,1,26;839,1,116;778,1,207;705,1,100;519,1,244;923,1,27;346,1,76;54,1,200;163,1,59;59,1,188;669,1,55;793,1,39;371,1,47;206,1,33;972,1,39;588,1,66;814,1,42;749,1,83;386,1,43
96,37,42:418,3,320,332,400;670,2,72,112;967,2,24,67;8,2,76,97;297,1,109;250,1,131;87,1,34;397,1,59;598,1,25;241,1,103;622,1,278;316,1,103;320,1,242;505,1,92;686,1,59;849,1,75;874,1,146;52,1,87;346,1,98;417,1,81;351,1,30;568,1,72;641,1,130;482,1,218;844,1,81;498,1,166;207,1,227;655,1,158;948,1,43;934,1,105;804,1,57;548,1,129;288,1,21;224,1,69;470,1,23;702,1,205;661,1,248
97,24,28:883,2,27,144;346,2,82,88;714,2,42,195;698,2,119,129;297,1,115;882,1,34;103,1,112;974,1,51;535,1,109;555,1,193;122,1,77;879,1,46;559,1,71;705,1,151;784,1,59;495,1,62;766,1,127;767,1,110;64,1,111;869,1,83;67,1,169;771,1,47;702,1,239;703,1,72
98,4,4:297,1,120;974,1,92;360,1,102;395,1,260
99,32,39:403,3,141,158,172;587,3,107,127,137;324,2,141,153;695,2,138,163;30,2,172,201;297,1,132;91,1,251;262,1,91;104,1,122;308,1,111;871,1,169;402,1,47;316,1,378;125,1,356;256,1,67;519,1,140;636,1,101;924,1,102;417,1,211;418,1,354;767,1,60;181,1,198;496,1,67;541,1,132;487,1,63;68,1,120;447,1,46;202,1,144;594,1,129;456,1,271;225,1,146;834,1,159
100,111,137:126,4,19,51,149,212;319,3,2,13,102;493,3,195,294,416;646,3,89,118,154;192,3,55,176,262;680,2,29,39;40,2,83,112;120,2,151,283;121,2,83,112;322,2,31,70;921,2,78,103;943,2,69,93;174,2,31,63;823,2,68,106;541,2,156,255;199,2,178,191;450,2,177,224;73,2,108,198;221,2,273,283;978,2,20,175;297,1,138;250,1,242;91,1,207;401,1,137;93,1,151;265,1,153;601,1,376;775,1,199;836,1,68;239,1,178;534,1,241;679,1,83;621,1,327;622,1,255;993,1,38;402,1,376;114,1,103;115,1,240;839,1,123;116,1,197;119,1,131;623,1,51;672,1,104;320,1,48;597,1,303;324,1,208;504,1,66;436,1,128;134,1,59;135,1,110;872,1,135;333,1,81;941,1,28;142,1,242;415,1,89;516,1,32;863,1,189;873,1,54;17,1,262;730,1,122;632,1,120;343,1,57;519,1,46;996,1,35;159,1,252;54,1,68;538,1,91;714,1,55;349,1,93;350,1,223;566,1,113;639,1,145;168,1,80;358,1,106;58,1,167;176,1,301;482,1,79;822,1,33;964,1,71;929,1,52;844,1,115;365,1,177;245,1,304;201,1,358;202,1,184;544,1,169;966,1,60;449,1,139;409,1,39;280,1,296;587,1,44;284,1,44;72,1,242;381,1,139;951,1,27;218,1,215;990,1,50;428,1,72;222,1,144;223,1,58;455,1,40;224,1,196;940,1,128;832,1,45;511,1,65;721,1,133;83,1,323;7,1,68;227,1,66;228,1,83;661,1,217
101,41,90:159,7,94,119,232,236,321,352,397;290,6,69,102,121,151,162,180;339,5,1,13,28,52,68;298,4,111,123,148,155;270,4,38,86,117,179;958,4,1,13,49,79;669,4,36,86,110,123;612,3,83,100,113;776,3,6,16,27;982,3,44,49,57;141,3,99,151,208;271,3,224,244,254;165,3,87,123,174;31,3,203,294,302;297,2,141,198;252,2,272,309;312,2,5,18;128,2,184,187;976,2,14,28;520,2,190,199;183,2,117,189;195,2,224,231;607,1,92;93,1,103;905,1,172;112,1,41;514,1,41;463,1,148;130,1,118;760,1,122;46,1,608;48,1,144;518,1,74;849,1,70;874,1,55;476,1,63;911,1,112;869,1,75;543,1,134;479,1,154;489,1,55
102,66,72:335,3,1,15,98;610,2,81,116;969,2,1,7;142,2,165,279;714,2,134,162;297,1,144;956,1,21;97,1,53;264,1,202;611,1,30;304,1,44;305,1,44;723,1,21;37,1,181;725,1,123;974,1,134;465,1,28;112,1,29;113,1,234;40,1,228;328,1,84;134,1,219;330,1,78;941,1,21;144,1,296;152,1,18;561,1,25;890,1,57;634,1,19;764,1,15;344,1,21;345,1,21;976,1,33;440,1,25;156,1,15;163,1,94;826,1,26;900,1,27;272,1,27;821,1,41;576,1,51;909,1,10;365,1,118;911,1,116;191,1,15;368,1,111;193,1,201;373,1,23;207,1,86;449,1,129;695,1,21;802,1,155;837,1,73;719,1,33;991,1,19;386,1,15;290,1,55;600,1,31;940,1,69;457,1,161;701,1,33;390,1,32;228,1,21;596,1,23;662,1,126;8,1,59
103,188,232:733,5,134,138,172,262,460;534,3,1,10,282;126,3,101,185,216;646,3,39,138,160;796,3,50,99,108;450,3,216,289,355;289,3,10,28,116;297,2,145,200;87,2,43,111;431,2,101,145;601,2,327,373;621,2,109,246;39,2,246,284;123,2,111,184;712,2,107,111;436,2,54,139;517,2,54,88;947,2,34,88;520,2,94,163;943,2,77,82;826,2,36,61;856,2,84,150;61,2,122,212;647,2,21,57;195,2,134,247;447,2,70,220;400,2,89,129;206,2,26,318;449,2,94,121;451,2,78,107;377,2,270,328;452,2,368,430;720,2,155,281;596,2,33,68;293,2,12,133;250,1,232;397,1,292;815,1,22;882,1,23;93,1,158;251,1,162;102,1,222;533,1,18;239,1,175;678,1,181;512,1,192;614,1,249;917,1,51;37,1,202;307,1,40;104,1,66;968,1,85;106,1,70;312,1,105;413,1,43;111,1,104;816,1,80;465,1,173;681,1,55;555,1,198;827,1,205;884,1,159;13,1,127;120,1,289;481,1,47;321,1,38;322,1,125;323,1,67;514,1,80;325,1,45;505,1,101;466,1,184;684,1,152;779,1,120;134,1,240;330,1,69;818,1,127;16,1,21;135,1,102;139,1,25;270,1,209;515,1,126;142,1,270;986,1,40;896,1,154;829,1,67;781,1,35;506,1,116;516,1,57;337,1,141;493,1,249;604,1,112;46,1,612;919,1,69;507,1,89;631,1,78;921,1,43;343,1,240;344,1,56;519,1,173;959,1,27;562,1,325;945,1,57;347,1,64;961,1,25;349,1,88;350,1,95;352,1,135;639,1,114;21,1,164;354,1,230;567,1,107;56,1,97;987,1,15;569,1,13;899,1,29;523,1,70;571,1,85;962,1,28;908,1,71;361,1,190;766,1,163;767,1,121;576,1,199;768,1,41;181,1,288;964,1,65;875,1,21;421,1,239;476,1,252;743,1,124;929,1,48;185,1,38;930,1,117;245,1,282;581,1,121;496,1,93;692,1,255;192,1,256;583,1,308;194,1,26;477,1,271;965,1,64;371,1,39;425,1,112;204,1,42;946,1,172;798,1,104;746,1,214;800,1,92;989,1,103;209,1,98;280,1,105;27,1,47;479,1,161;283,1,195;378,1,93;847,1,48;997,1,14;1,1,126;382,1,36;748,1,124;219,1,223;29,1,250;404,1,89;592,1,51;935,1,32;772,1,213;699,1,51;657,1,33;77,1,99;223,1,100;939,1,68;658,1,97;290,1,90;594,1,236;754,1,107;978,1,142;225,1,165;458,1,42;31,1,103;32,1,370;805,1,127;391,1,104;834,1,221;531,1,85;599,1,146;233,1,56
104,3,3:297,1,147;911,1,119;870,1,60
105,1,1:297,1,149
106,339,473:92,5,32,112,152,178,252;46,5,72,270,430,585,639;245,5,65,139,266,302,321;240,4,22,203,367,443;555,4,27,90,161,373;402,4,30,117,156,170;190,4,72,81,142,171;199,4,124,156,286,305;93,3,26,96,133;601,3,36,129,184;492,3,24,102,128;597,3,96,99,335;808,3,52,138,269;18,3,36,113,188;22,3,52,292,302;643,3,35,123,156;3,3,57,179,377;745,3,62,108,114;248,3,162,182,228;452,3,84,531,631;285,3,93,117,180;380,3,55,305,340;381,3,21,158,228;719,3,37,65,141;226,3,42,106,147;90,2,41,65;96,2,190,213;264,2,20,156;251,2,27,120;99,2,105,194;266,2,149,219;836,2,59,64;252,2,29,66;534,2,115,279;434,2,67,119;513,2,35,73;620,2,58,77;711,2,19,145;316,2,248,270;39,2,206,308;268,2,87,122;40,2,242,252;121,2,210,219;237,2,171,221;780,2,197,240;143,2,26,91;144,2,34,283;337,2,122,149;557,2,54,78;729,2,111,139;148,2,16,120;149,2,124,138;341,2,143,376;153,2,99,127;519,2,26,219;733,2,369,398;160,2,170,196;161,2,90,191;54,2,149,279;244,2,71,111;353,2,52,97;354,2,18,116;56,2,81,152;167,2,43,95;908,2,29,67;177,2,113,151;574,2,100,163;901,2,23,65;363,2,54,204;930,2,57,109;484,2,54,126;368,2,47,116;543,2,41,201;487,2,36,120;370,2,55,93;525,2,39,122;373,2,16,223;27,2,45,87;464,2,143,190;450,2,272,421;1,2,71,142;547,2,47,66;749,2,71,139;29,2,166,248;751,2,32,86;939,2,46,59;594,2,45,252;457,2,93,153;225,2,96,162;81,2,15,72;389,2,34,62;84,2,24,91;229,2,24,123;293,2,25,87;231,2,50,82;461,2,52,100;295,2,292,305;878,2,64,94;297,1,152;981,1,28;430,1,46;87,1,56;815,1,143;882,1,114;906,1,114;609,1,110;432,1,24;262,1,71;95,1,62;97,1,140;98,1,18;34,1,105;301,1,167;491,1,120;775,1,173;854,1,109;612,1,129;399,1,90;302,1,131;412,1,59;11,1,25;613,1,43;306,1,148;614,1,36;37,1,261;724,1,97;725,1,128;618,1,207;907,1,74;974,1,174;314,1,108;759,1,191;777,1,13;465,1,171;622,1,125;112,1,62;827,1,111;114,1,107;253,1,187;117,1,27;949,1,30;319,1,79;41,1,32;623,1,109;122,1,195;42,1,47;624,1,236;125,1,354;321,1,36;323,1,47;126,1,95;888,1,16;463,1,244;665,1,76;2,1,230;625,1,53;985,1,42;437,1,298;131,1,23;132,1,78;673,1,128;329,1,111;134,1,50;137,1,33;138,1,150;141,1,182;515,1,113;762,1,28;626,1,234;896,1,26;336,1,91;338,1,221;958,1,29;819,1,69;840,1,62;342,1,31;560,1,25;921,1,66;152,1,122;561,1,30;874,1,102;345,1,46;841,1,168;842,1,58;861,1,112;564,1,112;521,1,128;783,1,75;346,1,121;162,1,100;688,1,77;637,1,71;925,1,17;417,1,349;348,1,55;538,1,79;980,1,76;164,1,33;166,1,26;351,1,39;638,1,165;826,1,59;868,1,39;21,1,291;690,1,25;355,1,54;788,1,37;860,1,176;168,1,168;789,1,99;169,1,21;172,1,82;641,1,112;173,1,106;357,1,99;881,1,95;59,1,89;572,1,74;272,1,32;668,1,139;675,1,88;963,1,65;361,1,115;60,1,80;61,1,153;178,1,165;843,1,82;539,1,52;482,1,234;740,1,273;273,1,126;813,1,130;790,1,38;645,1,88;578,1,76;928,1,35;646,1,152;443,1,67;421,1,248;864,1,69;579,1,117;580,1,161;716,1,103;274,1,110;365,1,173;496,1,81;187,1,47;366,1,94;541,1,51;794,1,71;192,1,148;367,1,39;769,1,61;583,1,291;693,1,62;66,1,148;870,1,28;744,1,84;194,1,44;965,1,12;509,1,43;4,1,73;198,1,190;694,1,63;371,1,111;652,1,203;68,1,245;498,1,227;424,1,47;372,1,47;845,1,121;425,1,163;202,1,107;204,1,52;205,1,74;946,1,76;798,1,120;831,1,110;207,1,150;208,1,29;468,1,27;209,1,244;281,1,123;25,1,98;814,1,110;282,1,108;69,1,97;802,1,33;377,1,334;284,1,95;213,1,83;656,1,135;606,1,25;261,1,308;453,1,142;214,1,65;71,1,60;942,1,27;382,1,34;748,1,168;591,1,87;990,1,109;912,1,31;384,1,29;428,1,97;592,1,55;75,1,81;935,1,20;699,1,130;222,1,100;593,1,20;454,1,43;720,1,199;991,1,26;78,1,54;387,1,225;501,1,72;455,1,88;658,1,92;489,1,118;832,1,18;456,1,128;470,1,32;32,1,410;292,1,104;82,1,55;701,1,34;913,1,37;595,1,19;877,1,101;390,1,31;660,1,56;596,1,61;233,1,54;460,1,19;85,1,32;395,1,71;296,1,134;9,1,132
107,136,168:452,4,64,148,330,677;108,3,39,264,351;206,3,22,244,268;501,3,54,101,115;32,3,126,391,409;96,2,156,174;611,2,32,40;43,2,38,194;134,2,24,172;529,2,65,168;874,2,32,65;706,2,106,172;3,2,58,395;928,2,34,111;911,2,17,133;192,2,102,149;373,2,17,224;450,2,22,305;261,2,24,145;546,2,71,93;381,2,22,229;719,2,34,66;288,2,22,36;458,2,14,44;292,2,105,161;967,2,25,68;297,1,153;815,1,75;93,1,23;265,1,34;36,1,74;534,1,278;240,1,79;306,1,149;614,1,247;513,1,36;37,1,262;598,1,168;103,1,24;309,1,27;105,1,24;106,1,8;617,1,52;312,1,161;111,1,11;777,1,12;622,1,32;957,1,14;116,1,90;117,1,26;949,1,31;13,1,84;623,1,105;14,1,38;42,1,46;44,1,90;624,1,96;536,1,16;683,1,30;325,1,22;131,1,22;872,1,33;674,1,32;515,1,18;144,1,35;808,1,51;46,1,18;150,1,54;341,1,119;631,1,116;921,1,42;634,1,20;959,1,39;440,1,20;733,1,475;842,1,57;861,1,114;564,1,34;158,1,13;161,1,91;348,1,58;980,1,62;164,1,6;166,1,27;352,1,53;690,1,129;567,1,25;881,1,30;272,1,28;642,1,32;856,1,26;60,1,81;821,1,42;643,1,34;843,1,39;644,1,162;909,1,11;790,1,39;647,1,20;954,1,10;190,1,73;583,1,145;965,1,13;694,1,22;807,1,50;447,1,73;202,1,26;203,1,97;204,1,45;946,1,155;798,1,57;799,1,22;800,1,24;207,1,151;208,1,30;876,1,30;695,1,27;464,1,201;69,1,38;248,1,231;802,1,32;973,1,16;215,1,140;72,1,125;216,1,17;218,1,28;912,1,30;699,1,131;720,1,24;991,1,20;78,1,28;455,1,57;752,1,22;290,1,56;904,1,12;82,1,51
108,209,306:780,5,94,118,134,138,224;397,4,39,191,256,327;94,4,55,87,112,141;437,4,213,266,291,321;538,4,156,174,203,232;480,4,42,56,128,153;32,4,218,329,343,357;431,3,37,69,134;306,3,228,291,376;108,3,126,271,352;319,3,31,203,294;237,3,196,241,292;778,3,123,148,166;466,3,76,147,159;879,3,79,130,204;493,3,199,230,392;880,3,87,146,158;574,3,225,281,306;482,3,82,115,198;929,3,9,23,42;541,3,90,215,294;373,3,49,69,131;297,2,171,177;609,2,70,237;550,2,61,125;263,2,120,138;601,2,197,315;102,2,104,135;513,2,103,195;598,2,17,163;618,2,162,223;314,2,49,142;871,2,122,138;711,2,72,87;402,2,123,213;623,2,71,154;603,2,84,157;43,2,70,97;872,2,149,201;142,2,132,220;506,2,124,168;729,2,225,258;46,2,245,336;863,2,126,150;977,2,30,81;975,2,32,66;562,2,219,295;564,2,40,62;860,2,249,284;418,2,200,230;706,2,61,140;365,2,66,126;769,2,39,50;66,2,79,85;68,2,185,222;206,2,142,249;972,2,90,103;545,2,66,94;452,2,441,552;427,2,64,119;216,2,76,163;220,2,83,121;511,2,92,135;700,2,69,96;834,2,108,192;722,2,94,222;462,2,43,146;89,1,124;33,1,109;432,1,118;93,1,83;433,1,84;758,1,81;301,1,76;100,1,176;776,1,28;302,1,98;533,1,89;412,1,290;36,1,28;240,1,275;512,1,103;37,1,174;311,1,63;907,1,104;621,1,147;974,1,42;759,1,68;680,1,59;827,1,160;884,1,167;114,1,91;38,1,164;403,1,50;119,1,91;122,1,31;624,1,45;45,1,353;463,1,221;665,1,84;436,1,81;625,1,75;970,1,55;133,1,131;894,1,115;760,1,61;674,1,36;137,1,179;855,1,62;335,1,75;415,1,105;895,1,95;685,1,110;889,1,168;337,1,129;48,1,172;763,1,72;49,1,47;630,1,95;18,1,118;686,1,82;730,1,88;416,1,81;150,1,39;560,1,97;151,1,99;849,1,37;153,1,68;634,1,45;155,1,82;733,1,313;271,1,153;988,1,26;924,1,115;163,1,122;165,1,175;639,1,152;640,1,73;926,1,128;170,1,27;641,1,94;58,1,64;739,1,45;643,1,88;766,1,84;830,1,36;578,1,31;953,1,89;181,1,94;742,1,59;421,1,257;183,1,203;184,1,122;580,1,198;581,1,164;484,1,66;65,1,48;543,1,103;870,1,87;423,1,134;486,1,75;196,1,53;4,1,245;498,1,85;447,1,199;653,1,50;824,1,109;586,1,94;530,1,200;205,1,99;831,1,88;207,1,130;966,1,64;398,1,70;902,1,57;209,1,226;814,1,94;846,1,46;248,1,174;426,1,150;707,1,201;450,1,391;378,1,209;28,1,171;284,1,47;606,1,186;261,1,313;286,1,252;214,1,77;381,1,31;995,1,44;951,1,58;74,1,50;384,1,32;428,1,103;699,1,321;594,1,244;456,1,190;470,1,124;458,1,31;292,1,231;862,1,97;850,1,116;83,1,152;293,1,41;599,1,147;670,1,398;967,1,92;85,1,112
109,208,256:306,5,68,106,159,223,302;671,3,120,152,190;108,3,111,261,324;481,3,64,251,313;829,3,85,126,187;822,3,24,43,82;205,3,120,128,138;206,3,50,238,289;609,2,62,202;601,2,304,341;851,2,21,72;711,2,32,78;115,2,190,211;142,2,99,272;626,2,107,167;46,2,330,463;560,2,73,134;923,2,54,103;522,2,86,141;170,2,19,81;177,2,64,139;61,2,181,202;644,2,202,257;646,2,105,131;182,2,95,211;422,2,38,123;365,2,123,205;444,2,195,225;191,2,24,53;369,2,81,116;487,2,60,94;972,2,73,96;280,2,194,284;450,2,261,382;452,2,207,433;427,2,80,114;32,2,212,311;293,2,28,102;297,1,173;608,1,52;431,1,16;397,1,238;815,1,25;88,1,146;838,1,130;853,1,56;610,1,135;433,1,18;758,1,77;550,1,122;611,1,81;300,1,65;709,1,210;775,1,239;252,1,250;267,1,71;678,1,239;710,1,14;916,1,80;513,1,214;104,1,91;309,1,111;679,1,47;905,1,306;602,1,115;619,1,155;241,1,49;242,1,191;314,1,30;111,1,106;622,1,271;554,1,113;535,1,226;827,1,156;402,1,182;884,1,132;116,1,140;253,1,173;40,1,53;121,1,53;44,1,143;597,1,202;129,1,96;665,1,58;726,1,80;779,1,95;970,1,47;894,1,117;331,1,25;270,1,131;556,1,38;144,1,93;493,1,89;604,1,16;557,1,58;958,1,77;558,1,40;808,1,158;730,1,75;406,1,142;342,1,170;151,1,95;849,1,130;605,1,180;977,1,69;153,1,42;440,1,65;155,1,41;979,1,114;158,1,36;346,1,129;160,1,167;20,1,212;162,1,103;924,1,96;688,1,109;961,1,32;417,1,109;55,1,31;350,1,182;166,1,185;353,1,130;765,1,71;639,1,123;441,1,92;354,1,73;926,1,122;356,1,116;987,1,49;171,1,39;641,1,123;174,1,11;59,1,31;900,1,44;691,1,109;573,1,64;821,1,48;766,1,73;813,1,121;790,1,122;715,1,149;928,1,102;964,1,49;742,1,37;421,1,252;185,1,99;792,1,134;274,1,57;761,1,175;692,1,258;508,1,76;651,1,192;583,1,153;65,1,28;869,1,65;66,1,48;543,1,144;478,1,110;4,1,161;652,1,209;447,1,236;653,1,124;586,1,15;373,1,45;800,1,80;747,1,46;398,1,55;770,1,118;814,1,127;696,1,78;846,1,23;479,1,105;378,1,129;213,1,223;261,1,172;379,1,75;546,1,32;215,1,165;216,1,72;951,1,23;1,1,94;934,1,169;287,1,49;748,1,66;218,1,210;219,1,40;74,1,68;990,1,31;404,1,118;220,1,64;937,1,106;772,1,43;720,1,97;387,1,183;411,1,43;594,1,240;600,1,48;480,1,44;470,1,118;700,1,81;292,1,216;858,1,119;862,1,83;391,1,73;232,1,80;531,1,103;394,1,135;661,1,243
110,57,64:412,2,83,102;466,2,140,161;342,2,76,101;849,2,41,206;418,2,132,256;421,2,50,104;498,2,45,131;297,1,180;758,1,45;611,1,27;776,1,48;239,1,66;678,1,109;513,1,37;403,1,143;436,1,122;327,1,86;780,1,120;332,1,35;674,1,50;138,1,60;334,1,50;338,1,161;687,1,30;631,1,103;256,1,63;605,1,105;407,1,39;519,1,157;158,1,33;637,1,30;737,1,72;21,1,257;56,1,30;361,1,180;3,1,75;578,1,100;953,1,35;183,1,137;185,1,49;484,1,118;190,1,186;692,1,187;583,1,60;543,1,96;487,1,67;400,1,123;845,1,76;695,1,105;589,1,28;69,1,69;426,1,100;217,1,188;719,1,123;594,1,225;226,1,119;292,1,156
111,267,434:555,11,1,12,23,216,224,237,239,265,297,324,380;151,7,2,16,41,123,188,198,243;589,7,5,16,51,72,76,94,106;708,7,3,17,31,70,129,149,168;792,6,2,15,94,114,128,137;166,5,6,18,33,157,171;184,5,3,14,28,50,161;704,5,53,86,128,158,170;663,5,3,21,39,96,148;725,4,3,24,68,98;145,4,2,14,25,101;639,4,9,26,65,167;707,4,81,103,142,185;771,4,2,15,86,158;702,4,26,61,401,431;235,4,72,177,241,270;905,3,156,280,332;106,3,26,55,135;602,3,20,62,118;435,3,2,12,254;985,3,2,15,28;627,3,1,8,50;685,3,1,12,39;46,3,305,404,427;152,3,26,86,128;348,3,2,17,34;737,3,32,65,89;56,3,105,109,149;706,3,1,16,117;928,3,2,17,37;875,3,2,12,63;931,3,2,10,27;796,3,38,67,102;543,3,65,142,168;281,3,194,215,231;607,2,1,16;815,2,101,126;853,2,62,81;601,2,237,275;836,2,9,18;11,2,87,96;618,2,26,69;621,2,146,261;681,2,134,155;122,2,165,192;254,2,161,352;237,2,63,119;481,2,188,356;43,2,93,306;817,2,108,195;130,2,30,195;255,2,3,20;879,2,2,15;894,2,83,131;674,2,3,9;762,2,82,107;142,2,68,119;144,2,116,252;628,2,2,15;48,2,84,236;873,2,72,76;686,2,171,193;150,2,69,121;407,2,51,79;841,2,105,150;733,2,307,326;734,2,23,60;980,2,1,11;352,2,106,114;788,2,20,43;356,2,42,78;418,2,136,258;569,2,3,9;994,2,3,23;359,2,265,272;495,2,29,50;643,2,6,22;843,2,7,24;810,2,11,23;364,2,66,123;577,2,1,7;422,2,75,109;911,2,51,132;769,2,18,52;370,2,1,20;676,2,215,273;746,2,146,159;696,2,40,136;212,2,51,109;804,2,5,15;489,2,20,52;834,2,116,131;234,2,1,10;8,2,21,43;297,1,185;250,1,323;90,1,47;93,1,138;34,1,82;709,1,91;491,1,103;252,1,157;303,1,174;240,1,164;916,1,53;306,1,275;513,1,158;679,1,44;968,1,46;310,1,142;108,1,131;313,1,58;974,1,71;680,1,48;816,1,98;472,1,28;622,1,41;554,1,176;535,1,180;253,1,118;40,1,158;982,1,67;121,1,141;42,1,218;320,1,79;44,1,208;463,1,224;665,1,54;131,1,128;726,1,85;673,1,78;333,1,113;141,1,135;896,1,36;829,1,159;728,1,32;729,1,260;808,1,267;47,1,33;340,1,132;630,1,49;559,1,192;149,1,72;687,1,25;920,1,78;840,1,74;518,1,57;342,1,89;560,1,55;605,1,146;439,1,80;440,1,73;979,1,48;53,1,304;521,1,37;159,1,97;988,1,28;162,1,75;943,1,20;688,1,112;55,1,160;538,1,206;689,1,233;714,1,108;736,1,109;353,1,141;765,1,58;638,1,152;786,1,24;567,1,85;860,1,251;167,1,90;57,1,31;571,1,76;881,1,121;572,1,44;272,1,102;360,1,97;963,1,67;574,1,94;180,1,80;813,1,34;63,1,262;3,1,112;576,1,92;644,1,120;741,1,12;646,1,58;182,1,194;791,1,94;649,1,144;483,1,115;716,1,131;275,1,137;761,1,16;189,1,128;540,1,60;257,1,90;190,1,78;191,1,59;692,1,58;651,1,127;193,1,259;583,1,104;64,1,288;66,1,87;477,1,104;197,1,79;67,1,87;246,1,234;198,1,154;276,1,288;652,1,206;68,1,46;807,1,87;278,1,193;653,1,52;530,1,82;373,1,256;206,1,292;409,1,154;468,1,18;209,1,102;876,1,103;587,1,48;375,1,102;814,1,92;5,1,214;846,1,116;545,1,80;933,1,61;802,1,148;28,1,127;285,1,146;453,1,89;381,1,145;216,1,93;948,1,93;73,1,202;591,1,57;971,1,50;29,1,206;772,1,136;750,1,83;991,1,83;501,1,27;752,1,45;754,1,53;457,1,54;503,1,43;470,1,14;659,1,122;388,1,50;32,1,128;511,1,139;721,1,182;862,1,103;549,1,32;850,1,118;877,1,69;429,1,335;232,1,44;393,1,80;395,1,134;852,1,75;755,1,196;664,1,142
112,145,165:725,3,49,67,228;17,3,104,138,232;714,3,56,247,254;201,3,149,250,319;91,2,162,360;252,2,116,216;472,2,137,191;268,2,139,194;762,2,187,233;415,2,88,138;346,2,165,193;689,2,121,208;59,2,210,227;644,2,222,241;206,2,53,143;261,2,97,132;297,1,187;250,1,293;397,1,299;853,1,91;264,1,279;601,1,242;99,1,164;301,1,129;100,1,112;854,1,139;399,1,167;412,1,79;239,1,293;304,1,112;723,1,160;434,1,48;513,1,157;308,1,93;679,1,62;615,1,109;905,1,94;314,1,154;110,1,63;622,1,185;554,1,274;113,1,203;40,1,108;119,1,34;13,1,149;121,1,108;41,1,157;682,1,150;254,1,90;14,1,92;672,1,109;123,1,264;124,1,51;125,1,248;322,1,100;130,1,88;255,1,132;437,1,206;269,1,75;133,1,59;328,1,97;134,1,396;780,1,142;806,1,71;872,1,161;137,1,160;334,1,32;270,1,200;142,1,191;889,1,172;604,1,48;666,1,61;808,1,198;46,1,368;919,1,54;863,1,68;631,1,96;151,1,229;849,1,48;519,1,226;841,1,122;440,1,38;52,1,104;54,1,228;165,1,105;353,1,49;765,1,76;786,1,76;639,1,155;57,1,159;171,1,50;22,1,228;675,1,94;643,1,151;482,1,72;715,1,91;953,1,99;181,1,242;182,1,224;421,1,161;864,1,210;792,1,37;844,1,224;192,1,51;64,1,231;477,1,58;276,1,357;446,1,66;425,1,49;544,1,144;824,1,112;586,1,71;205,1,149;946,1,71;207,1,221;587,1,58;210,1,87;801,1,80;545,1,47;589,1,98;698,1,110;283,1,147;377,1,250;28,1,118;590,1,195;656,1,105;286,1,211;70,1,186;719,1,96;699,1,230;290,1,165;594,1,214;457,1,85;388,1,87;292,1,58;721,1,165;913,1,66;850,1,121;429,1,131;834,1,233;394,1,137;755,1,172;396,1,240;236,1,189;664,1,151
113,4,4:297,1,188;431,1,117;105,1,116;794,1,87
114,37,39:581,2,2,12;192,2,155,186;297,1,189;992,1,78;534,1,301;305,1,105;307,1,31;312,1,117;125,1,94;129,1,69;437,1,369;331,1,118;340,1,154;636,1,107;156,1,30;842,1,113;158,1,215;960,1,43;538,1,237;170,1,69;176,1,175;856,1,60;3,1,29;767,1,115;181,1,292;367,1,98;796,1,86;543,1,48;195,1,160;425,1,156;211,1,55;452,1,308;655,1,77;219,1,206;657,1,42;289,1,135;290,1,95
115,139,202:574,6,85,185,195,214,273,303;668,5,54,102,106,110,136;262,4,1,7,163,176;644,4,55,72,102,116;651,4,56,76,108,122;850,4,17,38,77,98;308,3,72,119,127;711,3,6,14,104;555,3,72,150,283;316,3,225,232,239;879,3,58,123,176;895,3,31,36,142;764,3,43,72,82;693,3,110,128,166;281,3,165,179,188;230,3,7,15,23;91,2,58,334;432,2,111,177;401,2,154,211;264,2,190,284;304,2,32,117;309,2,73,108;108,2,269,363;759,2,35,201;554,2,185,207;136,2,239,255;729,2,4,23;808,2,179,201;863,2,57,108;782,2,58,93;897,2,141,148;789,2,34,41;585,2,136,445;939,2,13,27;459,2,5,15;834,2,83,200;531,2,86,131;294,2,114,143;297,1,197;250,1,332;431,1,35;838,1,54;610,1,73;92,1,133;601,1,108;251,1,92;266,1,216;612,1,86;492,1,185;239,1,307;710,1,105;240,1,273;723,1,72;306,1,394;614,1,122;917,1,59;104,1,80;905,1,96;671,1,70;106,1,161;107,1,130;242,1,167;110,1,71;816,1,141;883,1,102;435,1,266;839,1,117;471,1,42;43,1,143;125,1,95;324,1,84;893,1,31;625,1,32;133,1,122;331,1,212;332,1,88;138,1,33;628,1,43;629,1,35;46,1,394;494,1,39;147,1,139;18,1,95;730,1,49;560,1,106;890,1,46;632,1,54;731,1,41;562,1,284;732,1,62;155,1,88;564,1,55;961,1,41;417,1,37;353,1,135;690,1,49;57,1,120;418,1,98;172,1,62;361,1,108;539,1,180;180,1,186;741,1,49;715,1,42;953,1,45;184,1,103;483,1,116;580,1,68;823,1,89;238,1,282;485,1,40;195,1,82;478,1,137;246,1,235;278,1,194;746,1,123;500,1,41;802,1,71;698,1,178;450,1,385;451,1,146;283,1,125;285,1,147;214,1,130;811,1,78;380,1,208;1,1,101;938,1,43;410,1,59;387,1,96;388,1,123;701,1,83;595,1,137;293,1,122;702,1,151;670,1,375;461,1,43;396,1,107;664,1,107
116,30,34:354,2,149,180;482,2,105,188;381,2,96,217;456,2,79,107;297,1,203;93,1,92;306,1,323;314,1,85;827,1,58;40,1,191;123,1,35;325,1,48;505,1,77;779,1,97;138,1,44;863,1,52;17,1,120;977,1,55;154,1,64;897,1,18;637,1,44;419,1,103;856,1,196;539,1,85;184,1,98;444,1,38;496,1,84;966,1,42;234,1,177;396,1,142
117,70,114:209,10,5,19,31,39,118,171,182,192,216,231;68,5,13,31,56,217,267;105,3,1,12,27;537,3,1,22,201;829,3,17,35,41;632,3,4,15,80;689,3,7,18,34;583,3,6,22,169;248,3,19,39,66;426,3,7,27,46;455,3,11,24,73;480,3,53,92,135;34,2,128,136;993,2,3,18;760,2,11,24;781,2,19,147;705,2,28,253;605,2,1,11;566,2,18,34;356,2,12,26;606,2,10,21;938,2,1,7;456,2,167,188;297,1,208;981,1,30;607,1,34;397,1,286;774,1,48;491,1,55;239,1,168;710,1,86;240,1,390;513,1,83;602,1,24;312,1,35;871,1,29;681,1,32;114,1,19;38,1,71;120,1,159;254,1,25;405,1,25;863,1,69;48,1,66;340,1,48;730,1,33;439,1,84;943,1,55;980,1,25;765,1,39;786,1,30;789,1,16;272,1,63;178,1,20;813,1,124;3,1,257;645,1,125;182,1,184;370,1,156;371,1,64;498,1,151;447,1,140;450,1,213;452,1,545;387,1,119;411,1,82;31,1,285;531,1,43;661,1,27;395,1,45
118,281,582:626,9,10,28,49,52,126,136,157,183,232;435,8,25,40,59,85,115,134,174,238;686,8,7,17,90,99,113,117,130,138;701,8,27,54,58,93,99,124,129,158;395,8,119,161,168,193,199,207,235,247;873,7,32,44,58,102,111,132,184;418,7,32,105,183,199,333,362,401;484,7,3,21,39,56,84,93,116;432,6,43,54,64,82,92,117;892,6,6,12,14,78,98,131;46,6,97,216,244,335,342,356;642,6,9,18,35,68,95,101;574,6,116,187,203,216,275,305;749,6,5,19,35,105,122,138;306,5,80,111,169,333,348;968,5,5,20,52,74,94;681,5,9,18,84,213,271;879,5,9,22,78,196,202;153,5,27,46,51,125,148;639,5,3,13,20,30,46;26,5,101,125,141,157,272;383,5,4,8,13,29,39;677,5,2,7,17,37,45;660,5,70,78,85,101,106;609,4,22,69,81,108;106,4,22,41,143,150;108,4,77,94,313,327;133,4,15,37,85,227;638,4,3,11,19,116;272,4,12,24,44,54;510,4,20,39,47,81;498,4,8,29,52,160;971,4,5,10,14,35;720,4,55,215,230,257;702,4,55,245,290,406;661,4,8,18,24,170;774,3,39,59,70;775,3,39,55,118;308,3,9,23,85;602,3,55,67,78;621,3,128,152,254;555,3,279,305,333;516,3,7,18,39;557,3,26,66,74;729,3,52,78,263;340,3,74,109,120;559,3,176,184,196;416,3,28,65,80;605,3,25,185,202;977,3,8,16,26;782,3,6,21,32;784,3,32,74,106;714,3,9,18,185;166,3,12,24,38;569,3,2,8,20;706,3,86,95,149;178,3,22,52,149;810,3,5,17,32;579,3,63,89,103;540,3,35,53,78;477,3,143,171,228;487,3,4,12,104;497,3,32,57,202;652,3,53,111,124;746,3,62,103,204;831,3,21,33,139;72,3,151,159,174;217,3,14,54,80;804,3,22,50,61;218,3,33,128,148;75,3,19,32,77;772,3,137,152,170;480,3,49,64,140;700,3,108,135,142;805,3,19,26,42;878,3,1,8,39;607,2,9,24;98,2,76,85;601,2,247,400;252,2,76,170;103,2,220,235;104,2,40,64;312,2,145,155;313,2,62,72;314,2,189,193;622,2,172,179;982,2,25,62;623,2,85,147;780,2,174,188;332,2,94,130;760,2,33,55;141,2,57,244;515,2,22,71;895,2,73,94;145,2,9,21;338,2,40,50;494,2,24,32;730,2,83,96;406,2,88,107;341,2,217,297;631,2,101,109;151,2,119,208;976,2,49,71;923,2,16,35;897,2,74,100;861,2,65,95;961,2,38,53;417,2,67,116;348,2,86,96;765,2,36,68;860,2,25,152;56,2,54,76;419,2,22,100;177,2,148,174;766,2,91,100;363,2,46,237;644,2,32,44;953,2,61,97;875,2,3,13;580,2,76,122;651,2,18,41;478,2,34,71;798,2,138,145;989,2,23,95;814,2,72,83;589,2,47,126;654,2,16,42;427,2,27,97;381,2,29,146;912,2,99,111;938,2,31,61;848,2,24,37;387,2,160,171;456,2,137,165;877,2,35,64;234,2,108,203;461,2,6,17;981,1,26;431,1,20;397,1,138;815,1,87;88,1,23;89,1,117;865,1,24;91,1,198;610,1,43;401,1,12;93,1,94;264,1,276;251,1,55;34,1,72;301,1,110;532,1,80;302,1,185;613,1,68;304,1,109;916,1,71;37,1,159;309,1,103;724,1,51;105,1,54;553,1,81;680,1,7;816,1,104;535,1,82;711,1,47;957,1,100;402,1,168;884,1,17;114,1,14;38,1,137;120,1,217;122,1,109;237,1,269;918,1,80;514,1,51;129,1,101;712,1,162;812,1,25;134,1,290;894,1,62;915,1,47;537,1,183;818,1,93;762,1,63;986,1,64;144,1,279;896,1,94;829,1,131;337,1,91;629,1,27;958,1,42;808,1,113;919,1,60;863,1,82;18,1,93;819,1,19;687,1,68;920,1,71;342,1,83;560,1,50;921,1,123;152,1,192;256,1,41;633,1,37;667,1,38;874,1,52;344,1,108;345,1,43;519,1,116;732,1,54;636,1,137;50,1,59;157,1,115;160,1,98;565,1,75;757,1,72;637,1,42;163,1,166;736,1,16;354,1,31;690,1,63;567,1,46;168,1,118;789,1,59;641,1,121;523,1,40;881,1,98;22,1,272;901,1,58;179,1,131;790,1,174;645,1,75;715,1,125;578,1,61;930,1,58;911,1,28;796,1,106;693,1,43;66,1,61;745,1,91;371,1,49;68,1,51;201,1,103;425,1,12;373,1,207;676,1,95;946,1,41;374,1,62;25,1,43;375,1,51;846,1,79;464,1,208;212,1,73;213,1,157;453,1,79;216,1,58;997,1,27;287,1,38;748,1,24;591,1,61;990,1,55;955,1,22;221,1,97;223,1,81;751,1,107;754,1,34;502,1,45;659,1,51;32,1,354;511,1,70;721,1,94;858,1,106;862,1,43;549,1,33;850,1,52;227,1,87;232,1,46;834,1,170;394,1,22;460,1,25
119,384,1064:585,15,35,72,88,120,129,169,179,196,214,245,324,335,373,378,515;253,14,20,49,87,110,149,161,182,193,202,209,219,231,244,253;39,13,10,28,137,140,158,182,190,218,235,262,280,290,298;41,12,5,18,30,143,162,183,212,235,249,275,306,331;189,12,1,22,50,76,110,115,155,181,188,207,212,242;137,11,5,20,43,96,119,135,165,170,176,195,232;277,11,1,31,78,154,159,189,202,215,249,273,282;53,10,41,104,107,163,191,203,221,236,245,286;175,10,2,14,29,55,78,82,100,102,108,113;240,9,9,19,73,191,232,264,267,302,309;182,9,41,48,102,115,123,147,155,186,230;219,9,10,20,35,48,104,137,143,174,196;294,9,2,19,46,83,97,104,116,147,157;296,9,123,147,152,172,187,199,205,210,219;492,8,5,15,38,83,94,100,167,176;42,8,1,23,71,99,107,175,229,265;719,8,15,30,53,73,95,111,120,157;78,8,13,26,47,71,121,135,155,166;235,8,80,87,92,130,162,196,234,259;100,7,1,23,46,65,89,118,180;775,7,13,27,99,140,176,184,224;117,7,2,14,43,65,79,85,88;136,7,22,45,67,96,134,187,218;63,7,76,96,128,146,154,177,255;649,7,1,15,29,66,98,134,160;195,7,1,18,40,112,124,180,243;246,7,87,114,159,165,210,222,240;276,7,80,102,222,307,317,344,385;396,7,5,32,70,121,132,194,224;249,7,36,39,92,95,109,132,137;266,6,65,106,132,147,195,224;301,6,8,32,71,95,124,173;40,6,5,17,38,164,233,275;13,6,2,7,17,53,156,189;121,6,5,17,38,147,201,242;321,6,31,95,196,212,239,257;255,6,7,24,60,74,78,206;570,6,7,23,44,62,110,140;238,6,143,170,269,340,364,376;198,6,1,23,65,92,141,171;259,6,17,44,76,110,170,209;600,6,45,57,61,76,117,173;91,5,140,171,279,290,375;306,5,183,242,344,448,459;671,5,10,21,40,45,201;2,5,48,145,180,247,299;134,5,257,345,384,420,430;872,5,90,133,155,166,215;152,5,2,10,33,80,98;874,5,2,13,59,77,123;157,5,5,22,40,105,111;522,5,11,32,58,146,179;788,5,5,14,27,44,62;176,5,94,116,137,151,183;273,5,7,24,43,91,111;423,5,1,14,31,96,123;375,5,4,17,31,66,71;29,5,21,49,80,87,151;224,5,3,14,43,60,89;83,5,106,111,213,218,353;825,5,62,127,143,166,199;228,5,8,18,41,61,75;392,5,149,154,177,195,206;393,5,102,107,154,174,178;662,5,4,26,60,67,118;608,4,9,18,43,49;758,4,7,15,34,54;709,4,12,29,67,161;551,4,12,28,42,72;106,4,75,113,141,149;107,4,5,15,97,131;241,4,8,16,22,77;110,4,92,100,119,180;465,4,111,126,151,159;118,4,4,13,79,109;120,4,66,104,182,234;254,4,97,131,146,182;603,4,1,9,50,136;415,4,7,13,26,32;781,4,64,84,113,117;155,4,4,23,47,89;160,4,17,39,89,154;162,4,4,18,29,127;166,4,94,112,121,139;568,4,10,21,79,95;357,4,1,15,29,96;571,4,1,20,51,105;572,4,83,93,103,117;483,4,1,17,41,113;64,4,55,147,234,366;67,4,147,183,198,232;694,4,53,134,140,161;202,4,42,100,118,142;653,4,13,27,43,111;588,4,6,12,55,74;451,4,96,143,152,202;452,4,272,508,561,573;590,4,55,115,136,147;260,4,20,53,89,108;606,4,87,125,149,178;286,4,27,54,226,251;721,4,20,40,76,194;887,4,26,91,97,109;86,3,37,62,101;93,3,99,112,122;550,3,42,114,156;854,3,16,107,133;612,3,67,87,122;102,3,33,142,184;103,3,128,160,178;725,3,10,31,146;12,3,80,133,164;618,3,6,17,137;759,3,37,209,233;315,3,22,49,62;320,3,56,167,216;624,3,43,121,133;125,3,44,255,271;45,3,142,299,349;985,3,6,19,33;131,3,64,93,118;726,3,10,33,131;473,3,1,13,35;144,3,82,239,263;889,3,75,130,164;506,3,57,98,172;336,3,2,18,41;18,3,96,110,125;149,3,5,20,54;348,3,15,30,49;737,3,59,92,114;668,3,18,37,52;359,3,90,213,225;475,3,6,23,59;643,3,102,173,183;62,3,49,102,122;576,3,8,21,42;444,3,50,75,109;581,3,38,76,171;188,3,4,26,164;508,3,1,10,25;368,3,11,33,80;478,3,58,115,138;797,3,20,44,58;247,3,131,169,175;814,3,8,16,41;376,3,110,126,213;948,3,7,14,30;382,3,24,45,74;657,3,72,93,99;226,3,10,29,190;388,3,10,20,34;913,3,14,31,53;84,3,8,17,50;230,3,8,16,24;394,3,89,149,177;90,2,5,17;94,2,79,83;264,2,6,14;774,2,79,126;267,2,31,130;513,2,192,232;615,2,75,87;905,2,245,320;313,2,84,90;115,2,200,222;839,2,73,118;756,2,10,21;237,2,194,278;778,2,90,135;323,2,12,25;126,2,38,262;128,2,96,110;828,2,98,198;466,2,5,24;133,2,66,77;812,2,24,57;138,2,111,170;855,2,42,54;896,2,117,135;763,2,40,98;148,2,43,118;559,2,15,31;705,2,81,222;341,2,353,361;440,2,59,119;50,2,78,82;897,2,87,142;158,2,172,210;538,2,94,112;349,2,69,74;352,2,55,123;926,2,104,126;356,2,53,97;168,2,84,139;58,2,186,192;22,2,59,374;180,2,39,123;767,2,52,91;645,2,42,55;181,2,29,259;476,2,136,191;864,2,153,216;484,2,88,109;582,2,83,99;65,2,60,73;4,2,229,252;544,2,33,182;530,2,92,180;798,2,83,101;208,2,103,132;587,2,9,25;5,2,81,221;655,2,32,46;217,2,29,68;912,2,14,28;387,2,62,230;659,2,72,110;459,2,99,110;389,2,69,99;834,2,66,85;531,2,115,155;8,2,195,228;9,2,79,168;981,1,35;397,1,112;815,1,38;88,1,108;906,1,56;853,1,120;433,1,23;601,1,64;99,1,55;35,1,65;533,1,115;412,1,201;303,1,55;11,1,94;678,1,129;512,1,201;614,1,84;105,1,132;310,1,147;311,1,42;312,1,59;974,1,163;413,1,54;871,1,70;681,1,37;316,1,45;884,1,105;317,1,61;268,1,54;319,1,169;122,1,145;682,1,174;43,1,144;597,1,148;127,1,51;504,1,24;129,1,87;130,1,64;712,1,48;893,1,32;625,1,33;269,1,176;673,1,40;894,1,89;941,1,35;140,1,50;141,1,62;762,1,245;142,1,72;405,1,72;685,1,90;145,1,121;829,1,162;629,1,36;666,1,64;808,1,283;46,1,565;863,1,123;48,1,210;147,1,148;819,1,65;416,1,93;859,1,75;151,1,62;19,1,75;849,1,195;439,1,144;782,1,41;407,1,102;923,1,89;51,1,92;408,1,108;520,1,275;880,1,156;783,1,81;161,1,152;417,1,145;689,1,45;165,1,42;350,1,158;785,1,27;21,1,161;354,1,161;567,1,33;167,1,75;641,1,84;360,1,39;177,1,74;843,1,106;766,1,110;179,1,283;740,1,51;363,1,118;910,1,27;822,1,154;875,1,27;442,1,36;646,1,65;421,1,223;743,1,145;185,1,142;245,1,175;650,1,33;496,1,108;445,1,48;796,1,91;542,1,38;693,1,83;869,1,81;369,1,137;524,1,66;197,1,21;487,1,45;584,1,113;745,1,134;68,1,168;278,1,89;525,1,111;205,1,37;280,1,83;696,1,52;27,1,96;69,1,174;426,1,113;488,1,82;28,1,183;284,1,122;213,1,264;656,1,48;261,1,220;453,1,101;72,1,34;74,1,89;591,1,43;6,1,204;30,1,89;385,1,101;289,1,74;752,1,40;658,1,72;489,1,112;594,1,91;291,1,48;857,1,69;456,1,46;470,1,70;31,1,115;858,1,50;549,1,93;805,1,122;877,1,74;660,1,62;596,1,51;231,1,131;233,1,108;234,1,75;85,1,71;663,1,77;295,1,79;664,1,66
120,79,134:775,8,14,28,100,141,151,177,185,225;306,5,184,243,345,449,460;874,5,3,14,60,78,124;709,4,13,30,68,162;551,4,13,29,43,73;252,3,263,302,325;103,3,129,148,161;160,3,18,40,155;668,3,19,38,53;63,3,80,97,256;834,3,67,86,155;86,2,63,102;774,2,80,127;267,2,32,131;106,2,76,114;313,2,85,91;110,2,120,181;681,2,38,197;148,2,44,119;559,2,16,32;341,2,354,362;151,2,129,167;440,2,62,120;163,2,103,157;22,2,60,375;582,2,84,100;693,2,84,197;64,2,56,367;67,2,206,270;1,2,19,38;661,2,90,119;85,2,72,116;8,2,67,126;981,1,36;431,1,28;865,1,66;433,1,74;601,1,65;35,1,66;614,1,85;37,1,129;615,1,84;105,1,133;311,1,43;974,1,164;759,1,234;816,1,144;316,1,46;254,1,132;781,1,114;666,1,65;340,1,88;819,1,66;686,1,174;984,1,147;152,1,81;782,1,42;732,1,65;51,1,93;714,1,242;21,1,28;567,1,34;57,1,62;177,1,75;901,1,72;179,1,280;363,1,119;864,1,203;184,1,165;185,1,143;365,1,194;368,1,81;524,1,63;478,1,139;447,1,106;452,1,273;942,1,58;670,1,261;663,1,78
121,277,608:610,9,6,24,40,57,66,70,100,110,121;775,9,2,16,94,136,167,179,188,193,200;555,9,3,14,25,79,88,122,240,298,325;583,9,3,19,124,148,162,177,193,210,246;626,8,7,25,57,93,112,130,188,196;714,8,3,12,53,126,154,164,177,212;418,8,4,18,122,207,247,311,329,397;681,7,3,12,66,119,208,244,265;435,7,92,137,155,176,185,206,215;762,6,12,24,54,93,114,140;144,6,69,77,100,110,173,188;363,6,2,16,39,68,205,230;720,6,102,160,170,176,242,253;834,6,7,25,103,118,175,262;968,5,9,24,89,112,118;622,5,59,100,217,238,279;122,5,103,115,135,149,184;672,5,20,63,73,136,184;879,5,3,16,72,89,203;780,5,2,22,167,200,238;166,5,7,19,34,46,191;786,5,25,60,74,115,125;639,5,43,89,100,108,133;461,5,1,12,29,58,98;956,4,30,61,75,98;262,4,42,63,100,170;108,4,99,115,135,344;896,4,78,88,113,130;628,4,30,75,88,109;46,4,251,353,379,413;686,4,2,12,150,225;564,4,2,11,25,99;689,4,77,104,113,174;177,4,57,142,167,195;693,4,6,22,37,64;676,4,7,21,34,127;589,4,6,17,73,97;802,4,104,131,145,149;748,4,71,129,139,145;594,4,86,101,134,216;755,4,61,118,147,214;607,3,2,17,51;98,3,100,188,204;252,3,124,133,183;308,3,2,16,38;602,3,21,75,119;535,3,190,215,238;327,3,65,84,109;328,3,10,29,85;915,3,2,16,38;135,3,21,45,96;145,3,3,15,80;950,3,5,19,36;730,3,26,68,107;341,3,244,346,364;605,3,57,68,262;343,3,65,89,118;562,3,40,121,278;160,3,4,26,124;784,3,26,101,128;765,3,30,59,74;787,3,21,36,75;356,3,3,17,31;881,3,93,109,122;178,3,58,63,146;810,3,12,24,26;793,3,53,110,124;796,3,52,76,103;543,3,171,175,233;744,3,47,62,86;497,3,53,62,196;746,3,58,87,160;800,3,19,53,86;902,3,67,85,94;876,3,82,105,117;71,3,39,44,66;221,3,117,197,218;456,3,133,175,189;721,3,109,127,174;850,3,45,101,128;661,3,3,13,137;86,2,2,10;397,2,32,160;838,2,38,75;609,2,103,164;709,2,92,129;774,2,7,24;302,2,106,157;305,2,54,111;917,2,21,53;724,2,48,90;553,2,77,106;957,2,24,43;114,2,43,84;40,2,84,110;982,2,52,72;121,2,84,110;325,2,3,13;537,2,86,175;727,2,5,10;332,2,122,167;405,2,50,118;781,2,67,120;604,2,46,141;557,2,48,76;629,2,3,15;728,2,4,17;958,2,36,63;729,2,74,122;342,2,118,166;151,2,3,17;439,2,52,81;632,2,24,81;976,2,44,66;841,2,20,41;979,2,43,50;924,2,39,89;565,2,56,67;417,2,54,142;567,2,43,72;56,2,73,110;167,2,72,93;168,2,68,133;419,2,32,60;963,2,39,70;835,2,29,46;901,2,55,79;3,2,113,158;792,2,3,16;275,2,106,148;540,2,62,84;190,2,65,92;869,2,48,59;477,2,224,253;68,2,47,70;824,2,74,96;588,2,44,67;814,2,86,101;26,2,153,268;453,2,66,125;380,2,139,300;216,2,20,80;948,2,36,94;547,2,57,71;971,2,11,48;480,2,66,97;459,2,3,13;460,2,17,40;663,2,107,135;395,2,73,146;708,2,150,154;430,1,44;906,1,90;865,1,60;853,1,77;432,1,160;93,1,93;758,1,80;264,1,272;532,1,56;992,1,65;891,1,76;239,1,157;613,1,59;304,1,105;916,1,85;306,1,227;103,1,187;104,1,58;679,1,88;905,1,339;105,1,121;106,1,56;107,1,92;725,1,46;618,1,115;312,1,140;621,1,155;777,1,15;711,1,134;403,1,127;682,1,23;918,1,98;463,1,184;130,1,158;665,1,106;466,1,203;133,1,224;812,1,37;760,1,52;895,1,131;829,1,88;558,1,85;808,1,55;507,1,50;340,1,126;947,1,37;559,1,193;560,1,86;764,1,34;344,1,104;345,1,38;154,1,95;922,1,57;732,1,50;157,1,147;861,1,120;734,1,24;521,1,129;159,1,310;757,1,107;348,1,82;736,1,98;980,1,23;566,1,40;737,1,21;638,1,188;860,1,147;641,1,118;58,1,71;272,1,40;360,1,98;856,1,172;482,1,224;766,1,133;644,1,123;741,1,74;578,1,65;928,1,116;964,1,72;716,1,26;717,1,66;245,1,196;669,1,59;911,1,22;191,1,62;931,1,100;508,1,51;582,1,64;651,1,130;64,1,259;65,1,65;369,1,92;66,1,93;510,1,74;201,1,94;373,1,159;946,1,148;799,1,50;989,1,62;374,1,59;209,1,122;5,1,268;707,1,173;847,1,64;217,1,98;997,1,24;934,1,116;383,1,33;749,1,134;912,1,95;384,1,37;772,1,167;78,1,147;387,1,168;80,1,65;700,1,101;701,1,150;549,1,29;389,1,75;230,1,133;702,1,284;833,1,54;232,1,41;722,1,208;462,1,166;852,1,48
122,166,374:314,6,40,104,148,166,186,199;551,5,8,24,50,84,95;142,5,4,20,33,93,245;235,5,60,85,145,184,266;774,4,4,21,42,144;252,4,7,20,36,59;41,4,131,218,277,296;44,4,1,11,35,56;440,4,79,99,129,223;784,4,2,12,29,119;22,4,1,17,38,192;359,4,11,27,50,67;64,4,18,42,66,346;452,4,203,255,263,376;229,4,41,90,164,186;462,4,10,26,82,115;250,3,109,249,281;838,3,9,27,46;601,3,8,24,53;251,3,3,15,37;709,3,6,23,54;775,3,6,20,35;552,3,1,10,25;302,3,43,82,256;306,3,9,21,34;614,3,13,29,53;917,3,4,13,34;103,3,1,12,31;313,3,7,17,22;816,3,5,15,49;402,3,132,137,173;120,3,174,228,271;625,3,1,13,34;529,3,7,25,180;138,3,1,10,23;762,3,2,14,36;628,3,4,17,33;145,3,6,18,38;48,3,10,25,56;507,3,2,15,73;340,3,7,16,40;947,3,1,11,22;559,3,10,26,58;341,3,10,23,129;605,3,5,15,238;156,3,3,10,21;160,3,8,30,76;689,3,8,19,35;714,3,6,15,23;980,3,8,18,27;353,3,1,7,21;765,3,6,17,33;926,3,6,21,80;567,3,5,17,28;860,3,3,13,22;691,3,8,20,77;668,3,7,26,58;675,3,6,18,29;908,3,11,24,54;575,3,1,10,33;821,3,74,91,158;539,3,22,46,65;766,3,7,19,32;813,3,6,22,47;792,3,7,20,49;693,3,3,19,40;876,3,4,18,42;802,3,5,20,47;803,3,13,32,64;292,3,45,124,247;702,3,10,22,34;531,3,4,22,44;607,2,6,21;298,2,94,183;86,2,5,13;983,2,32,49;891,2,2,13;240,2,148,158;968,2,2,17;241,2,33,73;108,2,46,340;681,2,6,15;437,2,382,404;133,2,164,194;328,2,13,32;329,2,51,93;818,2,3,29;626,2,68,83;781,2,20,148;493,2,51,169;729,2,6,25;666,2,8,27;438,2,46,86;809,2,12,35;17,2,161,169;149,2,1,16;687,2,9,20;633,2,5,20;731,2,4,15;55,2,89,187;786,2,1,12;639,2,69,179;176,2,25,226;177,2,30,170;178,2,71,139;362,2,23,45;740,2,131,258;185,2,67,124;669,2,5,12;67,2,4,30;278,2,41,99;848,2,57,144;411,2,135,159;80,2,70,161;295,2,141,349;88,1,41;97,1,130;303,1,309;11,1,172;710,1,89;104,1,83;106,1,95;974,1,139;111,1,71;883,1,41;119,1,71;122,1,163;970,1,64;812,1,46;537,1,49;727,1,19;896,1,91;337,1,71;629,1,34;558,1,35;808,1,58;494,1,29;763,1,55;146,1,54;18,1,52;730,1,34;977,1,86;890,1,78;343,1,20;733,1,31;441,1,49;21,1,191;789,1,19;572,1,63;272,1,98;420,1,123;495,1,16;62,1,30;901,1,61;363,1,42;3,1,258;365,1,130;692,1,184;869,1,29;772,1,47;503,1,34;805,1,37;850,1,63;293,1,47;834,1,52;233,1,72
123,138,234:41,7,53,70,73,203,207,285,289;989,6,9,18,33,53,70,84;722,6,9,30,50,90,203,212;682,5,66,117,124,160,192;672,5,8,17,25,80,139;462,5,6,22,57,94,133;883,4,3,6,13,67;523,4,6,13,56,67;509,4,81,121,149,196;282,4,14,34,64,128;385,4,139,164,177,229;805,4,8,16,112,154;102,3,41,180,193;302,3,193,224,236;614,3,102,179,213;777,3,105,132,137;624,3,212,219,221;466,3,8,27,73;18,3,131,160,176;521,3,6,18,59;420,3,12,31,103;184,3,126,149,168;24,3,90,128,160;468,3,19,55,62;397,2,84,203;265,2,116,130;399,2,85,165;239,2,279,298;613,2,76,89;38,2,34,96;879,2,111,149;331,2,174,214;705,2,160,172;341,2,320,340;633,2,45,52;357,2,50,69;63,2,40,232;646,2,115,123;195,2,10,27;197,2,67,143;478,2,51,125;530,2,86,171;5,2,128,230;218,2,99,185;73,2,161,191;939,2,14,28;80,2,68,126;32,2,108,282;858,2,76,83;662,2,22,44;607,1,56;298,1,141;299,1,107;431,1,48;91,1,326;944,1,37;92,1,87;34,1,141;774,1,235;492,1,215;303,1,272;240,1,417;306,1,62;309,1,170;106,1,37;974,1,133;110,1,361;115,1,160;13,1,147;254,1,152;43,1,121;45,1,345;726,1,97;779,1,159;15,1,97;329,1,145;537,1,125;135,1,115;333,1,139;762,1,189;142,1,267;896,1,138;145,1,30;889,1,123;781,1,48;336,1,50;493,1,290;808,1,156;148,1,57;342,1,179;560,1,102;343,1,77;407,1,112;841,1,130;733,1,357;564,1,97;735,1,59;565,1,109;417,1,324;714,1,263;21,1,90;57,1,66;495,1,33;362,1,49;766,1,205;813,1,71;364,1,106;767,1,25;421,1,190;476,1,250;185,1,88;792,1,140;444,1,124;650,1,41;445,1,40;508,1,58;693,1,142;369,1,107;66,1,78;447,1,233;588,1,80;450,1,69;469,1,72;259,1,135;72,1,202;912,1,49;6,1,99;29,1,122;751,1,119;78,1,131;291,1,41;480,1,29;456,1,281;659,1,104;388,1,111;84,1,35;460,1,31;235,1,225
124,79,188:399,10,15,32,41,81,84,118,144,161,164,173;316,10,1,7,30,58,79,139,167,223,261,392;619,9,3,20,38,62,94,114,149,192,222;110,9,5,16,30,66,108,165,193,221,321;539,7,16,40,56,101,137,193,224;5,7,62,115,124,127,196,226,229;250,5,4,21,40,260,316;860,5,6,16,164,188,223;541,5,195,248,263,274,286;970,4,13,27,39,58;51,4,2,19,40,144;184,4,92,131,155,159;205,4,4,13,30,65;838,3,1,19,99;311,3,27,68,112;816,3,1,11,38;328,3,5,24,113;819,3,43,71,107;813,3,7,23,96;368,3,13,35,87;204,3,5,12,35;771,3,35,168,234;30,3,61,127,182;385,3,55,122,275;702,3,113,184,413;462,3,7,23,59;601,2,47,135;532,2,101,113;306,2,369,428;624,2,32,61;18,2,28,68;440,2,75,130;420,2,57,95;495,2,34,115;363,2,32,166;63,2,89,245;203,2,67,85;707,2,2,13;850,2,7,28;607,1,57;983,1,28;92,1,88;251,1,124;551,1,59;775,1,258;552,1,74;302,1,188;35,1,79;891,1,117;309,1,131;14,1,102;329,1,85;474,1,97;896,1,139;628,1,123;145,1,33;728,1,60;808,1,187;148,1,24;840,1,67;153,1,88;343,1,166;714,1,32;441,1,97;57,1,65;357,1,107;572,1,106;766,1,199;810,1,74;185,1,92;245,1,275;65,1,119;543,1,250;544,1,137;428,1,63;857,1,21;825,1,130;295,1,223;249,1,146
125,72,161:316,13,2,8,31,59,80,140,168,224,262,275,280,341,393;619,9,4,21,39,63,95,115,150,193,223;110,9,6,17,31,67,109,166,194,222,322;539,7,17,41,57,102,138,194,225;250,5,5,22,41,261,317;18,5,4,15,29,69,172;860,5,7,17,165,189,224;970,4,14,28,40,59;819,4,44,72,108,147;51,4,3,20,41,145;707,4,3,14,24,162;838,3,2,20,100;311,3,28,69,113;816,3,2,12,39;328,3,6,25,91;813,3,8,24,97;368,3,14,36,88;693,3,137,160,183;771,3,36,169,235;428,3,16,36,64;702,3,114,185,414;601,2,48,136;532,2,102,114;306,2,370,429;628,2,124,148;890,2,4,17;440,2,76,131;495,2,35,116;363,2,33,167;63,2,90,246;698,2,72,154;834,2,157,190;607,1,58;88,1,104;983,1,29;251,1,125;551,1,60;774,1,244;775,1,259;552,1,75;302,1,189;35,1,80;412,1,206;891,1,118;37,1,277;309,1,132;329,1,86;474,1,98;896,1,140;145,1,34;728,1,61;808,1,188;148,1,25;840,1,68;153,1,89;343,1,167;959,1,45;158,1,103;714,1,33;441,1,98;357,1,108;572,1,107;573,1,51;766,1,200;810,1,75;767,1,43;185,1,93;245,1,276;65,1,120;543,1,251;295,1,224;249,1,147
126,324,449:188,5,118,128,170,182,215;106,4,58,100,138,177;892,4,67,101,113,146;681,4,68,86,96,220;331,4,241,260,276,295;417,4,121,148,159,290;181,4,201,224,246,253;585,4,133,388,397,494;267,3,44,132,153;616,3,21,72,114;316,3,83,142,387;626,3,95,198,253;733,3,242,315,432;565,3,58,68,142;860,3,171,261,298;367,3,10,25,47;370,3,15,34,113;676,3,52,99,203;381,3,66,123,211;429,3,213,238,276;755,3,63,120,193;708,3,126,138,165;299,2,121,160;250,2,214,292;836,2,30,40;12,2,150,187;777,2,45,86;622,2,39,292;41,2,125,216;504,2,50,61;255,2,80,89;2,2,82,264;437,2,79,268;537,2,130,174;872,2,79,94;143,2,41,96;405,2,75,119;144,2,249,297;493,2,210,264;48,2,175,226;439,2,89,118;782,2,73,128;842,2,80,108;880,2,89,160;162,2,83,173;688,2,132,149;164,2,40,107;350,2,216,241;166,2,57,177;765,2,28,62;788,2,25,41;56,2,70,107;167,2,78,110;358,2,77,96;59,2,62,178;856,2,137,202;361,2,131,145;180,2,148,166;476,2,144,188;716,2,28,117;761,2,21,121;484,2,41,108;540,2,48,71;190,2,75,93;795,2,66,89;796,2,56,68;193,2,246,264;769,2,41,92;543,2,173,234;195,2,108,194;197,2,84,124;797,2,75,80;4,2,5,36;694,2,66,127;798,2,149,186;208,2,54,125;26,2,150,180;426,2,134,159;803,2,90,102;211,2,69,217;451,2,82,231;427,2,121,137;453,2,174,187;847,2,143,170;948,2,32,76;382,2,39,49;73,2,69,200;74,2,38,62;6,2,78,138;886,2,25,46;480,2,69,156;660,2,25,75;395,2,83,120;396,2,73,92;607,1,68;956,1,85;90,1,70;91,1,152;92,1,232;432,1,122;262,1,93;433,1,86;263,1,94;96,1,264;98,1,78;773,1,97;34,1,119;99,1,53;709,1,123;854,1,50;399,1,53;302,1,109;252,1,297;492,1,80;36,1,139;613,1,57;306,1,194;103,1,171;615,1,27;310,1,163;553,1,88;107,1,100;619,1,66;907,1,106;242,1,188;108,1,128;313,1,56;759,1,155;110,1,85;413,1,84;472,1,224;883,1,63;554,1,250;112,1,82;535,1,217;435,1,169;114,1,121;115,1,76;116,1,191;982,1,54;119,1,33;319,1,104;13,1,113;120,1,64;122,1,185;254,1,117;237,1,55;471,1,109;414,1,173;320,1,154;918,1,100;624,1,127;321,1,97;126,1,276;128,1,76;463,1,186;436,1,83;985,1,81;243,1,59;466,1,193;684,1,86;132,1,56;915,1,36;474,1,82;138,1,135;140,1,106;762,1,56;335,1,101;142,1,236;895,1,89;627,1,27;896,1,147;628,1,77;145,1,74;506,1,126;337,1,132;863,1,152;406,1,85;920,1,88;341,1,356;151,1,72;152,1,167;561,1,98;605,1,260;632,1,26;667,1,37;634,1,47;519,1,241;922,1,58;562,1,43;732,1,56;50,1,58;51,1,138;157,1,94;564,1,103;521,1,34;160,1,163;637,1,97;348,1,128;980,1,31;351,1,74;352,1,129;638,1,189;21,1,38;354,1,24;356,1,50;789,1,63;171,1,81;172,1,55;357,1,112;881,1,111;58,1,73;22,1,157;900,1,22;572,1,110;691,1,100;272,1,34;419,1,29;420,1,116;574,1,139;60,1,56;61,1,129;178,1,98;901,1,52;363,1,35;273,1,160;813,1,109;810,1,34;3,1,372;741,1,81;645,1,68;964,1,28;443,1,53;421,1,114;649,1,67;792,1,46;580,1,100;930,1,86;717,1,69;718,1,132;444,1,203;581,1,42;911,1,54;189,1,163;541,1,327;582,1,73;65,1,83;869,1,50;369,1,139;196,1,64;67,1,229;276,1,233;652,1,184;68,1,224;498,1,193;372,1,50;201,1,90;425,1,30;202,1,153;544,1,159;203,1,58;530,1,164;746,1,47;831,1,91;374,1,63;747,1,82;409,1,153;398,1,28;902,1,70;876,1,107;280,1,347;588,1,57;814,1,29;589,1,110;69,1,228;248,1,176;802,1,115;654,1,53;377,1,346;259,1,201;261,1,128;70,1,174;379,1,34;837,1,91;380,1,311;216,1,81;217,1,15;1,1,131;934,1,130;748,1,74;749,1,124;971,1,32;955,1,34;29,1,63;385,1,237;428,1,74;936,1,73;221,1,166;699,1,55;223,1,104;720,1,105;78,1,59;455,1,82;224,1,176;502,1,40;457,1,158;659,1,78;388,1,86;805,1,64;850,1,68;83,1,221;825,1,83;293,1,43;230,1,123;702,1,50;834,1,178;234,1,210;670,1,213;722,1,227;462,1,138;663,1,131;852,1,50;295,1,94;235,1,286
127,26,30:709,2,36,213;762,2,61,152;819,2,117,131;207,2,119,160;607,1,71;302,1,103;917,1,30;553,1,80;145,1,47;889,1,43;829,1,145;604,1,91;507,1,39;148,1,81;559,1,165;920,1,110;341,1,205;605,1,38;959,1,35;374,1,28;747,1,100;803,1,42;546,1,28;75,1,22;387,1,157;470,1,48
128,19,25:343,3,40,117,222;709,2,37,214;774,2,64,224;714,2,112,156;876,2,104,116;607,1,72;302,1,104;762,1,153;889,1,44;829,1,146;604,1,92;507,1,41;559,1,166;736,1,112;21,1,187;654,1,92;771,1,67;803,1,43;80,1,64
129,73,107:182,5,4,12,19,78,182;256,4,7,14,82,101;647,4,3,12,27,50;250,3,73,176,271;129,3,2,18,158;333,3,5,21,47;94,2,3,17;491,2,73,78;413,2,3,11;622,2,90,106;322,2,45,97;728,2,30,39;17,2,3,10;54,2,14,28;350,2,52,229;899,2,2,15;176,2,100,267;443,2,3,11;743,2,19,38;26,2,2,14;589,2,2,13;282,2,20,40;211,2,5,22;77,2,3,11;607,1,73;397,1,48;401,1,263;96,1,197;305,1,90;679,1,17;616,1,58;241,1,65;312,1,115;839,1,134;14,1,56;672,1,157;321,1,144;128,1,84;436,1,48;437,1,439;142,1,48;143,1,45;146,1,44;18,1,34;686,1,125;341,1,91;898,1,28;162,1,98;164,1,35;570,1,131;361,1,117;927,1,55;23,1,95;61,1,114;62,1,53;953,1,30;245,1,316;761,1,82;190,1,99;487,1,107;425,1,119;946,1,183;376,1,280;283,1,207;427,1,103;453,1,47;997,1,12;548,1,67;699,1,43;527,1,34;594,1,61;663,1,60;235,1,78
130,93,118:643,4,2,18,57,77;34,3,13,29,174;40,3,10,22,246;121,3,10,22,214;481,3,171,232,344;4,3,27,58,123;618,2,47,65;42,2,103,220;134,2,215,426;152,2,169,177;638,2,184,196;843,2,3,20;180,2,97,157;69,2,16,34;379,2,3,13;31,2,106,154;7,2,1,15;8,2,9,31;607,1,74;397,1,190;89,1,147;906,1,81;91,1,102;93,1,123;98,1,194;601,1,123;266,1,79;533,1,43;104,1,105;616,1,34;883,1,58;114,1,79;38,1,117;672,1,132;124,1,66;624,1,223;45,1,319;130,1,184;436,1,91;828,1,91;626,1,263;145,1,137;604,1,134;507,1,78;148,1,65;921,1,58;632,1,74;271,1,186;898,1,71;736,1,94;350,1,112;690,1,106;56,1,136;167,1,111;168,1,130;358,1,101;900,1,17;740,1,152;273,1,153;3,1,209;646,1,68;183,1,37;245,1,119;186,1,76;366,1,110;540,1,68;192,1,212;508,1,45;542,1,106;194,1,51;198,1,188;652,1,221;200,1,165;525,1,91;544,1,156;902,1,89;280,1,342;25,1,99;213,1,261;606,1,61;285,1,149;71,1,89;1,1,96;934,1,225;73,1,63;74,1,94;75,1,86;457,1,115;470,1,176;226,1,155;599,1,14;722,1,179;852,1,70
131,92,146:348,4,13,28,47,138;746,4,4,18,33,181;799,4,4,14,37,53;702,4,192,201,237,315;615,3,4,14,23;873,3,14,29,129;345,3,9,19,58;20,3,17,36,62;163,3,151,173,182;21,3,127,153,228;793,3,14,30,120;190,3,11,23,90;795,3,4,23,48;583,3,76,198,231;869,3,12,25,45;373,3,90,111,172;798,3,23,82,100;589,3,10,21,108;753,3,7,16,42;913,3,12,29,51;390,3,48,51,55;310,2,79,137;625,2,6,18;764,2,44,83;976,2,13,27;575,2,72,76;794,2,6,18;912,2,47,75;754,2,26,75;607,1,81;250,1,153;610,1,158;264,1,199;773,1,68;552,1,64;302,1,245;304,1,41;37,1,270;105,1,94;311,1,37;312,1,65;108,1,152;759,1,23;622,1,207;554,1,157;117,1,50;123,1,123;536,1,28;328,1,79;809,1,67;559,1,50;874,1,41;975,1,45;897,1,35;52,1,143;861,1,45;925,1,73;736,1,88;789,1,42;359,1,63;420,1,109;741,1,36;182,1,142;275,1,39;692,1,78;931,1,74;68,1,290;206,1,280;972,1,51;876,1,78;801,1,56;696,1,31;69,1,112;654,1,18;698,1,42;212,1,116;453,1,57;215,1,197;217,1,27;948,1,28;383,1,49;749,1,50;75,1,63;750,1,58;223,1,31;751,1,42;387,1,99;32,1,161;721,1,65;858,1,48;596,1,49;833,1,46
132,217,258:451,4,94,230,254,282;316,3,62,94,295;429,3,72,232,328;91,2,168,206;264,2,57,262;34,2,124,191;302,2,58,108;239,2,172,317;598,2,197,209;711,2,77,88;40,2,60,250;682,2,138,186;254,2,100,175;128,2,113,136;45,2,106,210;151,2,94,141;605,2,216,254;417,2,246,345;765,2,61,117;856,2,83,190;574,2,138,162;3,2,188,328;181,2,129,222;185,2,70,103;580,2,99,160;196,2,45,86;370,2,92,176;278,2,150,180;209,2,53,97;280,2,273,297;377,2,161,285;452,2,315,367;606,2,57,71;72,2,58,353;292,2,72,154;83,2,242,273;722,2,140,226;607,1,84;397,1,291;906,1,98;610,1,150;94,1,142;758,1,76;263,1,139;99,1,181;266,1,141;775,1,172;612,1,125;36,1,75;11,1,134;613,1,114;304,1,95;240,1,442;723,1,117;306,1,416;614,1,248;513,1,115;103,1,254;309,1,133;310,1,161;241,1,99;108,1,109;621,1,245;314,1,143;413,1,42;892,1,124;535,1,117;555,1,197;827,1,204;435,1,166;115,1,210;116,1,229;317,1,64;121,1,60;41,1,208;42,1,111;237,1,91;124,1,63;43,1,190;918,1,134;597,1,198;324,1,199;127,1,101;466,1,162;684,1,101;779,1,123;133,1,212;812,1,68;329,1,117;330,1,67;331,1,445;332,1,168;136,1,99;138,1,149;334,1,43;270,1,208;142,1,269;556,1,67;144,1,286;506,1,169;604,1,136;808,1,170;863,1,200;507,1,88;17,1,118;947,1,42;560,1,173;519,1,222;562,1,296;923,1,90;841,1,142;636,1,67;520,1,260;156,1,64;157,1,90;880,1,100;521,1,91;637,1,88;538,1,130;784,1,88;689,1,219;980,1,83;164,1,112;244,1,72;350,1,236;638,1,164;568,1,100;168,1,104;173,1,72;706,1,102;419,1,111;361,1,152;475,1,82;835,1,54;61,1,201;362,1,62;901,1,98;273,1,133;810,1,95;715,1,119;578,1,104;964,1,55;442,1,68;647,1,56;443,1,66;743,1,130;929,1,64;579,1,116;930,1,108;274,1,134;365,1,67;444,1,113;245,1,281;581,1,90;650,1,68;496,1,90;366,1,93;257,1,125;367,1,124;651,1,86;65,1,123;485,1,121;24,1,221;509,1,152;4,1,206;68,1,314;807,1,89;199,1,125;400,1,128;201,1,186;202,1,77;585,1,294;676,1,186;798,1,167;989,1,102;831,1,89;206,1,79;409,1,119;801,1,64;27,1,66;248,1,227;426,1,126;654,1,88;211,1,156;488,1,75;450,1,432;378,1,234;590,1,186;70,1,128;973,1,67;546,1,175;381,1,75;218,1,189;6,1,93;29,1,247;936,1,76;772,1,212;848,1,121;699,1,191;288,1,42;222,1,104;720,1,288;78,1,177;752,1,55;600,1,119;291,1,57;480,1,154;511,1,136;877,1,66;887,1,117;229,1,189;834,1,77;294,1,111;234,1,195;395,1,142;295,1,93;296,1,211
133,199,253:850,4,1,22,48,122;878,4,44,70,90,129;430,3,1,22,57;956,3,1,10,46;723,3,47,124,143;113,3,129,136,182;115,3,7,17,41;133,3,43,92,111;762,3,84,105,195;163,3,86,165,175;59,3,100,205,211;541,3,41,126,180;488,3,14,35,52;394,3,1,9,52;670,3,232,354,397;92,2,79,234;305,2,48,68;553,2,91,124;242,2,69,133;622,2,81,186;982,2,58,68;407,2,36,86;348,2,78,210;3,2,165,206;790,2,42,181;768,2,61,110;645,2,15,122;181,2,4,13;421,2,191,203;791,2,115,121;365,2,25,188;197,2,115,158;277,2,118,177;201,2,113,150;207,2,182,223;590,2,196,221;942,2,68,75;298,1,230;86,1,40;87,1,51;609,1,111;91,1,270;610,1,165;33,1,114;401,1,122;433,1,85;550,1,69;95,1,35;97,1,85;100,1,192;101,1,67;252,1,78;678,1,275;240,1,327;513,1,127;37,1,34;671,1,79;907,1,13;108,1,146;621,1,41;313,1,40;472,1,238;465,1,76;711,1,146;555,1,357;827,1,202;435,1,205;116,1,73;40,1,109;318,1,85;13,1,33;120,1,133;121,1,109;237,1,60;672,1,164;43,1,165;597,1,236;778,1,227;125,1,249;536,1,116;130,1,86;665,1,83;436,1,96;879,1,216;812,1,44;329,1,60;780,1,112;332,1,141;674,1,35;415,1,93;626,1,109;829,1,115;506,1,144;516,1,67;604,1,58;808,1,277;947,1,66;859,1,29;921,1,18;151,1,215;561,1,60;849,1,49;343,1,36;782,1,103;634,1,60;519,1,177;154,1,122;841,1,127;440,1,191;733,1,116;842,1,109;521,1,73;159,1,291;943,1,71;538,1,223;349,1,84;765,1,120;638,1,230;786,1,107;354,1,185;567,1,48;568,1,46;418,1,89;570,1,149;58,1,47;360,1,124;176,1,123;361,1,23;420,1,78;835,1,48;766,1,124;179,1,54;576,1,27;644,1,34;910,1,11;741,1,53;476,1,103;422,1,110;929,1,34;186,1,85;793,1,123;190,1,58;795,1,81;583,1,130;869,1,67;543,1,121;238,1,178;477,1,252;497,1,68;24,1,59;510,1,52;544,1,151;203,1,76;676,1,224;798,1,37;206,1,240;449,1,46;695,1,162;280,1,158;770,1,138;376,1,47;933,1,41;589,1,99;707,1,195;284,1,103;213,1,76;70,1,117;379,1,94;546,1,106;847,1,160;215,1,189;72,1,59;217,1,59;948,1,46;951,1,65;748,1,92;938,1,66;848,1,83;222,1,120;593,1,74;720,1,123;387,1,45;658,1,85;290,1,94;79,1,51;978,1,34;225,1,163;226,1,122;83,1,163;391,1,85;230,1,53;702,1,299;833,1,36;460,1,33;722,1,117;461,1,34;755,1,37;396,1,242;236,1,190
134,29,49:221,6,4,19,31,142,172,298;92,5,6,21,40,115,180;430,3,3,24,49;722,3,6,27,84;956,2,3,12;33,2,5,17;957,2,4,10;537,2,3,24;332,2,26,121;582,2,1,5;807,2,70,101;300,1,33;239,1,156;723,1,92;434,1,26;14,1,65;631,1,68;519,1,31;564,1,57;164,1,78;420,1,42;768,1,85;371,1,26;447,1,143;404,1,59;848,1,43;290,1,73;460,1,22;461,1,116
135,224,735:740,12,2,23,44,97,112,155,164,174,206,219,229,253;64,12,7,10,31,34,62,76,103,175,198,221,271,283;711,11,8,16,46,68,83,97,101,107,113,123,139;519,9,4,15,32,89,132,187,194,202,209;430,8,4,15,25,36,50,62,67,75;300,8,9,21,35,88,125,133,151,168;22,8,5,21,42,187,234,261,275,366;362,8,2,8,27,37,46,54,65,144;365,8,5,13,77,83,99,148,159,181;447,8,9,24,44,126,170,178,182,189;702,8,6,18,29,76,223,268,319,418;462,8,11,27,54,63,71,84,111,116;601,7,44,132,312,323,336,364,380;103,7,2,13,32,166,262,277,284;361,7,5,11,25,41,67,110,149;821,7,7,26,57,75,94,159,175;273,7,4,21,36,81,86,149,186;772,7,5,15,23,55,83,98,198;848,7,4,14,32,44,66,100,134;431,6,5,11,23,67,99,130;412,6,42,100,131,189,277,289;314,6,8,21,54,72,97,176;777,6,1,6,18,25,67,75;138,6,2,11,24,98,132,187;142,6,8,24,37,147,232,251;556,6,4,9,14,19,26,41;364,6,1,15,42,131,164,189;184,6,6,17,36,89,137,147;188,6,1,23,67,110,143,205;201,6,170,216,262,276,339,343;229,6,1,6,15,37,137,159;92,5,15,30,67,76,166;265,5,13,27,77,92,169;775,5,10,24,104,227,261;399,5,14,31,50,68,131;239,5,10,35,54,217,239;311,5,4,15,60,86,109;111,5,5,10,22,44,86;435,5,190,222,226,241,260;319,5,73,116,179,276,287;818,5,8,34,58,124,133;46,5,200,321,437,460,596;160,5,9,31,53,137,207;789,5,2,9,53,79,110;994,5,18,38,47,58,70;420,5,4,23,70,87,129;790,5,7,16,22,115,185;715,5,3,12,19,28,143;367,5,1,16,32,108,150;693,5,51,134,162,188,198;67,5,6,32,59,91,128;802,5,1,16,43,162,187;850,5,3,24,50,57,140;722,5,19,40,87,131,153;461,5,4,15,36,62,71;956,4,4,13,42,112;609,4,5,14,228,249;94,4,6,20,95,165;551,4,15,31,62,141;891,4,5,16,26,105;12,4,82,184,199,237;816,4,60,67,72,113;254,4,249,325,371,408;328,4,8,27,63,118;332,4,31,97,105,239;143,4,5,14,31,56;729,4,1,20,182,222;808,4,150,177,182,238;819,4,46,75,135,149;947,4,9,19,27,85;890,4,6,19,31,62;959,4,1,7,16,47;635,4,3,9,21,58;897,4,124,132,139,146;860,4,9,19,167,281;900,4,3,11,19,47;575,4,2,11,29,78;901,4,1,11,28,48;539,4,13,37,59,212;3,4,136,244,259,324;578,4,2,6,18,92;864,4,91,110,115,168;66,4,3,14,35,131;276,4,227,271,314,355;876,4,1,15,38,150;803,4,8,27,51,69;385,4,4,24,48,187;221,4,46,139,152,191;967,4,3,14,33,85;983,3,2,8,25;838,3,4,22,102;264,3,35,48,149;917,3,1,10,24;307,3,25,48,79;617,3,4,16,46;112,3,11,25,56;957,3,5,11,26;402,3,134,138,175;949,3,4,12,19;893,3,5,16,72;529,3,11,29,42;863,3,59,110,138;340,3,148,220,230;630,3,25,63,88;148,3,21,49,115;559,3,2,18,182;984,3,91,115,155;149,3,2,17,51;731,3,1,12,26;996,3,12,26,71;347,3,1,10,31;898,3,3,12,35;738,3,2,9,31;354,3,38,101,163;57,3,107,121,135;58,3,1,7,14;908,3,2,15,44;178,3,74,132,189;928,3,6,21,44;844,3,138,208,240;761,3,110,190,199;368,3,16,38,90;870,3,5,15,25;400,3,21,47,104;26,3,57,71,198;404,3,5,24,107;428,3,18,38,80;548,3,76,83,104;410,3,5,18,50;833,3,7,14,25;865,2,4,13;433,2,59,68;251,2,89,127;709,2,16,33;532,2,106,117;678,2,161,254;723,2,104,145;306,2,373,432;434,2,53,56;115,2,1,11;134,2,312,369;537,2,53,158;685,2,59,148;628,2,114,138;49,2,4,20;17,2,158,275;341,2,140,156;782,2,14,29;440,2,153,184;563,2,51,75;988,2,4,9;61,2,38,44;363,2,29,171;741,2,17,50;953,2,24,48;543,2,78,254;194,2,4,16;376,2,219,269;80,2,93,144;834,2,158,191;599,2,38,47;460,2,23,61;9,2,104,173;87,1,88;906,1,144;610,1,97;33,1,116;836,1,120;552,1,77;302,1,206;252,1,209;35,1,69;11,1,111;710,1,140;240,1,95;905,1,129;312,1,152;108,1,96;555,1,345;884,1,25;839,1,119;894,1,76;727,1,95;331,1,103;144,1,149;896,1,143;145,1,52;781,1,131;337,1,87;494,1,70;146,1,61;686,1,112;560,1,166;151,1,170;605,1,176;157,1,175;244,1,80;350,1,208;638,1,112;441,1,110;567,1,58;642,1,46;495,1,84;60,1,71;810,1,85;644,1,226;768,1,129;791,1,99;823,1,72;245,1,278;669,1,92;191,1,45;692,1,243;584,1,110;258,1,92;449,1,144;937,1,46;657,1,136;454,1,30;751,1,43;411,1,102;234,1,192;394,1,39;662,1,162
136,119,188:115,7,2,12,49,97,179,196,219;447,5,75,114,154,184,232;401,4,19,56,111,259;399,4,5,22,74,99;678,4,150,192,245,252;105,4,4,15,32,51;818,4,12,38,63,88;430,3,5,26,51;532,3,5,23,49;617,3,1,13,44;253,3,63,102,131;949,3,5,13,20;918,3,37,53,118;537,3,9,30,59;986,3,7,23,48;563,3,7,22,42;732,3,6,21,36;58,3,2,8,15;361,3,6,12,26;928,3,7,22,45;850,3,4,25,51;531,3,76,89,92;434,2,57,78;308,2,13,27;41,2,81,145;237,2,33,130;529,2,83,117;46,2,199,322;635,2,1,7;925,2,37,68;354,2,39,102;715,2,1,17;582,2,14,50;702,2,96,333;460,2,24,44;461,2,5,16;299,1,143;33,1,117;262,1,159;263,1,19;264,1,181;99,1,23;252,1,210;891,1,67;239,1,212;304,1,25;710,1,98;103,1,285;108,1,97;621,1,93;957,1,27;316,1,16;884,1,26;839,1,120;119,1,50;120,1,39;42,1,53;321,1,17;331,1,33;415,1,136;405,1,30;895,1,20;685,1,71;337,1,171;438,1,69;146,1,33;49,1,44;984,1,154;149,1,34;19,1,39;849,1,219;731,1,50;945,1,27;923,1,20;842,1,66;271,1,42;757,1,132;163,1,28;164,1,62;244,1,81;638,1,113;738,1,32;789,1,26;994,1,49;59,1,115;420,1,88;495,1,82;364,1,32;3,1,225;578,1,19;953,1,25;184,1,152;954,1,47;844,1,241;365,1,145;188,1,73;366,1,39;543,1,79;238,1,34;67,1,68;694,1,34;424,1,27;372,1,69;199,1,45;200,1,65;282,1,69;284,1,137;260,1,99;286,1,88;6,1,27;772,1,140;699,1,117;291,1,81;825,1,39;392,1,85;670,1,70;462,1,112;295,1,98;296,1,99
137,15,22:187,3,13,35,67;24,3,69,124,179;430,2,8,29;173,2,5,25;509,2,73,104;956,1,36;298,1,107;778,1,201;125,1,206;842,1,134;21,1,115;668,1,77;539,1,257;373,1,197;32,1,235
138,14,35:723,5,9,18,46,52,99;741,5,5,10,30,43,94;305,4,9,18,67,74;777,4,5,10,94,118;430,3,10,31,54;956,3,9,18,38;738,3,7,14,36;635,2,6,12;686,1,108;519,1,190;856,1,157;361,1,168;790,1,191;245,1,205
139,69,95:300,4,6,18,123,197;842,4,10,22,35,71;934,4,5,17,33,159;190,3,8,20,52;25,3,8,19,38;913,3,9,26,47;430,2,11,32;557,2,8,19;994,2,11,31;541,2,36,150;586,2,55,116;464,2,13,34;1,2,12,31;219,2,32,193;223,2,9,22;78,2,40,68;462,2,8,24;87,1,36;92,1,64;490,1,37;97,1,50;611,1,20;399,1,47;678,1,38;305,1,83;723,1,58;621,1,30;463,1,87;132,1,69;332,1,78;631,1,112;764,1,79;407,1,31;348,1,45;638,1,20;962,1,45;578,1,25;953,1,42;742,1,50;275,1,37;496,1,41;447,1,40;525,1,133;845,1,66;202,1,97;585,1,30;653,1,41;205,1,33;746,1,67;799,1,35;208,1,48;695,1,39;452,1,76;606,1,76;286,1,148;214,1,126;546,1,43;72,1,31;381,1,110;382,1,28;73,1,78;75,1,56;936,1,58;288,1,40;593,1,39;454,1,27;292,1,101;389,1,45;596,1,47
140,108,162:739,5,7,22,70,96,128;352,4,7,32,82,89;881,4,9,23,46,51;589,4,34,44,52,170;114,3,1,7,27;961,3,37,52,61;784,3,55,104,111;353,3,101,116,140;738,3,1,8,30;690,3,29,58,83;467,3,159,179,228;676,3,230,238,256;206,3,151,169,174;972,3,7,19,46;948,3,39,52,68;430,2,14,35;92,2,127,137;620,2,5,11;255,2,43,128;726,2,56,104;760,2,40,100;631,2,59,61;439,2,38,51;574,2,95,113;766,2,141,153;363,2,87,131;742,2,87,94;477,2,142,227;487,2,6,14;425,2,25,65;212,2,50,108;72,2,46,158;942,2,11,23;489,2,22,106;815,1,59;98,1,75;709,1,85;775,1,72;891,1,61;306,1,285;308,1,133;615,1,70;968,1,72;106,1,123;602,1,65;681,1,40;435,1,87;115,1,79;839,1,53;817,1,196;45,1,334;466,1,173;132,1,61;780,1,186;515,1,101;626,1,244;958,1,56;919,1,56;873,1,98;686,1,134;730,1,94;559,1,105;920,1,111;952,1,72;344,1,41;519,1,69;521,1,36;565,1,72;688,1,101;637,1,39;714,1,200;785,1,51;351,1,25;167,1,56;418,1,60;419,1,31;539,1,93;179,1,48;768,1,29;646,1,42;275,1,65;911,1,82;769,1,55;485,1,46;478,1,17;497,1,201;653,1,90;373,1,206;468,1,74;588,1,59;69,1,224;654,1,38;28,1,117;469,1,48;427,1,26;847,1,89;75,1,31;480,1,63;456,1,86;503,1,46;470,1,178;659,1,50;677,1,19;862,1,41;702,1,288;531,1,140;234,1,174;461,1,81
141,8,11:430,2,16,37;956,2,44,113;533,2,36,65;87,1,107;723,1,105;512,1,119;741,1,51;953,1,49
142,101,154:115,5,59,104,120,161,229;7,5,8,22,32,78,86;711,4,39,98,124,140;574,4,135,143,254,341;934,4,48,58,84,201;461,4,8,19,47,84;432,3,108,143,158;537,3,178,197,215;420,3,76,119,136;484,3,7,25,62;530,3,121,139,160;221,3,115,123,162;411,3,37,54,66;430,2,20,41;92,2,129,141;534,2,96,132;678,2,43,62;554,2,195,235;113,2,173,183;839,2,57,63;333,2,99,130;635,2,30,32;54,2,136,153;58,2,85,135;61,2,178,190;578,2,16,84;182,2,112,192;694,2,136,176;68,2,212,231;590,2,51,234;76,2,55,71;290,2,134,223;956,1,105;91,1,64;33,1,71;300,1,163;99,1,140;533,1,94;240,1,430;723,1,134;434,1,110;616,1,91;884,1,190;38,1,161;319,1,261;437,1,84;673,1,94;134,1,282;894,1,57;780,1,198;332,1,85;627,1,65;256,1,104;519,1,169;738,1,25;174,1,67;361,1,90;23,1,105;643,1,157;909,1,74;741,1,84;953,1,87;421,1,124;791,1,154;184,1,95;579,1,87;580,1,96;930,1,82;716,1,46;823,1,83;189,1,130;541,1,52;582,1,91;796,1,81;542,1,91;797,1,55;276,1,292;277,1,180;370,1,219;652,1,105;202,1,137;653,1,47;824,1,139;206,1,62;281,1,95;26,1,97;707,1,75;698,1,102;285,1,79;427,1,41;220,1,140;936,1,53;937,1,30;80,1,132;978,1,56;32,1,349;389,1,119;391,1,96;599,1,120;722,1,65;663,1,150
143,32,57:219,9,9,19,34,47,103,136,142,173,195;375,4,3,16,30,65;115,3,9,19,43;210,3,9,19,78;719,3,14,29,94;430,2,21,42;265,2,39,142;98,2,97,104;534,2,27,33;307,2,47,78;536,2,42,146;382,2,44,73;591,2,5,23;240,1,91;513,1,120;905,1,102;315,1,133;472,1,114;884,1,46;39,1,180;237,1,188;712,1,24;780,1,91;781,1,143;923,1,95;521,1,115;447,1,54;208,1,102;695,1,132;27,1,50;450,1,38;74,1,88
144,72,94:1,4,1,20,54,91;36,3,2,10,18;555,3,2,13,24;872,3,66,71,140;540,3,1,12,61;601,2,70,217;302,2,101,123;435,2,3,13;13,2,92,131;536,2,123,131;629,2,58,73;873,2,2,17;157,2,1,18;20,2,140,192;789,2,60,65;232,2,1,9;430,1,43;956,1,29;87,1,61;88,1,30;610,1,39;262,1,120;916,1,21;777,1,36;119,1,100;130,1,157;812,1,36;328,1,49;727,1,104;141,1,117;627,1,46;49,1,56;416,1,58;561,1,161;975,1,68;636,1,173;861,1,128;166,1,60;638,1,68;441,1,33;868,1,26;57,1,30;168,1,132;360,1,28;575,1,40;179,1,111;810,1,25;364,1,200;822,1,170;184,1,109;579,1,49;191,1,32;66,1,24;543,1,170;870,1,55;194,1,33;497,1,188;68,1,259;498,1,106;425,1,28;204,1,54;831,1,42;25,1,24;698,1,112;934,1,27;912,1,57;224,1,197;862,1,71;549,1,18;596,1,24;834,1,117;461,1,28
145,17,30:777,6,4,9,22,52,93,117;305,4,8,17,66,73;723,3,8,17,45;738,3,6,13,35;635,2,5,11;430,1,53;949,1,44;673,1,63;863,1,122;17,1,142;560,1,110;61,1,103;790,1,190;745,1,65;653,1,55;380,1,220;805,1,145
146,10,14:305,3,33,69,80;530,3,15,35,62;430,1,55;533,1,58;723,1,48;132,1,94;159,1,109;271,1,61;205,1,112;387,1,47
147,238,520:313,12,4,14,34,80,83,95,115,128,141,154,214,222;601,10,15,31,62,73,109,220,233,278,300,350;195,8,4,21,118,127,156,179,191,242;303,7,8,29,79,91,230,284,314;267,6,4,13,29,36,80,120;849,6,78,107,127,151,169,194;715,6,16,32,61,107,116,147;581,6,37,69,109,158,170,183;246,6,9,35,76,94,124,154;247,6,8,33,83,106,164,204;585,6,183,228,338,403,501,518;409,6,9,22,94,106,138,168;294,6,1,12,18,29,45,57;94,5,9,23,62,101,168;103,5,99,151,165,177,261;316,5,24,49,72,300,359;128,5,65,79,109,174,204;514,5,3,16,38,49,60;463,5,7,31,57,174,195;332,5,39,106,177,204,234;626,5,101,148,207,213,245;896,5,10,22,56,108,134;984,5,29,64,86,106,130;439,5,8,20,55,86,138;523,5,3,10,27,38,50;572,5,11,24,36,69,102;452,5,247,304,568,585,626;91,4,139,170,278,300;550,4,11,22,88,135;263,4,42,125,136,143;773,4,5,18,35,65;775,4,82,109,270,286;513,4,56,94,108,133;130,4,99,144,148,179;17,4,35,134,190,274;147,4,12,24,112,153;559,4,8,24,55,152;341,4,81,137,177,203;366,4,102,131,191,217;276,4,20,48,89,109;248,4,15,35,101,145;702,4,74,83,227,255;755,4,52,92,98,190;239,3,233,252,310;905,3,244,266,319;311,3,46,102,105;110,3,35,48,57;111,3,49,93,95;125,3,125,134,242;333,3,2,18,44;919,3,3,12,73;406,3,66,68,161;346,3,137,185,207;994,3,10,30,59;649,3,65,110,151;444,3,161,176,184;367,3,14,29,56;368,3,64,94,103;477,3,11,23,51;4,3,139,183,224;694,3,4,14,42;802,3,54,63,87;451,3,85,206,298;700,3,65,93,124;292,3,54,197,251;395,3,94,129,189;852,3,12,26,45;708,3,77,124,178;397,2,115,169;302,2,52,214;252,2,225,276;305,2,70,81;725,2,175,231;314,2,59,78;883,2,85,125;555,2,257,319;237,2,108,277;893,2,40,77;330,2,65,97;780,2,147,158;331,2,109,384;515,2,94,96;762,2,199,221;808,2,68,131;47,2,5,11;438,2,26,92;151,2,61,127;890,2,9,22;764,2,62,91;407,2,37,94;519,2,51,85;440,2,147,206;757,2,83,119;714,2,72,208;165,2,144,169;788,2,26,49;171,2,33,123;571,2,104,109;361,2,109,140;495,2,21,91;63,2,138,160;768,2,73,128;578,2,46,86;693,2,16,32;64,2,72,250;543,2,198,253;238,2,363,375;24,2,13,35;67,2,118,182;68,2,93,332;447,2,137,192;280,2,82,97;587,2,106,136;548,2,124,132;848,2,65,99;659,2,64,76;877,2,54,71;670,2,92,100;430,1,58;250,1,95;906,1,44;609,1,160;853,1,124;401,1,251;300,1,158;34,1,91;102,1,79;35,1,90;11,1,131;710,1,137;723,1,49;598,1,49;851,1,52;907,1,31;974,1,77;711,1,111;957,1,72;39,1,139;120,1,50;682,1,47;254,1,96;123,1,178;624,1,120;255,1,175;726,1,65;328,1,109;727,1,94;137,1,158;145,1,136;781,1,116;493,1,156;46,1,434;48,1,104;605,1,170;343,1,53;635,1,40;51,1,88;408,1,99;520,1,203;52,1,47;53,1,139;521,1,45;161,1,55;565,1,102;417,1,210;163,1,120;348,1,53;980,1,100;350,1,117;352,1,59;826,1,91;441,1,75;738,1,44;354,1,138;168,1,114;641,1,89;573,1,113;177,1,183;420,1,114;178,1,36;821,1,133;539,1,130;179,1,257;364,1,179;3,1,243;576,1,132;953,1,53;183,1,140;476,1,132;483,1,120;580,1,66;275,1,60;761,1,194;669,1,33;541,1,279;793,1,76;257,1,24;191,1,89;369,1,65;486,1,70;478,1,48;467,1,288;797,1,47;198,1,166;201,1,174;544,1,88;449,1,118;209,1,155;696,1,56;376,1,300;885,1,33;69,1,86;479,1,158;377,1,175;655,1,45;590,1,167;259,1,118;748,1,122;749,1,64;912,1,52;6,1,209;221,1,85;410,1,45;720,1,153;78,1,162;387,1,46;290,1,196;677,1,54;701,1,80;84,1,61;391,1,57;460,1,76;662,1,84;722,1,76;461,1,68;462,1,119;967,1,73;85,1,123
148,17,25:45,3,38,98,203;199,3,81,171,248;225,3,48,60,113;478,2,61,132;226,2,58,211;430,1,61;956,1,41;101,1,82;723,1,103;504,1,28;463,1,176;130,1,150;159,1,180;271,1,104;421,1,185;371,1,102;450,1,85
149,106,193:201,11,20,40,64,159,217,244,263,277,303,330,340;103,8,54,63,71,78,168,216,264,275;690,6,3,15,31,48,65,85;138,5,26,100,104,134,189;342,5,12,26,46,67,123;994,4,8,20,28,40;22,4,44,189,235,262;61,4,96,127,138,191;644,4,43,54,71,228;609,3,179,187,190;104,3,53,74,96;560,3,40,91,187;562,3,27,183,210;59,3,103,119,226;900,3,21,34,49;539,3,169,177,260;184,3,7,18,37;651,3,44,55,75;64,3,60,273,285;702,3,31,78,420;430,2,63,68;433,2,57,70;774,2,148,164;532,2,104,119;619,2,199,220;435,2,223,242;115,2,22,133;43,2,183,203;818,2,122,135;731,2,28,48;813,2,64,74;364,2,44,191;576,2,48,177;953,2,46,106;716,2,31,86;188,2,111,144;692,2,79,172;209,2,84,136;876,2,36,148;802,2,41,185;234,2,182,190;670,2,297,410;967,2,35,87;956,1,43;11,1,126;710,1,146;306,1,375;106,1,108;12,1,238;241,1,127;472,1,144;554,1,101;711,1,105;402,1,130;884,1,193;114,1,127;268,1,190;237,1,186;712,1,22;893,1,70;243,1,99;537,1,156;331,1,105;142,1,38;781,1,50;338,1,39;729,1,184;46,1,439;47,1,51;494,1,72;809,1,82;148,1,47;154,1,38;244,1,87;826,1,77;354,1,164;860,1,283;418,1,142;856,1,188;574,1,153;740,1,165;3,1,261;741,1,26;421,1,125;580,1,113;930,1,100;274,1,22;718,1,37;245,1,70;761,1,141;693,1,86;543,1,256;370,1,186;26,1,188;803,1,49;655,1,90;997,1,30;937,1,28;290,1,148;595,1,117;887,1,122;229,1,139;462,1,85;8,1,179;708,1,108;664,1,219
150,134,194:278,6,48,60,75,79,185,198;101,5,6,19,59,68,77;546,5,59,100,112,131,160;116,4,127,159,233,266;926,4,8,23,53,82;380,4,7,15,29,193;239,3,9,34,53;667,3,10,24,58;634,3,7,15,26;764,3,6,13,56;60,3,14,29,42;693,3,9,25,46;389,3,56,70,100;612,2,45,134;533,2,64,81;240,2,29,255;512,2,102,210;553,2,134,158;312,2,56,102;969,2,28,51;123,2,170,189;626,2,62,116;506,2,119,181;559,2,113,216;406,2,60,150;733,2,151,158;881,2,14,28;419,2,8,18;276,2,70,129;530,2,108,188;279,2,55,114;479,2,118,126;214,2,82,186;701,2,3,16;83,2,329,342;825,2,90,183;395,2,20,40;430,1,65;432,1,36;264,1,167;491,1,89;302,1,105;492,1,33;412,1,155;36,1,25;303,1,102;679,1,91;310,1,171;12,1,178;619,1,211;974,1,180;113,1,65;535,1,236;435,1,274;115,1,185;40,1,219;119,1,135;121,1,192;126,1,192;127,1,127;436,1,16;437,1,179;327,1,82;269,1,57;15,1,116;332,1,30;337,1,163;146,1,132;859,1,32;344,1,118;519,1,120;52,1,73;880,1,116;417,1,175;784,1,42;349,1,57;638,1,114;168,1,175;418,1,187;691,1,40;363,1,67;830,1,41;181,1,99;822,1,46;442,1,11;742,1,56;443,1,38;365,1,133;275,1,86;541,1,105;257,1,32;192,1,107;769,1,31;66,1,114;195,1,257;24,1,55;247,1,64;277,1,117;258,1,78;425,1,91;202,1,37;203,1,109;946,1,152;746,1,232;210,1,154;801,1,72;464,1,212;211,1,96;450,1,201;452,1,154;590,1,66;656,1,126;259,1,133;261,1,112;427,1,59;286,1,119;379,1,39;215,1,48;72,1,86;218,1,50;73,1,26;220,1,30;937,1,63;77,1,44;222,1,87;528,1,69;289,1,52;290,1,157;904,1,38;293,1,23;294,1,68;295,1,196;235,1,149;9,1,138
151,162,219:440,5,104,133,162,216,228;254,4,55,213,372,388;96,3,60,71,273;264,3,73,129,140;34,3,36,87,93;412,3,182,229,306;113,3,33,130,138;597,3,106,123,212;493,3,131,348,461;849,3,134,153,161;784,3,64,97,115;651,3,175,216,243;193,3,90,114,152;380,3,239,284,307;610,2,58,133;724,2,63,78;974,2,184,208;883,2,47,72;871,2,72,108;957,2,37,45;114,2,101,113;463,2,85,99;130,2,192,223;144,2,70,101;829,2,109,132;46,2,113,278;17,2,91,348;341,2,37,92;605,2,62,189;566,2,58,75;573,2,83,108;482,2,38,236;182,2,54,116;279,2,95,117;70,2,61,153;546,2,104,144;748,2,72,83;720,2,103,114;290,2,213,229;32,2,371,400;430,1,69;298,1,156;86,1,72;397,1,355;401,1,221;773,1,90;300,1,195;399,1,120;836,1,25;534,1,191;598,1,137;905,1,108;602,1,139;620,1,87;108,1,254;759,1,194;110,1,346;465,1,46;555,1,163;13,1,47;682,1,111;672,1,122;778,1,219;324,1,213;712,1,26;828,1,123;466,1,69;684,1,88;15,1,129;134,1,232;331,1,55;270,1,142;515,1,40;415,1,179;629,1,94;146,1,146;686,1,226;687,1,28;859,1,51;705,1,166;439,1,76;979,1,89;520,1,61;346,1,103;161,1,106;688,1,71;714,1,149;350,1,196;57,1,67;570,1,132;739,1,158;22,1,376;642,1,165;23,1,78;60,1,46;362,1,129;821,1,70;766,1,61;179,1,227;740,1,188;273,1,120;813,1,134;767,1,146;576,1,157;644,1,170;181,1,221;822,1,208;646,1,28;184,1,169;844,1,183;365,1,216;245,1,290;581,1,97;761,1,148;366,1,209;367,1,166;769,1,100;24,1,220;4,1,231;67,1,177;745,1,88;446,1,79;652,1,182;498,1,113;807,1,74;278,1,222;448,1,95;202,1,130;585,1,37;653,1,128;586,1,24;676,1,225;746,1,109;468,1,69;587,1,74;375,1,98;656,1,121;259,1,192;606,1,50;286,1,61;379,1,99;811,1,23;381,1,167;218,1,112;73,1,34;592,1,57;848,1,104;699,1,190;991,1,81;501,1,106;411,1,78;480,1,169;31,1,419;292,1,108;721,1,216;82,1,63;858,1,132;702,1,379;703,1,57;661,1,216;462,1,155;9,1,140
152,85,107:331,4,149,199,360,429;12,3,203,218,233;784,3,45,65,70;639,3,4,21,60;546,3,105,114,145;30,3,129,177,206;102,2,67,99;534,2,231,316;126,2,126,174;493,2,99,238;406,2,152,167;644,2,65,250;72,2,279,312;218,2,202,227;83,2,187,346;430,1,70;298,1,217;250,1,198;86,1,85;264,1,63;601,1,316;101,1,145;552,1,55;36,1,29;614,1,200;620,1,18;759,1,186;884,1,33;867,1,47;130,1,73;269,1,107;15,1,117;328,1,105;329,1,105;134,1,112;626,1,259;506,1,50;338,1,210;686,1,175;151,1,214;53,1,222;734,1,77;271,1,154;161,1,120;54,1,120;348,1,39;714,1,151;354,1,90;22,1,356;61,1,90;539,1,147;740,1,209;363,1,192;578,1,113;581,1,98;651,1,69;542,1,79;583,1,70;477,1,96;425,1,79;530,1,152;207,1,76;279,1,96;210,1,129;377,1,171;452,1,481;380,1,111;951,1,32;547,1,91;219,1,91;385,1,188;658,1,43;489,1,38;940,1,93;79,1,82;456,1,126;511,1,41;825,1,146;229,1,143;702,1,380;834,1,109;460,1,72;462,1,122;8,1,106;295,1,312
153,85,94:493,3,85,253,433;845,3,3,13,123;601,2,285,355;709,2,125,182;43,2,197,284;341,2,47,371;519,2,161,207;430,1,72;401,1,90;96,1,244;551,1,146;492,1,155;512,1,190;917,1,31;602,1,88;957,1,107;402,1,224;884,1,83;114,1,40;756,1,75;321,1,126;514,1,71;665,1,102;505,1,138;712,1,99;327,1,140;269,1,255;529,1,137;145,1,119;889,1,94;604,1,115;557,1,41;340,1,190;17,1,266;559,1,201;521,1,179;160,1,194;925,1,46;961,1,58;417,1,104;785,1,79;354,1,196;926,1,55;523,1,73;174,1,71;573,1,116;856,1,165;495,1,102;574,1,208;901,1,92;539,1,231;273,1,102;767,1,126;790,1,149;768,1,141;578,1,79;964,1,53;580,1,171;191,1,119;931,1,36;769,1,116;477,1,240;487,1,113;497,1,89;498,1,171;400,1,86;586,1,100;204,1,50;205,1,108;373,1,162;452,1,355;378,1,232;606,1,175;215,1,176;380,1,157;997,1,46;942,1,88;218,1,94;73,1,220;225,1,168;877,1,92;462,1,160;708,1,96;396,1,180;664,1,184
154,31,45:606,5,89,115,130,140,179;26,4,25,37,56,252;462,4,12,28,33,123;534,3,25,95,148;621,2,218,226;446,2,113,120;430,1,73;299,1,131;432,1,144;402,1,140;116,1,216;44,1,46;688,1,39;420,1,89;574,1,252;61,1,107;182,1,108;791,1,101;930,1,72;544,1,69;206,1,262;374,1,89;208,1,64;449,1,28;280,1,348;451,1,153;284,1,33;590,1,61;657,1,74;411,1,84;600,1,185
155,2,3:956,2,8,17;949,1,22
156,23,28:271,4,1,19,78,135;554,2,98,277;702,2,1,13;956,1,22;397,1,96;534,1,164;723,1,22;307,1,76;827,1,115;13,1,183;324,1,154;673,1,141;516,1,54;17,1,361;988,1,16;568,1,120;571,1,114;3,1,59;183,1,127;844,1,135;543,1,75;4,1,225;248,1,188
157,5,5:956,1,25;611,1,68;723,1,25;123,1,85;452,1,104
158,2,2:956,1,26;723,1,26
159,1,2:956,2,27,101
160,10,11:437,2,63,349;956,1,28;251,1,71;615,1,129;125,1,136;157,1,100;22,1,182;649,1,92;24,1,315;967,1,26
161,203,520:601,12,1,16,17,32,40,74,110,221,234,279,301,351;221,11,5,20,32,111,143,158,173,200,222,244,253;722,11,7,17,28,38,48,77,85,115,137,157,205;92,9,7,22,41,95,116,124,181,197,240;693,9,102,115,120,129,156,168,173,176,196;774,8,99,168,171,175,183,190,201,221;770,8,12,25,58,93,107,115,124,141;702,8,48,121,125,194,230,250,293,314;711,7,1,7,9,15,23,62,95;692,7,111,137,145,152,166,214,252;26,7,11,23,39,79,184,194,217;723,6,2,11,39,62,93,131;434,6,1,13,27,89,99,113;1,6,18,37,65,68,103,105;772,6,9,19,35,65,89,121;262,5,2,8,153,164,177;775,5,74,155,165,272,278;399,5,8,25,35,108,139;305,5,2,11,41,60,87;319,5,235,243,252,270,278;164,5,23,27,58,85,133;61,5,5,11,41,100,175;363,5,89,100,126,133,191;3,5,11,24,296,311,337;911,5,36,67,70,74,143;447,5,83,105,122,146,157;548,5,19,39,60,98,109;251,4,99,113,142,148;626,4,102,149,210,246;729,4,18,37,69,149;808,4,69,98,118,285;984,4,96,102,107,146;782,4,61,76,109,121;172,4,42,59,93,98;58,4,55,96,124,134;361,4,49,141,185,196;420,4,44,110,135,142;364,4,8,22,64,73;715,4,56,74,117,137;376,4,73,226,233,285;751,4,3,17,37,96;462,4,2,18,66,120;97,3,5,19,45;99,3,57,91,95;551,3,45,77,117;302,3,53,215,243;239,3,80,234,247;108,3,51,141,214;112,3,3,17,49;115,3,84,146,250;839,3,45,107,138;727,3,41,54,100;685,3,10,21,30;559,3,51,108,188;341,3,173,325,334;731,3,23,42,67;826,3,3,15,57;359,3,91,193,196;575,3,59,74,118;539,3,98,234,250;740,3,6,27,47;273,3,39,129,169;768,3,86,105,121;741,3,37,67,90;578,3,34,47,87;864,3,74,124,202;761,3,120,135,172;5,3,88,197,211;934,3,57,86,203;223,3,12,25,38;991,3,31,65,78;80,3,5,16,88;834,3,140,154,181;460,3,1,8,50;431,2,27,36;865,2,40,65;33,2,69,96;252,2,86,113;11,2,85,132;710,2,106,134;306,2,236,410;513,2,145,166;103,2,45,138;308,2,117,131;905,2,99,124;38,2,54,105;328,2,55,122;537,2,90,122;332,2,172,235;628,2,45,97;48,2,126,141;340,2,58,92;730,2,50,86;519,2,94,192;440,2,61,148;563,2,54,66;732,2,64,79;897,2,94,213;244,2,44,69;353,2,111,155;738,2,16,45;354,2,68,228;57,2,37,61;789,2,35,94;994,2,5,25;22,2,154,173;668,2,56,108;60,2,7,22;790,2,72,112;645,2,44,57;928,2,83,92;791,2,140,152;184,2,93,164;792,2,73,116;844,2,105,247;365,2,164,193;64,2,190,297;276,2,175,364;802,2,72,83;30,2,102,183;404,2,60,111;76,2,57,82;936,2,41,65;657,2,166,176;825,2,73,131;887,2,90,108;229,2,114,178;461,2,75,117;956,1,33;88,1,56;490,1,14;300,1,109;709,1,88;532,1,96;101,1,136;552,1,69;267,1,121;303,1,83;891,1,69;678,1,166;917,1,60;241,1,40;777,1,48;957,1,89;116,1,57;254,1,303;14,1,99;712,1,47;673,1,62;134,1,136;818,1,119;529,1,75;137,1,131;138,1,35;335,1,128;144,1,85;145,1,71;557,1,118;494,1,41;438,1,38;809,1,49;819,1,86;686,1,173;560,1,108;605,1,88;890,1,71;952,1,75;736,1,44;350,1,94;441,1,43;860,1,205;356,1,54;856,1,143;495,1,37;843,1,104;766,1,52;767,1,94;577,1,25;953,1,112;442,1,38;743,1,121;718,1,68;191,1,37;543,1,182;745,1,144;989,1,42;876,1,79;803,1,73;995,1,28;951,1,38;428,1,112;75,1,64;220,1,38;750,1,62;595,1,106;805,1,142;850,1,95;389,1,54;531,1,100;394,1,113;670,1,260;967,1,74;8,1,200
162,15,24:83,5,9,34,56,80,358;235,5,16,33,52,168,289;741,2,54,59;956,1,47;92,1,171;433,1,28;723,1,126;926,1,67;467,1,287;588,1,37;376,1,238;933,1,75;380,1,216;393,1,200;852,1,101
163,21,37:341,5,6,19,62,125,200;813,4,11,27,52,101;250,3,9,26,44;144,3,14,30,44;572,3,7,20,32;91,2,298,303;314,2,71,123;761,2,118,170;956,1,48;305,1,28;723,1,54;38,1,57;16,1,45;145,1,53;46,1,518;48,1,72;819,1,102;605,1,177;736,1,35;741,1,61;864,1,165
164,77,184:26,8,6,18,26,148,160,176,256,274;92,6,9,24,43,99,148,203;239,6,186,211,222,229,256,288;14,6,9,23,51,66,153,158;934,6,8,20,36,144,162,183;937,6,6,13,21,43,75,95;57,5,6,18,39,55,98;577,5,4,10,17,67,83;692,5,1,15,197,208,235;548,5,5,25,53,117,148;490,4,1,7,16,39;399,4,10,27,37,113;434,4,4,16,31,115;519,4,81,102,108,123;768,4,9,20,50,67;928,4,14,29,52,76;5,4,12,41,95,111;223,4,4,17,27,60;33,3,6,18,87;730,3,1,11,29;164,3,51,79,123;761,3,1,8,153;951,3,7,15,63;30,3,12,42,123;385,3,74,146,173;936,3,10,22,32;750,3,53,73,91;454,3,1,7,16;462,3,46,135,153;87,2,30,106;678,2,79,229;723,2,65,73;996,2,6,20;998,2,3,9;244,2,54,75;441,2,86,105;447,2,1,16;942,2,50,57;991,2,3,11;825,2,112,134;702,2,95,332;722,2,119,220;956,1,55;397,1,347;882,1,97;265,1,127;300,1,77;302,1,233;891,1,66;305,1,29;512,1,149;621,1,92;314,1,91;115,1,48;319,1,122;685,1,70;338,1,196;808,1,83;863,1,94;340,1,36;635,1,54;988,1,55;757,1,40;736,1,34;354,1,105;575,1,126;864,1,164;184,1,151;191,1,77;64,1,258;770,1,61;801,1,50;1,1,115;751,1,71;411,1,100;80,1,124;531,1,88
165,18,41:113,8,8,16,32,43,74,95,192,231;871,4,54,83,125,129;174,4,2,6,27,37;635,3,41,46,55;897,3,4,11,21;641,3,8,17,69;541,3,6,15,24;615,2,56,163;316,2,281,342;956,1,56;401,1,252;723,1,162;3,1,269;716,1,50;192,1,203;202,1,186;588,1,48;546,1,38
166,7,10:839,2,88,99;786,2,6,17;58,2,61,132;956,1,59;47,1,18;919,1,32;256,1,72
167,97,152:303,6,4,25,128,207,258,282;638,5,5,13,22,62,151;395,5,5,25,46,76,149;298,4,5,19,55,100;272,4,4,16,46,87;8,4,14,36,45,243;299,3,9,25,172;518,3,1,10,44;357,3,7,21,46;371,3,3,14,31;278,3,47,68,184;525,3,4,21,48;932,3,11,30,54;488,3,17,38,55;224,3,125,146,158;774,2,36,147;534,2,150,226;883,2,39,69;42,2,4,26;327,2,81,124;493,2,310,430;950,2,11,25;629,2,9,21;728,2,10,23;406,2,51,102;849,2,138,179;924,2,66,82;929,2,2,16;583,2,7,23;663,2,105,134;956,1,65;397,1,232;263,1,70;612,1,44;613,1,118;905,1,95;242,1,225;110,1,169;318,1,44;319,1,153;120,1,135;254,1,194;603,1,68;123,1,70;323,1,76;126,1,211;255,1,102;15,1,84;780,1,255;474,1,69;334,1,69;337,1,60;507,1,67;730,1,125;341,1,267;921,1,119;19,1,92;156,1,44;158,1,217;348,1,31;538,1,30;787,1,52;176,1,98;177,1,118;61,1,183;179,1,224;767,1,131;909,1,59;741,1,70;743,1,44;185,1,8;844,1,163;275,1,132;793,1,108;368,1,112;524,1,48;238,1,52;197,1,24;498,1,197;425,1,50;902,1,62;209,1,148;376,1,86;654,1,45;655,1,26;28,1,168;934,1,156;218,1,214;6,1,119;772,1,203;78,1,63;480,1,38;292,1,292;825,1,178;7,1,89;661,1,72;295,1,87
168,89,108:437,4,12,31,436,492;626,3,3,21,54;493,3,255,313,407;601,2,178,354;993,2,10,25;555,2,48,350;254,2,237,328;321,2,153,206;332,2,9,21;338,2,135,154;519,2,77,129;881,2,13,27;197,2,116,159;425,2,90,113;452,2,194,599;956,1,66;397,1,320;609,1,45;262,1,132;551,1,56;266,1,80;775,1,85;252,1,122;533,1,118;267,1,123;313,1,79;680,1,55;465,1,154;402,1,39;435,1,79;114,1,111;403,1,191;40,1,99;121,1,99;603,1,155;471,1,112;123,1,38;536,1,167;128,1,142;269,1,234;529,1,159;760,1,104;144,1,55;559,1,137;152,1,115;154,1,97;562,1,222;520,1,96;348,1,131;538,1,83;714,1,188;736,1,70;475,1,76;60,1,41;835,1,49;766,1,132;790,1,43;186,1,86;190,1,36;931,1,52;192,1,171;769,1,115;194,1,36;195,1,226;544,1,140;530,1,176;204,1,58;409,1,145;27,1,105;589,1,39;698,1,146;211,1,189;378,1,225;379,1,90;847,1,52;218,1,220;219,1,61;383,1,73;29,1,228;221,1,146;937,1,111;223,1,83;720,1,243;386,1,55;290,1,108;224,1,95;722,1,109;295,1,340;236,1,178
169,254,380:834,9,80,101,129,165,197,203,207,223,245;103,8,29,93,135,143,193,212,251,289;774,5,112,160,182,189,230;306,5,156,189,244,282,336;860,5,31,195,202,248,258;498,5,125,139,146,152,199;252,4,56,196,234,318;108,4,145,236,341,358;555,4,135,146,155,369;889,4,48,107,139,148;838,3,43,70,137;609,3,29,115,122;92,3,70,155,235;401,3,106,119,135;601,3,106,227,267;302,3,96,259,269;313,3,39,54,158;993,3,34,56,71;116,3,70,207,220;41,3,244,294,326;894,3,30,87,110;529,3,67,160,216;338,3,136,143,156;632,3,65,95,114;590,3,183,194,222;772,3,29,175,201;455,3,13,26,75;234,3,43,56,139;670,3,253,286,315;97,2,57,86;264,2,110,146;37,2,29,300;598,2,213,235;671,2,76,168;892,2,74,134;325,2,51,112;270,2,168,192;781,2,103,122;604,2,36,110;863,2,162,181;48,2,64,197;406,2,53,103;341,2,152,349;921,2,74,106;782,2,54,106;732,2,59,76;897,2,43,191;565,2,42,78;417,2,112,184;689,2,150,179;566,2,30,117;475,2,77,105;364,2,153,183;928,2,74,105;184,2,65,99;478,2,99,107;652,2,240,245;798,2,121,164;210,2,95,132;464,2,85,131;261,2,163,219;379,2,56,107;381,2,118,176;216,2,55,96;217,2,163,185;454,2,35,46;720,2,113,246;594,2,76,206;721,2,57,222;805,2,29,105;293,2,48,59;702,2,190,260;531,2,124,135;661,2,73,186;956,1,67;89,1,88;610,1,130;262,1,173;300,1,181;99,1,185;709,1,200;532,1,149;775,1,221;992,1,49;836,1,93;723,1,122;309,1,135;679,1,96;105,1,71;106,1,154;310,1,96;617,1,66;107,1,127;621,1,252;777,1,124;816,1,58;554,1,54;871,1,78;115,1,171;39,1,241;268,1,102;40,1,100;949,1,41;118,1,116;319,1,64;121,1,100;623,1,112;122,1,188;682,1,39;254,1,379;14,1,174;43,1,103;126,1,147;888,1,39;536,1,57;712,1,154;893,1,98;625,1,81;327,1,125;466,1,188;684,1,170;779,1,51;879,1,120;133,1,91;537,1,68;136,1,215;674,1,43;138,1,47;762,1,112;415,1,49;895,1,82;556,1,52;144,1,181;337,1,188;493,1,234;729,1,81;666,1,66;46,1,303;507,1,69;17,1,339;819,1,96;686,1,203;947,1,55;730,1,80;559,1,124;977,1,91;439,1,148;764,1,37;874,1,150;975,1,44;519,1,78;562,1,147;945,1,104;923,1,41;841,1,64;440,1,41;733,1,374;861,1,43;943,1,103;757,1,111;348,1,132;538,1,82;714,1,189;785,1,121;737,1,79;765,1,104;786,1,47;738,1,28;354,1,203;56,1,113;356,1,87;168,1,159;171,1,95;899,1,58;357,1,85;881,1,115;58,1,179;177,1,124;856,1,205;575,1,82;178,1,140;62,1,129;482,1,132;766,1,40;179,1,269;3,1,315;645,1,91;715,1,99;953,1,64;476,1,234;649,1,142;185,1,43;792,1,174;245,1,223;761,1,105;484,1,112;190,1,87;795,1,82;582,1,107;193,1,123;769,1,71;583,1,221;693,1,99;65,1,32;485,1,134;497,1,177;797,1,86;68,1,215;400,1,132;746,1,172;800,1,47;206,1,276;449,1,56;409,1,175;209,1,56;25,1,125;375,1,69;376,1,121;545,1,64;248,1,133;803,1,57;450,1,191;452,1,222;212,1,91;453,1,55;215,1,209;380,1,155;942,1,66;748,1,82;699,1,108;78,1,150;978,1,167;857,1,54;502,1,59;470,1,185;659,1,56;225,1,135;32,1,194;511,1,108;700,1,36;858,1,138;83,1,186;227,1,36;389,1,102;596,1,72;833,1,23;394,1,61;460,1,57;461,1,122;395,1,62;852,1,88;755,1,72;708,1,144;9,1,188
170,34,39:316,2,226,278;507,2,46,60;418,2,276,310;845,2,42,93;290,2,4,21;956,1,69;397,1,60;240,1,189;916,1,62;311,1,73;535,1,140;39,1,282;126,1,201;536,1,61;135,1,108;438,1,19;705,1,213;977,1,19;161,1,101;943,1,32;785,1,21;351,1,31;690,1,27;59,1,150;642,1,110;179,1,41;929,1,78;28,1,54;606,1,99;261,1,254;72,1,120;938,1,68;862,1,104;391,1,76
171,106,123:553,3,93,125,132;46,3,116,130,249;714,3,122,159,166;497,3,118,133,171;550,2,137,165;255,2,162,224;730,2,23,84;705,2,138,246;689,2,206,230;927,2,8,21;180,2,105,116;500,2,33,63;387,2,185,226;956,1,72;944,1,48;93,1,97;96,1,61;534,1,48;678,1,212;614,1,187;104,1,47;725,1,217;618,1,135;621,1,79;759,1,69;680,1,33;535,1,243;711,1,61;957,1,93;402,1,38;316,1,313;117,1,66;949,1,32;481,1,353;597,1,83;127,1,137;128,1,118;514,1,52;505,1,147;726,1,82;136,1,195;474,1,88;896,1,28;628,1,110;829,1,113;493,1,466;958,1,33;919,1,79;17,1,92;819,1,70;151,1,59;153,1,129;439,1,44;344,1,97;440,1,173;520,1,225;733,1,69;734,1,15;160,1,180;348,1,191;736,1,106;166,1,115;353,1,145;787,1,72;170,1,83;523,1,41;881,1,134;22,1,295;363,1,181;63,1,71;647,1,38;791,1,50;184,1,25;792,1,91;580,1,102;650,1,79;793,1,107;65,1,52;423,1,63;238,1,151;197,1,149;498,1,183;746,1,143;409,1,29;846,1,106;697,1,43;654,1,115;707,1,82;488,1,97;450,1,263;378,1,152;212,1,111;546,1,155;886,1,34;528,1,32;600,1,139;754,1,89;480,1,96;457,1,95;225,1,157;458,1,15;7,1,95;596,1,15;702,1,291;670,1,417;967,1,47
172,211,291:906,7,8,64,85,94,111,121,149;849,5,2,16,39,57,174;421,5,11,24,58,142,265;362,4,1,7,33,114;395,4,2,22,42,230;252,3,71,75,292;37,3,20,284,292;623,3,63,78,111;127,3,2,14,117;2,3,70,118,225;819,3,40,104,144;519,3,63,107,183;417,3,69,134,260;538,3,167,175,241;577,3,45,72,77;769,3,12,89,122;478,3,1,9,86;510,3,1,4,18;68,3,74,109,183;585,3,427,448,506;831,3,32,93,129;380,3,129,282,309;700,3,1,15,30;601,2,76,192;306,2,99,299;472,2,37,201;403,2,130,234;254,2,286,292;756,2,1,12;237,2,232,255;123,2,43,90;529,2,162,171;733,2,124,318;166,2,87,182;354,2,56,201;821,2,6,25;790,2,62,164;484,2,6,24;24,2,158,310;4,2,157,191;885,2,1,12;590,2,122,187;848,2,35,122;224,2,159,214;7,2,65,94;461,2,95,97;462,2,98,125;956,1,74;86,1,34;397,1,134;88,1,141;89,1,43;609,1,26;853,1,76;264,1,213;98,1,37;709,1,90;836,1,98;533,1,88;492,1,137;412,1,162;36,1,150;267,1,112;304,1,55;240,1,375;512,1,108;513,1,39;106,1,39;617,1,53;725,1,74;620,1,92;621,1,154;109,1,47;777,1,113;816,1,57;465,1,134;883,1,15;892,1,128;113,1,18;957,1,30;884,1,69;39,1,272;253,1,236;949,1,46;118,1,91;14,1,135;672,1,84;126,1,100;888,1,65;45,1,340;463,1,95;255,1,199;712,1,101;437,1,151;466,1,91;780,1,43;727,1,79;333,1,145;137,1,117;139,1,33;515,1,114;626,1,61;493,1,217;557,1,24;46,1,367;340,1,29;947,1,33;705,1,207;341,1,368;631,1,31;921,1,130;152,1,111;561,1,66;605,1,155;439,1,46;996,1,65;154,1,124;562,1,101;979,1,111;408,1,74;521,1,182;159,1,55;271,1,162;160,1,181;54,1,127;20,1,167;757,1,125;637,1,74;784,1,66;689,1,26;714,1,120;786,1,137;826,1,102;690,1,102;356,1,30;168,1,34;739,1,49;706,1,138;419,1,115;963,1,33;177,1,110;856,1,130;361,1,94;475,1,55;766,1,157;180,1,107;3,1,397;768,1,153;715,1,101;181,1,287;822,1,152;442,1,21;648,1,71;184,1,63;792,1,81;245,1,98;187,1,87;583,1,220;195,1,184;486,1,57;277,1,185;807,1,67;199,1,270;845,1,52;653,1,65;530,1,123;205,1,46;373,1,218;798,1,109;746,1,175;800,1,16;989,1,61;206,1,135;695,1,100;280,1,240;587,1,92;69,1,198;248,1,219;211,1,213;378,1,192;212,1,98;284,1,62;656,1,94;261,1,85;286,1,162;381,1,199;934,1,26;218,1,32;219,1,78;990,1,96;428,1,90;548,1,86;772,1,58;528,1,36;386,1,53;411,1,98;832,1,64;456,1,263;457,1,101;226,1,176;31,1,171;862,1,48;227,1,20;389,1,104;390,1,20;660,1,28;392,1,197;393,1,148;708,1,173;295,1,297;296,1,139
173,133,160:45,3,160,248,331;181,3,74,136,175;370,3,2,21,122;709,2,126,185;331,2,114,303;140,2,103,117;342,2,56,119;632,2,104,128;20,2,174,195;822,2,167,191;823,2,113,133;366,2,139,166;64,2,99,152;652,2,4,29;704,2,4,26;199,2,237,308;207,2,61,124;213,2,226,272;546,2,56,216;380,2,179,288;72,2,323,354;528,2,34,53;429,2,190,195;702,2,132,368;956,1,80;298,1,89;906,1,123;91,1,159;92,1,254;550,1,36;263,1,112;100,1,179;775,1,254;776,1,91;399,1,94;613,1,125;916,1,31;619,1,164;313,1,118;816,1,117;403,1,69;253,1,280;318,1,108;120,1,232;41,1,351;254,1,365;42,1,236;672,1,69;414,1,104;125,1,259;504,1,80;505,1,149;269,1,196;674,1,33;334,1,93;335,1,62;143,1,104;144,1,235;896,1,158;506,1,179;516,1,60;338,1,200;46,1,644;630,1,85;148,1,91;150,1,81;560,1,87;151,1,232;996,1,33;440,1,123;880,1,132;271,1,187;943,1,105;348,1,141;538,1,50;786,1,134;690,1,139;57,1,96;174,1,48;176,1,299;740,1,176;363,1,147;273,1,175;180,1,172;813,1,132;830,1,16;909,1,47;443,1,48;476,1,230;649,1,95;245,1,163;187,1,90;188,1,52;540,1,81;541,1,101;693,1,147;870,1,74;238,1,379;24,1,155;509,1,153;4,1,148;446,1,85;278,1,216;202,1,125;798,1,170;746,1,184;279,1,64;25,1,105;375,1,54;376,1,273;606,1,95;847,1,136;934,1,226;749,1,141;29,1,148;75,1,98;221,1,210;79,1,76;978,1,77;388,1,95;31,1,412;700,1,130;858,1,56;877,1,106;834,1,55;703,1,77;294,1,94;8,1,287;852,1,91;755,1,148;396,1,269;295,1,302;664,1,191
174,25,26:452,2,369,429;956,1,81;431,1,144;96,1,183;621,1,249;113,1,36;237,1,124;126,1,217;330,1,68;507,1,90;562,1,324;520,1,153;170,1,110;820,1,56;61,1,121;743,1,80;844,1,196;746,1,185;450,1,114;479,1,160;377,1,355;219,1,198;290,1,89;228,1,27;599,1,53
175,369,546:46,7,49,99,211,247,358,403,422;512,5,8,21,37,114,156;437,5,6,25,67,377,470;344,5,5,12,16,79,120;283,5,14,43,91,204,208;877,5,7,19,85,96,104;251,4,9,21,49,68;686,4,30,119,189,214;177,4,1,11,42,140;574,4,200,227,284,309;67,4,185,213,259,283;202,4,5,17,35,46;69,4,1,19,93,184;6,4,59,80,94,103;600,4,8,23,102,121;601,3,199,392,411;34,3,38,68,153;724,3,19,28,87;237,3,229,245,252;123,3,9,294,305;712,3,91,117,168;333,3,7,23,48;493,3,201,212,488;439,3,66,78,93;980,3,36,47,78;640,3,6,26,48;860,3,220,273,274;646,3,162,171,178;182,3,75,157,197;257,3,7,18,54;487,3,65,97,109;500,3,3,18,70;450,3,139,197,427;453,3,29,48,175;221,3,12,27,233;772,3,92,143,187;699,3,2,13,24;222,3,55,85,145;721,3,91,106,185;703,3,3,12,52;663,3,59,104,114;250,2,75,192;397,2,44,218;433,2,21,43;94,2,57,90;492,2,30,48;305,2,26,91;106,2,28,47;314,2,62,183;110,2,140,160;402,2,256,330;114,2,72,117;118,2,75,133;319,2,4,15;254,2,57,215;43,2,44,72;45,2,169,356;129,2,46,106;463,2,78,116;505,2,47,81;134,2,86,378;780,2,162,272;136,2,88,130;138,2,70,82;141,2,97,131;145,2,44,93;919,2,21,64;559,2,110,179;560,2,76,152;152,2,21,65;521,2,32,160;898,2,25,69;348,2,144,186;714,2,107,121;350,2,54,201;639,2,40,82;354,2,153,178;926,2,10,25;176,2,52,102;420,2,138,148;179,2,107,229;645,2,70,101;928,2,86,98;476,2,110,138;911,2,33,71;366,2,160,187;794,2,43,58;796,2,61,73;497,2,27,179;467,2,2,31;704,2,119,125;258,2,79,108;201,2,106,362;653,2,69,130;798,2,111,134;932,2,5,24;26,2,146,205;27,2,29,80;376,2,84,245;802,2,154,171;211,2,67,108;378,2,104,126;212,2,65,104;73,2,125,214;77,2,23,51;386,2,54,78;224,2,54,201;31,2,312,335;32,2,394,402;702,2,52,409;722,2,58,96;462,2,157,163;878,2,26,65;956,1,86;93,1,64;95,1,29;264,1,39;773,1,46;709,1,171;774,1,177;491,1,102;532,1,38;102,1,151;302,1,148;533,1,42;412,1,211;36,1,127;303,1,109;916,1,72;306,1,320;513,1,102;598,1,108;307,1,13;104,1,31;679,1,15;905,1,173;968,1,36;671,1,179;602,1,56;311,1,78;618,1,56;241,1,58;108,1,305;315,1,152;554,1,303;681,1,152;535,1,66;711,1,90;957,1,98;555,1,259;435,1,217;316,1,95;403,1,214;39,1,194;318,1,100;623,1,87;682,1,74;603,1,159;471,1,98;124,1,33;918,1,72;624,1,176;778,1,125;125,1,42;321,1,145;322,1,78;127,1,124;665,1,51;2,1,56;828,1,72;985,1,43;243,1,45;327,1,128;684,1,90;473,1,32;329,1,122;331,1,39;135,1,99;332,1,90;806,1,53;872,1,35;474,1,78;137,1,235;140,1,39;270,1,63;762,1,265;405,1,111;626,1,170;627,1,45;829,1,166;506,1,171;516,1,77;337,1,144;338,1,139;629,1,72;808,1,132;146,1,35;873,1,246;630,1,53;18,1,30;730,1,64;920,1,52;341,1,224;342,1,108;921,1,145;256,1,29;605,1,61;977,1,97;890,1,39;343,1,219;874,1,87;407,1,76;154,1,125;562,1,309;841,1,108;50,1,73;979,1,112;51,1,105;897,1,188;408,1,94;520,1,36;157,1,56;861,1,116;53,1,97;880,1,148;346,1,69;159,1,130;347,1,72;54,1,40;565,1,70;757,1,48;961,1,70;55,1,155;538,1,234;736,1,100;164,1,103;352,1,117;566,1,24;826,1,72;21,1,200;56,1,145;356,1,72;789,1,68;170,1,29;641,1,97;569,1,24;899,1,32;59,1,60;900,1,24;572,1,46;272,1,79;573,1,25;360,1,69;642,1,78;495,1,24;61,1,115;178,1,178;362,1,132;643,1,90;843,1,129;62,1,55;363,1,174;644,1,125;790,1,136;577,1,91;741,1,21;953,1,32;964,1,24;442,1,19;648,1,38;743,1,103;649,1,118;184,1,69;792,1,106;579,1,125;580,1,176;274,1,41;581,1,53;761,1,19;496,1,91;187,1,123;188,1,56;540,1,98;541,1,92;190,1,97;931,1,60;651,1,132;583,1,191;693,1,48;369,1,84;870,1,89;423,1,71;524,1,73;486,1,53;477,1,161;24,1,231;4,1,249;198,1,132;276,1,203;277,1,314;652,1,120;544,1,175;586,1,79;373,1,193;799,1,41;206,1,313;966,1,66;770,1,170;814,1,53;5,1,207;464,1,74;248,1,233;803,1,40;451,1,241;526,1,38;377,1,307;452,1,443;28,1,175;469,1,53;259,1,160;261,1,103;427,1,99;379,1,62;837,1,93;214,1,249;71,1,87;381,1,33;942,1,63;1,1,99;719,1,142;748,1,175;218,1,169;591,1,54;384,1,34;548,1,64;76,1,34;886,1,56;593,1,61;720,1,206;78,1,100;289,1,60;501,1,108;455,1,80;752,1,87;411,1,157;291,1,69;904,1,27;753,1,24;480,1,82;456,1,326;503,1,50;225,1,30;700,1,71;82,1,66;862,1,77;805,1,51;83,1,82;227,1,45;660,1,73;230,1,163;599,1,33;661,1,228;662,1,104;8,1,301;395,1,181;755,1,55;708,1,67;9,1,142;664,1,169
176,332,670:2,11,6,20,34,73,98,154,189,231,252,267,317;254,10,54,123,166,205,289,293,312,333,387,396;725,9,4,25,69,72,99,119,134,185,214;43,8,6,24,42,52,80,88,111,174;477,8,1,13,33,66,106,122,206,251;722,8,2,23,44,93,107,139,177,186;225,7,1,13,29,66,83,98,171;708,7,4,18,32,63,130,141,169;709,6,1,18,38,167,188,215;255,6,4,21,50,83,92,190;762,6,26,108,144,165,210,231;519,6,2,13,24,54,184,220;160,6,47,80,126,133,172,192;348,6,32,77,101,155,185,201;980,6,2,12,43,74,87,107;352,6,11,36,86,101,107,115;737,6,2,4,7,14,29,106;790,6,5,14,20,47,96,197;426,6,2,22,42,66,76,124;251,5,12,24,46,66,160;968,5,7,22,32,65,79;151,5,31,53,98,184,219;849,5,4,18,36,58,177;695,5,101,107,113,119,147;456,5,2,20,38,310,317;226,5,2,21,40,74,105;815,4,56,93,98,124;98,4,16,30,72,127;723,4,34,88,116,136;957,4,2,8,21,75;780,4,44,98,194,248;337,4,2,25,49,157;493,4,10,26,197,487;604,4,14,59,86,127;341,4,2,15,121,207;636,4,44,65,110,164;520,4,1,18,87,161;346,4,42,67,100,127;159,4,56,157,262,301;190,4,79,107,165,170;68,4,44,68,113,239;373,4,26,123,135,239;966,4,3,14,48,63;69,4,10,28,48,96;221,4,15,30,53,90;720,4,3,14,28,101;877,4,1,13,26,99;85,4,1,15,30,78;663,4,4,22,40,82;8,4,22,44,291,299;681,3,135,157,203;316,3,293,312,327;123,3,91,136,208;130,3,31,104,212;466,3,40,165,197;915,3,31,49,54;135,3,41,56,87;140,3,29,82,120;506,3,2,21,40;343,3,35,41,223;961,3,2,8,28;714,3,81,102,109;350,3,6,22,36;166,3,30,136,165;168,3,35,77,121;22,3,289,294,385;820,3,13,28,54;496,3,5,20,32;486,3,3,25,46;499,3,10,40,65;770,3,30,97,172;589,3,24,80,112;942,3,3,15,26;748,3,3,14,70;699,3,102,139,176;480,3,95,109,159;34,2,34,151;100,2,86,102;774,2,62,119;491,2,62,119;854,2,102,137;102,2,116,149;615,2,92,105;616,2,51,64;311,2,24,76;816,2,99,116;892,2,61,122;435,2,4,14;39,2,273,287;778,2,83,178;888,2,21,74;505,2,85,144;332,2,110,132;136,2,74,87;138,2,20,65;627,2,31,37;507,2,32,64;438,2,22,56;559,2,158,167;150,2,70,102;631,2,10,22;605,2,92,214;564,2,22,69;521,2,26,183;689,2,27,50;736,2,74,105;860,2,181,217;169,2,33,49;739,2,129,132;706,2,111,134;360,2,29,45;963,2,12,35;642,2,90,177;908,2,34,62;835,2,10,20;843,2,79,125;768,2,46,93;715,2,112,122;646,2,52,66;184,2,81,110;718,2,84,113;581,2,47,119;793,2,56,103;795,2,69,92;931,2,19,66;508,2,21,72;796,2,60,115;583,2,38,186;196,2,18,82;704,2,123,129;746,2,50,228;468,2,14,29;587,2,12,28;26,2,87,209;545,2,78,101;802,2,35,153;654,2,93,109;771,2,68,139;211,2,36,153;213,2,209,230;261,2,50,86;453,2,105,128;428,2,43,102;31,2,126,392;805,2,56,129;702,2,399,432;755,2,60,197;956,1,88;87,1,112;431,1,141;397,1,318;609,1,100;432,1,22;401,1,226;93,1,28;97,1,148;773,1,116;601,1,359;551,1,130;266,1,111;836,1,95;101,1,27;302,1,150;252,1,45;239,1,151;678,1,200;916,1,56;513,1,101;598,1,227;103,1,185;309,1,147;671,1,25;553,1,27;907,1,40;312,1,160;108,1,66;110,1,25;883,1,51;555,1,381;13,1,79;14,1,42;672,1,61;124,1,29;44,1,94;683,1,35;129,1,134;463,1,110;665,1,110;436,1,73;625,1,57;437,1,41;327,1,78;726,1,108;684,1,121;673,1,126;537,1,168;872,1,26;334,1,77;941,1,52;270,1,51;141,1,239;335,1,134;142,1,206;405,1,110;895,1,79;626,1,177;144,1,253;896,1,85;145,1,49;889,1,45;829,1,147;338,1,138;728,1,47;340,1,129;147,1,87;18,1,107;342,1,158;921,1,65;152,1,27;977,1,94;634,1,51;344,1,114;959,1,49;635,1,14;922,1,63;562,1,47;841,1,136;51,1,141;408,1,105;733,1,361;157,1,58;861,1,129;734,1,18;158,1,62;271,1,164;54,1,255;637,1,34;417,1,191;163,1,176;55,1,29;244,1,101;349,1,80;785,1,19;566,1,109;353,1,46;765,1,24;787,1,73;639,1,79;640,1,72;788,1,39;56,1,99;170,1,50;994,1,62;59,1,52;572,1,55;272,1,30;177,1,54;361,1,54;927,1,28;420,1,152;644,1,121;741,1,13;578,1,66;928,1,108;442,1,54;648,1,40;743,1,99;579,1,53;716,1,97;914,1,26;761,1,17;368,1,95;651,1,128;769,1,13;64,1,240;369,1,114;66,1,25;870,1,56;423,1,76;487,1,119;24,1,312;446,1,54;652,1,207;510,1,76;199,1,284;425,1,102;202,1,45;676,1,69;946,1,143;798,1,139;799,1,44;800,1,17;831,1,12;449,1,97;409,1,151;500,1,35;696,1,47;282,1,76;248,1,92;803,1,44;450,1,170;452,1,427;469,1,55;260,1,145;427,1,131;546,1,196;380,1,314;1,1,74;287,1,42;218,1,135;73,1,115;749,1,125;936,1,67;848,1,116;77,1,46;528,1,87;593,1,18;387,1,179;455,1,78;224,1,198;470,1,45;458,1,27;511,1,27;721,1,181;429,1,336;389,1,73;391,1,63;661,1,226;460,1,38;395,1,231;852,1,76;396,1,67
177,50,68:434,3,44,73,128;335,3,52,86,145;642,3,115,142,175;427,3,7,19,47;983,2,39,58;610,2,54,175;993,2,11,26;113,2,128,131;123,2,238,282;713,2,16,39;17,2,103,127;911,2,73,142;193,2,189,254;281,2,209,222;956,1,90;89,1,104;906,1,49;759,1,83;481,1,49;43,1,125;324,1,44;128,1,164;131,1,125;779,1,122;142,1,185;143,1,20;146,1,48;984,1,163;149,1,140;977,1,58;890,1,70;634,1,44;764,1,26;897,1,196;567,1,51;355,1,49;170,1,43;22,1,247;668,1,40;843,1,37;179,1,100;647,1,60;792,1,59;695,1,24;27,1,106;973,1,71;772,1,159;848,1,88;288,1,33;721,1,209
178,103,130:250,3,146,220,299;343,3,37,197,245;68,3,227,270,308;263,2,77,127;905,2,41,65;38,2,153,155;779,2,64,71;733,2,37,225;567,2,117,133;175,2,123,136;485,2,15,30;509,2,13,29;694,2,91,94;499,2,29,59;281,2,23,47;488,2,7,28;479,2,54,95;451,2,49,171;213,2,12,31;259,2,26,53;260,2,32,65;285,2,19,39;29,2,14,42;404,2,19,38;956,1,91;298,1,124;96,1,189;601,1,163;100,1,113;775,1,294;252,1,229;303,1,87;678,1,148;240,1,58;306,1,254;598,1,64;310,1,72;241,1,28;759,1,86;866,1,51;623,1,24;123,1,263;320,1,80;321,1,176;817,1,147;2,1,337;466,1,129;529,1,210;335,1,87;142,1,181;143,1,23;415,1,240;626,1,82;729,1,190;48,1,79;146,1,51;147,1,72;18,1,154;849,1,93;977,1,61;764,1,29;407,1,69;861,1,48;158,1,60;271,1,108;351,1,41;353,1,86;826,1,83;354,1,151;821,1,102;63,1,188;3,1,340;645,1,126;954,1,19;844,1,169;186,1,65;693,1,118;477,1,217;4,1,260;198,1,144;277,1,132;370,1,64;278,1,67;972,1,99;876,1,132;695,1,90;589,1,133;282,1,117;654,1,67;698,1,173;450,1,97;70,1,98;546,1,94;380,1,77;381,1,194;76,1,115;657,1,119;720,1,209;78,1,164;290,1,93;292,1,116;721,1,125;702,1,303
179,169,292:560,7,11,22,37,47,66,162,171;342,6,9,23,43,80,97,194;821,6,65,83,89,93,141,152;609,5,4,13,67,107,234;535,5,87,93,122,125,203;93,4,2,11,47,80;465,4,5,18,33,49;339,4,6,18,32,45;734,4,63,69,85,97;272,4,5,17,47,88;901,4,7,17,34,76;67,4,126,211,243,274;239,3,20,45,59;974,3,65,144,177;827,3,26,80,134;255,3,9,26,63;780,3,144,234,271;138,3,103,130,139;629,3,10,22,80;958,3,7,19,47;808,3,7,20,64;976,3,7,21,77;898,3,2,11,34;348,3,118,151,196;638,3,6,14,23;169,3,2,12,24;963,3,2,7,74;742,3,12,29,67;870,3,4,14,24;477,3,83,151,276;5,3,138,152,279;397,2,106,338;709,2,157,207;551,2,68,135;774,2,135,146;11,2,9,20;106,2,72,192;892,2,38,167;681,2,122,164;603,2,53,140;326,2,30,36;684,2,72,98;673,2,10,23;762,2,196,242;556,2,8,18;950,2,12,26;728,2,11,24;46,2,548,564;863,2,64,201;984,2,11,22;151,2,104,165;861,2,76,80;988,2,3,8;868,2,2,13;567,2,7,19;739,2,112,145;706,2,79,80;900,2,2,10;962,2,2,15;766,2,177,232;768,2,111,145;822,2,159,188;190,2,101,149;206,2,87,156;972,2,126,131;452,2,283,535;30,2,144,158;32,2,178,270;755,2,117,145;295,2,160,181;235,2,141,264;956,1,94;88,1,62;906,1,25;853,1,41;610,1,75;94,1,136;601,1,207;300,1,155;678,1,121;240,1,299;723,1,111;968,1,102;617,1,28;12,1,222;619,1,180;111,1,63;472,1,186;554,1,239;867,1,19;127,1,111;514,1,45;436,1,107;437,1,384;726,1,68;331,1,388;135,1,89;626,1,194;506,1,177;919,1,88;147,1,36;559,1,211;341,1,247;152,1,77;849,1,302;605,1,114;959,1,30;520,1,56;733,1,183;52,1,141;417,1,77;784,1,133;736,1,83;737,1,85;639,1,175;926,1,47;860,1,136;168,1,110;418,1,173;523,1,34;361,1,153;178,1,155;843,1,96;179,1,78;909,1,25;741,1,41;181,1,186;646,1,98;476,1,185;483,1,97;717,1,95;581,1,88;669,1,75;188,1,142;191,1,67;367,1,114;583,1,53;64,1,125;195,1,101;447,1,97;400,1,92;585,1,157;530,1,194;676,1,64;800,1,90;695,1,161;697,1,17;771,1,100;450,1,219;212,1,95;70,1,115;381,1,132;942,1,79;912,1,127;772,1,102;699,1,134;411,1,141;457,1,87;659,1,43;721,1,89;862,1,67;595,1,94;429,1,327;234,1,69;661,1,127;967,1,32;8,1,184;852,1,69;236,1,243
180,292,376:601,5,91,225,266,277,386;684,5,16,33,62,102,174;409,5,42,64,97,120,142;559,4,49,68,82,224;771,4,30,175,197,227;709,3,105,111,183;917,3,45,56,72;757,3,66,118,135;486,3,63,73,80;450,3,103,188,253;663,3,16,34,48;91,2,176,314;533,2,28,45;412,2,91,178;306,2,250,271;905,2,176,270;108,2,104,302;111,2,39,90;555,2,53,176;316,2,173,375;884,2,56,85;756,2,45,55;481,2,306,348;44,2,110,183;130,2,160,214;712,2,113,150;726,2,50,142;269,2,39,252;673,2,42,85;915,2,34,56;806,2,112,121;729,2,89,99;46,2,221,614;819,2,113,127;562,2,259,280;945,2,19,71;733,2,322,391;53,2,128,322;689,2,68,85;980,2,59,84;765,2,26,101;856,2,124,152;475,2,83,88;362,2,40,63;482,2,101,210;363,2,70,218;742,2,81,126;184,2,53,114;669,2,45,61;366,2,177,203;197,2,42,179;497,2,45,147;467,2,119,167;68,2,41,190;202,2,82,166;746,2,66,208;208,2,36,74;770,2,156,168;380,2,160,286;218,2,141,175;73,2,193,222;77,2,20,40;222,2,47,133;751,2,99,111;600,2,84,174;956,1,99;250,1,237;397,1,162;815,1,120;88,1,44;906,1,73;838,1,40;853,1,104;610,1,51;432,1,113;401,1,102;433,1,78;264,1,125;98,1,132;551,1,154;266,1,83;992,1,28;102,1,131;36,1,171;303,1,287;239,1,173;305,1,113;723,1,128;512,1,188;916,1,46;614,1,196;37,1,109;103,1,294;968,1,104;105,1,135;671,1,43;602,1,94;242,1,110;621,1,159;109,1,18;759,1,130;465,1,143;554,1,175;993,1,76;112,1,99;711,1,120;402,1,322;867,1,66;40,1,92;319,1,162;13,1,45;121,1,92;122,1,72;254,1,240;123,1,163;414,1,170;43,1,191;514,1,37;504,1,40;325,1,92;463,1,160;665,1,99;326,1,87;505,1,58;436,1,132;243,1,43;327,1,138;466,1,80;132,1,67;779,1,150;812,1,39;894,1,134;760,1,140;138,1,91;986,1,69;628,1,47;889,1,96;781,1,47;493,1,435;517,1,71;629,1,109;494,1,26;763,1,62;17,1,177;686,1,144;947,1,43;730,1,109;406,1,134;518,1,34;705,1,97;341,1,331;560,1,189;151,1,226;19,1,116;890,1,88;519,1,223;922,1,47;923,1,23;636,1,63;50,1,31;979,1,52;51,1,37;520,1,172;564,1,80;880,1,101;521,1,148;960,1,26;160,1,92;162,1,118;924,1,36;417,1,24;348,1,169;714,1,39;786,1,101;639,1,119;826,1,55;441,1,36;354,1,216;567,1,96;355,1,66;171,1,63;523,1,26;571,1,41;668,1,44;573,1,118;176,1,281;177,1,187;495,1,104;575,1,43;643,1,134;62,1,88;767,1,90;953,1,109;182,1,104;443,1,46;183,1,205;476,1,215;743,1,65;649,1,81;929,1,73;185,1,136;792,1,145;580,1,178;716,1,150;914,1,41;718,1,48;186,1,71;793,1,141;795,1,75;931,1,21;582,1,88;368,1,105;583,1,284;369,1,77;66,1,156;423,1,29;524,1,32;238,1,325;195,1,38;477,1,255;487,1,115;24,1,58;797,1,17;246,1,238;277,1,316;446,1,125;652,1,118;510,1,83;498,1,154;807,1,76;278,1,197;199,1,113;525,1,100;400,1,56;201,1,325;585,1,248;530,1,113;800,1,21;989,1,64;207,1,186;966,1,45;449,1,20;932,1,42;876,1,96;499,1,112;27,1,65;933,1,27;464,1,137;426,1,64;654,1,111;698,1,106;526,1,40;283,1,104;452,1,671;378,1,235;469,1,129;213,1,158;606,1,58;973,1,84;71,1,53;215,1,110;216,1,44;997,1,48;934,1,43;428,1,93;592,1,67;76,1,24;936,1,28;772,1,172;903,1,63;223,1,86;78,1,112;386,1,58;387,1,154;501,1,95;489,1,92;594,1,141;470,1,157;32,1,352;858,1,116;877,1,83;596,1,94;293,1,143;702,1,89;833,1,34;834,1,264;531,1,121;394,1,42;661,1,35;662,1,138;708,1,92;9,1,65
181,2,2:956,1,103;354,1,155
182,5,6:46,2,238,280;956,1,106;626,1,160;659,1,88;32,1,160
183,5,5:956,1,109;534,1,106;680,1,52;707,1,57;548,1,101
184,27,111:278,19,5,16,34,50,81,88,111,119,147,158,167,177,187,200,212,221,228,248,258;303,14,6,27,71,106,130,153,169,191,203,209,220,254,260,285;614,12,9,25,45,48,97,128,159,175,204,222,257,273;298,8,7,21,57,102,134,171,212,220;337,8,11,34,62,97,106,118,127,191;299,7,11,27,40,60,99,157,174;292,7,4,19,55,179,223,238,272;97,6,10,24,66,124,137,154;283,5,12,41,60,157,192;263,4,86,137,152,163;318,3,3,11,46;146,2,129,145;195,2,267,284;35,1,91;267,1,81;311,1,103;111,1,96;681,1,105;122,1,35;597,1,150;331,1,87;406,1,65;522,1,75;271,1,123;784,1,127;451,1,188;235,1,111
185,69,232:331,19,36,48,63,96,120,135,147,155,198,258,273,292,315,342,358,410,418,428,449;493,13,13,29,111,138,204,247,266,305,400,422,447,460,491;22,10,2,18,39,199,280,308,323,336,347,363;614,9,11,27,51,75,154,199,228,259,276;267,8,9,18,41,65,91,114,142,163;303,7,13,34,75,111,123,229,278;142,7,5,21,34,214,231,246,261;143,7,4,13,30,55,72,94,113;298,6,11,25,63,92,125,216;250,6,1,18,38,77,189,197;263,6,5,13,47,91,115,128;97,6,14,28,37,77,90,156;176,6,1,12,23,182,224,269;299,5,16,32,42,86,138;99,5,1,10,38,108,210;120,5,16,32,117,140,205;481,5,78,127,142,259,343;44,5,6,16,54,105,128;335,5,11,25,42,74,99;172,5,1,11,31,71,76;95,4,2,9,17,66;318,4,5,13,52,76;337,4,16,39,68,197;156,4,1,8,19,61;278,4,11,22,38,173;619,3,161,179,202;438,3,3,9,59;62,3,5,19,32;283,3,19,48,76;295,3,75,162,180;235,3,114,136,146;12,2,85,229;125,2,194,208;437,2,236,380;146,2,74,115;873,2,114,225;18,2,44,117;171,2,159,173;584,2,108,140;5,2,151,278;385,2,191,256;229,2,157,181;609,1,170;240,1,150;306,1,468;241,1,36;313,1,183;111,1,102;38,1,146;329,1,88;47,1,100;17,1,167;519,1,168;735,1,89;54,1,198;572,1,80;691,1,89;360,1,79;740,1,185;185,1,122;870,1,68;972,1,133;885,1,32;451,1,183;452,1,439;72,1,345;30,1,157;292,1,285;393,1,89
186,201,468:126,10,2,7,26,84,111,117,137,163,209,230;618,7,5,16,29,89,103,114,155;880,7,8,23,32,36,69,135,166;296,6,17,23,49,55,80,86;303,5,20,41,54,132,178;322,5,5,12,41,122,139;760,5,12,25,41,101,119;452,5,21,43,359,364,615;263,4,7,15,25,49;95,4,6,13,49,68;253,4,3,32,69,157;471,4,16,33,69,94;321,4,4,10,44,65;536,4,6,13,24,31;779,4,11,23,45,56;636,4,2,16,30,60;158,4,171,179,190,209;159,4,22,45,76,187;55,4,7,18,72,90;566,4,3,7,22,89;173,4,19,39,49,148;175,4,4,11,16,23;359,4,15,31,55,131;502,4,10,21,37,95;298,3,13,27,36;490,3,4,10,23;34,3,7,23,41;491,3,14,29,59;916,3,2,10,25;513,3,84,112,238;907,3,1,5,23;108,3,23,28,177;472,3,1,10,246;117,3,11,23,38;40,3,7,19,278;318,3,7,15,25;13,3,4,9,27;120,3,6,22,191;121,3,7,19,245;254,3,11,23,32;672,3,1,10,35;125,3,9,19,52;504,3,9,19,37;665,3,6,19,31;985,3,12,25,39;243,3,12,25,33;726,3,17,40,61;132,3,10,21,48;331,3,7,17,139;334,3,4,12,28;627,3,6,13,59;18,3,11,22,26;151,3,6,20,48;561,3,8,19,51;849,3,13,27,241;407,3,9,19,33;440,3,8,17,36;155,3,11,30,67;521,3,11,23,52;960,3,10,21,30;783,3,17,40,70;165,3,9,19,179;926,3,3,18,77;482,3,16,33,142;422,3,4,10,22;581,3,4,14,135;478,3,6,14,29;467,3,28,57,138;24,3,207,226,261;198,3,10,32,79;425,3,95,142,159;212,3,4,18,35;656,3,9,31,54;606,3,7,18,100;453,3,6,13,38;903,3,6,14,26;857,3,6,13,35;503,3,1,11,40;470,3,65,135,179;659,3,1,15,32;226,3,70,204,214;31,3,15,31,34;395,3,11,31,56;249,3,15,32,47;9,3,33,40,124;433,2,1,6;773,2,1,14;99,2,8,17;240,2,55,381;434,2,11,23;553,2,127,140;107,2,9,19;725,2,18,39;241,2,6,14;465,2,1,14;866,2,1,10;403,2,34,82;39,2,17,35;317,2,7,15;41,2,12,25;778,2,132,158;514,2,12,25;45,2,8,17;129,2,51,103;255,2,16,33;673,2,6,19;872,2,7,15;474,2,1,20;270,2,70,188;557,2,90,97;809,2,17,40;147,2,28,30;271,2,12,30;169,2,9,19;357,2,4,18;273,2,16,33;648,2,14,29;761,2,36,66;496,2,14,29;542,2,4,12;193,2,57,86;64,2,22,46;487,2,22,125;497,2,9,19;424,2,9,21;279,2,10,24;376,2,18,37;464,2,97,112;211,2,16,33;488,2,67,104;450,2,55,80;213,2,73,80;261,2,47,200;455,2,7,20;978,2,4,10;225,2,11,23;392,2,111,119;233,2,15,32;662,2,86,152;295,2,19,39;86,1,20;397,1,273;90,1,38;401,1,150;758,1,37;550,1,56;601,1,167;300,1,56;776,1,87;35,1,55;969,1,16;535,1,250;114,1,52;38,1,114;268,1,25;624,1,97;323,1,63;135,1,61;333,1,74;628,1,118;808,1,38;150,1,98;344,1,24;519,1,214;408,1,53;161,1,81;565,1,34;349,1,39;350,1,41;166,1,162;167,1,36;523,1,19;739,1,69;180,1,154;576,1,87;275,1,53;189,1,66;65,1,34;485,1,55;745,1,96;277,1,126;278,1,214;209,1,186;499,1,85;280,1,228;885,1,50;545,1,89;479,1,125;378,1,243;284,1,131;260,1,107;404,1,53;937,1,53;657,1,54;454,1,32;387,1,50;594,1,38;456,1,214;703,1,35;396,1,103;878,1,115
187,55,90:927,7,12,25,37,63,80,83,94;181,5,57,86,109,181,195;323,4,3,16,42,54;964,4,11,22,34,62;864,4,16,32,49,227;321,3,2,8,26;822,3,138,174,237;444,3,2,10,18;452,3,19,41,338;412,2,6,17;239,2,133,331;46,2,384,515;830,2,28,51;743,2,70,128;283,2,8,37;599,2,61,81;462,2,142,168;298,1,31;86,1,76;33,1,28;491,1,53;403,1,138;322,1,35;436,1,80;332,1,27;729,1,43;147,1,97;256,1,95;407,1,75;520,1,72;52,1,38;880,1,113;898,1,23;163,1,85;641,1,54;359,1,173;176,1,75;63,1,111;442,1,26;421,1,42;445,1,21;797,1,71;276,1,182;498,1,167;424,1,41;695,1,164;488,1,102;450,1,386;260,1,80;606,1,200;719,1,115;749,1,89;456,1,57;8,1,93;236,1,64
188,20,22:137,2,15,30;451,2,10,28;298,1,34;263,1,22;266,1,129;619,1,86;318,1,23;481,1,288;126,1,239;333,1,127;340,1,210;158,1,175;3,1,278;24,1,134;277,1,143;654,1,140;771,1,137;479,1,83;285,1,76;511,1,162
189,93,160:600,6,14,29,38,106,151,159;319,5,136,173,197,233,250;522,4,14,35,62,136;358,4,12,32,49,111;647,4,1,10,35,64;525,4,9,26,57,117;260,4,15,48,84,154;657,4,7,15,23,45;615,3,9,19,34;110,3,173,240,332;38,3,4,19,80;333,3,11,27,53;506,3,14,33,128;783,3,19,42,72;644,3,6,14,179;443,3,7,15,41;743,3,7,26,87;791,3,8,30,60;422,3,5,11,23;499,3,7,37,152;211,3,2,19,51;526,3,9,24,68;259,3,13,40,71;331,2,270,298;337,2,83,168;19,2,44,121;271,2,38,182;178,2,161,172;864,2,8,24;650,2,3,19;651,2,184,205;425,2,87,152;378,2,4,23;298,1,37;250,1,61;94,1,156;758,1,19;263,1,26;601,1,168;776,1,88;836,1,33;492,1,144;36,1,141;11,1,76;37,1,233;413,1,76;112,1,76;40,1,279;318,1,26;118,1,147;119,1,117;121,1,246;603,1,93;44,1,71;536,1,32;130,1,75;828,1,67;437,1,408;15,1,60;335,1,110;143,1,99;336,1,36;493,1,123;341,1,103;849,1,242;153,1,156;520,1,222;350,1,42;354,1,69;571,1,44;359,1,108;360,1,67;23,1,39;63,1,124;929,1,69;483,1,33;245,1,294;761,1,68;187,1,50;64,1,88;238,1,43;372,1,54;278,1,57;27,1,69;426,1,130;450,1,156;655,1,28;285,1,158;699,1,67;31,1,77;292,1,127;703,1,19;236,1,59
190,121,250:269,9,15,33,54,73,136,175,209,230,243;657,7,8,16,24,46,62,76,182;600,7,15,30,39,74,107,152,160;319,6,137,168,174,198,234,251;522,6,15,36,63,117,129,137;437,5,71,142,396,417,500;333,5,12,28,54,75,97;358,5,13,33,50,85,112;182,5,7,15,26,53,173;525,5,10,27,58,96,118;378,5,5,24,88,123,177;260,5,16,49,85,109,155;350,4,13,29,43,59;359,4,109,117,186,218;647,4,2,11,36,65;443,4,8,16,42,56;743,4,8,27,88,106;422,4,6,12,24,134;499,4,8,38,86,153;615,3,10,20,35;110,3,174,241,333;413,3,77,87,93;38,3,5,20,81;119,3,118,137,146;603,3,94,97,102;125,3,3,13,84;506,3,15,34,129;960,3,11,22,32;783,3,20,43,73;644,3,7,15,180;864,3,9,25,88;791,3,9,31,61;524,3,1,4,38;67,3,19,45,75;211,3,3,20,52;526,3,10,25,69;259,3,14,41,72;250,2,62,129;828,2,68,191;331,2,271,299;337,2,84,169;19,2,45,122;271,2,39,183;173,2,1,21;178,2,162,173;650,2,4,20;651,2,185,206;278,2,58,93;425,2,88,153;655,2,29,125;224,2,45,48;298,1,38;91,1,158;94,1,157;758,1,20;263,1,27;601,1,169;776,1,89;836,1,34;492,1,145;36,1,142;303,1,56;11,1,77;37,1,234;12,1,98;112,1,77;253,1,70;40,1,280;318,1,27;118,1,148;121,1,247;42,1,60;237,1,39;321,1,149;323,1,80;536,1,33;130,1,76;15,1,61;335,1,111;143,1,100;336,1,37;493,1,124;341,1,104;849,1,243;153,1,157;520,1,223;162,1,37;354,1,70;571,1,45;360,1,68;23,1,40;180,1,57;63,1,125;364,1,37;3,1,235;929,1,70;483,1,34;245,1,295;761,1,69;187,1,51;366,1,48;64,1,89;238,1,44;247,1,65;276,1,71;372,1,55;27,1,70;933,1,34;426,1,131;450,1,157;451,1,141;377,1,55;285,1,159;6,1,71;385,1,76;699,1,68;31,1,78;292,1,128;703,1,20;396,1,104;236,1,60
191,72,398:276,25,11,16,39,44,121,124,131,134,139,147,151,154,169,202,219,238,242,247,256,304,324,337,368,372,389;9,18,8,16,28,50,58,70,77,82,84,93,107,115,118,121,146,159,166,176;585,16,6,14,27,103,112,163,191,209,236,252,271,279,351,357,364,461;83,15,10,35,57,81,104,114,124,157,190,211,238,245,268,281,359;295,15,6,26,59,123,148,157,175,216,233,239,270,319,325,337,352;39,13,6,24,51,80,98,157,168,185,189,217,220,261,269;396,13,14,41,79,115,146,163,178,200,210,227,230,238,254;253,12,9,38,74,78,108,147,151,180,200,229,293,301;268,12,7,18,28,60,78,89,98,117,128,137,152,176;277,12,11,41,88,120,127,170,227,246,264,286,292,301;694,12,10,20,38,48,51,70,98,105,114,147,159,183;296,12,5,9,37,41,72,127,145,153,160,203,237,243;137,11,1,16,40,50,66,76,130,133,143,146,203;108,10,3,11,24,54,120,162,186,195,230,332;131,10,6,16,40,55,79,103,108,133,138,165;175,10,12,24,31,39,53,72,90,98,148,163;117,9,12,24,39,56,63,72,83,109,120;246,9,4,30,72,104,149,173,179,185,198;817,8,13,26,48,85,120,171,178,185;247,8,3,28,75,116,158,188,193,198;393,8,8,29,57,100,116,133,138,188;242,7,11,22,46,104,119,124,155;947,7,2,12,23,58,63,70,78;324,6,10,20,29,54,117,152;392,6,11,38,69,117,173,188;233,6,5,22,43,87,103,111;613,5,8,21,33,75,94;243,5,13,26,34,109,121;230,5,4,12,29,143,159;703,5,6,15,24,54,96;294,5,7,24,52,96,115;104,4,10,22,72,94;403,4,75,112,152,200;155,4,19,38,76,80;198,4,13,35,74,112;544,4,8,17,46,84;203,4,9,19,40,112;27,4,5,13,31,62;832,4,4,12,33,60;163,3,152,174,183;541,3,7,16,25;79,3,13,27,52;249,3,48,70,162;107,2,77,137;515,2,42,97;873,2,15,30;520,2,142,255;444,2,74,97;189,2,68,95;445,2,26,37;586,2,23,118;404,2,15,34;940,2,141,161;298,1,41;263,1,30;492,1,34;241,1,95;109,1,37;38,1,75;318,1,30;321,1,148;127,1,46;47,1,104;763,1,88;605,1,246;822,1,199;530,1,77;205,1,114;449,1,134;376,1,202;600,1,150;293,1,36
192,14,30:599,8,2,8,20,30,45,71,97,144;246,6,71,103,148,172,178,184;247,3,74,115,187;276,3,120,123,367;298,1,42;263,1,31;412,1,53;402,1,390;403,1,20;318,1,31;444,1,95;198,1,73;824,1,15;9,1,49
193,21,22:60,2,51,73;298,1,43;263,1,32;907,1,101;116,1,47;318,1,32;437,1,395;849,1,248;520,1,132;163,1,26;690,1,101;176,1,38;365,1,150;761,1,67;193,1,107;544,1,105;378,1,52;284,1,76;6,1,141;548,1,66;662,1,131
194,4,4:298,1,46;263,1,33;318,1,35;284,1,149
195,6,6:298,1,47;86,1,110;263,1,34;318,1,36;425,1,148;224,1,31
196,6,6:298,1,49;263,1,36;402,1,367;318,1,38;845,1,62;425,1,150
197,21,47:614,9,49,98,109,129,176,186,205,223,232;299,7,12,28,61,100,113,158,175;298,4,58,103,114,172;725,3,179,232,241;314,3,73,98,177;316,3,57,146,391;593,3,8,16,30;951,2,66,70;250,1,270;88,1,92;263,1,85;97,1,125;101,1,45;318,1,47;673,1,55;18,1,33;51,1,79;53,1,140;274,1,95;211,1,111;700,1,45
198,24,55:46,6,325,387,421,448,519,589;696,6,9,18,27,59,94,117;744,5,6,16,31,68,93;50,4,13,26,45,91;622,3,11,26,47;808,3,13,26,67;868,3,9,20,48;588,3,24,51,83;846,3,10,20,45;264,2,95,107;338,2,159,173;962,2,9,22;62,2,37,134;298,1,59;93,1,120;678,1,224;905,1,200;871,1,46;711,1,26;866,1,65;318,1,48;737,1,98;176,1,34;670,1,212
199,1,1:298,1,66
200,94,152:316,5,23,48,138,299,358;273,5,3,20,35,80,128;64,5,59,102,155,197,307;110,4,28,164,312,343;558,4,2,12,27,64;539,4,100,136,211,223;740,4,1,22,43,154;138,3,73,97,176;160,3,103,131,190;352,3,13,38,88;908,3,1,14,40;177,3,3,13,69;364,3,41,163,188;67,3,139,143,164;906,2,39,53;725,2,178,230;12,2,30,236;314,2,70,101;331,2,160,375;18,2,27,171;860,2,79,110;56,2,103,147;176,2,284,302;810,2,73,84;367,2,31,107;195,2,178,241;477,2,127,183;801,2,1,9;696,2,86,123;376,2,162,176;594,2,37,192;31,2,91,348;670,2,123,198;662,2,79,139;298,1,68;250,1,171;397,1,111;838,1,98;265,1,91;100,1,195;775,1,243;303,1,184;11,1,37;553,1,139;311,1,58;472,1,56;622,1,112;554,1,161;318,1,61;254,1,301;684,1,138;879,1,212;806,1,101;142,1,192;337,1,110;493,1,283;729,1,221;863,1,93;494,1,69;340,1,60;341,1,41;342,1,59;51,1,39;988,1,45;21,1,144;167,1,35;739,1,127;668,1,122;901,1,70;3,1,121;646,1,173;792,1,39;823,1,71;761,1,133;692,1,97;202,1,139;876,1,147;69,1,171;802,1,184;771,1,127;803,1,48;283,1,89;377,1,290;452,1,612;378,1,242;655,1,144;259,1,188;428,1,62;75,1,93;221,1,70;991,1,129;80,1,143;229,1,136;395,1,215
201,278,646:235,10,68,156,172,204,228,245,254,274,280,299;67,9,22,48,78,152,165,202,220,234,280;213,9,9,28,52,96,168,177,206,220,259;102,8,55,61,93,123,163,197,203,219;652,8,14,23,39,48,149,165,230,257;83,8,21,46,68,88,247,270,350,362;253,7,10,39,79,121,247,302,310;320,7,19,39,65,113,206,234,284;180,7,8,27,60,136,155,170,188;24,7,15,37,95,140,168,177,307;254,6,69,172,191,233,360,404;137,6,10,25,90,147,152,207;350,6,91,154,176,194,219,244;364,6,12,26,55,75,115,210;646,6,7,15,36,82,95,166;64,6,23,47,93,166,183,300;451,6,13,31,125,163,268,308;294,6,14,31,89,121,144,154;266,5,89,120,165,210,233;41,5,83,93,189,194,347;175,5,32,67,73,149,159;791,5,69,81,95,111,118;198,5,19,41,52,85,195;277,5,28,58,105,121,128;281,5,17,41,75,141,191;479,5,10,25,45,70,91;429,5,15,35,93,227,250;392,5,25,52,90,129,140;99,4,30,68,122,217;240,4,56,167,321,338;414,4,48,94,125,148;337,4,18,41,134,180;783,4,7,30,47,59;63,4,13,27,121,141;422,4,29,49,98,119;509,4,9,25,113,142;797,4,5,11,32,89;409,4,66,84,99,122;280,4,21,49,74,163;377,4,80,158,185,291;285,4,12,32,59,142;286,4,92,150,185,240;664,4,18,42,71,127;250,3,14,31,66;397,3,92,178,342;550,3,50,73,96;263,3,60,109,167;725,3,86,191,200;619,3,70,105,142;39,3,76,112,226;268,3,9,20,36;318,3,62,106,111;42,3,119,277,283;237,3,155,201,297;817,3,57,110,159;2,3,129,196,328;941,3,8,17,37;335,3,13,27,108;336,3,12,28,64;873,3,139,172,238;340,3,206,215,238;18,3,38,77,182;148,3,28,72,87;19,3,13,30,59;51,3,6,23,51;53,3,13,30,51;522,3,68,101,166;166,3,79,123,126;352,3,22,47,69;353,3,70,81,92;171,3,55,127,142;22,3,14,30,125;420,3,15,34,53;363,3,120,155,220;187,3,18,40,58;189,3,12,33,60;584,3,13,30,55;246,3,23,49,59;247,3,22,47,57;276,3,25,53,63;704,3,18,40,60;200,3,20,50,68;499,3,25,55,122;5,3,4,33,75;696,3,71,97,105;488,3,3,24,68;655,3,52,105,145;590,3,14,39,76;259,3,23,50,92;260,3,29,62,112;70,3,5,31,80;6,3,8,18,30;29,3,10,38,65;30,3,4,34,83;385,3,18,38,63;825,3,13,30,53;393,3,17,38,62;394,3,84,108,185;249,3,59,105,188;9,3,71,160,164;236,3,16,45,66;265,2,52,99;601,2,153,175;251,2,135,150;34,2,42,168;301,2,135,192;100,2,14,36;854,2,30,81;303,2,58,288;905,2,204,230;618,2,82,158;907,2,15,114;38,2,84,149;40,2,95,212;120,2,86,280;121,2,95,185;471,2,91,128;321,2,173,242;45,2,52,307;129,2,38,60;255,2,121,182;915,2,13,27;146,2,5,13;686,2,166,210;559,2,85,127;150,2,36,93;151,2,82,154;152,2,43,159;561,2,72,152;849,2,221,264;407,2,64,99;440,2,137,203;157,2,75,169;161,2,29,123;173,2,119,134;571,2,65,92;740,2,13,34;273,2,54,170;810,2,60,100;648,2,58,93;911,2,6,14;65,2,86,99;694,2,73,88;498,2,126,141;424,2,49,64;372,2,125,133;278,2,241,251;449,2,38,69;426,2,81,148;378,2,156,223;453,2,147,200;404,2,17,36;594,2,30,193;456,2,103,179;229,2,72,174;702,2,243,265;396,2,108,186;296,2,104,155;298,1,69;608,1,35;853,1,32;401,1,169;93,1,146;95,1,23;773,1,124;709,1,108;551,1,47;775,1,112;612,1,146;101,1,107;252,1,347;35,1,57;492,1,110;36,1,100;267,1,51;11,1,80;306,1,412;12,1,95;241,1,26;242,1,79;974,1,195;413,1,81;816,1,122;472,1,131;554,1,80;555,1,97;866,1,44;316,1,130;116,1,136;317,1,24;867,1,24;319,1,163;13,1,118;672,1,97;43,1,224;624,1,107;125,1,145;322,1,91;504,1,43;243,1,36;726,1,94;15,1,40;405,1,60;556,1,49;144,1,128;829,1,54;781,1,110;517,1,47;808,1,144;763,1,63;438,1,71;809,1,61;630,1,40;147,1,115;819,1,91;149,1,37;920,1,43;50,1,47;520,1,48;158,1,147;271,1,45;735,1,111;538,1,59;165,1,52;737,1,50;640,1,87;868,1,35;354,1,95;926,1,110;418,1,74;170,1,40;172,1,64;357,1,34;358,1,61;176,1,303;813,1,139;3,1,275;767,1,107;909,1,31;649,1,56;184,1,106;483,1,81;245,1,286;761,1,72;188,1,99;693,1,69;744,1,55;524,1,24;485,1,98;486,1,82;467,1,219;371,1,93;68,1,195;258,1,165;525,1,113;425,1,140;209,1,163;846,1,56;282,1,78;69,1,136;450,1,93;283,1,129;452,1,181;28,1,108;656,1,59;261,1,228;428,1,107;657,1,67;903,1,34;387,1,141;455,1,103;489,1,136;857,1,75;659,1,91;887,1,85;233,1,67;295,1,48;878,1,81
202,421,1049:99,12,3,12,31,35,40,69,75,110,123,130,212,218;67,12,23,49,79,85,141,145,153,166,203,221,235,281;235,11,69,157,173,192,205,229,246,255,275,281,300;250,10,15,32,67,112,142,201,217,277,296,342;331,10,157,216,275,294,344,365,408,420,434,451;102,9,56,62,94,124,164,168,198,204,220;316,9,117,131,159,183,199,236,244,304,324;41,9,84,94,97,107,167,190,195,232,348;42,9,14,36,68,120,128,163,209,278,284;364,9,13,27,56,76,90,116,121,205,211;213,9,10,29,53,97,169,178,207,221,260;253,8,11,40,80,116,122,248,303,311;320,8,20,40,66,77,114,207,235,285;733,8,86,96,106,223,290,345,414,437;175,8,33,37,68,74,120,134,150,160;64,8,24,48,94,167,184,205,301,356;652,8,15,24,40,49,150,166,231,258;278,8,113,132,169,230,236,242,252,260;493,7,79,104,130,272,297,327,456;171,7,58,79,111,128,143,175,186;180,7,9,28,61,137,156,171,189;24,7,16,38,96,141,169,178,308;451,7,14,32,126,160,164,269,309;70,7,6,20,32,46,54,81,87;303,6,59,155,205,213,256,291;254,6,70,173,192,234,361,405;481,6,72,109,132,158,239,256;51,6,7,10,24,27,52,63;53,6,14,31,52,60,265,271;350,6,92,155,177,195,220,245;740,6,14,21,35,42,71,249;646,6,8,16,37,83,96,167;870,6,10,20,32,79,101,115;198,6,20,42,53,86,150,196;277,6,29,59,66,106,122,129;281,6,18,42,76,85,142,192;479,6,11,26,46,71,88,92;83,6,22,47,89,248,271,351;429,6,16,36,94,102,228,251;392,6,26,53,91,97,130,141;294,6,87,90,122,141,145,155;251,5,77,82,134,136,151;266,5,90,121,166,211,234;267,5,52,57,116,144,165;315,5,35,81,89,117,130;622,5,5,20,77,104,158;137,5,91,111,148,153,208;337,5,19,42,102,135,181;18,5,39,78,84,178,183;363,5,112,121,138,156,221;791,5,70,82,96,112,119;584,5,14,31,56,63,95;285,5,13,33,60,69,143;286,5,93,98,151,186,241;702,5,103,169,175,244,266;298,4,70,84,190,227;709,4,75,109,143,233;240,4,57,170,322,339;619,4,71,106,143,209;40,4,81,96,213,215;318,4,63,81,107,112;120,4,87,95,167,281;414,4,49,95,126,149;817,4,58,65,114,163;336,4,13,29,65,69;808,4,88,145,147,275;148,4,29,53,73,88;19,4,14,31,60,67;353,4,42,71,82,93;273,4,55,65,171,174;911,4,7,15,61,98;189,4,13,34,61,124;66,4,11,22,108,144;509,4,10,26,114,143;797,4,6,12,33,90;200,4,21,51,69,98;409,4,67,85,100,123;280,4,22,50,75,164;377,4,81,159,186,292;259,4,24,51,93,100;229,4,73,80,175,183;393,4,18,39,63,76;295,4,49,101,134,205;296,4,105,113,156,195;236,4,17,46,67,144;664,4,19,43,72,128;397,3,93,179,343;263,3,61,110,168;601,3,86,154,176;551,3,48,93,99;854,3,31,82,85;252,3,101,238,348;492,3,108,111,179;614,3,77,125,156;725,3,87,192,201;618,3,24,83,159;39,3,77,113,227;268,3,10,21,37;319,3,164,166,301;121,3,81,186,188;237,3,156,202,298;45,3,53,124,308;2,3,130,197,329;437,3,19,38,390;941,3,9,18,38;46,3,456,490,525;146,3,6,14,76;340,3,207,216,239;630,3,41,47,114;559,3,86,93,128;151,3,83,155,203;522,3,69,102,167;166,3,80,124,127;352,3,23,48,70;22,3,126,134,338;419,3,56,80,84;420,3,16,35,54;422,3,30,50,120;187,3,19,41,59;192,3,36,95,129;693,3,70,74,214;543,3,12,24,32;246,3,24,50,60;247,3,23,48,58;276,3,26,54,64;704,3,19,41,61;372,3,80,126,134;499,3,26,56,123;5,3,5,34,76;696,3,72,98,106;933,3,12,24,58;488,3,4,25,69;452,3,184,447,525;655,3,53,106,146;590,3,15,40,77;260,3,30,63,113;219,3,85,108,161;29,3,11,39,66;30,3,5,35,84;428,3,88,108,119;825,3,14,31,54;231,3,61,92,104;394,3,85,109,186;249,3,60,106,189;9,3,72,161,165;97,2,39,109;265,2,53,100;34,2,43,169;301,2,136,193;100,2,15,37;774,2,124,240;775,2,69,113;710,2,59,67;103,2,240,246;905,2,205,231;106,2,80,133;602,2,83,105;12,2,96,249;907,2,16,115;974,2,38,196;413,2,66,82;554,2,71,81;38,2,85,150;119,2,83,86;471,2,92,129;125,2,146,281;321,2,174,243;129,2,39,61;325,2,96,116;255,2,122,141;713,2,13,36;879,2,139,185;915,2,14,28;780,2,236,269;142,2,51,263;685,2,75,127;144,2,129,136;686,2,167,211;730,2,127,131;150,2,37,94;840,2,14,28;152,2,44,160;561,2,73,128;849,2,222,265;605,2,53,79;407,2,65,100;440,2,138,204;897,2,165,175;157,2,76,170;159,2,319,348;271,2,46,52;161,2,30,124;54,2,90,247;348,2,116,149;351,2,69,91;737,2,51,67;354,2,96,98;926,2,111,116;172,2,65,78;173,2,120,135;571,2,66,93;675,2,34,57;176,2,286,304;810,2,61,101;3,2,276,282;648,2,59,94;542,2,70,104;65,2,87,102;194,2,12,24;195,2,45,253;467,2,220,260;694,2,74,89;498,2,127,142;424,2,50,65;199,2,49,263;525,2,104,114;373,2,204,211;449,2,39,70;282,2,79,93;426,2,82,149;707,2,126,180;283,2,130,180;378,2,157,224;453,2,148,201;404,2,18,37;220,2,80,93;699,2,121,174;222,2,31,42;720,2,179,268;455,2,94,104;594,2,31,194;754,2,24,79;456,2,104,180;388,2,117,131;887,2,86,99;232,2,65,93;662,2,16,38;396,2,109,187;299,1,84;608,1,36;983,1,14;865,1,98;838,1,108;609,1,270;91,1,321;33,1,74;401,1,170;93,1,147;94,1,175;95,1,24;611,1,44;773,1,125;491,1,48;612,1,147;101,1,108;35,1,58;36,1,101;891,1,110;534,1,138;11,1,81;916,1,83;306,1,413;513,1,209;917,1,75;104,1,129;617,1,80;241,1,27;312,1,70;242,1,80;621,1,274;313,1,123;680,1,25;816,1,123;472,1,132;465,1,164;555,1,98;866,1,45;435,1,153;116,1,137;317,1,25;867,1,25;13,1,119;603,1,91;672,1,98;124,1,41;43,1,225;918,1,105;322,1,92;683,1,44;504,1,44;893,1,93;243,1,37;726,1,95;970,1,70;15,1,41;133,1,34;329,1,101;537,1,128;727,1,45;818,1,104;405,1,61;895,1,55;626,1,237;556,1,50;628,1,94;145,1,57;829,1,55;781,1,111;517,1,48;729,1,246;47,1,38;763,1,64;438,1,72;809,1,62;147,1,116;819,1,92;149,1,38;920,1,44;782,1,65;952,1,56;519,1,159;959,1,57;732,1,71;50,1,48;520,1,49;861,1,74;158,1,148;783,1,48;735,1,112;162,1,73;637,1,57;538,1,60;736,1,49;165,1,53;640,1,88;868,1,36;568,1,111;57,1,75;418,1,75;170,1,41;357,1,35;358,1,62;963,1,22;642,1,51;177,1,165;361,1,20;475,1,103;575,1,87;362,1,51;821,1,117;901,1,88;539,1,89;766,1,56;813,1,140;63,1,142;767,1,108;644,1,48;909,1,32;421,1,140;649,1,57;184,1,107;185,1,114;792,1,88;483,1,82;245,1,287;761,1,73;188,1,100;692,1,178;651,1,49;744,1,56;423,1,51;524,1,25;485,1,99;486,1,83;477,1,134;487,1,111;965,1,39;371,1,94;68,1,196;258,1,166;425,1,141;585,1,297;831,1,136;209,1,164;695,1,166;801,1,83;846,1,57;376,1,261;464,1,209;69,1,137;802,1,181;211,1,204;450,1,94;28,1,109;656,1,60;261,1,229;215,1,23;72,1,250;381,1,178;934,1,82;748,1,148;74,1,59;6,1,31;385,1,64;772,1,135;657,1,68;903,1,35;593,1,68;387,1,142;489,1,137;753,1,38;857,1,76;659,1,92;226,1,167;721,1,220;549,1,44;233,1,68;670,1,29;395,1,67;708,1,112;878,1,82
203,2,2:298,1,72;125,1,148
204,2,3:285,2,44,122;298,1,73
205,2,2:298,1,75;45,1,77
206,102,133:574,5,66,89,112,127,133;157,4,12,29,49,132;817,3,172,215,262;364,3,82,107,137;934,3,35,85,202;750,3,9,21,47;393,3,109,120,142;298,2,77,222;239,2,14,39;110,2,177,353;113,2,62,266;879,2,40,64;137,2,58,70;142,2,53,64;579,2,73,85;247,2,123,190;277,2,175,244;425,2,121,134;989,2,71,85;282,2,10,30;83,2,127,138;265,1,149;709,1,84;266,1,125;775,1,142;302,1,261;678,1,281;308,1,112;851,1,59;615,1,44;602,1,106;553,1,146;242,1,86;892,1,42;681,1,39;957,1,86;38,1,107;253,1,77;318,1,82;120,1,237;41,1,103;603,1,72;42,1,66;672,1,108;624,1,202;131,1,78;537,1,102;529,1,73;331,1,347;806,1,126;138,1,169;405,1,120;626,1,214;493,1,74;517,1,45;958,1,55;729,1,247;148,1,58;559,1,104;341,1,178;735,1,57;20,1,112;21,1,62;172,1,51;668,1,113;177,1,78;821,1,104;539,1,186;742,1,47;580,1,87;930,1,69;716,1,62;718,1,43;189,1,235;238,1,298;67,1,218;584,1,89;745,1,135;246,1,175;276,1,100;447,1,225;372,1,91;258,1,132;585,1,200;530,1,80;876,1,153;280,1,76;5,1,130;801,1,34;376,1,81;479,1,89;451,1,161;28,1,116;489,1,105;291,1,34;913,1,65;595,1,119;293,1,110;834,1,250;392,1,156;249,1,77;664,1,125
207,4,8:298,3,78,188,237;318,3,72,99,116;299,1,65;619,1,172
208,25,30:283,3,95,106,116;512,2,159,182;269,2,11,29;213,2,131,278;298,1,79;609,1,222;100,1,171;916,1,75;671,1,62;314,1,80;402,1,96;268,1,111;318,1,70;118,1,103;119,1,45;325,1,67;573,1,121;278,1,31;258,1,137;199,1,135;798,1,193;378,1,58;655,1,87;221,1,66;394,1,28
209,59,82:298,4,80,221,225,238;141,4,124,141,146,256;128,3,102,149,153;784,3,8,18,35;706,3,4,19,118;189,3,157,167,172;198,3,176,177,187;277,3,135,213,247;892,2,31,163;481,2,76,257;757,2,38,61;247,2,208,217;585,2,418,424;299,1,110;601,1,307;614,1,229;242,1,96;313,1,218;883,1,82;681,1,174;711,1,65;120,1,124;463,1,144;130,1,65;828,1,127;131,1,76;872,1,115;270,1,206;506,1,167;493,1,371;604,1,77;146,1,123;975,1,62;520,1,114;52,1,97;521,1,138;159,1,165;20,1,74;417,1,333;21,1,51;738,1,23;881,1,81;176,1,274;23,1,90;62,1,91;183,1,184;769,1,79;238,1,360;477,1,80;694,1,164;279,1,83;280,1,175;885,1,27;248,1,139;469,1,28;936,1,51;429,1,317;702,1,340;852,1,105
210,22,27:298,2,81,169;534,2,8,17;845,2,64,90;754,2,27,41;663,2,100,111;89,1,38;434,1,108;615,1,45;554,1,241;321,1,140;684,1,74;134,1,140;332,1,46;563,1,46;842,1,92;690,1,99;994,1,73;953,1,41;585,1,497;653,1,49;391,1,35;599,1,139
211,145,291:331,10,156,215,274,293,343,364,407,419,433,450;99,8,2,11,34,39,74,109,129,211;316,8,116,158,182,198,235,243,303,323;250,7,111,141,200,216,276,295,341;493,7,78,103,129,271,296,326,455;42,6,13,35,67,127,162,208;870,6,9,19,31,78,100,114;278,6,112,131,168,229,235,259;303,5,154,204,212,255,290;315,5,34,80,88,116,129;622,5,4,19,76,103,157;481,5,71,108,131,157,255;733,5,105,222,289,344,413;171,5,57,78,110,174,185;267,4,56,115,143,164;41,4,96,106,166,231;740,4,20,41,70,248;66,4,10,21,107,143;298,3,83,189,226;614,3,76,124,155;106,3,21,79,132;311,3,10,21,55;817,3,64,113,162;46,3,455,489,524;51,3,9,26,62;53,3,59,264,270;175,3,36,119,133;419,3,55,79,83;543,3,11,23,31;933,3,11,23,57;231,3,60,91,103;295,3,100,133,204;97,2,38,108;709,2,142,232;252,2,100,237;492,2,107,178;602,2,82,104;120,2,94,166;325,2,95,115;713,2,12,35;437,2,18,37;879,2,138,184;133,2,14,226;142,2,50,262;630,2,46,113;18,2,83,177;840,2,13,27;54,2,89,246;22,2,133,337;273,2,64,173;911,2,60,97;194,2,11,23;195,2,44,252;67,2,84,144;584,2,62,94;199,2,48,262;452,2,183,524;428,2,76,118;699,2,120,173;229,2,79,182;232,2,64,92;294,2,86,140;662,2,15,37;296,2,112,194;299,1,83;91,1,320;94,1,174;251,1,133;551,1,92;775,1,250;854,1,84;240,1,169;37,1,62;104,1,128;12,1,248;619,1,208;312,1,69;621,1,273;313,1,122;974,1,37;413,1,65;554,1,70;253,1,115;40,1,214;318,1,80;119,1,82;319,1,165;121,1,187;320,1,76;918,1,104;125,1,280;683,1,43;45,1,123;970,1,69;329,1,100;895,1,54;144,1,135;337,1,101;808,1,146;146,1,75;148,1,52;730,1,126;561,1,127;19,1,66;271,1,51;162,1,72;354,1,97;926,1,115;568,1,110;860,1,279;172,1,77;176,1,285;963,1,21;362,1,50;821,1,116;3,1,281;185,1,113;189,1,123;692,1,177;542,1,69;64,1,204;65,1,101;423,1,50;198,1,149;277,1,65;372,1,79;200,1,97;281,1,84;282,1,92;479,1,87;451,1,159;283,1,179;259,1,99;285,1,68;286,1,97;70,1,86;549,1,43;429,1,101;887,1,98;702,1,174;392,1,96;393,1,75;670,1,28;235,1,191;236,1,143
212,63,78:821,4,59,77,96,177;8,3,112,175,191;601,2,143,164;481,2,210,215;729,2,191,237;53,2,61,272;898,2,56,62;175,2,126,139;201,2,67,81;707,2,85,234;771,2,38,220;377,2,101,125;298,1,85;263,1,80;264,1,228;267,1,58;905,1,324;554,1,169;14,1,182;125,1,309;321,1,33;2,1,277;894,1,52;138,1,194;142,1,121;829,1,180;604,1,132;146,1,70;18,1,102;148,1,96;19,1,68;562,1,95;880,1,81;159,1,323;638,1,231;173,1,170;22,1,143;63,1,180;644,1,244;791,1,123;844,1,227;189,1,125;257,1,115;423,1,44;198,1,151;277,1,67;585,1,98;376,1,172;698,1,159;450,1,75;451,1,63;259,1,101;260,1,115;719,1,166;220,1,119;222,1,69;226,1,127;887,1,40;229,1,55;392,1,98;393,1,77;670,1,184;663,1,155
213,17,21:67,3,17,43,73;136,2,128,176;53,2,62,273;298,1,86;253,1,68;268,1,166;318,1,24;42,1,270;817,1,45;162,1,51;22,1,144;180,1,55;692,1,34;200,1,114;530,1,60;70,1,99;393,1,125
214,136,189:237,6,8,22,49,163,238,285;796,4,11,22,28,71;456,4,201,226,245,270;434,3,45,74,129;321,3,201,204,216;668,3,41,93,145;930,3,19,38,55;451,3,76,131,167;594,3,167,170,186;774,2,133,186;252,2,63,339;412,2,320,344;905,2,323,342;315,2,77,111;316,2,119,185;254,2,376,411;123,2,261,301;45,2,61,103;466,2,128,143;269,2,142,218;137,2,11,26;849,2,73,276;343,2,184,187;522,2,20,41;166,2,82,128;354,2,119,213;358,2,19,39;706,2,83,125;743,2,13,32;792,2,63,90;844,2,167,187;485,2,14,29;68,2,255,287;280,2,27,55;377,2,86,123;590,2,17,42;6,2,9,19;29,2,13,41;404,2,11,30;298,1,91;882,1,63;983,1,40;91,1,338;610,1,99;263,1,114;96,1,181;601,1,161;612,1,149;302,1,139;303,1,66;11,1,88;678,1,103;306,1,232;598,1,40;242,1,43;108,1,283;759,1,84;827,1,143;402,1,254;38,1,133;867,1,27;623,1,23;817,1,75;2,1,140;828,1,168;529,1,156;16,1,42;331,1,93;335,1,53;142,1,155;143,1,21;626,1,67;493,1,278;729,1,156;48,1,75;146,1,49;873,1,244;17,1,378;147,1,58;148,1,60;149,1,141;518,1,21;977,1,59;764,1,27;562,1,77;897,1,193;733,1,35;861,1,44;158,1,46;925,1,60;417,1,329;689,1,221;353,1,85;826,1,31;272,1,113;908,1,65;821,1,43;63,1,174;3,1,288;645,1,118;953,1,55;791,1,130;187,1,80;583,1,94;693,1,100;870,1,111;276,1,261;277,1,115;498,1,129;278,1,62;585,1,273;972,1,76;398,1,153;281,1,88;5,1,84;846,1,29;282,1,120;654,1,58;479,1,76;28,1,128;285,1,72;380,1,69;381,1,126;30,1,92;720,1,53;78,1,153;600,1,156;480,1,174;292,1,144;721,1,102;83,1,91;825,1,64;887,1,29;389,1,90;231,1,106;670,1,333
215,109,336:37,12,8,16,32,71,106,192,210,216,235,272,276,288;554,12,7,14,30,58,64,74,96,124,141,172,229,264;670,12,1,14,67,71,103,121,144,190,200,236,277,321;452,8,219,257,378,409,466,479,541,656;817,7,6,19,30,41,94,138,154;493,7,53,65,96,113,140,174,468;22,7,4,20,41,201,283,310,365;62,7,4,18,31,59,74,94,116;108,6,238,249,251,299,331,357;133,6,19,28,56,69,80,187;142,6,7,23,36,146,159,250;17,6,44,171,219,222,297,325;428,6,6,14,26,34,51,79;235,6,62,90,148,186,199,237;302,5,45,142,159,187,266;303,5,18,39,98,163,297;614,5,15,31,55,145,226;819,5,1,7,21,32,57;179,5,8,18,35,106,141;293,5,4,9,58,73,78;250,4,124,209,289,315;88,4,5,12,20,87;263,4,75,134,149,161;492,4,10,20,117,124;616,4,5,11,31,102;106,4,2,5,12,43;619,4,8,25,42,230;112,4,7,21,52,75;316,4,35,106,260,337;812,4,4,12,27,53;630,4,6,16,21,92;18,4,3,14,67,141;153,4,2,10,108,131;51,4,1,18,44,148;568,4,6,17,34,78;240,3,149,160,200;314,3,42,150,201;110,3,4,15,29;111,3,73,83,100;116,3,225,240,254;41,3,128,152,185;44,3,58,68,99;243,3,7,20,29;879,3,6,19,75;15,3,14,30,51;16,3,8,18,24;855,3,5,15,28;859,3,9,20,68;154,3,9,20,33;959,3,4,10,19;156,3,5,12,23;691,3,10,22,80;176,3,27,111,228;642,3,6,15,38;178,3,73,131,188;821,3,55,87,156;692,3,9,23,69;367,3,44,136,190;862,3,3,9,26;229,3,43,104,119;298,2,96,165;89,2,100,121;120,2,138,230;624,2,23,132;329,2,95,114;49,2,11,27;440,2,101,159;362,2,24,53;740,2,144,260;185,2,45,126;772,2,49,207;848,2,59,146;393,2,91,162;234,2,62,93;265,1,123;776,1,82;35,1,38;311,1,101;107,1,135;109,1,36;883,1,43;39,1,121;253,1,136;268,1,143;119,1,74;828,1,188;985,1,58;970,1,52;47,1,102;763,1,57;507,1,84;438,1,43;977,1,90;890,1,80;343,1,233;155,1,91;360,1,66;420,1,125;422,1,126;365,1,138;193,1,176;423,1,82;278,1,94;585,1,259;886,1,24;940,1,112;230,1,22;233,1,74;295,1,213
216,53,82:874,5,4,15,58,76,126;157,5,4,21,39,104,110;392,4,2,29,60,164;570,3,6,22,43;63,3,75,127,176;189,3,3,24,51;198,3,3,25,66;854,2,15,106;624,2,3,12;330,2,43,89;144,2,238,262;520,2,16,33;171,2,6,16;444,2,207,211;193,2,159,174;544,2,50,173;991,2,70,134;298,1,98;91,1,291;92,1,98;96,1,103;552,1,29;598,1,90;105,1,60;974,1,161;839,1,27;253,1,135;327,1,155;537,1,71;896,1,133;506,1,143;48,1,209;440,1,118;563,1,68;408,1,66;159,1,134;568,1,40;572,1,101;245,1,173;368,1,79;65,1,72;487,1,50;203,1,113;586,1,20;280,1,132;376,1,155;479,1,139;377,1,316;452,1,462;286,1,253;997,1,38;385,1,147;79,1,36
217,11,12:192,2,63,114;298,1,104;120,1,249;338,1,116;558,1,57;46,1,480;55,1,130;810,1,96;704,1,97;380,1,296;978,1,91
218,11,13:181,2,8,17;395,2,109,271;298,1,108;299,1,170;882,1,51;759,1,65;321,1,76;323,1,60;126,1,31;136,1,271;910,1,15
219,4,5:298,2,110,154;882,1,135;122,1,40;476,1,88
220,40,83:678,13,2,13,24,76,88,97,107,152,155,194,221,247,270;41,9,8,21,36,68,205,224,287,300,362;270,7,6,22,37,116,139,149,158;506,4,60,84,96,156;238,4,6,21,55,330;452,4,360,519,576,593;159,3,86,105,364;366,3,108,137,223;107,2,64,70;62,2,95,138;195,2,76,209;290,2,131,168;298,1,112;241,1,115;465,1,56;320,1,252;125,1,110;463,1,147;130,1,117;137,1,191;705,1,225;155,1,58;52,1,164;417,1,244;419,1,116;421,1,195;187,1,75;485,1,91;24,1,79;509,1,93;68,1,84;280,1,339;27,1,48;450,1,153;221,1,79;848,1,92;387,1,72;226,1,83;670,1,323;755,1,181
221,2,3:298,2,115,180;250,1,120
222,7,7:298,1,117;309,1,148;268,1,103;138,1,179;849,1,286;639,1,182;739,1,75
223,10,10:298,1,120;105,1,96;108,1,62;554,1,41;134,1,260;605,1,233;573,1,134;864,1,166;284,1,124;260,1,91
224,127,263:537,8,21,42,72,80,96,137,151,212;585,8,3,11,24,59,167,187,222,366;105,7,11,22,45,63,79,112,141;529,7,18,36,89,100,126,192,206;532,6,18,36,42,68,91,126;818,6,26,52,76,82,114,141;340,6,4,13,31,68,164,195;790,6,78,84,92,132,144,157;401,5,28,116,131,189,272;671,5,11,22,41,50,202;242,5,40,150,172,242,252;918,5,17,34,49,92,132;727,5,16,55,83,109,122;582,5,25,42,70,117,136;240,4,10,20,74,265;563,4,15,30,61,69;538,4,5,17,28,221;80,4,6,17,89,109;882,3,3,13,29;91,3,45,74,245;710,3,18,37,114;555,3,184,210,232;254,3,108,230,330;986,3,16,32,60;945,3,17,55,112;732,3,15,30,45;52,3,7,23,43;159,3,12,35,61;176,3,46,135,179;422,3,54,90,141;245,3,123,176,273;192,3,30,140,198;653,3,14,28,112;545,3,30,69,92;260,3,21,54,90;296,3,8,40,246;298,2,121,149;13,2,71,186;405,2,42,128;863,2,42,91;49,2,40,42;152,2,138,181;923,2,58,80;688,2,13,28;789,2,46,97;573,2,57,133;177,2,39,51;179,2,117,121;791,2,65,141;581,2,138,178;583,2,43,67;478,2,4,12;259,2,111,208;32,2,377,398;90,1,33;610,1,147;262,1,30;94,1,46;491,1,139;854,1,124;612,1,27;678,1,211;916,1,43;308,1,60;724,1,77;312,1,37;759,1,103;623,1,117;122,1,67;123,1,44;514,1,32;325,1,32;463,1,220;130,1,168;893,1,25;132,1,99;269,1,117;779,1,174;134,1,231;780,1,156;135,1,26;760,1,110;270,1,162;895,1,33;517,1,119;604,1,23;557,1,81;561,1,84;849,1,63;519,1,125;996,1,69;521,1,99;988,1,64;757,1,45;637,1,50;925,1,75;689,1,165;164,1,81;566,1,90;441,1,46;926,1,34;355,1,13;523,1,21;359,1,47;360,1,104;856,1,168;843,1,71;576,1,194;768,1,106;953,1,113;476,1,108;954,1,24;542,1,48;65,1,61;869,1,82;845,1,100;205,1,38;449,1,25;772,1,122;848,1,119;77,1,97;386,1,85;940,1,89;456,1,97;429,1,281;531,1,83;661,1,203
225,60,69:176,3,197,209,240;377,3,192,226,248;303,2,134,302;759,2,47,124;119,2,113,148;192,2,75,116;676,2,167,185;298,1,126;299,1,162;262,1,165;100,1,155;612,1,88;992,1,84;102,1,48;533,1,70;891,1,86;534,1,297;242,1,129;110,1,351;554,1,86;681,1,108;113,1,149;402,1,366;316,1,366;254,1,412;125,1,284;321,1,266;2,1,318;437,1,265;331,1,396;806,1,67;333,1,132;762,1,124;627,1,19;729,1,118;686,1,61;159,1,378;417,1,308;638,1,106;170,1,94;541,1,312;193,1,70;543,1,235;485,1,125;652,1,232;704,1,166;280,1,290;375,1,84;451,1,302;452,1,314;606,1,170;286,1,145;214,1,18;384,1,63;456,1,228;292,1,259;233,1,60;8,1,275;396,1,258;295,1,329
226,26,27:567,2,82,121;298,1,127;992,1,88;412,1,56;905,1,133;402,1,334;403,1,139;120,1,154;14,1,31;626,1,249;897,1,130;179,1,240;644,1,260;577,1,40;864,1,119;823,1,115;581,1,179;190,1,190;4,1,258;425,1,124;695,1,79;280,1,152;375,1,88;286,1,114;547,1,35;386,1,47
227,14,18:839,3,3,15,30;134,2,125,247;164,2,87,129;298,1,128;894,1,47;691,1,70;176,1,148;644,1,130;446,1,106;370,1,48;652,1,140;202,1,99;464,1,68;698,1,38
228,39,42:310,2,76,134;113,2,100,222;682,2,121,139;298,1,129;302,1,73;306,1,377;621,1,173;315,1,74;403,1,85;778,1,220;125,1,324;269,1,95;270,1,143;762,1,115;685,1,138;46,1,44;687,1,55;343,1,80;440,1,134;842,1,38;737,1,115;881,1,80;739,1,139;363,1,151;864,1,178;718,1,181;192,1,180;193,1,40;583,1,230;64,1,160;824,1,40;373,1,227;207,1,46;284,1,27;216,1,36;903,1,56;701,1,68;834,1,198;708,1,174
229,2,2:298,1,131;123,1,15
230,25,63:574,9,16,35,80,91,246,251,291,317,321;718,9,2,14,45,77,95,134,168,180,203;337,8,8,31,58,98,107,115,128,192;278,5,3,14,45,117,125;614,4,94,172,212,238;716,4,9,21,65,115;298,2,135,213;613,2,78,90;889,2,117,157;378,2,124,178;80,2,101,122;299,1,96;97,1,122;13,1,168;682,1,168;717,1,98;823,1,91;444,1,138;367,1,87;902,1,44;72,1,195;381,1,56;292,1,212;234,1,102;235,1,216
231,178,245:768,5,5,16,39,54,143;905,4,150,160,174,302;363,4,90,101,134,180;792,4,44,84,109,117;946,4,4,14,81,91;758,3,56,66,89;532,3,71,129,137;110,3,83,111,127;435,3,47,102,147;856,3,59,91,95;484,3,4,22,85;543,3,70,128,156;498,3,9,30,54;807,3,4,14,55;697,3,3,10,20;214,3,34,60,72;608,2,31,62;401,2,174,200;97,2,2,16;302,2,171,186;412,2,204,309;109,2,27,41;120,2,118,207;237,2,76,270;890,2,2,15;439,2,49,106;520,2,156,272;20,2,95,184;55,2,56,164;355,2,3,8;57,2,28,160;177,2,87,111;901,2,21,45;482,2,4,21;195,2,136,271;67,2,137,188;276,2,3,31;202,2,64,108;695,2,124,151;280,2,159,244;452,2,581,601;28,2,49,95;218,2,88,140;749,2,33,130;395,2,92,211;298,1,136;299,1,77;431,1,83;88,1,51;906,1,77;609,1,210;91,1,362;432,1,176;263,1,151;98,1,182;551,1,125;301,1,78;775,1,75;252,1,243;710,1,74;614,1,112;513,1,163;37,1,98;598,1,204;104,1,67;671,1,123;106,1,124;311,1,65;725,1,187;619,1,111;242,1,211;777,1,100;622,1,275;871,1,160;555,1,361;118,1,43;41,1,364;254,1,207;603,1,89;320,1,150;44,1,126;45,1,344;893,1,60;466,1,171;879,1,193;329,1,160;134,1,279;894,1,101;142,1,157;405,1,94;506,1,158;337,1,95;338,1,113;728,1,27;46,1,225;494,1,52;49,1,54;873,1,159;340,1,76;686,1,155;984,1,112;341,1,315;342,1,142;560,1,114;151,1,139;849,1,163;256,1,97;153,1,83;996,1,59;841,1,75;155,1,49;408,1,87;156,1,34;52,1,98;159,1,228;735,1,55;943,1,50;348,1,147;244,1,108;638,1,128;639,1,172;441,1,88;868,1,27;173,1,133;766,1,67;180,1,185;576,1,61;964,1,45;742,1,74;421,1,224;580,1,94;930,1,80;717,1,52;274,1,115;581,1,152;190,1,145;191,1,75;192,1,221;445,1,58;238,1,251;478,1,38;487,1,40;497,1,33;652,1,55;68,1,53;972,1,29;449,1,106;464,1,80;451,1,109;377,1,272;378,1,252;453,1,102;546,1,200;72,1,49;217,1,64;934,1,59;748,1,114;591,1,68;848,1,165;699,1,204;222,1,21;886,1,33;720,1,145;224,1,172;753,1,50;978,1,104;470,1,40;31,1,66;32,1,298;677,1,46;862,1,59;877,1,43;389,1,110;293,1,16;230,1,106;722,1,59;235,1,137;878,1,41
232,77,94:96,2,212,250;905,2,67,132;316,2,187,201;123,2,207,275;43,2,94,126;269,2,67,70;137,2,14,29;176,2,155,292;276,2,176,291;5,2,7,36;654,2,114,141;70,2,8,34;29,2,16,44;30,2,6,36;385,2,19,39;825,2,16,33;664,2,20,44;298,1,142;610,1,176;263,1,155;265,1,55;854,1,18;101,1,111;240,1,429;310,1,80;241,1,30;535,1,153;866,1,52;623,1,25;817,1,180;2,1,207;466,1,96;684,1,154;529,1,212;331,1,336;335,1,146;147,1,83;148,1,63;920,1,48;849,1,214;343,1,60;733,1,42;158,1,76;783,1,67;162,1,76;350,1,57;353,1,87;354,1,176;567,1,119;899,1,69;22,1,242;574,1,335;63,1,205;645,1,135;649,1,47;844,1,165;187,1,81;24,1,130;277,1,148;694,1,76;370,1,78;68,1,295;278,1,72;201,1,240;206,1,59;972,1,101;695,1,36;589,1,135;282,1,116;479,1,96;451,1,172;381,1,195;6,1,127;527,1,27;721,1,145;702,1,211;663,1,138
233,3,4:298,2,145,179;724,1,75;110,1,270
234,34,55:31,7,199,207,239,254,297,307,331;794,4,3,15,31,61;71,4,4,15,26,78;324,3,3,13,124;779,3,34,84,166;710,2,21,116;727,2,84,112;476,2,117,168;25,2,120,158;452,2,188,487;298,1,151;401,1,190;264,1,200;552,1,88;304,1,42;105,1,142;38,1,41;268,1,68;463,1,142;15,1,115;147,1,123;271,1,251;417,1,267;355,1,86;813,1,81;183,1,182;582,1,112;824,1,53;469,1,30;261,1,66;546,1,232;719,1,49;528,1,76;81,1,27
235,19,23:571,2,97,110;574,2,282,307;843,2,112,142;9,2,36,61;298,1,157;306,1,83;113,1,89;39,1,171;125,1,360;61,1,165;275,1,62;193,1,127;870,1,47;423,1,108;278,1,223;199,1,188;845,1,106;452,1,115;387,1,56
236,3,3:298,1,158;52,1,160;28,1,105
237,7,11:154,4,2,13,24,67;314,2,105,167;298,1,161;133,1,195;642,1,126;179,1,207;692,1,185
238,1,1:298,1,164
239,46,59:335,4,14,28,54,109;783,4,8,31,60,64;412,2,254,322;303,2,50,52;817,2,82,199;146,2,7,15;740,2,16,37;590,2,18,43;260,2,103,105;298,1,167;96,1,240;267,1,84;240,1,60;905,1,131;866,1,53;316,1,346;13,1,122;623,1,64;481,1,214;466,1,131;529,1,219;141,1,133;337,1,184;630,1,50;343,1,138;157,1,136;158,1,81;20,1,93;567,1,89;180,1,192;63,1,233;3,1,344;276,1,377;277,1,140;370,1,66;68,1,208;589,1,147;282,1,115;381,1,196;657,1,130;527,1,29;721,1,163;229,1,84;394,1,111;670,1,223;235,1,248
240,32,45:303,4,15,36,95,294;817,3,34,149,204;183,3,4,22,54;912,3,13,27,76;320,2,174,196;585,2,392,480;703,2,26,94;233,2,7,24;298,1,168;96,1,125;242,1,254;555,1,303;127,1,122;673,1,130;134,1,227;140,1,47;47,1,78;874,1,64;421,1,133;743,1,107;579,1,141;582,1,92;197,1,182;5,1,121;450,1,278;606,1,158;811,1,60;72,1,33;30,1,135;454,1,71;78,1,161;660,1,61
241,19,20:481,2,100,112;298,1,174;94,1,40;239,1,262;110,1,213;879,1,42;270,1,126;273,1,180;648,1,78;183,1,71;791,1,107;423,1,111;276,1,379;277,1,240;585,1,449;280,1,122;452,1,527;213,1,273;218,1,87
242,52,71:400,5,12,19,38,45,66;253,3,18,47,85;117,3,40,107,115;321,3,63,84,92;270,2,91,98;164,2,72,135;584,2,96,104;214,2,27,190;546,2,163,176;217,2,56,73;292,2,119,227;850,2,11,32;295,2,72,248;298,1,176;87,1,77;263,1,146;96,1,224;773,1,58;301,1,130;491,1,67;240,1,147;598,1,47;242,1,237;871,1,39;839,1,143;780,1,261;556,1,32;763,1,45;897,1,163;348,1,80;56,1,83;356,1,105;994,1,45;273,1,182;741,1,46;645,1,99;192,1,154;64,1,57;653,1,91;824,1,80;990,1,37;749,1,76;912,1,92;387,1,93;600,1,78;753,1,48;458,1,57;721,1,126;662,1,77;663,1,62;235,1,297;9,1,81
243,67,105:805,6,7,15,33,72,108,153;25,5,4,15,34,57,161;32,5,72,136,182,200,223;341,4,186,326,332,337;201,4,58,223,242,301;7,4,10,24,34,76;390,4,8,17,29,47;661,4,36,57,80,102;116,3,85,116,134;38,2,83,148;667,2,41,46;741,2,33,66;546,2,187,222;847,2,127,150;387,2,164,210;752,2,26,50;850,2,99,132;298,1,178;815,1,31;432,1,114;251,1,111;303,1,166;240,1,420;614,1,144;827,1,101;435,1,164;839,1,42;14,1,114;237,1,225;324,1,89;436,1,51;625,1,42;333,1,138;604,1,75;728,1,36;919,1,33;977,1,41;841,1,50;636,1,121;159,1,91;54,1,269;688,1,79;962,1,37;574,1,320;539,1,133;576,1,86;182,1,39;582,1,61;446,1,88;845,1,72;544,1,39;989,1,99;207,1,116;707,1,41;284,1,82;215,1,88;216,1,169;948,1,19;6,1,220;548,1,121;388,1,25;700,1,75;887,1,24;227,1,27;230,1,37;670,1,150;664,1,213
244,57,77:250,6,47,56,58,116,156,344;236,4,22,23,51,52;337,3,23,46,139;63,3,115,118,242;195,3,7,24,58;601,2,142,156;100,2,7,29;19,2,16,33;53,2,16,33;522,2,21,42;589,2,66,148;298,1,186;853,1,33;854,1,54;905,1,136;616,1,109;623,1,90;42,1,260;817,1,84;45,1,79;2,1,205;762,1,263;335,1,88;729,1,236;146,1,22;809,1,64;148,1,95;149,1,104;849,1,216;153,1,114;440,1,141;157,1,80;158,1,96;162,1,48;165,1,81;353,1,89;860,1,294;580,1,211;718,1,150;477,1,218;197,1,28;509,1,76;206,1,61;450,1,74;479,1,65;451,1,59;283,1,83;912,1,134;30,1,96;600,1,147;80,1,120;32,1,293;721,1,210;825,1,68;670,1,33;663,1,139;664,1,45
245,14,20:883,3,126,138,142;676,3,78,141,228;714,2,194,219;946,2,120,127;298,1,192;309,1,48;554,1,186;682,1,134;729,1,64;417,1,38;796,1,77;846,1,67;546,1,180;702,1,107
246,16,22:676,4,87,143,236,246;483,3,14,30,56;946,2,122,129;298,1,194;309,1,50;315,1,58;883,1,128;682,1,154;597,1,185;894,1,139;415,1,233;988,1,59;417,1,40;689,1,72;698,1,93;677,1,14
247,6,6:298,1,199;97,1,114;879,1,155;689,1,74;766,1,224;698,1,96
248,29,41:313,4,100,172,195,210;689,3,44,69,192;513,2,67,177;312,2,111,131;122,2,100,114;879,2,30,61;628,2,67,163;46,2,218,263;670,2,46,116;298,1,203;92,1,170;709,1,116;775,1,208;854,1,127;252,1,285;974,1,102;110,1,266;777,1,62;329,1,154;331,1,165;332,1,45;48,1,129;560,1,116;638,1,57;3,1,86;669,1,117;195,1,92;659,1,63;462,1,58
249,16,20:895,3,107,119,126;496,2,57,59;807,2,33,43;298,1,210;906,1,137;97,1,126;301,1,134;553,1,36;957,1,80;685,1,85;20,1,99;417,1,35;184,1,144;745,1,147;457,1,69;702,1,92
250,13,13:298,1,231;709,1,219;710,1,62;318,1,86;537,1,106;361,1,159;744,1,51;498,1,225;696,1,67;502,1,111;700,1,104;677,1,43;701,1,154
251,61,91:412,5,35,46,97,171,227;598,5,5,11,28,73,183;324,4,48,81,161,178;555,3,9,20,44;729,3,11,30,57;353,3,105,126,175;715,3,9,25,49;444,3,82,213,221;369,3,10,23,45;613,2,98,111;535,2,68,219;626,2,99,217;72,2,167,179;220,2,90,128;502,2,68,112;661,2,142,147;298,1,232;397,1,81;302,1,181;36,1,51;306,1,208;242,1,217;554,1,166;681,1,74;318,1,87;319,1,192;672,1,54;812,1,66;841,1,82;689,1,88;638,1,44;568,1,68;356,1,66;881,1,126;361,1,160;442,1,35;274,1,48;245,1,158;275,1,124;496,1,56;189,1,134;192,1,200;445,1,28;367,1,161;744,1,52;238,1,301;585,1,204;653,1,79;824,1,14;203,1,48;205,1,134;989,1,88;902,1,26;696,1,68;846,1,51;698,1,54;450,1,107;526,1,44;217,1,35;75,1,39;470,1,108
252,2,2:298,1,233;288,1,23
253,70,118:42,6,137,141,145,149,166,170;250,5,117,147,221,300,347;883,4,79,88,116,131;324,4,69,86,92,109;153,3,35,75,116;897,3,161,184,192;783,3,14,37,66;791,3,4,26,56;825,3,7,24,48;308,2,95,135;681,2,44,77;41,2,111,118;682,2,50,54;336,2,72,76;53,2,276,280;175,2,124,137;22,2,137,141;668,2,115,126;3,2,230,285;743,2,3,22;864,2,4,20;692,2,84,88;584,2,77,81;372,2,94,98;281,2,89,93;933,2,63,67;526,2,7,22;285,2,73,77;286,2,101,105;385,2,116,249;428,2,121,125;295,2,104,108;298,1,235;264,1,236;239,1,108;309,1,57;619,1,77;892,1,39;535,1,32;711,1,41;828,1,64;879,1,188;894,1,152;889,1,80;493,1,279;630,1,51;417,1,50;714,1,204;639,1,56;739,1,58;176,1,293;482,1,61;844,1,132;583,1,235;497,1,98;745,1,140;198,1,156;277,1,71;200,1,104;479,1,97;451,1,173;377,1,52;259,1,105;70,1,90;527,1,28;229,1,85;230,1,89;392,1,102;393,1,82;670,1,34
254,173,343:316,9,3,9,18,53,137,165,206,298,356;481,7,1,12,23,56,179,194,222;590,7,2,27,60,105,109,156,180;492,6,2,12,50,84,121,146;18,6,1,12,24,49,111,189;213,6,2,21,63,64,139,249;619,5,1,18,35,59,163;522,5,3,24,50,104,112;162,5,3,17,32,96,147;62,5,2,16,44,77,108;211,5,7,24,40,123,158;259,5,15,42,73,107,142;250,4,6,23,91,262;357,4,2,16,30,95;647,4,6,15,30,69;648,4,1,16,37,54;870,4,1,11,21,50;499,4,3,33,71,107;488,4,1,22,43,77;656,4,2,24,49,91;260,4,17,50,86,127;100,3,2,24,45;311,3,1,12,26;314,3,10,23,56;413,3,48,53,55;115,3,177,194,218;603,3,98,103,114;320,3,11,31,55;436,3,75,101,119;149,3,6,21,100;898,3,5,14,30;358,3,3,23,68;420,3,1,20,45;3,3,241,263,329;649,3,2,16,30;64,3,143,218,294;423,3,5,18,32;933,3,2,14,29;658,3,2,17,50;299,2,1,17;99,2,58,66;854,2,23,147;242,2,33,53;892,2,141,153;40,2,230,272;120,2,68,84;121,2,198,239;41,2,27,120;125,2,141,156;322,2,33,57;817,2,50,71;127,2,87,98;128,2,91,114;713,2,19,42;828,2,99,147;269,2,59,177;329,2,55,118;142,2,41,282;47,2,53,76;630,2,27,62;148,2,3,9;705,2,76,122;51,2,42,71;172,2,2,12;359,2,199,227;23,2,34,98;443,2,18,28;422,2,15,70;365,2,141,167;650,2,37,57;189,2,73,101;692,2,104,234;195,2,42,203;694,2,49,158;585,2,75,342;203,2,56,63;398,2,30,57;376,2,128,234;69,2,130,150;451,2,104,240;286,2,23,50;600,2,43,114;291,2,50,71;595,2,39,58;429,2,84,189;293,2,62,92;664,2,3,27;431,1,73;88,1,120;33,1,97;550,1,113;95,1,43;265,1,89;101,1,100;35,1,28;36,1,185;303,1,293;11,1,118;710,1,71;37,1,126;104,1,132;315,1,17;110,1,325;681,1,60;114,1,123;839,1,136;116,1,214;39,1,131;317,1,62;122,1,215;123,1,224;414,1,180;44,1,97;321,1,253;437,1,452;131,1,70;134,1,429;16,1,33;331,1,100;806,1,130;141,1,215;889,1,84;506,1,173;763,1,100;146,1,64;17,1,322;561,1,121;19,1,71;153,1,154;154,1,70;53,1,43;271,1,184;54,1,63;714,1,205;568,1,28;176,1,39;179,1,29;740,1,54;273,1,46;63,1,130;364,1,187;182,1,70;743,1,122;483,1,40;718,1,34;541,1,172;191,1,35;508,1,54;196,1,70;197,1,22;497,1,100;67,1,231;198,1,89;525,1,115;544,1,181;586,1,97;530,1,56;204,1,66;902,1,40;27,1,93;377,1,274;655,1,49;284,1,117;427,1,129;74,1,42;221,1,232;772,1,131;79,1,75;31,1,359;32,1,198;229,1,70;392,1,55;670,1,207
255,15,41:574,13,81,88,111,186,198,215,234,243,274,286,304,311,324;718,7,50,55,87,131,164,171,195;72,5,199,233,263,290,304;860,3,213,216,271;716,3,122,126,142;299,1,43;883,1,110;113,1,239;673,1,35;561,1,28;153,1,67;641,1,102;184,1,133;206,1,99;261,1,223
256,7,8:670,2,331,371;299,1,44;206,1,98;426,1,75;29,1,118;991,1,100;702,1,86
257,2,2:299,1,45;37,1,248
258,54,58:614,2,68,250;14,2,142,163;54,2,70,240;209,2,215,245;299,1,51;87,1,65;397,1,220;89,1,80;90,1,42;33,1,41;262,1,69;101,1,128;725,1,48;618,1,177;619,1,158;907,1,96;435,1,245;318,1,102;319,1,130;123,1,222;132,1,53;970,1,29;134,1,373;330,1,32;136,1,283;855,1,70;762,1,253;338,1,222;46,1,619;47,1,87;923,1,70;157,1,137;159,1,306;638,1,138;22,1,74;856,1,173;23,1,106;61,1,150;929,1,36;716,1,104;718,1,227;541,1,127;367,1,198;652,1,200;278,1,208;204,1,64;450,1,246;452,1,532;260,1,146;606,1,64;216,1,103;657,1,96;77,1,63;904,1,31
259,146,227:614,8,4,20,40,119,131,193,251,271;414,6,9,30,65,110,162,206;320,5,6,26,53,146,264;50,5,1,14,29,54,94;54,5,9,23,72,133,232;76,5,7,14,38,52,103;429,5,154,200,212,237,288;237,4,58,146,227,264;142,4,88,117,149,203;59,4,66,87,155,176;285,4,153,164,177,190;719,4,100,118,133,173;224,4,84,121,175,206;143,3,28,47,95;148,3,14,69,84;160,3,139,161,186;21,3,37,92,241;299,2,52,119;89,2,65,81;854,2,40,63;836,2,80,84;512,2,120,124;618,2,122,175;39,2,276,321;13,2,100,124;335,2,100,137;17,2,70,333;273,2,156,159;3,2,212,348;443,2,44,52;4,2,31,62;278,2,155,209;209,2,42,218;211,2,102,207;606,2,23,55;427,2,111,124;528,2,3,10;81,2,38,49;595,2,17,47;7,2,56,103;90,1,56;401,1,54;93,1,118;263,1,92;98,1,200;251,1,107;101,1,130;302,1,122;533,1,31;267,1,42;104,1,111;106,1,176;107,1,147;113,1,238;316,1,109;253,1,279;318,1,103;603,1,124;778,1,118;130,1,187;132,1,30;970,1,30;133,1,206;331,1,281;135,1,76;137,1,31;762,1,251;144,1,295;46,1,621;48,1,221;18,1,195;686,1,81;150,1,79;561,1,32;636,1,122;898,1,65;735,1,63;162,1,80;55,1,69;689,1,143;164,1,98;166,1,195;926,1,127;168,1,146;169,1,63;987,1,35;171,1,160;900,1,56;176,1,220;61,1,151;843,1,130;179,1,136;740,1,244;180,1,165;813,1,120;576,1,52;822,1,37;964,1,31;716,1,101;844,1,42;823,1,119;761,1,86;188,1,105;189,1,168;541,1,331;793,1,139;65,1,114;194,1,46;238,1,69;509,1,166;68,1,161;424,1,45;372,1,45;199,1,313;205,1,123;5,1,236;26,1,170;282,1,106;426,1,132;488,1,98;450,1,430;451,1,234;590,1,107;260,1,148;261,1,127;1,1,130;6,1,76;29,1,60;404,1,112;75,1,79;222,1,102;593,1,49;78,1,57;904,1,32;31,1,116;32,1,308;511,1,166;227,1,89;229,1,170;230,1,121;232,1,87;294,1,93;234,1,128;662,1,106;967,1,59;296,1,133
260,16,17:699,2,249,279;299,1,66;95,1,32;492,1,59;303,1,120;241,1,61;115,1,183;817,1,53;437,1,468;146,1,24;565,1,135;822,1,35;422,1,14;692,1,45;278,1,66;80,1,114
261,72,84:179,3,43,156,230;398,3,72,99,121;511,3,29,94,163;92,2,85,139;776,2,30,54;110,2,152,268;159,2,90,115;31,2,282,430;230,2,47,78;299,1,69;397,1,19;609,1,166;401,1,67;93,1,135;251,1,104;302,1,119;512,1,83;103,1,153;307,1,38;621,1,312;759,1,166;777,1,97;622,1,54;993,1,40;535,1,196;435,1,66;268,1,184;13,1,85;14,1,81;624,1,47;327,1,106;329,1,65;134,1,92;808,1,279;342,1,131;560,1,99;153,1,70;343,1,49;345,1,48;922,1,49;157,1,86;20,1,101;689,1,156;165,1,171;57,1,129;173,1,109;357,1,49;60,1,34;61,1,143;928,1,89;580,1,217;718,1,139;794,1,47;64,1,180;66,1,88;497,1,84;204,1,29;972,1,92;375,1,77;259,1,128;73,1,128;74,1,58;404,1,43;935,1,17;221,1,57;772,1,138;848,1,97;387,1,83;940,1,18;877,1,55;825,1,159;391,1,46
262,49,56:429,3,160,202,307;96,2,51,260;142,2,199,228;714,2,124,168;771,2,104,177;32,2,241,331;299,1,70;262,1,129;854,1,66;102,1,156;916,1,44;103,1,308;759,1,118;622,1,123;681,1,98;39,1,310;682,1,202;254,1,416;481,1,301;125,1,180;126,1,161;713,1,47;516,1,62;46,1,132;49,1,65;159,1,279;162,1,143;419,1,123;843,1,88;180,1,143;761,1,84;188,1,136;541,1,210;797,1,40;276,1,187;544,1,155;946,1,175;707,1,47;213,1,112;261,1,124;546,1,234;847,1,126;216,1,164;404,1,122;223,1,109;940,1,125;832,1,48;293,1,55;461,1,109
263,113,147:435,4,49,62,80,111;421,4,71,89,220,275;301,3,106,122,152;622,3,260,266,290;417,3,126,300,301;689,3,184,205,227;638,3,41,63,71;467,3,121,223,262;846,3,54,95,104;654,3,72,98,119;306,2,163,453;681,2,113,147;597,2,37,56;514,2,34,62;523,2,23,52;574,2,150,179;580,2,110,123;717,2,71,81;275,2,28,136;261,2,100,169;72,2,216,252;470,2,103,130;299,1,73;397,1,266;609,1,128;33,1,66;98,1,93;776,1,32;252,1,299;412,1,30;710,1,120;103,1,174;724,1,68;241,1,123;242,1,176;315,1,46;110,1,105;892,1,106;554,1,212;884,1,172;38,1,47;623,1,128;123,1,6;505,1,39;466,1,50;879,1,101;333,1,89;141,1,252;405,1,143;144,1,219;628,1,80;919,1,57;17,1,123;153,1,139;439,1,141;632,1,60;344,1,54;521,1,55;924,1,41;348,1,93;538,1,160;785,1,64;690,1,77;355,1,68;568,1,64;356,1,45;418,1,138;789,1,54;359,1,178;901,1,67;766,1,111;179,1,148;3,1,354;768,1,116;741,1,71;183,1,100;579,1,104;930,1,97;716,1,83;583,1,275;64,1,279;869,1,55;66,1,56;195,1,185;585,1,513;586,1,90;373,1,78;746,1,139;989,1,37;902,1,63;210,1,70;26,1,128;696,1,64;707,1,123;698,1,108;748,1,87;749,1,113;75,1,42;76,1,112;220,1,129;593,1,43;720,1,118;991,1,38;289,1,122;501,1,77;511,1,100;700,1,132;862,1,45;595,1,50;850,1,123;389,1,94;702,1,171;394,1,46
264,136,244:498,10,4,25,48,78,93,121,165,192,222,236;676,10,81,90,119,125,140,147,152,157,233,241;704,8,8,30,50,68,103,139,156,174;638,7,80,99,104,130,143,156,223;652,7,107,133,162,173,218,228,266;724,6,6,12,16,71,106,114;729,6,12,31,58,150,175,257;924,5,6,22,44,45,88;370,5,4,23,42,95,128;684,4,7,24,52,94;418,4,213,215,222,238;807,4,32,41,66,83;209,4,13,27,108,176;602,3,48,70,101;417,3,63,306,352;179,3,53,84,236;476,3,163,173,200;965,3,35,53,59;966,3,11,22,30;774,2,210,222;614,2,88,111;310,2,25,47;554,2,219,300;535,2,108,172;920,2,82,92;341,2,304,313;632,2,46,102;757,2,64,97;787,2,5,14;738,2,21,51;62,2,47,67;790,2,153,171;715,2,75,86;274,2,49,66;582,2,89,96;446,2,23,130;68,2,4,22;831,2,5,10;26,2,95,131;464,2,8,29;69,2,5,23;973,2,55,87;940,2,22,32;805,2,62,67;887,2,83,127;230,2,82,130;232,2,35,61;531,2,117,141;299,1,76;397,1,107;88,1,72;432,1,149;550,1,103;98,1,123;251,1,131;992,1,92;302,1,248;252,1,186;492,1,105;240,1,206;434,1,105;308,1,92;309,1,65;615,1,47;110,1,62;892,1,32;993,1,74;681,1,81;115,1,226;118,1,57;888,1,124;324,1,66;683,1,40;665,1,70;327,1,133;879,1,210;134,1,305;894,1,72;685,1,41;629,1,62;808,1,140;340,1,56;819,1,36;730,1,62;151,1,152;439,1,121;952,1,73;519,1,105;841,1,148;861,1,57;160,1,86;961,1,68;348,1,189;689,1,94;714,1,66;980,1,81;164,1,56;244,1,67;172,1,86;881,1,61;642,1,64;180,1,133;645,1,104;953,1,85;421,1,93;769,1,28;238,1,245;477,1,156;448,1,52;585,1,459;530,1,145;746,1,201;698,1,113;453,1,145;217,1,120;990,1,74;936,1,49;221,1,87;848,1,93;991,1,86;78,1,124;387,1,234;754,1,116;388,1,52;32,1,266;511,1,86;700,1,112;858,1,92;913,1,70;231,1,57;661,1,157;460,1,48;461,1,82;462,1,90;395,1,185;878,1,79
265,166,317:41,13,4,17,29,142,161,182,211,234,248,263,274,305,330;39,12,9,27,48,81,99,136,221,234,243,279,294,304;236,11,12,41,94,119,122,141,156,187,194,200,250;253,9,23,52,90,165,192,218,243,252,297;117,9,1,13,42,59,78,87,95,105,123;40,9,4,16,37,76,122,163,183,232,274;121,9,4,16,37,76,122,146,166,200,241;175,9,1,13,28,41,77,81,93,101,112;137,8,4,19,42,64,118,141,164,169;662,8,3,17,25,39,59,66,92,117;926,7,7,22,52,62,81,103,125;13,6,1,6,23,155,167,188;522,5,10,31,57,145,178;201,5,120,131,198,209,229;107,4,4,14,27,96;241,4,7,15,21,76;155,4,3,22,46,51;286,4,26,53,107,225;548,4,17,37,58,141;985,3,5,18,32;214,3,93,105,189;429,3,70,105,147;233,3,9,26,47;397,2,54,313;513,2,229,231;621,2,121,275;315,2,92,131;472,2,64,196;45,2,68,127;726,2,54,109;673,2,101,148;331,2,158,373;142,2,163,264;890,2,40,83;271,2,53,165;166,2,4,16;22,2,145,285;900,2,35,50;64,2,106,206;278,2,114,261;70,2,92,152;934,2,67,117;32,2,66,305;703,2,29,100;296,2,114,218;299,1,87;91,1,322;97,1,116;773,1,57;99,1,76;709,1,168;491,1,66;854,1,86;101,1,28;678,1,197;240,1,36;723,1,138;905,1,333;968,1,57;725,1,136;974,1,127;969,1,73;777,1,88;112,1,37;402,1,59;316,1,328;116,1,259;319,1,82;120,1,46;122,1,167;42,1,130;237,1,45;414,1,175;44,1,169;125,1,265;130,1,106;2,1,286;505,1,63;327,1,61;879,1,186;812,1,17;138,1,67;143,1,58;556,1,31;144,1,137;506,1,42;337,1,103;493,1,281;629,1,56;808,1,99;46,1,87;148,1,54;559,1,89;149,1,86;342,1,159;439,1,61;343,1,42;733,1,347;880,1,63;346,1,45;20,1,142;348,1,79;55,1,62;689,1,52;352,1,97;567,1,52;57,1,117;357,1,110;174,1,73;668,1,74;419,1,33;176,1,262;856,1,50;821,1,118;740,1,81;180,1,63;364,1,91;576,1,49;768,1,23;645,1,98;182,1,29;183,1,47;184,1,45;543,1,137;477,1,45;584,1,65;446,1,50;372,1,81;200,1,106;525,1,78;824,1,79;373,1,154;208,1,107;409,1,44;398,1,78;281,1,212;933,1,69;69,1,145;426,1,68;802,1,150;451,1,175;284,1,148;453,1,43;71,1,46;381,1,58;217,1,154;218,1,137;749,1,75;912,1,91;222,1,129;223,1,77;78,1,86;753,1,47;456,1,66;659,1,47;805,1,121;389,1,77;293,1,117;231,1,31;232,1,66;461,1,25;967,1,52;663,1,61;295,1,110;249,1,144;235,1,296
266,79,130:817,7,79,106,116,175,198,217,230;585,5,311,361,414,432,468;827,4,92,94,120,149;141,4,107,167,185,199;868,4,5,16,31,44;91,3,62,247,312;325,3,6,16,35;574,3,69,123,219;400,3,26,52,109;802,3,109,136,192;803,3,81,99,110;212,3,44,102,120;661,3,68,150,160;93,2,101,109;302,2,250,263;615,2,78,179;310,2,123,140;883,2,114,122;681,2,43,59;324,2,68,126;808,2,165,169;151,2,134,182;343,2,146,211;714,2,69,203;962,2,5,18;717,2,31,77;876,2,86,94;655,2,115,134;805,2,70,94;299,1,89;94,1,74;308,1,97;12,1,118;312,1,40;554,1,121;871,1,99;555,1,64;317,1,47;867,1,50;318,1,90;894,1,155;537,1,110;331,1,380;270,1,93;626,1,220;144,1,140;889,1,83;958,1,58;46,1,433;809,1,86;341,1,307;21,1,85;567,1,67;418,1,50;169,1,27;706,1,129;61,1,56;539,1,150;63,1,164;579,1,72;580,1,83;930,1,65;716,1,40;650,1,62;508,1,39;796,1,80;651,1,232;583,1,85;543,1,192;238,1,196;246,1,120;277,1,229;933,1,72;654,1,104;771,1,107;469,1,38;862,1,63;834,1,257;531,1,119
267,51,89:83,7,194,224,256,297,319,334,344;883,4,2,5,12,66;3,4,3,16,40,367;946,4,22,54,104,132;310,3,59,67,98;368,3,5,27,58;814,3,32,108,133;771,3,43,172,238;72,3,113,117,131;749,3,9,23,48;912,3,3,17,125;387,3,15,30,219;614,2,101,178;671,2,118,187;495,2,32,68;769,2,76,95;583,2,297,302;381,2,4,12;677,2,48,58;299,1,106;774,1,231;602,1,135;974,1,132;110,1,288;145,1,29;18,1,130;705,1,171;343,1,170;633,1,44;733,1,356;159,1,142;63,1,231;767,1,24;185,1,87;792,1,139;669,1,24;66,1,77;277,1,303;499,1,98;695,1,135;379,1,24;547,1,51;804,1,41;748,1,117;218,1,147;955,1,40;75,1,36;720,1,148;78,1,104;388,1,104;701,1,137
268,57,63:152,2,52,109;182,2,28,110;792,2,118,126;541,2,257,268;651,2,62,87;468,2,59,79;299,1,116;87,1,134;397,1,307;89,1,90;90,1,75;33,1,101;550,1,53;37,1,87;905,1,240;110,1,256;672,1,140;463,1,204;130,1,182;779,1,145;333,1,157;143,1,61;415,1,224;808,1,220;17,1,199;342,1,162;632,1,87;959,1,59;880,1,153;538,1,125;784,1,94;788,1,23;418,1,363;987,1,41;766,1,68;179,1,220;3,1,373;644,1,58;844,1,45;191,1,132;583,1,129;64,1,339;487,1,85;409,1,166;876,1,119;500,1,77;450,1,32;378,1,204;28,1,149;656,1,113;215,1,84;699,1,84;32,1,299;721,1,207;228,1,82;231,1,144;703,1,38
269,70,77:534,3,179,207,251;140,3,32,77,131;585,3,150,314,394;616,2,28,116;299,1,118;432,1,131;264,1,253;100,1,126;491,1,97;304,1,86;306,1,162;103,1,320;618,1,220;974,1,85;827,1,191;122,1,85;603,1,113;237,1,126;481,1,220;597,1,256;125,1,183;324,1,222;127,1,89;45,1,132;436,1,138;134,1,209;137,1,155;941,1,40;515,1,81;143,1,93;895,1,52;47,1,92;559,1,181;150,1,149;341,1,268;764,1,75;635,1,49;897,1,96;417,1,294;641,1,68;570,1,90;62,1,104;767,1,54;181,1,280;421,1,274;185,1,131;365,1,166;275,1,50;761,1,196;191,1,108;192,1,220;196,1,51;276,1,362;498,1,134;278,1,77;5,1,263;376,1,118;654,1,71;771,1,223;377,1,182;285,1,98;453,1,159;385,1,103;470,1,129;701,1,114;389,1,93;84,1,69;596,1,63;234,1,193;755,1,136
270,13,13:299,1,122;709,1,41;252,1,127;306,1,151;271,1,201;54,1,206;55,1,51;238,1,243;278,1,238;376,1,287;211,1,121;8,1,121;9,1,133
271,67,78:372,3,115,147,181;286,3,18,45,215;871,2,92,110;126,2,132,154;829,2,62,196;338,2,30,187;638,2,111,197;860,2,65,100;848,2,29,131;299,1,124;89,1,77;709,1,40;301,1,57;534,1,81;513,1,105;598,1,232;311,1,33;621,1,194;314,1,117;472,1,24;465,1,42;957,1,32;597,1,108;255,1,152;2,1,77;625,1,77;894,1,26;139,1,23;507,1,62;150,1,95;341,1,208;996,1,37;959,1,51;161,1,158;54,1,180;165,1,129;350,1,225;786,1,44;358,1,94;22,1,203;668,1,65;62,1,120;3,1,78;875,1,53;476,1,48;579,1,131;580,1,59;717,1,45;718,1,215;744,1,45;196,1,87;200,1,169;845,1,35;747,1,79;587,1,138;802,1,125;283,1,79;284,1,60;261,1,131;719,1,62;221,1,240;594,1,202;456,1,319;659,1,53;877,1,59;887,1,64;833,1,16
272,207,309:412,7,9,20,24,88,179,268,338;42,6,22,44,87,121,129,210;54,5,60,116,142,248,252;656,5,15,37,61,81,132;316,4,114,180,196,245;860,4,39,50,60,95;176,4,62,90,97,119;281,4,77,86,143,169;285,4,14,34,61,70;429,4,115,217,247,342;8,4,152,166,261,265;618,3,77,105,152;555,3,75,182,195;39,3,84,93,155;253,3,106,145,227;255,3,38,116,154;729,3,128,146,212;172,3,9,19,49;3,3,297,304,338;870,3,33,41,98;837,3,5,20,36;214,3,64,76,123;217,3,85,128,183;235,3,70,158,206;250,2,274,285;266,2,161,187;854,2,26,58;101,2,109,137;907,2,17,123;319,2,212,304;237,2,181,203;672,2,95,115;320,2,67,286;828,2,153,167;157,2,77,124;53,2,57,268;22,2,131,306;177,2,134,204;740,2,72,250;644,2,78,152;422,2,31,81;651,2,82,157;193,2,82,88;4,2,105,150;201,2,221,306;585,2,144,349;26,2,182,192;282,2,80,94;69,2,133,232;248,2,76,207;526,2,15,30;28,2,110,125;286,2,94,187;71,2,33,98;847,2,34,111;218,2,207,231;456,2,122,181;83,2,99,295;294,2,81,135;670,2,216,383;299,1,126;92,1,186;263,1,107;98,1,173;99,1,102;774,1,129;612,1,140;102,1,178;552,1,85;267,1,82;11,1,106;678,1,292;240,1,425;512,1,193;306,1,381;616,1,78;725,1,88;619,1,103;242,1,76;116,1,132;403,1,99;13,1,116;414,1,84;597,1,91;125,1,173;321,1,194;888,1,81;45,1,114;2,1,107;437,1,249;327,1,107;726,1,98;134,1,436;331,1,356;806,1,129;142,1,57;405,1,62;626,1,146;685,1,88;144,1,205;337,1,200;493,1,338;47,1,39;150,1,91;343,1,144;407,1,121;996,1,78;562,1,268;979,1,121;51,1,53;897,1,206;408,1,78;520,1,111;880,1,110;783,1,78;522,1,70;271,1,93;898,1,44;20,1,115;162,1,64;757,1,33;164,1,24;244,1,45;165,1,79;350,1,93;640,1,85;354,1,21;568,1,108;56,1,153;57,1,71;357,1,42;358,1,63;58,1,80;900,1,65;359,1,242;642,1,154;362,1,87;482,1,189;273,1,60;364,1,57;645,1,45;181,1,231;483,1,93;716,1,129;444,1,86;911,1,95;186,1,51;188,1,97;189,1,200;541,1,34;257,1,62;692,1,82;542,1,39;693,1,80;64,1,212;485,1,71;197,1,32;797,1,51;584,1,64;246,1,111;247,1,124;276,1,254;277,1,109;447,1,86;372,1,223;199,1,319;200,1,123;425,1,82;205,1,154;207,1,214;409,1,77;209,1,165;876,1,101;587,1,80;5,1,82;933,1,59;707,1,52;450,1,53;283,1,131;377,1,94;590,1,78;261,1,195;811,1,15;215,1,33;72,1,302;216,1,156;1,1,85;73,1,188;971,1,37;30,1,90;76,1,69;221,1,207;699,1,64;657,1,115;903,1,28;751,1,81;857,1,72;226,1,72;388,1,91;32,1,80;701,1,118;231,1,101;708,1,105;295,1,116;249,1,186;236,1,148;664,1,68
273,72,82:242,3,122,135,248;151,3,187,197,242;72,3,230,260,350;45,2,186,212;674,2,1,7;21,2,105,253;218,2,117,205;299,1,128;397,1,264;33,1,81;601,1,174;854,1,144;11,1,125;240,1,277;103,1,107;104,1,127;679,1,42;310,1,64;413,1,70;622,1,40;316,1,348;623,1,60;14,1,167;481,1,130;672,1,145;269,1,88;142,1,123;493,1,295;46,1,554;48,1,137;340,1,214;17,1,211;819,1,110;344,1,52;959,1,55;562,1,227;440,1,202;880,1,155;20,1,204;166,1,156;354,1,225;690,1,75;356,1,76;57,1,73;175,1,103;272,1,35;63,1,182;645,1,54;646,1,94;422,1,118;579,1,109;580,1,128;245,1,285;191,1,40;24,1,167;277,1,272;200,1,151;205,1,152;373,1,247;206,1,63;449,1,68;587,1,119;588,1,40;213,1,119;656,1,95;261,1,175;219,1,139;6,1,196;225,1,142;702,1,292;8,1,115;295,1,202
274,228,381:978,9,44,72,95,118,135,148,164,171,190;676,8,13,27,38,59,131,174,216,278;20,7,84,117,131,181,190,205,217;481,6,180,193,305,337,347,363;37,5,23,39,49,76,102;555,5,86,190,201,338,384;872,5,67,72,78,93,141;31,5,118,236,250,328,360;303,4,150,160,218,250;137,4,123,139,229,249;705,4,72,123,231,238;639,4,111,157,163,165;366,4,150,169,178,204;367,4,116,133,178,187;64,4,118,131,313,329;409,4,41,146,155,161;707,4,54,155,190,209;72,4,51,206,231,261;385,4,204,219,225,254;774,3,131,136,140;103,3,162,269,309;554,3,162,247,280;316,3,207,233,321;255,3,88,135,233;860,3,227,264,297;63,3,98,257,265;715,3,36,94,133;718,3,53,129,198;931,3,7,15,32;372,3,120,151,184;278,3,127,164,232;966,3,10,21,27;590,3,112,157,174;384,3,5,17,40;429,3,255,290,312;250,2,303,333;773,2,84,96;266,2,118,163;491,2,94,115;252,2,174,329;534,2,254,268;678,2,135,214;306,2,296,425;310,2,102,118;108,2,276,286;535,2,114,193;115,2,95,207;268,2,197,227;43,2,221,234;125,2,157,161;504,2,49,60;131,2,113,124;879,2,45,173;338,2,209,212;729,2,153,232;18,2,149,163;560,2,68,128;897,2,159,183;733,2,278,418;53,2,210,321;353,2,65,148;765,2,114,123;786,2,104,108;418,2,282,337;881,2,87,141;574,2,196,239;539,2,110,125;482,2,173,197;364,2,172,201;644,2,51,80;649,2,80,165;692,2,107,219;651,2,52,84;371,2,43,118;585,2,176,188;746,2,150,209;207,2,34,64;587,2,95,120;955,2,2,11;428,2,12,32;670,2,151,157;299,1,129;815,1,46;88,1,100;865,1,95;91,1,364;92,1,188;33,1,80;401,1,80;93,1,105;97,1,100;301,1,183;100,1,184;775,1,293;854,1,148;36,1,186;614,1,209;905,1,227;12,1,153;313,1,135;315,1,120;883,1,141;112,1,94;711,1,35;118,1,97;623,1,132;682,1,63;254,1,319;603,1,71;42,1,225;44,1,79;129,1,128;325,1,104;130,1,198;2,1,321;684,1,66;970,1,65;915,1,42;780,1,52;806,1,49;136,1,236;474,1,70;333,1,118;140,1,112;762,1,214;405,1,95;685,1,116;144,1,213;145,1,147;629,1,82;339,1,77;808,1,202;46,1,471;48,1,231;809,1,72;686,1,102;518,1,66;341,1,187;342,1,155;561,1,91;19,1,72;605,1,75;154,1,102;923,1,84;732,1,68;861,1,105;346,1,157;159,1,416;54,1,138;565,1,127;417,1,321;348,1,157;164,1,48;244,1,60;638,1,140;57,1,78;899,1,46;174,1,70;272,1,90;675,1,93;963,1,53;177,1,96;420,1,127;843,1,65;62,1,80;810,1,82;181,1,56;822,1,72;954,1,39;245,1,30;761,1,116;188,1,162;257,1,64;795,1,73;66,1,155;870,1,109;197,1,86;467,1,201;24,1,75;276,1,265;370,1,158;68,1,191;200,1,152;201,1,289;425,1,68;653,1,85;203,1,101;586,1,107;373,1,30;831,1,83;398,1,148;696,1,102;376,1,148;697,1,40;69,1,187;248,1,242;803,1,89;451,1,149;847,1,113;217,1,130;1,1,107;382,1,42;287,1,56;73,1,99;219,1,140;74,1,56;912,1,119;29,1,141;404,1,126;221,1,262;77,1,89;753,1,53;456,1,110;457,1,60;225,1,124;32,1,351;511,1,155;292,1,208;82,1,79;701,1,84;825,1,171;596,1,92;231,1,135;394,1,105;755,1,123;249,1,119;235,1,277;664,1,166
275,14,14:299,1,133;262,1,15;759,1,224;44,1,48;806,1,64;705,1,188;162,1,207;706,1,137;186,1,23;499,1,137;26,1,254;283,1,166;456,1,273;32,1,150
276,7,7:299,1,146;321,1,20;437,1,393;337,1,174;520,1,130;378,1,50;291,1,87
277,1,1:299,1,147
278,17,21:600,4,4,19,87,98;358,2,48,115;299,1,149;113,1,133;127,1,93;665,1,72;255,1,87;713,1,53;828,1,89;437,1,427;686,1,221;522,1,61;418,1,395;716,1,147;289,1,72;291,1,64;722,1,81
279,22,25:239,2,226,318;450,2,137,405;657,2,41,169;299,1,165;89,1,48;264,1,143;598,1,158;127,1,107;437,1,219;332,1,255;17,1,318;880,1,120;54,1,243;784,1,123;577,1,60;181,1,188;769,1,21;197,1,151;199,1,239;831,1,82;289,1,112;224,1,104
280,8,8:299,1,167;882,1,61;112,1,30;329,1,70;158,1,26;737,1,99;639,1,72;498,1,169
281,9,10:712,2,80,123;299,1,168;108,1,198;493,1,485;953,1,76;844,1,118;543,1,108;72,1,95;702,1,343
282,8,9:306,2,178,454;299,1,177;254,1,42;321,1,184;493,1,61;46,1,566;539,1,214;670,1,128
283,24,25:83,2,162,164;299,1,181;397,1,368;598,1,39;620,1,84;957,1,36;133,1,180;138,1,63;517,1,93;873,1,70;984,1,67;519,1,152;520,1,149;564,1,67;54,1,38;638,1,36;826,1,67;574,1,171;194,1,49;276,1,349;676,1,200;456,1,170;862,1,57;396,1,129
284,5,9:250,3,17,34,69;63,3,14,28,122;854,1,32;19,1,62;53,1,54
285,4,5:737,2,9,75;250,1,49;414,1,78;362,1,75
286,4,5:19,2,42,119;250,1,55;91,1,156;63,1,114
287,13,15:19,3,12,29,58;250,1,65;97,1,81;630,1,39;440,1,56;53,1,50;350,1,175;172,1,63;273,1,53;584,1,54;376,1,93;857,1,74;664,1,70
288,1,1:250,1,71
289,1,1:250,1,72
290,6,8:616,3,3,9,15;250,1,78;534,1,117;331,1,98;18,1,120;176,1,36
291,92,100:255,3,163,196,225;250,2,85,306;2,2,237,255;157,2,101,142;22,2,183,296;188,2,124,178;67,2,225,262;88,1,115;92,1,255;550,1,168;854,1,46;101,1,121;614,1,188;968,1,123;106,1,188;618,1,99;242,1,186;621,1,260;111,1,14;555,1,346;122,1,207;42,1,237;124,1,75;414,1,112;320,1,151;597,1,84;45,1,381;985,1,63;726,1,84;329,1,62;872,1,195;137,1,245;138,1,163;141,1,164;142,1,103;143,1,79;145,1,84;829,1,154;506,1,122;493,1,224;340,1,200;17,1,332;151,1,90;19,1,89;343,1,120;519,1,237;154,1,90;155,1,110;520,1,228;733,1,458;271,1,178;160,1,156;54,1,221;689,1,232;785,1,109;640,1,75;690,1,140;170,1,86;59,1,172;642,1,146;843,1,89;63,1,212;928,1,99;183,1,146;649,1,94;184,1,54;761,1,114;911,1,124;497,1,192;199,1,309;746,1,145;468,1,48;375,1,101;210,1,52;69,1,156;590,1,124;213,1,149;285,1,166;71,1,109;216,1,92;383,1,69;75,1,99;752,1,109;457,1,155;31,1,355;32,1,58;231,1,95;232,1,77;670,1,203;852,1,80;236,1,229;664,1,163
292,120,149:188,4,125,137,179,212;892,3,115,150,171;142,3,104,200,277;213,3,150,186,227;214,3,100,136,223;31,3,247,356,405;250,2,86,307;42,2,215,238;43,2,251,264;2,2,238,256;143,2,65,111;46,2,606,642;160,2,157,183;58,2,156,164;843,2,90,114;911,2,85,114;4,2,186,236;67,2,226,263;26,2,171,202;69,2,157,201;71,2,62,110;78,2,144,179;88,1,116;92,1,256;550,1,169;854,1,47;101,1,122;492,1,142;267,1,72;615,1,133;968,1,121;106,1,190;107,1,140;619,1,227;242,1,187;315,1,145;681,1,170;555,1,347;867,1,73;118,1,149;122,1,212;481,1,302;124,1,76;597,1,85;45,1,382;129,1,152;872,1,181;137,1,246;138,1,161;140,1,105;141,1,158;144,1,292;145,1,85;493,1,225;148,1,92;151,1,91;19,1,86;849,1,259;343,1,121;519,1,238;154,1,91;155,1,111;733,1,445;157,1,143;522,1,109;271,1,179;348,1,166;55,1,206;785,1,110;353,1,168;690,1,141;860,1,231;56,1,142;167,1,121;168,1,153;170,1,87;59,1,173;22,1,297;642,1,147;177,1,126;740,1,241;180,1,144;63,1,213;928,1,100;181,1,250;183,1,147;184,1,55;761,1,102;870,1,92;497,1,193;24,1,299;199,1,310;205,1,118;207,1,194;468,1,43;210,1,53;248,1,220;590,1,125;261,1,116;285,1,167;948,1,88;219,1,203;383,1,70;385,1,243;404,1,123;75,1,100;220,1,102;80,1,150;457,1,156;32,1,59;292,1,165;833,1,51;231,1,96;232,1,78;234,1,130;670,1,204;852,1,81;708,1,146;236,1,230;664,1,164
293,66,86:421,4,32,62,165,269;83,4,105,110,212,217;759,3,24,45,215;46,3,539,559,569;189,3,109,154,206;619,2,51,61;324,2,159,176;347,2,38,58;539,2,174,259;767,2,40,99;68,2,177,249;295,2,81,220;296,2,146,204;250,1,88;264,1,116;774,1,109;532,1,142;492,1,82;239,1,263;615,1,74;110,1,91;402,1,136;435,1,225;316,1,66;13,1,41;125,1,270;321,1,238;128,1,93;437,1,463;894,1,142;136,1,186;137,1,134;146,1,29;730,1,116;150,1,46;705,1,116;151,1,206;439,1,123;635,1,18;783,1,80;159,1,246;417,1,216;21,1,84;172,1,38;183,1,143;444,1,198;583,1,262;247,1,130;198,1,140;277,1,153;694,1,133;652,1,114;258,1,126;972,1,84;814,1,24;464,1,44;248,1,192;698,1,153;973,1,73;215,1,69;75,1,90;220,1,139;222,1,60;231,1,64;392,1,148;670,1,161
294,14,27:600,6,7,22,90,101,129,180;603,4,111,127,143,181;224,4,5,16,127,148;759,3,25,46,216;250,1,89;264,1,117;316,1,67;128,1,94;437,1,464;158,1,42;567,1,130;798,1,49;991,1,126;292,1,65
295,1,1:250,1,90
296,97,133:585,5,101,234,250,266,355;80,4,7,18,43,164;661,4,40,91,151,237;535,3,29,37,186;324,3,8,18,27;329,3,7,20,33;345,3,4,14,52;359,3,96,216,220;693,3,108,112,126;603,2,73,81;331,2,200,381;873,2,137,169;605,2,43,98;975,2,29,46;159,2,103,361;348,2,108,119;714,2,70,206;495,2,19,89;65,2,3,13;654,2,5,11;387,2,68,101;702,2,232,252;708,2,74,121;250,1,92;838,1,78;262,1,87;266,1,67;533,1,29;412,1,72;678,1,122;240,1,193;308,1,98;851,1,53;905,1,184;105,1,35;883,1,103;681,1,24;116,1,184;253,1,139;623,1,162;44,1,38;129,1,88;712,1,173;327,1,113;269,1,178;872,1,50;762,1,219;415,1,96;889,1,85;808,1,126;559,1,52;341,1,308;343,1,162;959,1,22;538,1,165;689,1,199;165,1,89;357,1,100;420,1,112;61,1,123;482,1,177;766,1,147;576,1,65;476,1,41;791,1,73;422,1,129;185,1,14;444,1,58;188,1,113;692,1,100;542,1,92;238,1,90;467,1,100;798,1,65;746,1,43;800,1,76;989,1,73;902,1,95;376,1,131;771,1,179;452,1,510;655,1,99;215,1,188;848,1,78;750,1,34;991,1,96;78,1,169;658,1,77;940,1,78;754,1,100;31,1,274;230,1,153;834,1,258;234,1,150;85,1,117;663,1,125;8,1,68
297,13,41:110,9,10,21,43,145,156,204,225,295,328;289,6,5,12,23,30,54,140;600,5,5,20,88,99,178;291,4,4,10,20,65;315,3,4,12,27;828,3,13,33,48;904,3,4,9,23;321,2,226,236;713,2,6,29;250,1,97;268,1,162;583,1,305;67,1,146
298,29,35:621,3,10,22,310;939,3,2,16,30;136,2,97,135;238,2,148,378;250,1,100;240,1,335;916,1,18;905,1,70;969,1,25;759,1,160;680,1,36;41,1,139;436,1,44;144,1,272;17,1,18;890,1,60;179,1,24;63,1,155;186,1,27;246,1,88;247,1,100;276,1,103;544,1,73;208,1,33;526,1,49;386,1,12;80,1,85;229,1,115;235,1,97
299,22,24:966,3,9,20,26;250,1,115;252,1,153;412,1,150;534,1,85;319,1,306;879,1,117;15,1,87;474,1,90;762,1,96;144,1,113;418,1,391;706,1,74;179,1,265;3,1,381;576,1,147;793,1,66;372,1,161;845,1,46;990,1,92;657,1,118;80,1,169
300,95,142:250,6,118,148,205,222,301,348;42,5,138,146,150,167,171;336,3,73,77,84;53,3,92,277,281;22,3,138,142,176;176,3,66,288,294;821,3,109,124,126;30,3,30,60,78;385,3,16,36,93;429,3,8,28,63;41,2,112,119;254,2,150,188;175,2,125,138;740,2,64,197;189,2,129,131;692,2,85,89;584,2,78,82;745,2,137,141;372,2,95,99;201,2,155,327;281,2,90,94;376,2,97,207;933,2,64,68;285,2,74,78;286,2,102,106;428,2,122,126;229,2,82,86;394,2,87,188;670,2,35,181;295,2,105,109;236,2,103,109;664,2,14,38;854,1,140;492,1,41;239,1,109;917,1,79;619,1,78;242,1,64;866,1,55;402,1,226;253,1,263;318,1,55;324,1,100;2,1,221;828,1,136;15,1,94;673,1,93;134,1,350;829,1,179;493,1,280;808,1,206;630,1,52;18,1,87;561,1,39;849,1,237;440,1,189;880,1,86;158,1,152;57,1,145;172,1,37;174,1,64;420,1,153;62,1,124;364,1,119;3,1,286;646,1,86;791,1,137;580,1,212;718,1,151;650,1,40;188,1,157;366,1,45;508,1,57;423,1,43;238,1,100;197,1,35;509,1,77;198,1,157;277,1,72;694,1,135;200,1,105;479,1,98;451,1,174;283,1,85;259,1,106;453,1,155;70,1,91;80,1,99;225,1,137;226,1,184;511,1,160;887,1,37;231,1,108;392,1,103;393,1,83
301,37,74:380,7,73,81,168,186,230,256,332;306,6,2,14,27,92,451,478;529,5,16,34,87,124,190;532,4,16,34,89,124;818,4,24,50,74,112;979,4,6,26,66,100;105,3,9,20,43;918,3,15,32,90;56,3,46,67,93;710,2,16,112;851,2,2,11;133,2,53,68;329,2,45,74;668,2,62,82;190,2,55,138;1,2,17,36;250,1,119;838,1,92;91,1,72;264,1,198;304,1,40;308,1,62;679,1,58;555,1,58;38,1,58;727,1,14;666,1,46;19,1,102;861,1,46;734,1,75;789,1,44;835,1,41;954,1,22;582,1,23;946,1,29;80,1,32;660,1,98
302,49,57:59,3,6,19,33;283,3,16,45,73;239,2,235,253;42,2,188,289;140,2,60,134;146,2,114,148;250,1,121;88,1,110;853,1,90;99,1,182;775,1,145;598,1,83;313,1,200;759,1,56;117,1,73;463,1,215;437,1,234;872,1,122;781,1,62;337,1,193;339,1,49;808,1,32;874,1,56;271,1,200;54,1,210;55,1,50;173,1,174;766,1,207;645,1,63;182,1,205;864,1,170;844,1,242;365,1,199;761,1,164;193,1,94;583,1,98;446,1,158;585,1,38;586,1,25;206,1,179;279,1,52;750,1,79;292,1,239;83,1,191;294,1,48;393,1,196;396,1,196;296,1,234;664,1,225
303,2,2:250,1,130;655,1,138
304,32,40:469,3,9,22,99;412,2,256,275;343,2,67,127;417,2,19,78;212,2,11,25;259,2,144,207;261,2,121,159;250,1,132;91,1,367;37,1,89;309,1,42;622,1,119;268,1,132;126,1,133;130,1,139;436,1,125;779,1,173;872,1,170;517,1,61;17,1,209;733,1,408;161,1,139;714,1,257;365,1,106;245,1,177;583,1,109;66,1,71;654,1,95;771,1,93;452,1,116;837,1,112;381,1,210
305,45,78:367,5,11,26,66,88,196;136,4,55,111,153,247;341,4,82,158,181,202;585,4,109,239,312,433;11,3,5,16,34;12,3,2,15,204;817,3,87,122,182;189,3,21,42,72;802,3,108,135,191;803,3,80,98,109;91,2,61,368;321,2,68,128;359,2,98,156;246,2,10,36;247,2,9,34;694,2,79,116;876,2,85,93;670,2,171,227;250,1,133;944,1,53;678,1,277;614,1,201;615,1,79;242,1,131;892,1,172;317,1,51;623,1,119;324,1,96;463,1,154;781,1,70;859,1,38;342,1,189;560,1,158;343,1,69;784,1,89;355,1,63;62,1,100;63,1,258;810,1,68;245,1,178;452,1,279;290,1,189;805,1,95;661,1,47;662,1,144
306,13,14:41,2,87,350;250,1,144;266,1,127;612,1,150;866,1,50;471,1,135;45,1,105;142,1,69;787,1,70;584,1,80;282,1,118;396,1,111;235,1,178
307,13,18:303,4,16,37,96,295;268,3,90,130,192;250,1,150;242,1,195;110,1,282;320,1,254;243,1,101;506,1,81;810,1,67;589,1,158;606,1,157;293,1,34;670,1,104
308,18,24:42,3,136,165,262;195,3,9,26,62;158,2,28,136;24,2,92,132;250,1,159;263,1,79;253,1,67;237,1,84;321,1,200;269,1,130;760,1,146;276,1,263;499,1,148;212,1,136;385,1,70;393,1,146;670,1,179;663,1,141
309,38,43:709,3,44,175,220;245,3,103,218,311;149,2,98,119;250,1,160;263,1,147;102,1,157;110,1,134;871,1,145;867,1,38;623,1,61;414,1,156;270,1,82;338,1,97;46,1,166;341,1,290;849,1,234;897,1,167;943,1,72;881,1,42;61,1,51;864,1,77;649,1,50;275,1,95;257,1,129;193,1,231;769,1,22;278,1,91;201,1,98;425,1,51;544,1,149;586,1,74;209,1,151;376,1,208;211,1,62;73,1,82;749,1,93;857,1,50;502,1,100
310,111,185:199,9,1,11,21,31,51,65,164,174,299;457,6,11,26,46,76,128,139;713,5,11,21,34,44,59;493,4,128,270,373,454;450,4,2,10,26,79;220,4,1,7,13,19;501,4,5,18,39,48;608,3,8,17,48;98,3,3,10,24;315,3,7,15,79;38,3,2,17,78;128,3,7,19,26;366,3,5,22,50;66,3,9,20,142;543,3,10,22,30;480,3,5,16,100;670,3,137,149,251;250,2,162,203;239,2,210,339;242,2,200,209;118,2,118,145;463,2,64,179;130,2,135,153;828,2,5,25;140,2,3,16;341,2,185,192;20,2,180,189;163,2,37,66;860,2,73,90;181,2,52,150;822,2,49,97;911,2,59,63;650,2,1,17;870,2,8,18;194,2,10,22;423,2,12,25;197,2,1,8;278,2,55,160;210,2,114,134;70,2,23,49;600,2,12,27;502,2,3,14;91,1,363;97,1,103;102,1,140;412,1,310;613,1,88;103,1,232;905,1,123;111,1,30;465,1,107;112,1,74;113,1,40;403,1,115;268,1,199;13,1,52;237,1,143;471,1,64;124,1,47;43,1,116;44,1,78;125,1,234;322,1,121;45,1,206;255,1,134;893,1,46;269,1,85;673,1,61;780,1,65;331,1,363;332,1,233;270,1,134;415,1,67;506,1,137;920,1,46;150,1,97;408,1,52;159,1,368;988,1,65;565,1,37;55,1,64;441,1,82;358,1,88;59,1,63;691,1,57;675,1,30;360,1,65;963,1,20;856,1,177;575,1,22;539,1,109;63,1,201;183,1,41;718,1,197;186,1,39;191,1,135;367,1,177;238,1,347;195,1,121;704,1,81;425,1,85;585,1,203;499,1,150;280,1,227;588,1,31;464,1,119;77,1,68;903,1,25;226,1,85;230,1,119;249,1,168
311,45,72:583,6,9,25,46,66,83,133;557,5,4,15,31,80,114;612,4,10,20,35,47;252,3,87,114,253;352,3,6,31,81;853,2,50,94;303,2,223,241;839,2,74,101;779,2,5,17;849,2,74,94;171,2,157,198;856,2,55,198;69,2,65,124;284,2,42,57;847,2,133,159;292,2,241,289;250,1,172;882,1,112;95,1,47;598,1,87;241,1,101;871,1,104;114,1,30;268,1,120;254,1,228;44,1,176;335,1,70;405,1,108;896,1,58;493,1,146;47,1,35;146,1,136;18,1,123;733,1,91;521,1,98;417,1,74;166,1,42;739,1,93;669,1,19;542,1,82;369,1,148;510,1,13;427,1,78;546,1,68;215,1,218
312,130,267:188,11,17,22,39,44,58,87,92,130,146,184,217;685,8,11,22,31,47,77,99,109,131;745,7,20,25,28,49,54,57,87;319,6,47,77,182,196,240,247;687,6,4,15,27,36,39,79;836,5,4,13,37,71,83;254,5,7,19,41,225,302;574,5,10,29,42,145,277;716,5,5,17,57,80,112;761,5,45,97,162,180,208;51,4,12,29,50,101;61,4,6,12,31,188;580,4,10,21,31,105;930,4,10,29,42,92;717,4,5,15,42,49;823,4,6,26,43,97;284,4,78,140,146,154;250,3,178,228,287;242,3,10,21,45;126,3,56,88,243;893,3,48,50,100;134,3,261,314,326;138,3,9,18,38;632,3,5,16,125;176,3,159,168,290;3,3,224,272,335;579,3,10,27,38;444,3,23,49,220;245,3,26,75,137;509,3,139,164,168;276,3,143,146,184;978,3,39,98,151;887,3,7,18,47;391,3,1,4,40;392,3,10,37,68;396,3,16,43,81;295,3,8,28,61;878,3,84,101,116;609,2,9,18;472,2,79,94;403,2,37,169;713,2,22,45;808,2,78,218;146,2,36,109;809,2,20,43;630,2,55,75;520,2,141,254;157,2,70,117;441,2,50,90;690,2,92,121;418,2,99,163;900,2,8,16;962,2,13,26;856,2,113,128;182,2,159,198;718,2,40,67;429,2,224,240;394,2,71,142;9,2,37,62;397,1,371;91,1,157;853,1,23;401,1,61;94,1,158;601,1,97;251,1,33;614,1,278;598,1,45;307,1,45;905,1,31;619,1,83;759,1,132;315,1,31;111,1,28;38,1,163;39,1,172;120,1,181;121,1,236;471,1,70;624,1,215;125,1,236;985,1,75;243,1,114;673,1,83;137,1,107;556,1,61;144,1,183;829,1,183;47,1,27;863,1,184;819,1,79;150,1,146;342,1,48;152,1,156;998,1,20;897,1,181;988,1,25;20,1,233;538,1,73;868,1,50;987,1,37;58,1,184;359,1,121;178,1,66;362,1,31;62,1,101;910,1,29;181,1,295;442,1,59;646,1,25;743,1,156;275,1,63;911,1,57;484,1,44;191,1,126;692,1,55;367,1,62;585,1,270;530,1,76;209,1,77;933,1,33;803,1,59;73,1,229;699,1,162;454,1,24;387,1,57;291,1,72;79,1,48;857,1,36;83,1,83
313,31,129:619,10,17,34,58,80,100,175,187,198,213,219;234,10,9,18,30,48,51,55,68,105,142,185;761,9,23,48,100,127,140,163,177,204,209;595,8,3,11,27,63,70,77,108,115;889,7,13,26,38,52,102,113,142;146,6,39,67,84,104,122,152;154,6,5,16,48,62,77,105;692,6,14,28,66,171,193,222;376,6,45,74,125,163,191,265;17,5,107,130,197,220,326;342,5,14,28,49,69,125;560,5,2,13,43,93,186;359,5,4,20,64,87,101;12,4,59,189,196,251;970,4,6,20,37,49;438,4,6,12,15,80;984,4,5,16,38,73;250,3,179,229,288;687,3,2,13,77;441,3,10,26,70;11,2,55,103;809,2,68,81;341,2,49,232;731,2,47,58;191,2,115,137;125,1,245;893,1,102;781,1,125;559,1,41;539,1,171;365,1,137
314,110,154:37,9,22,38,48,75,101,112,122,127,194;513,6,28,141,144,160,165,168;133,5,48,65,76,125,217;492,3,72,90,162;311,3,7,18,48;521,3,43,80,144;179,3,26,96,115;260,3,13,46,82;250,2,186,266;252,2,268,271;306,2,202,324;968,2,11,26;671,2,115,162;242,2,78,160;109,2,7,14;110,2,8,19;463,2,227,241;506,2,55,111;46,2,41,137;440,2,88,96;359,2,203,229;845,2,1,11;451,2,178,247;259,2,11,38;217,2,33,149;88,1,76;865,1,52;94,1,161;263,1,97;102,1,109;36,1,39;598,1,191;12,1,51;108,1,243;554,1,189;993,1,49;112,1,93;316,1,289;839,1,62;38,1,109;867,1,55;120,1,146;682,1,78;481,1,260;44,1,81;624,1,118;125,1,269;323,1,71;130,1,201;132,1,58;879,1,38;872,1,157;141,1,43;762,1,65;142,1,43;143,1,106;415,1,168;340,1,94;984,1,25;859,1,30;343,1,230;874,1,114;636,1,69;51,1,75;159,1,149;271,1,56;162,1,169;688,1,115;714,1,28;352,1,77;765,1,64;787,1,78;354,1,108;641,1,25;574,1,249;575,1,99;61,1,60;63,1,132;364,1,99;3,1,265;181,1,39;185,1,51;245,1,54;372,1,84;425,1,67;202,1,110;544,1,113;530,1,115;206,1,147;902,1,20;932,1,69;375,1,46;696,1,42;452,1,412;287,1,33;938,1,59;657,1,171;528,1,79;720,1,259;387,1,176;224,1,212;31,1,339;862,1,18;293,1,65;230,1,108;702,1,179;670,1,259;661,1,193;722,1,144;236,1,221
315,1,1:250,1,188
316,52,65:470,5,6,12,52,63,75;946,3,7,17,84;916,2,8,16;39,2,195,320;135,2,9,18;496,2,2,17;195,2,35,279;292,2,44,194;235,2,1,18;250,1,191;89,1,94;907,1,84;621,1,112;413,1,79;254,1,127;331,1,255;138,1,78;855,1,68;338,1,146;729,1,125;148,1,124;921,1,144;343,1,143;407,1,120;996,1,29;408,1,20;842,1,62;161,1,75;354,1,218;418,1,255;272,1,78;668,1,72;575,1,102;179,1,23;767,1,8;954,1,13;911,1,136;203,1,62;207,1,154;279,1,60;589,1,141;248,1,239;377,1,98;284,1,84;261,1,104;286,1,189;380,1,35;719,1,105;221,1,287;848,1,153;80,1,61;878,1,22
317,48,52:403,2,36,225;138,2,54,164;652,2,81,167;452,2,106,331;250,1,193;264,1,93;601,1,87;34,1,97;301,1,141;303,1,232;239,1,319;513,1,99;598,1,225;615,1,103;616,1,48;871,1,106;118,1,89;13,1,57;817,1,255;255,1,221;142,1,194;415,1,161;338,1,211;46,1,194;340,1,176;17,1,244;18,1,47;880,1,133;521,1,75;166,1,44;179,1,195;648,1,83;421,1,263;718,1,56;541,1,137;692,1,159;192,1,31;4,1,265;201,1,271;544,1,154;205,1,124;590,1,191;990,1,75;6,1,84;657,1,139;289,1,126;290,1,206;295,1,234
318,7,9:506,2,6,25;170,2,36,100;250,1,195;603,1,176;517,1,37;408,1,60;195,1,139
319,25,34:834,3,2,20,50;710,2,87,101;529,2,69,174;142,2,144,248;46,2,192,297;789,2,17,30;539,2,207,253;372,2,114,146;250,1,207;33,1,58;619,1,171;268,1,26;918,1,65;324,1,115;270,1,176;685,1,129;493,1,424;173,1,147;22,1,282;575,1,27;911,1,100;454,1,69;292,1,148;230,1,137;531,1,95
320,184,230:141,3,59,120,246;517,3,4,18,77;519,3,66,74,142;350,3,1,17,48;790,3,2,11,40;193,3,29,64,91;280,3,65,242,303;834,3,3,21,51;401,2,237,261;601,2,248,401;412,2,243,314;305,2,56,108;969,2,2,8;681,2,138,205;957,2,56,77;597,2,19,233;322,2,18,47;45,2,181,211;437,2,156,168;529,2,70,175;674,2,18,40;142,2,145,249;147,2,26,84;689,2,48,159;964,2,37,68;4,2,7,38;208,2,2,15;209,2,1,15;499,2,69,141;479,2,32,113;451,2,38,113;284,2,79,157;214,2,36,176;32,2,133,388;700,2,33,92;531,2,96,111;394,2,49,150;722,2,54,105;250,1,208;397,1,75;882,1,132;906,1,158;609,1,24;262,1,180;551,1,144;100,1,98;101,1,52;678,1,196;710,1,88;37,1,290;968,1,54;105,1,129;553,1,31;725,1,122;618,1,133;620,1,31;110,1,38;413,1,18;680,1,44;816,1,95;871,1,51;435,1,239;403,1,32;268,1,57;40,1,170;121,1,153;756,1,35;123,1,152;44,1,203;125,1,89;126,1,81;324,1,116;127,1,155;128,1,199;463,1,113;130,1,54;2,1,44;726,1,114;780,1,56;135,1,35;760,1,92;333,1,149;138,1,41;334,1,81;405,1,47;896,1,33;506,1,72;338,1,22;557,1,108;340,1,22;819,1,53;416,1,41;920,1,56;342,1,168;631,1,88;890,1,73;635,1,35;733,1,472;564,1,38;960,1,52;346,1,51;160,1,74;162,1,136;943,1,96;924,1,98;55,1,77;164,1,38;441,1,39;868,1,23;167,1,69;57,1,33;789,1,18;570,1,76;272,1,57;963,1,15;927,1,32;574,1,105;575,1,28;835,1,44;178,1,168;766,1,37;179,1,138;3,1,144;767,1,14;644,1,137;768,1,32;645,1,84;953,1,14;181,1,271;875,1,73;421,1,69;649,1,146;717,1,24;718,1,83;444,1,34;496,1,40;192,1,66;508,1,44;582,1,120;651,1,142;66,1,45;195,1,148;510,1,16;824,1,21;373,1,24;966,1,50;449,1,22;69,1,41;452,1,167;378,1,218;212,1,32;469,1,56;259,1,181;286,1,122;70,1,191;837,1,74;546,1,89;380,1,21;216,1,22;1,1,52;719,1,163;73,1,48;220,1,55;937,1,119;772,1,190;848,1,77;527,1,40;750,1,86;720,1,25;940,1,138;80,1,58;480,1,86;456,1,40;470,1,126;388,1,134;292,1,35;227,1,33;228,1,32;391,1,90;230,1,138;460,1,42;663,1,58;8,1,60;708,1,36
321,48,54:671,3,86,129,172;103,2,106,124;415,2,74,218;845,2,25,108;452,2,210,266;250,1,218;91,1,28;252,1,246;621,1,306;759,1,197;413,1,69;316,1,344;319,1,190;817,1,207;324,1,155;536,1,138;437,1,420;726,1,92;762,1,98;782,1,118;519,1,246;565,1,86;353,1,119;57,1,149;58,1,69;59,1,197;821,1,167;822,1,164;718,1,182;193,1,76;693,1,209;370,1,160;824,1,69;530,1,211;205,1,92;207,1,88;707,1,205;450,1,327;213,1,239;606,1,152;547,1,77;6,1,240;385,1,211;76,1,67;699,1,122;940,1,47;32,1,189;292,1,203
322,2,2:250,1,223;108,1,196
323,30,35:134,4,69,130,243,411;618,2,119,173;273,2,117,139;250,1,226;397,1,298;90,1,27;12,1,193;13,1,97;125,1,212;828,1,121;437,1,305;331,1,413;136,1,265;438,1,30;146,1,107;705,1,103;151,1,234;897,1,116;924,1,108;363,1,210;541,1,96;692,1,224;278,1,206;286,1,125;215,1,172;382,1,71;848,1,150;940,1,148;83,1,251;429,1,207
324,24,24:250,1,231;601,1,372;106,1,189;122,1,208;414,1,113;324,1,181;985,1,64;143,1,78;517,1,68;46,1,641;630,1,77;705,1,247;733,1,293;159,1,289;637,1,92;789,1,84;22,1,229;675,1,92;927,1,71;766,1,165;181,1,243;990,1,97;220,1,101;664,1,152
325,12,14:120,2,11,27;447,2,7,22;250,1,239;397,1,321;252,1,51;465,1,155;866,1,62;631,1,84;20,1,124;425,1,114;452,1,333;386,1,46
326,52,59:113,3,48,212,223;250,2,245,297;346,2,168,196;175,2,56,121;585,2,217,478;32,2,93,190;91,1,65;433,1,114;100,1,190;302,1,229;412,1,252;306,1,439;313,1,143;315,1,75;711,1,42;957,1,51;320,1,170;817,1,117;45,1,182;255,1,218;828,1,134;269,1,97;808,1,204;686,1,168;342,1,72;407,1,66;440,1,139;639,1,159;57,1,150;418,1,168;821,1,168;766,1,115;364,1,117;182,1,119;864,1,154;791,1,125;580,1,141;190,1,181;64,1,185;238,1,305;278,1,254;771,1,135;261,1,304;382,1,77;385,1,215;76,1,68;387,1,145;456,1,255;225,1,158;388,1,62;459,1,84;670,1,30
327,71,167:733,9,3,11,28,54,76,125,311,327,384;421,8,5,18,36,84,147,178,215,255;252,5,4,17,32,177,293;36,5,70,81,111,132,179;200,5,3,33,77,163,187;453,5,1,8,17,139,166;664,5,9,33,103,111,149;551,4,2,18,81,96;515,4,2,10,115,128;171,4,1,11,26,88;820,4,3,18,32,63;248,4,7,27,47,179;511,4,1,9,49,69;825,4,11,28,45,101;132,3,5,16,36;334,3,20,71,98;358,3,8,28,44;183,3,5,23,55;281,3,1,25,121;211,3,11,28,43;450,3,235,281,409;286,3,128,180,210;456,3,9,27,337;677,3,1,6,20;721,3,1,21,114;913,3,4,21,43;433,2,91,96;992,2,2,14;303,2,238,310;672,2,119,126;44,2,167,195;631,2,38,57;961,2,23,62;24,2,172,200;199,2,230,240;847,2,5,13;216,2,1,8;719,2,3,18;748,2,6,17;385,2,113,251;720,2,6,17;660,2,2,12;250,1,246;709,1,145;267,1,77;413,1,50;120,1,267;139,1,34;438,1,83;17,1,187;686,1,122;156,1,37;880,1,108;167,1,103;443,1,25;187,1,100;445,1,51;424,1,42;400,1,125;201,1,253;208,1,90;382,1,78;287,1,22;6,1,218;592,1,45;939,1,39;857,1,41;480,1,151;502,1,85;292,1,121;429,1,192
328,56,72:587,4,2,18,49,72;327,3,92,97,103;366,3,101,168,216;676,3,3,17,55;253,2,144,226;136,2,190,221;180,2,153,169;200,2,141,146;972,2,1,13;825,2,9,26;235,2,203,298;250,1,257;99,1,215;399,1,101;36,1,182;267,1,145;725,1,199;619,1,197;242,1,126;316,1,320;45,1,236;970,1,61;331,1,432;872,1,168;474,1,122;141,1,212;340,1,237;148,1,71;819,1,124;686,1,209;561,1,71;849,1,251;922,1,55;20,1,130;350,1,206;351,1,83;765,1,107;788,1,48;900,1,61;575,1,89;539,1,202;483,1,119;444,1,160;189,1,250;257,1,81;870,1,97;238,1,362;694,1,137;530,1,155;376,1,211;546,1,141;385,1,111;459,1,107;596,1,88;702,1,298;295,1,131
329,111,139:481,7,29,58,200,225,316,322,327;277,4,16,46,93,237;827,3,77,136,179;979,3,7,27,67;168,3,16,32,63;750,3,12,24,51;91,2,55,79;598,2,66,176;439,2,57,111;636,2,116,151;355,2,20,31;59,2,132,185;482,2,134,202;769,2,104,110;451,2,70,239;511,2,123,164;395,2,78,178;250,1,259;882,1,84;838,1,96;264,1,237;773,1,98;102,1,86;678,1,124;37,1,242;103,1,172;308,1,75;309,1,60;242,1,145;969,1,85;472,1,167;682,1,77;597,1,54;321,1,169;128,1,98;129,1,161;436,1,90;466,1,48;779,1,139;879,1,67;133,1,145;136,1,209;333,1,114;405,1,134;895,1,46;808,1,95;873,1,162;340,1,228;18,1,23;686,1,47;859,1,49;341,1,182;151,1,55;19,1,108;977,1,93;519,1,59;51,1,69;897,1,54;53,1,144;734,1,93;162,1,193;925,1,81;417,1,46;573,1,76;177,1,82;179,1,254;740,1,265;790,1,193;768,1,114;953,1,19;648,1,31;421,1,175;422,1,100;274,1,114;189,1,239;583,1,241;195,1,171;478,1,143;487,1,123;497,1,105;68,1,89;447,1,118;586,1,96;746,1,81;972,1,60;398,1,29;499,1,90;695,1,121;814,1,66;5,1,122;500,1,64;801,1,38;698,1,46;771,1,61;450,1,280;469,1,96;284,1,160;973,1,85;215,1,38;942,1,70;218,1,71;29,1,221;30,1,136;772,1,38;455,1,51;224,1,191;480,1,79;470,1,152;595,1,40;293,1,44;662,1,88
330,4,6:316,3,56,145,390;250,1,269;18,1,32;51,1,78
331,14,15:116,2,166,212;250,1,278;114,1,105;18,1,98;890,1,56;407,1,47;996,1,62;57,1,87;178,1,158;790,1,194;245,1,191;67,1,161;6,1,35;85,1,136
332,65,78:4,5,11,42,75,172,200;497,3,52,61,199;965,3,3,8,20;119,2,31,122;829,2,66,200;338,2,90,189;341,2,73,165;538,2,25,219;250,1,284;432,1,138;601,1,367;551,1,80;303,1,183;678,1,56;305,1,46;618,1,151;711,1,22;435,1,172;115,1,52;14,1,32;123,1,271;597,1,67;127,1,69;130,1,121;437,1,362;134,1,185;270,1,202;685,1,135;557,1,64;46,1,94;17,1,269;705,1,128;19,1,110;874,1,109;733,1,365;157,1,123;960,1,35;160,1,176;688,1,85;354,1,191;174,1,33;61,1,161;539,1,128;179,1,110;740,1,143;644,1,248;577,1,44;181,1,144;183,1,198;65,1,54;467,1,113;704,1,136;373,1,115;676,1,263;209,1,239;451,1,90;452,1,118;837,1,86;217,1,112;224,1,50;79,1,110;226,1,123;31,1,415;429,1,243;670,1,420
333,17,18:840,2,33,47;250,1,309;623,1,11;481,1,234;597,1,340;141,1,260;556,1,21;632,1,84;874,1,29;519,1,67;766,1,208;953,1,16;911,1,55;747,1,97;377,1,225;288,1,35;457,1,75
334,168,296:740,6,99,114,157,208,221,231;69,6,9,27,47,78,149,194;320,5,124,130,173,191,273;273,5,38,83,88,93,151;4,5,4,35,93,253,264;652,5,19,44,156,191,197;231,5,6,18,54,88,138;601,4,251,314,325,338;252,4,131,204,207,219;316,4,32,81,141,169;43,4,180,211,279,304;131,4,81,104,109,134;819,4,73,77,109,151;406,4,117,133,146,170;189,4,161,182,189,243;398,4,90,104,127,133;428,4,20,40,65,82;232,4,5,13,32,57;681,3,79,89,93;417,3,288,317,336;860,3,169,190,225;645,3,2,7,80;366,3,159,182,208;367,3,34,110,152;370,3,19,38,101;704,3,78,90,164;372,3,155,166,217;281,3,103,110,204;285,3,85,91,103;221,3,141,154,193;429,3,175,259,295;722,3,21,42,133;551,2,64,107;306,2,371,430;310,2,148,155;110,2,167,195;111,2,46,88;402,2,114,195;42,2,197,230;414,2,133,136;125,2,139,262;128,2,121,146;331,2,3,13;140,2,59,116;896,2,141,145;996,2,14,28;961,2,42,56;57,2,109,123;418,2,70,102;58,2,116,172;180,2,129,176;810,2,76,87;364,2,133,166;444,2,186,200;238,2,241,297;467,2,108,176;67,2,93,130;587,2,98,123;26,2,145,200;426,2,137,157;659,2,85,126;31,2,111,166;293,2,109,127;230,2,70,76;702,2,63,186;661,2,155,181;295,2,119,190;249,2,171,193;235,2,235,260;250,1,318;88,1,105;906,1,57;838,1,104;853,1,121;93,1,113;251,1,129;709,1,81;774,1,242;552,1,79;35,1,81;891,1,107;613,1,99;240,1,319;103,1,302;311,1,62;619,1,194;315,1,50;622,1,182;115,1,236;38,1,177;603,1,137;471,1,107;597,1,41;321,1,221;817,1,36;2,1,282;466,1,107;684,1,167;970,1,60;270,1,101;685,1,65;506,1,164;336,1,55;729,1,224;808,1,189;146,1,63;630,1,65;18,1,173;148,1,26;730,1,99;559,1,103;416,1,94;840,1,69;518,1,42;561,1,120;19,1,76;153,1,90;439,1,109;782,1,86;841,1,79;408,1,90;520,1,52;20,1,210;538,1,57;689,1,93;164,1,53;244,1,56;352,1,124;22,1,277;572,1,108;908,1,46;813,1,98;63,1,247;715,1,66;875,1,33;442,1,62;476,1,198;761,1,112;650,1,87;188,1,207;191,1,47;692,1,245;65,1,121;195,1,41;694,1,141;68,1,181;200,1,156;425,1,75;676,1,252;695,1,129;27,1,100;376,1,152;464,1,158;771,1,161;377,1,165;72,1,176;1,1,113;934,1,121;382,1,61;772,1,100;848,1,68;751,1,110;80,1,146;701,1,161;549,1,103;660,1,23;461,1,69;236,1,74
335,3,3:250,1,324;485,1,108;258,1,168
336,25,32:622,2,154,163;134,2,277,424;894,2,37,97;733,2,224,231;960,2,5,16;574,2,70,115;676,2,41,66;250,1,335;882,1,82;11,1,90;309,1,59;312,1,64;535,1,161;597,1,30;673,1,38;144,1,133;493,1,277;568,1,112;364,1,70;275,1,126;796,1,78;902,1,28;69,1,102;702,1,176;967,1,79
337,1,1:250,1,337
338,37,59:24,4,21,43,85,131;83,4,23,48,69,363;451,3,62,129,132;393,3,19,40,81;420,2,18,37;180,2,11,30;189,2,117,136;477,2,199,220;67,2,25,51;584,2,16,33;499,2,30,60;280,2,16,44;589,2,150,155;479,2,74,77;396,2,27,54;236,2,20,49;250,1,346;90,1,63;865,1,79;866,1,54;603,1,152;817,1,242;45,1,63;466,1,98;149,1,40;880,1,84;158,1,102;20,1,91;63,1,203;649,1,49;187,1,83;188,1,102;370,1,80;261,1,93;70,1,89;385,1,72;394,1,99
339,13,19:608,4,5,14,27,39;118,4,3,12,83,134;93,1,142;433,1,15;240,1,231;905,1,208;150,1,152;63,1,153;649,1,90;425,1,61;453,1,177;904,1,40;292,1,80
340,42,111:828,11,10,15,30,35,44,50,76,102,118,137,160;110,9,11,22,44,96,146,157,205,296,329;289,7,7,14,25,32,56,75,142;315,5,5,13,28,95,134;118,5,31,38,49,102,122;331,5,23,43,112,249,280;291,5,6,12,22,44,67;317,4,4,12,33,57;575,4,5,14,36,63;216,4,5,12,31,173;608,3,6,15,28;35,3,12,25,48;116,3,15,30,44;683,3,9,18,24;809,3,23,46,89;675,3,12,24,40;904,3,5,10,24;316,2,68,365;713,2,8,31;437,2,358,465;60,2,33,89;600,2,58,124;227,2,64,93;262,1,139;264,1,118;114,1,98;268,1,163;867,1,77;321,1,229;138,1,147;142,1,281;415,1,116;604,1,65;898,1,27;359,1,77;644,1,183;182,1,144;651,1,189;583,1,306;78,1,75;967,1,58;663,1,143
341,180,282:121,5,2,14,33,144,164;880,5,2,17,61,76,104;24,5,243,248,266,282,314;69,5,13,31,50,107,197;85,5,3,17,34,88,134;98,4,1,8,21,54;402,4,2,15,28,87;519,4,6,17,29,211;181,4,20,73,174,240;931,4,3,11,28,50;912,4,4,18,33,88;234,4,2,11,179,199;40,3,2,14,33;672,3,120,153,179;419,3,3,13,40;768,3,11,22,48;577,3,6,12,19;275,3,2,7,87;229,3,30,97,133;708,3,34,65,132;33,2,39,118;550,2,47,111;266,2,2,27;412,2,3,14;512,2,2,15;313,2,70,88;314,2,109,196;116,2,98,120;123,2,100,149;597,2,70,100;127,2,8,20;893,2,3,14;894,2,18,107;332,2,1,13;136,2,48,104;141,2,93,156;46,2,70,300;809,2,1,24;631,2,4,16;346,2,44,102;167,2,21,101;668,2,43,142;675,2,79,86;835,2,1,11;539,2,50,83;790,2,9,18;645,2,13,96;953,2,2,6;822,2,80,133;914,2,7,19;447,2,2,17;653,2,66,77;989,2,3,12;451,2,196,280;381,2,36,239;942,2,7,19;1,2,59,76;547,2,1,6;748,2,7,18;749,2,10,24;222,2,128,142;720,2,7,18;858,2,111,126;84,2,1,10;755,2,59,217;608,1,21;815,1,127;88,1,65;983,1,52;91,1,136;92,1,215;93,1,156;433,1,82;611,1,24;601,1,34;34,1,149;301,1,50;491,1,64;612,1,21;776,1,47;992,1,26;252,1,164;11,1,138;305,1,94;306,1,122;37,1,189;307,1,65;671,1,29;12,1,103;618,1,179;312,1,146;620,1,40;816,1,23;113,1,235;120,1,214;623,1,48;254,1,354;414,1,72;817,1,245;324,1,43;504,1,72;505,1,21;625,1,27;466,1,88;269,1,247;134,1,353;537,1,44;270,1,76;335,1,138;336,1,93;666,1,39;808,1,270;559,1,160;149,1,128;150,1,104;840,1,59;342,1,34;560,1,28;921,1,134;764,1,52;344,1,119;959,1,53;733,1,319;842,1,76;521,1,64;988,1,12;55,1,178;166,1,50;641,1,99;358,1,92;572,1,75;642,1,164;575,1,66;830,1,15;910,1,18;578,1,102;964,1,35;742,1,117;421,1,249;365,1,144;444,1,36;245,1,228;187,1,144;692,1,180;445,1,11;66,1,159;195,1,239;478,1,20;487,1,73;371,1,57;652,1,195;400,1,54;448,1,26;425,1,66;203,1,22;586,1,62;798,1,45;209,1,146;695,1,103;770,1,29;376,1,254;453,1,41;214,1,255;592,1,39;221,1,48;937,1,19;938,1,36;772,1,146;848,1,41;223,1,75;411,1,150;79,1,62;978,1,70;389,1,32;230,1,18;599,1,102;670,1,413;722,1,170;852,1,78;878,1,29
342,65,113:20,7,10,29,55,96,107,185,234;844,6,16,69,96,146,218,245;716,5,6,18,58,81,113;823,5,7,27,44,84,98;574,4,65,78,146,278;38,3,3,18,79;437,3,111,228,238;46,3,395,498,532;717,3,6,16,50;276,3,228,281,333;69,3,139,216,234;252,2,269,307;303,2,193,273;103,2,96,110;905,2,100,233;565,2,38,121;765,2,54,94;418,2,100,164;856,2,141,178;61,2,101,177;580,2,69,106;274,2,51,121;914,2,1,13;699,2,189,229;887,2,92,111;608,1,45;35,1,33;678,1,235;108,1,219;315,1,51;884,1,107;118,1,146;624,1,216;712,1,49;243,1,49;673,1,97;134,1,295;894,1,67;415,1,238;144,1,90;863,1,125;147,1,140;562,1,288;897,1,89;162,1,36;637,1,22;350,1,82;786,1,96;441,1,83;355,1,87;356,1,55;573,1,128;675,1,31;575,1,23;62,1,70;930,1,93;718,1,41;191,1,136;796,1,93;542,1,97;80,1,108;850,1,85;702,1,106;394,1,121;670,1,274
343,18,26:267,5,3,12,98,138,169;254,2,67,358;945,2,61,103;201,2,181,357;215,2,144,168;608,1,47;239,1,338;116,1,55;253,1,207;13,1,31;324,1,107;519,1,227;638,1,210;364,1,182;585,1,32;801,1,42;991,1,128;411,1,85
344,29,31:48,2,136,194;692,2,207,261;608,1,57;397,1,350;306,1,378;615,1,83;621,1,64;113,1,61;402,1,263;319,1,185;41,1,265;254,1,258;624,1,31;255,1,151;269,1,96;134,1,234;762,1,226;150,1,42;979,1,80;924,1,107;191,1,39;467,1,239;207,1,66;377,1,147;285,1,169;72,1,43;457,1,135;702,1,349;394,1,145
345,80,101:92,3,147,202,258;341,3,149,234,328;346,3,173,201,226;860,3,77,107,267;467,3,130,152,244;585,3,185,220,300;670,3,36,158,365;491,2,37,113;905,2,252,311;555,2,137,147;756,2,42,52;159,2,117,234;456,2,164,187;805,2,84,102;608,1,60;91,1,311;773,1,95;554,1,257;113,1,273;535,1,126;435,1,118;39,1,301;268,1,170;40,1,119;319,1,195;121,1,119;254,1,82;43,1,254;504,1,59;327,1,87;133,1,163;141,1,123;144,1,227;604,1,116;46,1,162;507,1,80;633,1,51;952,1,48;841,1,159;522,1,111;160,1,117;898,1,49;350,1,116;166,1,187;566,1,72;765,1,93;786,1,93;21,1,86;706,1,154;573,1,144;642,1,120;821,1,73;482,1,149;766,1,226;363,1,233;364,1,88;790,1,90;715,1,138;422,1,102;444,1,107;369,1,95;652,1,109;68,1,220;447,1,103;544,1,65;747,1,69;972,1,112;280,1,149;885,1,52;545,1,53;282,1,91;802,1,197;214,1,39;217,1,92;73,1,98;912,1,62;410,1,75;388,1,101;230,1,134;662,1,156
346,7,8:543,2,163,227;608,1,61;865,1,21;839,1,54;628,1,87;46,1,85;575,1,93
347,119,213:91,6,77,84,135,181,204,236;266,6,9,34,53,97,154,200;626,6,6,24,40,92,133,172;160,6,3,25,104,123,132,191;301,5,5,29,82,132,186;558,5,5,15,30,67,84;920,5,5,15,28,61,85;354,5,1,6,12,145,222;177,5,4,14,56,70,173;431,4,1,7,32,86;775,4,1,15,44,93;308,4,1,15,37,103;465,4,8,21,82,93;686,4,9,19,53,224;56,4,56,75,104,148;670,4,124,140,199,248;300,3,78,94,117;306,3,289,304,318;110,3,143,314,345;119,3,26,32,90;682,3,22,72,87;255,3,139,215,237;269,3,7,25,48;762,3,11,23,91;542,3,44,64,72;86,2,1,9;982,2,51,71;817,2,146,263;138,2,74,177;896,2,87,112;356,2,2,16;691,2,111,120;363,2,1,15;767,2,48,55;909,2,39,85;366,2,140,149;585,2,310,507;586,2,41,102;798,2,72,192;32,2,313,362;906,1,135;838,1,117;853,1,71;610,1,69;264,1,87;302,1,151;252,1,193;412,1,106;11,1,151;240,1,225;305,1,96;614,1,139;513,1,218;103,1,266;679,1,87;553,1,28;12,1,179;618,1,59;113,1,244;555,1,113;39,1,248;268,1,181;481,1,162;414,1,186;324,1,40;129,1,172;463,1,128;243,1,66;134,1,150;537,1,85;335,1,140;144,1,222;889,1,99;829,1,87;493,1,93;863,1,156;763,1,81;561,1,67;849,1,273;154,1,116;733,1,239;565,1,62;637,1,93;163,1,198;737,1,11;568,1,107;641,1,57;175,1,79;642,1,107;574,1,271;539,1,218;766,1,95;180,1,146;3,1,124;577,1,92;645,1,81;875,1,24;581,1,144;669,1,56;793,1,91;65,1,94;369,1,98;477,1,107;497,1,172;467,1,293;446,1,93;652,1,194;280,1,127;210,1,153;261,1,80;285,1,198;546,1,209;380,1,317;938,1,64;600,1,111;858,1,37;459,1,74;549,1,28;393,1,190
348,136,307:89,5,7,16,56,87,120;891,5,1,12,41,51,85;108,5,7,15,124,164,220;819,5,5,11,25,61,120;947,5,6,16,67,74,82;652,5,101,115,126,239,273;382,5,3,12,30,59,87;721,5,16,36,63,123,200;306,4,6,18,31,240;314,4,12,25,119,147;871,4,5,14,147,190;977,4,3,11,28,74;153,4,29,60,92,136;952,4,10,22,38,59;736,4,4,10,19,67;987,4,6,13,25,44;766,4,5,17,28,195;363,4,5,19,43,149;207,4,9,25,37,139;751,4,6,20,41,61;549,4,2,10,59,71;88,3,4,11,19;709,3,5,22,53;551,3,7,23,138;775,3,5,19,36;252,3,12,25,145;43,3,12,30,58;405,3,1,10,22;628,3,5,18,34;829,3,14,32,46;666,3,7,26,42;559,3,11,27,64;341,3,11,24,130;439,3,11,23,30;782,3,11,26,36;897,3,6,13,39;924,3,12,28,53;171,3,3,13,28;908,3,12,25,55;539,3,21,45,64;794,3,12,24,38;525,3,17,34,72;206,3,9,18,285;374,3,11,22,39;747,3,6,15,25;25,3,11,22,41;696,3,5,14,23;846,3,6,16,41;545,3,7,15,43;546,3,13,26,46;591,3,6,24,48;387,3,86,97,202;32,3,12,26,424;511,3,120,131,147;81,3,7,14,34;230,3,1,9,28;834,3,13,31,43;531,3,5,23,48;85,3,5,19,37;878,3,6,13,36;86,2,4,12;601,2,7,23;251,2,7,19;302,2,160,202;553,2,6,18;619,2,7,24;816,2,9,19;879,2,13,26;16,2,5,15;685,2,54,118;841,2,43,160;353,2,5,11;792,2,6,19;275,2,44,54;409,2,10,23;801,2,30,44;464,2,94,125;379,2,65,127;214,2,119,131;75,2,59,84;456,2,17,35;805,2,1,9;610,1,46;550,1,91;774,1,50;552,1,26;969,1,91;554,1,26;319,1,35;120,1,47;237,1,267;597,1,319;125,1,120;893,1,88;625,1,80;140,1,101;896,1,90;507,1,72;340,1,49;630,1,70;18,1,60;979,1,101;880,1,79;567,1,27;739,1,73;668,1,57;360,1,118;642,1,20;645,1,107;875,1,59;421,1,47;669,1,47;484,1,51;64,1,276;744,1,27;478,1,18;510,1,31;498,1,73;208,1,100;375,1,74;26,1,55;933,1,32;69,1,90;215,1,198;719,1,57;287,1,71;30,1,186;699,1,161;750,1,45;991,1,93;752,1,62;489,1,23;913,1,58;660,1,59;663,1,52;708,1,39
349,42,109:108,9,4,12,18,121,149,159,187,294,333;947,7,3,13,24,59,64,71,79;293,7,5,10,84,97,105,113,123;243,6,8,21,30,55,82,104;86,5,7,15,38,71,95;353,5,2,8,22,60,159;230,5,5,13,25,44,63;679,4,3,10,29,65;268,4,2,13,144,206;85,4,8,22,46,84;513,3,2,15,170;104,3,3,15,42;241,3,46,96,126;817,3,8,21,167;625,3,2,14,35;926,3,14,29,93;89,2,8,17;758,2,5,13;107,2,73,132;319,2,89,149;324,2,90,132;893,2,34,66;55,2,4,15;8,2,5,27;395,2,18,38;240,1,348;106,1,50;553,1,53;120,1,272;985,1,59;812,1,20;629,1,37;342,1,114;560,1,82;155,1,92;348,1,90;272,1,99;444,1,94;745,1,82;946,1,190;755,1,32;708,1,47
350,31,37:452,3,57,305,650;617,2,11,23;403,2,123,230;529,2,51,64;754,2,5,11;86,1,22;91,1,63;94,1,33;96,1,30;724,1,21;620,1,13;621,1,210;759,1,159;333,1,84;493,1,84;507,1,42;975,1,43;520,1,217;640,1,78;578,1,72;193,1,46;676,1,74;209,1,55;210,1,131;606,1,160;381,1,134;216,1,74;218,1,114;73,1,29;834,1,214;461,1,120
351,74,85:601,3,202,226,410;452,3,96,235,317;709,2,132,191;778,2,50,141;125,2,104,345;665,2,1,14;341,2,168,373;418,2,272,353;281,2,178,187;86,1,25;397,1,227;838,1,136;433,1,41;94,1,34;264,1,257;239,1,154;304,1,90;710,1,20;37,1,168;974,1,187;40,1,138;121,1,138;672,1,150;123,1,196;624,1,153;129,1,75;505,1,95;436,1,34;437,1,428;131,1,153;134,1,142;727,1,111;331,1,306;332,1,158;270,1,127;493,1,384;438,1,36;340,1,222;17,1,254;559,1,138;705,1,133;874,1,166;346,1,145;961,1,57;714,1,106;56,1,118;789,1,104;58,1,82;574,1,87;362,1,99;810,1,91;578,1,73;579,1,124;580,1,168;540,1,97;193,1,44;66,1,51;238,1,281;477,1,208;370,1,215;373,1,252;207,1,78;1,1,53;287,1,65;748,1,174;73,1,72;76,1,74;720,1,205;290,1,36;470,1,148;292,1,34;850,1,114;391,1,101;461,1,121
352,46,51:94,2,35,66;264,2,22,263;37,2,36,223;974,2,41,192;341,2,95,374;86,1,26;906,1,153;944,1,16;610,1,129;262,1,166;304,1,96;617,1,30;241,1,114;312,1,167;465,1,169;535,1,234;144,1,58;559,1,139;342,1,183;152,1,173;561,1,86;945,1,85;923,1,43;733,1,120;842,1,110;960,1,51;244,1,36;567,1,78;58,1,52;362,1,104;643,1,149;576,1,196;645,1,47;578,1,54;793,1,128;190,1,173;192,1,133;807,1,54;373,1,253;932,1,79;284,1,32;381,1,171;386,1,82;83,1,185;703,1,82;670,1,355
353,7,8:86,2,27,80;555,1,169;515,1,54;160,1,105;538,1,200;575,1,49;834,1,224
354,88,187:342,6,8,22,42,64,79,193;560,6,10,21,36,46,161,170;609,5,3,12,66,106,233;11,5,8,19,42,84,93;331,5,79,187,225,329,387;46,5,372,442,508,547,563;182,5,101,114,146,185,229;93,4,1,10,46,79;339,4,5,17,31,44;898,4,1,10,33,42;963,4,1,6,26,73;901,4,6,16,33,75;911,4,1,9,31,69;67,4,125,210,242,273;657,4,71,92,98,175;887,4,25,33,74,129;239,3,19,44,58;138,3,102,129,138;958,3,6,18,46;808,3,6,19,63;169,3,1,11,23;821,3,82,92,151;740,3,95,147,212;3,3,295,310,336;543,3,7,19,93;870,3,3,13,23;376,3,72,212,225;100,2,64,117;775,2,164,277;103,2,44,120;117,2,64,84;556,2,7,17;984,2,10,21;341,2,274,281;151,2,111,164;976,2,6,20;988,2,2,7;868,2,1,12;175,2,54,99;22,2,151,170;900,2,1,9;359,2,128,157;962,2,1,14;766,2,176,231;363,2,73,104;447,2,4,19;755,2,116,144;86,1,36;709,1,206;774,1,134;905,1,288;310,1,53;12,1,221;111,1,62;762,1,241;142,1,61;626,1,193;604,1,144;686,1,87;559,1,210;149,1,68;605,1,113;354,1,67;908,1,42;178,1,154;364,1,63;830,1,4;864,1,123;444,1,153;761,1,134;669,1,74;188,1,141;191,1,66;769,1,73;583,1,300;64,1,124;4,1,251;5,1,87;451,1,142;30,1,101;411,1,140;459,1,98;429,1,326;825,1,72;393,1,101;233,1,104;967,1,31;852,1,68
355,19,19:86,1,41;87,1,52;97,1,147;264,1,270;304,1,103;905,1,279;974,1,179;505,1,69;436,1,99;780,1,113;516,1,74;343,1,87;349,1,85;786,1,40;354,1,187;57,1,92;795,1,91;276,1,245;498,1,181
356,28,31:45,2,175,268;685,2,44,106;814,2,115,138;86,1,44;33,1,104;598,1,142;310,1,89;119,1,55;682,1,144;493,1,34;808,1,42;54,1,86;60,1,84;575,1,51;964,1,61;743,1,74;792,1,29;716,1,36;717,1,34;245,1,38;191,1,81;276,1,348;199,1,234;876,1,158;587,1,100;606,1,117;912,1,158;752,1,69
357,70,154:452,12,1,16,23,38,46,176,196,228,253,278,352,374;116,11,2,17,101,123,158,172,202,222,235,243,268;974,5,4,16,112,151,182;147,5,2,14,43,71,94;177,5,9,19,34,100,161;233,5,1,18,38,58,84;513,4,6,19,47,224;15,4,7,23,48,82;63,4,11,25,45,186;854,3,36,71,115;403,3,153,202,221;855,3,10,20,26;144,3,7,23,40;896,3,4,16,45;763,3,2,13,73;155,3,8,27,63;3,3,69,169,322;703,3,46,49,90;393,3,2,23,50;397,2,354,377;91,2,346,380;612,2,3,13;120,2,219,251;330,2,6,18;628,2,59,153;781,2,76,135;958,2,2,14;494,2,3,14;161,2,99,189;637,2,1,9;163,2,116,133;173,2,10,30;572,2,94,118;810,2,41,65;767,2,20,135;245,2,213,257;594,2,66,234;86,1,49;944,1,23;94,1,41;240,1,261;107,1,32;618,1,199;682,1,98;415,1,173;889,1,62;829,1,193;666,1,56;558,1,95;46,1,609;48,1,215;859,1,58;849,1,91;979,1,108;520,1,187;55,1,190;638,1,28;856,1,63;813,1,40;364,1,80;182,1,213;911,1,113;193,1,181;543,1,135;770,1,143;751,1,53;913,1,60;459,1,49;660,1,67;234,1,98
358,44,46:96,2,39,254;582,2,80,93;86,1,54;865,1,36;610,1,112;264,1,215;854,1,111;304,1,57;103,1,306;905,1,182;883,1,139;622,1,92;437,1,205;131,1,160;872,1,112;142,1,170;626,1,74;873,1,150;636,1,85;520,1,77;925,1,45;689,1,218;785,1,68;570,1,86;668,1,149;642,1,69;767,1,16;742,1,98;580,1,133;914,1,33;508,1,82;651,1,217;543,1,43;467,1,203;525,1,61;695,1,73;707,1,104;380,1,183;221,1,41;79,1,58;978,1,52;32,1,169;230,1,31;396,1,94
359,22,22:86,1,55;265,1,80;252,1,53;905,1,183;681,1,28;319,1,45;888,1,95;129,1,125;136,1,252;626,1,75;493,1,365;873,1,151;636,1,86;20,1,127;354,1,63;651,1,218;425,1,116;585,1,233;876,1,57;697,1,47;978,1,53;32,1,170
360,43,56:982,3,8,19,37;818,3,21,47,71;986,3,12,28,56;86,2,58,98;532,2,13,31;117,2,8,20;537,2,17,38;271,2,127,221;175,2,8,20;594,2,154,174;401,1,23;263,1,68;264,1,195;709,1,63;304,1,37;307,1,22;105,1,39;816,1,138;115,1,141;43,1,163;918,1,46;536,1,143;780,1,110;760,1,45;405,1,38;148,1,39;563,1,57;349,1,109;22,1,370;179,1,179;823,1,65;368,1,69;64,1,361;543,1,195;246,1,145;247,1,155;283,1,152;6,1,201;385,1,184;410,1,42;223,1,48;290,1,65;834,1,69
361,90,184:306,5,7,19,32,86,472;770,5,2,15,52,127,146;751,5,5,19,40,56,100;553,4,10,22,70,83;126,4,3,8,21,112;880,4,4,19,138,163;374,4,10,21,38,53;32,4,11,25,34,423;531,4,12,30,62,127;709,3,11,28,66;309,3,10,22,38;907,3,2,6,24;759,3,3,7,31;268,3,5,16,23;603,3,3,11,109;780,3,13,33,84;873,3,6,21,47;964,3,8,19,40;442,3,3,7,13;794,3,11,23,37;206,3,8,17,284;747,3,5,14,24;902,3,7,16,77;25,3,10,21,40;453,3,58,68,116;546,3,12,25,45;750,3,11,23,50;223,3,11,24,37;81,3,6,13,33;721,3,15,35,122;913,3,16,33,55;429,3,41,257,293;86,2,61,100;838,2,16,34;40,2,48,238;121,2,48,206;122,2,36,93;321,2,104,168;136,2,124,172;666,2,18,37;984,2,8,19;633,2,13,28;181,2,33,262;822,2,7,16;207,2,8,24;208,2,99,130;802,2,13,28;285,2,7,27;392,2,105,124;395,2,15,35;90,1,35;263,1,89;601,1,60;775,1,98;678,1,225;513,1,110;598,1,221;974,1,162;969,1,84;322,1,22;888,1,37;436,1,21;686,1,38;341,1,352;343,1,24;731,1,49;521,1,85;160,1,153;737,1,39;359,1,106;927,1,42;901,1,40;972,1,59;210,1,163;801,1,37;27,1,40;70,1,172;811,1,28;719,1,56;73,1,43;912,1,138;752,1,61;82,1,44;858,1,79;862,1,49;660,1,58;596,1,57;85,1,52;663,1,66;236,1,78
362,133,225:181,6,58,71,87,172,182,197;199,6,5,25,59,130,231,241;414,5,18,39,53,120,181;366,5,3,20,58,91,115;709,4,9,26,50,102;200,4,4,34,78,188;236,4,3,32,166,215;102,3,37,189,210;319,3,138,238,256;46,3,3,11,26;358,3,9,29,45;927,3,6,19,51;539,3,18,42,61;180,3,2,21,109;964,3,4,15,27;187,3,8,30,98;238,3,72,160,183;24,3,10,32,272;885,3,2,13,24;282,3,3,23,52;488,3,12,33,50;286,3,11,38,74;70,3,17,43,77;31,3,9,25,36;292,3,2,17,176;838,2,6,24;254,2,125,295;45,2,43,327;2,2,58,269;140,2,6,19;873,2,43,101;984,2,108,133;157,2,60,146;158,2,98,214;521,2,125,141;163,2,126,222;170,2,6,14;495,2,3,9;843,2,81,124;273,2,9,26;830,2,13,29;875,2,34,44;367,2,134,176;423,2,69,142;67,2,8,34;424,2,2,14;372,2,4,26;258,2,8,35;530,2,7,27;5,2,18,47;589,2,32,69;452,2,547,620;226,2,50,163;429,2,3,23;86,1,68;91,1,68;401,1,163;551,1,53;266,1,113;301,1,109;491,1,147;992,1,95;252,1,173;239,1,187;905,1,98;618,1,49;241,1,91;907,1,42;242,1,146;108,1,362;535,1,77;555,1,102;884,1,189;114,1,83;44,1,163;665,1,112;255,1,94;131,1,162;780,1,220;537,1,170;331,1,117;135,1,58;762,1,232;627,1,33;340,1,37;19,1,49;636,1,74;520,1,79;733,1,150;346,1,55;271,1,194;20,1,59;980,1,92;21,1,149;177,1,26;575,1,31;822,1,219;245,1,195;186,1,31;192,1,204;542,1,93;195,1,106;4,1,131;278,1,270;201,1,109;202,1,122;205,1,97;206,1,175;747,1,21;972,1,72;209,1,128;280,1,198;27,1,37;545,1,103;698,1,87;211,1,54;450,1,376;28,1,165;212,1,60;72,1,89;219,1,57;6,1,53;289,1,98;752,1,33;411,1,65;458,1,48;293,1,31;599,1,84;662,1,81;663,1,55;8,1,94;878,1,96;664,1,160
363,82,124:48,5,1,16,47,189,241;69,5,8,26,46,148,181;710,4,24,41,75,129;727,4,12,49,64,115;11,3,6,17,35;12,3,3,16,28;17,3,153,188,195;163,3,2,13,219;21,3,2,13,140;645,3,1,6,79;580,3,8,19,180;245,3,166,249,268;296,3,168,183,215;789,2,76,107;574,2,8,27;742,2,9,26;579,2,8,25;930,2,8,27;195,2,172,280;376,2,189,230;260,2,5,38;410,2,2,15;394,2,172,192;86,1,73;397,1,201;865,1,49;944,1,54;301,1,118;303,1,228;239,1,327;678,1,169;240,1,414;307,1,59;106,1,81;621,1,33;883,1,18;403,1,197;318,1,113;120,1,164;481,1,249;320,1,209;321,1,83;330,1,53;855,1,48;506,1,79;517,1,56;494,1,54;342,1,190;560,1,159;439,1,120;407,1,97;520,1,83;161,1,148;538,1,147;689,1,126;566,1,86;826,1,38;571,1,100;856,1,77;3,1,51;646,1,133;421,1,212;185,1,117;191,1,82;445,1,14;524,1,18;207,1,114;280,1,287;452,1,634;378,1,211;655,1,142;934,1,120;748,1,110;990,1,57;699,1,298;528,1,94;720,1,141;387,1,198;752,1,48;290,1,172;511,1,55;390,1,27
364,69,79:401,2,48,177;12,2,160,181;331,2,348,462;733,2,131,464;53,2,101,158;814,2,105,135;378,2,87,210;606,2,40,173;548,2,49,145;290,2,109,231;86,1,74;838,1,133;944,1,31;758,1,58;264,1,258;773,1,92;266,1,183;533,1,85;304,1,91;671,1,139;884,1,92;839,1,124;319,1,216;13,1,182;120,1,284;41,1,213;14,1,134;131,1,144;269,1,103;144,1,202;896,1,152;506,1,93;338,1,202;406,1,154;341,1,360;520,1,269;689,1,120;166,1,66;351,1,93;638,1,171;57,1,93;418,1,273;571,1,113;365,1,153;192,1,172;193,1,45;4,1,233;807,1,48;372,1,201;544,1,148;530,1,95;279,1,119;375,1,82;210,1,86;376,1,229;377,1,331;656,1,123;260,1,126;286,1,255;380,1,299;219,1,51;912,1,122;6,1,189;29,1,191;937,1,110;658,1,100;83,1,160;967,1,95;236,1,161
365,6,7:703,2,9,18;86,1,79;37,1,218;123,1,201;60,1,37;599,1,42
366,28,37:94,5,10,24,63,102,169;620,2,16,55;38,2,13,28;47,2,65,93;562,2,250,302;822,2,5,14;86,1,82;91,1,381;884,1,152;13,1,193;41,1,356;328,1,104;338,1,61;519,1,134;733,1,121;575,1,24;61,1,89;813,1,38;790,1,27;368,1,99;4,1,216;606,1,84;847,1,176;848,1,125;31,1,398;83,1,320;295,1,309;235,1,44
367,3,3:86,1,83;769,1,117;411,1,106
368,50,55:269,2,140,216;46,2,466,598;574,2,247,292;718,2,78,185;394,2,110,125;86,1,84;92,1,201;611,1,92;100,1,181;102,1,199;723,1,29;905,1,40;108,1,303;314,1,140;254,1,193;481,1,170;320,1,232;128,1,106;504,1,77;415,1,209;47,1,45;705,1,239;782,1,115;634,1,43;733,1,454;165,1,165;826,1,34;21,1,74;354,1,214;926,1,85;570,1,129;881,1,84;176,1,180;821,1,171;180,1,190;3,1,193;476,1,182;792,1,108;844,1,249;761,1,131;650,1,63;238,1,385;372,1,163;676,1,194;452,1,484;378,1,59;547,1,84;290,1,85;79,1,83;295,1,245
369,16,18:163,2,30,51;284,2,86,107;86,1,90;492,1,29;512,1,109;968,1,76;119,1,142;14,1,34;780,1,202;359,1,38;67,1,54;68,1,155;831,1,95;966,1,76;1,1,124;6,1,116
370,40,55:319,6,11,22,37,208,213,289;845,3,6,16,126;284,3,75,85,155;413,2,8,16;119,2,6,12;437,2,106,154;17,2,225,309;386,2,1,5;228,2,25,86;86,1,92;87,1,132;397,1,312;401,1,234;99,1,20;907,1,100;120,1,36;237,1,38;123,1,157;127,1,31;436,1,30;134,1,36;529,1,52;331,1,30;493,1,386;520,1,127;163,1,35;359,1,37;362,1,15;198,1,50;694,1,31;424,1,31;202,1,174;824,1,78;378,1,43;381,1,113;527,1,14;290,1,39;291,1,88;904,1,50;224,1,34
371,42,44:261,2,69,279;387,2,173,204;86,1,105;89,1,32;92,1,227;95,1,27;34,1,94;11,1,72;37,1,164;104,1,124;681,1,117;866,1,25;116,1,163;318,1,19;118,1,131;119,1,57;812,1,62;674,1,37;141,1,95;144,1,177;46,1,417;686,1,32;921,1,23;151,1,36;860,1,154;668,1,96;360,1,90;575,1,68;643,1,160;421,1,181;185,1,55;477,1,292;800,1,55;208,1,78;375,1,96;885,1,55;933,1,53;217,1,99;385,1,59;528,1,19;470,1,128;700,1,53
372,1,1:86,1,109
373,1,1:86,1,112
374,84,191:541,9,4,13,22,107,149,191,226,237,352;300,8,4,16,41,51,91,102,169,193;98,7,7,14,28,44,56,115,152;87,6,2,11,23,79,96,117;512,5,5,18,30,85,176;653,5,6,20,40,92,108;824,5,1,5,47,77,129;586,5,2,8,30,54,68;593,5,7,15,29,71,76;598,4,16,95,114,219;519,4,11,22,36,216;57,4,12,24,45,102;202,4,8,20,38,50;544,4,26,108,143,152;203,4,7,17,34,110;995,4,6,12,30,42;934,4,4,16,32,158;533,3,3,11,26;14,3,14,28,71;796,3,5,16,43;585,3,18,39,44;205,3,57,89,96;695,3,8,17,128;770,3,9,22,50;404,3,9,28,42;592,3,10,20,65;528,3,6,13,27;832,3,8,16,58;79,3,10,24,44;33,2,12,24;307,2,17,69;38,2,10,25;46,2,120,256;565,2,25,64;206,2,178,200;72,2,37,83;942,2,6,18;951,2,36,71;547,2,24,75;455,2,45,54;227,2,62,73;662,2,7,29;431,1,133;92,1,58;490,1,25;265,1,40;611,1,23;399,1,46;36,1,64;434,1,37;621,1,58;39,1,52;119,1,61;123,1,19;127,1,58;334,1,88;354,1,131;174,1,16;179,1,160;768,1,91;577,1,29;445,1,44;193,1,98;530,1,198;204,1,59;208,1,82;279,1,47;5,1,108;69,1,192;283,1,189;380,1,276;1,1,62;219,1,184;6,1,48;30,1,116;385,1,75;937,1,51;848,1,51;699,1,290;288,1,27;454,1,49;940,1,176;296,1,233;9,1,83
375,1,2:87,2,4,13
376,117,133:264,3,21,67,98;403,3,3,10,47;87,2,5,14;91,2,190,269;534,2,42,249;37,2,222,296;675,2,1,13;646,2,2,10;245,2,59,183;525,2,12,29;380,2,278,345;411,2,110,162;32,2,92,363;83,2,200,314;90,1,73;401,1,233;601,1,173;399,1,121;102,1,167;302,1,203;710,1,23;598,1,173;851,1,76;725,1,207;312,1,149;108,1,223;110,1,133;622,1,71;402,1,320;119,1,48;254,1,391;603,1,48;672,1,173;778,1,167;712,1,152;436,1,35;893,1,95;437,1,301;269,1,232;330,1,73;727,1,114;136,1,189;140,1,152;415,1,223;144,1,241;628,1,73;506,1,186;337,1,151;808,1,241;763,1,69;438,1,40;873,1,252;17,1,176;984,1,88;705,1,93;342,1,71;439,1,65;922,1,18;945,1,69;155,1,87;733,1,247;880,1,98;20,1,193;162,1,204;565,1,49;688,1,145;163,1,205;690,1,57;171,1,61;573,1,99;642,1,128;908,1,82;575,1,41;182,1,118;742,1,48;185,1,106;365,1,224;761,1,187;257,1,75;191,1,33;192,1,87;446,1,81;845,1,154;585,1,216;824,1,76;203,1,100;798,1,123;746,1,221;207,1,141;468,1,95;587,1,90;26,1,244;696,1,82;885,1,53;377,1,203;284,1,31;214,1,207;215,1,35;381,1,235;934,1,41;73,1,146;937,1,57;657,1,83;940,1,82;978,1,28;31,1,385;84,1,78;229,1,109;230,1,33;702,1,326;231,1,34;294,1,100;234,1,91;394,1,116;722,1,197;295,1,298;9,1,63
377,81,161:412,7,36,45,47,64,98,172,228;213,7,50,70,77,86,117,215,252;606,7,11,22,53,92,121,138,146;284,6,2,10,99,132,134,142;576,5,13,26,116,120,124;184,5,11,22,41,64,101;87,4,9,18,76,124;806,4,16,32,74,91;538,4,42,58,224,242;590,4,12,37,62,209;285,4,9,29,56,163;599,4,6,12,24,123;492,3,1,11,27;103,3,10,21,40;522,3,2,23,45;358,3,2,22,58;400,3,10,36,77;664,3,2,26,105;91,2,54,332;401,2,85,274;239,2,169,183;534,2,9,18;678,2,126,278;413,2,2,10;827,2,140,177;515,2,8,16;519,2,10,21;520,2,125,253;172,2,7,17;475,2,10,27;371,2,11,22;449,2,8,16;587,2,69,82;469,2,12,25;427,2,123,140;657,2,31,103;703,2,62,71;397,1,91;609,1,34;433,1,129;94,1,173;601,1,149;300,1,54;680,1,13;402,1,289;435,1,142;403,1,79;319,1,242;237,1,154;130,1,78;779,1,102;894,1,113;335,1,34;506,1,135;557,1,128;151,1,51;256,1,45;562,1,57;347,1,42;163,1,68;178,1,114;643,1,170;577,1,32;444,1,41;245,1,42;542,1,35;487,1,126;205,1,70;281,1,72;450,1,366;452,1,454;260,1,147;404,1,54;937,1,50;411,1,86;456,1,130;292,1,78;825,1,197;702,1,363;670,1,173;461,1,86
378,8,11:261,3,165,180,189;3,2,317,320;87,1,20;324,1,142;562,1,237;58,1,130;669,1,81;548,1,114
379,56,78:73,4,123,127,172,218;161,3,2,10,104;273,3,41,131,178;289,3,18,36,124;755,3,126,188,204;87,2,21,46;713,2,9,32;332,2,58,258;809,2,52,76;860,2,243,277;766,2,106,113;367,2,37,173;64,2,309,348;652,2,253,279;548,2,50,115;458,2,1,7;838,1,139;609,1,206;550,1,39;551,1,120;854,1,99;552,1,72;891,1,102;239,1,105;111,1,42;827,1,116;39,1,45;481,1,357;323,1,51;779,1,69;333,1,123;146,1,59;873,1,153;630,1,23;18,1,72;256,1,113;520,1,81;735,1,81;59,1,171;22,1,238;359,1,94;645,1,108;964,1,59;184,1,139;467,1,193;201,1,238;398,1,93;26,1,226;426,1,62;451,1,301;590,1,161;546,1,179;995,1,16;528,1,65;456,1,296;595,1,54
380,102,198:237,8,57,138,149,158,218,233,256,294;541,7,2,11,20,69,188,272,338;125,6,68,86,93,190,346,355;536,6,21,65,102,119,157,164;8,6,1,23,61,129,290,303;360,5,2,14,31,60,84;408,4,3,12,46,71;842,4,2,14,27,46;824,4,50,108,128,146;995,4,2,8,24,49;663,4,7,25,43,87;403,3,55,77,171;323,3,9,22,29;828,3,1,21,53;327,3,2,22,48;927,3,59,77,91;442,3,1,5,22;743,3,14,33,57;485,3,11,26,97;587,3,11,27,89;770,3,39,83,175;936,3,1,13,102;289,3,3,21,83;877,3,3,15,28;85,3,14,28,51;433,2,104,143;39,2,75,225;321,2,172,211;627,2,2,9;873,2,3,18;631,2,6,18;921,2,69,139;175,2,66,168;359,2,112,181;483,2,64,96;445,2,2,7;193,2,119,143;199,2,185,192;27,2,51,71;452,2,142,157;719,2,41,146;937,2,36,40;903,2,2,10;224,2,37,107;231,2,141,150;395,2,275,278;87,1,24;853,1,21;307,1,62;615,1,120;618,1,130;314,1,132;505,1,107;684,1,115;779,1,154;15,1,137;529,1,59;136,1,180;137,1,87;336,1,53;808,1,50;520,1,66;880,1,34;960,1,37;160,1,150;170,1,68;173,1,128;23,1,96;362,1,140;577,1,55;181,1,277;742,1,114;864,1,73;579,1,122;580,1,166;761,1,81;192,1,241;467,1,106;277,1,309;530,1,199;205,1,72;798,1,53;449,1,66;279,1,123;209,1,200;377,1,338;942,1,60;1,1,58;657,1,150;77,1,32;528,1,89;455,1,31;291,1,61;904,1,58;470,1,163;226,1,144;458,1,30;32,1,291;82,1,68;825,1,196;391,1,102;461,1,23
381,52,104:300,10,3,15,40,74,81,99,112,122,136,176;598,7,4,10,15,36,52,113,194;779,6,8,20,42,92,136,148;450,6,8,16,30,322,338,372;123,4,1,3,96,172;261,4,44,156,202,278;98,3,6,13,27;36,3,5,13,34;57,3,10,22,43;203,3,6,16,108;528,3,5,12,25;593,3,28,37,70;87,2,28,78;92,2,57,146;624,2,9,18;408,2,40,49;163,2,46,91;606,2,8,19;832,2,7,15;79,2,9,23;978,2,5,11;397,1,285;533,1,25;492,1,35;403,1,35;119,1,36;14,1,75;127,1,57;436,1,15;131,1,167;132,1,45;506,1,64;808,1,49;147,1,35;341,1,114;256,1,25;520,1,60;193,1,33;585,1,17;824,1,49;586,1,29;205,1,88;279,1,122;488,1,106;284,1,128;1,1,61;77,1,84;886,1,64;940,1,107;456,1,340;458,1,39;825,1,202
382,13,26:119,4,5,11,25,126;449,4,1,9,27,140;397,3,37,137,288;69,3,12,30,71;87,2,32,119;24,2,9,31;288,2,3,7;36,1,146;413,1,56;123,1,46;334,1,19;344,1,25;354,1,99
383,2,2:87,1,37;941,1,67
384,46,53:37,2,227,264;529,2,66,157;766,2,1,13;450,2,307,328;720,2,182,271;600,2,40,70;661,2,1,11;87,1,39;92,1,35;306,1,152;106,1,9;472,1,97;622,1,34;40,1,253;121,1,220;14,1,151;127,1,41;536,1,18;325,1,24;328,1,46;330,1,34;144,1,36;808,1,211;705,1,249;341,1,169;841,1,15;733,1,416;349,1,91;856,1,28;954,1,33;793,1,81;193,1,77;653,1,105;203,1,104;208,1,87;589,1,156;452,1,88;973,1,19;380,1,142;381,1,183;942,1,44;748,1,151;78,1,30;658,1,34;660,1,110;708,1,81
385,149,206:695,5,7,16,43,96,125;342,4,11,25,45,122;611,3,8,17,52;534,3,45,93,140;615,3,77,126,146;41,3,237,268,323;325,3,5,15,34;160,3,16,38,152;688,3,5,20,61;363,3,154,188,219;32,3,129,186,385;700,3,4,18,38;101,2,10,23;512,2,27,128;905,2,57,226;312,2,39,63;554,2,76,120;125,2,26,330;126,2,98,122;779,2,7,19;134,2,68,129;895,2,109,125;46,2,46,58;48,2,99,230;146,2,88,106;149,2,12,27;560,2,39,90;849,2,43,83;733,2,109,221;158,2,143,158;159,2,386,415;21,2,143,288;994,2,16,36;59,2,34,127;822,2,90,234;761,2,137,216;707,2,154,189;212,2,43,101;70,2,137,166;83,2,193,223;396,2,167,263;296,2,167,214;87,1,40;431,1,26;90,1,26;865,1,51;99,1,207;100,1,58;774,1,98;492,1,209;513,1,208;598,1,205;313,1,46;622,1,85;402,1,380;435,1,148;839,1,58;403,1,102;268,1,106;867,1,51;982,1,48;13,1,96;778,1,175;127,1,26;684,1,149;879,1,169;529,1,95;332,1,218;872,1,204;415,1,167;493,1,337;339,1,59;729,1,230;686,1,172;518,1,59;151,1,202;343,1,81;562,1,221;53,1,309;271,1,145;347,1,50;565,1,139;165,1,118;166,1,64;173,1,102;881,1,140;22,1,114;419,1,54;177,1,164;482,1,227;179,1,158;3,1,48;928,1,80;646,1,120;182,1,132;183,1,171;864,1,109;649,1,114;844,1,239;365,1,128;444,1,133;366,1,236;582,1,134;693,1,119;4,1,178;447,1,104;585,1,410;989,1,93;206,1,152;876,1,92;5,1,178;426,1,120;802,1,134;654,1,103;771,1,115;803,1,108;450,1,254;283,1,114;452,1,230;378,1,253;469,1,37;261,1,197;546,1,85;71,1,72;847,1,25;215,1,115;380,1,242;216,1,167;942,1,45;934,1,176;73,1,228;219,1,111;385,1,259;75,1,17;387,1,158;940,1,140;659,1,109;226,1,166;805,1,93;825,1,161;702,1,140;834,1,139;294,1,131;670,1,258;8,1,117;852,1,104;755,1,159;295,1,212;664,1,222
386,2,2:87,1,49;847,1,47
387,14,18:618,3,2,13,129;693,3,1,17,34;87,1,54;307,1,11;109,1,16;130,1,209;134,1,212;525,1,124;464,1,187;450,1,244;377,1,41;261,1,28;752,1,21;458,1,18
388,9,11:397,3,6,15,222;87,1,64;95,1,39;331,1,31;631,1,95;561,1,162;425,1,132;456,1,327;722,1,102
389,13,17:845,5,5,15,36,102,125;87,1,67;401,1,40;974,1,40;127,1,37;437,1,60;337,1,178;849,1,247;163,1,25;820,1,62;450,1,41;284,1,74;722,1,122
390,26,53:96,8,10,24,47,69,123,150,191,233;585,6,7,15,28,68,253,436;598,5,77,93,215,217,224;276,4,12,40,98,199;401,2,236,245;36,2,35,95;529,2,58,134;890,2,1,14;822,2,200,226;76,2,47,106;940,2,70,144;599,2,60,106;87,1,68;301,1,89;777,1,34;254,1,218;255,1,210;779,1,114;155,1,81;362,1,136;544,1,47;824,1,48;203,1,47;205,1,115;904,1,48;79,1,53
391,4,4:87,1,70;512,1,47;521,1,142;690,1,134
392,2,2:87,1,72;541,1,28
393,44,54:609,3,43,213,257;209,3,40,217,232;426,3,8,28,47;113,2,35,247;116,2,238,252;178,2,21,166;938,2,2,8;87,1,81;397,1,287;882,1,98;774,1,49;239,1,170;38,1,72;120,1,153;437,1,405;872,1,87;137,1,217;139,1,27;763,1,47;605,1,230;634,1,52;996,1,54;897,1,76;418,1,175;994,1,53;856,1,133;482,1,50;476,1,181;864,1,70;370,1,157;371,1,65;447,1,141;946,1,177;207,1,136;695,1,47;450,1,273;452,1,85;261,1,271;384,1,74;936,1,86;939,1,33;832,1,19;292,1,283;394,1,24
394,3,3:87,1,84;418,1,387;939,1,36
395,67,72:300,2,83,139;463,2,104,235;515,2,31,53;940,2,171,180;8,2,212,240;87,1,86;91,1,342;263,1,153;98,1,39;309,1,61;106,1,92;725,1,172;110,1,370;622,1,135;402,1,246;119,1,43;13,1,129;894,1,150;135,1,79;405,1,130;895,1,85;975,1,72;440,1,91;733,1,358;157,1,165;53,1,186;898,1,64;418,1,72;63,1,92;576,1,102;181,1,190;421,1,116;365,1,62;581,1,71;496,1,73;189,1,223;582,1,51;769,1,68;543,1,231;497,1,76;467,1,173;24,1,319;745,1,117;276,1,293;400,1,74;845,1,161;676,1,213;374,1,50;279,1,133;499,1,95;695,1,94;280,1,233;696,1,142;376,1,267;283,1,86;452,1,652;215,1,27;72,1,110;29,1,125;937,1,113;699,1,79;289,1,130;80,1,138;857,1,84;670,1,242;235,1,181;664,1,82
396,157,457:740,11,3,24,45,98,113,156,175,207,220,230,254;64,9,11,35,63,104,176,199,222,272,284;12,8,6,19,32,75,83,112,185,225;702,8,7,19,30,77,224,269,320,419;601,7,45,133,313,324,337,365,381;362,7,3,9,28,38,47,55,66;273,7,5,22,37,82,87,150,187;103,6,3,14,33,167,263,278;138,6,3,12,25,99,133,188;17,6,6,13,84,156,159,278;22,6,6,22,43,188,276,367;364,6,2,16,43,132,165,190;365,6,8,16,86,100,149,160;772,6,6,16,24,56,99,199;848,6,5,15,33,67,101,135;229,6,2,7,16,38,138,160;311,5,5,16,61,87,110;818,5,9,35,59,125,134;142,5,9,25,148,233,252;896,5,12,24,52,110,144;160,5,10,32,54,138,208;692,5,6,20,99,141,244;367,5,2,17,33,109,151;693,5,52,135,163,189,199;67,5,7,33,60,92,129;802,5,2,17,44,163,188;609,4,6,15,229,250;94,4,7,21,96,166;265,4,14,28,93,170;551,4,16,32,63,142;891,4,6,17,27,106;11,4,11,22,39,112;816,4,61,68,73,114;827,4,3,10,19,67;328,4,9,28,103,119;332,4,98,102,220,240;143,4,6,15,32,57;729,4,2,21,183,223;46,4,201,438,461,597;146,4,2,10,18,62;819,4,47,76,136,150;959,4,2,8,17,48;860,4,10,20,168,282;900,4,4,12,20,48;572,4,13,26,38,71;901,4,2,12,29,49;539,4,14,38,60,213;66,4,4,15,36,132;876,4,2,16,39,151;967,4,4,15,34,86;983,3,3,9,26;838,3,5,23,103;264,3,36,49,150;98,3,142,158,172;775,3,11,25,262;917,3,2,11,25;314,3,9,22,55;111,3,23,45,87;777,3,26,68,76;893,3,6,17,73;529,3,12,30,43;556,3,10,20,42;630,3,26,64,89;148,3,22,50,116;984,3,60,118,156;149,3,3,18,52;890,3,7,20,63;731,3,2,13,27;996,3,13,27,72;347,3,2,11,32;908,3,3,16,45;575,3,3,12,30;3,3,245,260,325;715,3,13,29,144;188,3,2,24,206;368,3,17,39,91;870,3,6,16,26;803,3,9,28,52;428,3,19,39,81;221,3,140,153,192;722,3,20,41,132;865,2,5,14;92,2,77,167;433,2,60,69;709,2,17,34;532,2,107,118;399,2,69,132;412,2,132,190;306,2,374,433;307,2,49,80;115,2,25,132;537,2,54,159;628,2,115,139;49,2,5,21;559,2,3,19;341,2,141,157;342,2,61,196;560,2,164,167;782,2,15,30;988,2,5,10;898,2,4,13;826,2,7,19;441,2,2,18;57,2,108,122;994,2,19,39;420,2,71,130;821,2,8,27;363,2,30,172;578,2,3,7;191,2,21,46;194,2,5,17;376,2,220,270;87,1,89;251,1,128;552,1,78;302,1,207;35,1,70;239,1,240;710,1,141;240,1,96;512,1,125;112,1,42;402,1,341;318,1,56;319,1,288;727,1,96;331,1,104;806,1,82;781,1,132;337,1,88;494,1,71;340,1,80;687,1,49;151,1,171;519,1,90;440,1,154;567,1,59;642,1,47;177,1,185;60,1,72;178,1,75;810,1,86;644,1,227;768,1,130;181,1,156;184,1,138;245,1,279;761,1,111;543,1,255;584,1,111;695,1,115;26,1,199;411,1,103;80,1,145;833,1,26;662,1,163;461,1,72
397,46,79:24,5,242,247,265,281,297;219,5,26,70,82,94,182;96,4,14,28,193,278;115,4,44,57,72,117;544,4,66,119,153,178;501,4,56,62,69,86;34,3,58,63,80;58,3,108,119,176;653,3,35,63,119;218,3,83,123,199;564,2,61,119;275,2,90,109;210,2,25,83;6,2,180,197;79,2,97,100;87,1,97;397,1,154;815,1,108;992,1,96;252,1,80;905,1,115;884,1,47;321,1,40;322,1,135;415,1,82;344,1,122;23,1,55;182,1,91;187,1,143;794,1,85;68,1,203;447,1,63;202,1,69;203,1,28;204,1,23;25,1,62;5,1,266;801,1,87;73,1,152;74,1,28;592,1,49;528,1,56;290,1,74;857,1,48;480,1,123;457,1,109
398,21,30:530,4,103,120,138,162;533,2,4,12;653,2,4,18;824,2,38,91;546,2,103,162;934,2,172,227;32,2,78,168;87,1,99;916,1,49;598,1,99;739,1,89;822,1,112;193,1,49;202,1,161;586,1,27;279,1,48;216,1,115;404,1,79;222,1,44;940,1,174;832,1,27
399,81,149:271,9,15,17,33,35,89,95,116,159,197;469,8,8,21,43,52,60,104,121,137;346,7,20,40,65,143,177,205,230;159,7,18,41,72,185,224,277,375;529,5,2,20,37,110,195;237,4,44,82,169,291;261,4,55,73,248,324;225,4,9,21,51,56;226,4,15,34,56,175;399,3,17,34,43;403,3,7,14,185;463,3,10,34,60;130,3,14,28,48;152,3,8,16,58;979,3,2,22,63;4,3,19,50,83;260,3,26,59,95;395,3,88,165,222;414,2,66,83;45,2,96,201;505,2,111,133;474,2,13,32;467,2,180,229;453,2,108,190;751,2,1,15;87,1,101;91,1,191;266,1,231;100,1,73;36,1,37;267,1,26;239,1,141;616,1,42;618,1,85;918,1,128;128,1,88;2,1,61;328,1,88;135,1,38;137,1,52;141,1,73;494,1,44;686,1,24;730,1,123;841,1,114;53,1,78;925,1,66;354,1,51;168,1,65;171,1,129;570,1,134;58,1,182;177,1,192;179,1,49;3,1,362;768,1,71;421,1,202;187,1,129;366,1,226;64,1,251;65,1,50;238,1,189;202,1,146;676,1,257;946,1,159;248,1,61;211,1,70;379,1,120;546,1,80;847,1,75;948,1,34;73,1,39;404,1,103;699,1,193;222,1,95;940,1,29;480,1,101;511,1,127;913,1,49;660,1,39;462,1,130
400,1,1:87,1,109
401,5,6:520,2,9,26;87,1,116;269,1,233;350,1,198;181,1,215
402,13,13:87,1,126;601,1,405;866,1,60;665,1,80;515,1,123;164,1,7;60,1,82;580,1,187;844,1,197;212,1,132;886,1,50;939,1,51;904,1,29
403,46,47:446,2,77,96;87,1,127;265,1,137;98,1,175;601,1,246;252,1,169;512,1,142;905,1,278;105,1,144;969,1,78;711,1,114;123,1,204;624,1,228;437,1,191;779,1,142;133,1,39;829,1,184;517,1,108;873,1,183;849,1,301;343,1,156;440,1,167;733,1,359;688,1,121;354,1,217;642,1,113;361,1,181;179,1,217;742,1,112;245,1,283;192,1,254;583,1,286;202,1,162;824,1,104;876,1,127;770,1,79;464,1,140;450,1,290;427,1,94;214,1,19;74,1,93;594,1,201;470,1,93;32,1,167;7,1,84;834,1,216
404,2,2:87,1,129;274,1,137
405,24,34:583,4,2,18,56,176;37,3,2,10,267;452,3,126,160,312;996,2,8,22;158,2,54,97;772,2,1,11;87,1,131;601,1,344;513,1,187;974,1,191;322,1,115;332,1,125;760,1,51;46,1,147;631,1,48;636,1,136;192,1,192;807,1,47;374,1,24;381,1,120;219,1,124;990,1,77;79,1,94;292,1,274
406,37,75:266,6,10,35,54,98,155,192;920,5,6,16,29,62,86;973,5,7,14,27,41,78;354,4,2,7,13,223;179,4,2,12,59,67;431,3,2,8,87;555,3,10,21,45;863,3,35,87,147;715,3,10,26,141;369,3,11,24,46;379,3,43,51,124;316,2,263,276;324,2,93,110;329,2,129,167;46,2,127,313;538,2,124,209;568,2,69,93;856,2,32,200;251,1,96;918,1,76;893,1,52;626,1,100;896,1,106;628,1,98;152,1,72;163,1,83;356,1,67;572,1,67;361,1,175;767,1,49;578,1,98;245,1,159;911,1,37;65,1,95;850,1,92;227,1,43;293,1,32
407,106,283:934,11,11,23,39,55,64,89,100,112,126,184,206;937,10,7,14,22,33,44,76,85,96,115,122;399,9,11,28,38,114,126,145,154,174,182;92,8,10,25,44,100,149,204,218,242;750,7,8,20,46,54,74,89,92;205,6,1,10,26,84,131,142;26,6,109,113,149,168,250,275;973,6,6,13,25,58,64,90;14,5,10,24,52,67,159;979,5,8,28,68,85,102;57,5,7,19,40,56,99;577,5,5,11,18,68,84;202,5,88,113,129,151,156;380,5,83,172,190,234,336;720,5,33,74,84,128,276;32,5,79,156,174,260,342;84,5,3,12,28,80,89;431,4,4,10,64,128;33,4,7,19,70,88;434,4,5,17,32,116;922,4,2,10,31,71;768,4,10,21,51,108;5,4,13,42,96,261;837,4,1,16,32,109;214,4,32,58,70,132;1,4,6,25,39,80;749,4,7,21,45,115;912,4,1,15,39,123;699,4,210,236,246,259;223,4,5,18,28,70;991,4,69,95,112,133;390,4,9,18,30,50;108,3,253,301,310;314,3,6,19,37;586,3,44,50,112;530,3,117,147,156;814,3,30,106,131;379,3,22,41,122;381,3,1,9,93;748,3,43,53,97;30,3,13,43,187;222,3,48,91,111;490,2,17,40;37,2,72,108;313,2,125,138;316,2,26,51;46,2,197,319;154,2,44,87;734,2,76,90;164,2,66,80;179,2,120,259;207,2,38,209;374,2,70,96;25,2,67,77;770,2,62,88;801,2,32,46;719,2,84,153;287,2,61,72;385,2,148,174;220,2,109,118;751,2,57,66;752,2,54,101;82,2,15,30;300,1,207;533,1,74;598,1,89;435,1,253;120,1,246;682,1,181;879,1,106;133,1,155;819,1,33;407,1,108;520,1,179;842,1,100;354,1,44;642,1,136;442,1,48;742,1,121;792,1,131;541,1,282;193,1,141;544,1,174;203,1,51;373,1,260;946,1,37;798,1,44;746,1,200;800,1,74;747,1,55;375,1,59;546,1,121;71,1,50;215,1,199;217,1,116;942,1,54;547,1,18;955,1,42;935,1,40;221,1,299;938,1,46;410,1,46;528,1,80;832,1,52;700,1,111;913,1,59
408,61,97:897,6,49,66,125,150,186,194;978,5,88,111,144,172,183;651,4,68,97,105,207;300,3,75,92,115;325,3,46,60,97;977,3,62,67,95;923,3,62,81,106;644,3,64,91,98;822,3,86,100,228;208,3,34,72,118;261,3,160,179,188;433,2,111,125;240,2,86,181;576,2,97,139;743,2,109,129;606,2,110,126;381,2,47,73;456,2,240,297;702,2,324,347;431,1,14;882,1,109;91,1,382;401,1,239;96,1,133;709,1,130;252,1,254;108,1,84;314,1,168;759,1,183;116,1,128;119,1,119;682,1,209;126,1,197;779,1,104;685,1,137;560,1,145;345,1,44;348,1,190;739,1,138;668,1,133;360,1,35;821,1,165;766,1,196;182,1,148;579,1,140;365,1,27;541,1,339;192,1,125;197,1,177;497,1,117;965,1,62;447,1,131;278,1,36;373,1,43;676,1,274;207,1,170;876,1,124;452,1,99;213,1,121;973,1,17;384,1,67
409,63,93:29,5,22,50,81,88,152;26,4,100,140,156,271;435,3,39,84,133;346,3,10,30,130;749,3,4,18,137;92,2,117,182;774,2,38,58;775,2,54,117;306,2,171,332;104,2,39,63;681,2,83,270;626,2,182,231;340,2,73,108;416,2,27,64;406,2,87,106;341,2,216,296;164,2,86,134;530,2,93,181;814,2,71,82;589,2,46,125;973,2,49,61;700,2,107,141;431,1,19;815,1,39;89,1,116;609,1,80;251,1,54;399,1,60;533,1,116;309,1,102;106,1,142;602,1,66;622,1,178;535,1,81;332,1,129;760,1,32;986,1,63;895,1,72;808,1,112;46,1,341;819,1,18;730,1,95;920,1,70;631,1,100;151,1,207;519,1,115;639,1,36;178,1,51;540,1,34;676,1,94;831,1,118;5,1,220;654,1,41;216,1,57;383,1,12;912,1,98;955,1,21;6,1,205;480,1,48;721,1,93;701,1,157;660,1,69;661,1,169
410,11,13:679,2,23,78;319,2,88,148;431,1,44;513,1,139;108,1,368;270,1,58;808,1,234;58,1,95;642,1,71;847,1,118;72,1,97
411,25,31:377,3,9,29,62;906,2,14,71;197,2,53,144;209,2,115,205;426,2,71,96;431,1,45;397,1,303;88,1,68;776,1,66;905,1,213;313,1,162;472,1,239;45,1,369;625,1,67;538,1,121;980,1,52;826,1,99;640,1,69;575,1,120;180,1,90;864,1,217;692,1,262;4,1,280;68,1,100;699,1,89
412,10,15:64,4,9,33,71,249;891,3,10,21,31;431,1,54;775,1,81;11,1,120;111,1,48;947,1,69;342,1,135;761,1,30;67,1,117
413,26,27:759,2,158,180;431,1,57;262,1,74;611,1,70;252,1,161;36,1,194;303,1,147;103,1,141;725,1,224;622,1,224;403,1,106;129,1,80;760,1,60;493,1,158;150,1,27;566,1,26;171,1,171;577,1,48;953,1,68;581,1,155;206,1,118;70,1,180;837,1,106;72,1,296;456,1,197;7,1,71
414,227,416:168,7,1,17,39,82,106,138,161;456,7,4,22,43,64,194,215,307;34,5,3,19,47,155,177;43,5,9,27,55,176,215;665,5,2,15,27,97,107;46,5,23,381,414,514,640;162,5,1,15,106,140,163;477,5,3,15,35,125,298;601,4,51,115,137,361;124,4,1,14,35,64;466,4,2,21,111,146;684,4,10,27,92,104;780,4,7,27,63,136;762,4,5,17,32,260;507,4,5,18,36,76;353,4,54,77,113,171;186,4,1,11,44,79;486,4,5,27,77,100;446,4,32,48,137,165;652,4,21,46,159,248;770,4,37,75,90,158;69,4,52,140,203,208;248,4,1,21,51,82;226,4,4,23,44,151;661,4,55,178,199,230;709,3,3,20,151;134,3,186,263,304;141,3,101,226,257;339,3,35,39,70;729,3,131,138,215;873,3,74,241,251;159,3,162,268,284;160,3,6,28,51;689,3,5,16,170;643,3,40,124,163;843,3,73,94,118;646,3,33,80,103;421,3,174,176,259;183,3,2,20,199;423,3,75,103,136;196,3,20,55,84;509,3,178,181,218;745,3,1,30,90;206,3,55,293,311;696,3,34,76,128;464,3,1,22,58;426,3,4,24,109;802,3,37,161,169;803,3,6,25,83;221,3,2,17,40;455,3,2,15,60;31,3,119,240,337;913,3,1,18,35;433,2,24,47;100,2,88,99;854,2,104,134;725,2,7,28;314,2,2,15;402,2,98,125;682,2,90,109;254,2,128,143;756,2,60,68;471,2,1,18;624,2,83,189;327,2,119,145;726,2,8,31;473,2,34,52;474,2,3,22;140,2,128,140;604,2,19,124;605,2,119,161;890,2,28,75;519,2,43,229;155,2,84,107;924,2,64,111;637,2,66,80;352,2,95,120;567,2,2,14;927,2,30,64;475,2,1,18;901,2,26,95;476,2,1,13;508,2,23,93;485,2,52,123;467,2,136,251;370,2,97,121;68,2,243,323;201,2,93,365;876,2,34,135;261,2,142,242;453,2,27,84;73,2,178,225;600,2,60,133;457,2,52,99;388,2,53,74;511,2,26,62;805,2,119,132;234,2,112,205;664,2,167,174;431,1,71;397,1,289;432,1,135;93,1,30;94,1,117;550,1,153;97,1,118;35,1,83;36,1,175;239,1,150;678,1,203;613,1,115;434,1,94;37,1,197;615,1,94;108,1,181;111,1,80;465,1,129;112,1,36;316,1,287;39,1,297;40,1,188;949,1,28;118,1,106;319,1,132;120,1,179;121,1,171;122,1,201;918,1,135;597,1,331;321,1,222;126,1,33;888,1,118;129,1,44;505,1,125;828,1,125;893,1,61;673,1,146;894,1,71;332,1,109;872,1,188;760,1,129;270,1,66;144,1,175;145,1,128;337,1,190;49,1,49;809,1,54;840,1,34;151,1,172;975,1,87;635,1,16;841,1,156;563,1,78;50,1,75;51,1,143;157,1,160;417,1,346;55,1,85;714,1,92;165,1,151;349,1,98;785,1,23;826,1,74;21,1,188;926,1,101;690,1,112;788,1,61;56,1,144;899,1,54;572,1,125;908,1,36;420,1,131;495,1,122;362,1,36;62,1,83;740,1,264;180,1,126;813,1,110;63,1,151;364,1,130;576,1,166;644,1,57;928,1,41;182,1,98;743,1,69;929,1,60;716,1,77;444,1,114;187,1,120;651,1,61;583,1,40;64,1,228;24,1,230;67,1,207;544,1,171;746,1,133;972,1,87;409,1,57;398,1,77;902,1,59;588,1,76;26,1,83;376,1,271;545,1,67;654,1,128;28,1,161;590,1,111;213,1,154;72,1,341;1,1,78;719,1,79;912,1,150;404,1,125;428,1,60;220,1,108;753,1,52;79,1,118;502,1,88;470,1,68;429,1,282;230,1,147;702,1,280;834,1,126;393,1,134;670,1,299;722,1,46;967,1,55
415,25,46:973,6,26,37,51,59,74,82;934,5,51,54,56,210,214;951,4,4,12,29,56;214,3,33,59,71;79,3,35,68,81;770,2,28,42;26,2,185,187;379,2,42,123;218,2,139,167;220,2,78,110;431,1,74;541,1,171;190,1,125;544,1,51;203,1,54;746,1,196;374,1,81;972,1,79;25,1,78;211,1,114;451,1,243;546,1,124;71,1,51;1,1,41;75,1,94
416,3,4:431,2,77,108;774,1,181;385,1,222
417,62,97:689,7,3,14,89,99,112,173,188;237,6,9,23,50,164,239,286;418,5,43,194,219,226,351;336,3,8,24,47;343,3,64,88,124;638,3,39,66,179;715,3,50,69,80;199,3,9,29,63;802,3,103,130,144;681,2,75,150;535,2,69,220;124,2,9,22;165,2,58,98;846,2,52,98;654,2,36,101;722,2,66,162;878,2,91,120;431,1,81;723,1,161;310,1,44;672,1,50;597,1,323;872,1,39;137,1,46;920,1,55;19,1,52;841,1,83;842,1,63;52,1,34;157,1,43;714,1,85;690,1,72;167,1,71;170,1,55;571,1,58;881,1,124;741,1,73;483,1,50;275,1,121;195,1,152;477,1,196;704,1,162;373,1,198;746,1,142;208,1,128;902,1,66;876,1,81;814,1,56;282,1,55;248,1,55;217,1,36;719,1,106;219,1,188;912,1,94;75,1,40;720,1,262;78,1,108;224,1,161;457,1,39;32,1,237;850,1,109;661,1,143
418,16,17:978,2,145,185;431,1,84;37,1,68;602,1,141;883,1,49;335,1,83;516,1,26;733,1,144;637,1,84;179,1,65;653,1,101;373,1,152;284,1,25;214,1,84;381,1,49;462,1,61
419,153,218:2,6,7,21,35,102,109,319;266,4,5,30,157,189;519,4,8,19,60,180;68,4,72,90,110,236;601,3,79,203,213;415,3,15,34,142;520,3,92,170,218;356,3,10,24,114;768,3,7,18,81;452,3,97,131,318;453,3,52,82,208;531,3,16,34,66;397,2,20,270;89,2,63,92;610,2,10,28;301,2,1,25;613,2,83,116;319,2,217,284;414,2,5,26;43,2,2,20;255,2,40,157;712,2,133,156;726,2,2,25;762,2,9,21;145,2,12,24;849,2,7,21;667,2,1,15;159,2,1,24;160,2,1,23;924,2,3,19;166,2,71,179;739,2,4,19;953,2,20,57;911,2,47,139;793,2,12,28;373,2,20,231;676,2,72,197;209,2,138,188;25,2,108,140;770,2,101,116;69,2,43,104;28,2,215,225;381,2,77,135;934,2,97,133;904,2,35,64;700,2,11,25;599,2,124,136;431,1,89;815,1,52;88,1,126;853,1,111;92,1,191;401,1,41;550,1,147;264,1,58;491,1,69;776,1,80;836,1,109;723,1,119;103,1,255;615,1,108;725,1,100;621,1,234;472,1,236;622,1,193;957,1,18;827,1,72;402,1,219;435,1,97;40,1,139;121,1,139;254,1,299;320,1,260;125,1,339;322,1,71;888,1,76;324,1,33;504,1,69;129,1,162;130,1,130;326,1,121;505,1,96;131,1,154;327,1,72;684,1,112;529,1,135;16,1,40;760,1,123;140,1,79;629,1,104;728,1,42;958,1,65;863,1,153;17,1,112;920,1,41;631,1,53;921,1,48;343,1,154;562,1,317;346,1,124;943,1,57;961,1,35;163,1,159;348,1,63;689,1,152;164,1,130;244,1,95;785,1,81;737,1,111;639,1,127;690,1,35;568,1,99;56,1,119;987,1,19;170,1,104;642,1,87;177,1,154;361,1,32;362,1,124;482,1,135;790,1,179;578,1,105;580,1,169;496,1,98;484,1,58;191,1,86;193,1,242;64,1,241;477,1,102;478,1,92;965,1,28;797,1,62;446,1,147;371,1,74;510,1,26;831,1,114;587,1,86;589,1,119;248,1,86;261,1,257;72,1,331;719,1,143;749,1,106;720,1,265;940,1,100;457,1,150;32,1,405;850,1,115;227,1,58;389,1,80;460,1,51;461,1,96;395,1,257
420,47,58:564,5,9,18,21,49,109;431,3,92,109,140;311,3,11,22,56;153,2,3,11;570,2,74,84;583,2,114,125;91,1,80;432,1,89;98,1,203;775,1,251;252,1,310;723,1,141;105,1,119;617,1,33;554,1,145;402,1,300;115,1,165;319,1,199;122,1,174;597,1,105;760,1,95;405,1,77;829,1,93;604,1,88;686,1,105;152,1,106;343,1,225;959,1,42;923,1,24;157,1,99;158,1,79;417,1,160;538,1,129;860,1,280;171,1,102;174,1,34;768,1,65;875,1,43;245,1,181;807,1,99;676,1,137;946,1,123;280,1,199;211,1,109;383,1,25;428,1,77;772,1,141
421,26,42:839,3,12,24,41;437,3,326,352,371;58,3,37,58,133;928,3,11,26,49;252,2,224,275;893,2,39,76;780,2,86,127;17,2,34,260;361,2,165,202;715,2,6,22;376,2,184,291;460,2,4,11;431,1,95;305,1,34;513,1,59;617,1,69;949,1,45;417,1,95;826,1,79;354,1,135;539,1,70;524,1,10;655,1,137;848,1,50;599,1,27;461,1,40
422,76,86:91,2,194,258;240,2,190,334;123,2,113,197;128,2,50,90;665,2,45,91;733,2,63,382;743,2,54,93;544,2,38,124;206,2,28,317;451,2,195,262;431,1,103;33,1,95;601,1,290;251,1,164;551,1,152;992,1,57;252,1,94;534,1,271;678,1,172;916,1,39;553,1,104;413,1,31;622,1,285;113,1,126;268,1,160;118,1,105;44,1,139;437,1,456;327,1,135;269,1,37;330,1,72;270,1,183;141,1,236;335,1,84;338,1,164;557,1,75;729,1,168;46,1,122;146,1,40;947,1,90;149,1,127;859,1,61;520,1,89;842,1,59;564,1,84;350,1,147;353,1,72;567,1,91;570,1,37;675,1,78;856,1,149;23,1,91;929,1,76;524,1,29;195,1,246;477,1,258;584,1,51;68,1,38;425,1,101;500,1,90;27,1,58;589,1,131;450,1,358;283,1,200;452,1,275;259,1,189;1,1,128;547,1,39;384,1,61;75,1,69;220,1,57;77,1,38;528,1,86;877,1,76;531,1,105;296,1,228
423,72,77:412,2,185,281;37,2,160,301;418,2,151,268;181,2,199,247;215,2,56,101;431,1,112;90,1,43;91,1,366;96,1,122;36,1,168;512,1,68;598,1,117;725,1,193;622,1,222;113,1,201;827,1,153;316,1,382;116,1,64;623,1,72;254,1,393;597,1,63;125,1,318;817,1,126;812,1,64;529,1,147;686,1,206;416,1,54;152,1,87;153,1,39;874,1,83;562,1,164;637,1,48;163,1,206;538,1,155;714,1,51;57,1,147;641,1,62;668,1,94;419,1,109;675,1,65;643,1,104;644,1,251;365,1,120;366,1,165;541,1,135;692,1,237;651,1,193;193,1,83;467,1,230;24,1,217;4,1,185;370,1,146;652,1,204;798,1,131;207,1,59;695,1,156;771,1,112;286,1,248;72,1,256;934,1,221;385,1,257;404,1,71;991,1,108;594,1,171;224,1,51;31,1,303;32,1,209;511,1,132;229,1,107;702,1,195;396,1,212;236,1,237
424,9,9:431,1,113;725,1,76;116,1,206;949,1,27;536,1,140;714,1,74;963,1,37;482,1,95;589,1,144
425,72,83:17,6,82,113,218,272,296,307;601,2,259,273;12,2,91,104;672,2,116,165;779,2,106,127;3,2,183,198;589,2,41,81;431,1,115;609,1,208;264,1,282;251,1,60;252,1,227;412,1,239;304,1,115;724,1,32;413,1,67;871,1,84;681,1,127;402,1,328;319,1,258;120,1,195;41,1,295;127,1,75;780,1,131;332,1,248;872,1,142;674,1,22;140,1,151;557,1,49;558,1,71;873,1,180;340,1,192;559,1,185;605,1,147;996,1,64;564,1,52;346,1,114;160,1,81;735,1,77;417,1,292;538,1,119;714,1,96;353,1,48;418,1,220;963,1,36;361,1,39;578,1,32;421,1,273;792,1,168;274,1,46;275,1,88;484,1,78;190,1,27;487,1,70;277,1,113;68,1,114;498,1,162;585,1,55;653,1,98;205,1,21;876,1,113;696,1,65;450,1,198;479,1,119;452,1,417;606,1,42;942,1,56;6,1,195;751,1,108;32,1,297;722,1,192;395,1,135
426,39,55:640,4,10,30,51,67;177,3,5,15,67;847,3,3,11,80;848,3,62,87,138;222,3,66,80,147;94,2,111,140;620,2,47,80;519,2,100,163;926,2,15,30;192,2,5,13;431,1,118;100,1,84;513,1,206;37,1,136;107,1,30;403,1,222;13,1,94;326,1,56;138,1,75;626,1,41;46,1,62;631,1,49;157,1,152;347,1,63;55,1,101;3,1,83;767,1,142;768,1,133;421,1,231;911,1,144;543,1,39;477,1,48;487,1,84;586,1,81;214,1,192;772,1,109;411,1,137;230,1,71;722,1,61
427,2,2:431,1,120;211,1,86
428,120,246:597,11,22,35,53,115,180,189,240,260,274,279,329;31,8,4,20,83,87,110,192,320,444;529,7,5,23,40,76,113,178,198;429,7,42,44,151,209,234,258,294;598,5,24,31,46,70,178;320,5,123,129,172,190,272;421,5,2,15,33,63,270;281,5,100,109,116,160,183;707,5,25,84,114,163,214;234,5,27,115,119,163,208;2,4,87,172,275,281;271,4,8,26,72,150;68,4,9,27,184,250;771,4,37,81,170,236;834,4,18,36,48,73;531,4,14,32,64,129;491,3,2,17,38;435,3,69,76,129;123,3,23,32,143;45,3,40,135,324;626,3,80,84,163;238,3,141,166,240;477,3,177,184,235;933,3,1,13,37;285,3,84,90,109;387,3,98,107,203;595,3,22,37,43;389,3,14,29,71;233,3,59,85,88;98,2,98,105;34,2,100,108;124,2,5,18;128,2,120,145;269,2,58,144;727,2,73,77;515,2,74,85;415,2,100,118;406,2,35,97;150,2,138,154;632,2,6,17;417,2,167,276;881,2,48,53;742,2,54,83;193,2,158,184;277,2,167,199;209,2,78,212;210,2,122,150;376,2,106,124;69,2,66,125;284,2,141,147;453,2,87,163;70,2,173,189;489,2,71,131;290,2,212,228;457,2,42,102;85,2,58,103;235,2,57,113;236,2,77,79;431,1,123;397,1,135;401,1,71;264,1,226;102,1,188;304,1,68;710,1,81;308,1,88;310,1,152;472,1,32;871,1,38;42,1,196;414,1,144;778,1,188;463,1,165;437,1,451;673,1,144;134,1,322;141,1,65;667,1,43;344,1,83;407,1,56;519,1,109;51,1,70;861,1,51;158,1,82;688,1,136;21,1,91;418,1,64;571,1,118;59,1,128;573,1,71;180,1,42;768,1,76;646,1,26;476,1,197;189,1,160;484,1,45;467,1,283;4,1,222;247,1,211;198,1,180;694,1,169;372,1,214;425,1,56;653,1,34;695,1,133;451,1,103;377,1,67;28,1,53;749,1,67;955,1,46;6,1,157;480,1,136;456,1,51;470,1,72;721,1,64;833,1,29;703,1,50;393,1,127;394,1,31;663,1,73
429,3,3:431,1,131;98,1,68;770,1,135
430,53,64:780,4,46,96,181,209;302,3,87,100,147;968,2,42,67;674,2,16,28;895,2,75,97;861,2,39,97;217,2,31,82;722,2,146,167;431,1,136;815,1,89;432,1,120;251,1,51;774,1,115;512,1,52;916,1,67;104,1,44;105,1,67;313,1,74;816,1,101;808,1,122;686,1,141;406,1,110;341,1,300;636,1,114;564,1,64;346,1,107;689,1,29;714,1,181;638,1,34;482,1,219;644,1,38;715,1,44;190,1,35;651,1,36;510,1,78;425,1,27;373,1,71;798,1,141;746,1,98;695,1,142;26,1,121;654,1,64;942,1,35;428,1,105;75,1,71;455,1,42;858,1,33;862,1,53;805,1,44;660,1,103;702,1,403;661,1,32;395,1,233
431,10,31:182,8,3,11,35,61,73,181,208,217;397,7,1,10,52,65,244,296,363;344,5,6,13,18,42,102;509,3,176,179,216;646,2,49,157;187,2,134,151;34,1,121;275,1,66;24,1,234;798,1,48
432,55,90:689,8,2,13,24,61,111,137,154,187;192,4,4,12,72,193;208,4,1,14,76,122;32,4,2,16,376,417;397,3,4,13,316;519,3,1,12,23;768,3,1,12,45;214,3,170,226,236;289,3,2,20,81;722,3,60,176,185;94,2,2,16;828,2,42,47;437,2,141,416;842,2,84,116;813,2,89,116;790,2,4,13;443,2,1,9;611,1,73;854,1,101;905,1,83;621,1,211;316,1,274;14,1,55;322,1,108;888,1,20;536,1,96;915,1,30;626,1,115;342,1,104;782,1,102;636,1,106;55,1,59;980,1,22;244,1,100;785,1,18;690,1,135;61,1,75;3,1,60;767,1,71;646,1,63;541,1,337;196,1,69;510,1,51;449,1,58;450,1,200;811,1,34;217,1,107;995,1,48;719,1,117;848,1,86;720,1,27;386,1,30;470,1,171;225,1,82;834,1,106
433,1,2:397,2,9,18
434,109,123:240,3,24,76,87;743,3,81,90,110;92,2,200,248;265,2,35,88;437,2,53,484;340,2,24,70;975,2,34,71;211,2,38,119;450,2,160,378;220,2,85,123;411,2,145,156;395,2,122,253;397,1,22;33,1,59;432,1,65;401,1,13;34,1,45;916,1,93;615,1,102;602,1,36;241,1,67;907,1,69;969,1,22;413,1,30;827,1,17;39,1,39;40,1,149;119,1,140;14,1,35;471,1,54;123,1,220;321,1,50;323,1,38;888,1,18;665,1,43;327,1,43;134,1,91;872,1,29;474,1,74;139,1,37;335,1,143;829,1,148;506,1,204;493,1,206;517,1,31;629,1,28;146,1,46;17,1,174;406,1,32;151,1,190;945,1,38;50,1,61;520,1,154;53,1,248;564,1,31;960,1,45;161,1,39;162,1,124;538,1,137;350,1,60;166,1,28;638,1,26;568,1,62;56,1,115;168,1,37;706,1,113;820,1,51;177,1,202;23,1,108;420,1,41;835,1,55;62,1,65;964,1,44;442,1,16;864,1,229;185,1,77;914,1,28;581,1,78;911,1,18;769,1,15;425,1,99;202,1,55;831,1,105;747,1,90;279,1,42;398,1,25;499,1,63;27,1,56;589,1,26;479,1,48;451,1,73;452,1,149;28,1,39;219,1,199;74,1,24;912,1,56;936,1,78;77,1,86;289,1,39;455,1,58;224,1,156;292,1,149;227,1,47;389,1,87;84,1,82;228,1,28;391,1,11;229,1,168;599,1,54
435,50,54:68,3,235,248,318;46,2,375,409;790,2,146,177;397,1,24;601,1,292;551,1,148;491,1,150;836,1,20;103,1,183;307,1,73;602,1,96;242,1,158;402,1,97;884,1,150;114,1,69;756,1,72;603,1,119;505,1,142;16,1,50;506,1,199;493,1,251;919,1,85;439,1,91;562,1,99;521,1,180;637,1,72;925,1,57;170,1,113;901,1,93;768,1,137;646,1,107;929,1,61;366,1,81;195,1,158;487,1,117;797,1,60;374,1,83;876,1,142;280,1,80;69,1,39;211,1,211;451,1,264;380,1,161;997,1,45;934,1,94;74,1,70;225,1,169;877,1,94;389,1,123;670,1,265
436,16,18:296,3,2,34,240;397,1,26;91,1,255;303,1,248;710,1,39;110,1,336;132,1,91;727,1,47;729,1,94;364,1,219;576,1,182;742,1,90;195,1,214;452,1,609;456,1,279;234,1,82
437,13,14:908,2,31,83;397,1,29;401,1,37;103,1,248;921,1,100;519,1,40;841,1,94;163,1,141;576,1,161;541,1,243;381,1,236;749,1,127;221,1,44
438,34,74:411,8,6,12,40,70,96,107,147,158;594,5,4,12,23,54,230;928,4,5,20,43,91;386,4,3,7,23,60;290,4,16,33,48,211;610,3,16,34,47;446,3,2,12,21;209,3,94,173,240;464,3,6,27,82;457,3,4,19,131;397,2,36,272;612,2,1,11;268,2,96,141;673,2,5,18;419,2,24,49;370,2,40,126;371,2,5,16;286,2,25,52;772,2,154,205;456,2,16,34;35,1,37;506,1,113;156,1,48;943,1,25;167,1,24;175,1,141;822,1,141;484,1,43;369,1,96;652,1,216;452,1,618;469,1,126;470,1,80;83,1,300
439,23,25:402,2,317,378;450,2,50,393;397,1,41;403,1,89;119,1,93;269,1,239;340,1,204;408,1,43;520,1,167;55,1,211;349,1,95;354,1,79;690,1,60;572,1,86;61,1,64;182,1,189;190,1,69;477,1,72;202,1,180;798,1,130;214,1,22;382,1,66;221,1,49
440,81,98:611,4,7,16,51,69;418,3,241,313,325;931,3,5,13,30;452,3,422,486,617;401,2,36,176;37,2,25,100;725,2,81,85;402,2,211,370;435,2,54,63;319,2,236,291;567,2,11,23;978,2,14,43;397,1,46;91,1,76;264,1,91;891,1,70;239,1,167;306,1,187;614,1,208;617,1,55;472,1,66;113,1,82;555,1,205;120,1,172;625,1,66;437,1,304;131,1,101;760,1,80;139,1,38;140,1,87;762,1,111;144,1,211;506,1,184;516,1,34;557,1,61;438,1,62;873,1,171;686,1,196;605,1,209;976,1,64;156,1,28;160,1,188;163,1,56;737,1,78;168,1,171;881,1,86;23,1,88;643,1,169;482,1,137;909,1,68;790,1,103;964,1,67;476,1,162;581,1,143;193,1,230;485,1,45;965,1,30;276,1,91;807,1,86;845,1,48;202,1,73;676,1,266;746,1,119;206,1,107;280,1,197;698,1,135;378,1,61;286,1,232;379,1,106;546,1,75;73,1,81;990,1,83;720,1,233;386,1,14;411,1,117;480,1,24;32,1,240;702,1,359;662,1,56;395,1,221;9,1,145
441,61,72:706,4,93,103,132,153;705,3,26,162,194;108,2,93,101;423,2,91,144;498,2,56,202;545,2,20,77;380,2,38,93;701,2,98,128;397,1,49;433,1,138;534,1,39;308,1,50;312,1,139;622,1,58;554,1,216;871,1,22;623,1,131;603,1,20;123,1,283;332,1,93;762,1,172;626,1,187;628,1,83;517,1,65;604,1,140;984,1,57;920,1,24;840,1,50;343,1,97;782,1,98;959,1,37;636,1,103;897,1,156;54,1,170;348,1,67;689,1,175;690,1,51;739,1,63;272,1,52;361,1,105;179,1,58;741,1,14;365,1,43;931,1,104;64,1,282;478,1,102;824,1,57;946,1,87;902,1,92;707,1,177;28,1,191;719,1,131;222,1,123;991,1,107;939,1,47;31,1,451;82,1,77;877,1,52;702,1,216;722,1,160;295,1,310
442,8,10:132,3,2,13,24;397,1,50;601,1,403;684,1,158;929,1,31;965,1,25;404,1,113;391,1,13
443,51,66:589,4,8,19,37,151;925,3,2,9,19;55,3,96,114,146;244,3,1,9,20;262,2,128,146;782,2,57,92;636,2,142,160;733,2,128,463;578,2,53,107;847,2,62,175;397,1,57;90,1,72;609,1,144;94,1,65;758,1,69;513,1,188;917,1,50;724,1,24;905,1,106;107,1,22;621,1,88;110,1,70;622,1,189;535,1,63;128,1,70;893,1,79;437,1,394;415,1,46;405,1,114;895,1,143;49,1,64;341,1,145;520,1,131;164,1,11;350,1,126;638,1,200;787,1,77;641,1,41;364,1,214;928,1,70;541,1,45;25,1,149;452,1,92;378,1,51;212,1,129;606,1,83;214,1,202;772,1,111;720,1,236;459,1,85;230,1,102
444,125,275:699,15,4,15,26,60,74,92,114,153,202,206,232,241,283,318,330;509,8,6,22,41,45,96,189,208,227;655,7,10,20,34,60,101,118,161;522,6,17,38,46,65,84,150;300,5,5,17,103,170,194;331,5,77,108,208,252,267;53,5,181,212,231,290,307;354,5,58,61,174,182,198;24,5,56,62,114,277,290;236,5,97,113,135,180,251;307,4,5,10,15,61;119,4,2,8,38,97;269,4,8,26,51,80;142,4,47,78,111,142;859,4,3,14,62,80;188,4,14,36,83,202;257,4,11,22,102,123;200,4,81,110,137,191;279,4,8,22,40,50;499,4,9,39,77,134;452,4,389,398,437,492;77,4,2,10,26,54;527,4,2,8,18,36;249,4,74,86,99,151;92,3,3,18,47;42,3,114,153,271;493,3,15,31,406;55,3,97,115,147;358,3,15,35,52;22,3,79,118,161;187,3,63,96,160;378,3,57,120,174;657,3,111,153,163;429,3,178,275,303;233,3,13,30,52;99,2,50,201;36,2,44,148;434,2,8,20;107,2,24,58;115,2,10,20;116,2,199,209;253,2,94,141;14,2,86,118;437,2,386,435;333,2,70,108;506,2,19,38;337,2,75,154;46,2,102,112;149,2,75,109;162,2,53,189;165,2,63,75;357,2,48,80;420,2,60,98;274,2,45,55;245,2,126,187;372,2,107,140;201,2,176,351;425,2,97,126;28,2,61,92;847,2,18,135;404,2,75,96;288,2,1,5;903,2,8,16;31,2,261,435;83,2,76,286;397,1,58;33,1,34;96,1,200;265,1,162;533,1,83;303,1,78;11,1,68;240,1,383;512,1,88;513,1,33;905,1,84;311,1,81;413,1,27;777,1,98;123,1,106;45,1,129;335,1,113;919,1,20;146,1,95;560,1,132;874,1,107;538,1,31;164,1,16;59,1,158;691,1,92;419,1,38;176,1,55;927,1,57;3,1,90;576,1,36;476,1,67;743,1,149;649,1,130;844,1,47;365,1,185;761,1,57;189,1,221;191,1,22;651,1,242;543,1,165;195,1,53;584,1,74;525,1,87;544,1,91;205,1,58;206,1,162;932,1,63;281,1,132;426,1,142;211,1,47;450,1,164;451,1,277;526,1,60;259,1,126;286,1,202;592,1,22;938,1,17;940,1,37;396,1,98;664,1,88
445,4,6:93,3,62,73,129;397,1,62;610,1,62;261,1,52
446,10,13:726,3,4,27,52;242,2,29,183;397,1,64;109,1,46;324,1,35;338,1,55;958,1,75;808,1,110;174,1,75;80,1,79
447,49,161:102,11,8,22,42,70,78,102,127,146,170,194,216;550,9,10,21,30,46,87,105,118,145,160;21,9,9,20,30,59,72,89,111,148,158;254,7,29,64,111,154,169,204,311;417,7,3,9,22,33,189,209,220;24,7,71,89,126,181,190,196,259;166,6,2,14,70,98,108,201;756,5,4,15,30,46,50;320,5,4,24,51,144,166;841,5,6,12,26,69,103;735,5,15,30,46,66,102;414,4,7,28,63,161;336,4,9,25,48,59;54,4,44,91,244,265;162,4,14,28,58,131;170,4,8,16,25,57;739,4,10,25,36,115;797,4,2,8,25,70;41,3,47,72,168;672,3,5,14,33;924,3,16,32,57;187,3,15,37,71;652,3,11,36,137;704,3,16,38,107;510,3,2,5,22;594,3,27,51,211;292,3,15,30,146;397,2,68,175;163,2,9,20;352,2,20,45;167,2,33,49;691,2,32,112;646,2,135,190;509,2,66,120;807,2,28,73;34,1,138;40,1,193;559,1,151;705,1,243;849,1,55;632,1,36;155,1,60;158,1,86;161,1,62;943,1,23;165,1,67;351,1,96;444,1,144;470,1,180
448,51,82:805,6,6,14,32,54,134,152;348,4,68,115,172,199;446,4,8,18,27,60;325,3,9,19,66;835,3,8,18,27;741,3,4,9,29;484,3,14,32,47;68,3,14,32,62;498,3,17,38,70;78,3,4,17,38;621,2,7,19;47,2,4,10;734,2,20,30;370,2,9,28;208,2,60,113;72,2,116,130;397,1,70;815,1,113;92,1,224;616,1,89;312,1,43;554,1,16;535,1,155;982,1,43;466,1,57;134,1,242;760,1,69;415,1,135;144,1,212;729,1,136;686,1,69;518,1,48;20,1,161;417,1,240;170,1,106;739,1,55;361,1,167;476,1,152;245,1,169;190,1,113;769,1,37;744,1,71;478,1,82;373,1,75;771,1,193;380,1,349;388,1,90;670,1,404;460,1,30;462,1,93;395,1,66
449,12,17:237,3,4,18,56;68,3,2,20,127;224,2,83,179;397,1,74;265,1,151;317,1,17;333,1,63;157,1,36;274,1,139;487,1,35;248,1,54;6,1,175
450,2,2:397,1,77;646,1,51
451,28,33:366,4,13,30,119,128;209,2,35,185;235,2,11,28;397,1,78;91,1,265;33,1,48;94,1,114;491,1,75;302,1,195;725,1,151;672,1,154;729,1,140;340,1,161;667,1,35;346,1,105;714,1,210;165,1,159;786,1,61;788,1,59;362,1,13;484,1,68;543,1,35;247,1,61;652,1,259;258,1,117;845,1,112;228,1,87;663,1,137
452,55,94:622,11,1,16,133,167,196,204,213,228,251,263,269;2,7,5,19,33,72,120,153,316;302,6,7,19,33,65,71,79;312,6,57,103,112,120,132,170;254,4,53,165,288,386;849,4,3,17,35,176;255,3,53,203,248;667,3,6,20,32;678,2,105,143;562,2,168,178;668,2,79,90;397,1,79;853,1,65;512,1,150;306,1,205;107,1,67;618,1,95;241,1,106;108,1,173;969,1,43;892,1,109;554,1,24;839,1,36;117,1,69;888,1,45;269,1,220;872,1,84;136,1,246;629,1,91;152,1,63;714,1,83;164,1,52;244,1,55;354,1,106;63,1,234;576,1,88;875,1,47;182,1,204;649,1,158;245,1,307;902,1,23;5,1,112;376,1,143;654,1,123;655,1,155;72,1,211;217,1,37;1,1,116;30,1,124;751,1,72;501,1,80;857,1,44;470,1,106;850,1,110;878,1,55
453,17,24:695,5,5,14,41,98,155;611,3,5,14,49;98,2,114,179;397,1,88;678,1,51;537,1,103;806,1,127;562,1,46;20,1,226;844,1,106;478,1,74;487,1,100;902,1,25;834,1,251;233,1,93;722,1,148;395,1,80
454,33,59:555,7,69,92,179,192,340,352,386;704,7,62,143,145,148,178,180,183;594,4,166,169,187,189;456,4,200,225,244,269;561,3,27,36,109;649,3,13,27,75;397,2,94,208;43,2,223,287;269,2,141,217;485,2,13,28;90,1,62;252,1,342;239,1,102;306,1,312;106,1,179;113,1,240;144,1,125;18,1,191;153,1,113;440,1,188;522,1,170;961,1,17;820,1,36;715,1,40;422,1,78;716,1,141;583,1,280;846,1,58;479,1,100;451,1,166;657,1,129;480,1,173;670,1,301
455,26,30:435,2,120,124;692,2,164,239;700,2,46,86;296,2,182,191;397,1,101;301,1,154;252,1,118;974,1,82;777,1,74;554,1,110;42,1,273;672,1,151;597,1,305;537,1,74;632,1,62;757,1,23;21,1,223;789,1,112;856,1,183;189,1,229;24,1,212;71,1,100;699,1,307;834,1,161;967,1,70;663,1,145
456,139,209:2,8,67,147,163,186,227,249,289,301;54,5,13,27,174,224,257;101,4,1,14,54,98;129,4,6,22,84,141;255,4,6,23,59,205;980,4,4,14,49,89;640,4,12,32,53,76;22,4,181,196,226,378;225,4,41,68,85,104;7,4,40,63,75,96;758,3,3,11,31;138,3,22,93,156;506,3,4,23,123;159,3,9,32,58;274,3,4,14,132;31,3,184,251,422;91,2,130,138;534,2,243,287;905,2,247,328;116,2,121,180;13,2,15,82;762,2,134,159;705,2,41,88;849,2,59,187;408,2,59,107;53,2,120,299;351,2,78,100;788,2,1,10;170,2,2,10;363,2,206,228;364,2,140,173;467,2,93,242;509,2,159,222;205,2,24,82;261,2,62,106;934,2,151,217;862,2,16,99;429,2,159,331;670,2,193,320;397,1,104;33,1,79;433,1,123;773,1,83;601,1,99;102,1,153;267,1,75;240,1,174;916,1,37;724,1,81;105,1,131;241,1,83;242,1,27;109,1,44;316,1,212;839,1,113;38,1,126;403,1,229;122,1,64;254,1,59;14,1,160;320,1,276;44,1,164;624,1,200;888,1,24;683,1,37;130,1,33;712,1,160;985,1,65;269,1,213;134,1,389;136,1,211;335,1,67;142,1,127;143,1,53;685,1,123;46,1,633;809,1,71;147,1,89;859,1,93;342,1,175;560,1,139;153,1,145;441,1,34;57,1,114;171,1,166;570,1,69;59,1,168;419,1,126;177,1,24;23,1,67;539,1,54;740,1,160;273,1,122;180,1,120;63,1,216;184,1,85;275,1,71;761,1,211;187,1,155;188,1,188;191,1,43;368,1,97;542,1,112;870,1,77;423,1,119;478,1,122;24,1,269;4,1,126;67,1,103;203,1,92;530,1,206;206,1,83;207,1,146;209,1,61;25,1,117;210,1,56;378,1,182;28,1,99;656,1,99;215,1,79;216,1,147;217,1,139;547,1,16;219,1,207;699,1,30;751,1,34;411,1,167;226,1,209;32,1,119;81,1,58;227,1,102;389,1,116;599,1,94;234,1,120;394,1,127;662,1,113;235,1,295;236,1,240;664,1,153
457,21,27:890,3,42,67,86;842,2,86,117;568,2,4,15;28,2,46,104;662,2,57,136;397,1,108;98,1,91;101,1,34;620,1,28;119,1,80;18,1,169;151,1,114;421,1,143;583,1,288;201,1,332;202,1,71;798,1,172;25,1,79;71,1,52;74,1,72;221,1,247
458,86,140:31,7,3,19,82,86,109,319,443;320,6,98,122,128,171,189,271;380,5,82,171,189,233,335;2,4,86,171,274,280;348,4,14,29,48,139;721,4,19,39,75,193;100,3,68,78,121;759,3,153,185,195;355,3,1,6,23;281,3,115,159,182;588,3,5,11,53;837,3,8,23,39;227,3,8,17,38;392,3,18,45,76;294,3,8,25,54;661,3,42,93,118;878,3,47,75,137;891,2,92,95;128,2,119,144;564,2,60,118;790,2,125,138;67,2,194,256;277,2,166,198;677,2,39,57;394,2,65,93;397,1,121;906,1,75;96,1,277;34,1,60;775,1,106;612,1,42;101,1,32;252,1,79;239,1,249;725,1,165;313,1,92;38,1,36;682,1,152;42,1,195;324,1,60;130,1,89;673,1,96;872,1,109;515,1,106;144,1,83;896,1,120;338,1,74;808,1,128;48,1,87;559,1,40;984,1,127;849,1,124;667,1,42;53,1,136;271,1,71;349,1,73;766,1,80;180,1,180;63,1,156;644,1,218;189,1,159;651,1,199;238,1,239;195,1,111;4,1,256;247,1,210;198,1,179;694,1,168;370,1,125;653,1,133;824,1,52;204,1,22;746,1,85;280,1,165;451,1,310;378,1,125;285,1,108;70,1,188;218,1,226;289,1,51;700,1,116;595,1,79;429,1,43;887,1,113;7,1,82;236,1,76
459,48,58:685,3,45,52,107;891,2,97,119;682,2,133,153;880,2,139,164;417,2,15,43;179,2,247,263;576,2,35,110;421,2,99,121;541,2,163,311;397,1,122;88,1,80;882,1,78;492,1,114;37,1,83;309,1,54;851,1,49;107,1,53;725,1,166;413,1,34;883,1,134;435,1,126;319,1,131;122,1,143;321,1,105;888,1,122;556,1,62;337,1,80;521,1,103;988,1,32;641,1,93;743,1,75;190,1,132;582,1,71;586,1,31;946,1,126;902,1,47;280,1,162;464,1,179;451,1,306;377,1,152;70,1,169;547,1,25;78,1,105;832,1,71;458,1,40;32,1,251;677,1,49;395,1,225
460,98,169:432,6,3,13,32,45,68,140;540,6,6,17,25,39,46,80;427,6,2,14,29,46,62,68;733,5,32,235,256,284,428;400,5,1,27,60,83,100;993,4,4,19,42,59;829,4,3,18,21,36;62,4,6,20,51,60;421,4,76,102,120,134;193,4,109,162,173,187;448,4,5,17,32,47;201,4,1,21,105,194;290,4,17,34,49,136;105,3,2,13,28;732,3,3,18,33;397,2,130,156;96,2,112,219;992,2,32,69;412,2,33,39;106,2,13,40;602,2,2,11;108,2,79,315;554,2,31,33;435,2,24,188;44,2,152,159;626,2,12,30;921,2,82,125;945,2,11,36;757,2,1,10;178,2,24,151;274,2,7,17;497,2,186,204;211,2,76,197;848,2,10,20;661,2,30,51;815,1,137;983,1,61;91,1,200;34,1,74;491,1,57;532,1,46;552,1,65;37,1,33;308,1,66;313,1,64;555,1,335;827,1,60;402,1,347;118,1,44;120,1,74;623,1,43;122,1,111;123,1,124;133,1,17;134,1,255;270,1,34;515,1,24;405,1,26;152,1,195;439,1,136;782,1,34;923,1,96;636,1,84;54,1,113;943,1,26;417,1,118;418,1,36;641,1,71;881,1,100;573,1,78;475,1,80;60,1,45;643,1,52;766,1,93;644,1,36;182,1,74;717,1,60;484,1,64;651,1,20;369,1,100;446,1,144;370,1,111;704,1,58;510,1,29;425,1,14;653,1,58;210,1,118;707,1,60;698,1,18;452,1,546;286,1,257;772,1,127;549,1,35;877,1,37;293,1,141;834,1,88;395,1,170;664,1,199
461,84,126:860,7,161,174,187,222,234,286,300;512,6,13,26,43,67,77,189;729,5,40,88,112,164,174;968,4,15,30,40,83;477,4,54,209,267,289;907,3,34,71,94;686,3,49,152,205;877,3,12,24,89;397,2,132,325;778,2,150,205;665,2,50,73;726,2,119,126;684,2,4,21;780,2,140,252;605,2,55,67;733,2,363,401;564,2,50,110;159,2,132,329;784,2,50,117;72,2,218,255;221,2,129,170;489,2,79,111;722,2,4,25;88,1,139;609,1,239;432,1,26;773,1,112;601,1,95;774,1,249;612,1,127;678,1,185;613,1,106;916,1,77;616,1,82;553,1,50;892,1,120;866,1,22;45,1,355;474,1,111;137,1,234;338,1,131;629,1,66;728,1,57;808,1,135;920,1,93;256,1,52;633,1,39;782,1,134;636,1,71;158,1,194;162,1,210;638,1,193;567,1,65;168,1,46;418,1,377;171,1,182;641,1,117;963,1,17;927,1,34;61,1,173;179,1,126;184,1,75;484,1,106;931,1,64;965,1,23;67,1,179;68,1,144;373,1,257;798,1,127;966,1,70;770,1,164;696,1,61;846,1,91;885,1,39;248,1,236;426,1,44;211,1,110;379,1,103;591,1,85;226,1,139;31,1,305;887,1,50;663,1,149;395,1,244
462,48,238:123,14,2,4,7,58,60,97,105,148,173,176,179,182,191,199;209,11,8,22,34,50,60,88,110,127,145,209,220;6,11,6,16,25,52,113,136,162,179,193,227,244;5,10,17,46,101,137,167,169,180,186,198,200;385,9,1,21,51,131,143,157,168,181,231;646,8,4,12,32,79,91,102,121,140;407,7,1,11,25,55,58,72,116;509,7,1,17,36,123,134,161,224;29,7,4,32,59,93,108,163,231;30,7,18,48,143,176,194,205,208;699,7,10,21,35,158,214,295,302;77,7,7,15,25,37,53,78,93;825,7,2,19,36,80,145,177,192;815,6,5,10,16,62,77,136;54,6,12,26,33,163,203,223;257,6,6,17,25,85,96,132;193,6,4,13,17,26,125,193;279,6,3,17,36,57,94,116;344,5,3,10,32,57,107;20,5,13,32,58,199,208;187,5,7,29,97,119,156;24,5,47,186,204,271,323;398,5,11,22,42,66,76;657,5,2,10,25,49,110;978,5,2,8,24,79,90;397,4,142,170,228,254;34,4,4,20,49,157;632,4,11,22,31,122;943,4,5,14,75,91;275,4,1,6,12,108;425,4,78,96,109,130;69,4,74,127,143,221;941,3,3,12,31;518,3,5,14,28;409,3,3,16,36;935,3,3,11,29;527,3,1,7,13;903,3,7,15,21;387,3,1,16,33;705,2,8,19;419,2,5,15;411,2,121,126;672,1,130;354,1,141;167,1,100;652,1,155;68,1,322;449,1,119
463,15,18:598,3,19,82,105;733,2,227,274;397,1,146;905,1,116;671,1,159;403,1,120;331,1,359;975,1,61;520,1,200;638,1,225;176,1,192;182,1,149;478,1,121;487,1,82;216,1,118
464,86,112:701,4,55,94,125,147;397,3,147,242,329;54,3,94,250,267;273,3,78,105,134;378,3,135,143,154;699,3,141,178,243;480,3,34,58,106;412,2,187,231;435,2,33,58;340,2,102,169;418,2,202,232;704,2,82,94;447,2,119,152;374,2,68,79;377,2,146,183;286,2,167,176;811,2,46,64;457,2,70,140;815,1,49;609,1,72;432,1,180;264,1,46;532,1,121;306,1,113;598,1,161;103,1,225;108,1,86;112,1,91;681,1,262;711,1,48;253,1,288;117,1,91;481,1,143;672,1,86;44,1,75;45,1,294;665,1,47;437,1,118;133,1,40;818,1,137;829,1,134;557,1,67;46,1,338;507,1,51;630,1,97;18,1,63;686,1,121;730,1,90;984,1,144;341,1,69;977,1,32;952,1,45;562,1,179;923,1,72;521,1,163;175,1,75;420,1,83;178,1,45;766,1,197;364,1,161;644,1,239;181,1,142;476,1,98;761,1,188;189,1,245;793,1,50;794,1,67;371,1,59;498,1,80;201,1,233;206,1,252;588,1,63;5,1,231;426,1,129;707,1,165;456,1,113;226,1,149;700,1,98;292,1,204;459,1,96;389,1,107;84,1,79;8,1,64;396,1,138;295,1,226;249,1,153
465,6,6:397,1,149;851,1,75;603,1,47;507,1,66;874,1,113;799,1,49
466,110,136:325,3,62,78,99;897,3,51,68,202;706,3,63,131,166;755,3,111,122,138;551,2,101,111;302,2,176,226;239,2,140,273;905,2,47,293;671,2,52,199;759,2,17,151;472,2,100,179;554,2,67,222;118,2,51,67;119,2,53,77;757,2,55,75;495,2,54,123;583,2,139,224;546,2,191,228;847,2,149,157;32,2,165,229;850,2,87,97;234,2,59,145;397,1,153;815,1,107;882,1,40;865,1,19;264,1,245;251,1,102;34,1,111;709,1,71;891,1,60;678,1,205;304,1,78;723,1,76;434,1,101;308,1,69;106,1,159;312,1,71;108,1,43;314,1,145;110,1,49;535,1,41;866,1,39;114,1,28;403,1,24;268,1,230;122,1,88;471,1,74;624,1,130;888,1,42;872,1,82;895,1,135;556,1,23;145,1,50;604,1,76;808,1,80;705,1,219;731,1,62;952,1,62;344,1,121;155,1,104;636,1,88;880,1,58;160,1,91;163,1,180;348,1,188;55,1,57;714,1,230;736,1,29;353,1,38;354,1,147;860,1,128;58,1,42;360,1,123;642,1,52;482,1,206;766,1,45;576,1,71;644,1,40;645,1,23;476,1,105;422,1,56;580,1,190;716,1,60;582,1,52;651,1,38;653,1,132;586,1,66;207,1,82;814,1,58;801,1,91;379,1,132;811,1,75;942,1,76;410,1,58;222,1,18;454,1,63;991,1,56;226,1,121;31,1,266;511,1,80;459,1,42;877,1,48;702,1,311;531,1,94;394,1,128;661,1,61;85,1,55;663,1,69;852,1,63
467,44,47:775,2,204,217;55,2,121,142;541,2,178,347;397,1,157;88,1,34;101,1,79;492,1,184;678,1,249;306,1,55;621,1,72;314,1,67;39,1,285;253,1,168;254,1,335;322,1,85;126,1,106;888,1,67;324,1,83;806,1,97;270,1,144;631,1,80;841,1,170;636,1,105;51,1,90;714,1,178;785,1,46;638,1,201;58,1,92;419,1,128;909,1,82;201,1,298;205,1,117;589,1,168;452,1,403;847,1,145;804,1,53;748,1,101;936,1,98;657,1,89;720,1,132;388,1,122;292,1,174;595,1,136;722,1,80
468,71,93:110,3,260,276,367;521,3,77,118,133;622,2,116,274;892,2,114,149;116,2,39,108;254,2,79,374;125,2,238,326;673,2,77,87;782,2,67,129;166,2,59,188;568,2,3,14;418,2,2,16;821,2,1,20;3,2,138,204;792,2,93,136;444,2,28,151;277,2,265,293;525,2,7,24;771,2,157,199;31,2,221,246;397,1,158;91,1,178;262,1,40;412,1,57;615,1,132;871,1,183;555,1,362;403,1,173;317,1,75;321,1,147;322,1,93;627,1,23;685,1,35;493,1,352;604,1,87;46,1,105;48,1,217;559,1,190;341,1,344;342,1,130;343,1,204;440,1,83;979,1,46;842,1,51;53,1,296;165,1,139;176,1,276;963,1,68;844,1,65;911,1,75;65,1,111;524,1,37;4,1,63;746,1,155;398,1,74;209,1,120;280,1,356;814,1,64;464,1,133;28,1,94;453,1,123;71,1,61;216,1,144;73,1,201;955,1,36;78,1,143;290,1,192;862,1,89;850,1,43;702,1,70;834,1,123
469,173,234:224,7,6,17,65,130,149,173,189;516,5,3,14,36,68,78;68,5,76,265,283,304,343;746,5,10,24,38,92,106;498,4,83,117,188,230;464,4,134,146,169,217;306,3,119,177,267;134,3,97,163,253;418,3,3,17,205;482,3,48,185,216;815,2,83,131;610,2,91,107;992,2,63,81;106,2,118,147;110,2,124,251;554,2,254,297;122,2,42,198;254,2,210,298;873,2,63,215;686,2,44,127;156,2,2,9;417,2,59,135;570,2,79,137;864,2,42,105;541,2,84,232;369,2,47,78;477,2,44,159;478,2,68,134;497,2,111,150;676,2,114,208;946,2,44,51;698,2,32,170;212,2,70,79;216,2,66,139;720,2,203,212;32,2,227,434;700,2,57,122;850,2,44,105;393,2,11,32;397,1,159;89,1,129;91,1,215;401,1,77;262,1,41;97,1,110;98,1,108;601,1,195;34,1,129;399,1,93;836,1,99;302,1,198;252,1,142;240,1,40;917,1,48;103,1,229;309,1,81;602,1,43;311,1,52;725,1,132;108,1,89;777,1,40;472,1,182;465,1,51;622,1,138;892,1,26;681,1,71;711,1,53;555,1,247;884,1,14;39,1,209;623,1,144;682,1,88;14,1,132;237,1,174;414,1,188;320,1,212;918,1,62;624,1,105;597,1,111;778,1,75;321,1,159;128,1,189;665,1,74;712,1,167;466,1,67;132,1,87;133,1,136;537,1,192;333,1,102;139,1,31;140,1,66;415,1,183;685,1,36;958,1,90;729,1,48;919,1,36;147,1,135;148,1,102;559,1,191;341,1,345;921,1,51;151,1,216;343,1,182;874,1,49;841,1,39;160,1,179;166,1,61;638,1,168;354,1,150;569,1,16;357,1,60;963,1,69;642,1,72;61,1,24;766,1,89;928,1,96;442,1,66;476,1,56;792,1,163;580,1,135;844,1,51;275,1,122;484,1,90;794,1,49;192,1,215;582,1,76;769,1,129;693,1,132;196,1,98;509,1,49;4,1,64;246,1,137;247,1,147;370,1,138;258,1,135;373,1,76;798,1,29;831,1,36;207,1,72;209,1,121;27,1,90;885,1,29;654,1,33;771,1,200;450,1,231;453,1,124;214,1,25;847,1,154;381,1,200;934,1,138;804,1,37;748,1,172;73,1,30;383,1,24;912,1,113;955,1,37;384,1,58;428,1,85;221,1,108;886,1,53;528,1,45;78,1,115;594,1,105;456,1,161;470,1,36;292,1,85;389,1,112;391,1,24;230,1,127;702,1,59;834,1,236;670,1,77;395,1,110
470,41,99:770,6,5,18,55,130,139,149;719,6,2,17,69,83,108,160;287,6,3,10,13,20,29,60;798,5,2,8,18,63,177;32,5,14,28,328,341,426;701,5,7,20,42,132,145;334,4,8,16,35,46;632,4,9,20,29,68;375,4,13,26,42,62;382,4,1,10,32,82;861,3,1,18,109;795,3,1,20,44;373,3,3,10,34;799,3,2,12,25;800,3,2,9,29;380,3,2,10,24;228,3,5,15,78;348,2,6,21;746,2,2,16;72,2,5,18;455,2,63,111;390,2,21,52;397,1,165;815,1,114;92,1,103;240,1,287;329,1,158;975,1,58;442,1,47;793,1,45;190,1,133;24,1,102;509,1,58;202,1,148;69,1,189;811,1,22;948,1,60;6,1,171;387,1,195;290,1,79;511,1,150
471,18,32:858,5,9,18,31,60,131;632,4,10,21,30,70;71,3,2,13,24;216,3,7,14,25;672,2,88,101;257,2,29,111;931,2,45,84;397,1,166;98,1,67;54,1,192;24,1,104;509,1,60;69,1,191;748,1,47;410,1,78;720,1,78;721,1,119;660,1,63
472,78,127:239,5,16,41,90,144,322;745,5,8,37,67,70,101;887,5,5,16,44,68,76;341,4,7,20,63,126;244,4,2,10,21,76;928,4,15,30,53,77;834,4,15,33,45,201;774,3,15,32,91;724,3,1,7,101;673,3,29,72,81;685,3,7,18,27;808,3,28,228,263;998,3,4,10,18;361,3,52,188,205;551,2,5,21;905,2,54,138;108,2,183,227;118,2,1,10;331,2,162,377;729,2,5,24;980,2,6,16;164,2,12,106;900,2,26,41;742,2,2,19;462,2,136,154;397,1,171;838,1,55;91,1,78;264,1,285;773,1,32;891,1,43;304,1,118;723,1,74;104,1,104;602,1,98;621,1,299;554,1,45;957,1,85;114,1,61;839,1,140;2,1,63;712,1,102;328,1,96;138,1,120;762,1,218;895,1,144;873,1,234;340,1,52;819,1,119;559,1,120;342,1,94;560,1,60;890,1,47;636,1,100;157,1,148;160,1,205;347,1,62;757,1,126;538,1,202;350,1,129;168,1,172;901,1,86;644,1,128;768,1,150;645,1,131;929,1,63;651,1,135;278,1,122;448,1,55;770,1,66;973,1,22;546,1,170;592,1,29;848,1,102;410,1,53;991,1,44;31,1,93;461,1,45
473,27,30:538,2,8,20;541,2,83,236;203,2,5,15;397,1,173;399,1,40;307,1,68;777,1,30;957,1,106;779,1,54;333,1,107;556,1,48;18,1,108;559,1,215;562,1,67;417,1,105;577,1,88;476,1,233;444,1,190;367,1,188;204,1,33;209,1,131;479,1,94;380,1,117;528,1,24;389,1,126;660,1,66;852,1,35
474,111,216:102,8,9,23,36,43,128,171,187,195;320,8,5,25,52,97,145,162,182,188;414,7,8,29,64,109,191,200,205;162,6,9,23,45,132,156,202;359,6,142,151,223,253,264,284;771,6,13,26,56,119,125,130;477,5,137,154,216,230,245;377,5,111,116,214,254,320;221,5,35,55,137,148,293;465,4,10,23,64,68;466,4,53,75,105,117;876,4,14,28,53,164;698,4,31,92,122,169;721,4,10,30,70,85;492,3,66,135,190;472,3,39,150,158;473,3,12,24,43;783,3,10,33,56;482,3,75,109,165;644,3,118,176,207;421,3,13,26,97;791,3,22,44,79;483,3,16,32,58;544,3,6,15,23;933,3,7,19,45;659,3,12,26,60;615,2,31,65;756,2,5,16;45,2,57,177;474,2,12,31;919,2,68,92;873,2,196,203;341,2,87,163;408,2,5,14;714,2,237,246;350,2,88,162;571,2,16,35;182,2,129,139;650,2,47,81;508,2,36,62;651,2,125,181;425,2,144,161;280,2,18,46;28,2,18,36;912,2,54,155;397,1,174;263,1,59;264,1,135;601,1,408;11,1,116;916,1,96;103,1,315;621,1,268;682,1,49;324,1,55;505,1,43;243,1,72;136,1,201;493,1,427;517,1,58;630,1,36;52,1,70;158,1,203;160,1,62;689,1,198;165,1,68;349,1,49;357,1,90;675,1,39;361,1,125;362,1,109;539,1,77;577,1,90;743,1,119;864,1,128;580,1,156;245,1,130;366,1,65;931,1,92;192,1,255;367,1,92;423,1,48;238,1,179;195,1,66;197,1,59;509,1,67;4,1,146;68,1,175;468,1,40;209,1,132;587,1,115;770,1,47;5,1,176;27,1,36;376,1,242;589,1,154;282,1,126;707,1,72;283,1,175;452,1,636;378,1,101;655,1,86;70,1,147;749,1,57;6,1,68;936,1,46;410,1,63;750,1,40;752,1,76;658,1,87;231,1,74
475,91,113:780,3,1,21,42;342,3,78,117,165;562,3,38,120,277;643,3,4,20,39;774,2,3,20;613,2,28,47;106,2,53,104;618,2,110,113;108,2,114,285;762,2,116,139;558,2,45,83;560,2,45,85;841,2,98,126;688,2,53,100;689,2,103,190;843,2,5,22;901,2,54,78;834,2,90,132;397,1,187;906,1,89;609,1,73;610,1,38;264,1,271;491,1,114;239,1,155;304,1,104;917,1,20;104,1,45;105,1,68;553,1,76;725,1,43;312,1,72;313,1,61;622,1,237;555,1,273;40,1,142;672,1,137;918,1,97;463,1,183;327,1,64;466,1,202;726,1,88;332,1,120;895,1,98;145,1,79;958,1,35;873,1,62;730,1,25;341,1,343;152,1,191;344,1,99;345,1,37;976,1,65;732,1,49;979,1,42;733,1,400;861,1,61;159,1,307;348,1,107;714,1,52;736,1,97;638,1,187;786,1,114;690,1,111;418,1,246;169,1,31;177,1,145;482,1,66;363,1,37;928,1,115;742,1,86;792,1,85;844,1,50;540,1,77;190,1,64;191,1,61;931,1,99;508,1,48;582,1,63;693,1,36;369,1,91;704,1,122;902,1,93;5,1,250;71,1,43;219,1,84;749,1,118;384,1,56;833,1,53;722,1,169;755,1,213
476,1,1:397,1,189
477,31,32:5,2,133,174;397,1,193;619,1,226;122,1,210;43,1,250;133,1,209;143,1,82;17,1,228;19,1,97;522,1,108;54,1,220;714,1,167;56,1,141;173,1,160;22,1,195;420,1,108;3,1,398;580,1,188;188,1,211;477,1,29;207,1,193;281,1,164;25,1,115;771,1,156;590,1,69;260,1,132;30,1,139;385,1,242;457,1,138;234,1,136;708,1,103
478,6,6:397,1,195;144,1,234;352,1,111;68,1,86;837,1,88;292,1,257
479,28,30:321,2,58,151;437,2,182,499;397,1,197;88,1,29;93,1,71;97,1,31;266,1,150;836,1,66;621,1,124;957,1,104;126,1,158;727,1,106;626,1,143;849,1,31;874,1,119;562,1,265;51,1,130;21,1,218;421,1,226;793,1,105;478,1,129;205,1,77;972,1,105;770,1,34;802,1,173;450,1,130;215,1,142;951,1,61
480,82,93:562,3,102,130,154;534,2,248,304;678,2,68,261;37,2,143,230;598,2,116,156;321,2,113,250;842,2,40,112;161,2,108,183;452,2,54,349;380,2,52,97;397,1,200;91,1,349;853,1,106;262,1,145;93,1,36;550,1,38;611,1,77;491,1,129;101,1,141;303,1,247;617,1,32;621,1,52;313,1,151;974,1,188;109,1,24;957,1,68;403,1,29;13,1,32;120,1,211;15,1,132;331,1,400;270,1,128;493,1,190;557,1,47;808,1,43;48,1,37;438,1,63;147,1,40;947,1,45;150,1,20;151,1,168;849,1,111;632,1,106;874,1,167;520,1,177;733,1,214;159,1,229;163,1,140;244,1,78;170,1,71;739,1,118;691,1,86;61,1,206;362,1,94;363,1,152;364,1,213;3,1,28;183,1,97;185,1,42;718,1,57;192,1,181;193,1,129;65,1,89;66,1,64;543,1,115;279,1,70;696,1,83;589,1,166;697,1,35;211,1,190;655,1,140;212,1,130;847,1,27;404,1,67;592,1,28;411,1,112;290,1,60;904,1,20;480,1,150;702,1,262;967,1,90;295,1,257
481,87,153:733,7,83,159,163,178,198,208,324;179,7,28,45,75,98,153,174,213;805,6,34,57,73,88,97,140;472,5,8,17,42,52,69;41,5,48,51,169,258,310;329,5,50,53,66,115,151;353,5,19,57,74,95,164;601,4,4,20,41,43;663,4,11,29,118,130;709,3,46,177,221;35,3,34,76,88;310,3,11,22,33;316,3,88,92,331;38,3,32,106,122;492,2,74,126;306,2,290,305;105,2,59,85;313,2,169,202;268,2,179,235;672,2,43,67;43,2,18,36;324,2,41,174;818,2,118,120;730,2,53,87;341,2,276,283;343,2,46,218;160,2,110,118;568,2,27,58;717,2,7,17;230,2,41,140;460,2,2,9;397,1,205;532,1,97;612,1,38;102,1,147;552,1,70;302,1,182;239,1,248;710,1,135;103,1,122;759,1,26;465,1,65;115,1,147;867,1,60;40,1,216;121,1,189;481,1,310;778,1,105;817,1,140;326,1,76;625,1,46;780,1,223;889,1,175;558,1,78;808,1,119;763,1,31;17,1,336;705,1,144;342,1,161;560,1,150;152,1,117;731,1,24;154,1,74;158,1,153;735,1,50;162,1,224;356,1,58;739,1,32;675,1,61;642,1,82;495,1,38;843,1,107;63,1,139;928,1,93;823,1,85;583,1,217;238,1,345;67,1,148;902,1,36;885,1,61;377,1,91;772,1,179;292,1,180;833,1,50;232,1,21;531,1,101;85,1,111
482,145,246:406,7,3,13,92,122,138,159,180;555,6,41,51,111,117,174,188;151,5,14,28,66,79,149;447,5,12,27,207,218,229;286,5,59,77,121,193,230;91,4,128,166,233,240;264,4,42,89,102,139;725,4,16,37,83,104;756,4,8,19,47,51;640,4,14,34,55,80;707,4,67,106,183,219;429,4,50,157,262,319;663,4,18,36,50,120;41,3,170,259,311;603,3,112,128,144;237,3,100,104,250;828,3,20,40,115;50,3,3,16,34;157,3,88,108,168;54,3,92,245,266;162,3,212,225,232;538,3,55,99,153;571,3,9,28,62;23,3,9,22,50;482,3,67,145,153;800,3,6,13,33;32,3,73,120,142;94,2,71,77;12,2,79,131;465,2,52,69;780,2,75,263;408,2,6,15;53,2,36,242;521,2,40,153;159,2,287,340;737,2,57,70;643,2,98,141;644,2,185,255;476,2,115,166;66,2,53,100;485,2,2,17;467,2,249,256;584,2,36,98;370,2,134,201;544,2,120,179;373,2,41,143;210,2,26,84;698,2,8,16;259,2,82,191;285,2,5,25;215,2,91,151;72,2,267,282;83,2,179,203;397,1,206;906,1,106;853,1,140;96,1,279;34,1,139;266,1,201;101,1,74;102,1,174;267,1,48;678,1,176;306,1,248;614,1,197;905,1,274;105,1,127;618,1,161;907,1,27;313,1,165;974,1,126;472,1,159;535,1,21;711,1,57;402,1,94;435,1,199;317,1,42;40,1,217;13,1,103;121,1,190;623,1,31;43,1,76;597,1,59;778,1,109;321,1,138;888,1,62;514,1,54;45,1,30;255,1,103;466,1,81;684,1,141;15,1,140;331,1,394;141,1,104;415,1,234;517,1,59;338,1,170;416,1,34;152,1,113;153,1,65;344,1,66;636,1,130;733,1,294;160,1,63;735,1,49;349,1,47;166,1,105;351,1,97;523,1,44;358,1,116;706,1,47;668,1,131;573,1,123;962,1,40;475,1,47;63,1,224;646,1,136;929,1,56;444,1,192;581,1,35;275,1,110;693,1,56;369,1,125;197,1,60;478,1,44;278,1,145;203,1,29;450,1,31;283,1,176;452,1,637;28,1,170;261,1,234;70,1,59;546,1,78;216,1,158;74,1,29;289,1,92;79,1,101;877,1,57;702,1,384;231,1,127;662,1,111;395,1,63;708,1,61;9,1,88
483,5,5:397,1,209;116,1,79;894,1,55;154,1,34;670,1,146
484,25,27:91,2,29,287;363,2,161,209;397,1,210;242,1,142;253,1,239;117,1,82;269,1,205;779,1,113;415,1,75;889,1,134;46,1,165;48,1,155;438,1,41;18,1,162;849,1,279;565,1,87;59,1,198;63,1,52;822,1,165;186,1,26;692,1,147;530,1,150;283,1,93;452,1,211;79,1,79
485,1,1:397,1,212
486,16,16:397,1,216;609,1,252;534,1,51;306,1,116;598,1,18;892,1,157;624,1,159;125,1,227;780,1,73;52,1,161;644,1,101;822,1,103;444,1,205;651,1,107;485,1,131;467,1,236
487,4,4:397,1,217;778,1,51;502,1,107;32,1,151
488,17,19:512,3,53,129,205;397,1,224;98,1,23;491,1,85;307,1,34;403,1,149;334,1,56;687,1,73;519,1,35;61,1,85;792,1,169;193,1,208;831,1,17;209,1,223;218,1,80;848,1,47;978,1,64
489,26,29:463,2,77,127;341,2,4,17;348,2,3,18;397,1,229;96,1,33;300,1,62;512,1,31;123,1,226;818,1,78;141,1,261;874,1,118;344,1,26;407,1,73;996,1,32;562,1,17;639,1,37;572,1,128;272,1,103;195,1,132;24,1,298;544,1,53;801,1,68;488,1,95;450,1,240;76,1,36;593,1,41
490,11,11:397,1,230;983,1,57;37,1,103;43,1,123;321,1,72;521,1,104;739,1,125;447,1,53;946,1,144;221,1,72;470,1,113
491,36,194:6,16,5,15,24,83,91,112,121,129,135,167,192,212,222,229,233,247;29,16,8,25,36,53,58,74,98,107,121,130,155,169,187,194,208,238;385,16,10,30,56,86,123,129,138,155,195,200,208,224,236,252,267,274;5,14,23,52,64,104,106,123,143,147,162,195,204,225,254,271;193,13,3,12,16,25,38,67,89,124,146,151,165,186,192;30,11,24,54,65,110,149,153,171,181,190,200,220;825,11,1,18,35,92,108,114,118,153,156,176,185;387,8,9,24,43,64,112,152,190,207;271,7,5,23,82,131,134,149,193;275,7,5,10,17,35,78,93,115;530,7,14,34,55,83,170,173,184;407,6,6,16,24,71,103,111;372,6,22,44,65,113,145,197;258,6,27,54,72,97,141,153;344,5,2,9,31,62,69;205,5,6,15,32,104,111;935,5,8,16,28,35,42;204,4,7,14,28,36;79,4,73,80,88,120;490,3,6,12,33;941,3,5,14,30;815,2,4,9;533,2,54,110;159,2,111,325;202,2,96,120;203,2,68,86;978,2,6,12;397,1,236;624,1,220;346,1,219;354,1,140;509,1,51;586,1,115;411,1,123;226,1,129;292,1,69
492,12,16:997,5,4,9,20,35,42;397,1,247;815,1,95;968,1,60;604,1,72;688,1,118;639,1,78;963,1,41;578,1,64;942,1,71;480,1,84;395,1,159
493,62,85:536,4,100,120,135,158;745,4,2,31,60,93;68,4,5,23,125,260;237,3,135,234,257;762,3,72,154,171;34,2,1,17;312,2,121,171;890,2,53,76;519,2,139,249;348,2,70,174;790,2,98,160;770,2,95,166;1,2,55,92;934,2,28,92;719,2,42,59;397,1,248;33,1,47;433,1,62;678,1,186;907,1,72;622,1,243;892,1,90;756,1,62;665,1,78;327,1,143;726,1,127;333,1,146;405,1,45;604,1,93;629,1,52;46,1,268;406,1,114;705,1,245;159,1,155;163,1,199;566,1,82;706,1,175;908,1,77;643,1,106;901,1,96;576,1,163;768,1,135;928,1,38;669,1,40;486,1,86;277,1,310;746,1,166;831,1,50;27,1,74;217,1,39;997,1,21;942,1,62;990,1,89;221,1,101;937,1,41;848,1,114;77,1,72;78,1,98;81,1,56;877,1,78;661,1,215;8,1,62
494,14,15:426,2,98,127;397,1,250;723,1,32;403,1,187;756,1,70;683,1,32;350,1,45;706,1,177;61,1,172;477,1,214;202,1,164;934,1,30;77,1,18;805,1,156
495,38,52:437,5,2,21,109,130,220;616,4,13,55,71,97;129,3,4,20,138;950,2,3,17;629,2,1,13;351,2,43,76;468,2,96,108;804,2,2,12;397,1,253;758,1,83;512,1,177;414,1,165;324,1,215;143,1,108;896,1,156;507,1,43;150,1,125;705,1,94;151,1,236;980,1,102;639,1,84;356,1,104;170,1,76;641,1,24;928,1,60;181,1,226;864,1,225;718,1,219;794,1,40;197,1,136;24,1,304;4,1,247;199,1,158;676,1,221;26,1,236;27,1,34;69,1,199;31,1,402
496,5,9:831,3,116,121,130;221,3,104,225,257;397,1,255;560,1,178;948,1,53
497,32,35:437,2,189,335;151,2,101,231;548,2,81,91;397,1,261;98,1,162;37,1,186;309,1,87;616,1,62;108,1,130;622,1,259;402,1,293;39,1,315;536,1,160;334,1,52;493,1,444;604,1,63;340,1,131;17,1,48;440,1,71;737,1,31;638,1,93;360,1,50;793,1,59;238,1,122;510,1,33;746,1,100;589,1,93;377,1,224;28,1,224;453,1,49;221,1,217;661,1,219
498,18,18:397,1,262;905,1,15;312,1,124;621,1,73;38,1,170;130,1,222;760,1,66;507,1,29;17,1,59;686,1,51;730,1,102;341,1,265;689,1,55;787,1,71;361,1,183;790,1,150;478,1,79;824,1,11
499,43,58:470,4,4,10,29,83;614,3,1,17,34;328,3,3,22,40;193,3,1,14,249;916,2,6,14;970,2,8,22;135,2,7,16;17,2,22,198;202,2,27,78;904,2,1,6;397,1,276;906,1,146;620,1,70;111,1,15;13,1,176;44,1,178;683,1,27;326,1,48;330,1,27;141,1,55;808,1,208;408,1,114;156,1,27;960,1,40;54,1,166;567,1,80;860,1,197;418,1,265;691,1,72;675,1,74;964,1,74;368,1,109;583,1,36;487,1,32;203,1,93;449,1,18;450,1,418;452,1,81;903,1,42;386,1,79;411,1,23;832,1,36;599,1,59
500,153,194:301,3,11,35,59;42,3,18,40,112;672,3,6,15,51;334,3,6,14,82;562,3,70,111,247;20,3,8,27,53;743,3,94,120,132;199,3,77,89,126;34,2,9,25;774,2,71,157;512,2,132,154;435,2,60,282;123,2,127,289;328,2,86,111;529,2,194,221;46,2,253,315;519,2,48,84;988,2,13,34;350,2,109,249;355,2,41,73;901,2,80,99;646,2,41,169;183,2,12,30;209,2,71,112;770,2,72,154;286,2,12,39;71,2,7,18;380,2,338,344;719,2,10,25;29,2,18,46;848,2,8,18;594,2,204,246;229,2,71,190;397,1,277;88,1,74;609,1,59;401,1,104;265,1,57;251,1,157;709,1,139;35,1,51;303,1,192;891,1,37;434,1,59;917,1,67;37,1,294;307,1,71;905,1,157;311,1,35;618,1,205;619,1,52;621,1,98;313,1,97;892,1,76;555,1,157;39,1,251;119,1,44;254,1,261;893,1,94;779,1,67;133,1,192;760,1,127;515,1,79;335,1,118;895,1,127;144,1,81;781,1,73;493,1,341;604,1,44;18,1,55;819,1,45;687,1,44;849,1,64;344,1,27;961,1,59;538,1,244;164,1,113;349,1,90;354,1,118;418,1,58;881,1,96;58,1,94;856,1,164;361,1,58;495,1,97;575,1,109;766,1,136;740,1,145;3,1,240;767,1,42;830,1,55;768,1,124;181,1,301;421,1,138;184,1,116;929,1,58;245,1,114;692,1,196;931,1,34;543,1,74;744,1,49;524,1,58;238,1,140;196,1,68;478,1,100;497,1,159;467,1,225;509,1,69;371,1,75;652,1,72;68,1,315;278,1,84;845,1,43;530,1,85;989,1,96;747,1,77;499,1,159;27,1,67;426,1,84;771,1,121;211,1,209;488,1,76;450,1,433;451,1,95;469,1,93;261,1,96;811,1,38;216,1,105;1,1,73;592,1,40;935,1,33;221,1,307;772,1,200;903,1,37;289,1,114;224,1,120;940,1,80;470,1,151;225,1,173;31,1,125;700,1,78;887,1,66;660,1,91;702,1,282;531,1,112;599,1,109;234,1,196;670,1,400;663,1,80;852,1,57;755,1,70;295,1,222;9,1,109
501,7,20:886,6,4,7,14,17,38,41;464,5,16,37,51,63,165;446,2,118,162;652,2,181,251;704,2,112,138;593,2,32,48;397,1,278
502,16,30:69,6,54,120,141,206,218,225;671,4,1,12,33,188;203,3,2,12,106;36,2,160,197;210,2,137,156;464,2,46,61;940,2,105,115;397,1,279;307,1,51;415,1,246;864,1,121;422,1,137;544,1,20;205,1,53;390,1,61;722,1,69
503,44,59:762,4,1,13,31,169;72,4,69,213,237,287;663,3,2,20,38;708,3,2,16,30;437,2,40,443;22,2,328,342;206,2,192,229;219,2,114,133;8,2,20,42;397,1,281;432,1,27;709,1,96;266,1,221;301,1,170;598,1,146;113,1,221;957,1,40;402,1,274;268,1,92;682,1,136;138,1,168;151,1,160;53,1,205;160,1,50;639,1,143;362,1,135;539,1,140;810,1,78;644,1,93;715,1,90;822,1,68;422,1,46;718,1,184;275,1,144;192,1,126;486,1,91;246,1,227;370,1,162;652,1,236;26,1,38;261,1,311;991,1,139;659,1,119;461,1,107
504,6,8:402,2,55,365;256,2,21,111;397,1,282;597,1,217;421,1,44;213,1,234
505,44,73:387,5,11,26,81,148,215;975,4,8,19,38,64;979,3,17,37,71;564,3,4,13,27;989,3,5,14,26;546,3,35,111,167;380,3,43,207,291;592,3,9,19,64;164,2,44,74;206,2,170,212;72,2,10,23;381,2,42,105;748,2,5,16;990,2,9,21;699,2,199,244;720,2,5,16;32,2,45,278;660,2,1,11;397,1,284;96,1,222;307,1,50;123,1,29;20,1,77;244,1,65;768,1,88;646,1,148;275,1,20;509,1,211;586,1,53;800,1,35;207,1,213;208,1,89;770,1,94;26,1,108;426,1,53;214,1,75;847,1,37;948,1,71;1,1,111;971,1,22;937,1,18;750,1,80;978,1,16;480,1,122
506,33,37:778,4,3,22,67,161;199,2,180,273;397,1,302;93,1,66;108,1,57;974,1,75;117,1,67;268,1,140;42,1,178;672,1,110;139,1,29;406,1,64;764,1,65;841,1,123;162,1,228;690,1,90;539,1,201;644,1,224;649,1,40;761,1,166;4,1,198;67,1,95;446,1,67;201,1,320;206,1,254;281,1,152;545,1,48;283,1,148;427,1,38;219,1,213;600,1,49;388,1,68;913,1,67
507,3,3:397,1,305;405,1,81;344,1,95
508,70,112:684,6,1,18,85,99,126,156;816,4,33,53,86,89;145,4,26,64,90,95;819,4,41,105,122,134;362,4,4,10,34,126;184,4,1,12,26,43;920,3,79,96,112;417,3,164,179,283;797,3,15,35,65;384,3,2,14,30;702,3,131,166,206;773,2,27,55;726,2,5,28;638,2,119,127;356,2,98,109;821,2,9,28;813,2,92,117;577,2,2,8;373,2,219,225;500,2,1,16;698,2,52,104;948,2,16,73;721,2,183,206;397,1,306;609,1,245;106,1,102;465,1,135;554,1,179;624,1,115;597,1,307;888,1,113;514,1,28;463,1,238;326,1,83;760,1,105;138,1,89;896,1,131;979,1,109;159,1,313;565,1,128;784,1,113;166,1,141;737,1,52;523,1,16;572,1,98;642,1,150;740,1,269;421,1,81;183,1,91;930,1,84;487,1,18;497,1,173;446,1,150;371,1,51;525,1,98;876,1,90;469,1,124;261,1,95;811,1,36;216,1,49;591,1,70;428,1,91;750,1,84;752,1,96;457,1,96;31,1,255;32,1,292;511,1,104;722,1,82;967,1,29
509,26,27:533,2,68,96;397,1,310;513,1,124;103,1,56;905,1,110;617,1,56;554,1,152;113,1,142;120,1,157;623,1,29;14,1,97;125,1,358;321,1,186;437,1,227;131,1,151;15,1,134;415,1,181;144,1,78;628,1,91;635,1,43;642,1,133;482,1,40;238,1,312;695,1,37;904,1,22;549,1,79
510,13,14:450,2,321,337;397,1,311;529,1,133;896,1,155;148,1,130;733,1,471;358,1,107;929,1,79;541,1,304;192,1,261;202,1,173;606,1,105;939,1,66
511,37,60:821,6,61,79,98,134,145,179;505,5,44,51,62,64,68;482,3,76,110,166;771,3,44,173,239;378,3,138,231,255;91,2,22,33;401,2,155,212;597,2,122,130;872,2,129,148;343,2,171,175;258,2,120,128;587,2,116,126;281,2,213,225;397,1,323;472,1,151;42,1,245;125,1,268;45,1,69;2,1,287;269,1,261;780,1,132;17,1,53;635,1,27;961,1,73;644,1,117;928,1,66;182,1,130;651,1,123;585,1,339;209,1,197;707,1,87;28,1,229;259,1,184;70,1,148;772,1,81;292,1,195;887,1,94
512,3,3:397,1,326;714,1,95;722,1,191
513,23,30:327,3,4,24,50;733,3,230,411,435;171,3,76,108,183;899,2,11,24;397,1,332;551,1,90;512,1,158;318,1,68;331,1,291;416,1,31;53,1,220;482,1,138;444,1,80;374,1,94;747,1,53;814,1,21;378,1,62;216,1,133;78,1,91;470,1,165;701,1,73;825,1,141;249,1,118
514,15,23:158,4,104,114,154,183;410,3,31,67,76;322,2,50,60;173,2,158,166;864,2,92,116;397,1,333;268,1,212;321,1,189;126,1,124;324,1,219;131,1,116;812,1,67;332,1,251;880,1,57;574,1,230
515,5,5:397,1,335;957,1,52;435,1,90;403,1,227;177,1,209
516,8,13:243,3,56,83,105;397,2,344,362;241,2,47,97;293,2,85,114;114,1,65;817,1,168;55,1,125;381,1,99
517,27,50:620,4,27,39,46,67;672,4,7,16,79,142;578,4,1,5,37,58;208,4,5,18,57,110;72,3,2,15,150;217,3,1,7,20;435,2,38,173;519,2,49,91;166,2,37,48;646,2,64,114;847,2,49,78;948,2,44,97;664,2,119,130;397,1,352;609,1,78;775,1,53;621,1,127;334,1,84;895,1,71;631,1,64;156,1,51;785,1,72;790,1,106;715,1,34;28,1,199;942,1,39;75,1,16
518,36,46:605,4,122,132,150,235;167,3,7,16,53;988,2,58,69;495,2,81,93;365,2,94,219;261,2,290,299;594,2,152,172;397,1,357;432,1,187;301,1,148;891,1,49;306,1,482;434,1,65;884,1,52;685,1,49;731,1,57;344,1,86;689,1,131;690,1,74;860,1,145;356,1,44;57,1,59;184,1,171;579,1,112;580,1,130;66,1,81;447,1,74;209,1,66;5,1,243;696,1,73;802,1,99;216,1,78;990,1,46;480,1,143;502,1,118;722,1,224
519,3,3:397,1,367;123,1,151;689,1,158
520,79,105:414,6,12,33,43,141,167,177;541,3,158,211,305;593,3,2,10,23;225,3,3,15,121;226,3,160,181,192;89,2,50,74;491,2,1,16;102,2,106,137;329,2,103,137;142,2,229,244;159,2,172,317;644,2,144,236;183,2,46,110;199,2,142,288;771,2,28,225;259,2,158,204;832,2,49,74;31,2,128,139;397,1,370;401,1,45;433,1,56;103,1,304;905,1,268;413,1,57;402,1,172;116,1,249;268,1,228;624,1,143;463,1,223;130,1,194;269,1,99;779,1,31;331,1,88;474,1,115;144,1,245;729,1,186;48,1,168;859,1,82;151,1,161;152,1,129;733,1,448;538,1,236;350,1,172;354,1,166;789,1,70;170,1,31;641,1,90;58,1,169;419,1,44;420,1,147;362,1,137;821,1,101;576,1,80;442,1,27;184,1,33;794,1,27;651,1,149;693,1,50;202,1,85;653,1,136;209,1,89;500,1,81;376,1,256;248,1,97;211,1,192;488,1,100;377,1,288;213,1,211;260,1,142;261,1,312;73,1,110;29,1,162;936,1,39;886,1,58;458,1,34;459,1,28;293,1,149;461,1,110;236,1,210
521,43,44:104,2,37,137;397,1,374;490,1,20;758,1,23;95,1,52;399,1,61;102,1,206;412,1,49;710,1,118;240,1,369;618,1,164;242,1,174;14,1,63;918,1,94;597,1,199;893,1,26;986,1,71;150,1,61;880,1,45;735,1,68;566,1,100;789,1,49;170,1,62;62,1,57;3,1,189;540,1,32;799,1,23;209,1,229;811,1,17;71,1,80;934,1,195;404,1,115;592,1,24;937,1,78;772,1,26;222,1,105;750,1,42;31,1,105;82,1,48;234,1,46;394,1,51;852,1,39;755,1,46
522,5,10:14,3,6,20,41;33,2,2,14;164,2,2,4;244,2,7,15;397,1,376
523,63,239:206,11,2,11,41,56,76,137,203,222,232,246,321;72,11,7,20,63,77,88,98,133,222,246,278,329;32,8,6,20,42,51,122,322,355,382;25,7,2,13,61,66,119,133,157;214,7,4,8,14,45,92,158,259;751,7,9,23,36,49,76,95,114;207,6,12,28,107,135,178,203;546,6,5,18,50,61,102,213;29,6,6,34,72,129,168,214;596,6,3,9,30,43,65,78;922,5,1,9,25,30,70;794,5,2,14,30,52,60;374,5,8,19,33,91,95;972,5,2,8,14,20,40;588,5,1,7,20,47,73;5,5,15,44,98,146,203;801,5,3,11,21,61,85;6,5,128,221,231,232,246;750,5,1,13,26,81,88;223,5,1,14,61,74,97;752,5,4,13,30,58,100;71,4,3,14,25,77;948,4,1,8,20,82;30,4,15,45,152,203;78,4,1,14,32,120;387,4,8,23,42,211;857,4,2,9,17,47;81,4,1,8,26,60;858,4,3,12,23,46;490,3,2,8,27;208,3,9,22,40;375,3,7,20,36;847,3,30,100,102;215,3,29,61,162;385,3,151,153,199;592,3,6,16,34;75,3,5,12,49;454,3,2,8,17;720,3,32,184,275;991,3,4,12,30;388,3,2,12,136;82,3,1,16,32;701,3,9,22,44;825,3,113,135,155;7,3,7,21,31;227,3,6,15,24;660,3,22,53,77;815,2,19,140;979,2,55,106;842,2,54,99;747,2,2,11;217,2,49,143;719,2,48,152;939,2,4,18;193,1,113;814,1,47;380,1,347;216,1,123;942,1,48;382,1,60;748,1,153;935,1,41;511,1,31
524,14,23:651,4,64,92,151,248;644,3,60,86,146;32,3,139,224,254;100,2,56,127;645,2,59,64;815,1,32;725,1,206;115,1,45;712,1,52;705,1,66;162,1,87;716,1,148;509,1,193;219,1,214
525,60,137:828,11,9,14,29,34,43,49,75,97,130,159,197;600,9,6,21,56,75,89,100,116,172,179;289,7,6,13,24,31,55,73,141;253,6,109,148,181,201,208,230;291,6,5,11,21,26,38,66;978,6,27,45,84,123,156,177;429,6,1,21,124,139,191,196;664,5,6,30,90,110,148;200,4,1,31,75,161;613,3,6,19,101;759,3,36,208,232;317,3,3,11,32;136,3,95,133,184;276,3,101,221,306;286,3,127,179,209;296,3,122,151,209;39,2,173,254;321,2,228,256;713,2,7,30;407,2,50,78;189,2,114,211;372,2,1,23;201,2,123,146;530,2,91,179;450,2,233,277;847,2,39,146;9,2,78,167;236,2,1,30;815,1,37;432,1,52;512,1,174;615,1,86;315,1,61;110,1,99;481,1,241;334,1,18;506,1,56;808,1,73;46,1,506;147,1,147;18,1,109;344,1,81;53,1,40;564,1,115;350,1,157;175,1,107;740,1,50;64,1,146;524,1,65;246,1,86;247,1,128;277,1,158;425,1,106;281,1,135;211,1,164;70,1,111;387,1,61;392,1,153;393,1,106;235,1,161
526,35,36:103,2,66,89;815,1,40;265,1,171;251,1,152;775,1,76;239,1,258;240,1,97;615,1,62;905,1,235;312,1,86;268,1,204;623,1,18;125,1,46;321,1,98;126,1,40;130,1,204;133,1,181;136,1,268;686,1,176;256,1,70;714,1,271;363,1,193;864,1,207;184,1,166;543,1,130;530,1,182;989,1,51;590,1,117;259,1,172;887,1,112;293,1,111;702,1,32;834,1,142;394,1,91;708,1,86
527,4,4:815,1,43;37,1,221;941,1,45;984,1,98
528,49,98:699,8,9,20,34,56,143,180,213,222;113,4,83,145,257,262;136,4,19,42,64,196;337,4,7,30,57,126;278,4,44,130,157,211;978,4,23,94,117,134;303,3,149,217,253;240,3,109,143,216;131,3,102,112,123;979,3,1,21,84;171,3,77,109,184;885,3,10,21,36;748,3,42,52,96;720,3,73,83,127;721,3,53,191,232;709,2,141,231;237,2,200,296;328,2,2,21;733,2,412,436;452,2,80,286;719,2,82,151;287,2,59,70;387,2,32,228;388,2,72,83;815,1,45;609,1,141;551,1,91;614,1,123;310,1,122;618,1,46;268,1,65;683,1,26;331,1,314;806,1,70;506,1,68;732,1,67;158,1,146;54,1,185;25,1,65;588,1,72;375,1,58;696,1,96;29,1,140;991,1,29;752,1,83;456,1,300;292,1,282;858,1,59;702,1,127
529,7,8:815,2,55,123;941,1,51;344,1,113;287,1,41;387,1,178;721,1,180;660,1,105
530,1,1:815,1,65
531,17,17:815,1,69;433,1,67;598,1,166;871,1,181;949,1,55;134,1,143;941,1,24;17,1,180;849,1,323;874,1,147;688,1,74;714,1,145;843,1,84;846,1,81;72,1,91;720,1,283;295,1,260
532,79,110:599,4,18,70,80,143;336,3,5,21,44;493,3,167,196,239;667,3,9,23,57;20,3,6,25,51;370,3,6,25,115;202,3,10,22,40;286,3,3,30,55;491,2,9,24;102,2,39,191;116,2,125,171;125,2,67,349;727,2,1,6;151,2,77,81;348,2,1,16;963,2,11,43;193,2,198,256;68,2,199,242;259,2,19,46;260,2,23,56;940,2,88,168;84,2,5,14;815,1,71;89,1,142;263,1,83;412,1,154;891,1,73;240,1,28;553,1,75;435,1,273;41,1,147;682,1,108;14,1,60;597,1,47;888,1,56;665,1,101;780,1,104;136,1,150;334,1,76;762,1,213;405,1,154;889,1,92;337,1,167;148,1,46;341,1,369;782,1,101;345,1,22;440,1,166;51,1,140;158,1,123;688,1,50;349,1,19;355,1,45;56,1,71;569,1,15;994,1,69;61,1,154;62,1,90;766,1,131;179,1,123;928,1,104;181,1,141;524,1,52;510,1,73;447,1,42;800,1,94;966,1,32;606,1,129;215,1,105;217,1,84;934,1,73;458,1,26;292,1,220;391,1,100;834,1,56;85,1,114;395,1,133;852,1,58;755,1,71
533,67,95:17,5,15,76,201,301,353;733,5,24,65,136,261,301;676,5,51,98,122,202,271;535,4,14,138,212,242;906,3,7,78,120;695,3,29,63,87;611,2,37,94;621,2,78,189;840,2,30,63;874,2,81,115;734,2,14,68;567,2,44,64;418,2,29,189;583,2,52,90;206,2,24,127;815,1,72;983,1,16;412,1,114;308,1,29;969,1,39;112,1,63;123,1,286;43,1,47;762,1,175;405,1,155;145,1,140;516,1,29;808,1,219;730,1,22;416,1,23;345,1,23;688,1,51;417,1,120;351,1,40;787,1,19;690,1,78;355,1,46;568,1,23;987,1,24;170,1,22;962,1,27;177,1,198;61,1,145;62,1,106;909,1,42;190,1,96;192,1,145;744,1,59;477,1,113;510,1,15;798,1,107;409,1,51;846,1,100;697,1,16;284,1,152;215,1,106;216,1,112;719,1,36;218,1,172;386,1,74;457,1,83;677,1,12;858,1,44;596,1,14;702,1,335;833,1,15;834,1,215
534,235,380:934,7,12,24,40,141,148,166,207;417,6,203,224,229,238,250,257;623,5,17,57,67,96,161;136,5,4,27,54,149,242;46,5,110,220,261,265,274;98,4,50,82,129,193;679,4,26,39,54,81;622,4,191,200,209,248;237,4,139,150,159,219;879,4,87,94,128,160;493,4,48,69,450,478;538,4,43,164,225,243;581,4,60,82,89,114;746,4,70,121,131,164;452,4,297,394,496,499;720,4,40,94,144,287;262,3,57,86,118;94,3,14,28,171;11,3,51,122,169;110,3,60,178,363;143,3,9,18,40;338,3,25,34,186;705,3,110,113,211;638,3,8,16,25;639,3,51,136,148;361,3,44,60,84;3,3,239,307,379;576,3,73,117,121;280,3,107,125,157;376,3,75,221,266;721,3,138,157,170;662,3,71,141,159;461,3,11,22,50;295,3,150,218,354;433,2,130,144;601,2,150,170;36,2,66,174;240,2,65,176;306,2,315,419;12,2,43,142;108,2,106,292;884,2,128,147;40,2,89,151;122,2,74,171;481,2,124,292;712,2,43,86;142,2,193,257;337,2,112,203;950,2,14,28;629,2,12,24;728,2,13,26;17,2,213,300;341,2,240,327;562,2,58,68;440,2,155,207;564,2,73,92;787,2,42,81;860,2,80,111;56,2,57,157;58,2,25,99;642,2,116,157;177,2,103,206;475,2,11,28;575,2,9,18;364,2,77,128;644,2,154,208;476,2,126,180;792,2,40,74;274,2,61,122;245,2,14,112;496,2,44,104;66,2,97,123;67,2,190,253;68,2,219,269;585,2,80,488;946,2,48,192;587,2,70,83;211,2,91,161;377,2,241,312;379,2,60,126;748,2,63,113;6,2,142,151;548,2,14,34;657,2,26,104;393,2,86,206;8,2,136,216;396,2,155,184;815,1,78;882,1,118;865,1,58;853,1,107;33,1,52;432,1,115;401,1,83;97,1,119;264,1,92;854,1,92;267,1,167;303,1,185;239,1,184;613,1,102;512,1,139;312,1,74;313,1,102;314,1,88;680,1,10;777,1,27;472,1,193;892,1,54;871,1,173;535,1,130;555,1,292;402,1,61;435,1,255;403,1,63;120,1,260;121,1,89;14,1,115;603,1,173;597,1,94;321,1,61;126,1,172;129,1,119;665,1,56;2,1,104;893,1,62;131,1,62;15,1,76;332,1,151;333,1,94;138,1,109;139,1,35;515,1,52;986,1,67;556,1,35;873,1,84;686,1,55;416,1,72;920,1,75;342,1,99;560,1,184;849,1,133;256,1,65;605,1,248;153,1,103;343,1,50;636,1,125;51,1,97;520,1,126;861,1,69;734,1,49;346,1,118;161,1,112;943,1,44;688,1,96;925,1,28;348,1,104;689,1,194;714,1,252;349,1,67;566,1,52;441,1,112;690,1,55;355,1,72;994,1,67;358,1,90;175,1,169;22,1,149;691,1,106;272,1,49;419,1,118;856,1,135;420,1,72;835,1,37;766,1,228;273,1,164;767,1,56;715,1,104;578,1,29;646,1,175;647,1,54;182,1,59;844,1,190;444,1,154;257,1,121;191,1,91;651,1,159;193,1,108;64,1,109;477,1,147;584,1,70;446,1,142;447,1,144;278,1,263;201,1,264;530,1,88;676,1,85;798,1,144;800,1,40;207,1,179;747,1,51;208,1,52;279,1,91;5,1,257;846,1,85;69,1,222;248,1,173;451,1,286;590,1,149;261,1,150;453,1,96;546,1,36;847,1,90;380,1,273;217,1,91;1,1,69;73,1,211;749,1,39;404,1,55;224,1,97;978,1,25;480,1,25;31,1,429;32,1,154;81,1,70;292,1,262;595,1,133;850,1,141;389,1,51;834,1,114;233,1,71;852,1,56;755,1,69;708,1,187;249,1,164
535,32,35:221,3,105,215,277;705,2,3,14;815,1,80;609,1,135;610,1,171;265,1,176;303,1,200;512,1,112;306,1,361;620,1,44;144,1,158;947,1,31;518,1,26;256,1,32;519,1,146;636,1,153;171,1,36;642,1,105;177,1,46;574,1,168;813,1,60;790,1,168;768,1,27;578,1,40;822,1,171;275,1,26;692,1,203;543,1,42;214,1,197;848,1,73;754,1,35;9,1,151
536,135,187:373,5,137,181,192,230,238;629,4,2,14,51,76;643,4,1,17,36,162;609,3,102,123,134;92,3,109,175,230;302,3,89,121,136;957,3,1,7,20;536,3,129,150,156;505,3,5,14,88;726,3,7,30,107;729,3,39,87,163;686,3,1,11,48;418,3,262,291,358;652,3,1,26,147;709,2,124,181;554,2,184,246;684,2,63,120;135,2,20,95;141,2,92,155;626,2,122,226;950,2,4,18;728,2,3,16;416,2,43,56;341,2,363,370;151,2,74,223;786,2,98,118;843,2,2,19;792,2,97,170;704,2,1,23;68,2,117,124;453,2,135,179;217,2,101,152;877,2,77,91;596,2,26,38;815,1,90;262,1,95;601,1,89;551,1,145;774,1,116;532,1,83;512,1,178;916,1,55;306,1,351;917,1,69;310,1,166;602,1,91;892,1,119;555,1,329;866,1,21;114,1,68;43,1,85;918,1,109;712,1,170;879,1,172;818,1,100;332,1,108;144,1,232;896,1,148;145,1,129;889,1,93;516,1,28;808,1,124;46,1,380;919,1,82;48,1,183;340,1,189;730,1,106;559,1,200;406,1,113;920,1,101;342,1,86;560,1,53;152,1,187;256,1,49;782,1,133;562,1,39;841,1,155;159,1,152;160,1,193;54,1,158;924,1,110;637,1,33;538,1,37;784,1,49;980,1,80;350,1,96;765,1,98;639,1,77;354,1,195;56,1,72;167,1,80;169,1,32;174,1,46;272,1,39;573,1,115;963,1,38;177,1,189;856,1,171;475,1,85;178,1,56;363,1,38;644,1,39;245,1,192;911,1,21;540,1,73;793,1,138;190,1,127;795,1,72;796,1,59;651,1,37;497,1,195;204,1,49;798,1,146;746,1,132;831,1,107;902,1,81;846,1,110;803,1,88;837,1,49;380,1,156;381,1,112;942,1,87;912,1,118;76,1,85;225,1,167;32,1,430;511,1,154;858,1,54;805,1,45;429,1,279;833,1,31;661,1,177;460,1,16;663,1,106;708,1,95
537,6,13:695,5,97,126,137,153,168;98,4,116,120,139,184;815,1,100;512,1,111;123,1,290;221,1,107
538,53,57:341,4,148,189,242,277;162,2,82,216;815,1,102;88,1,112;94,1,103;412,1,215;239,1,219;12,1,170;759,1,67;110,1,206;472,1,154;622,1,254;254,1,212;44,1,187;125,1,50;322,1,106;126,1,159;325,1,105;627,1,38;17,1,208;705,1,65;560,1,146;764,1,49;874,1,98;562,1,252;520,1,194;733,1,456;898,1,66;688,1,91;567,1,97;355,1,21;58,1,109;706,1,55;668,1,127;178,1,97;421,1,136;64,1,268;197,1,119;447,1,166;206,1,204;376,1,200;545,1,60;426,1,158;452,1,284;656,1,111;73,1,94;386,1,75;456,1,172;81,1,53;293,1,129;234,1,176;8,1,145;396,1,139
539,15,15:815,1,103;827,1,162;123,1,308;437,1,323;806,1,43;493,1,443;687,1,71;636,1,158;520,1,261;688,1,92;197,1,113;467,1,63;509,1,133;450,1,121;77,1,35
540,6,8:179,3,167,187,194;815,1,105;418,1,382;361,1,83;794,1,79;524,1,21
541,22,38:96,5,6,20,94,171,271;410,5,9,22,34,70,79;585,3,182,231,406;598,2,186,201;506,2,18,37;747,2,39,74;464,2,11,32;991,2,61,122;387,2,75,196;815,1,115;36,1,50;871,1,45;415,1,114;842,1,90;484,1,74;201,1,101;398,1,48;210,1,165;211,1,200;501,1,61;480,1,120;457,1,108
542,12,12:815,1,118;865,1,91;110,1,207;13,1,91;44,1,189;789,1,101;173,1,42;182,1,82;486,1,103;279,1,45;902,1,87;456,1,260
543,97,118:733,4,251,312,328,385;610,3,90,103,141;834,3,9,27,57;266,2,87,240;598,2,170,210;103,2,28,211;307,2,3,8;310,2,101,117;618,2,76,118;619,2,160,184;110,2,187,267;555,2,134,145;3,2,166,314;822,2,181,230;541,2,95,192;587,2,16,32;995,2,1,7;815,1,130;853,1,109;252,1,233;613,1,81;905,1,224;616,1,74;671,1,193;725,1,79;621,1,180;314,1,129;413,1,88;777,1,123;827,1,35;435,1,250;316,1,242;119,1,47;254,1,399;320,1,218;888,1,68;536,1,79;325,1,111;437,1,476;132,1,73;779,1,80;529,1,225;806,1,48;270,1,167;629,1,88;46,1,83;256,1,105;439,1,36;874,1,137;922,1,56;897,1,190;943,1,60;566,1,84;639,1,162;171,1,94;571,1,80;881,1,114;419,1,94;177,1,107;830,1,12;715,1,130;181,1,70;930,1,115;823,1,116;245,1,62;911,1,90;257,1,82;193,1,111;543,1,247;497,1,176;278,1,205;448,1,79;202,1,58;585,1,47;203,1,75;801,1,82;589,1,59;214,1,214;811,1,69;934,1,81;29,1,235;548,1,99;936,1,80;221,1,211;937,1,26;772,1,161;289,1,137;456,1,315;457,1,145;32,1,46;721,1,51;877,1,95;429,1,206;596,1,31;294,1,134;670,1,285;722,1,207
544,17,23:621,3,8,20,286;72,3,55,272,275;481,2,68,98;5,2,179,185;815,1,133;471,1,62;127,1,96;919,1,42;54,1,274;881,1,101;822,1,52;201,1,335;206,1,197;606,1,88;286,1,266;387,1,212;664,1,208
545,46,87:88,7,1,8,16,32,98,113,129;153,7,8,16,20,37,45,77,117;642,6,3,12,21,61,85,93;89,4,97,110,126,138;987,4,7,14,26,45;327,3,14,34,69;16,3,6,16,47;686,3,23,28,76;977,3,1,9,72;432,2,78,132;775,2,30,120;535,2,3,9;340,2,98,114;605,2,30,33;417,2,194,233;418,2,197,344;583,2,189,253;64,2,254,256;230,2,50,86;774,1,54;491,1,72;836,1,78;306,1,102;108,1,318;621,1,149;892,1,86;827,1,197;435,1,56;684,1,83;626,1,173;494,1,48;559,1,115;952,1,26;346,1,79;736,1,22;737,1,27;56,1,53;766,1,76;363,1,60;807,1,61;26,1,135;589,1,83;480,1,74;502,1,25;805,1,90;702,1,217
546,33,42:28,5,5,23,45,75,186;725,2,139,212;51,2,49,110;179,2,151,172;586,2,48,110;73,2,121,171;88,1,27;550,1,139;836,1,82;618,1,172;883,1,55;481,1,309;166,1,168;356,1,74;174,1,58;856,1,87;361,1,127;63,1,225;191,1,122;64,1,289;745,1,125;446,1,127;814,1,98;26,1,190;469,1,106;259,1,196;215,1,206;381,1,147;720,1,227;858,1,71;229,1,61;231,1,65;8,1,168
547,118,155:144,6,1,17,114,152,260,275;638,5,61,150,160,207,217;628,4,28,107,131,158;453,4,64,76,110,191;668,3,1,20,67;853,2,61,80;92,2,69,125;37,2,64,282;108,2,35,347;621,2,63,145;681,2,145,268;555,2,81,313;268,2,148,165;131,2,28,139;134,2,94,196;151,2,40,122;733,2,67,173;54,2,39,152;421,2,112,168;676,2,10,24;946,2,79,112;206,2,205,286;589,2,105,122;654,2,44,117;661,2,76,185;88,1,43;401,1,63;265,1,30;98,1,71;612,1,132;252,1,156;534,1,182;306,1,355;309,1,88;969,1,58;110,1,129;777,1,71;472,1,27;883,1,32;554,1,233;871,1,187;113,1,60;535,1,59;40,1,27;121,1,27;122,1,191;123,1,88;44,1,86;125,1,92;126,1,66;505,1,103;331,1,148;333,1,112;140,1,97;142,1,219;506,1,80;666,1,49;919,1,66;873,1,104;984,1,68;687,1,24;416,1,75;945,1,25;521,1,123;163,1,139;348,1,60;538,1,182;566,1,49;737,1,88;787,1,51;21,1,170;167,1,89;170,1,93;572,1,96;360,1,95;642,1,22;495,1,49;574,1,173;178,1,48;810,1,89;741,1,69;715,1,47;822,1,62;743,1,42;792,1,127;717,1,68;793,1,63;192,1,21;796,1,66;65,1,63;869,1,53;744,1,37;201,1,139;585,1,474;208,1,37;902,1,61;695,1,118;280,1,259;846,1,93;707,1,80;450,1,18;283,1,82;377,1,247;259,1,165;380,1,86;547,1,90;75,1,73;221,1,114;699,1,286;501,1,75;290,1,81;594,1,83;224,1,137;470,1,102;659,1,121;511,1,21;393,1,172;396,1,267
548,5,8:153,3,6,14,18;775,2,29,59;88,1,46;977,1,43;64,1,255
549,51,56:993,3,31,33,70;555,2,203,306;41,2,243,293;597,2,220,316;88,1,47;91,1,183;300,1,137;302,1,91;412,1,124;306,1,185;103,1,236;618,1,73;242,1,231;621,1,81;892,1,71;535,1,197;253,1,223;118,1,113;42,1,239;125,1,327;325,1,88;255,1,227;134,1,200;529,1,148;872,1,106;138,1,126;415,1,79;729,1,228;46,1,103;53,1,305;159,1,388;20,1,177;785,1,113;860,1,291;359,1,194;363,1,186;421,1,64;190,1,166;582,1,131;278,1,143;695,1,74;589,1,56;377,1,153;457,1,123;31,1,361;862,1,85;429,1,171;967,1,71;8,1,78;708,1,157;249,1,165
550,13,15:373,2,72,158;459,2,2,12;88,1,50;917,1,55;672,1,72;537,1,118;674,1,51;628,1,78;632,1,23;924,1,38;418,1,176;177,1,86;654,1,127
551,99,130:806,6,11,27,41,66,86,117;402,5,8,21,283,301,383;762,3,185,223,261;450,3,52,316,426;385,3,140,165,178;401,2,241,270;300,2,147,202;775,2,42,63;412,2,163,219;313,2,109,179;119,2,103,138;863,2,112,131;637,2,38,63;163,2,69,163;173,2,45,74;824,2,54,68;26,2,243,260;28,2,212,221;657,2,18,100;751,2,7,21;599,2,62,86;88,1,59;262,1,154;98,1,87;551,1,78;36,1,67;891,1,122;678,1,44;103,1,328;311,1,95;107,1,108;312,1,147;974,1,96;680,1,50;681,1,115;535,1,179;827,1,184;435,1,208;318,1,73;319,1,189;123,1,144;125,1,30;436,1,26;437,1,126;466,1,108;134,1,145;780,1,253;537,1,198;136,1,193;337,1,64;48,1,250;438,1,33;148,1,123;559,1,45;341,1,366;921,1,143;256,1,109;407,1,113;519,1,225;841,1,93;440,1,208;159,1,322;417,1,273;350,1,77;171,1,59;175,1,59;963,1,47;61,1,166;363,1,215;3,1,203;768,1,100;183,1,195;444,1,102;793,1,64;794,1,81;192,1,201;445,1,45;369,1,101;477,1,56;467,1,89;509,1,129;67,1,173;199,1,193;205,1,90;746,1,56;831,1,73;449,1,83;209,1,80;695,1,154;526,1,45;452,1,669;847,1,79;221,1,130;938,1,23;386,1,34;825,1,191;531,1,157;663,1,151;708,1,183
552,2,2:88,1,61;847,1,59
553,20,29:492,5,6,16,92,119,168;617,2,3,15;269,2,145,159;133,2,58,81;422,2,43,53;293,2,74,140;88,1,79;265,1,65;37,1,116;554,1,192;624,1,41;127,1,52;330,1,37;176,1,195;62,1,71;822,1,56;202,1,101;585,1,34;653,1,44;586,1,18
554,5,5:88,1,83;328,1,71;338,1,36;859,1,72;688,1,48
555,23,29:652,3,78,83,97;242,2,95,194;126,2,50,170;421,2,229,261;214,2,167,241;88,1,86;90,1,45;37,1,69;115,1,217;41,1,354;269,1,108;146,1,133;819,1,31;54,1,205;688,1,123;418,1,166;275,1,143;191,1,84;210,1,68;213,1,202;6,1,174;385,1,263;32,1,91
556,49,66:199,5,6,26,60,131,167;790,4,76,130,142,155;270,3,39,118,163;102,2,6,20;598,2,102,152;849,2,95,115;182,2,49,88;276,2,322,387;676,2,144,154;218,2,54,119;219,2,71,95;88,1,89;92,1,101;100,1,158;310,1,156;242,1,140;555,1,185;402,1,78;403,1,18;120,1,43;41,1,358;437,1,91;604,1,31;18,1,126;920,1,73;341,1,31;54,1,195;350,1,64;21,1,131;176,1,193;362,1,146;647,1,43;954,1,41;245,1,44;366,1,59;367,1,179;485,1,116;370,1,102;652,1,76;704,1,104;452,1,557;590,1,204;606,1,82;1,1,136;592,1,30;848,1,118;290,1,225;459,1,90;9,1,47
557,53,92:12,6,5,18,31,74,111,224;11,5,10,21,38,108,128;17,5,5,12,83,155,277;896,4,11,23,51,109;572,4,12,25,37,70;365,4,7,15,75,85;332,3,101,219,250;146,3,1,9,17;826,3,6,18,103;652,3,79,84,98;432,2,98,102;412,2,235,302;884,2,39,126;984,2,59,120;342,2,60,195;441,2,1,17;421,2,230,262;191,2,20,107;376,2,164,179;88,1,93;89,1,106;264,1,230;101,1,39;240,1,393;598,1,206;107,1,47;619,1,133;312,1,84;554,1,170;39,1,151;118,1,26;126,1,47;556,1,71;438,1,14;687,1,48;341,1,251;560,1,163;632,1,59;897,1,115;20,1,110;177,1,184;178,1,79;63,1,144;909,1,15;875,1,31;442,1,40;182,1,36;422,1,41;245,1,20;692,1,94;279,1,78;210,1,69;699,1,149
558,5,5:88,1,95;89,1,108;310,1,93;642,1,58;767,1,156
559,35,42:235,3,81,163,197;102,2,11,25;855,2,43,55;497,2,119,134;991,2,66,79;394,2,114,122;88,1,109;758,1,55;96,1,62;97,1,32;534,1,49;513,1,193;759,1,70;120,1,235;320,1,184;505,1,116;437,1,350;137,1,177;17,1,93;859,1,76;170,1,34;482,1,57;766,1,178;63,1,72;442,1,39;444,1,110;280,1,278;281,1,198;27,1,97;450,1,264;590,1,116;259,1,171;219,1,169;75,1,65;8,1,201
560,121,287:235,13,5,22,43,58,83,118,140,151,187,200,238,263,267;120,11,3,19,42,61,108,123,130,143,175,231,270;99,10,5,14,43,80,150,159,166,178,190,197;452,10,244,265,282,292,463,480,512,542,627,644;229,8,4,9,21,44,118,150,163,185;240,7,4,14,31,99,116,137,290;506,7,11,30,76,107,121,139,183;859,7,8,19,26,34,41,67,95;55,7,8,19,48,94,127,170,196;367,7,4,19,41,79,121,170,181;376,7,14,33,42,141,181,199,231;265,6,4,18,43,83,146,173;893,6,10,21,36,65,86,105;784,5,10,20,37,82,91;551,4,1,17,67,134;493,4,56,63,163,349;517,4,8,22,44,80;520,4,17,34,44,113;980,4,5,15,50,57;165,4,84,122,162,173;476,4,12,24,40,238;280,4,110,133,146,294;489,4,8,16,37,84;393,4,92,165,182,195;892,3,160,166,174;681,3,124,166,198;128,3,12,24,194;161,3,8,16,78;926,3,32,46,87;567,3,6,18,69;675,3,4,16,27;766,3,12,24,209;195,3,141,259,276;377,3,170,239,317;378,3,71,158,216;234,3,70,78,85;775,2,146,169;513,2,235,240;968,2,101,110;39,2,214,247;330,2,44,90;855,2,45,51;762,2,132,160;21,2,101,214;170,2,38,102;584,2,101,128;498,2,90,132;450,2,122,205;479,2,122,140;862,2,66,91;834,2,172,242;88,1,111;432,1,47;758,1,46;601,1,384;709,1,156;774,1,145;306,1,466;309,1,180;724,1,38;905,1,254;618,1,202;110,1,369;816,1,131;622,1,111;41,1,126;623,1,126;122,1,52;42,1,243;237,1,222;414,1,139;125,1,129;130,1,140;436,1,123;437,1,383;15,1,109;872,1,206;760,1,143;626,1,258;558,1,72;406,1,52;945,1,58;408,1,67;521,1,102;271,1,228;988,1,53;735,1,91;538,1,51;714,1,146;736,1,85;349,1,63;354,1,184;168,1,98;571,1,96;22,1,355;691,1,51;272,1,105;179,1,80;63,1,198;183,1,69;580,1,155;365,1,179;467,1,65;277,1,255;932,1,56;451,1,290;221,1,228;386,1,69;387,1,78;411,1,136;658,1,42;290,1,237;754,1,45;502,1,42;31,1,196;292,1,160;805,1,77;230,1,155;670,1,97;661,1,132;662,1,100
561,44,48:240,2,136,165;767,2,75,102;761,2,51,138;370,2,131,217;88,1,122;906,1,125;94,1,60;98,1,168;775,1,131;104,1,100;671,1,124;310,1,143;725,1,236;110,1,116;472,1,155;957,1,87;402,1,188;817,1,157;130,1,226;333,1,135;415,1,190;921,1,95;897,1,210;53,1,253;346,1,146;689,1,62;418,1,54;175,1,115;177,1,119;843,1,132;421,1,153;579,1,93;692,1,175;64,1,202;238,1,252;278,1,138;201,1,299;589,1,86;803,1,78;934,1,49;220,1,144;659,1,89;834,1,239;233,1,63
562,82,94:721,3,45,143,161;252,2,30,67;126,2,74,96;529,2,151,207;873,2,108,191;362,2,19,112;182,2,80,175;197,2,16,183;807,2,51,91;409,2,28,60;590,2,188,199;88,1,123;491,1,123;492,1,150;11,1,24;724,1,96;241,1,39;907,1,68;403,1,190;39,1,38;318,1,58;319,1,80;13,1,179;122,1,61;756,1,25;123,1,247;597,1,341;321,1,37;888,1,17;463,1,123;130,1,232;326,1,20;437,1,487;327,1,42;760,1,144;855,1,23;335,1,96;415,1,255;896,1,27;438,1,66;147,1,53;342,1,30;560,1,24;19,1,111;344,1,39;841,1,14;897,1,16;346,1,122;159,1,265;54,1,227;900,1,28;359,1,248;740,1,274;743,1,49;929,1,35;914,1,54;651,1,167;477,1,26;498,1,44;525,1,121;208,1,71;398,1,24;499,1,62;210,1,159;69,1,101;451,1,119;377,1,323;378,1,92;28,1,38;284,1,94;380,1,133;748,1,36;220,1,61;410,1,28;720,1,67;289,1,38;658,1,32;291,1,77;457,1,94;511,1,18;755,1,58;878,1,16
563,14,17:881,3,1,15,33;854,2,14,105;88,1,132;974,1,160;123,1,79;818,1,95;631,1,81;440,1,117;757,1,43;359,1,206;443,1,60;369,1,97;942,1,84;670,1,139
564,4,4:88,1,133;818,1,96;440,1,221;201,1,349
565,10,12:89,2,1,10;383,2,1,5;918,1,113;141,1,163;889,1,152;642,1,106;498,1,215;848,1,111;659,1,118;660,1,107
566,8,13:879,4,52,98,154,170;89,3,4,13,52;242,1,143;554,1,93;268,1,107;179,1,159;8,1,139;852,1,97
567,23,24:449,2,4,12;89,1,20;412,1,136;974,1,136;839,1,129;506,1,102;557,1,38;629,1,48;46,1,360;873,1,222;559,1,141;341,1,97;151,1,125;519,1,175;157,1,149;574,1,217;965,1,56;946,1,168;798,1,41;452,1,456;221,1,296;454,1,22;411,1,130
568,35,94:670,11,5,18,48,76,118,141,192,209,240,278,424;176,8,5,16,32,106,113,190,233,272;141,6,14,28,41,103,138,174;179,6,5,15,70,152,173,262;662,6,6,28,69,98,114,157;159,5,88,169,218,286,344;31,5,7,23,62,217,417;112,4,8,22,53,86;137,4,184,194,212,231;565,4,1,8,28,99;240,3,37,345,382;759,3,1,5,20;89,2,26,57;513,2,64,225;107,2,50,87;241,2,55,130;13,2,19,191;155,2,55,102;678,1,114;883,1,23;871,1,91;760,1,135;506,1,161;705,1,176;605,1,242;637,1,79;59,1,161;272,1,107;419,1,37;62,1,117;524,1,12;525,1,68;378,1,206;805,1,124;293,1,37
569,44,82:159,7,13,36,62,179,219,272,353;302,6,3,15,28,54,216,251;141,5,81,108,168,186,200;62,5,12,26,33,43,139;100,3,66,119,166;112,3,9,23,54;894,3,90,122,156;270,3,15,31,94;161,3,56,141,153;543,3,84,117,183;670,3,49,211,279;552,2,4,13;240,2,50,350;46,2,510,541;67,2,192,254;594,2,195,221;89,1,27;91,1,85;491,1,140;612,1,89;678,1,115;513,1,227;37,1,214;241,1,23;871,1,93;39,1,53;557,1,123;808,1,29;565,1,29;350,1,105;171,1,69;59,1,162;361,1,71;495,1,59;644,1,216;245,1,31;796,1,94;651,1,197;4,1,254;447,1,212;278,1,264;544,1,44;659,1,112;661,1,233
570,26,64:515,7,5,13,29,37,39,109,120;427,7,6,18,36,45,61,109,144;59,6,13,26,40,70,72,208;432,5,6,16,37,71,170;400,5,5,31,64,87,135;406,4,5,15,41,178;921,4,5,11,16,56;894,3,129,149,158;995,3,5,11,29;139,2,9,18;416,2,6,17;820,2,6,21;89,1,36;433,1,109;412,1,118;604,1,121;808,1,45;150,1,51;341,1,116;890,1,35;418,1,39;193,1,35;448,1,106;404,1,47;940,1,165;857,1,26
571,39,96:412,11,11,22,26,141,144,222,242,261,313,333,355;201,8,47,112,116,135,157,173,199,323;444,6,25,43,57,128,139,158;391,6,3,6,9,27,45,77;435,5,145,160,193,264,292;332,5,42,51,186,203,227;448,5,8,20,34,72,94;101,4,8,21,61,115;402,4,90,110,153,190;992,3,4,16,34;613,3,41,77,120;540,3,8,19,27;418,2,10,24;424,2,7,19;286,2,67,261;850,2,10,31;462,2,42,102;967,2,7,18;89,1,39;94,1,37;239,1,95;534,1,212;331,1,60;806,1,36;984,1,35;641,1,45;994,1,74;443,1,24;245,1,49;257,1,59;192,1,73;447,1,38;845,1,91;205,1,71;459,1,38;599,1,85;294,1,69;662,1,87;9,1,193
572,4,6:755,3,129,163,201;89,1,40;437,1,99;221,1,268
573,33,56:564,5,8,17,36,48,108;401,4,18,25,128,186;818,4,11,37,62,86;532,3,4,22,48;537,3,8,29,58;986,3,6,22,47;563,3,6,21,41;531,3,75,80,91;308,2,12,26;918,2,36,129;529,2,82,116;89,1,44;262,1,27;264,1,180;98,1,202;304,1,24;710,1,97;723,1,152;724,1,76;105,1,31;895,1,19;49,1,41;988,1,61;688,1,140;925,1,43;690,1,103;789,1,25;582,1,13;64,1,75;807,1,102;221,1,183;80,1,92;599,1,114
574,1,1:89,1,45
575,31,53:958,4,5,17,45,69;80,4,2,13,39,69;342,3,7,21,41;560,3,9,20,35;151,3,13,27,45;56,3,1,10,19;803,3,12,31,63;596,3,1,7,35;9,3,6,14,26;678,2,4,15;343,2,2,11;89,1,55;906,1,105;555,1,32;13,1,158;138,1,49;339,1,30;863,1,72;538,1,32;168,1,71;963,1,72;362,1,59;821,1,130;669,1,73;911,1,30;64,1,275;369,1,29;543,1,92;752,1,51;701,1,131;549,1,55
576,42,45:864,2,89,112;276,2,170,179;452,2,261,571;89,1,58;262,1,148;251,1,69;252,1,158;303,1,264;534,1,88;37,1,224;553,1,116;116,1,58;126,1,218;324,1,118;45,1,250;437,1,342;269,1,150;145,1,81;921,1,135;519,1,126;521,1,108;271,1,245;161,1,133;739,1,142;176,1,234;61,1,93;178,1,141;843,1,62;822,1,231;793,1,129;193,1,130;64,1,142;509,1,229;246,1,142;247,1,152;697,1,32;450,1,195;284,1,38;286,1,262;215,1,222;719,1,97;751,1,50
577,8,8:89,1,61;905,1,217;403,1,71;171,1,188;644,1,166;651,1,171;652,1,152;585,1,49
578,39,41:162,2,161,190;354,2,26,48;89,1,71;266,1,77;306,1,120;513,1,87;602,1,60;554,1,273;681,1,250;115,1,139;116,1,196;127,1,85;437,1,425;684,1,147;889,1,114;493,1,185;629,1,68;920,1,51;346,1,68;168,1,78;571,1,111;22,1,344;691,1,91;362,1,134;644,1,124;442,1,25;184,1,31;651,1,131;477,1,204;468,1,16;452,1,405;73,1,107;990,1,94;30,1,188;699,1,156;832,1,47;825,1,94;461,1,90;967,1,93
579,5,6:209,2,144,228;89,1,76;643,1,115;843,1,58;231,1,113
580,145,171:43,3,49,99,129;361,3,17,101,133;401,2,114,127;775,2,32,295;905,2,193,282;472,2,119,204;892,2,93,125;827,2,164,195;254,2,88,414;536,2,112,161;726,2,116,123;896,2,75,96;605,2,95,217;979,2,91,128;924,2,61,117;351,2,60,88;767,2,129,148;742,2,53,82;468,2,33,71;26,2,3,15;283,2,168,210;383,2,48,63;489,2,26,67;480,2,71,111;89,1,98;906,1,23;853,1,133;94,1,144;601,1,261;266,1,99;103,1,189;12,1,180;620,1,89;108,1,354;681,1,241;555,1,165;402,1,88;39,1,317;949,1,49;118,1,94;122,1,151;14,1,44;778,1,194;514,1,43;665,1,85;255,1,194;326,1,72;625,1,70;779,1,48;133,1,87;894,1,102;780,1,60;332,1,134;806,1,96;941,1,54;895,1,30;145,1,103;506,1,187;337,1,160;728,1,54;46,1,63;559,1,163;859,1,90;705,1,199;151,1,102;977,1,83;153,1,22;439,1,101;344,1,112;440,1,171;564,1,71;159,1,159;565,1,19;925,1,77;417,1,181;163,1,41;55,1,181;736,1,79;164,1,88;165,1,177;737,1,34;21,1,231;354,1,170;926,1,74;56,1,101;356,1,64;170,1,52;523,1,32;706,1,142;572,1,57;820,1,58;642,1,29;644,1,139;768,1,122;715,1,113;646,1,30;421,1,233;184,1,124;716,1,99;718,1,116;931,1,68;651,1,144;369,1,135;543,1,166;870,1,48;196,1,33;478,1,22;371,1,53;68,1,104;448,1,61;676,1,101;831,1,27;206,1,273;747,1,54;876,1,137;770,1,87;426,1,78;450,1,171;452,1,489;378,1,190;427,1,133;215,1,225;380,1,136;72,1,101;381,1,216;997,1,17;748,1,49;990,1,52;29,1,240;592,1,59;222,1,35;751,1,60;720,1,80;78,1,157;456,1,100;470,1,145;225,1,101;511,1,138;850,1,129;83,1,315;390,1,38;228,1,46;596,1,81;85,1,80;663,1,84
581,9,9:89,1,105;681,1,238;338,1,102;46,1,284;637,1,46;714,1,225;72,1,112;593,1,45;32,1,75
582,2,2:89,1,111;16,1,44
583,24,29:4,3,13,44,77;900,2,6,14;539,2,197,240;210,2,90,126;89,1,115;774,1,37;918,1,67;332,1,128;270,1,201;341,1,215;151,1,230;849,1,338;988,1,23;351,1,47;676,1,93;814,1,70;5,1,110;26,1,264;589,1,45;30,1,122;480,1,47;700,1,106;701,1,156;229,1,125
584,49,57:589,3,11,22,107;343,2,66,98;843,2,49,143;802,2,105,132;387,2,121,186;456,2,89,118;457,2,57,84;89,1,131;865,1,30;853,1,66;93,1,76;302,1,68;613,1,72;306,1,84;622,1,113;316,1,257;119,1,108;626,1,161;46,1,369;559,1,79;705,1,150;849,1,171;890,1,50;439,1,33;688,1,124;784,1,78;351,1,65;675,1,70;362,1,69;3,1,387;790,1,100;953,1,75;188,1,54;193,1,236;583,1,101;4,1,152;698,1,62;771,1,201;212,1,117;214,1,151;847,1,63;215,1,55;772,1,149;848,1,168;386,1,51;600,1,80;480,1,98;549,1,36;660,1,113
585,82,100:418,5,46,57,88,95,229;759,3,77,94,123;110,3,114,210,274;686,3,10,20,54;32,3,69,242,257;14,2,96,150;706,2,109,181;645,2,37,113;193,2,217,239;934,2,72,76;456,2,69,220;89,1,134;609,1,145;96,1,164;264,1,281;266,1,176;302,1,61;613,1,52;304,1,114;240,1,377;602,1,38;618,1,184;108,1,75;974,1,86;314,1,179;116,1,92;119,1,111;623,1,28;122,1,81;254,1,39;624,1,174;888,1,57;130,1,113;872,1,97;138,1,178;628,1,90;829,1,117;338,1,83;557,1,62;558,1,47;808,1,216;46,1,392;17,1,64;559,1,99;920,1,39;632,1,42;407,1,42;945,1,22;880,1,48;160,1,101;943,1,80;637,1,61;163,1,209;714,1,36;567,1,55;881,1,90;739,1,94;642,1,131;908,1,74;574,1,62;766,1,60;3,1,127;644,1,158;577,1,93;421,1,53;422,1,64;792,1,30;579,1,56;580,1,48;365,1,111;651,1,163;510,1,9;525,1,81;653,1,31;379,1,79;381,1,72;749,1,80;937,1,81;978,1,140;459,1,66;293,1,120;394,1,19
586,36,38:214,2,30,56;662,2,48,133;89,1,140;490,1,30;11,1,149;37,1,96;110,1,130;827,1,186;435,1,271;237,1,260;778,1,59;321,1,23;326,1,53;537,1,205;529,1,107;341,1,195;439,1,68;731,1,30;638,1,125;173,1,152;179,1,89;274,1,124;911,1,46;257,1,93;587,1,46;464,1,78;427,1,101;748,1,132;221,1,256;699,1,40;720,1,163;862,1,70;596,1,85;702,1,430;599,1,68;295,1,287
587,28,59:340,8,3,12,30,67,79,84,163,194;103,7,65,69,88,214,219,280,301;882,5,6,16,27,43,68;692,5,2,16,198,209,236;670,5,2,15,68,145,292;239,3,223,230,289;621,3,45,96,138;104,2,11,23;809,2,5,28;609,1,49;265,1,75;678,1,159;512,1,198;724,1,33;884,1,40;118,1,70;122,1,154;126,1,85;17,1,342;147,1,31;984,1,126;687,1,67;988,1,56;860,1,142;359,1,46;761,1,154;191,1,78;411,1,56
588,17,27:395,4,16,36,116,177;882,3,9,19,32;62,3,10,24,112;969,2,60,69;682,2,42,57;804,2,40,47;598,1,223;626,1,200;565,1,83;643,1,125;800,1,43;801,1,57;837,1,115;383,1,51;388,1,103;390,1,56;708,1,45
589,18,83:822,14,9,18,41,94,106,128,173,175,186,195,204,215,221,240;126,10,5,10,23,53,114,164,180,210,231,242;181,8,1,10,35,66,145,194,214,264;759,7,4,8,32,106,147,189,205;927,7,4,11,17,24,43,56,88;322,5,6,13,24,79,140;436,5,2,7,46,79,97;880,4,6,21,33,118;875,4,10,20,56,71;882,3,10,20,33;964,3,10,21,42;442,3,4,8,14;27,3,7,15,42;708,3,14,28,50;319,1,207;147,1,29;910,1,8;663,1,46
590,87,121:874,4,30,82,103,143;610,3,2,20,117;974,3,1,13,175;143,3,2,11,89;920,3,1,11,50;352,3,2,27,126;641,3,2,11,110;272,3,1,13,110;452,3,10,32,662;97,2,54,141;683,2,2,11;415,2,1,20;17,2,37,316;561,2,1,12;633,2,2,17;826,2,28,60;739,2,2,17;574,2,57,101;843,2,36,83;202,2,2,14;530,2,98,141;932,2,2,21;695,2,22,69;803,2,3,22;882,1,22;90,1,54;944,1,45;853,1,116;94,1,134;264,1,209;611,1,60;301,1,53;100,1,133;533,1,104;891,1,78;304,1,51;710,1,84;305,1,103;759,1,174;555,1,349;941,1,59;139,1,20;335,1,93;986,1,37;516,1,52;517,1,30;958,1,30;339,1,81;149,1,112;152,1,123;975,1,80;345,1,35;945,1,87;408,1,103;960,1,55;161,1,43;54,1,129;925,1,16;690,1,26;570,1,123;668,1,140;820,1,50;675,1,46;963,1,62;908,1,28;420,1,40;577,1,76;645,1,78;715,1,115;184,1,24;929,1,30;580,1,45;718,1,82;496,1,82;744,1,82;67,1,113;281,1,201;500,1,32;213,1,162;384,1,49;288,1,14;600,1,138;292,1,94;721,1,203;459,1,56;703,1,76;967,1,46
591,8,38:8,15,7,15,29,37,47,90,98,131,143,161,207,220,226,247,305;85,6,11,25,48,86,98,128;708,4,10,24,109,160;877,3,6,18,30;663,3,14,32,90;852,3,6,20,37;882,2,36,56;755,2,35,84
592,1,2:882,2,37,57
593,12,12:882,1,45;302,1,113;555,1,262;402,1,49;130,1,81;147,1,76;880,1,129;477,1,265;464,1,193;452,1,70;214,1,199;857,1,25
594,4,10:755,7,13,26,39,97,105,156,169;882,1,46;520,1,139;880,1,130
595,7,13:346,4,91,163,191,214;141,3,11,25,38;491,2,52,156;882,1,47;615,1,97;450,1,59;219,1,150
596,91,169:45,7,72,93,191,217,279,317,366;81,5,3,10,30,51,64;827,4,2,9,188,201;309,3,7,19,34;622,3,14,29,50;899,3,8,21,44;675,3,11,23,37;908,3,8,21,51;273,3,13,30,49;180,3,5,24,46;275,3,4,9,16;746,3,13,27,176;747,3,7,16,28;210,3,5,15,34;801,3,6,14,25;802,3,10,25,59;803,3,18,37,70;28,3,14,32,80;285,3,46,131,194;837,3,10,25,41;287,3,5,15,24;804,3,9,19,26;74,3,8,18,33;384,3,11,23,43;388,3,5,15,29;721,3,8,28,83;389,3,8,23,40;8,3,50,218,282;773,2,8,21;725,2,51,209;633,2,10,25;785,2,84,89;794,2,7,19;375,2,9,22;654,2,61,155;380,2,145,147;719,2,8,23;219,2,30,220;912,2,9,23;955,2,8,17;752,2,35,104;939,2,9,23;701,2,47,102;882,1,50;105,1,152;402,1,149;118,1,30;43,1,131;536,1,44;514,1,58;463,1,62;474,1,41;763,1,29;873,1,202;19,1,100;160,1,142;417,1,96;523,1,48;706,1,169;573,1,136;962,1,43;740,1,57;580,1,148;669,1,67;692,1,30;744,1,96;524,1,40;68,1,263;525,1,54;799,1,55;989,1,79;207,1,43;972,1,53;814,1,99;707,1,147;453,1,34;217,1,51;218,1,69;383,1,17;749,1,108;971,1,25;935,1,50;223,1,32;78,1,35;226,1,52;858,1,26;595,1,89;228,1,42;660,1,36;531,1,53;395,1,112
597,38,50:882,4,54,60,75,108;315,3,96,135,150;894,2,36,96;343,2,86,115;159,2,206,404;22,2,103,115;377,2,121,220;78,2,130,134;32,2,107,281;100,1,196;306,1,65;309,1,174;777,1,107;472,1,57;622,1,150;827,1,46;597,1,292;329,1,148;134,1,276;562,1,291;53,1,256;668,1,124;717,1,87;187,1,105;585,1,276;800,1,70;989,1,91;279,1,101;902,1,30;588,1,79;26,1,196;654,1,76;221,1,189;751,1,118;752,1,91;701,1,74;858,1,89;231,1,79
598,6,8:706,2,82,124;972,2,75,98;882,1,62;925,1,59;813,1,123;953,1,54
599,22,25:743,2,142,150;584,2,126,138;206,2,201,224;882,1,69;251,1,108;512,1,164;108,1,132;321,1,191;126,1,183;437,1,211;134,1,287;685,1,37;880,1,107;570,1,50;766,1,173;864,1,131;446,1,56;831,1,68;698,1,35;381,1,131;942,1,78;721,1,88
600,6,9:455,3,12,25,74;882,2,72,91;684,1,77;873,1,221;346,1,84;698,1,132
601,6,7:234,2,5,14;882,1,88;760,1,85;355,1,14;179,1,239;790,1,83
602,18,30:514,4,5,18,65,77;523,4,5,12,55,66;361,4,40,66,139,148;151,3,11,25,69;882,2,93,105;33,1,53;402,1,75;49,1,38;341,1,342;154,1,37;166,1,111;738,1,50;576,1,41;467,1,83;498,1,58;448,1,38;846,1,87;663,1,122
603,87,203:319,10,5,16,43,93,99,107,141,171,225,292;860,7,2,12,55,126,194,201,247;905,6,5,10,22,81,90,142;619,6,16,33,57,99,174,214;884,6,5,11,27,65,90,164;839,6,8,20,38,69,106,139;114,5,6,12,25,77,130;605,5,10,20,28,49,188;158,5,3,9,24,139,166;538,5,66,71,149,163,230;394,5,8,16,58,104,130;254,4,46,275,341,349;918,4,10,27,41,126;338,4,8,16,66,88;557,4,7,18,34,119;863,4,5,17,106,169;686,4,183,191,200,216;856,4,36,109,125,132;369,4,6,19,31,99;595,4,2,10,26,128;401,3,124,146,260;115,3,5,15,35;118,3,40,46,99;712,3,6,13,68;46,3,7,15,79;438,3,5,11,79;826,3,12,24,94;690,3,11,23,39;58,3,6,12,40;245,3,5,11,288;234,3,47,54,106;623,2,99,169;321,2,21,129;888,2,31,48;134,2,132,169;809,2,9,32;17,2,114,137;984,2,44,74;988,2,33,42;441,2,16,32;644,2,23,90;651,2,28,96;878,2,89,105;882,1,101;865,1,46;853,1,45;262,1,152;601,1,82;836,1,51;101,1,143;252,1,40;678,1,65;103,1,95;724,1,61;866,1,37;116,1,53;323,1,64;436,1,64;781,1,129;604,1,41;808,1,215;873,1,232;340,1,65;630,1,61;687,1,99;342,1,93;560,1,59;152,1,146;157,1,64;160,1,204;56,1,37;173,1,64;174,1,78;359,1,164;176,1,87;177,1,178;364,1,127;576,1,37;645,1,35;875,1,39;182,1,202;669,1,52;191,1,141;692,1,64;26,1,43;936,1,64;531,1,77
604,18,19:37,2,124,170;882,1,115;678,1,77;108,1,215;133,1,184;328,1,112;626,1,71;493,1,322;863,1,119;162,1,181;356,1,43;171,1,120;790,1,48;476,1,44;184,1,163;798,1,74;292,1,249;670,1,125
605,106,156:2,5,13,27,41,93,182;775,4,158,265,281,290;522,4,6,27,52,96;266,3,22,47,72;725,3,54,108,158;465,3,12,25,36;555,3,77,108,171;45,3,148,237,347;726,3,20,43,75;146,3,66,83,121;349,3,8,17,33;668,3,17,36,51;831,3,2,7,126;224,3,8,19,151;853,2,99,128;300,2,183,187;709,2,15,32;301,2,21,45;306,2,241,343;115,2,107,198;124,2,60,78;505,2,29,135;466,2,15,34;473,2,4,16;628,2,84,156;341,2,139,351;635,2,29,57;440,2,57,152;351,2,8,19;63,2,95,254;692,2,139,221;503,2,8,18;882,1,124;432,1,55;614,1,83;103,1,159;905,1,243;618,1,38;312,1,82;621,1,186;313,1,82;974,1,99;816,1,45;622,1,75;316,1,44;40,1,121;121,1,121;481,1,300;414,1,129;43,1,243;322,1,102;325,1,119;463,1,135;665,1,38;255,1,68;269,1,185;138,1,52;895,1,117;781,1,112;337,1,86;604,1,56;339,1,67;666,1,63;48,1,148;819,1,64;559,1,126;632,1,124;667,1,52;51,1,91;53,1,292;689,1,225;765,1,122;567,1,57;788,1,64;418,1,367;59,1,117;22,1,56;359,1,146;856,1,46;420,1,69;574,1,298;740,1,116;3,1,251;444,1,206;189,1,85;247,1,78;198,1,102;276,1,84;277,1,224;585,1,475;746,1,111;209,1,167;5,1,259;771,1,78;488,1,80;377,1,142;655,1,59;216,1,86;29,1,150;387,1,194;659,1,96;805,1,107;429,1,269;670,1,293;662,1,161;852,1,84
606,12,12:882,1,127;312,1,76;871,1,112;43,1,227;325,1,122;760,1,48;895,1,105;686,1,63;876,1,67;589,1,164;212,1,62;754,1,84
607,4,4:882,1,131;679,1,75;480,1,27;721,1,153
608,48,111:4,7,14,45,78,135,203,211,271;725,5,12,33,44,105,149;496,5,8,23,35,65,76;467,5,4,33,133,153,196;721,5,5,25,80,99,116;858,4,6,15,27,113;90,3,8,20,31;255,3,51,201,246;137,3,7,22,48;53,3,173,198,227;570,3,11,27,144;357,3,9,23,51;571,3,8,27,61;478,3,2,10,28;939,3,10,24,43;700,3,13,27,145;82,3,8,23,41;701,3,12,25,48;913,3,7,24,45;595,3,6,14,31;618,2,140,145;561,2,137,157;52,2,79,158;22,2,47,95;581,2,58,75;542,2,56,77;677,2,4,9;429,2,75,121;596,2,5,11;236,2,186,199;916,1,95;969,1,29;402,1,64;122,1,132;142,1,107;438,1,91;873,1,119;148,1,35;565,1,93;644,1,27;476,1,107;649,1,124;651,1,32;497,1,23;201,1,143;857,1,65;227,1,67;664,1,62
609,86,112:601,3,258,272,287;127,3,62,129,156;134,3,89,221,376;783,3,9,32,55;791,3,21,43,78;207,3,50,89,157;615,2,30,64;465,2,30,99;119,2,101,127;123,2,246,255;125,2,27,291;131,2,48,157;970,2,11,25;147,2,52,81;51,2,107,118;408,2,22,82;350,2,87,161;477,2,55,242;747,2,88,95;452,2,122,666;90,1,29;610,1,82;92,1,33;262,1,78;434,1,68;37,1,245;725,1,186;12,1,90;759,1,100;315,1,101;816,1,26;681,1,126;13,1,65;603,1,23;44,1,185;597,1,80;778,1,85;985,1,56;437,1,496;327,1,59;142,1,167;517,1,115;808,1,101;49,1,52;17,1,357;840,1,48;977,1,39;922,1,44;897,1,129;733,1,379;521,1,147;961,1,14;784,1,93;881,1,131;59,1,57;575,1,114;644,1,175;790,1,36;743,1,118;864,1,127;954,1,16;929,1,38;274,1,133;541,1,99;192,1,230;651,1,180;583,1,292;524,1,71;202,1,63;798,1,128;409,1,48;499,1,142;25,1,49;450,1,309;378,1,100;655,1,85;973,1,29;380,1,341;942,1,90;937,1,69;222,1,25;939,1,63;978,1,127;456,1,94;887,1,56;599,1,153
610,54,63:237,3,13,27,93;686,3,8,18,50;585,3,81,89,130;12,2,223,250;733,2,181,209;380,2,255,328;90,1,34;601,1,63;300,1,146;615,1,80;311,1,41;312,1,156;816,1,112;40,1,196;597,1,336;324,1,216;665,1,87;625,1,82;779,1,117;134,1,198;529,1,203;762,1,57;829,1,198;336,1,92;841,1,70;979,1,95;522,1,153;418,1,380;170,1,42;58,1,68;574,1,229;178,1,78;179,1,99;822,1,216;365,1,222;911,1,111;650,1,69;196,1,101;209,1,135;654,1,27;707,1,204;218,1,70;74,1,45;6,1,230;935,1,38;501,1,109;940,1,79;857,1,60;456,1,74;83,1,176;429,1,179;230,1,161;722,1,97;664,1,57
611,17,20:310,2,112,128;21,2,57,81;769,2,84,99;90,1,36;11,1,65;613,1,123;513,1,98;598,1,222;780,1,85;897,1,64;52,1,159;521,1,86;219,1,221;937,1,90;457,1,114;85,1,53;663,1,67
612,14,15:541,2,216,297;90,1,49;432,1,28;993,1,62;13,1,75;672,1,180;520,1,249;61,1,160;844,1,114;718,1,72;65,1,130;845,1,81;292,1,163;295,1,294
613,156,270:481,17,5,16,35,60,104,116,135,146,169,186,202,207,227,242,318,325,330;421,11,6,19,37,85,87,108,148,171,179,216,256;183,9,6,24,56,76,93,104,130,155,176;409,8,4,17,37,62,95,140,158,171;211,7,12,29,44,127,140,165,186;453,6,2,9,18,73,140,167;475,5,4,21,69,72,97;248,5,8,28,48,180,195;471,4,3,20,48,106;2,4,53,91,173,276;132,4,6,17,37,52;638,4,148,162,208,219;648,4,5,20,34,82;499,4,2,32,73,93;37,3,45,58,119;597,3,312,330,337;647,3,9,18,33;844,3,19,58,157;373,3,103,220,248;427,3,32,96,118;749,3,73,101,131;266,2,56,180;774,2,217,227;491,2,41,107;621,2,192,209;622,2,220,233;884,2,35,103;118,2,23,93;623,2,74,93;672,2,27,74;124,2,6,19;140,2,90,145;873,2,38,134;559,2,37,199;54,2,8,22;23,2,31,100;790,2,87,127;823,2,14,34;718,2,7,19;798,2,60,179;546,2,154,201;456,2,10,28;877,2,32,67;90,1,51;610,1,173;433,1,97;758,1,25;550,1,63;773,1,44;34,1,70;709,1,179;836,1,107;252,1,89;303,1,311;239,1,180;306,1,329;104,1,69;679,1,35;905,1,144;105,1,65;680,1,15;816,1,35;472,1,26;554,1,236;957,1,95;827,1,31;982,1,46;603,1,43;237,1,266;320,1,142;888,1,115;514,1,68;129,1,136;505,1,49;712,1,77;879,1,177;812,1,34;332,1,112;760,1,107;515,1,60;626,1,179;896,1,115;145,1,42;337,1,93;557,1,28;558,1,70;819,1,28;920,1,30;256,1,79;439,1,41;841,1,111;51,1,121;159,1,315;943,1,51;417,1,131;787,1,53;21,1,282;168,1,124;418,1,40;994,1,61;523,1,59;358,1,98;572,1,77;574,1,118;482,1,233;740,1,270;644,1,191;768,1,62;577,1,80;579,1,65;580,1,78;930,1,60;717,1,57;496,1,71;484,1,80;540,1,67;793,1,132;486,1,55;478,1,36;497,1,59;498,1,156;448,1,49;201,1,136;425,1,58;653,1,95;586,1,121;676,1,162;449,1,50;209,1,124;770,1,32;500,1,38;376,1,286;69,1,80;802,1,127;654,1,84;698,1,57;450,1,287;261,1,88;381,1,25;216,1,62;547,1,14;218,1,131;73,1,174;221,1,116;720,1,224;501,1,51;594,1,88;480,1,152;502,1,86;31,1,162;700,1,51;701,1,40;660,1,80;234,1,110;85,1,68;663,1,74
614,24,43:45,9,1,10,45,91,145,171,225,265,329;370,4,71,83,140,223;310,3,2,13,36;965,3,4,9,21;28,3,16,34,70;827,2,83,198;402,2,80,356;90,1,59;892,1,139;327,1,130;730,1,61;344,1,65;899,1,36;580,1,75;274,1,26;769,1,123;199,1,92;876,1,139;464,1,99;654,1,136;771,1,189;502,1,51;395,1,249;295,1,68
615,69,210:45,16,2,11,46,73,94,146,172,192,218,226,266,280,318,330,346,367;53,10,10,27,47,89,150,168,180,215,310,330;236,10,7,13,36,42,86,95,123,142,157,175;773,7,9,22,38,52,64,101,126;725,7,52,60,62,140,156,210,213;649,7,5,19,36,70,87,150,172;100,6,12,34,49,91,110,125;453,6,4,11,35,133,150,182;12,5,13,26,39,168,207;920,5,10,20,33,65,107;667,5,66,68,71,75,78;281,5,6,30,50,146,207;28,5,11,29,71,81,114;854,4,6,12,21,55;255,4,49,104,189,229;149,4,10,25,60,93;561,4,42,107,124,145;50,4,11,24,43,89;22,4,9,25,86,331;581,4,10,20,25,123;81,4,4,11,31,65;858,4,64,86,103,129;429,4,12,32,66,315;662,4,13,35,108,150;264,3,5,13,84;619,3,13,30,54;146,3,26,81,127;172,3,4,14,35;821,3,14,33,69;542,3,8,16,31;701,3,65,106,120;596,3,29,46,83;263,2,65,119;266,2,135,138;306,2,339,444;13,2,107,109;42,2,95,257;778,2,211,218;335,2,105,117;420,2,8,27;201,2,7,27;468,2,36,51;664,2,16,40;90,1,60;853,1,135;267,1,151;103,1,202;111,1,56;555,1,142;318,1,96;2,1,208;331,1,265;142,1,85;781,1,158;863,1,145;873,1,90;521,1,126;565,1,107;56,1,135;856,1,161;178,1,101;362,1,121;646,1,57;864,1,146;4,1,173;280,1,238;913,1,80;84,1,45;878,1,112
616,68,92:209,5,6,20,32,95,193;418,4,263,277,292,359;228,4,3,13,65,90;587,3,14,30,76;107,2,62,103;402,2,84,352;144,2,3,19;808,2,199,258;686,2,164,212;53,2,238,319;943,2,2,11;274,2,104,126;847,2,85,161;220,2,12,24;848,2,84,130;701,2,81,109;90,1,69;93,1,68;412,1,58;512,1,110;905,1,130;553,1,152;619,1,181;621,1,165;403,1,224;119,1,88;254,1,373;322,1,109;126,1,204;817,1,145;437,1,162;334,1,79;48,1,218;340,1,157;705,1,57;631,1,32;849,1,258;440,1,110;733,1,195;54,1,35;757,1,46;688,1,66;55,1,158;566,1,44;573,1,23;177,1,41;643,1,153;539,1,123;63,1,271;484,1,77;541,1,109;190,1,126;66,1,125;467,1,199;509,1,198;277,1,223;798,1,110;468,1,117;696,1,91;376,1,145;811,1,62;72,1,148;381,1,159;995,1,50;934,1,122;218,1,146;594,1,123;805,1,98
617,8,14:496,3,7,22,34;906,2,1,4;634,2,3,11;764,2,2,9;501,2,31,92;536,1,110;521,1,68;497,1,22
618,27,50:906,6,2,5,16,83,86,95;4,5,8,39,90,125,263;853,3,1,7,34;610,3,13,31,170;433,2,12,81;100,2,54,83;905,2,207,336;255,2,56,222;150,2,128,153;53,2,126,303;180,2,93,114;646,2,59,180;187,2,124,131;664,2,156,172;93,1,141;725,1,244;777,1,66;152,1,55;19,1,83;737,1,18;356,1,41;188,1,190;67,1,216;425,1,60;453,1,176;429,1,164;236,1,225
619,1,2:906,2,9,68
620,5,5:906,1,10;416,1,49;874,1,70;158,1,27;787,1,84
621,1,1:906,1,11
622,6,6:906,1,12;553,1,46;416,1,52;874,1,72;733,1,49;158,1,29
623,1,1:906,1,13
624,90,235:778,9,4,23,68,111,146,162,182,196,217;264,8,2,10,27,41,60,79,128,170;91,7,5,13,25,117,283,304,356;3,7,7,20,55,106,318,369,392;581,7,9,19,30,117,124,149,162;281,6,5,9,29,33,53,58;103,5,5,16,35,102,201;863,4,11,23,142,175;151,4,7,21,44,175;561,4,4,15,44,123;157,4,14,31,51,127;53,4,8,25,46,81;178,4,6,15,42,185;648,4,7,22,50,73;187,4,5,27,92,116;368,4,9,31,62,76;670,4,8,21,57,281;662,4,11,33,120,149;249,4,11,28,43,179;906,3,19,59,69;93,3,5,14,51;100,3,6,28,124;916,3,3,11,28;41,3,7,20,35;135,3,4,13,29;138,3,5,14,28;142,3,11,27,255;604,3,5,11,26;149,3,8,23,59;19,3,8,25,54;636,3,6,20,34;538,3,9,21,40;570,3,5,21,42;706,3,11,26,38;856,3,39,69,154;901,3,9,19,42;4,3,142,179,199;200,3,7,37,84;286,3,4,31,56;70,3,22,48,56;83,3,17,42,64;429,3,7,27,62;236,3,6,35,85;664,3,15,39,55;433,2,4,9;267,2,34,160;678,2,6,17;240,2,35,343;866,2,7,16;48,2,80,200;562,2,132,157;169,2,6,16;176,2,7,18;23,2,44,74;643,2,14,30;843,2,15,32;245,2,86,151;66,2,1,12;194,2,2,14;24,2,197,219;201,2,6,26;944,1,57;412,1,213;11,1,46;513,1,228;315,1,25;111,1,65;555,1,36;331,1,318;143,1,35;958,1,70;46,1,28;686,1,40;152,1,36;155,1,57;898,1,38;737,1,41;926,1,61;860,1,114;963,1,30;576,1,68;644,1,233;910,1,5;646,1,188;421,1,194;649,1,41;651,1,241;509,1,232;458,1,53;967,1,38
625,107,145:417,5,70,123,157,261,311;4,4,9,40,65,71;892,3,23,66,81;827,3,16,33,87;597,3,33,50,116;505,3,26,56,93;133,3,133,175,197;749,3,2,16,30;836,2,62,102;302,2,116,124;108,2,256,297;777,2,37,85;555,2,266,272;884,2,70,170;118,2,20,92;2,2,45,83;726,2,49,112;559,2,35,77;782,2,51,71;166,2,88,183;61,2,128,139;577,2,65,78;421,2,59,266;498,2,107,232;586,2,88,103;676,2,160,189;232,2,53,83;906,1,33;865,1,74;98,1,80;774,1,74;891,1,114;37,1,65;103,1,259;724,1,66;315,1,44;472,1,174;883,1,62;554,1,210;113,1,242;318,1,124;623,1,125;122,1,139;471,1,102;918,1,55;817,1,95;536,1,132;463,1,138;466,1,42;879,1,132;329,1,126;537,1,119;141,1,118;729,1,234;873,1,157;416,1,90;19,1,84;632,1,86;897,1,127;733,1,308;714,1,62;638,1,69;356,1,49;172,1,73;739,1,47;361,1,64;475,1,56;574,1,136;768,1,113;875,1,64;580,1,97;275,1,118;582,1,102;769,1,90;65,1,69;497,1,189;704,1,87;448,1,43;425,1,33;798,1,58;746,1,89;989,1,35;374,1,44;26,1,103;846,1,48;464,1,135;698,1,163;453,1,160;973,1,53;748,1,85;218,1,168;73,1,46;383,1,21;912,1,61;955,1,32;384,1,52;222,1,36;720,1,116;991,1,24;501,1,28;503,1,23;659,1,69;862,1,80;850,1,126;702,1,219;394,1,47;661,1,62
626,3,3:906,1,35;535,1,159;376,1,253
627,11,20:2,4,79,168,245,271;150,3,3,12,109;906,2,40,54;482,2,122,192;503,2,5,15;31,2,38,350;317,1,54;764,1,66;962,1,49;576,1,133;453,1,60
628,2,2:906,1,47;792,1,57
629,1,1:906,1,48
630,78,113:113,5,79,114,148,189,228;21,5,10,21,31,60,112;585,5,84,118,243,261,302;402,4,127,129,159,178;817,4,103,128,191,227;201,4,261,282,312,334;432,3,126,152,164;444,3,85,116,123;8,3,181,198,251;320,2,127,187;134,2,344,419;163,2,10,21;447,2,82,121;372,2,101,119;587,2,113,125;375,2,57,91;32,2,173,340;906,1,52;33,1,86;401,1,209;99,1,63;412,1,87;240,1,108;103,1,268;616,1,70;12,1,152;242,1,216;884,1,125;38,1,100;120,1,81;237,1,193;321,1,94;255,1,174;133,1,169;332,1,81;806,1,105;136,1,235;474,1,101;137,1,175;733,1,277;734,1,74;346,1,151;881,1,102;766,1,181;742,1,120;864,1,72;367,1,104;769,1,139;694,1,139;199,1,217;202,1,183;798,1,176;281,1,202;814,1,130;696,1,110;376,1,150;450,1,183;606,1,195;286,1,140;70,1,94;847,1,122;72,1,308;287,1,58;220,1,117;221,1,171;455,1,110;752,1,90;411,1,173;79,1,57;456,1,288;850,1,139;83,1,250;429,1,107;229,1,135;462,1,118;663,1,97;295,1,115;236,1,151
631,1,1:906,1,66
632,4,5:412,2,257,327;906,1,92;599,1,117;8,1,280
633,65,116:585,11,332,341,367,395,419,425,453,471,476,484,492;570,6,2,18,64,115,130,147;14,5,1,15,58,122,140;320,5,2,22,50,152,223;127,5,5,17,86,119,139;538,4,92,110,158,211;37,3,139,152,196;157,3,102,112,157;3,3,213,352,371;278,3,104,151,225;528,3,1,8,30;906,2,108,128;609,2,126,244;614,2,66,189;39,2,275,306;133,2,51,130;151,2,142,157;736,2,1,7;183,2,16,34;209,2,10,24;590,2,102,232;662,2,1,23;33,1,60;854,1,65;102,1,47;891,1,54;240,1,173;616,1,81;671,1,46;618,1,208;554,1,218;237,1,258;817,1,35;630,1,66;17,1,68;150,1,75;562,1,274;50,1,56;54,1,66;55,1,61;164,1,100;987,1,29;171,1,190;856,1,169;362,1,67;844,1,66;65,1,110;238,1,68;509,1,174;67,1,133;584,1,120;544,1,80;203,1,61;205,1,126;26,1,230;376,1,248;260,1,152;606,1,74;215,1,65;79,1,74;81,1,35;293,1,147;230,1,114;231,1,116;967,1,28
634,11,12:244,2,83,105;906,1,117;724,1,110;779,1,62;415,1,239;343,1,183;638,1,172;743,1,71;580,1,218;464,1,206;702,1,302
635,105,185:361,6,2,8,14,35,97,135;759,5,43,49,53,57,217;844,5,147,159,174,219,248;823,5,4,24,41,95,126;199,5,16,36,70,145,292;221,5,14,29,52,150,186;41,4,164,251,308,328;353,4,106,117,127,176;953,4,1,5,10,72;722,4,13,34,74,128;993,3,14,29,52;481,3,82,96,118;626,3,103,150,247;729,3,19,38,59;439,3,4,16,73;20,3,4,23,49;276,3,213,279,328;772,3,10,20,191;886,3,2,12,36;833,3,2,9,17;834,3,141,182,226;251,2,100,144;492,2,157,194;891,2,44,62;240,2,303,315;305,2,42,88;723,2,63,132;319,2,266,273;414,2,46,123;597,2,162,177;781,2,65,85;506,2,53,99;338,2,118,166;605,2,82,225;996,2,1,15;57,2,139,151;418,2,116,160;768,2,26,96;274,2,36,106;213,2,140,153;220,2,75,115;236,2,153,211;906,1,130;92,1,198;262,1,84;300,1,161;775,1,247;399,1,62;239,1,86;615,1,71;619,1,189;472,1,127;555,1,46;114,1,58;38,1,50;120,1,256;603,1,77;44,1,148;727,1,42;333,1,87;145,1,67;494,1,66;559,1,117;406,1,81;150,1,84;256,1,37;343,1,161;519,1,64;51,1,64;54,1,259;166,1,119;572,1,84;668,1,153;574,1,322;901,1,83;539,1,94;576,1,43;790,1,95;742,1,58;791,1,149;184,1,87;716,1,110;717,1,53;444,1,64;793,1,55;583,1,263;238,1,81;446,1,101;373,1,25;989,1,43;209,1,203;5,1,223;26,1,86;376,1,215;248,1,105;377,1,258;378,1,165;848,1,113;657,1,160;701,1,134;389,1,83;708,1,83;296,1,140;249,1,90;664,1,131
636,117,183:64,6,12,36,105,177,200,223;20,5,7,26,52,97,186;217,5,58,62,88,134,138;399,4,70,75,100,133;354,4,100,103,107,146;690,4,4,16,32,86;409,4,76,91,117,131;481,3,67,85,254;255,3,140,216,238;154,3,106,111,117;570,3,67,118,150;668,3,84,88,100;276,3,93,193,217;278,3,105,149,271;425,3,123,127,136;609,2,131,191;301,2,133,187;774,2,72,128;854,2,37,72;11,2,152,158;710,2,50,124;306,2,52,211;12,2,125,156;312,2,99,128;402,2,58,120;603,2,69,80;331,2,316,401;48,2,216,234;51,2,111,128;53,2,102,159;56,2,62,95;177,2,76,101;364,2,81,215;909,2,40,86;274,2,38,108;245,2,231,252;209,2,119,202;6,2,49,110;29,2,109,144;978,2,102,153;906,1,136;853,1,72;92,1,192;96,1,261;775,1,252;302,1,129;36,1,87;267,1,109;303,1,156;239,1,295;240,1,226;615,1,124;553,1,148;892,1,48;119,1,19;471,1,66;879,1,218;133,1,173;727,1,65;474,1,73;333,1,121;762,1,106;895,1,65;338,1,217;728,1,37;947,1,46;730,1,105;341,1,269;151,1,211;849,1,274;153,1,66;890,1,36;634,1,63;407,1,124;519,1,96;408,1,80;157,1,93;158,1,50;159,1,194;162,1,213;417,1,129;714,1,279;58,1,89;963,1,44;363,1,34;576,1,178;741,1,79;964,1,63;648,1,66;476,1,170;445,1,17;693,1,138;65,1,90;485,1,103;509,1,197;447,1,226;374,1,58;279,1,66;5,1,212;286,1,181;72,1,182;719,1,145;748,1,91;971,1,41;385,1,232;75,1,46;903,1,40;720,1,122;455,1,96;456,1,334;470,1,112;388,1,94;459,1,75;227,1,31;230,1,54;967,1,75;8,1,272
637,1,1:906,1,138
638,12,19:883,4,80,98,117,133;639,3,47,52,53;482,2,62,128;497,2,91,128;906,1,145;264,1,187;681,1,57;417,1,52;567,1,61;718,1,46;676,1,31;698,1,175
639,15,17:201,2,160,353;946,2,108,179;906,1,147;622,1,127;13,1,177;828,1,82;822,1,161;761,1,144;64,1,179;276,1,186;203,1,94;876,1,123;381,1,155;227,1,55;295,1,255
640,1,1:906,1,156
641,1,1:906,1,161
642,13,35:865,5,2,11,33,69,83;628,4,12,25,51,143;668,4,3,22,69,87;575,4,7,16,46,84;983,3,5,11,22;666,3,3,22,51;364,3,158,176,222;755,3,125,187,203;675,2,7,19;598,1,58;622,1,199;669,1,38;214,1,194
643,17,20:108,2,69,138;895,2,102,114;167,2,25,60;983,1,45;944,1,67;252,1,48;622,1,66;896,1,72;339,1,41;863,1,32;561,1,141;757,1,101;418,1,150;579,1,52;583,1,63;594,1,60;480,1,54
644,1,1:983,1,56
645,6,8:899,2,61,77;595,2,61,68;983,1,60;552,1,61;158,1,176;652,1,87
646,64,90:601,3,308,311,320;895,3,6,13,25;494,3,7,18,36;979,3,11,31,58;928,3,10,25,48;373,3,194,203,210;876,3,9,23,48;707,3,5,16,99;771,3,8,21,51;837,3,14,29,45;390,3,3,12,64;775,2,149,196;361,2,164,201;446,2,45,73;510,2,11,57;983,1,64;92,1,209;96,1,93;552,1,58;302,1,165;252,1,236;679,1,70;310,1,43;617,1,73;554,1,23;871,1,98;535,1,248;839,1,35;40,1,80;949,1,43;121,1,80;254,1,401;320,1,133;624,1,86;129,1,86;325,1,74;466,1,135;328,1,72;134,1,251;760,1,73;144,1,46;781,1,26;919,1,28;48,1,71;345,1,54;562,1,209;945,1,32;923,1,19;897,1,31;737,1,47;171,1,152;908,1,50;363,1,49;578,1,23;185,1,20;869,1,35;744,1,34;379,1,29;216,1,88;912,1,107;935,1,48;501,1,79;754,1,102;722,1,211
647,69,105:134,6,71,155,245,299,364,413;692,5,5,19,98,118,140;341,4,34,193,214,254;91,3,40,189,266;894,3,7,15,50;626,3,14,32,51;569,3,1,7,19;675,3,3,15,26;843,3,67,92,116;749,3,1,15,29;252,2,242,256;306,2,79,168;555,2,151,278;115,2,24,131;806,2,79,116;58,2,107,121;642,2,94,100;245,2,241,247;72,2,118,347;990,2,67,70;865,1,23;610,1,74;251,1,59;412,1,218;534,1,71;103,1,234;905,1,103;680,1,49;554,1,106;268,1,215;867,1,34;624,1,124;125,1,235;126,1,123;893,1,56;673,1,155;537,1,188;685,1,97;556,1,66;729,1,51;17,1,212;819,1,17;730,1,82;559,1,173;979,1,49;897,1,111;733,1,246;160,1,97;789,1,58;570,1,92;361,1,75;178,1,90;643,1,128;206,1,213;374,1,43;972,1,80;814,1,85;71,1,38;218,1,134;938,1,51;78,1,93;940,1,152;388,1,46;293,1,136;230,1,151;702,1,54;834,1,167;599,1,35;396,1,78
648,66,67:621,2,85,142;865,1,37;91,1,388;944,1,50;96,1,41;264,1,217;34,1,145;854,1,113;302,1,200;36,1,157;304,1,59;513,1,156;974,1,118;622,1,96;116,1,153;38,1,166;403,1,162;318,1,120;123,1,114;44,1,24;597,1,172;327,1,136;334,1,41;142,1,172;896,1,30;829,1,120;808,1,230;559,1,132;518,1,54;734,1,53;960,1,24;943,1,38;924,1,34;689,1,223;785,1,69;570,1,88;668,1,151;573,1,61;23,1,70;3,1,104;767,1,18;647,1,40;742,1,100;183,1,95;185,1,73;716,1,75;914,1,35;508,1,83;543,1,45;467,1,114;694,1,28;525,1,62;989,1,60;5,1,215;707,1,111;656,1,104;379,1,72;214,1,238;215,1,153;380,1,184;594,1,74;225,1,150;31,1,394;596,1,18;394,1,25;85,1,76
649,5,8:623,2,16,56;58,2,97,125;575,2,60,119;865,1,41;115,1,251
650,47,63:624,3,52,98,110;171,3,9,19,71;573,3,5,15,34;707,3,7,18,29;460,3,6,13,34;302,2,9,21;817,2,130,237;415,2,152,199;688,2,9,24;65,2,7,17;295,2,158,182;865,1,44;433,1,32;612,1,50;678,1,32;310,1,106;242,1,179;111,1,26;504,1,31;325,1,39;133,1,120;629,1,45;146,1,117;406,1,42;764,1,69;636,1,58;897,1,33;520,1,119;565,1,33;786,1,52;21,1,70;568,1,50;575,1,123;953,1,82;742,1,65;189,1,147;278,1,172;281,1,151;698,1,37;771,1,57;452,1,343;655,1,97;285,1,133;848,1,53;411,1,34;83,1,168;392,1,198
651,5,10:46,3,6,14,78;757,2,8,17;364,2,9,23;911,2,4,12;865,1,45
652,22,31:992,4,9,21,40,53;400,3,11,37,78;827,2,141,178;806,2,75,92;469,2,13,26;973,2,2,9;865,1,54;402,1,290;38,1,111;867,1,57;415,1,170;46,1,43;150,1,143;520,1,183;159,1,271;575,1,101;61,1,62;364,1,101;450,1,364;213,1,216;837,1,110;31,1,227
653,28,28:865,1,56;401,1,38;993,1,73;122,1,73;597,1,146;879,1,85;134,1,189;405,1,102;46,1,40;705,1,178;635,1,53;417,1,141;639,1,135;354,1,29;66,1,121;67,1,275;398,1,92;587,1,88;500,1,51;377,1,313;73,1,217;74,1,105;912,1,97;657,1,27;388,1,49;7,1,54;462,1,88;395,1,87
654,1,1:865,1,73
655,11,11:865,1,75;905,1,341;17,1,359;416,1,47;843,1,47;909,1,12;796,1,29;583,1,93;384,1,26;593,1,52;701,1,37
656,2,2:865,1,76;978,1,15
657,1,1:865,1,77
658,13,15:860,2,68,121;590,2,87,245;865,1,78;254,1,201;138,1,193;173,1,169;900,1,67;63,1,179;644,1,243;823,1,63;258,1,122;376,1,112;707,1,233
659,6,6:865,1,80;99,1,85;331,1,220;860,1,103;670,1,348;296,1,131
660,1,1:865,1,81
661,2,2:865,1,82;134,1,45
662,43,54:733,3,140,166,266;94,2,98,127;678,2,111,189;324,2,145,183;46,2,617,632;945,2,65,74;538,2,63,150;934,2,71,153;937,2,66,101;511,2,32,50;865,1,90;610,1,159;401,1,158;620,1,65;14,1,154;142,1,259;144,1,96;631,1,69;156,1,54;354,1,128;576,1,190;645,1,26;275,1,141;582,1,121;448,1,68;201,1,43;800,1,83;374,1,85;208,1,43;972,1,89;25,1,134;376,1,232;847,1,50;217,1,166;30,1,222;75,1,50;772,1,115;388,1,23;228,1,73;394,1,131;670,1,267;662,1,64;664,1,178
663,2,4:364,3,89,120,204;865,1,97
664,107,346:707,10,6,17,28,70,109,119,134,148,196,216;73,10,6,12,21,54,76,135,144,180,190,207;331,9,73,76,207,251,266,438,444,466,470;698,8,5,13,27,68,76,125,144,158;719,8,9,24,54,90,112,121,136,158;521,7,3,15,49,70,81,89,145;22,7,10,26,87,220,269,334,350;769,7,5,10,38,87,124,126,143;654,7,6,12,26,62,81,137,156;751,7,14,28,46,48,83,93,123;310,6,3,14,37,105,159,173;343,6,9,18,30,85,114,164;740,6,10,31,58,83,129,238;188,6,9,31,77,116,154,169;771,6,9,22,52,185,190,208;285,6,47,96,123,132,186,195;78,6,36,67,79,129,132,137;80,6,11,22,47,95,137,167;273,5,14,31,50,77,100;876,5,10,24,49,55,140;802,5,11,26,60,66,80;28,5,12,30,72,82,115;218,5,39,58,95,177,194;219,5,31,45,60,192,217;32,5,9,23,204,325,421;838,4,14,32,61,67;309,4,8,20,35,163;363,4,11,25,50,108;180,4,6,25,47,179;649,4,6,20,37,174;794,4,8,20,34,53;692,4,31,74,102,122;67,4,12,38,65,159;375,4,40,72,87,108;803,4,19,38,71,76;546,4,8,21,42,139;748,4,45,55,108,155;720,4,76,86,139,186;84,4,38,40,65,71;660,4,10,20,37,52;266,3,116,139,228;301,3,75,101,180;622,3,15,30,51;329,3,10,23,36;46,3,327,389,575;152,3,7,15,142;633,3,11,26,48;667,3,67,69,72;868,3,11,22,46;908,3,9,22,52;584,3,10,27,47;281,3,14,38,65;933,3,8,20,40;655,3,9,19,39;71,3,6,17,29;382,3,9,18,27;804,3,10,20,27;384,3,12,24,44;233,3,12,29,51;91,2,151,187;306,2,341,437;711,2,27,127;38,2,59,104;536,2,45,147;605,2,117,144;160,2,58,143;417,2,97,172;962,2,11,24;669,2,68,98;207,2,201,219;747,2,8,17;932,2,19,38;814,2,100,113;74,2,48,81;912,2,71,131;955,2,9,18;228,2,54,76;99,1,49;100,1,77;816,1,111;892,1,140;117,1,47;13,1,110;43,1,132;326,1,42;19,1,101;271,1,115;56,1,126;59,1,194;856,1,155;178,1,102;643,1,50;542,1,32;374,1,88;972,1,54;379,1,32;591,1,79;383,1,44;749,1,53;935,1,51;750,1,65;31,1,291;81,1,52;858,1,72;389,1,44;670,1,364;460,1,28
665,5,5:838,1,58;777,1,83;17,1,145;342,1,141;802,1,53
666,51,73:583,4,14,30,168,227;679,3,6,13,32;918,3,12,29,86;133,3,5,11,31;873,3,12,27,126;563,3,10,25,49;732,3,9,24,40;765,3,10,21,50;707,3,8,19,31;733,2,7,15;786,2,10,21;582,2,9,35;838,1,64;264,1,238;304,1,71;710,1,34;723,1,164;513,1,130;37,1,280;615,1,41;105,1,108;617,1,74;759,1,114;777,1,92;115,1,27;867,1,45;328,1,76;727,1,34;332,1,174;806,1,98;895,1,47;686,1,79;730,1,43;897,1,59;52,1,145;638,1,31;568,1,42;573,1,73;495,1,56;179,1,277;692,1,52;509,1,87;824,1,18;876,1,69;933,1,74;802,1,77;654,1,20;771,1,62;470,1,61;660,1,45;833,1,43
667,38,60:310,4,85,90,110,126;535,4,31,33,54,188;536,4,36,52,92,106;212,4,14,28,47,123;96,3,115,120,140;329,3,3,16,29;427,3,11,23,51;45,2,58,269;238,2,257,279;814,2,118,141;594,2,116,126;838,1,68;262,1,90;851,1,40;324,1,63;474,1,51;515,1,110;958,1,61;343,1,214;897,1,62;20,1,78;23,1,89;482,1,129;646,1,149;716,1,37;717,1,35;692,1,51;583,1,236;509,1,212;585,1,280;802,1,81;286,1,161;912,1,160;752,1,71;658,1,79;511,1,117;595,1,82;660,1,49
668,12,26:638,5,2,10,18,155,222;272,4,11,23,43,53;629,3,6,18,26;733,3,334,377,387;950,2,8,22;728,2,7,20;787,2,4,13;838,1,74;302,1,184;679,1,90;417,1,163;805,1,87
669,37,70:306,6,3,15,28,93,452,479;313,6,5,15,44,155,215,223;511,6,8,16,38,60,77,83;706,5,51,57,88,97,151;838,3,88,128,154;309,3,117,160,176;125,3,99,198,209;56,3,47,68,94;329,2,46,75;151,2,131,137;849,2,67,118;668,2,63,83;793,2,72,87;530,2,89,174;100,1,198;533,1,113;905,1,164;311,1,106;254,1,136;666,1,47;46,1,316;689,1,129;669,1,34;190,1,160;66,1,33;902,1,32;802,1,177;654,1,78;707,1,223;29,1,242;752,1,93;80,1,33;700,1,88;701,1,76;85,1,106;708,1,117;9,1,90
670,69,124:568,5,7,18,32,54,76;934,5,104,106,108,111,125;612,4,9,19,34,41;130,4,7,21,87,92;158,4,66,106,116,129;488,4,15,36,53,89;513,3,82,93,96;621,3,130,204,241;535,3,64,74,146;780,3,11,31,81;730,3,9,19,44;782,3,9,24,45;733,3,30,330,372;159,3,66,309,371;417,3,221,234,254;899,3,6,19,41;482,3,63,91,121;929,3,11,25,45;776,2,34,60;907,2,29,60;45,2,257,272;849,2,104,123;605,2,241,245;562,2,150,161;945,2,41,48;21,2,55,79;483,2,68,73;280,2,8,36;85,2,65,95;838,1,91;91,1,48;773,1,81;512,1,196;309,1,122;617,1,75;777,1,91;324,1,59;515,1,105;626,1,206;863,1,70;873,1,201;921,1,85;636,1,143;689,1,32;164,1,65;566,1,21;737,1,37;58,1,29;359,1,279;495,1,128;363,1,61;421,1,206;274,1,101;275,1,48;190,1,124;369,1,27;238,1,383;487,1,54;676,1,44;946,1,36;746,1,195;989,1,46;450,1,353;527,1,17;940,1,162;31,1,273;721,1,68;663,1,72;395,1,100
671,1,1:838,1,110
672,50,58:380,3,163,203,261;710,2,46,126;817,2,135,258;727,2,60,87;331,2,288,404;688,2,130,143;546,2,184,219;838,1,118;773,1,107;775,1,103;303,1,226;306,1,400;12,1,214;313,1,69;554,1,288;827,1,104;683,1,50;269,1,156;334,1,104;46,1,69;48,1,184;18,1,65;440,1,178;789,1,73;171,1,179;364,1,196;822,1,59;245,1,58;794,1,74;692,1,230;238,1,336;467,1,294;277,1,276;694,1,123;585,1,317;209,1,103;452,1,502;378,1,106;215,1,130;455,1,107;411,1,49;290,1,208;594,1,185;31,1,187;32,1,248;721,1,229;703,1,87;392,1,182;395,1,212;396,1,214
673,18,27:64,3,296,308,347;809,2,51,75;860,2,242,276;172,2,58,97;740,2,5,26;273,2,40,130;367,2,36,172;452,2,509,562;838,1,138;552,1,71;240,1,308;111,1,41;237,1,195;146,1,58;630,1,22;880,1,157;359,1,93;191,1,36
674,28,35:46,3,139,583,625;623,2,118,135;984,2,40,89;58,2,49,76;68,2,173,221;653,2,88,100;838,1,144;401,1,66;94,1,67;37,1,26;116,1,50;268,1,219;436,1,104;674,1,21;635,1,19;520,1,277;689,1,59;638,1,202;826,1,48;355,1,64;843,1,121;179,1,243;185,1,110;579,1,84;525,1,107;586,1,92;946,1,119;834,1,229
675,5,5:838,1,149;828,1,162;256,1,98;261,1,226;215,1,169
676,28,72:338,7,7,15,43,60,115,181,193;245,7,23,105,136,220,240,298,313;651,7,3,11,27,46,66,103,173;905,6,4,9,20,79,89,105;856,4,11,23,72,80;609,3,8,17,42;114,3,5,11,24;138,3,8,17,37;687,3,7,18,26;562,3,112,217,225;576,3,6,19,106;884,2,89,163;673,2,47,154;538,2,76,248;174,2,41,77;644,2,22,96;745,2,73,104;678,1,48;712,1,135;557,1,45;808,1,225;686,1,182;690,1,88;61,1,72;362,1,30;830,1,8;910,1,1;64,1,195
677,88,111:56,4,5,14,24,133;103,3,58,84,154;134,3,9,20,67;165,3,70,109,182;609,2,31,176;91,2,131,177;252,2,192,245;534,2,78,227;115,2,111,122;268,2,91,95;125,2,325,329;466,2,150,155;493,2,269,351;945,2,106,109;644,2,76,92;651,2,80,98;218,2,97,192;249,2,167,182;613,1,87;598,1,138;968,1,33;618,1,75;621,1,314;892,1,103;42,1,177;43,1,120;597,1,205;126,1,36;828,1,85;131,1,96;762,1,127;415,1,166;627,1,63;145,1,92;958,1,86;46,1,104;48,1,111;920,1,105;152,1,164;19,1,88;733,1,457;842,1,39;53,1,295;20,1,179;565,1,61;566,1,92;354,1,76;881,1,107;58,1,142;22,1,341;820,1,55;176,1,275;766,1,94;179,1,275;63,1,39;928,1,32;646,1,164;422,1,45;844,1,64;582,1,133;369,1,39;66,1,141;477,1,75;845,1,24;206,1,191;207,1,192;972,1,43;69,1,175;283,1,113;546,1,63;72,1,333;381,1,234;748,1,75;219,1,43;383,1,68;937,1,109;720,1,106;480,1,149;457,1,127;511,1,97;701,1,69;83,1,299;429,1,284;702,1,137;234,1,201;722,1,194;295,1,152;235,1,211
678,49,79:300,6,11,23,37,113,200,212;221,5,157,201,221,243,252;721,4,18,38,74,192;306,3,181,263,286;976,3,10,24,52;155,3,12,31,66;948,3,6,13,29;913,3,11,28,50;315,2,94,149;883,2,95,105;781,2,94,138;63,2,48,194;426,2,88,121;217,2,28,67;385,2,54,121;78,2,46,70;609,1,37;265,1,98;98,1,34;34,1,95;775,1,244;723,1,125;513,1,75;307,1,44;472,1,31;403,1,156;39,1,203;120,1,224;624,1,214;726,1,60;879,1,124;331,1,376;138,1,124;556,1,33;144,1,162;562,1,30;923,1,67;738,1,43;354,1,35;171,1,201;177,1,37;767,1,106;768,1,123;246,1,140;247,1,150;588,1,54;857,1,20;660,1,60;596,1,50
679,11,16:609,2,52,155;673,2,52,167;134,2,80,392;556,2,30,70;644,2,1,9;103,1,311;687,1,37;562,1,195;347,1,54;988,1,18;856,1,186
680,9,17:609,5,53,156,178,186,189;556,3,5,15,65;644,2,2,10;670,2,296,409;103,1,77;338,1,48;562,1,113;856,1,187;576,1,55
681,49,59:463,3,19,43,133;432,2,50,61;622,2,176,187;340,2,105,117;59,2,48,212;477,2,140,167;24,2,60,112;676,2,231,239;383,2,10,37;609,1,76;98,1,73;775,1,50;552,1,62;36,1,172;916,1,64;851,1,37;968,1,70;312,1,45;883,1,30;481,1,278;123,1,108;43,1,39;327,1,159;780,1,184;515,1,19;632,1,49;874,1,104;975,1,52;564,1,42;568,1,73;58,1,18;856,1,98;813,1,90;864,1,205;844,1,40;541,1,197;870,1,57;485,1,60;965,1,16;447,1,167;814,1,79;73,1,175;591,1,58;912,1,108;75,1,29;221,1,92;832,1,54;456,1,232;226,1,142
682,28,31:774,2,57,69;319,2,232,249;626,2,181,230;609,1,79;775,1,52;252,1,218;306,1,331;309,1,101;108,1,72;435,1,37;38,1,185;682,1,205;817,1,266;895,1,70;46,1,340;340,1,107;730,1,93;519,1,114;923,1,31;642,1,153;178,1,50;766,1,98;543,1,125;814,1,81;589,1,124;699,1,66;661,1,168;395,1,137
683,33,36:705,2,46,67;644,2,110,246;651,2,116,227;609,1,82;432,1,181;401,1,152;709,1,228;974,1,193;115,1,253;45,1,342;828,1,176;437,1,294;331,1,460;136,1,182;493,1,452;559,1,121;521,1,165;538,1,226;57,1,148;173,1,96;3,1,388;66,1,139;373,1,125;25,1,159;378,1,81;261,1,182;72,1,257;381,1,172;411,1,83;457,1,136;702,1,213;670,1,312;661,1,220
684,25,41:104,4,5,17,61,78;636,4,13,27,41,92;884,3,3,9,30;690,3,9,21,67;61,3,1,7,198;319,2,58,124;562,2,26,234;644,2,62,168;805,2,135,144;609,1,85;103,1,52;402,1,389;114,1,36;115,1,173;673,1,103;808,1,246;17,1,280;687,1,61;174,1,24;176,1,245;576,1,99;245,1,68;599,1,127;670,1,405;235,1,76
685,21,45:690,6,2,14,30,45,68,84;174,6,1,5,25,26,42,60;562,4,108,118,127,182;61,4,95,119,142,199;872,3,1,9,25;54,3,48,99,236;104,2,6,18;884,2,31,198;158,2,168,206;576,2,47,176;609,1,86;613,1,95;103,1,53;114,1,126;115,1,174;808,1,247;17,1,281;245,1,69;606,1,77;703,1,55;393,1,131
686,8,10:957,2,38,46;733,2,66,302;609,1,87;433,1,105;678,1,276;106,1,18;867,1,41;811,1,24
687,10,10:609,1,89;892,1,41;957,1,48;867,1,42;809,1,78;419,1,64;283,1,137;377,1,251;219,1,170;659,1,98
688,3,3:609,1,97;636,1,99;988,1,46
689,53,110:712,7,4,11,34,38,74,82,132;338,6,2,10,28,33,197,216;651,6,4,12,67,153,174,250;609,5,98,114,182,212,232;644,5,63,148,169,199,266;978,5,47,50,124,158,178;905,4,45,51,60,73;562,4,7,15,211,216;636,4,14,28,42,93;884,3,43,77,177;182,3,2,10,180;972,3,115,123,138;749,3,34,104,121;887,3,3,14,46;103,2,48,292;556,2,40,78;863,2,95,183;538,2,75,247;856,2,10,22;61,2,65,111;576,2,72,186;72,2,73,108;720,2,58,218;670,2,289,318;98,1,86;678,1,207;512,1,136;435,1,141;114,1,37;115,1,53;38,1,53;879,1,166;673,1,44;685,1,136;996,1,53;988,1,47;690,1,126;860,1,133;643,1,44;740,1,46;792,1,72;245,1,29;373,1,58;206,1,188;747,1,68;814,1,74;847,1,93;216,1,60;748,1,27;383,1,15;388,1,57;721,1,97;660,1,72
690,9,22:856,5,35,71,101,166,179;609,4,121,149,197,256;562,3,61,249,299;576,3,4,17,30;245,3,4,10,299;712,1,161;863,1,192;996,1,83;910,1,4
691,22,40:239,3,24,49,63;418,3,11,25,155;540,3,9,20,28;400,3,13,39,67;201,3,8,28,48;425,3,3,8,20;850,3,12,33,72;435,2,161,200;126,2,139,255;448,2,9,21;967,2,9,20;609,1,132;252,1,213;402,1,294;118,1,47;332,1,64;48,1,93;61,1,17;178,1,109;26,1,227;411,1,45;462,1,103
692,90,116:467,4,23,52,163,191;895,3,62,110,122;484,3,8,26,63;485,3,5,20,111;461,3,9,20,48;252,2,126,179;106,2,105,129;108,2,188,289;472,2,136,190;406,2,155,174;782,2,59,89;519,2,95,193;926,2,107,117;361,2,50,186;574,2,17,36;578,2,17,85;367,2,153,165;452,2,177,285;546,2,157,193;217,2,55,72;609,1,140;91,1,252;401,1,181;433,1,71;263,1,145;601,1,268;301,1,128;612,1,69;101,1,92;36,1,115;614,1,215;602,1,79;619,1,204;242,1,92;555,1,269;884,1,136;117,1,102;268,1,64;603,1,66;780,1,260;537,1,179;138,1,106;334,1,96;270,1,90;142,1,189;405,1,91;763,1,44;341,1,59;897,1,162;52,1,103;159,1,356;271,1,248;347,1,29;689,1,95;714,1,238;765,1,75;786,1,75;668,1,119;176,1,251;61,1,97;928,1,81;646,1,126;185,1,111;792,1,36;365,1,190;652,1,106;278,1,237;653,1,89;831,1,53;280,1,281;587,1,57;654,1,73;377,1,150;655,1,111;259,1,177;380,1,267;1,1,106;748,1,93;219,1,100;221,1,159;937,1,31;720,1,124;455,1,32;411,1,38;290,1,135;31,1,142;83,1,230;662,1,76;395,1,208;755,1,108
693,2,3:609,2,153,266;595,1,129
694,2,2:609,1,158;245,1,263
695,140,299:722,11,10,16,31,37,51,91,114,136,204,213,216;693,8,77,93,116,130,155,167,172,195;774,7,10,27,89,103,154,174,247;302,7,51,174,210,213,223,232,242;376,7,10,29,55,159,195,218,284;661,7,46,71,87,109,123,153,163;99,6,28,90,94,117,132,171;110,6,103,175,242,279,299,334;692,6,40,75,110,136,144,213;729,5,17,36,68,148,178;984,5,52,83,105,150,159;420,5,11,30,43,134,141;179,5,62,182,193,216,246;97,4,4,18,42,69;35,4,13,26,44,74;492,4,4,14,93,166;314,4,4,17,35,163;777,4,23,35,53,103;115,4,65,128,138,154;331,4,81,189,227,331;731,4,11,22,39,71;575,4,64,73,77,117;363,4,82,125,144,202;216,4,4,11,30,35;702,4,47,120,193,313;105,3,48,102,107;138,3,34,108,143;730,3,10,20,45;341,3,310,324,333;634,3,5,13,32;826,3,2,14,56;22,3,153,172,321;378,3,141,227,250;655,3,1,11,122;804,3,8,18,25;234,3,73,153,167;609,2,159,264;551,2,44,76;775,2,154,228;552,2,42,59;617,2,8,20;682,2,177,184;43,2,145,169;269,2,111,265;15,2,57,73;329,2,128,166;727,2,40,91;628,2,44,54;819,2,82,118;764,2,4,11;154,2,42,85;925,2,38,71;689,2,128,201;568,2,49,85;171,2,66,134;668,2,55,107;365,2,163,186;761,2,119,171;66,2,74,119;719,2,6,21;218,2,5,18;219,2,29,191;955,2,7,16;384,2,10,22;462,2,95,132;433,1,52;264,1,241;265,1,96;251,1,138;709,1,60;303,1,82;11,1,121;304,1,74;240,1,365;306,1,406;619,1,90;969,1,89;759,1,115;413,1,94;316,1,76;116,1,147;317,1,78;118,1,65;120,1,244;879,1,104;537,1,162;818,1,89;529,1,74;16,1,46;142,1,63;556,1,85;145,1,54;557,1,86;494,1,40;438,1,37;146,1,138;809,1,48;630,1,35;17,1,87;148,1,32;149,1,70;560,1,183;343,1,202;959,1,25;51,1,100;860,1,58;172,1,92;58,1,87;740,1,49;3,1,238;767,1,93;954,1,48;422,1,135;245,1,264;669,1,122;911,1,66;191,1,95;582,1,29;524,1,60;747,1,27;375,1,39;210,1,33;526,1,55;73,1,18;749,1,52;912,1,48;971,1,24;6,1,72;772,1,64;78,1,65;939,1,42;291,1,40;388,1,28;858,1,82;549,1,67;227,1,70;84,1,34;229,1,177;833,1,44;834,1,153
696,5,10:576,3,100,144,189;245,3,145,217,271;884,2,75,175;609,1,173;556,1,80
697,8,8:609,1,177;103,1,85;435,1,290;672,1,38;418,1,115;421,1,43;583,1,77;387,1,123
698,5,5:609,1,185;103,1,59;324,1,108;712,1,29;192,1,143
699,52,54:17,2,16,73;519,2,111,171;609,1,193;853,1,74;758,1,85;301,1,93;775,1,46;303,1,221;613,1,104;37,1,150;103,1,249;308,1,81;309,1,67;679,1,85;615,1,81;905,1,86;106,1,24;402,1,68;326,1,68;415,1,137;626,1,38;493,1,143;728,1,48;873,1,156;687,1,58;344,1,51;154,1,27;945,1,24;688,1,97;417,1,138;785,1,66;59,1,166;642,1,23;361,1,56;3,1,102;790,1,29;645,1,61;715,1,48;185,1,96;869,1,78;369,1,118;194,1,41;946,1,117;973,1,32;217,1,40;748,1,31;848,1,95;720,1,62;991,1,113;594,1,179;389,1,96;85,1,113
700,24,30:925,3,3,10,20;324,2,180,200;415,2,47,107;923,2,8,28;538,2,88,120;609,1,195;95,1,57;403,1,67;712,1,109;437,1,449;405,1,115;493,1,261;634,1,58;636,1,161;176,1,222;179,1,146;576,1,59;911,1,80;583,1,273;585,1,511;26,1,239;720,1,237;594,1,136;470,1,94
701,37,74:817,8,2,15,152,188,205,224,253,267;699,8,33,127,172,209,235,256,268,311;493,5,1,17,35,119,184;562,4,256,263,272,297;574,4,15,34,79,316;452,4,393,397,495,498;119,3,1,7,96;718,3,1,13,26;238,3,4,19,42;825,3,6,23,43;716,2,8,20;903,2,31,51;609,1,205;512,1,28;615,1,147;671,1,56;242,1,162;621,1,279;828,1,148;338,1,178;354,1,82;691,1,105;856,1,134;910,1,2;717,1,97;823,1,90;542,1,51;195,1,273;276,1,119;845,1,158;378,1,76;606,1,91;77,1,83;79,1,40;754,1,70;701,1,91;293,1,70
702,32,33:21,2,118,234;609,1,225;401,1,216;532,1,110;309,1,154;621,1,266;40,1,127;119,1,29;13,1,142;121,1,127;322,1,74;324,1,129;818,1,130;344,1,93;733,1,473;348,1,178;22,1,318;643,1,80;766,1,187;444,1,91;761,1,78;423,1,100;544,1,133;207,1,104;279,1,111;377,1,324;657,1,58;222,1,136;411,1,73;832,1,39;599,1,112;670,1,233
703,55,63:255,3,131,156,243;302,2,76,118;13,2,14,81;560,2,138,149;162,2,79,123;209,2,58,87;702,2,138,208;609,1,240;91,1,132;432,1,29;433,1,118;601,1,138;251,1,72;709,1,195;551,1,129;103,1,155;907,1,107;316,1,369;254,1,271;436,1,85;134,1,357;142,1,212;950,1,35;46,1,133;518,1,37;342,1,174;152,1,133;343,1,55;50,1,27;53,1,122;55,1,84;714,1,125;980,1,68;166,1,145;638,1,211;786,1,143;57,1,29;180,1,119;718,1,224;761,1,85;187,1,154;540,1,93;423,1,116;24,1,268;797,1,41;498,1,87;746,1,149;25,1,116;848,1,112;470,1,122;31,1,450;701,1,30;429,1,332;722,1,189;664,1,141
704,6,6:609,1,253;267,1,93;303,1,305;778,1,142;810,1,92;693,1,185
705,94,102:618,3,97,169,209;98,2,31,186;465,2,53,72;849,2,71,336;179,2,168,189;767,2,140,150;31,2,53,436;609,1,262;91,1,216;262,1,156;94,1,149;264,1,269;101,1,86;102,1,118;302,1,111;303,1,233;534,1,180;11,1,170;304,1,102;512,1,172;616,1,52;108,1,359;110,1,302;402,1,196;114,1,71;116,1,45;120,1,200;254,1,71;237,1,224;123,1,133;624,1,140;321,1,101;712,1,164;713,1,51;437,1,73;780,1,76;331,1,253;333,1,56;762,1,176;626,1,174;506,1,133;147,1,59;686,1,219;560,1,147;344,1,76;154,1,114;562,1,307;636,1,66;861,1,115;898,1,67;735,1,70;54,1,77;690,1,41;173,1,138;59,1,134;706,1,147;642,1,169;361,1,119;843,1,122;790,1,108;645,1,40;743,1,84;911,1,134;257,1,104;192,1,252;508,1,63;543,1,206;487,1,38;199,1,222;205,1,101;449,1,89;25,1,113;69,1,160;248,1,71;452,1,159;606,1,27;76,1,63;220,1,66;848,1,36;288,1,11;222,1,107;991,1,59;386,1,76;387,1,138;224,1,209;940,1,166;456,1,324;83,1,321;825,1,189;231,1,111;462,1,149;235,1,213;878,1,40;664,1,211
706,1,1:609,1,269
707,100,153:585,9,1,9,22,58,166,189,285,307,444;513,4,11,24,54,68;817,4,76,156,169,200;343,4,51,99,125,200;252,3,222,273,283;2,3,12,26,40;808,3,4,17,61;784,3,6,16,81;456,3,224,243,268;233,3,8,25,45;91,2,57,184;615,2,22,88;905,2,50,286;313,2,170,208;110,2,55,297;827,2,1,8;435,2,294,298;839,2,96,109;976,2,4,18;20,2,121,222;179,2,214,276;63,2,55,251;718,2,199,204;761,2,88,122;650,2,14,30;508,2,7,16;885,2,9,20;69,2,176,219;479,2,132,155;283,2,20,49;213,2,65,203;429,2,181,324;702,2,72,294;703,2,27,98;609,1,271;610,1,98;550,1,33;601,1,155;251,1,78;709,1,203;100,1,134;534,1,119;240,1,272;103,1,97;618,1,112;969,1,83;759,1,199;535,1,200;555,1,356;120,1,226;237,1,192;888,1,102;128,1,58;329,1,152;134,1,431;331,1,211;493,1,328;958,1,87;48,1,112;605,1,110;562,1,53;52,1,67;53,1,165;158,1,187;960,1,34;159,1,389;166,1,81;21,1,52;569,1,32;739,1,153;360,1,119;495,1,76;644,1,26;645,1,51;579,1,92;581,1,181;651,1,31;66,1,117;195,1,207;197,1,44;467,1,268;258,1,86;800,1,87;468,1,101;450,1,84;451,1,150;377,1,141;655,1,159;590,1,56;382,1,65;404,1,80;221,1,75;289,1,67;224,1,49;457,1,142;225,1,111;292,1,187;599,1,138;294,1,73;670,1,152
708,26,33:306,4,139,200,217,391;352,3,25,50,72;766,2,58,117;585,2,206,470;609,1,272;432,1,105;251,1,79;709,1,77;551,1,104;621,1,290;894,1,84;818,1,106;685,1,142;145,1,59;559,1,95;782,1,69;952,1,65;736,1,51;353,1,44;354,1,86;357,1,82;539,1,91;364,1,124;3,1,140;700,1,49;459,1,82
709,79,183:28,8,10,28,57,141,167,178,203,211;91,5,7,15,36,306,358;555,5,8,19,38,130,214;141,5,8,22,45,67,83;346,5,14,34,47,59,109;421,5,8,21,40,55,235;470,5,1,7,19,97,142;472,4,4,13,20,34;465,4,4,17,32,131;463,4,12,36,80,188;130,4,10,24,44,108;863,4,8,20,46,195;56,4,6,15,25,134;476,4,6,18,29,111;468,4,1,7,22,65;489,4,2,10,18,96;290,4,10,27,44,220;549,4,7,15,26,46;853,3,5,11,86;491,3,10,25,50;12,3,12,25,38;682,3,7,17,30;466,3,167,175,180;135,3,3,12,28;349,3,1,10,20;856,3,6,18,43;475,3,14,31,38;183,3,8,26,58;488,3,19,40,57;659,3,4,18,35;854,2,5,11;254,2,203,310;45,2,361,372;673,2,9,22;666,2,13,32;920,2,32,106;538,2,11,23;165,2,65,183;351,2,5,16;668,2,12,31;643,2,13,29;843,2,14,31;909,2,21,56;245,2,91,156;467,2,123,145;450,2,83,193;264,1,88;101,1,81;122,1,26;320,1,108;888,1,111;326,1,44;505,1,36;726,1,67;473,1,63;145,1,109;149,1,58;521,1,173;159,1,79;271,1,167;785,1,36;860,1,83;357,1,73;59,1,75;63,1,34;3,1,34;649,1,35;485,1,102;4,1,197;206,1,165;449,1,78;212,1,94;480,1,145;502,1,79;457,1,118;225,1,27;458,1,51;459,1,37;703,1,31
710,100,223:474,8,2,21,61,81,91,99,104,123;249,8,40,96,110,133,136,138,148,159;45,7,188,214,231,239,241,289,352;396,7,6,33,71,133,195,220,225;102,6,10,24,53,121,161,201;412,6,202,207,245,316,341,359;406,6,34,96,116,132,145,169;326,5,4,13,24,92,97;505,5,9,18,32,115,129;522,5,8,29,54,98,105;435,4,128,150,212,268;129,4,12,28,36,144;327,4,5,25,51,156;688,4,2,17,33,135;273,4,8,25,92,112;467,4,24,53,164,192;70,4,13,39,73,132;91,3,21,32,268;301,3,98,127,145;618,3,7,18,138;465,3,109,124,147;574,3,11,30,43;767,3,41,44,53;579,3,11,28,39;580,3,11,22,32;930,3,11,30,43;444,3,118,208,212;485,3,6,21,115;280,3,257,277,282;654,3,126,133,147;377,3,140,151,281;295,3,82,221,250;664,3,11,35,159;101,2,72,91;472,2,129,161;402,2,194,251;403,2,117,210;778,2,204,214;504,2,22,54;255,2,79,208;520,2,243,263;357,2,105,111;180,2,128,175;274,2,32,90;366,2,154,240;423,2,65,126;196,2,43,73;698,2,73,155;283,2,110,122;285,2,152,172;264,1,72;532,1,143;240,1,318;619,1,64;413,1,47;117,1,106;40,1,123;13,1,42;121,1,123;414,1,128;726,1,135;328,1,114;894,1,143;416,1,32;920,1,91;561,1,119;782,1,85;667,1,55;440,1,181;50,1,83;408,1,63;53,1,318;521,1,169;565,1,132;637,1,86;538,1,56;349,1,75;170,1,33;495,1,120;482,1,139;644,1,230;421,1,65;476,1,241;717,1,43;650,1,83;445,1,32;238,1,155;372,1,103;199,1,220;200,1,148;425,1,71;281,1,203;282,1,102;488,1,83;451,1,252;470,1,166;659,1,84;31,1,165;394,1,178;670,1,162
711,24,54:403,5,6,13,116,137,184;570,5,47,59,99,105,145;429,5,76,122,137,180,305;188,4,13,35,82,201;326,3,39,66,91;137,3,8,23,49;152,3,40,102,116;281,3,15,39,66;286,3,19,46,197;296,3,13,45,76;39,2,14,32;64,2,141,336;70,2,141,185;91,1,37;253,1,98;2,1,218;562,1,319;53,1,174;159,1,113;538,1,103;3,1,153;201,1,144;857,1,66;664,1,63
712,27,27:91,1,41;314,1,100;892,1,45;555,1,281;672,1,189;123,1,80;130,1,93;515,1,72;338,1,51;631,1,82;782,1,95;764,1,32;154,1,108;638,1,226;367,1,75;477,1,27;197,1,17;965,1,14;498,1,213;373,1,18;676,1,172;210,1,37;464,1,204;591,1,46;940,1,62;511,1,156;670,1,113
713,7,10:285,3,45,130,193;81,2,29,63;91,1,50;851,1,42;683,1,47;185,1,24;701,1,111
714,17,20:131,2,10,20;565,2,47,84;511,2,45,165;91,1,70;402,1,192;435,1,197;117,1,117;623,1,37;909,1,60;525,1,84;798,1,154;374,1,75;546,1,165;217,1,75;73,1,164;221,1,71;8,1,77
715,12,13:168,2,128,170;91,1,75;610,1,160;241,1,87;41,1,339;129,1,150;338,1,184;581,1,142;190,1,162;193,1,103;592,1,26;664,1,100
716,24,42:817,6,1,14,28,92,129,139;213,5,40,126,144,241,246;260,5,11,44,77,130,141;261,4,8,19,109,205;534,2,118,228;134,2,10,21;91,1,87;776,1,77;492,1,125;242,1,169;554,1,116;133,1,71;894,1,21;818,1,142;154,1,31;441,1,108;176,1,185;422,1,73;844,1,243;369,1,41;656,1,120;606,1,154;937,1,97;293,1,68
717,13,24:356,4,6,20,35,81;134,3,5,16,402;643,3,61,85,136;796,3,8,19,46;570,2,72,82;843,2,51,138;91,1,88;135,1,70;152,1,104;157,1,97;538,1,127;3,1,161;245,1,179
718,10,11:936,2,7,19;91,1,92;264,1,227;37,1,182;402,1,228;597,1,31;690,1,117;766,1,107;184,1,141;455,1,72
719,14,21:53,4,189,208,234,325;37,2,184,295;621,2,69,332;47,2,1,7;919,2,8,17;91,1,94;854,1,89;553,1,133;255,1,99;894,1,17;629,1,90;920,1,68;690,1,71;593,1,53
720,12,12:91,1,95;553,1,33;625,1,62;673,1,37;134,1,302;541,1,317;807,1,34;972,1,81;222,1,115;528,1,47;511,1,91;677,1,15
721,13,16:676,3,49,134,179;957,2,73,82;91,1,96;854,1,94;554,1,197;43,1,133;417,1,27;538,1,170;176,1,92;792,1,154;238,1,39;807,1,42;702,1,187
722,1,1:91,1,97
723,1,1:91,1,100
724,2,2:91,1,107;48,1,223
725,1,1:91,1,108
726,2,2:91,1,110;48,1,225
727,28,56:761,6,47,99,126,157,182,203;836,5,5,14,45,74,79;509,5,15,31,110,157,170;692,4,13,27,63,192;429,4,20,40,88,199;560,3,1,12,42;51,3,14,31,103;12,2,57,195;144,2,185,299;146,2,38,111;984,2,4,15;157,2,72,119;91,1,122;11,1,175;619,1,82;38,1,91;48,1,228;809,1,70;340,1,197;630,1,57;987,1,39;359,1,58;182,1,160;365,1,136;187,1,54;191,1,124;276,1,150;83,1,85
728,57,65:306,2,132,384;671,2,87,130;113,2,103,209;255,2,185,242;331,2,91,461;493,2,166,274;446,2,68,82;388,2,69,80;91,1,144;93,1,91;302,1,75;303,1,214;103,1,125;616,1,111;12,1,215;313,1,130;316,1,209;403,1,48;39,1,314;319,1,191;254,1,186;817,1,80;324,1,156;712,1,54;828,1,177;243,1,116;556,1,76;18,1,151;705,1,38;636,1,150;688,1,146;638,1,228;354,1,148;856,1,195;482,1,123;364,1,197;182,1,151;648,1,67;580,1,143;930,1,50;823,1,128;718,1,183;541,1,76;64,1,191;67,1,96;652,1,235;204,1,32;654,1,150;260,1,138;214,1,204;381,1,61;218,1,108;6,1,241;29,1,204;699,1,264;229,1,57;394,1,97
729,33,35:55,2,82,192;214,2,24,40;91,1,145;709,1,137;725,1,218;892,1,170;40,1,136;118,1,156;13,1,78;121,1,136;43,1,263;597,1,68;129,1,151;493,1,494;407,1,61;408,1,45;159,1,328;348,1,192;167,1,120;168,1,156;881,1,136;183,1,120;508,1,65;543,1,238;278,1,103;824,1,95;259,1,202;220,1,68;292,1,171;230,1,113;599,1,130;708,1,156;664,1,197
730,15,48:331,8,72,129,143,206,250,264,443,469;188,6,8,30,76,115,153,168;64,6,15,39,83,128,151,319;360,4,12,24,43,82;761,4,7,14,33,185;67,4,11,37,64,158;152,3,6,14,141;584,3,9,26,46;655,3,8,18,42;91,2,150,186;103,1,197;178,1,105;821,1,112;643,1,49;84,1,41
731,9,12:84,4,6,15,42,48;91,1,188;15,1,127;53,1,169;570,1,60;22,1,361;649,1,170;64,1,137;991,1,116
732,19,27:46,6,148,154,159,173,232,350;626,3,4,22,55;472,2,45,123;91,1,210;513,1,40;308,1,35;993,1,68;949,1,53;405,1,53;849,1,44;439,1,47;166,1,67;355,1,37;482,1,228;790,1,104;954,1,27;583,1,257;771,1,116;76,1,60
733,58,126:168,5,8,24,54,90,137;726,4,15,38,73,140;636,4,9,23,37,57;31,4,13,29,41,427;266,3,20,45,70;851,3,9,18,36;618,3,11,22,36;112,3,14,28,59;682,3,10,20,33;42,3,7,29,78;665,3,13,26,36;255,3,14,31,66;326,3,9,18,28;2,3,11,25,39;474,3,19,38,48;150,3,6,15,112;667,3,14,28,61;157,3,10,27,47;56,3,9,18,28;212,3,10,24,41;469,3,66,114,142;990,3,12,24,43;659,3,7,21,38;852,3,14,28,47;295,3,17,37,71;91,2,229,309;301,2,19,43;253,2,29,58;673,2,13,26;666,2,16,35;507,2,9,22;897,2,25,47;160,2,68,149;785,2,39,93;668,2,15,34;178,2,9,18;64,2,80,246;28,2,78,189;602,1,34;111,1,68;472,1,209;866,1,31;40,1,68;121,1,68;603,1,38;320,1,111;45,1,35;135,1,32;849,1,203;418,1,378;525,1,44;259,1,199;453,1,172;700,1,126;429,1,57;703,1,105;967,1,41;755,1,54
734,37,38:119,2,70,73;91,1,243;98,1,151;601,1,269;598,1,112;851,1,74;907,1,93;871,1,170;403,1,97;603,1,46;320,1,283;126,1,151;888,1,79;780,1,154;331,1,138;405,1,59;145,1,132;561,1,83;54,1,209;348,1,52;171,1,87;22,1,305;821,1,163;179,1,199;740,1,124;768,1,95;581,1,134;669,1,116;238,1,343;215,1,235;995,1,47;991,1,98;78,1,160;754,1,96;701,1,117;702,1,274;295,1,144
735,32,34:240,2,70,437;474,2,77,109;91,1,262;550,1,108;265,1,139;311,1,91;465,1,106;884,1,140;39,1,266;326,1,116;627,1,47;146,1,98;849,1,166;408,1,92;880,1,124;166,1,101;482,1,45;953,1,110;181,1,291;421,1,74;245,1,160;496,1,110;653,1,116;450,1,111;847,1,130;380,1,270;719,1,91;748,1,105;383,1,74;720,1,136;388,1,98;232,1,73
736,26,39:831,8,1,6,14,29,115,120,125,132;568,3,56,90,124;566,2,39,65;966,2,5,16;748,2,40,51;720,2,71,82;91,1,271;723,1,36;465,1,102;535,1,19;711,1,122;623,1,14;985,1,53;474,1,55;140,1,41;873,1,68;927,1,86;643,1,95;718,1,86;669,1,42;585,1,159;824,1,93;846,1,101;212,1,67;661,1,192;295,1,252
737,31,46:437,6,4,23,172,176,199,336;554,4,2,9,34,89;520,4,144,175,234,257;109,2,2,9;134,2,126,167;686,2,84,156;658,2,7,22;91,1,280;776,1,73;314,1,94;711,1,108;624,1,147;529,1,142;728,1,64;256,1,73;57,1,103;641,1,78;360,1,36;245,1,292;876,1,72;587,1,105;654,1,23;698,1,24;771,1,65;942,1,85;383,1,56;411,1,88;700,1,138;292,1,76;595,1,23;234,1,28
738,18,21:62,3,11,25,113;47,2,50,81;91,1,295;854,1,119;618,1,195;44,1,173;781,1,52;153,1,134;813,1,66;423,1,79;370,1,188;280,1,90;771,1,145;951,1,30;934,1,215;224,1,78;599,1,90;670,1,187
739,54,93:359,8,134,138,149,152,256,267,274,287;83,7,122,126,236,240,261,279,283;670,5,170,226,329,345,380;39,3,82,100,222;175,3,42,91,94;218,3,100,111,186;231,3,59,69,90;296,3,117,162,165;253,2,295,298;117,2,57,60;268,2,30,114;817,2,46,121;2,2,222,305;137,2,67,144;149,2,81,87;62,2,36,133;246,2,181,187;247,2,195,200;694,2,100,149;80,2,97,118;91,1,329;492,1,206;239,1,99;907,1,131;110,1,148;42,1,142;597,1,183;324,1,101;828,1,138;338,1,174;346,1,150;570,1,54;176,1,59;821,1,121;740,1,84;180,1,65;692,1,35;64,1,209;67,1,251;584,1,67;277,1,146;447,1,230;585,1,441;376,1,95;286,1,110;70,1,96;381,1,59;219,1,67;291,1,45;595,1,111;429,1,109;232,1,69;233,1,114;236,1,152
740,24,24:91,1,336;103,1,242;106,1,120;681,1,222;982,1,64;672,1,159;778,1,181;129,1,121;863,1,128;705,1,105;160,1,115;943,1,46;163,1,144;714,1,214;860,1,208;909,1,75;790,1,110;476,1,77;444,1,216;467,1,279;814,1,76;259,1,194;804,1,29;702,1,154
741,5,5:91,1,339;716,1,134;844,1,26;201,1,79;585,1,148
742,33,35:740,2,65,199;236,2,105,131;91,1,341;854,1,142;492,1,43;534,1,83;41,1,64;320,1,226;125,1,306;684,1,172;134,1,359;137,1,84;142,1,120;146,1,28;149,1,97;53,1,93;22,1,93;900,1,58;176,1,127;539,1,158;576,1,148;844,1,75;823,1,131;257,1,114;238,1,101;281,1,63;376,1,98;771,1,219;377,1,87;453,1,157;392,1,158;394,1,190;295,1,169
743,32,61:201,7,129,132,153,207,210,230,252;280,5,102,139,191,216,306;83,5,8,33,55,79,357;235,5,15,32,51,167,288;492,3,64,133,188;901,3,5,15,32;429,3,129,145,148;295,3,163,236,339;603,2,32,56;22,2,208,265;377,2,195,229;91,1,352;433,1,27;709,1,205;619,1,183;816,1,128;481,1,139;712,1,171;762,1,240;146,1,118;605,1,112;168,1,95;366,1,86;541,1,290;467,1,286;371,1,106;278,1,174;279,1,82;587,1,130;281,1,153;393,1,199;661,1,130
744,37,49:22,5,97,209,217,252,266;555,3,206,219,228;331,3,140,203,245;142,2,108,115;704,2,98,134;5,2,144,148;30,2,150,154;91,1,353;265,1,31;775,1,233;678,1,267;240,1,240;305,1,49;969,1,17;13,1,38;321,1,165;243,1,79;136,1,229;152,1,69;53,1,228;785,1,117;172,1,45;822,1,91;245,1,39;369,1,56;195,1,93;652,1,213;201,1,344;587,1,101;281,1,229;210,1,108;606,1,118;70,1,138;31,1,277;459,1,35;595,1,98;702,1,81
745,42,45:513,2,78,154;122,2,125,160;333,2,100,131;91,1,386;97,1,93;251,1,84;34,1,144;621,1,140;110,1,150;866,1,47;403,1,160;39,1,177;318,1,118;597,1,125;779,1,76;136,1,160;334,1,39;628,1,71;559,1,130;518,1,52;341,1,287;849,1,155;734,1,51;736,1,63;573,1,59;574,1,236;185,1,71;716,1,73;844,1,176;761,1,87;582,1,44;67,1,149;989,1,58;802,1,93;655,1,66;379,1,70;594,1,72;225,1,148;32,1,345;231,1,148;461,1,78;85,1,74
746,24,30:786,3,9,20,54;105,2,52,61;925,2,44,54;290,2,2,19;599,2,57,88;944,1,15;401,1,74;723,1,153;512,1,33;106,1,27;322,1,131;127,1,30;415,1,120;49,1,46;340,1,85;631,1,33;996,1,82;641,1,30;192,1,229;694,1,32;845,1,23;935,1,24;832,1,43;458,1,20
747,6,6:944,1,25;55,1,203;541,1,239;206,1,129;449,1,72;289,1,78
748,6,9:319,2,33,205;597,2,9,215;366,2,185,211;944,1,28;619,1,97;416,1,53
749,55,57:127,3,3,15,118;944,1,42;93,1,20;94,1,131;96,1,153;264,1,153;611,1,57;98,1,52;300,1,44;709,1,149;266,1,102;301,1,90;974,1,171;403,1,213;40,1,244;121,1,212;623,1,102;254,1,219;331,1,307;333,1,155;270,1,54;335,1,90;143,1,86;986,1,34;516,1,49;958,1,26;340,1,167;152,1,119;977,1,100;347,1,21;54,1,75;354,1,181;641,1,107;570,1,120;359,1,34;963,1,59;643,1,93;578,1,74;742,1,115;718,1,126;911,1,43;744,1,79;370,1,216;201,1,164;831,1,94;695,1,66;452,1,143;379,1,104;215,1,137;381,1,18;287,1,66;384,1,46;657,1,88;82,1,71;459,1,53
750,14,15:254,2,120,283;853,1,15;401,1,34;399,1,56;513,1,203;312,1,137;730,1,58;168,1,42;544,1,127;259,1,69;77,1,29;904,1,54;388,1,39;858,1,108
751,1,1:853,1,18
752,6,7:991,2,62,123;853,1,24;403,1,170;624,1,167;203,1,83;454,1,25
753,4,4:853,1,29;324,1,112;762,1,227;415,1,219
754,41,44:729,2,166,193;863,2,49,159;640,2,3,23;853,1,38;610,1,119;401,1,64;264,1,160;992,1,55;35,1,96;36,1,76;891,1,35;307,1,28;679,1,93;871,1,179;839,1,47;403,1,133;414,1,75;727,1,37;333,1,34;666,1,68;874,1,111;945,1,67;156,1,65;347,1,27;54,1,177;163,1,55;55,1,24;668,1,148;856,1,191;445,1,55;542,1,42;801,1,40;27,1,103;260,1,150;772,1,157;886,1,31;223,1,72;595,1,48;834,1,38;235,1,115;9,1,195
755,20,22:974,2,67,146;976,2,30,79;853,1,43;610,1,78;601,1,209;905,1,27;127,1,113;557,1,102;959,1,32;925,1,29;418,1,368;963,1,49;642,1,159;400,1,94;206,1,158;450,1,221;936,1,95;411,1,15;80,1,25;9,1,44
756,51,79:825,5,61,126,142,165,198;358,4,6,26,42,108;664,4,8,32,102,196;432,3,2,12,31;905,3,1,6,23;139,3,5,14,42;211,3,9,26,42;459,3,8,18,109;992,2,1,13;492,2,99,175;110,2,313,344;623,2,100,170;515,2,1,9;281,2,120,137;847,2,132,158;291,2,27,36;853,1,46;616,1,77;672,1,118;597,1,147;128,1,95;941,1,34;405,1,71;808,1,93;873,1,233;340,1,34;631,1,40;407,1,101;519,1,137;564,1,20;158,1,25;565,1,74;881,1,38;573,1,50;445,1,50;965,1,31;525,1,110;201,1,42;202,1,121;5,1,80;426,1,112;450,1,333;30,1,88;385,1,100;404,1,78;387,1,229;290,1,112;978,1,59;857,1,40;887,1,96;390,1,60
757,31,41:583,7,49,73,164,200,215,228,266;110,2,209,273;516,2,6,17;200,2,109,136;377,2,108,129;853,1,70;264,1,173;513,1,217;680,1,6;435,1,114;122,1,80;665,1,69;141,1,49;408,1,70;735,1,71;354,1,113;168,1,117;59,1,230;3,1,80;767,1,31;909,1,38;953,1,71;647,1,23;258,1,114;199,1,170;847,1,138;72,1,181;971,1,40;772,1,105;903,1,18;31,1,56
758,11,12:450,2,57,359;853,1,117;107,1,59;123,1,174;2,1,122;134,1,79;872,1,75;841,1,55;381,1,84;224,1,142;292,1,114
759,9,9:853,1,126;97,1,35;319,1,279;324,1,105;46,1,481;766,1,184;824,1,60;224,1,26;754,1,38
760,30,36:621,2,51,272;472,2,51,68;565,2,46,82;989,2,69,83;659,2,10,24;858,2,73,88;853,1,139;108,1,98;110,1,265;554,1,97;113,1,206;555,1,40;603,1,70;326,1,75;134,1,275;780,1,222;415,1,187;52,1,96;639,1,164;168,1,55;174,1,15;59,1,41;475,1,46;258,1,119;845,1,137;707,1,222;912,1,50;221,1,291;661,1,154;395,1,95
761,3,12:134,8,11,22,110,117,286,319,407,433;610,3,5,23,76;894,1,23
762,1,3:610,3,8,26,53
763,3,3:610,1,64;829,1,60;668,1,46
764,2,2:610,1,105;849,1,305
765,1,1:610,1,113
766,115,139:835,3,22,35,40;224,3,63,93,132;555,2,337,383;402,2,54,295;435,2,61,163;623,2,26,148;269,2,13,31;141,2,106,184;506,2,118,192;337,2,153,162;46,2,1,9;925,2,26,65;61,2,132,209;645,2,58,103;581,2,27,116;238,2,11,26;4,2,100,138;199,2,47,133;283,2,10,39;222,2,90,94;389,2,12,27;236,2,9,38;610,1,123;266,1,134;491,1,88;302,1,126;267,1,46;916,1,51;307,1,75;679,1,95;905,1,188;105,1,140;315,1,124;38,1,124;120,1,252;41,1,46;14,1,76;237,1,81;471,1,105;123,1,188;43,1,233;128,1,138;129,1,59;893,1,91;466,1,196;726,1,137;16,1,23;332,1,136;474,1,63;333,1,40;140,1,68;819,1,81;342,1,110;560,1,78;945,1,44;520,1,160;522,1,115;735,1,48;54,1,169;736,1,52;164,1,139;349,1,78;788,1,19;418,1,342;171,1,83;571,1,75;22,1,150;495,1,106;179,1,31;63,1,163;767,1,114;715,1,140;646,1,109;647,1,49;421,1,146;541,1,54;190,1,77;692,1,106;445,1,15;542,1,26;524,1,34;509,1,210;446,1,141;510,1,36;798,1,153;449,1,96;409,1,50;588,1,78;26,1,267;933,1,56;282,1,60;248,1,172;802,1,190;259,1,81;942,1,36;951,1,42;1,1,66;934,1,69;218,1,179;73,1,159;990,1,25;6,1,98;592,1,48;221,1,65;937,1,62;77,1,58;720,1,38;289,1,139;455,1,44;600,1,55;904,1,37;458,1,38;31,1,388;833,1,22;599,1,96
767,32,33:661,2,94,104;610,1,125;678,1,271;725,1,215;619,1,169;113,1,264;402,1,260;40,1,146;319,1,253;13,1,73;254,1,255;817,1,213;332,1,246;146,1,134;17,1,147;151,1,212;841,1,166;520,1,236;637,1,36;163,1,217;784,1,69;736,1,111;178,1,174;643,1,177;478,1,119;448,1,102;831,1,51;380,1,342;72,1,310;804,1,64;938,1,21;489,1,103
768,16,16:610,1,127;611,1,93;314,1,139;316,1,238;123,1,258;780,1,219;142,1,218;415,1,210;733,1,453;354,1,211;567,1,36;583,1,121;449,1,124;695,1,62;450,1,172;221,1,279
769,34,52:997,5,2,7,32,36,39;373,4,89,110,127,245;888,3,5,12,107;247,3,92,96,180;535,2,194,229;39,2,71,95;872,2,41,56;275,2,103,145;542,2,54,75;198,2,121,125;72,2,212,235;610,1,138;553,1,97;957,1,64;884,1,121;321,1,157;137,1,251;941,1,48;626,1,201;730,1,113;561,1,135;782,1,50;733,1,204;638,1,176;419,1,65;715,1,88;581,1,56;246,1,84;676,1,275;902,1,54;951,1,51;549,1,74;231,1,44;664,1,201
770,8,10:769,2,1,6;770,2,11,24;610,1,143;513,1,147;241,1,125;163,1,214;21,1,155;583,1,100
771,14,14:610,1,152;403,1,87;118,1,112;43,1,154;152,1,165;841,1,85;688,1,94;354,1,77;418,1,315;580,1,185;190,1,33;530,1,213;449,1,87;381,1,205
772,45,71:338,4,1,9,32,215;881,3,8,22,50;206,3,150,168,173;972,3,6,18,45;589,3,33,43,169;310,2,78,136;620,2,4,10;110,2,81,249;884,2,24,42;665,2,9,22;255,2,10,27;625,2,5,17;437,2,283,286;780,2,9,29;562,2,6,14;784,2,103,110;856,2,9,21;942,2,10,22;912,2,8,22;480,2,52,134;610,1,157;602,1,64;311,1,36;621,1,240;759,1,22;622,1,74;115,1,106;123,1,122;2,1,244;818,1,87;730,1,42;439,1,83;961,1,60;352,1,63;765,1,121;21,1,126;690,1,125;742,1,93;183,1,191;497,1,200;746,1,180;381,1,190;804,1,35;387,1,193;702,1,287
773,28,30:134,2,106,444;771,2,142,211;610,1,167;266,1,173;836,1,27;759,1,196;110,1,348;682,1,113;726,1,102;529,1,128;151,1,239;561,1,61;849,1,291;343,1,190;757,1,129;856,1,193;644,1,172;649,1,102;911,1,128;541,1,334;192,1,122;651,1,177;797,1,37;452,1,505;213,1,114;290,1,203;31,1,383;396,1,173
774,24,37:836,5,6,15,70,88,104;276,3,8,36,190;657,3,20,107,134;300,2,130,205;360,2,4,16;246,2,16,42;247,2,15,40;9,2,119,184;92,1,50;33,1,50;96,1,231;138,1,140;863,1,191;921,1,147;522,1,135;21,1,41;58,1,23;856,1,147;245,1,319;824,1,132;404,1,52;77,1,94;903,1,29;489,1,69
775,16,17:771,2,181,204;92,1,54;621,1,304;554,1,147;254,1,106;138,1,159;921,1,118;849,1,61;980,1,99;486,1,69;67,1,99;707,1,51;593,1,75;387,1,89;594,1,210;456,1,178
776,2,2:92,1,61;845,1,87
777,15,16:224,2,111,186;92,1,63;322,1,53;323,1,84;560,1,181;151,1,147;20,1,72;166,1,199;168,1,149;177,1,158;822,1,28;707,1,65;595,1,103;852,1,53;755,1,66
778,37,95:671,7,8,19,68,83,103,126,170;529,6,6,24,41,114,179,199;626,5,70,85,88,139,164;710,4,3,8,29,91;308,4,6,20,41,53;311,4,3,14,59,108;537,4,5,26,51,182;727,4,4,9,21,120;563,4,2,17,38,74;412,3,130,188,278;304,3,2,11,64;818,3,5,31,55;732,3,2,17,32;789,3,6,13,21;848,3,31,124,133;80,3,4,15,41;833,3,5,12,30;834,3,148,187,210;92,2,75,165;776,2,1,11;621,2,38,136;996,2,7,21;864,2,160,194;693,2,12,28;447,2,55,175;264,1,222;774,1,234;434,1,62;242,1,236;111,1,21;957,1,71;402,1,133;884,1,102;340,1,77;984,1,124;605,1,220;772,1,197
779,20,38:597,9,21,52,114,129,179,239,259,278,328;234,5,26,114,118,162,207;703,3,5,14,23;681,2,239,249;15,2,56,120;444,2,62,73;595,2,21,36;92,1,80;472,1,78;321,1,163;849,1,295;842,1,135;271,1,208;784,1,86;714,1,226;273,1,97;509,1,88;376,1,259;825,1,98;233,1,42
780,6,8:387,3,12,27,216;92,1,104;975,1,65;218,1,72;751,1,69;991,1,48
781,6,9:202,3,12,24,43;92,2,123,196;181,1,210;541,1,89;824,1,134;940,1,169
782,24,37:456,4,7,25,125,238;305,3,1,10,59;723,3,1,10,38;574,3,126,158,222;534,2,152,308;580,2,86,117;930,2,68,104;754,2,40,103;92,1,135;616,1,24;44,1,206;132,1,42;961,1,55;881,1,105;579,1,69;716,1,91;274,1,117;844,1,182;718,1,103;510,1,60;824,1,137;26,1,144;211,1,195;462,1,51
783,24,37:531,5,9,27,59,78,109;262,3,24,130,138;435,3,72,122,252;997,3,1,6,28;401,2,142,210;300,2,145,189;515,2,49,102;92,1,143;534,1,143;918,1,120;762,1,120;47,1,17;49,1,66;714,1,131;766,1,137;182,1,209;844,1,161;64,1,365;446,1,153;500,1,52;771,1,92;427,1,127;453,1,25;455,1,101
784,36,43:735,3,3,18,72;452,3,161,528,653;433,2,45,87;132,2,66,75;224,2,101,182;92,1,150;93,1,37;95,1,64;614,1,69;107,1,110;725,1,152;111,1,37;435,1,246;116,1,189;403,1,49;120,1,198;414,1,114;330,1,33;529,1,60;333,1,58;705,1,248;861,1,117;54,1,79;163,1,61;482,1,102;183,1,179;248,1,72;847,1,141;76,1,64;222,1,108;886,1,21;904,1,21;458,1,22;230,1,166;708,1,80;396,1,90
785,74,104:2,6,2,16,30,112,150,313;618,3,51,87,92;665,3,4,17,29;255,3,45,148,159;667,3,3,17,29;820,3,12,27,53;669,3,1,8,15;453,3,104,121,193;8,3,113,176,192;672,2,22,147;673,2,1,14;780,2,50,177;628,2,1,14;631,2,9,21;421,2,107,170;201,2,68,82;946,2,89,151;450,2,37,301;92,1,154;265,1,86;98,1,126;252,1,202;240,1,81;307,1,55;905,1,331;108,1,233;777,1,79;816,1,88;435,1,42;38,1,173;40,1,173;121,1,156;45,1,359;505,1,121;537,1,165;135,1,68;604,1,82;873,1,187;686,1,97;984,1,116;687,1,66;416,1,62;840,1,73;945,1,34;54,1,154;961,1,27;348,1,72;538,1,192;638,1,205;21,1,269;360,1,111;574,1,192;643,1,83;646,1,46;183,1,98;791,1,138;365,1,197;581,1,95;793,1,79;796,1,37;542,1,90;65,1,80;24,1,232;544,1,92;695,1,146;26,1,138;696,1,132;697,1,58;707,1,102;380,1,106;848,1,127;83,1,181;661,1,96;878,1,119
786,36,43:92,2,160,185;255,2,115,193;860,2,38,49;644,2,77,151;651,2,81,156;217,2,127,182;224,2,110,185;102,1,177;552,1,84;512,1,98;907,1,122;242,1,59;554,1,295;253,1,105;237,1,180;597,1,90;516,1,76;150,1,90;408,1,77;520,1,110;271,1,92;166,1,198;640,1,84;177,1,157;273,1,162;822,1,27;483,1,91;911,1,94;541,1,33;464,1,106;69,1,231;248,1,75;707,1,64;76,1,91;751,1,80;708,1,104
787,4,7:92,2,161,174;33,2,100,121;73,2,88,163;14,1,157
788,10,24:754,5,3,9,19,64,105;92,4,163,207,222,246;96,3,78,91,210;190,3,122,167,193;753,3,5,14,35;164,2,96,137;533,1,57;770,1,136;380,1,104;951,1,35
789,70,118:29,7,27,55,124,157,176,195,202;78,6,5,18,39,82,133,138;240,4,113,144,213,217;707,4,11,22,34,117;385,4,12,32,89,127;271,3,121,237,258;565,3,54,91,116;359,3,145,258,269;5,3,25,54,66;698,3,49,88,161;771,3,40,182,205;30,3,26,56,74;753,3,9,18,43;293,3,98,106,124;92,2,210,225;310,2,86,91;110,2,78,153;45,2,66,130;539,2,162,184;200,2,111,172;218,2,103,180;912,2,139,146;858,2,74,80;231,2,66,68;401,1,202;265,1,102;99,1,78;776,1,43;35,1,94;308,1,101;106,1,51;907,1,128;621,1,278;759,1,119;120,1,93;42,1,133;125,1,195;505,1,59;812,1,21;894,1,54;270,1,155;141,1,89;338,1,177;919,1,47;897,1,32;734,1,31;164,1,140;739,1,39;576,1,175;421,1,242;444,1,140;367,1,197;584,1,92;278,1,96;989,1,75;374,1,57;876,1,166;587,1,62;259,1,149;70,1,122;216,1,83;219,1,65;6,1,101;991,1,99;511,1,90;702,1,85;531,1,152;233,1,80;670,1,324;295,1,113
790,5,10:14,3,5,19,40;33,2,1,13;164,2,1,3;244,2,6,14;176,1,218
791,2,4:33,3,10,22,32;404,1,40
792,3,5:244,3,38,82,94;33,1,25;57,1,85
793,40,57:412,3,8,19,23;329,3,9,22,35;343,3,7,16,28;979,3,12,32,59;1,3,9,28,46;389,3,7,22,43;390,3,4,13,65;534,2,66,105;157,2,7,24;489,2,1,9;33,1,31;240,1,282;242,1,50;113,1,175;535,1,249;118,1,121;254,1,251;2,1,223;828,1,74;437,1,217;714,1,116;164,1,95;56,1,125;57,1,125;22,1,106;643,1,48;447,1,85;824,1,140;207,1,206;802,1,57;452,1,587;655,1,38;379,1,30;215,1,184;935,1,49;600,1,123;503,1,32;391,1,95;231,1,78;599,1,119
794,11,12:193,2,225,252;33,1,44;492,1,153;403,1,46;328,1,45;22,1,77;856,1,176;693,1,203;525,1,130;452,1,73;470,1,90
795,15,17:774,2,208,220;402,2,57,119;33,1,68;401,1,65;917,1,47;106,1,117;622,1,147;711,1,38;319,1,237;730,1,104;689,1,58;576,1,174;693,1,131;585,1,292;878,1,66
796,7,12:221,4,13,28,51,89;361,3,1,7,13;33,1,73;57,1,74;577,1,97;26,1,85;833,1,20
797,8,8:33,1,75;918,1,111;626,1,262;729,1,197;59,1,126;693,1,204;543,1,176;528,1,102
798,71,98:120,3,71,263,287;21,3,96,123,244;206,3,71,228,324;378,3,7,26,161;265,2,56,159;99,2,61,112;267,2,104,148;678,2,72,179;254,2,115,278;14,2,127,171;146,2,77,90;18,2,57,122;54,2,109,160;58,2,66,153;716,2,12,24;717,2,10,20;844,2,3,10;245,2,52,233;590,2,185,218;6,2,185,214;220,2,105,137;292,2,8,23;670,2,246,270;33,1,85;36,1,166;303,1,142;615,1,171;241,1,118;112,1,88;867,1,78;41,1,344;122,1,33;481,1,165;125,1,185;129,1,73;437,1,138;131,1,121;329,1,97;141,1,176;506,1,45;338,1,204;17,1,329;561,1,113;764,1,18;923,1,113;53,1,38;159,1,292;161,1,24;162,1,126;167,1,118;174,1,54;176,1,104;63,1,228;822,1,19;648,1,86;579,1,145;274,1,144;195,1,199;277,1,260;372,1,171;544,1,177;932,1,45;526,1,51;212,1,144;606,1,79;285,1,174;990,1,26;31,1,397;32,1,117;396,1,117;9,1,112
799,24,35:281,4,114,126,150,176;284,3,29,80,144;2,2,178,297;417,2,332,343;277,2,200,208;285,2,115,127;72,2,170,315;392,2,193,202;33,1,91;432,1,74;45,1,297;806,1,133;140,1,48;20,1,80;646,1,144;444,1,167;423,1,129;238,1,267;424,1,32;69,1,172;226,1,188;31,1,113;249,1,53;664,1,94
800,5,11:842,6,8,20,33,43,69,104;404,2,7,26;33,1,94;434,1,84;14,1,104
801,26,35:242,6,100,113,128,181,198,246;324,3,7,17,26;760,3,2,15,120;33,1,105;265,1,79;598,1,143;883,1,56;554,1,138;780,1,159;873,1,120;18,1,198;705,1,179;841,1,116;417,1,90;523,1,30;59,1,221;843,1,133;422,1,106;583,1,182;487,1,26;370,1,116;371,1,70;452,1,384;470,1,43;227,1,97;599,1,36
802,15,19:32,4,89,115,217,314;191,2,30,70;33,1,108;14,1,176;778,1,54;142,1,131;493,1,237;729,1,117;522,1,148;206,1,95;452,1,387;216,1,162;600,1,50;470,1,86;229,1,128
803,6,6:33,1,111;598,1,21;604,1,62;452,1,554;990,1,63;228,1,30
804,44,53:239,4,68,148,190,282;836,2,36,44;254,2,296,316;684,2,8,25;406,2,30,83;419,2,27,42;444,2,47,147;33,1,122;302,1,154;412,1,109;598,1,228;402,1,248;319,1,39;756,1,65;893,1,58;779,1,111;537,1,172;872,1,74;729,1,133;150,1,113;705,1,74;560,1,70;561,1,150;849,1,334;407,1,87;880,1,122;20,1,194;417,1,196;163,1,177;348,1,89;647,1,25;245,1,306;275,1,69;807,1,85;814,1,27;771,1,70;847,1,20;380,1,320;942,1,33;749,1,96;594,1,63;458,1,32;858,1,40;392,1,114
805,1,1:490,1,22
806,14,22:72,6,99,105,119,228,327,348;252,2,294,315;733,2,74,452;837,2,72,84;490,1,28;97,1,88;135,1,111;705,1,201;561,1,159;961,1,50;980,1,55;21,1,230;217,1,153;978,1,80
807,32,33:216,2,53,153;490,1,35;969,1,26;253,1,179;623,1,107;597,1,77;493,1,335;729,1,144;520,1,108;52,1,122;157,1,121;20,1,70;58,1,78;362,1,92;911,1,99;186,1,49;188,1,95;257,1,70;485,1,69;196,1,89;946,1,164;876,1,98;248,1,104;847,1,109;217,1,180;73,1,186;76,1,76;751,1,78;387,1,163;291,1,78;226,1,75;708,1,101
808,3,9:432,4,7,17,38,171;992,3,8,20,39;827,2,6,13
809,59,128:844,6,7,14,15,68,95,194;435,5,10,20,31,204,287;579,5,17,34,59,99,135;580,5,27,51,62,182,196;201,5,11,31,51,177,352;432,4,10,20,41,174;402,4,13,26,37,333;716,4,4,16,53,71;400,4,15,41,69,140;850,4,15,36,75,84;462,4,16,32,40,106;992,3,12,24,43;678,3,11,22,28;347,3,5,14,35;418,3,14,28,158;274,3,31,44,89;914,3,5,17,36;718,3,6,18,31;540,3,11,22,30;448,3,12,24,42;425,3,5,10,23;534,2,125,216;134,2,294,383;415,2,18,37;863,2,101,118;574,2,64,108;821,2,19,38;717,2,4,14;657,2,120,127;703,2,65,74;967,2,11,22;401,1,88;101,1,65;412,1,299;305,1,38;759,1,142;827,1,28;268,1,42;894,1,66;685,1,95;406,1,50;899,1,67;58,1,190;176,1,124;61,1,19;178,1,111;362,1,152;645,1,52;745,1,142;451,1,151;590,1,93;286,1,65;70,1,65;886,1,23;940,1,111;887,1,31;391,1,18;702,1,366;664,1,190
810,14,24:412,6,74,117,143,260,330,354;400,3,4,30,63;239,2,92,104;418,2,94,113;172,2,8,18;432,1,35;907,1,99;435,1,99;332,1,57;448,1,105;857,1,70;429,1,216;670,1,215;664,1,67
811,10,16:432,2,53,146;412,2,78,81;827,2,4,11;402,2,85,353;448,2,39,58;462,2,99,127;992,1,75;362,1,102;201,1,347;664,1,186
812,19,37:448,5,4,16,31,46,67;647,3,8,17,32;652,3,17,42,187;499,3,1,31,72;211,3,98,160,196;432,2,67,139;992,2,31,68;331,2,1,11;370,2,17,36;201,2,202,256;286,2,224,256;330,1,59;646,1,24;275,1,140;540,1,45;704,1,77;68,1,54;290,1,71;664,1,177
813,12,13:605,2,128,152;432,1,76;435,1,68;332,1,87;20,1,82;418,1,84;641,1,75;646,1,146;279,1,89;281,1,128;699,1,300;664,1,96
814,29,35:770,4,1,14,40,98;432,2,79,133;116,2,96,246;657,2,102,146;491,1,79;106,1,136;602,1,130;621,1,187;40,1,207;121,1,180;125,1,273;556,1,54;829,1,114;635,1,36;408,1,68;566,1,96;418,1,296;173,1,82;358,1,100;642,1,76;177,1,72;420,1,65;245,1,118;193,1,140;5,1,109;259,1,141;719,1,77;230,1,145;834,1,231
815,11,12:134,2,26,197;432,1,85;401,1,30;106,1,46;883,1,74;316,1,264;473,1,49;416,1,83;417,1,83;452,1,67;31,1,256
816,46,48:606,2,45,163;381,2,193,225;432,1,88;252,1,191;412,1,105;851,1,69;725,1,246;618,1,168;253,1,171;44,1,113;517,1,33;763,1,80;984,1,141;342,1,105;921,1,36;244,1,109;351,1,53;789,1,88;899,1,81;574,1,96;539,1,217;577,1,73;715,1,72;578,1,38;579,1,121;580,1,165;581,1,128;543,1,59;447,1,51;201,1,55;378,1,213;28,1,98;215,1,160;380,1,114;948,1,80;218,1,64;219,1,154;749,1,62;30,1,120;752,1,46;31,1,243;82,1,59;858,1,36;702,1,66;395,1,157;295,1,281
817,1,1:432,1,95
818,42,99:44,7,4,14,30,43,116,133,141;464,5,21,42,56,164,185;501,5,10,23,42,58,88;672,4,4,13,30,39;54,4,45,51,193,276;797,4,1,7,24,73;68,4,11,29,205,313;457,4,10,25,45,111;471,3,13,30,59;674,3,6,12,25;924,3,15,31,56;881,3,3,17,35;23,3,7,20,51;193,3,68,92,149;498,3,16,37,69;480,3,4,15,116;456,3,62,155,239;502,3,6,17,32;123,2,16,216;915,2,7,21;418,2,7,21;820,2,7,22;648,2,10,25;210,2,123,151;211,2,65,79;594,2,79,212;432,1,96;992,1,98;481,1,70;132,1,43;439,1,133;167,1,64;446,1,123;370,1,106;652,1,67;510,1,66;400,1,59;201,1,337;69,1,64;427,1,110;591,1,39;387,1,124
819,3,4:432,2,97,110;387,1,87;596,1,54
820,61,105:631,7,2,14,41,65,71,97,105;599,6,3,9,21,31,72,98;775,5,66,96,115,124,135;359,4,123,161,166,239;848,4,7,17,48,161;36,3,53,124,204;620,3,6,12,68;921,3,93,121,142;881,3,6,20,39;211,3,58,118,220;427,3,12,24,52;847,3,8,16,147;230,3,94,99,104;403,2,21,39;481,2,11,22;126,2,130,156;463,2,84,132;686,2,94,135;520,2,195,212;389,2,15,30;432,1,99;550,1,131;263,1,102;96,1,235;412,1,54;534,1,224;11,1,156;512,1,161;104,1,30;554,1,48;871,1,102;402,1,391;123,1,218;332,1,126;515,1,77;863,1,80;340,1,100;17,1,285;519,1,92;996,1,44;688,1,62;961,1,76;566,1,36;641,1,77;173,1,155;365,1,104;444,1,96;794,1,80;445,1,27;824,1,16;479,1,151;655,1,157;381,1,27;74,1,66;591,1,80;990,1,105;387,1,90;978,1,161;700,1,62;805,1,50;391,1,93
821,40,41:597,2,275,288;432,1,103;773,1,70;412,1,351;534,1,303;306,1,421;313,1,121;839,1,110;38,1,178;45,1,70;684,1,73;141,1,110;762,1,204;152,1,83;632,1,50;346,1,217;163,1,188;638,1,48;418,1,392;649,1,76;911,1,76;542,1,67;246,1,202;694,1,173;371,1,95;585,1,308;824,1,144;696,1,120;261,1,282;72,1,178;287,1,67;218,1,105;971,1,51;699,1,238;754,1,51;388,1,128;31,1,296;32,1,113;858,1,66;708,1,175
822,62,84:511,4,7,15,37,58;834,4,14,32,44,240;556,3,3,13,64;928,3,13,28,51;989,3,8,17,32;773,2,88,111;601,2,299,349;774,2,17,34;41,2,179,271;689,2,64,155;693,2,114,171;24,2,6,28;278,2,83,142;966,2,33,40;409,2,149,164;432,1,109;775,1,132;678,1,218;37,1,155;106,1,164;108,1,320;555,1,270;317,1,35;120,1,102;328,1,94;137,1,168;515,1,56;144,1,80;338,1,123;730,1,98;342,1,149;560,1,122;952,1,28;564,1,96;880,1,123;162,1,35;926,1,118;57,1,106;418,1,55;359,1,144;361,1,204;574,1,242;3,1,360;181,1,290;442,1,32;769,1,33;277,1,112;425,1,139;530,1,84;589,1,87;248,1,210;450,1,110;606,1,41;72,1,165;990,1,84;29,1,104;657,1,73;387,1,237;224,1,42;701,1,160;235,1,124;9,1,156
823,6,9:101,4,3,16,56,102;432,1,124;894,1,121;245,1,34;201,1,310;429,1,323
824,88,107:603,5,52,62,139,146,166;601,3,84,224,265;486,3,17,39,62;831,3,55,66,81;615,2,145,169;465,2,48,75;827,2,76,79;780,2,74,213;605,2,74,81;168,2,87,97;845,2,83,88;940,2,20,27;462,2,129,144;432,1,142;709,1,104;266,1,230;992,1,74;836,1,111;303,1,246;905,1,166;105,1,125;617,1,79;725,1,102;108,1,103;974,1,111;315,1,115;681,1,215;711,1,64;316,1,259;40,1,91;118,1,96;319,1,299;672,1,65;414,1,155;322,1,69;466,1,79;332,1,249;333,1,154;762,1,103;686,1,143;559,1,81;859,1,48;151,1,174;849,1,315;841,1,169;440,1,198;979,1,96;417,1,171;689,1,149;714,1,236;690,1,37;418,1,114;739,1,121;706,1,144;179,1,102;768,1,118;577,1,16;484,1,60;541,1,162;651,1,213;769,1,20;64,1,243;477,1,42;246,1,237;510,1,28;372,1,211;585,1,247;544,1,147;653,1,87;205,1,79;946,1,142;545,1,73;654,1,25;707,1,194;698,1,142;283,1,154;469,1,95;286,1,254;214,1,153;222,1,119;528,1,63;290,1,133;832,1,76;753,1,37;457,1,104;31,1,272;700,1,60;661,1,34
825,33,52:881,6,10,24,52,73,119,128;481,4,32,168,185,317;211,4,126,128,131,134;36,3,90,119,201;671,2,154,182;346,2,2,22;54,2,107,119;418,2,110,141;23,2,30,81;450,2,249,412;432,1,185;672,1,89;44,1,83;140,1,43;344,1,89;358,1,97;443,1,31;183,1,159;582,1,141;448,1,91;425,1,74;202,1,67;205,1,146;449,1,110;398,1,126;209,1,69;69,1,193;219,1,185;29,1,241;288,1,28;411,1,114;480,1,166;456,1,305
826,1,2:401,2,2,7
827,5,15:401,6,4,9,50,92,95,224;262,4,3,9,45,102;529,2,140,181;405,2,4,13;599,1,40
828,30,88:537,7,20,41,79,95,136,150,211;529,7,17,35,88,99,125,191,205;532,6,17,35,41,67,90,125;918,6,16,33,48,91,103,131;818,6,25,51,75,81,113,140;401,5,27,115,130,188,271;582,5,24,41,69,116,135;727,4,15,72,82,108;415,4,12,31,99,115;710,3,17,78,113;308,3,59,109,124;105,3,10,21,44;405,3,41,68,127;986,3,15,31,59;563,3,14,29,60;732,3,14,29,44;945,2,54,111;688,2,12,27;573,2,56,68;262,1,29;895,1,32;923,1,57;988,1,63;757,1,19;637,1,49;925,1,74;355,1,12;789,1,45;954,1,23;531,1,82
829,18,20:201,3,180,265,313;401,1,47;492,1,200;554,1,225;150,1,83;980,1,65;864,1,57;718,1,147;509,1,228;278,1,268;586,1,106;248,1,78;606,1,112;719,1,168;699,1,109;32,1,358;660,1,112;8,1,119
830,20,25:287,3,9,19,28;54,2,111,122;541,2,38,67;235,2,144,183;401,1,58;534,1,52;905,1,78;553,1,126;120,1,173;780,1,90;519,1,80;979,1,87;370,1,109;373,1,191;546,1,110;411,1,92;32,1,327;858,1,30;228,1,52;670,1,291
831,1,2:401,2,60,265
832,13,15:529,2,141,182;661,2,10,20;401,1,93;613,1,66;37,1,158;106,1,11;871,1,27;919,1,62;730,1,71;945,1,13;923,1,32;158,1,78;346,1,77
833,5,9:262,4,4,10,46,103;690,2,6,18;401,1,96;562,1,167;158,1,49
834,1,1:401,1,108
835,21,39:210,7,10,20,41,73,79,116,136;234,4,50,141,148,184;602,3,6,15,29;563,3,8,23,43;391,3,23,37,52;727,2,24,117;840,2,6,20;834,2,74,100;401,1,112;710,1,26;993,1,47;125,1,244;335,1,124;47,1,21;17,1,110;350,1,203;826,1,81;22,1,167;365,1,24;707,1,38;599,1,25
836,15,34:209,9,4,18,30,93,117,170,172,181,191;521,5,2,14,48,69,88;514,3,1,14,57;632,3,3,14,79;523,3,1,8,47;712,2,37,81;401,1,121;34,1,127;513,1,126;326,1,41;152,1,46;478,1,27;387,1,118;411,1,81;834,1,205
837,7,7:401,1,134;733,1,20;348,1,99;362,1,108;510,1,72;208,1,66;699,1,296
838,3,4:401,2,136,229;529,1,130;703,1,60
839,11,16:402,3,128,160,179;126,3,55,87,244;359,2,10,26;401,1,144;435,1,221;918,1,122;332,1,82;806,1,52;515,1,51;762,1,130;448,1,75
840,85,157:158,5,109,119,133,144,159;744,5,1,11,22,64,88;69,4,3,21,89,135;117,3,4,16,51;120,3,8,24,189;471,3,10,27,80;43,3,13,31,59;493,3,5,21,39;155,3,18,37,75;159,3,20,43,82;924,3,11,27,52;484,3,17,35,50;366,3,6,23,51;367,3,7,22,61;652,3,13,38,256;68,3,17,35,65;498,3,20,41,74;258,3,4,31,60;199,3,52,165,290;409,3,1,14,35;248,3,2,22,41;226,3,17,36,67;395,3,9,29,54;303,2,144,180;242,2,9,20;414,2,16,37;320,2,18,38;624,2,109,149;321,2,109,121;817,2,12,25;243,2,78,120;466,2,18,37;269,2,62,194;915,2,12,26;270,2,68,186;486,2,21,43;477,2,9,21;24,2,174,215;279,2,13,27;426,2,6,26;211,2,14,31;452,2,346,596;378,2,16,35;470,2,59,133;401,1,148;758,1,39;35,1,53;240,1,62;513,1,117;109,1,35;472,1,241;778,1,78;126,1,259;129,1,90;135,1,48;628,1,126;557,1,88;408,1,117;880,1,137;522,1,159;735,1,110;349,1,36;350,1,233;166,1,133;566,1,116;360,1,55;576,1,76;193,1,80;485,1,94;478,1,64;487,1,20;497,1,41;467,1,76;704,1,114;209,1,180;846,1,37;885,1,48;545,1,27;464,1,93;488,1,64;479,1,117;377,1,178;469,1,148;285,1,141;594,1,219
841,14,38:529,7,14,32,46,80,121,187,202;549,7,8,16,27,47,64,76,106;262,4,5,11,104,160;834,4,4,22,144,260;105,3,36,75,123;401,2,156,213;568,2,43,82;444,2,4,12;459,2,9,19;43,1,150;146,1,102;730,1,114;731,1,36;733,1,353
842,18,35:46,8,76,143,476,486,496,530,580,629;543,4,99,122,151,218;974,3,49,116,156;561,3,11,22,54;120,2,136,170;416,2,11,22;562,2,189,231;401,1,167;241,1,37;147,1,127;18,1,53;22,1,202;963,1,81;575,1,48;61,1,204;362,1,97;290,1,238;703,1,80
843,17,35:711,7,2,10,17,59,86,118,148;887,5,1,12,54,80,118;428,3,1,21,95;461,3,24,92,105;878,3,4,11,93;337,2,120,147;751,2,77,115;401,1,196;266,1,217;301,1,165;36,1,130;957,1,102;237,1,176;597,1,325;248,1,164;261,1,306;226,1,145
844,24,26:300,2,67,105;541,2,86,196;401,1,198;93,1,90;535,1,142;43,1,68;126,1,234;127,1,115;505,1,140;841,1,19;566,1,102;359,1,113;442,1,58;476,1,71;192,1,242;369,1,123;425,1,93;204,1,37;205,1,67;770,1,174;385,1,269;77,1,48;527,1,37;231,1,47
845,16,18:307,2,1,6;319,2,29,202;401,1,219;262,1,34;412,1,286;43,1,91;45,1,166;437,1,274;779,1,108;786,1,151;792,1,158;279,1,130;221,1,42;657,1,84;720,1,234;702,1,428
846,1,1:401,1,222
847,34,39:262,2,109,157;471,2,87,93;46,2,35,293;733,2,108,220;652,2,154,196;401,1,228;97,1,73;709,1,194;301,1,85;303,1,225;105,1,81;892,1,111;555,1,370;116,1,188;536,1,67;436,1,84;437,1,136;145,1,113;560,1,148;757,1,90;166,1,52;22,1,380;177,1,200;420,1,62;649,1,113;540,1,92;541,1,61;543,1,147;199,1,226;932,1,78;698,1,150;452,1,139;387,1,144;670,1,394
848,9,9:401,1,231;759,1,125;127,1,159;46,1,227;643,1,113;843,1,56;645,1,39;214,1,247;80,1,157
849,4,4:401,1,242;562,1,106;421,1,144;227,1,60
850,2,2:401,1,244;775,1,61
851,31,48:396,5,7,34,72,191,218;619,3,92,112,146;273,3,119,141,147;761,3,108,167,197;793,3,1,17,92;699,3,96,196,220;671,2,165,184;366,2,195,237;825,2,124,162;401,1,249;264,1,70;12,1,182;883,1,54;402,1,381;254,1,243;269,1,168;340,1,145;562,1,213;979,1,97;175,1,131;183,1,78;543,1,179;467,1,240;4,1,230;498,1,185;199,1,274;205,1,140;798,1,124;26,1,111;452,1,558;427,1,106
852,1,1:401,1,254
853,7,9:839,3,4,16,31;401,1,256;723,1,66;635,1,45;641,1,42;376,1,292;74,1,46
854,1,1:401,1,267
855,39,48:204,3,4,11,27;205,3,3,12,29;753,3,4,13,34;878,3,43,69,128;629,2,59,74;262,1,22;263,1,24;101,1,37;534,1,61;512,1,138;598,1,125;621,1,171;472,1,59;681,1,254;555,1,276;415,1,185;144,1,73;517,1,114;819,1,14;705,1,62;341,1,262;874,1,26;641,1,21;572,1,79;359,1,104;576,1,140;645,1,133;181,1,180;796,1,25;198,1,47;446,1,122;448,1,51;824,1,20;374,1,41;747,1,93;754,1,18;877,1,39;722,1,127;395,1,163
856,6,9:262,2,23,178;757,2,9,18;670,2,363,368;529,1,145;565,1,39;599,1,41
857,54,99:742,6,4,17,21,34,44,72;771,6,12,25,55,118,124,129;482,4,74,108,164,181;876,4,13,27,52,163;698,4,30,91,121,168;31,4,163,269,344,379;721,4,9,29,69,84;472,3,38,149,157;465,3,9,22,67;473,3,11,23,42;421,3,12,25,96;483,3,15,31,57;221,3,54,136,292;474,2,11,30;55,2,2,13;571,2,15,34;585,2,331,340;707,2,71,135;28,2,17,35;285,2,81,99;912,2,53,154;262,1,26;103,1,314;42,1,206;481,1,204;597,1,294;45,1,176;505,1,42;243,1,71;48,1,107;605,1,158;271,1,204;160,1,61;689,1,197;349,1,48;357,1,89;675,1,38;177,1,180;843,1,69;182,1,128;931,1,91;4,1,145;203,1,60;468,1,39;499,1,92;587,1,114;281,1,97;770,1,46;933,1,44;211,1,139;70,1,146;749,1,56;752,1,75;658,1,86
858,13,15:512,2,65,76;449,2,47,64;262,1,38;621,1,42;871,1,158;127,1,153;332,1,156;762,1,170;541,1,42;25,1,138;545,1,84;214,1,112;395,1,238
859,9,22:925,5,6,13,23,52,63;582,4,3,7,21,32;759,3,111,128,163;954,3,1,5,45;744,3,10,20,98;262,1,50;884,1,123;726,1,70;521,1,116
860,7,8:262,2,53,113;147,1,73;792,1,151;803,1,84;286,1,203;903,1,66;391,1,29
861,1,1:262,1,62
862,2,2:262,1,66;37,1,132
863,1,1:262,1,80
864,2,2:262,1,82;480,1,90
865,3,3:262,1,107;417,1,56;583,1,184
866,3,4:319,2,244,255;262,1,108;521,1,84
867,6,7:262,2,110,169;968,1,73;780,1,187;686,1,137;792,1,161;912,1,110
868,7,7:262,1,111;684,1,123;897,1,120;706,1,161;807,1,96;804,1,54;936,1,99
869,34,37:17,2,111,352;561,2,46,59;192,2,67,131;262,1,133;264,1,277;266,1,184;102,1,91;304,1,110;622,1,64;40,1,140;319,1,290;123,1,128;466,1,152;684,1,109;134,1,284;332,1,230;493,1,408;507,1,27;438,1,28;873,1,50;416,1,68;150,1,133;705,1,145;152,1,152;58,1,62;61,1,86;821,1,127;928,1,67;245,1,284;193,1,203;845,1,77;213,1,231;937,1,15;295,1,258
870,48,130:331,10,51,124,238,263,310,323,352,355,425,458;267,9,5,14,30,69,96,99,135,139,170;341,8,29,44,78,86,90,162,199,229;99,7,29,118,133,152,156,170,172;303,7,9,30,85,92,231,262,315;335,7,7,21,45,79,104,122,133;17,7,7,14,100,116,125,191,289;263,4,43,54,126,144;539,4,10,34,81,116;678,3,137,156,242;332,3,188,206,257;630,3,2,12,100;559,3,7,23,145;826,3,8,20,87;441,3,3,19,68;363,3,14,28,201;761,3,6,13,32;693,3,15,31,207;711,2,70,85;138,2,30,144;46,2,447,574;438,2,24,55;146,2,3,11;49,2,8,24;22,2,159,319;361,2,156,177;376,2,11,30;548,2,78,93;262,1,135;97,1,70;300,1,127;774,1,188;111,1,94;116,1,143;328,1,65;781,1,128;808,1,250;984,1,61;519,1,204;171,1,124;360,1,75;901,1,91;864,1,195;245,1,262;543,1,199;447,1,48;221,1,289;670,1,64
871,17,18:306,2,179,456;262,1,141;723,1,109;598,1,139;242,1,243;114,1,75;597,1,23;493,1,178;517,1,98;46,1,567;567,1,42;192,1,206;845,1,40;750,1,77;457,1,89;511,1,112;670,1,132
872,4,4:262,1,158;12,1,53;595,1,107;394,1,159
873,56,58:555,2,42,244;406,2,70,163;262,1,183;534,1,295;309,1,79;905,1,68;671,1,23;472,1,117;622,1,110;113,1,38;957,1,35;116,1,83;481,1,355;43,1,102;624,1,62;321,1,75;817,1,74;625,1,55;327,1,76;895,1,92;781,1,32;517,1,85;859,1,77;518,1,55;561,1,111;977,1,51;764,1,51;975,1,89;733,1,218;20,1,171;689,1,116;171,1,163;899,1,57;22,1,316;360,1,25;908,1,68;482,1,54;63,1,173;645,1,117;953,1,65;792,1,27;367,1,89;193,1,265;693,1,98;195,1,236;965,1,67;372,1,172;831,1,113;381,1,152;217,1,38;77,1,73;78,1,127;292,1,191;877,1,50;887,1,89;834,1,76
874,2,2:262,1,184;158,1,41
875,9,9:93,1,31;107,1,26;622,1,88;337,1,52;477,1,110;446,1,133;73,1,117;289,1,41;511,1,24
876,48,58:379,3,59,83,125;546,3,135,142,169;239,2,153,231;622,2,174,245;435,2,89,135;166,2,137,166;771,2,77,140;32,2,177,269;93,1,33;601,1,366;412,1,85;553,1,156;316,1,384;122,1,202;254,1,181;672,1,181;817,1,251;537,1,195;332,1,119;819,1,106;407,1,57;923,1,107;157,1,113;271,1,175;688,1,72;637,1,90;348,1,156;638,1,209;640,1,74;813,1,118;3,1,156;790,1,158;928,1,69;191,1,26;64,1,306;543,1,242;510,1,35;373,1,136;946,1,146;374,1,64;25,1,127;217,1,110;948,1,81;224,1,181;456,1,134;549,1,77;702,1,164;232,1,29
877,58,108:536,6,37,47,53,87,93,107;306,5,8,20,33,87,473;497,5,70,115,122,131,138;553,4,11,23,71,84;907,3,3,7,25;268,3,6,17,24;603,3,4,12,110;329,3,4,17,30;873,3,7,22,48;417,3,1,7,187;579,3,16,33,62;902,3,8,17,78;381,3,117,175,192;82,3,14,29,45;866,2,8,17;40,2,49,239;121,2,49,207;122,2,37,94;780,2,14,34;139,2,8,17;604,2,49,53;984,2,9,20;841,2,25,67;785,2,32,83;571,2,14,33;280,2,17,45;427,2,5,17;392,2,106,125;93,1,40;601,1,61;613,1,35;513,1,111;105,1,126;725,1,155;112,1,85;535,1,24;43,1,137;888,1,38;327,1,89;515,1,27;762,1,51;686,1,39;256,1,44;922,1,24;733,1,162;352,1,62;737,1,40;739,1,35;359,1,107;901,1,41;183,1,192;580,1,54;478,1,54;797,1,69;279,1,33;912,1,68;78,1,43;31,1,293
878,20,21:687,2,64,86;93,1,84;96,1,48;532,1,99;533,1,86;108,1,342;316,1,272;778,1,52;321,1,91;984,1,152;344,1,90;733,1,291;417,1,281;173,1,62;365,1,213;653,1,82;377,1,232;749,1,111;459,1,106;394,1,119
879,17,31:868,4,4,15,30,43;706,4,32,128,145,163;50,3,7,20,39;640,3,18,38,59;169,3,4,14,26;93,2,100,108;962,2,4,17;94,1,73;100,1,151;916,1,90;866,1,33;254,1,85;778,1,72;46,1,432;151,1,133;161,1,71;3,1,94
880,15,16:597,2,97,313;93,1,134;601,1,92;836,1,60;891,1,81;318,1,59;332,1,36;729,1,90;150,1,114;560,1,71;359,1,249;273,1,127;498,1,194;224,1,157;296,1,135
881,17,20:214,3,99,135,222;205,2,93,125;93,1,137;614,1,115;45,1,252;147,1,61;440,1,230;520,1,231;160,1,182;60,1,58;843,1,113;274,1,62;24,1,285;26,1,220;948,1,87;228,1,69;8,1,92
882,38,41:675,2,48,72;843,2,86,134;450,2,133,403;93,1,149;95,1,71;97,1,161;239,1,207;534,1,238;472,1,118;871,1,154;113,1,245;38,1,131;14,1,136;603,1,122;597,1,225;133,1,73;134,1,451;415,1,126;849,1,342;874,1,120;57,1,94;176,1,256;766,1,166;576,1,156;183,1,121;274,1,82;245,1,189;669,1,101;541,1,203;190,1,174;206,1,108;695,1,77;212,1,135;215,1,42;404,1,92;772,1,77;32,1,440;967,1,64
883,11,14:785,3,2,10,48;418,2,297,317;93,1,153;57,1,84;739,1,134;646,1,155;914,1,31;796,1,111;369,1,104;423,1,112;967,1,50
884,39,54:178,4,5,14,93,184;778,3,15,34,66;837,3,6,21,37;433,2,3,8;725,2,11,32;138,2,4,13;868,2,8,19;962,2,8,21;224,2,62,92;480,2,3,14;755,2,132,166;107,1,68;620,1,22;969,1,71;839,1,80;762,1,43;415,1,149;604,1,66;561,1,38;861,1,81;637,1,24;417,1,151;165,1,37;349,1,114;785,1,29;167,1,31;573,1,31;856,1,38;475,1,37;362,1,57;63,1,67;3,1,277;576,1,67;909,1,20;188,1,166;594,1,25;659,1,34;701,1,138;249,1,84
885,21,22:192,2,52,113;433,1,38;512,1,72;112,1,64;43,1,43;437,1,245;134,1,174;629,1,67;686,1,64;920,1,23;960,1,33;690,1,94;844,1,56;796,1,49;845,1,147;802,1,124;378,1,102;284,1,23;699,1,38;940,1,86;456,1,262
886,6,6:433,1,40;103,1,134;321,1,118;760,1,84;338,1,108;46,1,51
887,9,13:852,3,1,15,30;755,3,2,15,28;433,1,48;836,1,85;210,1,39;877,1,42;663,1,53;395,1,51;708,1,42
888,5,5:433,1,64;319,1,218;482,1,237;940,1,44;83,1,183
889,16,19:378,3,137,230,254;291,2,37,39;433,1,65;710,1,103;237,1,86;326,1,32;269,1,260;730,1,117;789,1,32;274,1,135;524,1,35;800,1,95;600,1,149;456,1,173;659,1,45;32,1,374
890,16,18:871,2,81,175;437,2,365,489;433,1,99;125,1,294;134,1,188;145,1,87;976,1,57;418,1,389;541,1,120;509,1,171;370,1,210;280,1,147;215,1,107;72,1,321;290,1,104;702,1,424
891,24,24:433,1,100;94,1,51;303,1,263;107,1,113;725,1,93;130,1,129;15,1,130;493,1,132;48,1,173;520,1,214;346,1,221;162,1,135;689,1,202;714,1,227;541,1,177;192,1,151;197,1,141;450,1,215;452,1,401;214,1,145;215,1,147;699,1,48;600,1,93;700,1,59
892,2,2:433,1,101;437,1,309
893,29,31:762,2,193,237;493,2,259,388;433,1,115;512,1,50;725,1,91;132,1,105;780,1,124;529,1,56;628,1,99;517,1,110;17,1,101;341,1,75;520,1,98;521,1,82;856,1,144;421,1,172;444,1,111;423,1,109;485,1,36;197,1,147;68,1,102;801,1,88;450,1,119;452,1,133;378,1,54;215,1,119;995,1,52;290,1,37;224,1,81
894,47,53:795,3,15,34,60;612,2,55,116;538,2,67,204;747,2,32,49;395,2,101,172;433,1,121;263,1,131;240,1,157;306,1,402;103,1,92;871,1,77;119,1,69;319,1,56;120,1,227;756,1,38;43,1,140;326,1,78;780,1,80;762,1,44;405,1,78;627,1,29;630,1,83;406,1,176;782,1,114;52,1,72;880,1,134;162,1,108;59,1,200;856,1,104;180,1,103;741,1,60;181,1,228;761,1,179;193,1,155;478,1,39;68,1,78;447,1,139;199,1,246;201,1,204;28,1,192;213,1,276;453,1,92;214,1,230;848,1,56;657,1,65;224,1,190;502,1,94
895,2,2:433,1,126;54,1,237
896,1,1:433,1,128
897,11,13:46,2,468,599;385,2,218,239;433,1,135;11,1,161;12,1,137;115,1,192;237,1,137;943,1,85;649,1,73;825,1,169;231,1,118
898,184,370:509,8,2,18,37,72,108,137,155,204;872,7,2,10,20,37,49,53,184;284,7,3,11,100,109,135,143,159;125,6,4,14,79,165,184,246;359,6,141,150,222,252,263,283;824,6,4,8,86,115,117,125;382,6,4,13,22,69,83,88;39,5,66,165,174,201,255;322,5,3,10,87,104,119;436,5,4,9,13,37,47;188,5,63,70,71,172,194;425,5,105,107,110,143,160;404,5,1,20,50,85,87;237,4,79,92,145,263;323,4,2,15,41,73;493,4,125,334,411,432;354,4,5,10,16,157;173,4,2,22,107,146;499,4,12,42,114,129;211,4,4,21,99,155;527,4,3,9,32,39;253,3,100,129,213;321,3,143,155,198;506,3,16,35,130;541,3,175,330,345;257,3,53,72,103;238,3,113,142,145;24,3,48,138,154;206,3,258,264,328;398,3,26,44,145;27,3,73,83,84;451,3,93,123,155;283,3,128,159,178;590,3,63,168,210;285,3,53,156,181;286,3,69,86,244;719,3,109,132,172;699,3,27,46,159;657,3,3,11,50;903,3,4,12,22;78,3,61,78,182;600,3,34,143,182;291,3,2,8,14;825,3,3,20,37;8,3,3,25,266;295,3,96,132,203;236,3,61,115,147;263,2,17,58;99,2,106,216;836,2,48,75;533,2,51,78;11,2,70,164;12,2,92,141;413,2,28,44;42,2,116,202;16,2,3,13;149,2,31,76;842,2,65,83;880,2,71,151;987,2,3,10;172,2,10,20;358,2,86,109;22,2,120,165;3,2,273,306;822,2,196,201;964,2,30,57;443,2,2,10;929,2,71,80;650,2,5,21;189,2,166,171;197,2,3,10;278,2,82,141;258,2,116,161;544,2,71,165;747,2,40,75;26,2,28,258;450,2,158,367;479,2,68,86;377,2,93,157;378,2,9,28;260,2,97,156;261,2,126,157;70,2,68,104;546,2,206,231;1,2,118,140;934,2,90,223;29,2,99,236;385,2,98,106;548,2,13,33;220,2,33,60;77,2,59,70;32,2,418,431;393,2,166,205;664,2,49,98;433,1,139;34,1,166;492,1,28;36,1,143;307,1,18;618,1,121;619,1,109;314,1,77;759,1,134;316,1,75;317,1,18;318,1,66;120,1,259;41,1,79;481,1,271;320,1,289;126,1,236;130,1,79;2,1,213;131,1,58;269,1,44;333,1,64;137,1,102;143,1,101;336,1,60;337,1,202;686,1,228;849,1,217;562,1,313;520,1,224;20,1,69;162,1,151;980,1,38;165,1,99;350,1,72;638,1,173;357,1,59;59,1,114;691,1,93;642,1,156;740,1,75;180,1,43;576,1,168;644,1,206;647,1,53;743,1,139;864,1,33;483,1,35;245,1,129;761,1,62;187,1,89;192,1,244;651,1,124;64,1,90;276,1,249;424,1,25;372,1,67;200,1,115;525,1,119;202,1,48;585,1,151;468,1,31;280,1,350;281,1,69;25,1,88;5,1,72;933,1,51;488,1,74;526,1,65;655,1,21;213,1,136;656,1,136;259,1,84;606,1,54;427,1,141;214,1,113;215,1,62;216,1,108;748,1,142;6,1,154;30,1,80;528,1,18;720,1,173;489,1,132;79,1,43;31,1,79;83,1,77;294,1,78;396,1,185;296,1,97
899,7,15:271,5,120,223,236,243,257;326,3,34,63,89;788,3,4,13,53;94,1,31;4,1,219;233,1,79;295,1,85
900,45,93:550,5,6,17,34,78,163;706,5,7,22,78,121,184;535,4,49,86,121,202;155,4,16,35,69,73;467,4,26,55,110,237;587,4,6,22,38,53;284,4,7,15,18,90;294,4,6,23,51,71;821,3,64,88,140;198,3,12,34,77;259,3,8,35,62;260,3,9,42,75;501,3,12,25,45;393,3,7,28,56;296,3,15,47,78;102,2,65,97;907,2,30,59;253,2,155,215;129,2,67,92;331,2,152,177;739,2,111,144;213,2,101,142;261,2,10,21;94,1,75;100,1,163;553,1,58;413,1,59;873,1,194;158,1,188;785,1,96;360,1,121;909,1,18;245,1,203;581,1,103;277,1,119;694,1,129;498,1,124;885,1,66;464,1,95;28,1,135;656,1,118;549,1,89;595,1,72;392,1,107;9,1,31
901,52,77:873,4,140,173,230,239;686,4,71,80,88,145;159,4,93,125,260,299;706,4,8,23,122,185;740,3,96,148,213;875,3,7,17,68;535,2,90,98;128,2,152,206;849,2,101,121;482,2,180,191;844,2,129,213;769,2,82,97;676,2,170,183;383,2,52,64;848,2,81,128;94,1,76;550,1,79;723,1,158;242,1,165;623,1,165;320,1,102;536,1,80;129,1,165;327,1,56;329,1,163;134,1,207;415,1,97;52,1,95;346,1,93;573,1,69;908,1,43;363,1,105;422,1,99;581,1,104;238,1,389;477,1,116;467,1,81;277,1,209;202,1,171;468,1,104;280,1,179;210,1,99;801,1,58;248,1,150;546,1,204;221,1,60;772,1,185;78,1,172;549,1,90;702,1,423;392,1,203;395,1,117
902,9,10:206,2,84,234;94,1,81;440,1,94;166,1,116;576,1,127;181,1,148;422,1,85;185,1,115;201,1,308
903,44,62:178,5,4,13,33,84,122;239,4,15,40,143,294;164,3,17,46,105;588,3,33,42,84;76,3,48,95,107;412,2,238,305;244,2,58,92;361,2,51,187;447,2,100,209;5,2,125,227;94,1,97;96,1,274;300,1,71;617,1,86;332,1,164;923,1,114;994,1,43;176,1,80;442,1,56;692,1,46;193,1,147;238,1,333;206,1,251;207,1,217;770,1,65;376,1,296;283,1,203;377,1,305;973,1,31;379,1,68;214,1,117;546,1,143;216,1,160;1,1,137;934,1,70;547,1,55;6,1,96;385,1,276;937,1,104;991,1,41;389,1,128;234,1,33;461,1,44;462,1,145
904,11,11:94,1,151;773,1,48;99,1,154;123,1,26;130,1,219;407,1,81;495,1,26;184,1,71;792,1,111;187,1,138;24,1,238
905,26,28:623,2,98,168;536,2,51,91;94,1,154;601,1,358;114,1,96;43,1,112;918,1,78;321,1,262;888,1,71;817,1,261;143,1,98;405,1,89;705,1,107;921,1,39;171,1,46;739,1,66;740,1,184;810,1,81;444,1,210;279,1,136;211,1,95;937,1,17;290,1,156;291,1,19;396,1,176;295,1,280
906,8,11:263,2,73,132;899,2,62,78;359,2,122,165;94,1,159;111,1,98;437,1,159;697,1,36;593,1,50
907,1,2:758,2,6,14
908,8,9:719,2,40,124;758,1,27;240,1,172;148,1,77;54,1,254;688,1,65;55,1,157;59,1,147
909,6,7:68,2,128,147;758,1,28;550,1,150;558,1,68;170,1,79;599,1,145
910,54,135:28,7,7,25,56,152,177,202,228;42,5,20,42,59,75,85;785,5,6,14,42,52,76;170,5,5,13,23,32,73;691,5,5,17,26,95,119;282,5,2,18,22,38,74;735,4,6,21,42,83;166,4,10,22,40,170;351,4,2,13,26,84;167,4,4,13,29,106;553,3,2,14,85;269,3,14,32,53;336,3,11,27,63;516,3,9,20,41;493,3,7,23,41;763,3,10,21,25;841,3,3,9,22;739,3,6,21,97;372,3,6,28,53;377,3,19,39,188;527,3,5,11,31;594,3,3,11,29;226,3,18,37,68;396,3,9,36,60;758,2,33,72;107,2,7,17;618,2,127,154;535,2,5,11;161,2,4,12;902,2,1,10;526,2,13,28;283,2,4,33;378,2,18,37;655,2,4,14;286,2,91,184;657,2,52,122;480,2,10,21;456,2,304,342;457,2,5,20;322,1,142;126,1,194;505,1,118;408,1,119;522,1,116;159,1,74;350,1,231;358,1,84;366,1,47;24,1,176;280,1,276;452,1,453;903,1,57;502,1,97;31,1,378
911,4,4:758,1,49;624,1,178;373,1,51;803,1,86
912,24,34:934,5,10,22,38,146,164;621,3,12,24,89;134,2,102,119;569,2,6,12;768,2,3,14;230,2,64,150;758,1,70;303,1,125;240,1,331;812,1,22;517,1,74;406,1,22;923,1,68;55,1,122;59,1,232;179,1,104;740,1,180;245,1,258;447,1,198;209,1,51;26,1,167;697,1,30;594,1,243;670,1,237
913,41,63:479,4,3,18,36,109;888,3,2,9,28;161,3,21,119,131;571,3,5,24,55;483,3,5,21,47;592,3,7,17,35;776,2,4,14;415,2,148,235;763,2,37,68;925,2,41,55;195,2,130,198;197,2,139,156;451,2,42,81;377,2,262,303;469,2,3,16;550,1,52;624,1,50;778,1,170;321,1,188;529,1,104;333,1,104;705,1,132;417,1,107;350,1,120;175,1,143;573,1,30;835,1,24;843,1,101;822,1,31;476,1,228;64,1,157;544,1,81;206,1,73;280,1,88;801,1,62;545,1,98;284,1,123;218,1,222;73,1,33;74,1,76;76,1,86
914,5,6:373,2,93,114;550,1,57;325,1,69;943,1,88;676,1,45
915,26,33:116,4,5,20,33,105;406,3,58,61,151;550,2,75,95;269,2,153,226;612,1,92;678,1,82;240,1,323;839,1,131;40,1,268;118,1,61;120,1,55;121,1,235;624,1,164;779,1,74;763,1,84;147,1,100;521,1,124;757,1,79;58,1,32;573,1,103;63,1,236;183,1,144;542,1,88;655,1,153;590,1,160;527,1,16
916,88,125:108,4,200,207,212,217;161,3,18,68,116;899,3,4,17,39;717,3,27,74,84;377,3,249,256,275;380,3,227,264,295;592,3,4,14,32;236,3,90,162,172;102,2,5,19;240,2,145,325;827,2,38,49;253,2,256,275;42,2,92,254;481,2,101,113;43,2,185,205;130,2,60,84;806,2,106,122;628,2,136,146;763,2,53,65;520,2,67,124;271,2,146,190;54,2,188,214;61,2,106,193;716,2,33,88;718,2,9,21;693,2,103,121;199,2,108,198;385,2,265,272;550,1,85;774,1,92;36,1,84;905,1,180;472,1,146;554,1,293;316,1,128;116,1,156;624,1,208;45,1,301;463,1,207;684,1,139;332,1,173;137,1,162;889,1,153;506,1,194;493,1,81;338,1,205;808,1,272;18,1,128;342,1,150;735,1,76;355,1,28;994,1,51;691,1,75;176,1,77;574,1,155;363,1,189;644,1,223;645,1,127;742,1,62;648,1,84;421,1,127;580,1,115;930,1,102;914,1,52;189,1,216;796,1,85;196,1,38;277,1,241;446,1,108;370,1,49;372,1,202;200,1,183;585,1,450;449,1,52;770,1,64;26,1,40;376,1,223;464,1,69;427,1,73;72,1,288;936,1,62;290,1,145;659,1,111;459,1,89;83,1,201;84,1,32;394,1,35;396,1,221
917,28,42:70,4,143,159,162,184;472,3,9,18,43;281,3,118,162,185;659,3,8,22,68;313,2,207,219;705,2,35,61;667,2,45,50;4,2,140,184;225,2,109,129;550,1,89;98,1,89;106,1,126;555,1,106;115,1,214;38,1,101;124,1,55;129,1,56;339,1,61;48,1,204;975,1,53;358,1,72;739,1,56;190,1,131;199,1,207;200,1,144;373,1,130;285,1,111;286,1,134
918,14,17:414,2,140,166;55,2,35,205;379,2,2,12;550,1,100;104,1,136;122,1,211;237,1,226;142,1,276;143,1,81;675,1,71;541,1,64;530,1,205;209,1,59;837,1,65
919,3,5:357,3,8,22,52;550,1,117;467,1,214
920,1,1:550,1,127
921,3,5:64,3,96,187,303;263,1,63;45,1,55
922,21,25:22,3,98,113,346;263,2,64,118;18,2,7,18;97,1,82;614,1,165;907,1,65;313,1,182;110,1,34;472,1,185;316,1,40;672,1,156;505,1,35;146,1,93;959,1,24;51,1,86;351,1,71;870,1,67;479,1,114;457,1,105;292,1,256;235,1,102
923,30,50:530,4,79,118,148,157;779,3,4,16,40;562,3,37,205,218;585,3,180,215,223;205,3,27,85,143;590,3,11,36,58;213,3,84,251,265;239,2,302,341;624,2,192,198;649,2,99,135;940,2,66,155;294,2,105,128;263,1,71;533,1,75;403,1,83;253,1,196;740,1,162;761,1,55;541,1,356;692,1,112;24,1,194;500,1,53;376,1,214;450,1,406;284,1,130;937,1,73;222,1,49;832,1,53;230,1,152;394,1,74
924,5,5:263,1,76;120,1,89;2,1,335;157,1,134;53,1,83
925,32,36:601,2,144,165;481,2,211,216;729,2,192,238;377,2,102,126;263,1,81;905,1,325;14,1,183;125,1,310;138,1,195;142,1,122;829,1,181;604,1,133;146,1,71;18,1,103;148,1,97;638,1,232;173,1,171;63,1,181;644,1,245;791,1,124;844,1,228;257,1,116;423,1,45;376,1,173;707,1,235;771,1,221;450,1,76;451,1,64;719,1,167;220,1,47;222,1,70;229,1,56
926,45,56:5,3,21,50,60;82,3,4,19,37;535,2,113,192;402,2,141,232;435,2,36,184;597,2,243,248;126,2,109,228;24,2,121,188;800,2,50,65;263,1,84;266,1,194;776,1,53;303,1,104;614,1,47;616,1,63;672,1,77;125,1,36;323,1,86;327,1,94;337,1,90;629,1,79;842,1,132;165,1,161;881,1,41;174,1,40;23,1,48;822,1,125;648,1,48;541,1,194;793,1,135;257,1,128;478,1,32;67,1,136;585,1,78;586,1,73;205,1,103;946,1,73;211,1,61;76,1,81;528,1,64;754,1,63;502,1,99;677,1,34;701,1,153;595,1,88
927,32,48:493,13,12,28,116,137,203,246,267,304,403,423,446,458,490;532,3,70,128,136;73,3,59,84,104;263,1,88;36,1,62;312,1,68;554,1,19;535,1,176;402,1,112;597,1,169;325,1,103;712,1,57;131,1,75;818,1,83;18,1,181;634,1,31;764,1,90;735,1,104;21,1,272;59,1,83;691,1,88;953,1,80;467,1,259;246,1,118;372,1,89;876,1,171;696,1,28;451,1,185;452,1,440;217,1,95;595,1,93;670,1,245
928,60,93:238,8,15,30,89,121,258,263,293,384;159,4,178,254,334,384;584,4,106,123,130,135;246,4,77,97,169,199;585,4,19,240,354,490;50,3,5,18,37;640,3,16,36,57;247,3,84,109,184;316,2,69,99;120,2,115,206;2,2,175,294;172,2,27,69;189,2,92,218;366,2,105,134;31,2,315,448;755,2,112,140;263,1,90;97,1,138;709,1,153;551,1,132;36,1,105;267,1,89;710,1,109;614,1,220;104,1,49;619,1,162;237,1,98;125,1,247;888,1,127;632,1,110;636,1,52;21,1,65;789,1,38;739,1,148;843,1,99;63,1,209;646,1,150;444,1,168;195,1,220;509,1,213;198,1,109;276,1,112;694,1,92;447,1,129;278,1,86;530,1,191;831,1,60;587,1,109;281,1,129;590,1,138;261,1,262;70,1,116;934,1,192;549,1,86;231,1,129;703,1,97;392,1,196;852,1,64;235,1,134;664,1,97
929,9,12:244,2,18,89;350,2,65,128;176,2,99,264;263,1,95;120,1,79;331,1,69;341,1,99;164,1,9;743,1,96
930,1,1:263,1,100
931,19,21:136,3,106,141,157;263,1,101;265,1,61;100,1,137;39,1,191;268,1,48;41,1,343;125,1,217;506,1,201;336,1,87;147,1,137;735,1,31;176,1,266;62,1,50;3,1,248;584,1,83;376,1,63;655,1,63;296,1,225
932,10,10:263,1,121;601,1,333;712,1,122;760,1,78;636,1,174;522,1,92;643,1,108;823,1,94;965,1,50;772,1,95
933,9,10:263,2,123,141;306,1,464;309,1,179;616,1,95;269,1,188;21,1,103;22,1,322;377,1,204;290,1,224
934,5,6:624,2,34,170;263,1,129;303,1,277;337,1,66;21,1,184
935,15,16:22,2,58,373;263,1,157;709,1,160;551,1,71;775,1,183;267,1,101;816,1,142;350,1,185;441,1,104;567,1,32;173,1,87;238,1,216;450,1,179;452,1,271;396,1,234
936,59,86:46,5,454,491,513,523,537;808,4,160,171,175,195;574,4,260,266,296,301;718,4,90,99,165,172;399,3,96,134,169;267,3,117,119,161;99,2,114,208;253,2,222,300;682,2,137,194;817,2,133,194;154,2,40,83;20,2,214,216;176,2,121,153;277,2,186,298;285,2,136,170;235,2,239,268;263,1,164;97,1,41;310,1,130;315,1,108;402,1,273;254,1,257;134,1,346;537,1,154;727,1,85;137,1,138;556,1,43;628,1,112;705,1,63;522,1,163;538,1,39;784,1,56;714,1,199;575,1,96;766,1,154;740,1,222;813,1,125;791,1,84;367,1,164;64,1,115;870,1,105;238,1,229;370,1,196;372,1,116;200,1,159;281,1,155;283,1,136;213,1,240;261,1,209;70,1,144;72,1,70;804,1,66;219,1,113;385,1,162;991,1,138;83,1,275;392,1,190;393,1,157;249,1,111
937,25,30:267,3,68,95,134;95,2,5,12;399,2,168,177;102,2,40,192;103,1,137;38,1,40;403,1,42;982,1,56;320,1,270;778,1,131;463,1,197;269,1,82;879,1,135;855,1,59;47,1,83;150,1,30;943,1,62;183,1,163;508,1,38;370,1,143;258,1,102;479,1,111;377,1,177;752,1,112;549,1,40
938,2,2:95,1,25;392,1,143
939,19,27:276,6,10,38,96,138,168,241;76,3,5,12,44;839,2,7,19;95,1,31;492,1,58;303,1,119;241,1,60;115,1,182;119,1,116;817,1,52;437,1,467;537,1,63;137,1,110;138,1,123;822,1,34;422,1,13;548,1,69;595,1,127;670,1,45
940,6,6:95,1,33;492,1,60;303,1,121;817,1,54;713,1,61;822,1,36
941,20,22:601,2,296,399;41,2,178,270;95,1,38;678,1,140;307,1,30;905,1,163;883,1,61;120,1,101;888,1,92;631,1,91;960,1,42;767,1,82;181,1,47;869,1,70;478,1,87;202,1,155;451,1,300;655,1,76;292,1,182;395,1,198
942,43,51:975,3,1,12,81;753,3,1,10,28;481,2,126,342;218,2,91,216;73,2,51,92;754,2,14,59;95,1,41;619,1,201;312,1,94;871,1,88;42,1,185;437,1,346;760,1,91;493,1,100;147,1,65;976,1,41;519,1,130;165,1,33;419,1,90;963,1,54;740,1,168;3,1,208;257,1,67;584,1,38;652,1,89;807,1,58;278,1,98;653,1,62;530,1,101;204,1,19;545,1,34;452,1,127;606,1,32;847,1,67;219,1,55;591,1,73;749,1,37;548,1,138;489,1,73;224,1,76;456,1,301;292,1,84;722,1,200
943,20,24:20,3,16,35,61;437,2,201,252;441,2,13,29;95,1,60;611,1,74;239,1,194;619,1,124;816,1,83;322,1,128;324,1,203;16,1,30;941,1,64;562,1,328;925,1,32;163,1,64;418,1,374;421,1,245;586,1,37;205,1,43;837,1,69
944,19,25:927,5,10,23,36,62,82;39,2,146,237;359,2,172,251;95,1,63;239,1,330;465,1,150;324,1,193;506,1,90;46,1,125;349,1,72;357,1,102;571,1,117;361,1,74;444,1,81;195,1,104;196,1,40;279,1,86;451,1,221;229,1,66
945,2,2:95,1,75;292,1,132
946,9,9:95,1,78;133,1,83;950,1,31;766,1,168;467,1,253;807,1,105;206,1,109;450,1,415;292,1,48
947,1,8:96,8,2,16,56,101,131,186,201,227
948,37,86:940,10,2,4,6,8,55,58,60,71,151,158;218,7,2,15,36,52,85,125,201;96,6,13,27,32,99,143,192;598,5,1,7,13,126,162;653,5,9,23,37,73,121;73,5,3,9,15,28,148;219,5,3,13,25,56,181;204,3,2,9,25;210,3,2,12,61;74,3,5,15,32;990,3,7,19,39;34,2,62,79;591,2,12,30;79,2,6,20;754,2,1,7;390,2,1,10;905,1,114;671,1,164;759,1,75;884,1,186;624,1,33;712,1,96;338,1,96;557,1,43;564,1,58;856,1,74;61,1,71;822,1,116;275,1,77;541,1,249;193,1,36;425,1,104;544,1,68;206,1,261;832,1,30;753,1,32;394,1,38
949,11,15:96,3,45,59,88;36,2,32,54;69,2,57,147;598,1,190;562,1,310;484,1,70;398,1,52;426,1,143;380,1,258;501,1,68;457,1,106
950,14,24:96,6,46,70,124,151,202,229;499,3,6,36,76;36,2,55,96;598,2,78,94;544,2,43,96;492,1,61;320,1,105;15,1,70;864,1,44;187,1,70;585,1,400;203,1,45;6,1,65;396,1,99
951,1,1:96,1,53
952,3,4:598,2,23,88;96,1,55;671,1,32
953,3,4:96,2,67,268;118,1,138;755,1,75
954,6,7:96,2,73,257;440,1,218;355,1,57;655,1,109;847,1,119;661,1,211
955,9,16:248,5,59,114,126,142,186;96,3,77,85,95;605,2,143,164;45,1,179;806,1,102;159,1,382;925,1,80;864,1,45;238,1,381
956,13,26:348,5,10,25,43,135,203;96,3,79,149,209;734,3,1,7,34;20,3,18,37,63;190,3,5,17,49;835,2,5,15;533,1,56;334,1,74;564,1,123;962,1,35;509,1,101;68,1,340;69,1,113
957,29,55:248,5,57,107,119,138,184;732,4,10,25,39,63;825,4,10,27,44,97;537,3,13,34,64;818,3,16,42,67;529,3,45,120,186;842,3,5,17,30;80,3,9,20,45;710,2,30,107;435,2,121,125;727,2,28,33;605,2,139,169;482,2,90,120;277,2,133,228;96,1,87;239,1,118;308,1,44;626,1,90;789,1,36;421,1,209;864,1,201;487,1,49;246,1,119;446,1,152;652,1,143;464,1,55;450,1,352;453,1,24;385,1,112
958,66,124:238,6,159,168,222,296,315,404;770,6,6,19,56,131,140,150;271,5,10,28,74,77,152;421,5,3,16,34,67,272;211,5,142,148,167,172,178;429,5,46,153,174,211,236;417,4,278,287,316,339;704,4,7,29,49,155;798,4,19,64,158,178;491,3,4,19,40;597,3,254,263,270;45,3,42,137,326;54,3,147,216,261;648,3,4,19,33;70,3,16,42,76;471,2,38,46;414,2,132,146;43,2,179,210;515,2,76,87;439,2,126,129;346,2,7,27;348,2,38,161;652,2,132,172;68,2,180,252;375,2,79,92;455,2,64,112;96,1,102;310,1,154;472,1,178;481,1,295;2,1,90;269,1,105;705,1,91;667,1,48;975,1,59;861,1,110;167,1,86;419,1,52;444,1,164;650,1,86;541,1,130;190,1,136;795,1,45;582,1,62;477,1,131;196,1,76;372,1,216;280,1,254;281,1,102;282,1,105;450,1,256;451,1,225;283,1,145;285,1,102;453,1,164;286,1,170;749,1,69;955,1,43;456,1,53;225,1,45;226,1,49;31,1,85;390,1,53;228,1,47;236,1,82;664,1,135
959,48,82:597,6,170,196,209,253,262,297;201,5,19,39,63,243,302;54,4,54,123,219,263;648,3,3,18,32;704,3,15,37,57;499,3,16,46,102;211,3,75,133,177;70,3,15,41,75;664,3,134,198,218;96,2,111,142;36,2,57,107;471,2,37,58;125,2,299,321;921,2,30,89;271,2,73,98;820,2,1,16;238,2,158,221;450,2,237,251;429,2,45,173;414,1,131;2,1,89;269,1,104;439,1,125;667,1,47;23,1,54;444,1,163;650,1,85;477,1,130;196,1,75;797,1,72;371,1,89;68,1,310;372,1,167;425,1,73;279,1,100;280,1,253;282,1,104;451,1,224;283,1,144;427,1,92;453,1,21;286,1,169;480,1,168;456,1,59;502,1,105;226,1,48;31,1,84;236,1,81
960,25,74:740,9,9,30,60,87,109,117,134,194,202;597,7,3,6,18,232,247,299,311;363,6,10,24,52,122,158,223;494,5,6,17,35,56,74;273,5,12,29,75,136,190;211,5,73,136,145,147,171;463,4,24,48,92,136;224,4,11,22,135,154;53,3,72,115,293;160,3,14,36,57;908,3,6,19,49;499,3,18,48,104;36,2,59,109;828,2,164,180;507,2,12,25;820,2,2,17;96,1,121;320,1,137;921,1,91;418,1,35;179,1,222;183,1,161;649,1,86;450,1,285;659,1,39
961,15,25:481,6,34,134,145,183,324,329;96,2,126,128;36,2,89,121;449,2,84,109;426,2,20,40;657,2,143,164;23,1,28;742,1,41;24,1,193;509,1,131;207,1,228;398,1,132;547,1,80;6,1,172;699,1,100
962,1,1:96,1,127
963,7,7:96,1,134;888,1,87;330,1,86;144,1,200;58,1,140;739,1,116;404,1,65
964,8,9:96,2,136,161;403,1,26;144,1,203;408,1,96;58,1,144;739,1,119;404,1,70;594,1,227
965,4,4:96,1,141;370,1,46;68,1,309;464,1,182
966,18,30:561,4,3,14,45,148;327,3,6,26,52;195,3,14,31,102;264,2,1,9;542,2,68,85;372,2,64,112;281,2,55,60;708,2,110,161;96,1,146;320,1,203;140,1,154;335,1,116;493,1,330;196,1,94;468,1,115;280,1,333;69,1,115;291,1,54
967,4,7:221,4,11,26,38,179;96,1,172;573,1,137;278,1,70
968,14,14:96,1,176;301,1,137;774,1,172;678,1,99;123,1,68;896,1,62;55,1,104;538,1,177;926,1,90;496,1,48;846,1,68;214,1,79;720,1,47;292,1,110
969,32,37:30,3,20,50,68;110,2,141,155;6,2,133,236;29,2,172,211;96,1,178;99,1,139;11,1,99;553,1,109;617,1,40;107,1,51;883,1,7;603,1,108;321,1,263;762,1,234;919,1,67;861,1,88;346,1,216;988,1,31;765,1,113;638,1,170;359,1,281;275,1,133;931,1,71;965,1,37;24,1,73;198,1,107;276,1,128;68,1,200;654,1,97;451,1,99;427,1,126;825,1,85
970,23,25:252,2,68,230;450,2,23,113;96,1,182;103,1,25;113,1,23;957,1,15;13,1,60;414,1,73;44,1,91;466,1,100;780,1,102;781,1,16;493,1,428;873,1,109;17,1,28;521,1,65;354,1,110;881,1,31;477,1,221;966,1,52;218,1,29;288,1,37;458,1,45
971,13,17:136,3,107,142,158;147,2,138,145;350,2,67,99;96,1,196;125,1,218;141,1,171;506,1,202;336,1,89;735,1,32;164,1,115;443,1,64;584,1,84;655,1,64
972,28,45:73,7,60,74,86,105,160,184,210;932,6,7,16,26,35,50,60;412,3,95,169,225;218,3,13,26,67;116,2,40,109;196,2,4,12;96,1,205;710,1,104;107,1,84;597,1,283;127,1,132;537,1,114;343,1,243;784,1,132;789,1,33;962,1,50;539,1,237;972,1,68;379,1,129;215,1,202;995,1,36;404,1,82;750,1,39;501,1,98;857,1,30;701,1,88;913,1,76;662,1,145
973,15,28:365,7,3,11,81,91,157,202,215;562,5,5,13,25,105,248;24,3,241,280,296;191,2,2,7;96,1,218;34,1,61;597,1,295;945,1,10;271,1,205;417,1,169;690,1,124;178,1,60;421,1,128;591,1,77;937,1,24
974,20,47:238,7,75,163,212,228,260,285,407;213,6,4,23,128,137,271,277;426,5,12,32,54,58,105;590,4,9,34,67,240;656,4,11,33,56,128;606,4,48,102,167,192;337,2,77,79;587,2,61,142;211,2,48,201;96,1,238;492,1,71;36,1,147;413,1,26;624,1,28;421,1,79;204,1,40;385,1,118;404,1,45;903,1,32;825,1,50
975,49,57:617,3,9,21,77;555,2,221,234;133,2,46,62;144,2,62,103;422,2,58,67;5,2,139,171;30,2,66,145;96,1,241;775,1,91;36,1,181;553,1,107;618,1,98;242,1,137;777,1,54;554,1,60;115,1,81;122,1,136;778,1,179;893,1,27;806,1,39;142,1,80;604,1,60;559,1,161;162,1,159;757,1,44;714,1,179;22,1,90;359,1,118;3,1,91;576,1,122;718,1,190;191,1,27;65,1,62;543,1,60;745,1,79;695,1,109;655,1,35;469,1,61;260,1,137;606,1,197;453,1,106;6,1,117;699,1,93;80,1,81;292,1,181;429,1,58;825,1,104;834,1,193;392,1,121
976,35,45:41,3,180,209,272;161,3,3,11,172;278,3,8,19,37;714,2,249,260;238,2,79,334;276,2,315,341;458,2,2,8;96,1,275;492,1,202;239,1,296;314,1,170;465,1,119;871,1,152;39,1,46;253,1,159;42,1,172;323,1,52;331,1,402;889,1,181;735,1,82;739,1,161;644,1,211;274,1,92;368,1,85;651,1,211;66,1,104;197,1,74;280,1,263;452,1,522;606,1,52;290,1,217;83,1,154;755,1,184;236,1,88;664,1,114
977,48,124:242,11,60,75,102,111,127,136,153,201,210,214,249;219,9,22,75,99,125,128,145,156,168,179;73,8,52,68,93,113,141,205,224,234;585,6,143,249,265,319,380,464;210,6,23,44,115,121,135,147;218,5,92,118,127,206,217;220,5,2,8,14,20,147;754,5,15,37,60,69,118;672,4,56,59,112,131;409,4,75,90,116,130;481,3,66,84,253;975,3,2,13,82;54,3,95,251,268;257,3,68,107,112;886,3,5,15,39;753,3,2,11,29;456,3,114,184,219;724,2,60,74;24,2,105,148;704,2,83,95;544,2,62,116;530,2,66,133;74,2,78,92;6,2,182,199;480,2,35,107;457,2,71,141;96,1,281;534,1,91;616,1,44;884,1,181;41,1,366;471,1,65;324,1,196;632,1,71;646,1,128;648,1,65;509,1,61;68,1,193;498,1,148;202,1,70;204,1,20;205,1,153;427,1,93;591,1,74;221,1,209;772,1,163;501,1,49;79,1,122
978,13,14:905,2,171,273;97,1,34;125,1,187;127,1,154;436,1,53;407,1,46;766,1,183;540,1,44;744,1,41;207,1,56;26,1,59;215,1,102;942,1,81
979,12,13:856,2,131,140;97,1,44;251,1,112;839,1,91;243,1,113;562,1,287;565,1,126;172,1,41;359,1,195;176,1,86;245,1,108;595,1,105
980,3,3:97,1,60;104,1,119;415,1,178
981,17,21:206,3,39,145,226;32,3,220,332,360;97,1,75;241,1,121;884,1,109;130,1,58;333,1,83;405,1,141;522,1,124;926,1,130;59,1,152;210,1,140;452,1,445;546,1,230;215,1,96;470,1,92;229,1,126
982,17,25:439,7,1,13,26,59,96,113,150;97,2,78,91;30,2,211,213;240,1,236;472,1,172;672,1,123;123,1,52;125,1,253;326,1,50;141,1,241;340,1,225;418,1,343;487,1,83;371,1,108;5,1,206;934,1,211;825,1,139
983,20,23:534,2,202,276;206,2,42,138;592,2,2,12;97,1,79;712,1,142;330,1,55;335,1,81;144,1,41;164,1,125;21,1,246;176,1,202;364,1,159;365,1,42;761,1,147;193,1,72;284,1,92;6,1,40;222,1,10;292,1,107;396,1,271
984,1,1:97,1,105
985,5,6:846,2,65,76;97,1,129;315,1,67;144,1,131;926,1,42
986,16,19:110,2,170,184;69,2,153,182;295,2,89,172;97,1,135;102,1,74;492,1,198;320,1,231;437,1,107;149,1,106;341,1,226;160,1,113;791,1,116;67,1,120;451,1,101;391,1,33;670,1,131
987,2,2:97,1,143;291,1,75
988,11,11:97,1,160;98,1,155;252,1,280;103,1,210;827,1,137;125,1,132;346,1,136;59,1,183;769,1,80;376,1,194;772,1,86
989,1,2:264,2,8,16
990,1,1:264,1,25
991,2,3:264,2,37,151;394,1,169
992,1,1:264,1,44
993,61,77:83,4,149,197,227,331;536,3,122,128,155;702,3,42,123,202;233,3,16,33,65;252,2,259,336;463,2,107,157;436,2,20,135;605,2,196,211;452,2,178,260;234,2,36,158;755,2,42,90;264,1,65;251,1,118;774,1,83;412,1,293;678,1,157;310,1,70;725,1,220;108,1,189;621,1,76;554,1,90;39,1,106;237,1,68;123,1,71;44,1,211;624,1,92;128,1,183;895,1,87;144,1,57;781,1,59;919,1,87;340,1,193;782,1,124;344,1,45;975,1,88;733,1,175;347,1,20;736,1,90;980,1,91;566,1,14;176,1,174;442,1,10;954,1,35;185,1,39;669,1,27;541,1,202;869,1,42;195,1,175;280,1,96;376,1,177;802,1,90;450,1,428;377,1,319;655,1,112;427,1,84;548,1,62;289,1,97;501,1,111;595,1,124;670,1,65;661,1,188
994,28,29:714,2,150,216;264,1,69;252,1,138;303,1,276;513,1,150;12,1,240;237,1,153;672,1,188;597,1,213;778,1,64;712,1,70;138,1,186;762,1,162;144,1,174;705,1,32;160,1,107;162,1,119;163,1,168;789,1,72;274,1,60;423,1,139;276,1,196;205,1,87;206,1,327;380,1,260;216,1,172;74,1,54;32,1,203
995,4,4:264,1,76;533,1,119;267,1,125;279,1,108
996,8,8:264,1,97;403,1,41;338,1,89;163,1,95;820,1,45;578,1,91;822,1,206;73,1,230
997,10,10:264,1,105;465,1,91;126,1,167;665,1,88;46,1,115;733,1,258;369,1,70;283,1,167;655,1,128;699,1,314
998,11,17:255,4,48,172,179,188;811,3,41,49,72;646,2,53,56;264,1,106;102,1,81;2,1,210;145,1,99;829,1,157;849,1,103;572,1,42;177,1,44
999,4,4:264,1,111;567,1,111;676,1,29;721,1,201
1000,6,7:620,2,23,51;264,1,112;437,1,184;418,1,302;66,1,127;721,1,202
1001,10,10:264,1,113;603,1,153;324,1,97;144,1,216;493,1,273;192,1,163;381,1,63;940,1,52;702,1,342;834,1,151
1002,23,25:725,2,75,196;261,2,83,123;264,1,131;621,1,257;115,1,239;118,1,155;125,1,287;817,1,142;53,1,121;168,1,155;881,1,139;691,1,69;3,1,350;768,1,56;651,1,245;4,1,164;398,1,73;381,1,204;74,1,39;938,1,63;848,1,108;699,1,166;294,1,130
1003,1,1:264,1,136
1004,27,48:53,5,45,111,178,197,259;72,5,12,25,29,137,335;381,4,7,15,43,104;579,3,15,32,61;4,3,16,47,80;217,3,5,11,24;905,2,309,315;142,2,83,114;580,2,53,195;206,2,46,124;264,1,138;303,1,105;103,1,206;622,1,141;827,1,63;134,1,269;894,1,22;873,1,193;152,1,47;562,1,54;688,1,87;637,1,68;581,1,32;588,1,70;380,1,151;948,1,25;84,1,46
1005,1,1:264,1,141
1006,23,48:539,8,76,153,165,183,198,208,241,254;376,6,9,28,89,158,241,295;774,4,12,29,88,153;731,4,10,21,38,70;304,3,7,16,29;146,3,25,80,126;634,3,4,12,34;764,2,3,10;264,1,185;11,1,58;12,1,62;619,1,89;630,1,33;17,1,133;559,1,54;984,1,51;341,1,55;826,1,90;441,1,66;359,1,262;363,1,78;692,1,39;693,1,92
1007,51,85:409,6,68,78,86,101,124,132;5,4,8,28,37,57;337,3,21,44,137;24,3,18,40,83;451,3,53,128,168;236,3,19,48,206;45,2,88,117;137,2,60,82;787,2,25,38;639,2,54,57;22,2,16,32;574,2,263,270;740,2,63,90;187,2,79,109;370,2,63,77;280,2,24,52;281,2,20,44;479,2,58,73;377,2,83,124;285,2,16,36;29,2,17,45;30,2,7,37;385,2,20,40;825,2,17,34;264,1,188;774,1,166;308,1,122;108,1,281;535,1,223;253,1,261;254,1,156;43,1,229;141,1,191;144,1,208;729,1,157;53,1,74;417,1,327;714,1,264;353,1,84;739,1,59;273,1,68;649,1,46;238,1,117;277,1,161;371,1,97;372,1,157;746,1,73;831,1,38;25,1,96;83,1,140;295,1,126
1008,16,28:889,6,11,24,36,50,150,184;970,3,4,18,35;345,3,10,20,59;764,2,46,85;787,2,9,18;467,2,211,277;264,1,191;304,1,33;603,1,164;128,1,64;780,1,133;140,1,155;520,1,151;571,1,103;195,1,206;450,1,146
1009,2,2:264,1,206;304,1,48
1010,18,27:821,4,60,78,97,178;99,2,33,128;333,2,15,31;897,2,114,133;357,2,12,26;707,2,86,116;698,2,131,160;264,1,229;413,1,36;403,1,146;894,1,53;605,1,51;635,1,26;346,1,206;739,1,38;446,1,107;771,1,39;722,1,72
1011,17,20:300,2,164,173;864,2,102,150;387,2,92,108;264,1,232;34,1,114;304,1,70;308,1,61;253,1,162;123,1,24;597,1,280;537,1,97;158,1,83;641,1,85;994,1,44;741,1,45;501,1,33;411,1,58
1012,19,26:70,5,142,156,161,167,183;601,2,310,322;54,2,106,118;688,2,6,21;264,1,235;774,1,139;313,1,206;871,1,69;729,1,231;639,1,110;881,1,75;63,1,79;64,1,54;238,1,372;978,1,36;480,1,171;850,1,80;392,1,161;396,1,206
1013,31,45:895,3,5,12,24;928,3,9,24,47;876,3,8,22,47;771,3,7,20,50;429,3,9,29,79;40,2,159,179;121,2,142,162;828,2,17,37;361,2,163,200;264,1,248;302,1,164;304,1,81;679,1,69;816,1,31;839,1,34;778,1,81;474,1,40;144,1,45;781,1,25;48,1,70;518,1,24;782,1,49;159,1,209;578,1,22;183,1,89;649,1,120;185,1,19;716,1,35;717,1,33;869,1,34;457,1,64
1014,5,5:264,1,256;304,1,89;329,1,80;456,1,314;703,1,68
1015,9,9:264,1,266;412,1,159;304,1,99;435,1,181;466,1,86;824,1,122;676,1,267;834,1,93;396,1,143
1016,17,34:304,3,3,12,108;623,3,2,6,69;925,3,5,12,22;954,3,4,8,29;710,2,1,6;727,2,2,7;529,2,8,26;895,2,1,8;945,2,1,3;923,2,1,4;355,2,5,10;789,2,4,11;582,2,2,6;264,1,275;918,1,79;415,1,42;732,1,53
1017,5,6:945,2,16,99;264,1,280;678,1,84;304,1,113;844,1,232
1018,20,22:279,3,2,16,35;264,1,287;304,1,120;867,1,40;437,1,230;338,1,99;897,1,169;20,1,197;943,1,74;881,1,44;61,1,53;275,1,97;257,1,131;201,1,100;425,1,53;586,1,76;209,1,153;211,1,64;857,1,52;502,1,102
1019,9,10:113,2,58,73;264,1,289;304,1,122;444,1,229;692,1,167;485,1,129;215,1,114;978,1,168;702,1,118
1020,9,18:688,4,7,22,37,90;637,4,4,12,26,85;573,4,48,89,106,126;264,1,290;304,1,123;415,1,171;988,1,52;565,1,31;757,1,120
1021,8,11:265,2,7,21;829,2,16,34;864,2,14,30;988,1,40;579,1,138;580,1,24;452,1,325;903,1,77
1022,3,11:240,7,39,132,198,212,270,397,402;265,3,11,25,108;99,1,192
1023,2,6:240,4,229,283,432,440;265,2,47,119
1024,7,10:743,3,18,37,102;350,2,9,25;265,1,59;241,1,64;128,1,87;45,1,245;270,1,49
1025,2,2:265,1,60;376,1,62
1026,9,9:265,1,62;100,1,138;120,1,75;603,1,19;128,1,71;46,1,134;350,1,141;62,1,52;670,1,421
1027,7,16:113,5,170,207,213,251,274;240,3,122,187,433;806,3,8,24,58;265,2,104,120;919,1,29;519,1,166;164,1,141
1028,4,4:265,1,113;240,1,153;241,1,110;958,1,52
1029,44,54:18,3,91,159,175;108,2,192,202;316,2,292,326;879,2,110,200;331,2,173,213;341,2,212,252;153,2,26,50;163,2,186,204;662,2,21,43;265,1,129;251,1,57;774,1,232;306,1,166;513,1,175;308,1,84;679,1,59;816,1,103;681,1,252;555,1,304;117,1,98;131,1,80;329,1,144;537,1,186;136,1,92;762,1,62;142,1,266;729,1,77;507,1,31;148,1,56;819,1,15;559,1,171;343,1,173;55,1,117;714,1,262;765,1,67;642,1,67;362,1,48;63,1,148;862,1,42;805,1,18;230,1,111;232,1,45;834,1,169;670,1,110
1030,9,14:611,2,2,11;950,2,1,15;821,2,4,23;695,2,2,11;991,2,1,9;839,1,142;131,1,148;808,1,209;58,1,198
1031,5,12:611,4,9,18,22,53;695,4,9,18,45,116;942,2,5,17;98,1,166;831,1,124
1032,25,30:614,4,3,19,39,270;970,2,10,24;76,2,15,37;611,1,31;240,1,85;43,1,172;134,1,191;529,1,166;17,1,347;54,1,71;925,1,48;786,1,112;690,1,113;169,1,48;190,1,112;744,1,75;278,1,154;409,1,47;376,1,247;215,1,78;719,1,99;470,1,89;81,1,47;292,1,164;232,1,85
1033,3,3:611,1,35;106,1,156;437,1,56
1034,6,6:611,1,46;17,1,203;897,1,107;567,1,101;946,1,163;990,1,98
1035,6,6:611,1,62;318,1,75;48,1,34;847,1,22;381,1,230;904,1,17
1036,27,30:403,2,43,192;192,2,89,153;450,2,101,186;611,1,65;266,1,81;723,1,82;402,1,40;884,1,54;254,1,238;123,1,33;529,1,131;138,1,42;516,1,23;950,1,29;976,1,61;163,1,97;538,1,84;56,1,38;641,1,28;820,1,47;487,1,121;202,1,80;381,1,218;223,1,84;386,1,56;292,1,49;721,1,148
1037,4,7:290,4,119,153,164,182;611,1,72;941,1,63;670,1,88
1038,3,3:611,1,89;512,1,59;695,1,58
1039,4,4:611,1,95;598,1,151;695,1,64;376,1,289
1040,60,125:199,8,12,32,66,101,109,175,256,300;466,6,12,31,58,125,136,157;398,6,5,16,36,60,118,140;457,6,12,27,47,77,129,165;480,5,6,17,31,103,181;370,4,60,74,172,198;68,4,285,306,334,345;282,4,11,31,61,112;502,4,4,15,71,115;98,3,4,11,25;463,3,65,180,200;130,3,136,154,175;270,3,105,121,135;357,3,13,27,76;446,3,9,19,28;248,3,109,116,121;259,3,5,32,59;501,3,6,19,40;836,2,2,11;320,2,86,134;45,2,101,207;159,2,196,369;163,2,57,87;486,2,18,40;197,2,26,175;290,2,61,84;503,2,9,19;534,1,285;41,1,41;471,1,116;597,1,136;504,1,46;334,1,85;140,1,69;518,1,60;407,1,104;923,1,92;841,1,28;52,1,50;271,1,106;20,1,87;165,1,30;767,1,152;790,1,44;186,1,62;366,1,74;541,1,55;485,1,73;195,1,70;509,1,52;510,1,70;205,1,20;449,1,92;464,1,120;450,1,347;479,1,52;451,1,47;951,1,43;288,1,17;470,1,114
1041,64,99:201,5,13,18,33,38,57;601,4,12,28,69,216;698,4,7,15,29,143;749,4,12,26,55,61;151,3,12,26,43;831,3,4,9,123;876,3,12,26,51;771,3,11,24,54;702,3,39,229,242;85,3,13,27,50;98,2,33,48;775,2,102,111;725,2,15,36;435,2,195,202;756,2,7,18;672,2,42,58;780,2,19,39;426,2,17,37;722,2,12,33;708,2,52,59;251,1,75;612,1,37;776,1,22;240,1,186;465,1,71;555,1,282;402,1,92;504,1,42;684,1,44;760,1,116;762,1,41;626,1,216;256,1,80;439,1,135;154,1,110;346,1,90;160,1,60;689,1,43;353,1,64;788,1,29;168,1,51;668,1,129;642,1,49;3,1,147;790,1,71;768,1,119;577,1,31;953,1,84;580,1,73;245,1,102;484,1,61;508,1,35;582,1,87;65,1,98;467,1,132;373,1,40;800,1,38;453,1,169;75,1,45;410,1,65;754,1,23;701,1,51;460,1,47;395,1,59
1042,8,8:98,1,42;776,1,40;405,1,124;945,1,45;422,1,87;201,1,231;699,1,327;660,1,44
1043,6,10:98,3,45,64,83;387,3,77,82,104;512,1,170;975,1,28;408,1,36;940,1,177
1044,27,28:211,2,88,157;98,1,47;709,1,94;302,1,211;11,1,159;12,1,126;620,1,50;314,1,181;756,1,37;471,1,96;320,1,178;673,1,129;331,1,44;142,1,227;17,1,66;151,1,158;521,1,92;159,1,266;642,1,96;178,1,176;66,1,126;946,1,134;376,1,268;74,1,26;990,1,90;32,1,135;391,1,78
1045,31,46:14,4,12,26,69,84;863,3,54,105,168;905,2,88,141;884,2,88,162;114,2,23,76;254,2,274,348;134,2,236,416;338,2,6,14;152,2,145,198;538,2,68,229;418,2,279,307;394,2,103,129;98,1,58;854,1,88;836,1,113;412,1,52;36,1,42;434,1,35;104,1,26;116,1,31;624,1,131;778,1,43;406,1,56;163,1,150;174,1,76;644,1,21;645,1,72;964,1,52;651,1,26;205,1,105;227,1,75
1046,2,3:753,2,22,45;98,1,61
1047,10,27:946,6,5,15,59,82,93,139;671,5,93,111,133,147,176;410,4,8,21,33,69;742,3,5,22,45;73,3,2,8,14;218,2,1,14;98,1,63;842,1,89;989,1,22;753,1,31
1048,2,2:98,1,66;359,1,232
1049,57,109:238,6,86,115,234,248,290,410;72,6,54,171,266,271,281,309;366,5,15,32,61,146,213;217,5,2,8,21,118,159;32,5,76,123,130,187,386;34,4,11,27,57,76;136,4,6,29,78,205;700,4,5,19,39,115;98,3,84,95,102;969,3,44,59,79;59,3,44,109,124;388,3,51,77,126;254,2,74,197;564,2,53,116;346,2,208,218;348,2,36,159;444,2,69,98;793,2,44,75;190,2,130,179;373,2,88,109;206,2,153,305;912,2,36,87;75,2,18,96;387,2,111,159;660,2,84,120;512,1,145;827,1,108;781,1,106;861,1,107;158,1,198;354,1,45;573,1,105;962,1,32;63,1,54;275,1,31;650,1,52;794,1,48;795,1,42;931,1,39;372,1,193;208,1,61;972,1,36;375,1,35;814,1,61;801,1,86;376,1,203;811,1,61;546,1,86;71,1,73;380,1,350;216,1,142;942,1,46;382,1,58;749,1,120;857,1,57;226,1,198;677,1,40
1050,5,6:879,2,93,127;98,1,90;679,1,38;403,1,121;209,1,213
1051,17,31:188,8,19,41,60,89,121,150,175,197;745,4,12,41,75,106;37,3,53,79,113;252,2,266,305;615,2,2,12;98,1,111;808,1,185;47,1,107;562,1,285;765,1,90;786,1,90;21,1,275;909,1,29;938,1,25;848,1,141;233,1,101;462,1,79
1052,10,21:811,5,2,5,11,35,55;7,3,14,28,38;98,2,119,138;546,2,10,23;215,2,213,230;591,2,8,26;227,2,63,91;206,1,166;214,1,16;32,1,54
1053,3,3:98,1,135;248,1,194;76,1,19
1054,19,36:235,6,17,34,53,169,215,290;367,5,15,30,51,69,86;762,4,69,71,235,255;98,2,145,147;714,2,89,91;566,2,103,105;184,2,78,80;661,2,196,198;240,1,53;120,1,45;557,1,105;926,1,68;360,1,94;582,1,95;477,1,295;589,1,100;936,1,61;940,1,24;393,1,201
1055,3,3:98,1,148;759,1,169;841,1,153
1056,10,10:98,1,160;402,1,53;403,1,164;682,1,92;687,1,91;705,1,136;790,1,56;845,1,114;530,1,203;599,1,156
1057,9,9:98,1,163;891,1,101;624,1,163;324,1,185;766,1,105;181,1,55;831,1,86;695,1,169;599,1,104
1058,37,49:187,3,11,33,65;190,3,6,18,50;933,3,4,16,43;221,3,63,74,270;492,2,91,163;861,2,4,21;931,2,77,88;24,2,66,288;98,1,165;37,1,51;105,1,150;671,1,116;554,1,190;113,1,269;535,1,164;120,1,240;624,1,119;828,1,171;808,1,192;20,1,229;638,1,90;421,1,219;793,1,67;795,1,77;64,1,351;238,1,308;202,1,111;585,1,99;530,1,116;373,1,168;464,1,151;771,1,143;754,1,67;659,1,101;702,1,180;834,1,254;233,1,97
1059,6,6:98,1,167;974,1,46;359,1,259;497,1,64;4,1,68;276,1,155
1060,45,65:181,6,2,11,25,127,206,219;182,4,8,16,22,93;606,3,49,169,190;936,3,3,15,69;359,2,105,115;910,2,9,23;822,2,183,227;864,2,53,80;192,2,22,207;446,2,53,126;526,2,2,17;391,2,82,97;98,1,176;314,1,134;237,1,114;597,1,93;321,1,42;322,1,137;323,1,61;126,1,24;779,1,140;760,1,86;333,1,93;842,1,48;521,1,29;641,1,52;173,1,130;444,1,26;445,1,66;487,1,106;246,1,108;247,1,120;198,1,136;276,1,126;585,1,79;373,1,200;989,1,41;831,1,119;211,1,89;226,1,154;231,1,153;394,1,183;8,1,148;395,1,279;249,1,156
1061,15,15:98,1,191;601,1,243;37,1,154;110,1,287;892,1,47;341,1,303;151,1,210;482,1,152;790,1,119;715,1,55;484,1,87;498,1,63;373,1,213;676,1,169;456,1,278
1062,13,16:775,3,150,175,223;306,2,182,458;98,1,206;267,1,129;905,1,221;148,1,42;166,1,153;22,1,55;181,1,124;204,1,62;28,1,138;8,1,124;295,1,246
1063,3,3:773,1,51;54,1,42;649,1,83
1064,28,41:998,3,1,7,13;965,3,1,6,18;4,3,1,32,67;878,3,2,9,63;773,2,53,102;774,2,1,18;497,2,152,169;697,2,38,42;464,2,188,203;724,1,111;968,1,86;907,1,87;43,1,65;665,1,67;684,1,164;873,1,243;686,1,201;343,1,186;861,1,102;690,1,81;567,1,132;649,1,84;195,1,36;477,1,260;409,1,30;248,1,240;903,1,74;226,1,140
1065,8,10:135,2,105,113;369,2,62,111;773,1,60;685,1,56;3,1,99;581,1,159;848,1,140;459,1,88
1066,2,2:773,1,79;296,1,175
1067,3,3:773,1,80;851,1,58;659,1,59
1068,24,26:63,2,36,248;754,2,73,82;773,1,117;36,1,198;240,1,247;306,1,462;602,1,120;621,1,184;253,1,194;125,1,322;325,1,117;329,1,156;849,1,284;562,1,197;21,1,182;706,1,43;766,1,122;669,1,102;367,1,131;64,1,158;370,1,191;210,1,100;219,1,147;659,1,94
1069,11,12:601,2,38,131;684,1,129;343,1,132;157,1,156;521,1,150;182,1,183;717,1,47;257,1,78;76,1,51;221,1,224;461,1,106
1070,1,1:601,1,42
1071,54,59:709,2,148,199;713,2,15,38;689,2,146,178;354,2,123,209;700,2,10,24;601,1,105;306,1,188;37,1,299;103,1,192;312,1,159;465,1,168;554,1,53;884,1,53;39,1,240;949,1,52;41,1,355;682,1,38;125,1,22;536,1,56;712,1,151;466,1,187;133,1,90;529,1,215;889,1,47;506,1,185;493,1,256;863,1,146;340,1,153;819,1,95;686,1,124;730,1,79;921,1,68;945,1,68;20,1,123;737,1,69;362,1,117;790,1,59;715,1,98;484,1,111;793,1,127;510,1,34;498,1,138;202,1,79;831,1,67;409,1,56;212,1,90;995,1,14;78,1,149;289,1,134;480,1,133;470,1,184;511,1,107;84,1,74;394,1,60
1072,12,19:251,5,11,23,45,65,159;926,3,12,27,70;55,2,27,152;601,1,117;306,1,73;816,1,28;686,1,22;605,1,107;782,1,132;642,1,89;792,1,96;805,1,48
1073,2,2:601,1,126;920,1,58
1074,77,85:780,3,18,38,70;601,2,140,159;266,2,185,238;2,2,290,302;729,2,189,235;159,2,120,237;226,2,183,194;99,1,100;775,1,231;302,1,138;534,1,76;103,1,79;905,1,322;107,1,74;619,1,101;314,1,102;110,1,185;711,1,66;555,1,125;319,1,280;120,1,168;122,1,68;672,1,99;255,1,209;893,1,63;134,1,327;270,1,152;604,1,129;629,1,86;48,1,176;146,1,69;18,1,99;148,1,94;687,1,92;341,1,255;439,1,34;343,1,195;922,1,65;636,1,94;521,1,95;688,1,126;638,1,227;21,1,165;860,1,293;56,1,31;361,1,77;420,1,73;495,1,85;61,1,54;3,1,174;644,1,74;421,1,51;422,1,79;844,1,180;245,1,60;761,1,158;188,1,156;541,1,189;190,1,155;367,1,194;651,1,78;64,1,225;543,1,53;797,1,49;67,1,121;246,1,125;247,1,135;276,1,294;448,1,78;207,1,211;749,1,91;971,1,44;220,1,133;699,1,61;225,1,136;702,1,210;703,1,63
1075,9,9:601,1,179;403,1,176;13,1,88;17,1,248;689,1,162;928,1,63;541,1,322;199,1,137;450,1,400
1076,9,9:601,1,200;684,1,142;332,1,148;142,1,222;482,1,240;484,1,101;426,1,151;452,1,268;834,1,177
1077,30,33:252,2,72,163;871,2,109,194;26,2,1,13;601,1,206;36,1,43;312,1,93;620,1,34;435,1,55;44,1,192;808,1,54;873,1,59;631,1,94;874,1,86;945,1,6;636,1,152;733,1,130;714,1,49;567,1,37;908,1,76;477,1,279;946,1,67;25,1,147;214,1,206;215,1,50;380,1,313;221,1,214;292,1,157;661,1,225;722,1,101;395,1,154
1078,12,17:786,4,64,124,140,147;601,3,240,254,283;34,1,84;133,1,138;341,1,291;348,1,81;418,1,235;475,1,51;928,1,87;831,1,20;661,1,65;664,1,146
1079,2,2:601,1,318;274,1,88
1080,14,15:822,2,113,178;601,1,329;871,1,57;13,1,49;872,1,203;142,1,134;171,1,196;830,1,23;181,1,81;761,1,150;193,1,61;280,1,328;30,1,217;528,1,61
1081,2,2:601,1,332;418,1,45
1082,1,1:601,1,345
1083,6,7:994,2,14,34;601,1,363;312,1,83;17,1,183;222,1,24;396,1,217
1084,3,3:601,1,368;987,1,52;215,1,236
1085,23,23:601,1,371;435,1,279;330,1,26;517,1,67;629,1,100;17,1,21;898,1,19;418,1,179;908,1,58;647,1,59;192,1,222;368,1,108;193,1,248;583,1,35;694,1,27;449,1,123;450,1,417;526,1,32;261,1,27;501,1,82;458,1,17;596,1,17;834,1,220
1086,4,4:601,1,390;322,1,16;418,1,286;446,1,135
1087,1,1:601,1,409
1088,87,171:468,6,4,10,23,66,75,98;219,5,5,15,28,44,190;32,5,8,22,39,324,420;302,4,6,18,32,64;343,4,8,17,29,110;206,4,4,13,36,279;972,4,11,23,26,52;218,4,7,20,38,193;80,4,10,21,46,166;701,4,11,24,46,60;777,3,101,127,142;405,3,8,17,33;46,3,177,239,285;757,3,3,12,91;3,3,36,148,267;207,3,42,127,173;801,3,5,13,24;546,3,7,20,41;216,3,3,10,29;804,3,7,17,24;73,3,5,11,20;591,3,15,33,42;955,3,6,15,27;410,3,12,25,37;750,3,3,15,29;720,3,9,20,220;82,3,3,18,36;125,2,107,231;473,2,29,64;863,2,44,197;166,2,1,13;570,2,98,104;420,2,63,140;184,2,130,162;374,2,4,15;208,2,11,24;26,2,34,49;72,2,9,22;719,2,5,20;748,2,9,20;384,2,9,21;700,2,7,21;913,2,6,23;251,1,36;239,1,192;107,1,102;974,1,56;254,1,168;756,1,29;471,1,88;624,1,205;778,1,104;893,1,30;328,1,73;134,1,333;334,1,27;516,1,44;338,1,103;819,1,56;686,1,178;342,1,143;560,1,115;407,1,83;785,1,31;354,1,134;356,1,94;178,1,27;63,1,82;485,1,63;467,1,72;800,1,34;747,1,26;588,1,36;375,1,38;210,1,32;802,1,58;380,1,42;381,1,41;749,1,51;971,1,23;6,1,54;78,1,64;387,1,41;939,1,41;388,1,27;858,1,25;722,1,218
1089,24,28:721,4,12,32,59,196;300,2,30,204;251,1,53;774,1,76;776,1,72;512,1,146;968,1,69;331,1,132;895,1,69;808,1,111;151,1,205;861,1,94;162,1,31;963,1,40;61,1,91;822,1,104;421,1,105;580,1,189;365,1,72;195,1,228;280,1,155;378,1,149;811,1,25;940,1,90
1090,2,2:251,1,86;268,1,32
1091,7,7:251,1,91;775,1,287;730,1,46;668,1,101;876,1,170;451,1,145;595,1,135
1092,3,3:251,1,95;551,1,124;363,1,98
1093,1,1:251,1,115
1094,15,19:602,2,71,102;873,2,154,174;30,2,105,108;825,2,76,79;251,1,116;335,1,131;415,1,155;629,1,63;164,1,30;244,1,50;787,1,23;692,1,158;746,1,114;5,1,91;284,1,126
1095,3,3:300,1,48;412,1,263;831,1,76
1096,1,1:300,1,53
1097,56,66:525,4,2,19,37,102;419,3,47,67,129;378,3,67,113,145;110,2,218,318;166,2,118,140;468,2,20,63;300,1,129;891,1,80;306,1,357;679,1,61;974,1,122;827,1,194;403,1,228;319,1,112;237,1,134;481,1,41;672,1,183;597,1,320;673,1,131;806,1,94;138,1,137;140,1,94;144,1,119;705,1,168;343,1,193;633,1,32;922,1,40;842,1,26;20,1,156;924,1,68;689,1,207;785,1,63;351,1,48;352,1,131;353,1,147;418,1,137;22,1,230;360,1,116;182,1,44;844,1,59;65,1,77;369,1,121;543,1,244;524,1,30;446,1,34;652,1,271;876,1,109;25,1,129;698,1,77;453,1,119;380,1,248;699,1,324;594,1,128;600,1,167;226,1,208;702,1,71
1098,5,10:300,4,141,144,184,188;400,3,6,32,71;597,1,193;463,1,102;499,1,97
1099,13,21:821,5,58,76,95,160,176;361,4,42,68,111,150;761,2,191,200;300,1,152;775,1,105;624,1,125;685,1,149;341,1,249;163,1,187;575,1,79;715,1,58;365,1,182;669,1,93
1100,27,47:214,6,87,95,141,185,233,251;380,5,75,84,173,235,337;26,3,52,75,90;379,3,7,17,50;837,3,55,62,81;25,2,69,111;547,2,20,41;75,2,3,10;752,2,27,52;596,2,36,55;300,1,209;334,1,107;439,1,139;344,1,124;208,1,114;375,1,83;973,1,77;71,1,57;847,1,70;215,1,71;72,1,41;934,1,178;971,1,18;76,1,28;220,1,52;228,1,34;660,1,95
1101,15,30:467,5,5,34,134,154,197;34,3,10,26,54;499,3,21,51,117;282,3,6,26,48;488,3,18,39,56;521,2,44,152;197,2,97,132;497,2,6,16;756,1,33;705,1,141;735,1,61;523,1,43;357,1,71;421,1,188;485,1,32
1102,29,49:238,15,12,27,84,93,95,108,132,194,237,255,274,291,304,388,398;493,3,284,291,324;24,2,87,136;282,2,66,130;377,2,105,130;378,2,121,175;34,1,75;102,1,181;13,1,170;471,1,43;136,1,152;270,1,154;520,1,106;52,1,129;271,1,58;162,1,186;417,1,30;165,1,91;476,1,193;187,1,85;195,1,83;372,1,86;409,1,108;248,1,149;450,1,70;451,1,180;283,1,90;259,1,152;457,1,67
1103,5,7:34,2,96,103;426,2,89,122;206,1,214;590,1,229;391,1,20
1104,74,82:125,2,163,290;605,2,66,249;798,2,106,185;206,2,21,243;248,2,212,225;214,2,209,243;32,2,61,318;858,2,41,122;34,1,165;775,1,56;412,1,110;267,1,64;303,1,141;891,1,74;315,1,72;319,1,53;14,1,37;672,1,135;597,1,79;437,1,52;915,1,55;780,1,218;872,1,32;405,1,152;950,1,34;729,1,121;48,1,106;342,1,54;996,1,31;922,1,43;688,1,52;637,1,96;55,1,34;169,1,47;987,1,18;272,1,56;177,1,197;362,1,18;62,1,107;740,1,243;790,1,35;768,1,33;928,1,62;476,1,143;792,1,165;717,1,23;914,1,27;496,1,38;794,1,56;190,1,111;191,1,72;478,1,101;198,1,49;694,1,126;207,1,145;453,1,50;546,1,92;380,1,62;216,1,68;217,1,187;948,1,92;942,1,30;382,1,51;748,1,137;76,1,23;938,1,67;772,1,189;720,1,168;289,1,47;456,1,213;81,1,46;292,1,98;862,1,76;755,1,57
1105,5,5:34,1,171;42,1,144;471,1,133;357,1,37;6,1,33
1106,9,9:34,1,173;41,1,44;630,1,43;200,1,103;5,1,78;29,1,70;30,1,86;385,1,66;825,1,56
1107,14,18:213,4,17,36,59,91;740,2,68,139;34,1,185;99,1,82;414,1,91;244,1,49;273,1,114;823,1,110;718,1,174;189,1,119;377,1,84;216,1,135;385,1,213;456,1,258
1108,10,22:316,4,123,162,192,309;320,4,14,34,60,138;141,3,115,193,196;590,3,23,48,90;34,2,187,195;197,2,5,12;134,1,361;482,1,125;67,1,122;772,1,72
1109,30,67:471,4,7,24,52,113;52,4,11,27,56,155;165,4,6,16,38,61;280,4,13,41,313,362;290,4,11,28,45,221;128,3,4,16,37;473,3,7,19,38;349,3,2,11,23;476,3,7,19,30;483,3,10,26,52;467,3,16,45,73;489,3,3,11,32;504,2,6,16;929,2,6,20;370,2,57,148;258,2,20,47;464,2,109,115;283,2,27,56;480,2,114,176;456,2,208,252;34,1,188;122,1,27;350,1,106;366,1,70;497,1,39;468,1,86;469,1,145;527,1,23;457,1,90;470,1,189
1110,4,4:34,1,194;466,1,64;196,1,80;377,1,70
1111,11,21:320,3,15,35,61;186,3,9,19,36;485,3,9,24,64;197,2,6,13;248,2,13,33;479,2,7,22;377,2,16,36;34,1,196;855,1,35;452,1,477;226,1,78
1112,68,157:207,6,5,21,44,110,128,174;720,6,10,21,35,60,221,278;208,5,12,25,46,95,136;894,4,1,9,29,41;570,4,9,25,46,142;22,4,48,107,212,359;206,4,5,14,44,281;752,4,8,17,36,105;228,4,9,19,43,62;39,3,13,31,55;514,3,2,15,59;523,3,2,9,49;64,3,77,140,335;744,3,9,19,97;374,3,5,16,35;25,3,6,17,36;814,3,4,12,37;801,3,7,15,26;287,3,6,16,25;748,3,10,21,29;74,3,9,19,34;591,3,17,35,44;749,3,13,27,109;912,3,10,24,44;750,3,4,16,30;223,3,7,20,33;991,3,7,15,35;32,3,37,141,226;511,3,4,12,34;721,3,3,23,78;390,3,5,14,66;296,3,12,44,75;40,2,71,260;121,2,71,227;331,2,202,244;474,2,6,25;375,2,10,23;218,2,8,21;219,2,6,16;454,2,5,11;78,2,6,19;82,2,10,25;389,2,9,24;99,1,42;777,1,102;622,1,143;253,1,97;2,1,217;405,1,34;897,1,28;159,1,183;538,1,102;864,1,40;747,1,29;932,1,62;281,1,228;210,1,35;380,1,148;719,1,74;383,1,18;971,1,26;955,1,28;937,1,89;502,1,52;226,1,53;388,1,30;31,1,276;701,1,61
1113,12,24:281,4,10,34,172,220;301,3,74,100,179;788,3,3,12,52;233,3,11,28,50;266,2,115,227;618,2,142,147;255,2,105,166;99,1,48;2,1,211;920,1,35;849,1,209;271,1,114
1114,6,6:99,1,60;443,1,63;694,1,61;670,1,206;396,1,95;235,1,74
1115,13,13:99,1,64;512,1,99;120,1,82;43,1,108;780,1,245;718,1,217;246,1,127;247,1,137;276,1,296;464,1,196;211,1,214;214,1,215;229,1,67
1116,4,5:201,2,178,355;99,1,67;120,1,85;3,1,312
1117,1,1:99,1,71
1118,1,1:99,1,73
1119,28,70:670,9,42,180,182,224,307,310,338,352,388;656,8,18,21,40,43,71,74,85,88;590,5,24,49,88,91,246;213,5,18,37,60,92,286;678,4,284,287,295,298;562,3,84,90,93;860,3,69,104,122;99,2,83,86;492,2,42,44;331,2,369,372;333,2,126,128;53,2,65,68;898,2,54,60;162,2,77,78;900,2,68,71;176,2,67,70;362,2,76,84;887,2,30,38;664,2,78,81;242,1,65;808,1,207;18,1,155;347,1,46;63,1,204;261,1,137;30,1,97;593,1,58;825,1,69
1120,17,22:722,3,15,36,135;826,2,1,13;172,2,57,96;692,2,143,212;99,1,93;709,1,59;303,1,81;11,1,130;305,1,76;888,1,50;809,1,47;51,1,96;880,1,91;365,1,162;191,1,94;549,1,66;8,1,199
1121,2,2:99,1,97;285,1,63
1122,16,17:509,2,54,201;99,1,99;775,1,71;242,1,90;41,1,77;414,1,99;43,1,300;137,1,93;626,1,241;149,1,83;821,1,107;363,1,140;745,1,128;371,1,99;278,1,256;428,1,109
1123,35,38:252,2,93,166;534,2,165,267;718,2,166,214;99,1,142;399,1,149;240,1,146;725,1,90;319,1,74;13,1,59;14,1,179;437,1,446;493,1,75;152,1,20;874,1,165;714,1,99;351,1,68;786,1,154;441,1,94;739,1,160;821,1,142;644,1,210;651,1,210;693,1,191;369,1,40;246,1,156;247,1,166;198,1,168;373,1,251;207,1,113;211,1,105;837,1,103;380,1,266;216,1,155;290,1,216;32,1,114
1124,26,42:467,5,9,38,80,95,206;691,4,3,15,63,114;735,3,7,22,85;929,3,12,26,44;99,2,145,176;40,2,73,107;121,2,73,107;128,2,151,205;161,2,80,129;100,1,144;598,1,188;111,1,58;871,1,117;515,1,34;493,1,153;151,1,107;975,1,25;183,1,49;864,1,96;483,1,103;496,1,103;479,1,131;377,1,190;290,1,235;229,1,62;235,1,55
1125,28,37:189,5,19,40,70,141,149;341,3,54,89,198;968,2,98,107;355,2,70,75;539,2,8,32;99,1,148;120,1,141;41,1,260;623,1,136;872,1,217;855,1,47;142,1,174;636,1,126;784,1,85;714,1,253;566,1,85;691,1,121;359,1,127;649,1,147;651,1,222;277,1,204;694,1,81;280,1,203;292,1,265;662,1,89;395,1,102;755,1,81;249,1,50
1126,13,25:367,7,6,21,43,82,94,113,127;55,6,10,21,132,135,172,198;120,2,121,209;99,1,186;240,1,311;855,1,57;926,1,99;179,1,82;584,1,132;280,1,178;452,1,301;229,1,146;235,1,143
1127,6,6:99,1,189;512,1,56;123,1,303;605,1,104;367,1,54;384,1,73
1128,6,9:544,2,61,109;210,2,21,43;79,2,84,121;99,1,193;822,1,115;541,1,300
1129,11,11:99,1,204;615,1,150;871,1,73;44,1,149;329,1,82;415,1,230;59,1,105;822,1,239;366,1,234;824,1,23;377,1,222
1130,2,2:709,1,43;341,1,289
1131,49,64:255,6,1,18,36,197,211,226;709,2,138,227;110,2,136,190;402,2,285,319;254,2,338,417;762,2,99,123;729,2,160,171;980,2,40,104;639,2,86,96;26,2,214,223;971,2,2,7;301,1,86;102,1,159;512,1,179;681,1,99;555,1,377;827,1,183;321,1,248;665,1,62;505,1,152;436,1,31;329,1,63;780,1,251;806,1,88;829,1,155;407,1,62;159,1,282;352,1,103;168,1,126;881,1,137;22,1,381;272,1,36;419,1,97;574,1,232;578,1,69;718,1,221;769,1,24;477,1,69;902,1,82;707,1,48;771,1,178;804,1,63;748,1,126;749,1,95;720,1,157;455,1,35;470,1,168;225,1,159;31,1,136
1132,25,37:456,4,6,24,124,237;814,3,2,10,35;429,3,6,26,61;236,3,5,34,84;201,2,4,24;286,2,117,200;288,2,13,30;709,1,164;240,1,228;711,1,126;115,1,123;132,1,41;627,1,64;739,1,103;176,1,143;23,1,103;928,1,33;718,1,229;208,1,32;211,1,194;450,1,243;912,1,42;32,1,49;462,1,50;664,1,54
1133,3,3:709,1,174;302,1,180;568,1,67
1134,18,19:864,2,51,58;709,1,226;240,1,400;512,1,82;916,1,35;38,1,139;40,1,148;119,1,123;603,1,130;597,1,76;45,1,341;54,1,230;843,1,109;180,1,106;274,1,130;205,1,81;28,1,198;31,1,421
1135,28,29:500,2,66,82;551,1,114;306,1,219;309,1,143;319,1,223;682,1,52;237,1,184;817,1,173;127,1,27;134,1,422;333,1,115;556,1,59;889,1,54;808,1,96;343,1,205;347,1,51;20,1,223;417,1,302;736,1,40;353,1,137;766,1,48;422,1,76;378,1,148;72,1,188;222,1,53;528,1,110;751,1,84;233,1,94
1136,18,19:281,2,139,166;551,1,155;618,1,101;974,1,78;535,1,158;39,1,196;888,1,77;536,1,46;727,1,101;556,1,82;561,1,81;738,1,39;360,1,51;791,1,155;199,1,314;545,1,90;411,1,59;249,1,184
1137,7,8:207,2,121,162;266,1,58;909,1,7;374,1,30;747,1,102;546,1,30;72,1,122
1138,15,29:266,5,92,123,168,213,236;2,3,133,202,332;285,3,42,50,120;301,2,139,195;45,2,75,196;255,2,118,144;849,2,211,267;70,2,24,50;396,2,25,52;618,1,79;406,1,183;157,1,130;909,1,34;190,1,146;31,1,146
1139,7,7:266,1,160;127,1,141;726,1,93;996,1,77;26,1,211;248,1,206;8,1,151
1140,12,16:134,3,57,104,442;221,3,223,238,305;266,1,171;127,1,144;415,1,242;163,1,78;419,1,125;482,1,103;652,1,280;373,1,240;215,1,94;290,1,201
1141,34,37:780,2,226,274;416,2,29,91;926,2,49,84;266,1,239;854,1,75;613,1,93;513,1,140;12,1,171;884,1,96;2,1,46;712,1,36;436,1,72;879,1,55;806,1,38;46,1,74;18,1,146;975,1,69;842,1,121;52,1,40;538,1,168;21,1,34;418,1,217;475,1,49;574,1,82;843,1,110;179,1,249;792,1,153;274,1,98;676,1,268;847,1,107;934,1,66;222,1,63;292,1,263;395,1,186
1142,10,15:301,3,6,30,83;558,3,31,43,73;261,2,240,270;102,1,114;762,1,268;405,1,87;863,1,157;166,1,150;28,1,230;380,1,283
1143,11,11:301,1,52;158,1,23;161,1,42;826,1,27;185,1,59;192,1,106;67,1,112;498,1,173;69,1,100;213,1,161;599,1,152
1144,1,1:301,1,54
1145,4,5:376,2,5,24;301,1,55;553,1,44;225,1,39
1146,21,31:301,3,92,143,158;827,3,90,105,159;638,3,79,98,214;268,2,187,232;254,2,184,392;828,2,78,105;876,2,112,128;616,1,86;681,1,142;711,1,133;629,1,93;729,1,209;48,1,159;351,1,50;567,1,128;715,1,85;771,1,215;594,1,180;291,1,30;293,1,131;702,1,159
1147,5,5:301,1,103;122,1,120;144,1,269;17,1,246;790,1,52
1148,1,1:301,1,156
1149,25,29:656,3,17,39,70;316,2,190,203;281,2,21,45;301,1,161;534,1,155;12,1,69;242,1,62;14,1,181;414,1,89;125,1,308;331,1,338;137,1,100;162,1,50;57,1,82;59,1,107;900,1,60;176,1,139;843,1,48;62,1,97;580,1,204;238,1,103;477,1,262;376,1,100;772,1,70;670,1,384
1150,38,50:100,3,61,114,131;346,3,167,195,223;57,3,83,146,157;254,2,151,189;273,2,108,115;238,2,104,128;24,2,86,135;216,2,128,136;912,2,135,142;301,1,162;854,1,143;302,1,140;534,1,129;316,1,347;320,1,229;126,1,273;817,1,97;922,1,66;880,1,97;860,1,295;23,1,86;539,1,159;740,1,104;761,1,130;187,1,84;188,1,158;509,1,80;258,1,123;201,1,280;585,1,125;876,1,133;385,1,214;225,1,138;226,1,185;83,1,258;702,1,212;394,1,100;295,1,170
1151,1,1:301,1,164
1152,10,15:704,5,20,42,64,144,179;409,2,69,125;301,1,189;854,1,34;917,1,77;466,1,127;332,1,75;787,1,68;29,1,207;393,1,144
1153,36,57:100,4,4,26,109,148;778,4,44,61,153,226;627,3,4,11,57;349,3,5,14,26;4,3,170,208,268;658,3,10,25,65;662,3,9,31,147;114,2,48,89;52,2,14,30;571,2,11,30;856,2,41,159;245,2,88,153;907,1,55;472,1,104;871,1,65;128,1,40;335,1,115;144,1,51;145,1,114;48,1,76;561,1,57;53,1,329;54,1,182;165,1,71;172,1,33;357,1,55;23,1,42;63,1,106;364,1,47;3,1,332;476,1,34;24,1,257;652,1,179;704,1,110;450,1,88;377,1,109
1154,35,46:429,4,18,38,96,230;825,3,8,25,49;100,2,9,31;420,2,7,26;740,2,17,38;187,2,21,43;285,2,20,40;385,2,117,250;101,1,113;534,1,128;678,1,283;619,1,50;315,1,38;685,1,83;144,1,303;149,1,118;561,1,104;849,1,233;562,1,89;158,1,213;58,1,189;59,1,96;3,1,231;182,1,195;476,1,219;844,1,184;650,1,54;366,1,147;542,1,28;509,1,79;657,1,126;593,1,57;658,1,60;595,1,30;663,1,153
1155,31,46:236,7,100,111,128,133,139,184,197;4,3,202,210,270;100,2,10,32;268,2,175,195;561,2,40,105;53,2,90,151;740,2,126,235;280,2,9,37;283,2,28,57;905,1,118;12,1,66;514,1,73;134,1,397;146,1,86;149,1,94;52,1,125;523,1,62;539,1,142;953,1,40;422,1,111;257,1,44;542,1,29;195,1,52;902,1,43;526,1,59;29,1,217;754,1,54;857,1,63;511,1,113;396,1,243;664,1,60
1156,1,2:100,2,16,38
1157,17,20:670,3,306,337,387;100,2,22,44;239,1,123;678,1,294;866,1,20;828,1,154;685,1,94;244,1,47;57,1,156;740,1,101;864,1,157;692,1,59;585,1,383;376,1,115;284,1,127;222,1,68;225,1,112
1158,50,62:8,4,56,89,142,160;162,3,138,215,220;53,2,125,302;55,2,1,12;543,2,72,160;870,2,43,83;428,2,42,101;720,2,211,256;664,2,155,171;100,1,53;311,1,51;313,1,104;974,1,149;316,1,380;254,1,314;918,1,74;255,1,108;780,1,192;142,1,223;627,1,16;558,1,63;152,1,54;19,1,82;980,1,79;570,1,78;59,1,228;22,1,271;23,1,68;766,1,102;179,1,176;180,1,113;182,1,18;869,1,80;196,1,29;67,1,215;652,1,70;375,1,49;5,1,210;283,1,149;377,1,268;212,1,106;469,1,123;287,1,36;385,1,228;289,1,90;387,1,161;225,1,26;429,1,163;825,1,187;236,1,224
1159,8,8:100,1,60;316,1,306;849,1,239;158,1,193;20,1,122;718,1,120;451,1,138;377,1,53
1160,34,49:53,3,17,34,76;22,3,15,31,128;146,2,8,16;19,2,17,34;522,2,19,40;420,2,19,38;477,2,246,261;67,2,26,52;584,2,17,34;499,2,80,83;280,2,25,53;488,2,8,29;664,2,23,47;100,1,130;42,1,155;481,1,281;597,1,143;817,1,119;324,1,98;828,1,65;269,1,133;340,1,208;686,1,170;158,1,122;20,1,90;359,1,286;761,1,129;796,1,33;745,1,139;276,1,289;277,1,141;259,1,147;76,1,94;393,1,111
1161,7,9:587,3,5,21,52;100,1,161;412,1,176;136,1,244;367,1,186;193,1,56;280,1,156
1162,15,16:543,2,83,116;100,1,165;314,1,159;622,1,221;321,1,67;559,1,206;161,1,165;790,1,134;245,1,16;67,1,191;585,1,108;221,1,286;224,1,53;599,1,135;755,1,177
1163,7,10:100,2,170,187;242,2,84,120;595,2,90,110;162,1,40;63,1,134;189,1,193;259,1,115
1164,7,7:100,1,183;133,1,177;17,1,40;922,1,69;57,1,77;280,1,361;32,1,146
1165,18,37:29,6,26,54,156,175,188,200;402,4,77,186,230,272;5,3,26,55,67;30,3,27,57,75;385,3,13,33,90;399,2,82,162;136,2,125,173;585,2,139,466;393,2,118,159;670,2,210,360;100,1,188;125,1,97;506,1,162;733,1,350;769,1,140;707,1,100;283,1,101;754,1,50
1166,1,1:100,1,193
1167,6,9:639,3,6,23,62;774,2,65,212;892,1,95;762,1,87;363,1,65;64,1,262
1168,6,9:639,3,8,25,64;774,2,67,214;892,1,97;762,1,88;363,1,66;64,1,263
1169,1,1:774,1,111
1170,1,1:774,1,121
1171,7,7:774,1,123;892,1,85;416,1,79;256,1,39;190,1,121;698,1,177;32,1,53
1172,13,14:188,2,109,204;774,1,125;399,1,92;36,1,129;710,1,49;103,1,146;14,1,131;727,1,63;53,1,250;354,1,27;567,1,66;748,1,90;720,1,121
1173,5,6:146,2,94,137;774,1,159;11,1,115;970,1,73;17,1,33
1174,12,13:825,2,88,181;774,1,167;136,1,72;730,1,129;522,1,43;355,1,47;275,1,135;367,1,85;68,1,202;746,1,136;221,1,132;80,1,129
1175,4,4:774,1,179;777,1,32;630,1,107;341,1,176
1176,3,3:774,1,193;738,1,38;1,1,86
1177,21,30:402,3,93,191,387;436,2,77,116;441,2,14,30;747,2,35,85;213,2,133,280;455,2,55,100;887,2,104,120;8,2,154,259;774,1,198;239,1,195;724,1,42;435,1,196;888,1,93;779,1,133;442,1,34;718,1,61;794,1,64;445,1,29;587,1,63;426,1,59;656,1,80
1178,17,22:787,4,1,10,20,55;685,2,79,115;638,2,139,167;774,1,204;552,1,81;471,1,126;466,1,113;673,1,71;560,1,175;417,1,319;189,1,174;693,1,144;965,1,34;4,1,98;704,1,176;498,1,115;697,1,63
1179,6,6:774,1,239;891,1,109;119,1,85;537,1,127;575,1,86;702,1,168
1180,25,68:270,7,2,18,88,112,145,177,196;140,6,11,24,45,53,62,136;427,6,4,16,35,44,89,108;491,5,7,22,56,106,142;515,5,7,15,28,57,119;346,5,4,6,24,26,57;211,5,72,130,141,151,166;59,4,69,102,118,225;248,3,20,40,67;139,2,3,12;141,2,75,127;271,2,76,100;820,2,9,24;476,2,53,84;450,2,255,283;122,1,45;463,1,152;130,1,119;921,1,28;439,1,128;159,1,350;183,1,175;281,1,111;285,1,86;226,1,124
1181,18,73:463,12,6,18,30,42,56,71,97,168,173,194,214,236;248,11,14,34,60,79,108,115,120,127,143,187,193;130,9,6,20,98,143,147,171,178,190,206;226,8,14,33,64,95,116,133,174,201;59,7,2,15,28,84,144,169,216;491,6,11,26,51,132,146,155;159,5,177,253,333,383,391;137,3,55,126,157;141,2,231,249;459,2,48,116;40,1,198;985,1,79;270,1,205;238,1,382;68,1,98;426,1,101;212,1,87;224,1,129
1182,7,9:327,3,13,33,68;491,1,71;346,1,72;417,1,193;823,1,86;199,1,189;698,1,116
1183,14,18:493,3,133,165,414;691,2,36,68;847,2,54,116;491,1,101;506,1,178;921,1,77;520,1,62;638,1,105;645,1,22;578,1,50;972,1,44;452,1,382;214,1,83;381,1,74
1184,32,77:185,8,2,5,28,79,86,91,119,146;59,7,3,16,29,145,170,217,231;269,6,4,22,77,91,112,154;378,5,6,25,89,95,207;522,4,16,37,64,130;463,3,1,25,50;130,3,1,15,35;358,3,14,34,51;524,3,2,5,57;225,3,5,17,46;226,3,100,117,202;296,3,6,38,244;40,2,256,264;121,2,223,231;326,2,59,96;276,2,325,390;277,2,171,287;655,2,2,12;491,1,133;413,1,95;780,1,116;21,1,135;4,1,220;488,1,86;526,1,56;469,1,79;600,1,127;458,1,65;31,1,73;392,1,184;294,1,42;9,1,147
1185,4,4:775,1,57;634,1,40;567,1,45;821,1,172
1186,3,3:775,1,97;122,1,99;373,1,156
1187,6,7:775,2,157,289;897,1,93;736,1,43;353,1,110;766,1,51;395,1,263
1188,3,4:775,2,160,273;402,1,148;63,1,263
1189,8,9:775,2,181,191;107,1,89;622,1,216;18,1,168;639,1,107;478,1,124;847,1,106;662,1,135
1190,11,12:866,2,5,14;775,1,197;317,1,30;237,1,61;762,1,89;160,1,121;856,1,116;581,1,23;186,1,34;912,1,65;230,1,55
1191,9,9:775,1,202;116,1,231;819,1,38;21,1,202;444,1,178;540,1,50;73,1,236;548,1,47;79,1,91
1192,1,1:775,1,205
1193,2,2:775,1,216;621,1,116
1194,18,22:978,3,41,108,121;821,2,71,143;207,2,16,32;775,1,241;252,1,338;239,1,78;777,1,110;871,1,162;316,1,237;115,1,100;849,1,275;57,1,68;365,1,209;257,1,108;509,1,200;201,1,268;702,1,162;295,1,331
1195,1,1:775,1,267
1196,4,4:775,1,283;336,1,75;357,1,39;488,1,72
1197,6,8:701,3,66,107,121;854,1,19;22,1,94;453,1,152;858,1,95;429,1,64
1198,2,2:854,1,27;438,1,73
1199,4,4:854,1,38;142,1,66;149,1,73;694,1,175
1200,1,1:854,1,52
1201,1,1:854,1,59
1202,10,10:854,1,60;239,1,107;619,1,75;41,1,117;817,1,44;485,1,78;797,1,54;857,1,78;670,1,378;664,1,74
1203,4,7:53,4,190,209,235,326;854,1,90;255,1,101;920,1,69
1204,6,6:854,1,97;241,1,81;145,1,61;729,1,104;792,1,120;805,1,100
1205,6,6:854,1,98;145,1,63;729,1,106;630,1,73;860,1,183;792,1,122
1206,7,14:612,3,2,12,30;603,3,7,15,40;878,3,49,107,139;394,2,67,162;101,1,30;905,1,147;147,1,103
1207,4,4:612,1,31;246,1,150;247,1,160;198,1,162
1208,15,21:776,2,23,55;302,2,70,94;557,2,3,14;945,2,76,107;572,2,92,116;63,2,185,241;612,1,33;552,1,44;615,1,111;621,1,203;829,1,192;923,1,56;171,1,98;583,1,181;530,1,193
1209,29,69:585,10,87,119,128,168,178,195,213,244,372,377;242,7,32,39,149,168,171,241,251;621,6,4,16,35,132,270,321;612,5,52,60,79,95,118;884,5,61,78,154,178,185;422,4,60,72,105,140;126,3,61,93,249;415,3,60,109,212;109,2,4,11;554,2,118,202;624,2,102,114;945,2,81,94;696,2,89,126;776,1,78;618,1,211;871,1,165;839,1,93;44,1,101;888,1,85;324,1,225;685,1,63;493,1,390;557,1,30;355,1,81;544,1,117;846,1,73;590,1,94;213,1,263;395,1,218
1210,3,4:612,2,54,109;776,1,64;213,1,199
1211,10,15:513,3,12,25,69;872,3,83,105,159;612,2,59,66;905,1,179;553,1,54;839,1,92;67,1,186;545,1,39;453,1,100;887,1,100
1212,3,5:612,2,65,121;324,2,122,226;583,1,78
1213,41,77:43,5,187,237,244,260,273;612,4,78,107,136,142;183,4,11,29,61,164;649,4,11,25,51,111;603,3,65,149,169;463,3,22,46,90;269,3,86,89,186;493,3,340,343,378;346,3,12,32,131;476,3,38,206,216;483,3,84,92,111;197,3,31,117,160;479,3,42,79,112;124,2,48,79;130,2,67,83;517,2,11,25;173,2,60,79;451,2,134,271;310,1,145;725,1,109;759,1,59;816,1,46;122,1,30;322,1,103;504,1,35;138,1,53;604,1,57;52,1,106;159,1,202;357,1,44;691,1,34;195,1,151;200,1,133;280,1,71;283,1,139;378,1,221;655,1,61;658,1,61;456,1,82;503,1,37;226,1,96
1214,22,30:612,3,82,99,112;552,3,8,17,37;302,3,11,23,38;563,3,1,16,37;892,1,37;554,1,155;116,1,52;322,1,38;888,1,54;325,1,55;629,1,40;631,1,60;764,1,60;732,1,31;566,1,56;568,1,87;173,1,111;768,1,83;182,1,216;64,1,161;585,1,66;388,1,44
1215,5,5:776,1,24;324,1,22;689,1,63;909,1,78;772,1,52
1216,10,18:464,8,15,19,36,40,50,54,163,183;723,2,61,130;776,1,35;305,1,86;47,1,34;418,1,111;69,1,123;383,1,62;772,1,32;940,1,23
1217,10,10:776,1,44;777,1,42;624,1,54;505,1,20;583,1,188;807,1,60;814,1,55;480,1,73;511,1,99;850,1,108
1218,6,10:125,5,73,96,188,204,224;776,1,50;872,1,179;590,1,237;292,1,244;708,1,88
1219,12,31:824,8,2,6,26,32,36,63,120,133;533,4,7,15,21,35;554,4,44,137,158,165;202,4,11,23,41,52;616,2,1,7;585,2,57,323;530,2,5,25;776,1,76;624,1,76;541,1,39;544,1,104;411,1,90
1220,27,92:624,9,4,13,36,68,146,160,191,197,234;324,7,6,16,25,47,139,160,177;261,7,42,153,245,275,286,295,319;541,6,8,17,26,88,152,355;616,5,18,29,32,103,117;530,5,20,40,67,73,78;590,5,7,32,54,106,203;554,4,4,11,35,85;544,4,9,18,32,85;203,4,10,20,41,114;832,4,5,13,34,61;242,3,5,16,99;127,3,11,23,47;193,3,9,22,169;585,3,2,10,23;213,3,7,26,44;606,3,4,15,37;109,2,30,51;422,2,2,8;656,2,7,29;79,2,14,28;776,1,85;598,1,130;205,1,116;284,1,72;411,1,91;9,1,116
1221,7,12:399,4,4,21,73,98;528,3,7,14,28;554,1,224;653,1,103;593,1,72;991,1,143;292,1,67
1222,13,32:842,7,6,18,31,68,96,103,136;399,6,16,33,42,125,153,181;205,4,5,14,31,66;382,3,8,17,26;751,3,13,27,45;454,2,54,58;533,1,107;541,1,264;5,1,63;29,1,245;30,1,62;935,1,47;223,1,52
1223,2,2:399,1,45;28,1,69
1224,14,18:670,3,273,294,407;673,2,124,164;757,2,36,52;399,1,59;678,1,234;916,1,76;724,1,57;415,1,237;565,1,120;168,1,45;61,1,81;68,1,160;221,1,234;77,1,92
1225,6,9:624,3,7,16,39;399,2,104,136;354,1,42;581,1,174;190,1,157;373,1,116
1226,36,46:316,3,29,78,166;399,2,107,138;619,2,37,148;860,2,204,211;791,2,68,148;64,2,312,328;374,2,69,80;281,2,148,174;546,2,120,123;35,1,78;513,1,136;616,1,90;254,1,318;436,1,114;556,1,25;922,1,51;54,1,137;163,1,191;57,1,132;539,1,192;740,1,228;273,1,85;813,1,95;63,1,244;576,1,46;844,1,171;718,1,141;793,1,71;398,1,147;590,1,162;285,1,125;216,1,125;547,1,50;229,1,36;702,1,317;462,1,152
1227,15,27:399,6,112,124,143,152,172,180;235,4,91,160,195,233;740,2,205,226;546,2,117,149;385,2,203,253;79,2,85,106;12,1,198;603,1,163;806,1,51;855,1,41;762,1,246;182,1,47;292,1,186;393,1,173;8,1,194
1228,10,13:992,3,5,17,36;565,2,5,12;241,1,43;110,1,226;268,1,55;125,1,256;321,1,224;688,1,41;423,1,36;448,1,36
1229,4,6:992,3,6,18,37;306,1,207;638,1,43;502,1,67
1230,2,4:412,3,75,140,312;992,1,52
1231,1,1:992,1,72
1232,3,3:992,1,77;17,1,78;576,1,172
1233,3,3:992,1,87;418,1,237;26,1,130
1234,5,5:992,1,91;348,1,92;477,1,158;720,1,261;78,1,107
1235,13,19:777,6,59,64,72,80,134,144;744,2,35,72;836,1,49;916,1,74;554,1,159;945,1,30;923,1,21;157,1,67;165,1,116;59,1,58;645,1,29;578,1,24;188,1,64
1236,14,41:546,6,3,16,66,76,188,223;25,5,5,16,35,58,162;215,5,89,116,133,149,174;990,5,4,16,36,60,107;71,4,11,22,75,94;394,4,6,14,140,160;254,3,223,266,340;847,2,128,151;878,2,60,126;836,1,50;645,1,141;206,1,255;700,1,76;227,1,28
1237,4,7:735,3,1,16,35;464,2,3,24;836,1,57;61,1,135
1238,28,43:856,4,12,24,106,119;645,4,5,10,94,142;319,3,50,147,155;636,3,11,25,39;38,2,15,30;712,2,16,136;415,2,5,24;998,2,6,12;359,2,7,23;836,1,114;11,1,101;104,1,88;724,1,84;12,1,147;619,1,125;969,1,56;918,1,69;863,1,55;984,1,110;406,1,28;897,1,79;182,1,165;365,1,22;65,1,106;276,1,162;391,1,14;702,1,149;878,1,61
1239,35,38:450,3,48,77,91;322,2,44,99;101,1,42;615,1,96;968,1,34;602,1,61;108,1,317;110,1,77;622,1,89;884,1,13;319,1,96;756,1,74;321,1,142;437,1,315;779,1,156;686,1,45;153,1,82;519,1,138;350,1,51;994,1,65;578,1,70;647,1,46;184,1,29;718,1,123;931,1,24;447,1,203;902,1,22;500,1,40;286,1,63;70,1,63;936,1,37;221,1,67;699,1,326;657,1,47;722,1,110
1240,15,16:153,2,79,119;101,1,43;108,1,369;343,1,47;861,1,59;159,1,176;22,1,80;642,1,118;182,1,43;483,1,80;275,1,89;771,1,75;28,1,62;215,1,177;395,1,195
1241,15,21:261,6,99,168,218,249,289,300;505,2,60,79;101,1,44;103,1,76;105,1,136;621,1,349;554,1,133;45,1,199;779,1,151;897,1,149;822,1,207;444,1,103;279,1,106;587,1,65;656,1,107
1242,24,57:402,8,11,24,33,72,143,166,236,277;435,6,7,17,27,100,229,277;462,5,13,29,36,53,126;239,4,94,112,128,276;362,4,96,101,123,149;850,4,20,41,81,136;806,3,6,22,61;827,2,29,96;332,2,11,23;821,2,16,35;200,2,10,40;201,2,75,85;664,2,185,210;101,1,66;412,1,194;759,1,41;604,1,120;984,1,34;994,1,76;245,1,48;400,1,141;448,1,71;531,1,151;460,1,60
1243,1,1:101,1,73
1244,7,8:278,2,6,17;101,1,84;512,1,45;780,1,100;199,1,162;606,1,201;599,1,99
1245,21,31:860,4,1,11,200,246;518,3,8,17,31;645,3,4,9,93;863,2,4,16;705,2,10,21;943,2,8,17;101,1,142;116,1,69;40,1,154;604,1,40;686,1,190;632,1,53;733,1,101;961,1,40;349,1,105;419,1,132;4,1,214;831,1,15;464,1,172;260,1,124;489,1,49
1246,2,6:102,3,13,27,218;136,3,21,44,66
1247,30,50:253,7,13,42,83,234,258,272,285;102,4,54,122,162,202;39,3,72,91,230;888,3,6,13,108;334,3,2,10,22;892,2,70,80;321,2,158,164;626,2,203,255;506,2,48,159;376,2,48,134;553,1,99;108,1,20;884,1,122;123,1,50;414,1,147;872,1,42;730,1,111;849,1,98;24,1,224;247,1,97;198,1,126;902,1,55;69,1,76;426,1,111;212,1,57;997,1,43;951,1,53;549,1,75;595,1,97;9,1,74
1248,1,2:102,2,71,103
1249,17,28:334,3,7,15,45;277,3,193,221,279;474,2,64,85;336,2,1,17;740,2,171,216;363,2,56,72;486,2,9,31;477,2,136,187;197,2,36,122;102,1,73;493,1,370;189,1,238;485,1,47;451,1,212;290,1,78;392,1,192;393,1,177
1250,10,10:102,1,107;116,1,179;780,1,227;493,1,306;568,1,61;191,1,49;509,1,221;530,1,202;499,1,108;940,1,36
1251,7,8:976,2,38,76;102,1,113;405,1,86;166,1,149;583,1,282;652,1,278;80,1,77
1252,6,6:102,1,119;436,1,78;856,1,138;769,1,16;745,1,63;31,1,80
1253,1,1:102,1,173
1254,13,15:552,3,6,15,34;302,1,35;621,1,316;120,1,184;597,1,182;493,1,232;440,1,26;354,1,168;739,1,123;845,1,73;206,1,96;386,1,16;292,1,31
1255,8,14:676,4,4,18,56,223;587,4,3,19,50,73;552,1,39;617,1,70;538,1,183;357,1,92;201,1,293;596,1,89
1256,11,13:676,2,104,166;946,2,43,50;552,1,51;108,1,335;119,1,40;915,1,64;146,1,97;605,1,192;171,1,42;195,1,55;235,1,166
1257,13,15:310,2,77,135;589,2,91,161;302,1,74;620,1,61;621,1,131;884,1,195;624,1,209;522,1,162;822,1,45;541,1,139;845,1,109;452,1,108;661,1,172
1258,37,51:356,4,5,19,34,80;144,3,6,22,39;896,3,2,14,43;3,3,130,168,199;268,2,84,154;624,2,35,101;341,2,42,161;572,2,89,114;64,2,53,364;302,1,78;36,1,116;905,1,154;105,1,82;682,1,97;269,1,225;894,1,40;334,1,95;889,1,61;338,1,73;808,1,77;48,1,120;763,1,43;406,1,173;945,1,110;163,1,102;177,1,105;810,1,40;364,1,79;189,1,144;543,1,197;280,1,322;80,1,31;978,1,188;31,1,141;459,1,93;83,1,170;755,1,107
1259,2,2:252,1,50;465,1,95
1260,30,34:982,2,24,61;137,2,172,200;631,2,98,106;946,2,39,188;252,1,77;613,1,62;240,1,262;103,1,72;620,1,25;314,1,192;132,1,39;332,1,256;986,1,62;863,1,79;518,1,68;152,1,193;256,1,42;53,1,103;354,1,30;173,1,57;856,1,33;3,1,118;767,1,57;953,1,98;964,1,60;245,1,230;669,1,113;540,1,36;989,1,24;548,1,51
1261,14,15:576,2,10,23;252,1,107;126,1,199;331,1,57;493,1,181;520,1,115;538,1,250;272,1,93;573,1,46;202,1,132;452,1,451;427,1,66;850,1,143;460,1,62
1262,2,2:252,1,134;12,1,190
1263,29,31:555,2,154,368;872,2,137,192;252,1,136;306,1,144;598,1,80;905,1,250;616,1,50;553,1,150;969,1,47;465,1,79;142,1,205;338,1,142;46,1,161;340,1,122;156,1,57;785,1,120;57,1,128;881,1,55;482,1,131;790,1,80;577,1,47;822,1,75;365,1,208;669,1,78;692,1,265;447,1,62;746,1,224;375,1,105;453,1,205
1264,41,50:337,3,1,24,48;384,3,1,13,57;725,2,2,23;14,2,95,149;507,2,1,14;748,2,2,13;720,2,2,13;252,1,167;678,1,92;613,1,51;513,1,31;680,1,9;777,1,120;827,1,15;116,1,91;623,1,27;254,1,332;605,1,59;945,1,21;841,1,48;160,1,178;637,1,60;59,1,157;766,1,88;181,1,42;193,1,216;478,1,76;586,1,64;530,1,197;374,1,46;814,1,91;801,1,67;211,1,106;450,1,163;215,1,180;428,1,58;937,1,80;511,1,67;459,1,24;83,1,312;227,1,82
1265,1,1:252,1,188
1266,14,14:252,1,247;512,1,163;107,1,124;517,1,112;808,1,253;17,1,302;18,1,46;632,1,117;841,1,32;156,1,32;691,1,84;541,1,134;290,1,52;470,1,38
1267,4,5:8,2,105,118;252,1,255;512,1,185;333,1,78
1268,1,1:252,1,279
1269,10,12:696,2,46,75;698,2,1,9;252,1,313;344,1,117;171,1,105;275,1,85;190,1,105;744,1,40;654,1,108;78,1,96
1270,4,5:733,2,394,405;252,1,314;625,1,60;985,1,55
1271,11,13:661,3,84,106,120;252,1,326;622,1,161;782,1,40;417,1,73;737,1,93;881,1,117;496,1,69;467,1,99;464,1,118;701,1,141
1272,1,1:252,1,340
1273,3,6:35,2,6,19;133,2,2,8;367,2,8,23
1274,1,2:35,2,7,20
1275,4,5:542,2,1,9;35,1,27;867,1,75;80,1,104
1276,3,3:35,1,60;320,1,69;409,1,114
1277,1,1:35,1,62
1278,9,15:276,6,145,149,161,201,237,246;839,2,11,23;35,1,73;109,1,34;137,1,106;556,1,84;3,1,237;585,1,269;548,1,71
1279,22,72:500,7,6,14,21,29,56,68,93;26,6,7,19,27,161,177,257;541,5,9,18,27,213,307;586,5,3,9,26,49,111;548,5,6,26,54,118,149;528,5,2,9,17,37,83;530,4,6,26,47,208;220,4,3,9,15,21;222,4,4,8,72,150;593,4,4,12,25,64;533,3,22,50,100;202,3,53,160,185;653,3,3,17,138;76,3,6,13,45;598,2,98,147;824,2,37,121;832,2,26,67;193,1,136;585,1,40;934,1,185;886,1,60;940,1,173
1280,5,5:533,1,32;328,1,100;538,1,227;191,1,112;9,1,113
1281,1,1:533,1,39
1282,17,18:945,2,93,98;533,1,41;37,1,93;679,1,50;759,1,93;324,1,164;134,1,116;335,1,82;558,1,48;17,1,265;156,1,29;980,1,46;418,1,93;698,1,140;287,1,54;76,1,87;292,1,137
1283,14,40:940,8,1,3,5,57,84,102,150,157;544,4,1,10,31,162;653,4,12,26,45,134;530,4,17,37,72,127;671,3,39,49,200;127,3,10,22,73;586,3,5,11,57;205,3,8,17,36;406,2,72,165;79,2,5,19;533,1,61;156,1,53;541,1,316;202,1,116
1284,7,13:530,5,19,39,65,132,187;544,3,29,115,164;533,1,63;146,1,150;861,1,79;248,1,89;221,1,261
1285,14,21:541,4,160,214,308,333;500,4,15,30,69,94;530,2,48,209;533,1,101;598,1,109;574,1,142;930,1,75;193,1,137;653,1,139;824,1,147;548,1,150;222,1,56;886,1,61;832,1,68
1286,4,5:213,2,74,268;492,1,32;590,1,65;261,1,185
1287,12,16:779,3,9,21,43;678,2,8,19;371,2,34,91;492,1,36;598,1,154;905,1,201;46,1,449;785,1,40;261,1,45;593,1,55;292,1,133;664,1,182
1288,28,57:213,8,15,34,57,89,120,146,257,283;590,5,21,46,85,154,243;261,5,139,176,194,211,222;656,4,14,36,67,131;670,4,38,304,340,390;574,3,19,38,326;886,3,10,20,44;806,2,109,125;562,2,81,270;362,2,80,91;844,2,24,149;492,1,39;239,1,121;678,1,291;827,1,37;402,1,66;46,1,37;605,1,227;495,1,107;576,1,115;184,1,104;717,1,105;274,1,53;425,1,36;606,1,196;455,1,99;703,1,79;664,1,108
1289,9,12:437,4,192,340,374,483;492,1,46;115,1,187;118,1,140;481,1,45;44,1,96;336,1,61;359,1,176;74,1,22
1290,13,14:359,2,201,208;492,1,52;110,1,93;413,1,61;112,1,65;585,1,225;932,1,84;500,1,48;73,1,166;886,1,29;940,1,61;79,1,29;7,1,83
1291,5,5:492,1,54;242,1,218;554,1,167;125,1,28;694,1,179
1292,2,4:492,2,56,205;585,2,344,399
1293,13,20:492,3,65,134,189;512,2,202,207;624,2,29,154;15,2,122,126;199,2,134,224;203,2,71,80;204,1,34;205,1,110;449,1,79;426,1,91;259,1,130;261,1,268;79,1,42
1294,18,25:831,6,18,30,48,63,87,133;492,2,89,161;465,2,63,158;710,1,63;113,1,270;120,1,241;537,1,107;808,1,193;52,1,69;20,1,230;64,1,352;530,1,114;398,1,51;771,1,144;754,1,68;702,1,181;834,1,255;233,1,98
1295,38,65:817,5,32,151,187,211,223;366,5,1,18,56,89,113;199,5,3,23,57,129,229;200,5,2,32,76,162,186;358,3,7,27,43;585,3,258,390,483;488,3,11,32,49;242,2,228,256;132,2,4,15;734,2,43,89;372,2,2,24;456,2,8,26;492,1,113;413,1,49;472,1,143;682,1,131;42,1,174;133,1,55;415,1,92;440,1,58;163,1,105;420,1,86;421,1,131;582,1,82;281,1,108;5,1,119;450,1,234;259,1,180;285,1,89;286,1,160;30,1,133;75,1,58;454,1,67;290,1,76;502,1,84;511,1,122;721,1,199;660,1,48
1296,4,5:376,2,1,20;492,1,170;804,1,43;938,1,47
1297,1,1:492,1,201
1298,6,12:412,3,10,21,25;443,3,6,14,40;988,2,1,6;62,2,13,27;176,1,48;830,1,9
1299,1,2:412,2,44,63
1300,5,5:412,1,60;534,1,69;914,1,49;823,1,46;718,1,143
1301,20,62:189,11,17,38,67,107,138,152,176,179,204,233,248;277,9,10,40,87,151,182,245,263,291,313;599,9,1,7,29,39,44,48,105,115,128;694,8,9,19,47,69,97,113,146,182;969,3,4,10,19;257,3,10,21,57;279,3,7,21,39;595,3,7,15,32;413,2,19,22;412,1,61;777,1,33;402,1,336;515,1,44;17,1,291;443,1,20;844,1,30;193,1,54;427,1,77;940,1,143;234,1,40
1302,3,3:412,1,62;305,1,36;595,1,132
1303,14,17:306,2,49,129;72,2,66,284;385,2,133,159;412,1,66;513,1,44;905,1,92;402,1,70;897,1,104;56,1,63;179,1,72;3,1,361;576,1,180;909,1,80;825,1,121
1304,4,5:806,2,14,30;412,1,69;332,1,43;53,1,204
1305,17,27:534,4,59,124,199,294;402,4,103,227,314,384;827,2,45,65;844,2,1,8;448,2,11,23;462,2,39,105;412,1,71;435,1,232;332,1,49;806,1,136;573,1,55;574,1,73;61,1,18;362,1,151;717,1,90;274,1,78;391,1,60
1306,4,7:412,4,77,138,241,332;435,1,144;258,1,106;450,1,363
1307,1,1:412,1,113
1308,22,31:237,7,7,21,48,85,162,237,284;336,3,6,22,45;162,2,12,26;412,1,119;253,1,175;320,1,95;126,1,76;45,1,376;161,1,41;54,1,43;165,1,156;67,1,111;498,1,172;845,1,146;282,1,122;748,1,35;720,1,66;226,1,108;229,1,32;8,1,293;396,1,64;878,1,24
1309,6,7:229,2,33,99;412,1,120;165,1,157;887,1,59;8,1,294;878,1,25
1310,1,1:412,1,121
1311,1,1:412,1,126
1312,14,18:8,3,202,235,252;126,2,83,269;880,2,92,112;412,1,151;403,1,94;321,1,208;134,1,399;178,1,135;181,1,54;442,1,45;541,1,104;238,1,321;995,1,41;599,1,93
1313,8,9:41,2,115,193;412,1,165;255,1,232;437,1,70;377,1,156;453,1,199;286,1,239;8,1,250
1314,2,3:412,2,181,272;520,1,240
1315,1,1:412,1,184
1316,26,41:239,7,23,48,62,93,111,127,275;362,4,95,100,122,148;332,3,10,22,63;640,2,2,22;821,2,15,34;200,2,9,39;967,2,8,19;412,1,193;891,1,34;621,1,191;604,1,119;984,1,33;632,1,116;988,1,66;163,1,54;55,1,23;994,1,75;899,1,70;691,1,83;668,1,147;178,1,108;245,1,47;448,1,70;771,1,132;702,1,375;460,1,59
1317,2,2:412,1,198;129,1,167
1318,16,19:104,2,62,79;562,2,137,235;61,2,2,8;412,1,217;307,1,24;724,1,93;554,1,105;268,1,214;808,1,244;406,1,25;245,1,246;449,1,143;847,1,41;990,1,66;657,1,135;805,1,136
1319,12,14:467,3,20,49,171;412,1,233;435,1,257;624,1,232;505,1,70;406,1,94;644,1,195;258,1,90;676,1,244;374,1,48;284,1,55;606,1,188
1320,14,20:412,2,237,304;11,2,53,183;12,2,54,146;826,2,45,50;539,2,175,262;693,2,88,149;438,1,32;630,1,84;559,1,187;984,1,76;341,1,51;363,1,212;191,1,128;376,1,108
1321,5,5:412,1,249;534,1,196;2,1,138;739,1,79;831,1,45
1322,6,8:412,2,265,335;873,2,123,198;402,1,349;72,1,153;74,1,52;75,1,26
1323,2,2:412,1,285;396,1,203
1324,26,42:844,5,77,93,122,134,233;176,4,42,107,187,246;361,3,155,161,171;447,3,58,132,187;534,2,208,312;678,2,80,230;624,2,100,112;332,2,208,238;697,2,6,13;412,1,295;239,1,238;434,1,60;242,1,220;109,1,31;816,1,78;554,1,37;806,1,44;142,1,136;519,1,98;562,1,301;440,1,211;495,1,95;178,1,41;362,1,26;184,1,120;702,1,276
1325,13,15:451,2,6,24;702,2,301,378;412,1,296;240,1,293;969,1,80;466,1,122;493,1,318;517,1,103;686,1,158;53,1,224;845,1,70;248,1,152;655,1,98
1326,3,3:412,1,308;539,1,179;741,1,63
1327,1,3:36,3,7,15,24
1328,20,35:47,5,2,8,14,98,105;330,4,2,14,39,93;36,3,8,16,26;139,3,6,15,43;228,3,6,16,59;919,2,9,18;215,2,2,9;672,1,102;733,1,366;567,1,38;193,1,95;25,1,32;69,1,72;847,1,38;411,1,118;502,1,103;32,1,147;429,1,197;7,1,77;660,1,29
1329,6,7:319,2,127,143;36,1,47;41,1,52;645,1,139;588,1,25;848,1,49
1330,4,8:598,5,6,12,29,74,184;36,1,52;311,1,88;743,1,63
1331,1,1:36,1,63
1332,8,13:733,4,145,169,193,424;36,2,69,178;415,2,162,195;573,1,145;372,1,177;847,1,92;721,1,96;664,1,101
1333,10,10:36,1,78;103,1,126;828,1,178;244,1,90;58,1,193;644,1,262;651,1,246;546,1,64;215,1,127;940,1,184
1334,2,2:36,1,92;427,1,40
1335,2,4:36,2,99,176;849,2,14,28
1336,17,35:249,7,67,102,115,126,141,170,192;396,5,149,158,207,235,246;39,4,147,186,238,270;827,2,74,109;403,2,113,206;246,2,206,230;234,2,4,13;295,2,118,189;36,1,103;324,1,218;806,1,95;256,1,55;277,1,183;694,1,178;376,1,151;79,1,60;392,1,189
1337,6,8:168,3,10,26,56;36,1,110;45,1,178;515,1,33;921,1,31;876,1,161
1338,19,21:378,2,162,195;30,2,209,215;36,1,164;403,1,231;481,1,163;335,1,66;54,1,128;20,1,173;171,1,165;181,1,245;646,1,142;281,1,199;5,1,201;69,1,226;248,1,215;6,1,176;456,1,265;825,1,137;235,1,294
1339,4,4:36,1,200;57,1,91;418,1,91;676,1,226
1340,1,1:267,1,37
1341,2,2:267,1,54;137,1,115
1342,17,19:175,2,127,140;260,2,106,116;267,1,59;303,1,53;42,1,58;43,1,84;189,1,126;366,1,46;198,1,152;277,1,68;585,1,100;259,1,102;385,1,73;527,1,30;940,1,127;392,1,99;393,1,78
1343,1,1:267,1,63
1344,1,1:267,1,86
1345,2,2:267,1,87;331,1,94
1346,4,4:267,1,136;320,1,200;176,1,147;823,1,78
1347,14,16:67,3,15,41,71;303,1,49;253,1,66;42,1,56;237,1,36;336,1,58;180,1,53;366,1,42;424,1,30;258,1,64;259,1,89;260,1,102;385,1,69;825,1,59
1348,1,1:303,1,61
1349,2,2:303,1,63;259,1,95
1350,1,1:303,1,101
1351,9,23:573,6,22,49,90,107,127,146;534,4,74,113,147,187;415,3,163,172,196;337,3,12,35,63;303,2,107,261;283,2,115,120;678,1,66;150,1,147;565,1,16
1352,1,1:303,1,124
1353,1,1:303,1,164
1354,6,6:303,1,188;534,1,121;128,1,203;269,1,180;864,1,172;278,1,245
1355,5,9:891,4,11,22,32,126;565,2,81,140;597,1,155;164,1,70;798,1,98
1356,16,21:513,5,8,21,52,121,180;221,2,83,86;891,1,47;917,1,66;107,1,35;554,1,103;328,1,92;415,1,140;340,1,175;819,1,35;605,1,121;731,1,53;519,1,104;441,1,60;692,1,161;990,1,73
1357,1,1:891,1,71
1358,13,14:772,2,123,129;891,1,89;115,1,144;864,1,188;65,1,23;197,1,103;653,1,93;207,1,74;695,1,110;378,1,239;804,1,72;290,1,138;502,1,63
1359,24,36:790,4,53,63,126,139;230,3,90,96,103;312,2,55,101;883,2,78,101;682,2,43,58;153,2,36,76;689,2,124,138;277,2,194,222;805,2,49,91;891,1,93;602,1,58;622,1,145;403,1,174;329,1,124;780,1,233;144,1,223;53,1,251;417,1,49;642,1,86;361,1,95;909,1,79;769,1,135;65,1,25;700,1,61
1360,4,5:216,2,116,124;891,1,121;597,1,40;742,1,76
1361,5,16:178,8,1,10,39,83,92,121,128,183;239,3,5,30,264;332,2,29,117;953,2,4,8;176,1,248
1362,2,10:239,9,8,33,73,89,137,196,202,283,334;590,1,228
1363,6,9:239,3,11,36,55;984,2,27,62;534,1,257;305,1,32;332,1,32;462,1,47
1364,3,23:239,12,12,37,74,138,197,203,244,260,267,284,315,335;332,7,6,18,33,138,143,163,244;777,4,129,133,139,143
1365,1,4:239,4,25,50,64,274
1366,6,11:741,5,2,7,25,40,87;953,2,27,52;239,1,52;437,1,330;447,1,96;702,1,370
1367,6,7:342,2,2,16;239,1,69;790,1,188;497,1,160;380,1,41;955,1,20
1368,1,2:239,2,70,314
1369,1,1:239,1,72
1370,1,1:239,1,101
1371,1,1:239,1,115
1372,8,22:718,7,80,138,170,175,187,201,206;844,6,27,35,71,102,154,222;823,4,12,32,55,76;239,1,124;905,1,42;332,1,70;716,1,135;717,1,104
1373,3,3:239,1,131;331,1,85;18,1,80
1374,2,2:239,1,135;333,1,125
1375,1,1:239,1,163
1376,3,3:239,1,182;436,1,88;556,1,75
1377,3,3:239,1,201;179,1,103;9,1,191
1378,4,4:239,1,246;534,1,79;435,1,103;4,1,182
1379,8,9:446,2,114,160;239,1,257;534,1,311;519,1,165;179,1,197;652,1,176;704,1,108;464,1,64
1380,4,4:239,1,286;171,1,116;643,1,184;740,1,223
1381,6,7:406,2,73,166;239,1,306;534,1,111;440,1,212;693,1,150;447,1,231
1382,10,10:239,1,313;871,1,141;113,1,184;324,1,165;463,1,149;979,1,126;881,1,57;179,1,155;771,1,165;978,1,89
1383,4,4:239,1,323;710,1,22;321,1,80;727,1,113
1384,2,4:435,3,45,82,117;239,1,333
1385,5,19:534,8,3,12,46,99,109,171,223,299;844,7,74,90,119,127,131,211,231;599,2,46,50;718,1,157;201,1,167
1386,1,6:534,6,4,13,55,110,193,291
1387,2,7:534,6,5,14,157,176,229,245;822,1,225
1388,5,8:534,3,7,16,211;448,2,7,19;435,1,276;806,1,35;192,1,83
1389,1,2:534,2,28,34
1390,15,16:534,2,29,151;723,1,78;44,1,210;134,1,48;152,1,19;191,1,16;192,1,38;193,1,202;207,1,87;208,1,68;449,1,32;25,1,170;284,1,37;215,1,25;391,1,86
1391,1,1:534,1,30
1392,2,2:534,1,35;408,1,31
1393,1,1:534,1,36
1394,12,12:534,1,43;760,1,47;685,1,103;556,1,72;979,1,81;573,1,100;644,1,97;245,1,21;651,1,104;477,1,61;661,1,146;664,1,205
1395,4,20:22,8,11,27,49,88,116,224,353,360;649,5,7,21,38,126,138;534,4,47,94,141,189;281,3,13,37,64
1396,26,31:310,2,99,120;175,2,64,166;675,2,50,69;183,2,124,151;546,2,127,151;534,1,57;614,1,230;403,1,81;253,1,211;14,1,138;817,1,189;130,1,124;136,1,233;506,1,154;923,1,82;22,1,340;420,1,68;843,1,136;274,1,84;541,1,206;870,1,107;404,1,93;699,1,169;222,1,67;32,1,175;249,1,121
1397,5,6:534,2,63,289;144,1,170;209,1,44;695,1,158;32,1,441
1398,17,21:67,3,16,42,72;189,2,90,170;70,2,9,35;534,1,68;553,1,47;237,1,73;828,1,62;332,1,69;137,1,62;416,1,50;158,1,162;420,1,154;180,1,54;3,1,229;24,1,93;530,1,57;600,1,157
1399,13,13:534,1,75;108,1,279;514,1,46;340,1,158;150,1,24;521,1,76;165,1,138;523,1,35;644,1,73;844,1,85;651,1,77;583,1,237;73,1,95
1400,12,13:653,2,76,80;534,1,80;554,1,261;624,1,134;127,1,94;245,1,43;544,1,78;586,1,45;205,1,135;219,1,146;593,1,33;754,1,97
1401,6,7:148,2,61,64;534,1,86;332,1,60;5,1,85;30,1,93;825,1,65
1402,1,1:534,1,87
1403,6,8:534,2,100,300;58,2,102,175;319,1,59;718,1,158;938,1,50;940,1,97
1404,8,8:534,1,102;106,1,32;14,1,147;779,1,128;714,1,46;212,1,54;73,1,36;990,1,47
1405,3,3:534,1,134;347,1,70;718,1,161
1406,3,4:51,2,17,34;534,1,136;450,1,46
1407,5,14:134,5,74,158,248,300,408;947,4,10,20,28,86;894,3,8,16,48;534,1,145;206,1,219
1408,3,3:534,1,159;253,1,220;509,1,191
1409,1,1:534,1,161
1410,2,2:534,1,162;670,1,302
1411,4,4:534,1,163;416,1,51;844,1,185;718,1,178
1412,17,18:365,2,30,37;534,1,166;310,1,60;827,1,117;320,1,201;440,1,151;61,1,110;63,1,249;791,1,85;367,1,132;370,1,154;587,1,140;210,1,103;261,1,263;501,1,96;392,1,199;9,1,45
1413,13,14:620,2,53,63;534,1,168;322,1,132;665,1,89;147,1,62;418,1,288;59,1,138;60,1,59;181,1,273;209,1,47;847,1,172;31,1,57;228,1,70
1414,1,1:534,1,173
1415,5,5:534,1,174;583,1,105;676,1,260;770,1,100;72,1,156
1416,1,1:534,1,183
1417,1,1:534,1,204
1418,1,1:534,1,209
1419,1,1:534,1,233
1420,3,3:534,1,234;844,1,188;718,1,208
1421,2,2:534,1,246;83,1,298
1422,3,3:534,1,259;435,1,248;448,1,81
1423,2,3:534,2,262,306;450,1,330
1424,13,14:621,2,65,82;534,1,263;103,1,327;680,1,35;148,1,110;842,1,123;365,1,151;692,1,133;205,1,76;452,1,101;978,1,86;31,1,167;395,1,131
1425,3,3:534,1,272;437,1,153;831,1,100
1426,20,22:880,3,1,16,68;534,1,281;126,1,32;520,1,148;690,1,108;419,1,88;362,1,139;184,1,32;929,1,66;185,1,133;477,1,186;694,1,25;746,1,217;209,1,199;499,1,140;280,1,349;27,1,21;451,1,279;990,1,28;658,1,96
1427,5,5:534,1,314;465,1,115;375,1,67;804,1,59;456,1,293
1428,3,5:969,3,35,66,76;11,1,59;12,1,63
1429,2,2:11,1,60;536,1,43
1430,2,4:817,3,220,233,241;11,1,63
1431,2,2:11,1,83;428,1,116
1432,1,2:11,2,89,97
1433,1,1:11,1,98
1434,5,5:11,1,174;12,1,244;759,1,38;562,1,62;245,1,35
1435,1,1:11,1,182
1436,1,1:678,1,25
1437,9,14:918,5,9,26,40,68,125;900,2,7,15;678,1,46;673,1,49;685,1,130;562,1,117;347,1,56;988,1,24;690,1,91
1438,50,61:562,4,8,16,28,242;206,3,233,265,322;872,2,100,160;438,2,16,60;55,2,136,144;997,2,5,10;848,2,27,159;940,2,41,103;678,1,52;513,1,189;307,1,35;968,1,61;435,1,285;118,1,62;44,1,201;127,1,74;536,1,151;712,1,25;625,1,36;332,1,118;270,1,198;338,1,182;984,1,54;859,1,59;519,1,205;996,1,42;156,1,62;346,1,74;688,1,119;163,1,76;350,1,122;690,1,127;176,1,249;61,1,210;178,1,129;578,1,111;543,1,52;195,1,165;68,1,162;831,1,69;374,1,92;589,1,171;211,1,103;452,1,93;72,1,64;289,1,59;480,1,85;459,1,26;227,1,49;394,1,154
1439,2,2:678,1,54;456,1,149
1440,10,18:274,5,2,12,24,118,145;671,4,6,17,64,196;554,2,62,272;678,1,130;37,1,208;615,1,176;621,1,201;894,1,94;643,1,179;813,1,76
1441,10,10:678,1,162;310,1,107;602,1,126;639,1,183;189,1,251;447,1,107;259,1,145;991,1,140;83,1,172;8,1,133
1442,15,32:122,8,5,15,38,71,83,106,118,156;660,4,7,17,34,43;476,3,58,94,147;380,3,211,238,257;268,2,75,125;128,2,101,148;864,2,169,198;678,1,167;105,1,92;817,1,99;270,1,151;165,1,102;791,1,92;588,1,28;31,1,365
1443,23,45:712,5,3,10,33,73,131;848,5,2,12,23,137,156;996,4,4,18,39,84;905,3,44,75,137;685,3,4,15,24;745,3,4,33,66;678,2,206,217;103,2,47,291;338,2,27,122;191,2,1,6;670,2,288,317;673,1,28;138,1,117;890,1,30;519,1,70;998,1,15;347,1,59;538,1,62;690,1,54;860,1,132;900,1,38;768,1,30;953,1,13
1444,8,10:841,2,57,73;927,2,13,26;678,1,232;346,1,73;171,1,89;822,1,95;421,1,92;698,1,115
1445,1,1:678,1,273
1446,10,12:358,2,20,40;285,2,17,37;678,1,286;556,1,45;861,1,93;421,1,162;718,1,200;186,1,46;83,1,142;229,1,52
1447,22,43:670,6,43,183,311,339,353,389;269,4,68,71,131,134;499,4,81,84,146,149;828,3,63,66,156;562,3,78,85,94;678,2,288,299;783,2,65,68;898,2,55,61;860,2,70,123;600,2,148,158;80,2,100,121;437,1,412;332,1,62;350,1,58;900,1,72;176,1,71;362,1,85;62,1,40;576,1,149;692,1,60;261,1,138;593,1,59
1448,13,15:898,2,57,63;860,2,71,124;678,1,289;905,1,43;828,1,157;437,1,413;332,1,71;562,1,96;900,1,73;176,1,72;62,1,41;692,1,61;670,1,185
1449,4,4:678,1,297;562,1,83;362,1,83;718,1,205
1450,3,5:613,3,7,20,32;149,1,105;445,1,25
1451,4,5:613,2,10,23;627,1,24;444,1,29;450,1,294
1452,19,54:131,6,2,12,36,73,90,142;444,5,6,14,32,54,137;590,5,1,26,57,159,217;213,5,1,20,47,67,172;779,4,3,15,39,73;650,4,16,32,65,71;613,3,13,26,40;257,3,8,19,55;192,3,27,109,235;508,3,9,18,42;656,3,1,23,47;279,2,5,19;450,2,180,297;17,1,240;641,1,34;643,1,118;843,1,61;445,1,63;606,1,109
1453,5,6:249,2,49,71;613,1,34;242,1,47;268,1,39;703,1,25
1454,1,1:613,1,38
1455,1,1:613,1,39
1456,2,2:613,1,48;502,1,108
1457,2,2:613,1,108;597,1,157
1458,7,16:531,4,7,25,54,150;710,3,4,9,108;105,3,7,18,153;242,2,51,83;110,2,139,232;311,1,30;809,1,56
1459,8,10:727,2,25,118;548,2,9,29;710,1,27;777,1,63;541,1,44;375,1,107;6,1,56;702,1,351
1460,3,3:710,1,58;529,1,217;954,1,18
1461,1,1:710,1,66
1462,2,2:710,1,80;727,1,76
1463,2,2:710,1,102;789,1,31
1464,1,1:710,1,144
1465,5,9:621,4,26,119,265,340;240,2,23,82;620,1,59;874,1,23;192,1,98
1466,2,3:240,2,42,362;512,1,203
1467,12,18:393,5,4,25,51,135,185;240,2,47,295;759,2,120,218;828,1,139;855,1,49;493,1,471;53,1,145;584,1,71;280,1,219;655,1,147;594,1,112;234,1,65
1468,1,2:240,2,125,184
1469,17,18:521,2,121,136;240,1,129;512,1,60;413,1,85;43,1,106;131,1,110;996,1,66;520,1,53;733,1,281;539,1,151;576,1,134;747,1,80;972,1,37;214,1,73;218,1,228;391,1,83;230,1,65
1470,4,8:389,4,4,19,38,118;228,2,39,50;240,1,133;7,1,85
1471,4,4:240,1,134;110,1,212;153,1,33;520,1,201
1472,2,2:240,1,135;242,1,226
1473,1,1:240,1,141
1474,6,6:240,1,224;305,1,104;729,1,73;690,1,44;61,1,155;596,1,37
1475,10,13:312,2,109,129;122,2,102,148;670,2,75,191;240,1,239;777,1,57;237,1,107;342,1,134;560,1,103;689,1,211;291,1,43
1476,3,6:240,4,246,298,333,407;107,1,81;926,1,97
1477,2,2:240,1,249;46,1,292
1478,3,3:240,1,288;969,1,70;707,1,227
1479,5,5:240,1,294;268,1,134;53,1,240;791,1,83;292,1,206
1480,1,1:240,1,301
1481,3,3:240,1,305;113,1,119;292,1,185
1482,13,19:525,3,8,25,97;902,3,39,42,50;553,2,67,144;873,2,206,213;240,1,352;907,1,130;884,1,118;888,1,104;136,1,200;359,1,133;277,1,145;549,1,98;232,1,24
1483,1,1:240,1,385
1484,21,32:361,6,3,9,15,36,98,136;993,3,15,30,53;833,3,3,10,18;767,2,76,80;192,2,45,194;240,1,388;622,1,231;136,1,93;439,1,74;519,1,65;996,1,75;356,1,75;856,1,88;768,1,156;953,1,73;647,1,24;25,1,46;814,1,18;772,1,192;78,1,89;388,1,42
1485,13,14:46,2,126,312;240,1,394;107,1,45;893,1,54;136,1,90;762,1,146;979,1,118;64,1,358;509,1,160;652,1,282;222,1,141;805,1,25;7,1,66
1486,6,6:240,1,427;619,1,73;242,1,88;346,1,162;22,1,136;229,1,75
1487,10,10:305,1,24;512,1,34;402,1,368;114,1,115;331,1,29;629,1,70;447,1,194;27,1,27;699,1,167;391,1,88
1488,2,2:305,1,30;739,1,137
1489,2,2:305,1,40;599,1,83
1490,1,1:305,1,100
1491,4,4:723,1,30;861,1,36;826,1,35;843,1,42
1492,1,1:723,1,31
1493,26,30:878,3,58,88,104;808,2,84,214;545,2,44,58;723,1,64;602,1,123;866,1,40;339,1,74;686,1,215;840,1,76;897,1,78;157,1,63;538,1,70;860,1,193;56,1,36;177,1,177;364,1,126;645,1,34;669,1,51;191,1,140;582,1,49;546,1,40;215,1,228;219,1,219;971,1,21;388,1,26;32,1,71
1494,1,1:723,1,79
1495,1,1:723,1,81
1496,2,2:723,1,85;137,1,240
1497,3,3:723,1,106;405,1,150;427,1,76
1498,4,4:723,1,157;598,1,67;872,1,212;447,1,171
1499,1,1:723,1,165
1500,1,4:512,4,4,17,29,160
1501,13,18:512,3,12,25,42;877,3,11,23,88;726,2,118,125;808,1,134;256,1,51;860,1,160;641,1,116;931,1,63;68,1,143;966,1,69;770,1,163;221,1,128;395,1,242
1502,5,5:512,1,39;484,1,103;203,1,37;204,1,39;205,1,69
1503,1,1:512,1,46
1504,1,1:512,1,49
1505,7,8:512,2,62,183;812,1,63;519,1,195;635,1,59;441,1,87;184,1,148;394,1,40
1506,1,1:512,1,66
1507,17,18:493,2,242,302;512,1,70;620,1,37;112,1,78;403,1,101;949,1,37;125,1,340;625,1,83;760,1,56;686,1,123;841,1,171;636,1,146;714,1,50;58,1,70;583,1,57;452,1,416;990,1,78
1508,5,5:512,1,73;324,1,197;45,1,295;542,1,18;210,1,102
1509,3,3:512,1,75;17,1,304;577,1,41
1510,4,4:512,1,92;215,1,99;221,1,194;289,1,49
1511,6,6:512,1,94;564,1,77;193,1,172;989,1,100;207,1,117;292,1,61
1512,15,17:482,2,2,19;224,2,160,188;512,1,95;110,1,142;465,1,92;158,1,47;159,1,193;372,1,85;248,1,209;71,1,93;847,1,153;991,1,43;456,1,333;549,1,97;295,1,288
1513,6,8:512,2,105,123;450,2,318,425;957,1,79;68,1,122;447,1,65;226,1,102
1514,1,1:512,1,117
1515,1,1:512,1,131
1516,9,12:621,3,106,199,228;134,2,2,13;512,1,134;556,1,28;148,1,20;350,1,136;479,1,144;290,1,63;8,1,140
1517,17,46:214,10,3,7,13,44,63,91,122,157,173,258;71,5,1,12,32,49,97;215,5,7,14,32,53,60;837,4,4,19,35,99;379,3,10,20,28;847,3,33,69,101;934,3,50,209,213;244,2,4,12;26,2,53,74;973,2,39,76;512,1,152;14,1,117;164,1,136;25,1,76;811,1,14;1,1,84;937,1,68
1518,3,3:512,1,167;960,1,38;447,1,211
1519,3,5:482,3,80,113,169;512,1,169;47,1,47
1520,61,221:206,11,6,15,37,47,77,125,141,186,217,282,301;380,11,8,16,30,44,68,119,149,152,194,221,327;700,10,8,14,22,28,68,84,90,119,121,146;210,9,6,16,36,49,60,82,92,111,128;991,9,8,16,36,47,54,73,103,119,137;381,8,8,16,44,79,106,166,186,222;720,8,11,22,36,61,151,222,248,279;207,6,6,22,45,111,129,175;208,6,13,26,47,63,96,137;454,6,6,12,19,38,53,61;223,6,8,21,34,64,80,88;591,5,18,36,45,60,63;388,5,7,17,31,97,110;511,5,5,13,35,74,144;721,5,6,26,81,100,117;814,4,5,13,38,43;217,4,6,12,25,78;748,4,11,22,30,120;74,4,10,20,35,106;749,4,14,28,86,110;912,4,11,25,45,101;752,4,9,18,37,106;677,4,5,10,23,52;701,4,13,26,49,62;390,4,6,15,24,67;521,3,8,20,58;374,3,6,17,36;747,3,9,18,30;972,3,12,24,27;25,3,7,18,37;801,3,8,16,27;948,3,4,11,26;287,3,7,17,26;750,3,5,17,31;939,3,11,25,44;82,3,11,26,42;228,3,10,20,63;474,2,7,26;864,2,176,191;375,2,11,24;72,2,13,26;218,2,9,22;219,2,7,17;78,2,7,20;858,2,7,16;389,2,10,25;84,2,9,18;596,2,6,12;512,1,208;134,1,334;688,1,88;588,1,71;546,1,87;719,1,75;383,1,19;971,1,27;955,1,29;32,1,38;913,1,46;227,1,68;660,1,124
1521,9,9:512,1,209;346,1,95;185,1,22;541,1,287;5,1,155;248,1,100;30,1,161;825,1,149;395,1,96
1522,3,3:916,1,33;597,1,64;599,1,140
1523,5,5:916,1,52;129,1,127;522,1,122;58,1,83;489,1,61
1524,12,13:218,2,122,198;916,1,59;306,1,123;915,1,51;142,1,208;46,1,267;439,1,147;353,1,120;510,1,37;373,1,54;216,1,65;978,1,83
1525,4,4:916,1,65;856,1,99;870,1,58;293,1,40
1526,24,40:699,8,32,126,171,208,234,255,267,310;238,3,3,18,41;452,3,392,494,497;825,3,5,22,42;867,2,2,10;210,2,48,91;286,2,112,155;916,1,69;108,1,172;115,1,205;623,1,77;471,1,40;129,1,124;762,1,178;829,1,119;493,1,183;691,1,104;477,1,257;378,1,75;606,1,90;77,1,82;903,1,30;79,1,39;596,1,45
1527,3,3:306,1,71;254,1,395;356,1,108
1528,5,7:306,3,101,278,360;128,1,161;494,1,47;686,1,27;64,1,253
1529,30,38:306,3,126,204,226;309,3,2,14,80;915,3,1,15,37;781,2,66,119;733,2,165,265;968,1,117;553,1,154;312,1,169;555,1,246;316,1,230;674,1,17;895,1,78;728,1,45;343,1,63;668,1,78;419,1,59;177,1,141;539,1,131;581,1,74;65,1,115;869,1,58;876,1,89;802,1,129;654,1,122;212,1,69;261,1,64;457,1,38;503,1,22;862,1,25;230,1,132
1530,1,1:306,1,274
1531,4,5:729,2,151,242;306,1,309;220,1,132;887,1,101
1532,23,41:673,6,66,110,111,120,121,122;220,4,94,95,96,98;108,3,278,288,365;144,3,215,217,224;638,3,102,123,146;684,2,148,171;988,2,36,37;219,2,89,109;936,2,6,18;306,1,310;308,1,121;505,1,66;562,1,141;897,1,179;689,1,97;787,1,63;541,1,318;238,1,37;746,1,78;384,1,25;222,1,116;528,1,49;701,1,36
1533,25,34:746,4,118,128,161,202;555,3,274,290,301;417,2,65,213;348,2,94,106;676,2,82,91;721,2,135,172;306,1,313;40,1,85;119,1,22;121,1,85;879,1,83;760,1,34;46,1,124;256,1,69;153,1,106;897,1,72;861,1,62;160,1,94;689,1,189;639,1,154;361,1,87;476,1,177;65,1,91;477,1,144;837,1,87
1534,3,4:384,2,27,71;434,1,40;701,1,38
1535,1,1:434,1,42
1536,6,8:434,3,81,92,98;103,1,203;142,1,84;178,1,106;581,1,33;948,1,65
1537,2,2:434,1,97;699,1,262
1538,9,13:362,4,6,12,41,128;821,2,11,30;434,1,111;120,1,70;881,1,69;715,1,134;814,1,102;846,1,108;78,1,117
1539,18,18:614,1,46;103,1,323;725,1,202;871,1,184;329,1,39;889,1,56;507,1,48;17,1,323;561,1,74;355,1,60;56,1,41;185,1,26;274,1,96;192,1,130;583,1,254;965,1,26;386,1,64;661,1,182
1540,31,31:614,1,60;615,1,159;620,1,73;40,1,203;121,1,176;623,1,12;481,1,54;123,1,233;597,1,48;437,1,100;134,1,95;139,1,21;627,1,40;144,1,166;150,1,56;54,1,171;568,1,114;60,1,54;183,1,106;467,1,61;377,1,283;606,1,69;548,1,42;657,1,132;386,1,38;904,1,15;79,1,113;511,1,22;662,1,123;295,1,283;9,1,127
1541,1,1:614,1,64
1542,1,1:614,1,71
1543,10,10:614,1,116;985,1,45;342,1,90;560,1,56;564,1,88;881,1,64;179,1,112;64,1,343;65,1,55;205,1,94
1544,1,1:614,1,137
1545,19,25:285,3,82,100,105;329,2,68,120;798,2,161,168;281,2,98,105;887,2,52,124;614,1,149;315,1,127;110,1,246;711,1,74;48,1,211;570,1,112;180,1,130;477,1,85;374,1,76;972,1,65;464,1,148;451,1,97;655,1,33;528,1,42
1546,8,10:317,2,8,16;471,2,17,34;614,1,225;420,1,51;258,1,100;69,1,61;286,1,218;387,1,51
1547,2,3:254,2,8,20;614,1,279
1548,21,32:192,6,8,16,58,184,197,218;685,3,6,17,26;745,3,5,34,69;900,2,25,40;543,2,51,112;513,1,173;104,1,103;905,1,53;623,1,84;779,1,58;138,1,119;808,1,262;998,1,17;347,1,61;55,1,118;641,1,27;790,1,26;365,1,73;488,1,105;606,1,101;261,1,201
1549,2,2:513,1,223;55,1,186
1550,4,4:513,1,237;859,1,98;53,1,184;643,1,186
1551,57,209:39,10,61,64,90,130,144,150,181,224,229,265;536,10,7,14,25,54,60,75,94,108,115,169;969,9,5,11,20,32,34,36,45,52,88;321,9,6,12,45,71,86,100,123,136,154;403,8,5,12,61,90,135,167,183,205;392,8,108,112,120,126,137,147,176,201;253,7,17,46,82,158,216,233,246;872,7,5,13,22,44,58,103,118;907,6,4,8,26,82,102,127;888,6,7,14,61,72,109,112;198,6,80,114,122,127,134,175;232,6,8,16,28,68,76,90;535,5,25,57,136,206,245;817,5,78,90,125,179,202;137,5,51,77,128,228,252;873,5,9,24,35,95,208;173,5,16,36,69,94,118;644,5,8,16,28,68,189;651,5,8,16,33,72,221;277,5,116,134,144,207,212;902,5,9,18,35,56,79;595,5,8,16,34,85,101;553,4,12,24,72,100;324,4,75,104,172,186;247,4,93,98,118,181;585,4,113,192,274,439;376,4,19,38,58,283;627,3,7,14,60;885,3,7,18,46;887,3,11,22,42;234,3,41,152,166;296,3,18,50,81;9,3,34,73,177;359,2,132,277;875,2,49,60;791,2,48,98;246,2,85,106;231,2,45,80;513,1,239;108,1,170;884,1,139;268,1,81;125,1,48;323,1,78;712,1,148;17,1,292;148,1,36;859,1,99;153,1,158;783,1,61;175,1,62;864,1,66;422,1,131;245,1,296;189,1,97;745,1,97;294,1,72
1552,11,12:440,2,77,132;513,1,245;309,1,99;621,1,183;529,1,213;787,1,82;447,1,234;73,1,89;937,1,55;940,1,25;292,1,70
1553,19,23:762,2,60,151;819,2,116,130;207,2,118,159;702,2,57,404;917,1,29;553,1,79;145,1,46;829,1,144;507,1,38;148,1,80;920,1,109;959,1,34;737,1,25;374,1,27;747,1,99;546,1,27;75,1,21;387,1,156;470,1,47
1554,6,9:37,3,5,13,17;62,2,7,21;905,1,74;817,1,244;205,1,49;719,1,39
1555,7,15:673,7,69,108,109,116,117,118,119;792,2,89,100;498,2,144,150;37,1,61;275,1,128;457,1,63;702,1,100
1556,19,23:325,3,38,59,93;312,2,44,92;62,2,14,28;37,1,94;759,1,171;111,1,25;729,1,108;17,1,96;849,1,81;637,1,47;163,1,48;359,1,80;61,1,16;542,1,65;238,1,60;544,1,56;373,1,179;284,1,113;661,1,189
1557,3,3:37,1,142;824,1,41;378,1,80
1558,1,1:37,1,145
1559,1,1:37,1,147
1560,1,1:37,1,148
1561,4,11:554,4,6,13,63,263;37,3,191,271,287;208,3,45,92,133;721,1,73
1562,8,8:37,1,200;621,1,337;577,1,63;276,1,188;375,1,93;940,1,75;978,1,75;8,1,146
1563,1,1:37,1,213
1564,11,11:37,1,246;13,1,68;437,1,188;605,1,36;519,1,155;636,1,139;467,1,87;207,1,92;747,1,96;770,1,160;456,1,205
1565,2,3:845,2,58,132;37,1,251
1566,1,1:37,1,254
1567,1,1:37,1,255
1568,1,1:37,1,257
1569,1,1:37,1,259
1570,7,8:598,2,2,8;403,1,134;126,1,120;506,1,176;476,1,184;498,1,104;278,1,33
1571,2,3:598,2,33,177;528,1,113
1572,8,11:721,4,13,33,60,197;598,1,43;116,1,61;778,1,185;734,1,57;811,1,8;404,1,104;295,1,230
1573,19,26:795,3,10,29,54;694,3,3,13,41;861,2,8,25;276,2,19,47;294,2,10,27;598,1,55;107,1,40;974,1,60;115,1,151;778,1,79;324,1,58;137,1,209;873,1,210;271,1,130;181,1,114;822,1,147;190,1,42;221,1,62;755,1,41
1574,1,1:598,1,69
1575,1,1:598,1,85
1576,1,1:598,1,96
1577,5,5:598,1,106;873,1,249;972,1,69;6,1,165;75,1,91
1578,1,1:598,1,120
1579,1,1:598,1,122
1580,5,6:759,2,207,226;598,1,129;316,1,127;377,1,238;31,1,300
1581,1,1:598,1,133
1582,1,1:598,1,135
1583,3,3:598,1,160;519,1,39;364,1,160
1584,3,3:598,1,164;871,1,139;437,1,332
1585,9,9:598,1,230;680,1,61;623,1,156;337,1,131;589,1,115;748,1,76;74,1,40;720,1,107;82,1,65
1586,24,31:538,3,169,190,196;103,2,67,90;905,2,185,289;781,2,37,105;862,2,21,96;663,2,99,110;310,1,54;883,1,107;535,1,39;555,1,105;672,1,168;45,1,253;712,1,174;48,1,91;849,1,152;417,1,106;55,1,105;737,1,55;843,1,100;576,1,66;769,1,74;583,1,301;772,1,210;230,1,156
1587,13,15:153,2,73,122;676,2,210,212;103,1,68;957,1,53;471,1,83;43,1,114;636,1,131;538,1,140;176,1,84;583,1,281;972,1,127;698,1,172;938,1,41
1588,11,11:103,1,111;905,1,117;883,1,143;269,1,139;879,1,158;134,1,335;175,1,165;669,1,120;64,1,110;371,1,60;696,1,119
1589,21,40:860,6,43,52,76,99,212,270;331,4,82,190,228,332;46,4,509,540,560,570;887,3,34,75,130;103,2,121,147;142,2,59,186;685,2,55,120;341,2,275,282;642,2,143,176;792,2,32,42;558,1,77;984,1,122;562,1,36;440,1,89;347,1,39;898,1,43;22,1,248;420,1,151;767,1,100;184,1,49;670,1,108
1590,7,10:920,3,9,19,64;103,2,196,200;866,1,28;597,1,44;53,1,117;56,1,23;659,1,41
1591,8,9:381,2,39,46;103,1,207;762,1,76;346,1,94;4,1,102;286,1,191;383,1,57;511,1,145
1592,4,5:245,2,24,138;103,1,223;673,1,107;687,1,62
1593,1,1:103,1,245
1594,12,15:103,2,281,286;45,2,3,12;159,2,398,413;472,1,231;414,1,163;2,1,214;132,1,33;63,1,65;188,1,93;197,1,133;995,1,17;978,1,29
1595,1,1:103,1,297
1596,14,22:118,4,8,17,34,87;61,3,45,73,76;46,2,61,109;687,2,40,80;543,2,216,246;103,1,312;884,1,50;115,1,258;38,1,62;673,1,50;416,1,37;406,1,77;897,1,172;988,1,19
1597,4,4:103,1,313;839,1,66;562,1,241;757,1,69
1598,2,2:103,1,319;814,1,122
1599,14,15:733,2,392,433;103,1,329;621,1,263;130,1,122;493,1,389;338,1,114;924,1,112;860,1,175;183,1,196;542,1,80;423,1,113;452,1,134;546,1,146;850,1,137
1600,9,9:103,1,334;779,1,83;874,1,94;644,1,164;651,1,169;653,1,104;209,1,57;837,1,79;287,1,55
1601,3,3:307,1,43;120,1,125;528,1,106
1602,4,5:104,2,9,21;346,1,184;856,1,121;761,1,206
1603,1,4:104,4,12,24,56,84
1604,1,2:104,2,33,113
1605,1,2:104,2,35,116
1606,5,8:745,3,18,47,85;826,2,41,76;104,1,52;17,1,258;276,1,141
1607,1,2:104,2,76,98
1608,1,1:104,1,87
1609,1,1:104,1,114
1610,3,3:308,1,56;925,1,70;582,1,47
1611,13,21:168,3,11,27,58;277,3,21,51,98;392,3,13,40,71;393,3,10,31,59;308,1,76;309,1,123;851,1,55;681,1,61;133,1,146;537,1,98;355,1,16;582,1,37;769,1,107
1612,6,9:681,2,36,216;714,2,141,174;736,2,76,89;308,1,87;766,1,145;771,1,80
1613,5,10:711,3,4,12,112;688,3,1,16,32;308,2,110,125;403,1,38;597,1,73
1614,1,1:309,1,84
1615,1,1:309,1,90
1616,16,28:72,5,203,234,264,291,305;707,4,76,157,192,211;715,3,52,96,127;309,2,93,98;860,2,180,206;936,2,8,20;134,1,283;894,1,58;729,1,70;605,1,89;635,1,33;897,1,91;641,1,101;698,1,99;29,1,116;991,1,80
1617,1,1:309,1,95
1618,2,2:309,1,106;528,1,48
1619,1,1:309,1,107
1620,1,1:851,1,61
1621,14,24:739,5,13,28,42,83,164;110,3,42,144,327;43,3,15,33,61;231,3,8,20,28;851,1,63;828,1,186;604,1,102;691,1,28;275,1,41;885,1,45;377,1,114;285,1,184;216,1,28;224,1,165
1622,17,20:679,3,24,52,79;696,2,37,135;242,1,70;38,1,182;672,1,53;597,1,237;47,1,60;687,1,60;348,1,74;787,1,40;791,1,122;498,1,211;207,1,183;846,1,103;654,1,39;70,1,118;661,1,111
1623,6,6:679,1,51;622,1,107;541,1,114;68,1,133;798,1,117;746,1,169
1624,12,15:316,3,60,147,394;702,2,273,321;679,1,56;559,1,183;359,1,207;361,1,76;741,1,18;447,1,172;409,1,179;26,1,105;451,1,245;293,1,137
1625,2,5:724,4,4,10,14,104;418,1,211
1626,3,6:724,4,5,11,15,105;535,1,171;418,1,212
1627,6,6:724,1,18;114,1,114;254,1,214;58,1,166;541,1,183;824,1,88
1628,6,9:553,3,110,123,151;972,2,108,119;724,1,22;535,1,92;123,1,39;733,1,190
1629,1,1:724,1,35
1630,1,1:724,1,37
1631,1,1:724,1,40
1632,11,13:576,3,5,18,105;724,1,41;839,1,65;118,1,60;712,1,95;673,1,157;557,1,42;718,1,60;870,1,37;887,1,103;394,1,27
1633,1,1:724,1,46
1634,7,14:231,5,5,17,53,87,137;232,4,4,12,31,56;724,1,62;759,1,138;822,1,205;443,1,37;549,1,102
1635,5,5:724,1,64;493,1,362;477,1,97;452,1,402;459,1,41
1636,9,9:724,1,109;39,1,67;136,1,120;53,1,77;716,1,106;201,1,97;202,1,136;746,1,138;499,1,121
1637,1,1:615,1,37
1638,1,6:615,6,39,51,90,119,166,182
1639,1,2:615,2,42,100
1640,13,18:105,3,42,78,111;537,2,78,94;605,2,250,255;582,2,40,115;615,1,54;321,1,62;142,1,75;256,1,107;977,1,56;418,1,383;767,1,62;218,1,74;411,1,69
1641,3,6:420,3,10,29,102;615,2,61,161;376,1,87
1642,4,4:615,1,107;40,1,130;121,1,130;127,1,145
1643,2,2:615,1,128;488,1,61
1644,11,15:583,3,81,160,208;595,3,1,9,25;615,1,148;128,1,186;494,1,62;849,1,110;734,1,73;58,1,143;195,1,190;389,1,49;234,1,32
1645,1,1:615,1,154
1646,2,2:615,1,155;636,1,147
1647,4,4:615,1,170;759,1,10;372,1,169;590,1,129
1648,1,1:905,1,14
1649,7,12:188,4,12,34,81,200;932,2,18,37;285,2,4,24;905,1,35;117,1,46;338,1,80;808,1,34
1650,5,7:644,2,197,264;651,2,1,9;905,1,58;481,1,333;576,1,184
1651,5,5:905,1,62;437,1,64;520,1,266;541,1,125;452,1,426
1652,5,8:394,3,7,15,57;856,2,105,118;905,1,80;115,1,257;254,1,45
1653,19,31:544,4,2,11,111,183;115,3,67,70,114;210,3,112,143,164;624,2,30,42;202,2,117,141;653,2,10,24;940,2,13,85;79,2,11,25;905,1,119;759,1,72;712,1,93;415,1,207;338,1,91;61,1,70;822,1,117;192,1,86;203,1,30;211,1,81;832,1,31
1654,16,46:158,17,19,45,59,75,80,95,101,111,112,121,135,151,161,174,181,192,212;791,6,2,5,24,27,54,57;743,4,2,4,21,23;864,4,2,5,18,21;24,2,19,41;509,2,12,28;376,2,4,23;905,1,135;553,1,41;2,1,204;144,1,248;733,1,50;737,1,101;366,1,43;477,1,231;385,1,82
1655,19,20:110,2,192,323;905,1,151;602,1,73;884,1,81;13,1,93;682,1,35;463,1,170;505,1,71;329,1,130;339,1,78;874,1,46;56,1,59;65,1,124;497,1,29;378,1,115;28,1,208;469,1,45;381,1,141;702,1,257
1656,1,1:905,1,159
1657,15,17:83,3,13,38,60;905,1,167;866,1,34;40,1,269;779,1,87;849,1,197;53,1,148;3,1,131;581,1,85;259,1,174;260,1,128;659,1,46;459,1,94;429,1,265;670,1,51
1658,3,3:905,1,197;472,1,53;454,1,47
1659,1,1:905,1,215
1660,8,8:905,1,246;762,1,156;984,1,162;482,1,199;6,1,194;699,1,322;978,1,49;462,1,60
1661,30,31:894,2,59,98;905,1,298;619,1,118;313,1,106;974,1,25;871,1,24;40,1,124;119,1,129;121,1,124;405,1,121;338,1,105;153,1,120;923,1,110;636,1,170;55,1,111;689,1,217;361,1,172;767,1,77;578,1,93;580,1,136;245,1,76;543,1,106;845,1,117;379,1,35;72,1,224;699,1,272;528,1,107;411,1,46;31,1,121;721,1,178
1662,22,28:734,3,4,10,39;134,2,162,252;340,2,61,90;165,2,100,125;61,2,174,195;905,1,314;839,1,79;778,1,187;437,1,302;335,1,56;17,1,335;562,1,196;861,1,50;441,1,45;573,1,87;692,1,250;192,1,152;798,1,87;78,1,168;489,1,54;79,1,65;31,1,202
1663,2,4:737,3,1,3,6;905,1,330
1664,6,6:905,1,337;481,1,287;338,1,57;737,1,19;444,1,99;249,1,139
1665,8,14:663,3,13,31,45;708,3,13,27,49;85,2,10,24;8,2,46,304;905,1,338;435,1,71;150,1,137;737,1,20
1666,4,4:905,1,343;115,1,168;879,1,162;17,1,382
1667,8,13:968,4,14,29,39,82;961,2,4,10;966,2,2,13;119,1,141;359,1,198;421,1,137;68,1,142;221,1,100
1668,4,4:968,1,44;892,1,117;729,1,85;784,1,52
1669,1,1:968,1,45
1670,1,1:968,1,64
1671,3,3:968,1,108;589,1,64;212,1,82
1672,3,4:43,2,87,110;968,1,116;112,1,34
1673,37,68:370,4,69,85,141,221;407,3,3,13,27;922,3,5,13,34;348,3,9,24,42;795,3,6,25,50;68,3,281,302,341;282,3,7,27,57;29,3,7,35,73;75,3,6,13,54;501,3,8,21,36;502,3,7,18,33;457,3,14,29,49;975,2,4,15;564,2,95,122;925,2,51,62;199,2,84,251;798,2,79,189;464,2,101,107;105,1,74;463,1,193;130,1,177;518,1,62;344,1,59;162,1,52;835,1,31;444,1,45;582,1,20;524,1,39;509,1,47;525,1,56;989,1,67;770,1,121;248,1,248;215,1,185;6,1,55;225,1,114;226,1,59
1674,2,3:105,2,89,120;945,1,91
1675,14,14:105,1,117;113,1,19;623,1,40;760,1,29;733,1,55;156,1,46;637,1,75;785,1,73;576,1,96;583,1,243;214,1,219;754,1,93;292,1,294;395,1,204
1676,2,7:616,5,2,8,16,25,99;127,2,12,24
1677,4,9:562,4,3,11,33,50;616,2,6,12;437,2,11,30;3,1,294
1678,2,3:616,2,26,100;146,1,142
1679,2,2:616,1,33;333,1,57
1680,2,2:616,1,38;62,1,66
1681,1,3:616,3,39,47,57
1682,1,1:616,1,45
1683,8,10:966,3,7,18,24;616,1,54;734,1,92;522,1,157;578,1,52;277,1,289;286,1,124;8,1,104
1684,17,21:125,3,150,277,331;52,2,113,140;173,2,103,140;616,1,66;241,1,107;969,1,92;136,1,267;137,1,199;340,1,112;705,1,127;849,1,160;368,1,84;27,1,94;428,1,68;80,1,156;31,1,334;834,1,135
1685,1,1:616,1,93
1686,2,2:616,1,110;541,1,358
1687,1,2:671,2,9,20
1688,1,1:671,1,27
1689,12,16:221,4,121,160,242,251;704,2,161,169;671,1,65;44,1,172;418,1,128;574,1,67;928,1,95;274,1,65;583,1,214;425,1,22;989,1,72;850,1,91
1690,14,15:269,2,120,211;671,1,173;319,1,186;481,1,149;778,1,221;817,1,208;144,1,242;53,1,214;565,1,50;200,1,182;207,1,142;216,1,119;219,1,64;79,1,105
1691,1,1:671,1,181
1692,2,11:106,8,3,6,16,30,35,44,65,168;812,3,8,16,32
1693,6,7:17,2,99,115;106,1,36;120,1,78;630,1,80;3,1,268;235,1,77
1694,4,5:154,2,57,80;106,1,52;126,1,188;653,1,142
1695,9,11:812,3,7,15,31;106,1,157;472,1,218;340,1,138;734,1,37;845,1,150;215,1,74;218,1,86;455,1,52
1696,2,2:106,1,181;128,1,163
1697,9,10:106,2,183,184;969,1,42;43,1,146;894,1,137;538,1,212;184,1,142;831,1,24;213,1,163;887,1,60
1698,4,4:106,1,185;340,1,183;567,1,106;195,1,187
1699,7,10:310,3,9,20,31;402,2,83,351;537,1,184;760,1,28;348,1,91;227,1,41;395,1,251
1700,2,5:924,4,5,21,43,87;310,1,46
1701,10,11:814,2,117,140;310,1,84;685,1,51;829,1,116;276,1,359;876,1,160;912,1,159;385,1,264;752,1,70;235,1,212
1702,3,6:602,4,9,18,32,57;866,1,67;894,1,133
1703,12,21:622,5,61,130,171,203,281;46,4,96,215,243,334;602,2,46,54;325,2,2,12;312,1,144;38,1,136;626,1,48;958,1,41;345,1,42;976,1,70;583,1,116;66,1,60
1704,6,6:602,1,50;622,1,164;554,1,252;319,1,41;686,1,159;416,1,87
1705,11,15:46,4,95,214,242,333;325,2,1,11;602,1,53;312,1,143;622,1,170;38,1,135;626,1,47;958,1,40;345,1,41;976,1,69;66,1,59
1706,2,2:602,1,108;685,1,92
1707,1,1:553,1,34
1708,2,2:553,1,37;744,1,44
1709,2,2:553,1,38;733,1,41
1710,1,1:553,1,39
1711,3,4:376,2,3,22;553,1,40;909,1,13
1712,2,3:376,2,6,25;553,1,42
1713,1,1:553,1,43
1714,2,2:553,1,48;718,1,169
1715,21,27:161,2,35,166;821,2,137,148;246,2,80,100;247,2,87,112;31,2,96,368;295,2,166,315;553,1,64;314,1,160;555,1,253;317,1,69;778,1,94;559,1,207;996,1,50;167,1,46;573,1,93;276,1,115;885,1,64;698,1,65;594,1,48;459,1,113;755,1,178
1716,2,2:553,1,115;599,1,149
1717,9,14:784,3,21,39,96;622,2,80,94;535,2,46,118;487,2,69,102;553,1,118;888,1,89;737,1,84;498,1,102;589,1,68
1718,5,5:553,1,157;781,1,100;152,1,62;576,1,95;878,1,54
1719,5,8:475,3,9,26,66;701,2,6,19;553,1,160;43,1,149;376,1,198
1720,7,10:428,3,4,24,45;617,2,25,57;45,1,357;135,1,43;169,1,51;570,1,33;646,1,44
1721,1,2:617,2,26,58
1722,2,2:617,1,39;201,1,54
1723,1,1:617,1,41
1724,2,3:949,2,7,15;617,1,49
1725,16,16:617,1,59;621,1,238;949,1,34;319,1,85;624,1,230;134,1,99;138,1,81;141,1,50;631,1,92;440,1,175;361,1,70;875,1,51;182,1,84;653,1,71;206,1,271;978,1,31
1726,3,4:541,2,166,221;617,1,61;976,1,60
1727,3,4:316,2,364,377;311,1,23;705,1,215
1728,1,1:311,1,83
1729,14,23:733,3,237,259,286;201,3,124,147,211;978,3,46,157,179;372,2,149,178;972,2,114,135;429,2,125,140;107,1,91;319,1,123;712,1,85;171,1,153;747,1,67;281,1,138;70,1,112;664,1,91
1730,10,10:107,1,114;43,1,295;158,1,35;860,1,254;574,1,194;676,1,255;719,1,137;7,1,99;8,1,258;396,1,183
1731,4,4:107,1,115;437,1,493;140,1,125;68,1,137
1732,8,8:107,1,119;135,1,80;520,1,157;244,1,85;649,1,116;929,1,53;449,1,107;932,1,81
1733,2,2:107,1,129;155,1,90
1734,2,2:725,1,59;259,1,190
1735,6,6:725,1,94;115,1,142;127,1,102;152,1,150;932,1,73;600,1,69
1736,6,6:725,1,103;629,1,97;346,1,115;962,1,48;693,1,55;448,1,37
1737,1,1:725,1,125
1738,1,1:725,1,131
1739,2,2:725,1,197;194,1,40
1740,8,12:12,2,55,227;673,2,56,158;562,2,194,224;376,2,67,104;335,1,125;998,1,27;22,1,168;359,1,59
1741,1,1:12,1,64
1742,1,1:12,1,97
1743,2,2:12,1,100;149,1,43
1744,6,7:808,2,163,167;12,1,116;624,1,171;151,1,180;651,1,230;543,1,190
1745,18,18:12,1,161;871,1,171;778,1,168;134,1,199;415,1,124;984,1,131;163,1,123;789,1,92;927,1,75;580,1,200;197,1,65;246,1,157;247,1,167;198,1,169;199,1,181;26,1,247;83,1,177;396,1,119
1746,11,11:12,1,228;759,1,62;123,1,250;597,1,11;127,1,59;134,1,27;762,1,136;718,1,177;365,1,57;193,1,52;224,1,23
1747,3,3:618,1,43;195,1,188;702,1,128
1748,3,3:618,1,72;824,1,89;31,1,183
1749,5,7:41,3,59,171,312;618,1,148;137,1,224;200,1,178;9,1,181
1750,6,13:619,3,15,32,56;359,3,6,22,163;123,2,254,281;809,2,8,31;441,2,15,31;340,1,64
1751,13,22:409,4,72,88,103,128;652,3,25,50,151;43,2,231,288;693,2,79,222;24,2,98,143;704,2,149,184;619,1,74;817,1,62;336,1,67;363,1,114;745,1,132;655,1,55;702,1,146
1752,3,3:619,1,85;319,1,67;126,1,238
1753,16,16:619,1,139;816,1,127;472,1,220;402,1,216;120,1,275;131,1,115;269,1,171;54,1,213;441,1,101;21,1,63;175,1,154;573,1,86;649,1,156;193,1,227;752,1,79;80,1,74
1754,26,43:24,5,70,122,125,180,189;986,3,2,18,53;23,3,8,21,49;187,3,14,36,68;693,3,8,24,45;800,3,5,12,32;863,2,143,187;648,2,49,90;509,2,74,105;241,1,24;111,1,54;555,1,140;13,1,106;672,1,78;778,1,197;145,1,100;829,1,158;781,1,155;557,1,95;165,1,66;572,1,43;177,1,45;856,1,163;646,1,54;245,1,204;64,1,264
1755,5,6:83,2,1,26;241,1,51;14,1,33;438,1,64;164,1,119
1756,29,87:31,13,8,24,61,210,216,230,238,253,314,330,364,416,447;159,12,5,28,87,126,138,145,168,217,261,270,300,343;270,6,7,23,59,140,150,172;520,5,143,174,182,233,256;60,5,13,28,32,44,88;141,4,79,129,134,255;52,4,84,111,120,135;658,4,5,20,37,82;122,3,10,20,70;241,2,56,116;481,2,92,173;128,2,100,147;45,2,258,288;760,2,4,17;474,2,60,95;165,2,101,163;476,2,46,80;195,2,145,176;248,2,91,249;489,2,44,76;681,1,257;41,1,361;125,1,203;463,1,219;417,1,92;485,1,112;196,1,95;487,1,29;226,1,126
1757,5,8:62,3,9,23,111;994,2,17,37;241,1,88;246,1,205;656,1,79
1758,2,3:907,2,12,81;208,1,67
1759,25,63:246,9,13,39,113,174,180,186,209,221,239;247,6,12,37,127,189,194,199;276,6,220,257,305,330,338,373;83,6,125,239,246,269,282,349;189,3,108,153,205;694,3,99,130,148;585,3,114,275,440;907,2,14,113;535,2,133,150;403,2,60,76;872,2,128,147;136,2,9,32;137,2,79,89;359,2,137,278;392,2,128,139;296,2,154,161;253,1,294;268,1,82;125,1,258;817,1,56;173,1,65;495,1,58;198,1,139;294,1,53;9,1,178
1760,1,1:907,1,19
1761,1,2:907,2,21,119
1762,4,5:907,2,22,52;417,1,305;449,1,31;25,1,87
1763,1,1:907,1,37
1764,1,1:907,1,47
1765,6,9:754,3,42,72,112;237,2,5,19;907,1,50;844,1,170;71,1,83;76,1,93
1766,10,12:159,2,285,295;443,2,43,58;907,1,76;122,1,200;665,1,96;637,1,65;934,1,187;222,1,127;389,1,127;460,1,56
1767,2,2:907,1,86;519,1,248
1768,13,20:199,5,20,40,74,97,116;873,2,36,209;573,2,129,147;360,2,88,114;907,1,103;969,1,31;627,1,52;147,1,141;417,1,153;369,1,129;31,1,222;8,1,81;708,1,56
1769,5,5:907,1,111;343,1,134;477,1,155;697,1,67;224,1,194
1770,1,1:907,1,117
1771,24,42:440,3,3,12,31;541,3,81,146,234;548,3,7,27,55;528,3,38,58,96;312,2,8,21;620,2,2,8;207,2,2,18;374,2,2,13;747,2,3,12;26,2,8,20;212,2,2,16;934,2,2,14;937,2,4,11;388,2,3,13;330,1,60;493,1,71;338,1,63;842,1,130;989,1,27;450,1,334;452,1,289;990,1,102;387,1,149;290,1,113
1772,4,5:76,2,1,8;312,1,78;535,1,157;219,1,153
1773,4,4:312,1,90;893,1,43;417,1,154;31,1,228
1774,10,12:195,2,144,256;825,2,89,182;312,1,97;45,1,164;604,1,98;763,1,95;63,1,197;793,1,109;198,1,159;5,1,175
1775,23,26:960,2,2,13;192,2,97,223;220,2,49,69;312,1,107;465,1,81;38,1,142;44,1,107;127,1,70;243,1,41;517,1,69;629,1,101;564,1,85;898,1,20;688,1,78;164,1,31;789,1,85;908,1,59;68,1,39;25,1,130;526,1,33;217,1,113;936,1,26;501,1,83
1776,10,14:964,3,6,17,47;312,2,114,134;181,2,122,284;759,1,212;622,1,242;323,1,56;896,1,123;152,1,74;63,1,252;190,1,102
1777,11,15:493,3,117,145,457;274,2,9,19;292,2,60,288;312,1,127;253,1,134;17,1,61;354,1,171;844,1,21;845,1,84;450,1,374;452,1,411
1778,3,3:312,1,154;417,1,66;502,1,24
1779,1,1:312,1,157
1780,3,3:312,1,163;871,1,176;396,1,274
1781,8,20:283,7,13,42,61,100,158,193,212;585,3,138,381,465;78,3,11,24,44;242,2,61,72;670,2,332,372;522,1,76;451,1,189;754,1,91
1782,1,1:242,1,66
1783,1,1:242,1,71
1784,5,7:242,2,116,130;702,2,300,377;817,1,181;53,1,223;277,1,304
1785,8,8:242,1,163;680,1,42;126,1,214;494,1,49;182,1,87;946,1,182;511,1,159;877,1,81
1786,1,3:242,3,180,229,257
1787,1,1:242,1,206
1788,9,10:242,2,222,258;321,1,133;332,1,189;561,1,80;54,1,191;59,1,220;238,1,352;528,1,93;235,1,123
1789,3,3:242,1,227;883,1,77;857,1,42
1790,1,1:242,1,245
1791,1,1:620,1,21
1792,4,4:620,1,35;690,1,100;845,1,60;450,1,42
1793,1,1:620,1,42
1794,23,65:295,8,9,29,62,237,271,318,326,338;276,7,92,132,135,174,192,216,369;872,5,89,132,154,165,214;189,5,18,39,69,96,140;198,4,14,36,75,113;585,4,8,16,63,254;277,3,12,42,89;392,3,12,39,70;393,3,9,30,58;233,3,6,23,44;296,3,20,52,83;9,3,29,59,122;108,2,25,174;694,2,78,115;249,2,5,22;39,1,169;359,1,160;443,1,21;247,1,159;932,1,70;595,1,33;83,1,86;396,1,255
1795,1,1:108,1,245
1796,4,4:108,1,306;759,1,143;841,1,95;928,1,84
1797,4,5:354,2,89,114;621,1,32;437,1,125;440,1,199
1798,9,13:796,3,3,14,41;405,2,105,147;557,2,1,12;621,1,36;839,1,84;134,1,273;415,1,94;548,1,131;754,1,99
1799,16,31:115,5,58,103,119,228,243;621,3,47,99,296;38,3,12,27,160;674,3,5,11,24;557,3,10,21,36;58,3,84,104,138;708,2,140,153;114,1,64;319,1,260;505,1,75;943,1,41;174,1,36;61,1,109;26,1,117;937,1,116;596,1,42
1800,1,2:621,2,67,330
1801,1,2:621,2,68,331
1802,5,5:621,1,77;781,1,33;158,1,32;820,1,40;675,1,43
1803,3,3:621,1,84;181,1,269;911,1,135
1804,1,2:621,2,151,253
1805,1,1:621,1,161
1806,2,2:621,1,163;316,1,228
1807,16,28:472,5,7,16,41,71,140;659,4,14,28,66,114;46,2,286,310;256,2,53,76;830,2,25,35;181,2,83,93;223,2,43,69;621,1,174;41,1,337;129,1,54;557,1,50;341,1,237;419,1,36;801,1,51;991,1,111;84,1,27
1808,4,5:261,2,60,94;621,1,195;779,1,26;469,1,58
1809,1,1:621,1,220
1810,1,1:621,1,326
1811,1,1:621,1,328
1812,1,1:621,1,339
1813,3,5:313,2,127,213;125,2,133,241;771,1,123
1814,3,4:313,2,140,221;125,1,124;771,1,128
1815,1,1:314,1,32
1816,11,17:314,4,61,83,115,137;743,3,15,34,83;359,2,170,188;321,1,265;436,1,50;713,1,54;647,1,44;1,1,121;289,1,85;600,1,110;904,1,61
1817,1,1:314,1,74
1818,1,1:314,1,110
1819,2,3:969,2,27,50;218,1,56
1820,5,11:536,6,5,12,23,59,114,168;39,2,278,293;969,1,33;472,1,76;989,1,81
1821,20,29:574,4,50,265,300,339;668,3,112,132,155;930,3,18,37,49;960,2,7,18;936,2,9,21;969,1,41;43,1,152;673,1,33;134,1,296;894,1,51;636,1,119;897,1,81;988,1,39;689,1,91;792,1,69;579,1,107;580,1,126;698,1,137;942,1,73;29,1,111
1822,4,4:969,1,61;134,1,274;746,1,84;670,1,105
1823,11,16:39,3,5,23,60;7,3,12,26,36;474,2,16,35;969,1,65;521,1,172;197,1,100;798,1,86;697,1,60;72,1,194;934,1,191;383,1,47
1824,15,16:134,2,342,381;969,1,68;622,1,98;268,1,27;690,1,62;22,1,325;644,1,107;192,1,142;651,1,113;376,1,69;72,1,161;75,1,34;78,1,102;502,1,65;457,1,32
1825,1,2:759,2,28,108
1826,20,54:181,14,43,91,101,108,115,121,152,160,164,178,204,229,233,283;822,6,64,76,78,131,137,148;927,5,5,18,41,50,79;323,4,8,21,35,87;964,4,3,14,26,46;126,3,42,110,229;830,3,33,43,50;506,2,69,148;541,2,168,223;759,1,63;125,1,37;321,1,34;436,1,24;47,1,79;156,1,58;880,1,82;577,1,56;442,1,44;280,1,300;702,1,360
1827,27,91:136,11,17,40,62,114,121,151,169,179,232,270,281;755,9,3,5,16,18,43,49,51,91,189;708,9,11,25,60,76,90,114,116,123,181;8,7,54,206,219,225,246,278,283;852,6,9,11,23,25,42,44;125,5,7,17,49,72,298;27,4,8,16,43,54;663,4,17,35,49,119;126,3,30,64,253;181,3,7,16,299;221,3,8,23,290;395,3,69,108,270;759,2,64,74;321,2,79,137;322,2,34,66;323,2,28,59;559,2,148,222;442,2,46,65;26,2,47,70;936,2,45,56;877,2,56,70;597,1,62;830,1,53;910,1,14;822,1,111;693,1,60;85,1,105
1828,6,6:759,1,79;686,1,115;163,1,208;720,1,285;805,1,53;460,1,37
1829,1,1:759,1,89
1830,1,1:759,1,99
1831,5,6:864,2,95,145;759,1,137;321,1,87;442,1,60;8,1,74
1832,3,6:452,3,22,44,365;472,2,80,95;759,1,221
1833,2,2:315,1,40;585,1,385
1834,16,21:219,4,105,117,119,131;716,2,120,137;972,2,33,63;315,1,56;554,1,168;889,1,72;808,1,106;17,1,377;923,1,86;897,1,84;417,1,146;164,1,19;792,1,58;718,1,42;488,1,60;702,1,104
1835,14,18:656,3,20,42,73;236,3,125,138,183;315,1,91;347,1,45;23,1,85;201,1,279;585,1,124;376,1,113;377,1,73;216,1,107;857,1,62;429,1,83;229,1,54;664,1,59
1836,4,4:315,1,98;872,1,198;55,1,36;31,1,173
1837,1,1:315,1,103
1838,1,1:315,1,104
1839,2,2:315,1,106;645,1,86
1840,4,4:315,1,144;125,1,311;736,1,108;887,1,70
1841,2,2:110,1,40;816,1,92
1842,16,19:625,3,12,24,51;133,2,102,115;110,1,45;268,1,44;130,1,229;332,1,200;353,1,34;765,1,111;786,1,42;182,1,65;582,1,58;654,1,69;707,1,43;698,1,40;214,1,26;754,1,20
1843,5,6:123,2,244,280;110,1,69;338,1,121;452,1,654;847,1,97
1844,8,10:17,2,150,369;179,2,52,235;110,1,80;435,1,178;127,1,110;60,1,76;185,1,60;217,1,109
1845,1,1:110,1,122
1846,7,7:110,1,214;316,1,253;941,1,42;493,1,484;286,1,247;214,1,144;600,1,67
1847,4,4:110,1,255;123,1,131;802,1,116;290,1,87
1848,2,2:110,1,259;83,1,302
1849,13,16:197,3,46,71,110;226,2,8,27;110,1,292;124,1,58;130,1,62;466,1,116;521,1,106;574,1,74;742,1,106;423,1,68;279,1,87;468,1,103;79,1,71
1850,9,9:110,1,350;113,1,202;133,1,176;890,1,44;874,1,116;813,1,86;669,1,104;543,1,129;450,1,365
1851,2,2:110,1,364;590,1,139
1852,2,2:413,1,20;134,1,453
1853,5,8:257,3,9,20,56;279,2,6,20;413,1,23;845,1,82;391,1,50
1854,1,1:413,1,33
1855,1,1:413,1,35
1856,3,4:590,2,97,142;413,1,37;213,1,68
1857,11,22:316,3,65,363,373;828,3,3,23,55;289,3,17,35,123;600,3,1,16,72;783,2,1,24;743,2,48,112;791,2,15,37;413,1,40;683,1,39;713,1,57;164,1,110
1858,1,1:413,1,60
1859,23,25:541,2,30,78;452,2,87,113;111,1,17;45,1,26;829,1,201;438,1,49;440,1,28;50,1,66;408,1,55;538,1,216;927,1,46;245,1,66;543,1,208;744,1,60;704,1,73;585,1,51;831,1,57;450,1,275;284,1,63;719,1,87;939,1,60;832,1,21;722,1,98
1860,4,4:111,1,19;844,1,179;202,1,33;261,1,130
1861,7,9:472,2,90,212;248,2,10,30;111,1,51;465,1,61;257,1,38;525,1,50;280,1,338
1862,10,11:720,2,42,202;111,1,77;402,1,74;123,1,83;132,1,86;341,1,39;355,1,61;748,1,171;886,1,54;722,1,143
1863,1,1:111,1,78
1864,13,14:994,2,2,22;111,1,107;16,1,51;343,1,179;417,1,350;868,1,40;172,1,83;574,1,164;579,1,118;580,1,162;930,1,110;753,1,21;389,1,122
1865,2,7:599,4,5,11,23,65;680,3,1,3,12
1866,16,58:574,6,5,24,46,125,157,221;930,6,5,16,24,35,46,67;827,5,23,68,84,189,199;899,5,9,22,37,45,71;579,5,5,22,42,68,78;580,5,5,16,35,85,149;274,5,1,11,28,94,100;718,5,12,24,102,111,225;680,4,2,4,27,40;402,3,307,340,357;717,2,39,63;914,2,10,22;823,2,17,37;806,1,83;716,1,44;391,1,54
1867,2,3:680,2,18,58;402,1,372
1868,3,7:402,4,36,212,332,361;680,2,20,22;201,1,184
1869,2,2:680,1,24;874,1,159
1870,5,6:220,2,88,126;777,1,43;892,1,83;535,1,156;221,1,119
1871,2,4:777,3,58,128,138;447,1,99
1872,13,21:409,4,80,81,134,135;930,3,17,36,53;41,2,75,110;2,2,291,303;428,2,114,120;777,1,111;711,1,44;39,1,86;319,1,308;817,1,60;51,1,55;797,1,52;499,1,125
1873,9,11:415,2,188,227;280,2,92,267;816,1,129;481,1,140;269,1,191;897,1,57;742,1,103;479,1,146;452,1,602
1874,2,3:472,2,19,226;470,1,62
1875,1,1:472,1,111
1876,7,7:472,1,122;921,1,73;562,1,176;440,1,234;689,1,161;365,1,211;292,1,151
1877,4,4:472,1,164;574,1,228;468,1,72;659,1,128
1878,4,5:280,2,230,357;472,1,221;467,1,263;215,1,76
1879,7,8:480,2,130,163;472,1,233;326,1,108;889,1,170;953,1,91;223,1,106;83,1,263
1880,13,18:786,3,8,19,53;497,3,80,95,167;496,2,52,77;465,1,39;133,1,141;673,1,138;16,1,37;520,1,210;690,1,104;58,1,35;695,1,28;502,1,53;862,1,50
1881,11,14:497,3,81,96,168;496,2,53,78;465,1,40;555,1,60;466,1,54;133,1,142;689,1,65;766,1,79;745,1,98;502,1,54;862,1,51
1882,20,25:68,5,75,264,282,303,342;606,2,122,139;465,1,50;414,1,187;320,1,211;327,1,147;466,1,66;779,1,103;140,1,65;482,1,184;477,1,43;478,1,133;509,1,48;370,1,137;258,1,134;464,1,216;450,1,230;261,1,233;934,1,137;230,1,51
1883,20,27:129,5,14,30,41,112,146;7,3,11,25,35;486,2,12,34;465,1,59;43,1,141;321,1,162;326,1,79;466,1,119;873,1,229;686,1,70;52,1,94;482,1,179;195,1,75;196,1,26;197,1,80;509,1,86;68,1,81;452,1,475;772,1,184;527,1,20
1884,2,2:465,1,83;349,1,46
1885,11,17:8,6,49,53,205,224,245,277;402,2,81,235;465,1,85;326,1,81;627,1,17;686,1,93;784,1,105;706,1,188;195,1,91;199,1,94;833,1,48
1886,3,3:465,1,86;254,1,153;466,1,104
1887,12,13:292,2,95,252;465,1,89;319,1,200;41,1,266;131,1,145;269,1,210;134,1,178;151,1,228;567,1,79;367,1,162;25,1,160;218,1,160
1888,6,6:465,1,96;122,1,58;436,1,70;163,1,72;784,1,137;450,1,310
1889,9,10:452,2,234,386;465,1,118;324,1,217;739,1,141;193,1,118;448,1,98;450,1,266;699,1,111;858,1,134
1890,3,3:465,1,141;794,1,89;477,1,287
1891,14,17:516,3,2,13,35;705,2,2,13;883,1,8;622,1,258;626,1,176;518,1,23;921,1,61;274,1,103;498,1,229;807,1,39;966,1,61;699,1,138;289,1,82;391,1,48
1892,15,19:535,3,34,129,183;521,2,5,17;946,2,56,106;883,1,81;684,1,69;162,1,231;166,1,100;639,1,105;574,1,176;793,1,101;478,1,114;209,1,91;426,1,57;887,1,73;755,1,199
1893,4,4:883,1,87;440,1,232;476,1,161;447,1,204
1894,1,1:883,1,111
1895,6,8:418,2,339,346;746,2,64,108;883,1,119;673,1,30;831,1,85;395,1,99
1896,3,9:622,4,63,132,212,283;419,4,7,17,21,99;583,1,127
1897,3,9:871,5,9,18,41,95,120;622,2,122,153;583,2,88,112
1898,6,9:921,4,4,10,14,108;622,1,144;823,1,117;769,1,134;217,1,123;937,1,87
1899,1,1:892,1,28
1900,2,2:892,1,34;697,1,51
1901,1,1:892,1,63
1902,3,4:606,2,134,184;892,1,64;435,1,106
1903,1,1:892,1,77
1904,14,15:849,2,184,339;892,1,88;118,1,125;119,1,105;133,1,203;493,1,418;843,1,128;541,1,295;423,1,73;378,1,198;261,1,34;216,1,143;903,1,69;600,1,96
1905,3,3:892,1,104;324,1,121;406,1,76
1906,2,2:892,1,118;661,1,222
1907,1,2:892,2,143,152
1908,1,1:554,1,139
1909,1,3:554,3,220,256,301
1910,3,3:554,1,244;793,1,86;700,1,87
1911,2,2:554,1,259;733,1,79
1912,1,1:871,1,32
1913,1,1:871,1,35
1914,2,3:778,2,10,29;871,1,47
1915,2,2:871,1,75;47,1,97
1916,2,2:871,1,85;192,1,160
1917,4,5:418,2,77,82;871,1,127;280,1,319;834,1,63
1918,1,1:871,1,131
1919,9,24:113,11,5,13,29,46,52,98,108,123,166,205,253;641,5,6,15,61,64,88;603,2,96,101;871,1,150;141,1,179;350,1,212;59,1,54;195,1,201;224,1,44
1920,4,4:871,1,192;129,1,170;340,1,124;562,1,253
1921,3,4:44,2,32,118;993,1,64;365,1,55
1922,1,1:993,1,65
1923,2,2:112,1,31;639,1,73
1924,1,1:112,1,32
1925,1,1:112,1,33
1926,9,10:991,2,63,76;112,1,80;688,1,34;822,1,123;652,1,138;530,1,104;378,1,73;606,1,114;404,1,76
1927,2,2:112,1,84;205,1,80
1928,1,1:681,1,29
1929,1,1:681,1,53
1930,7,9:897,3,85,152,177;681,1,58;481,1,360;123,1,12;894,1,140;150,1,117;965,1,42
1931,6,7:681,2,90,146;39,1,62;786,1,103;697,1,46;377,1,88;291,1,18
1932,2,2:681,1,102;677,1,35
1933,1,1:681,1,104
1934,2,2:681,1,106;437,1,341
1935,3,3:681,1,111;488,1,66;708,1,94
1936,1,1:681,1,132
1937,2,2:681,1,235;714,1,222
1938,5,8:43,4,5,23,51,79;681,1,236;124,1,28;714,1,223;881,1,68
1939,3,3:681,1,243;919,1,91;539,1,73
1940,7,7:681,1,261;711,1,128;402,1,348;506,1,87;59,1,133;645,1,62;76,1,62
1941,9,32:381,8,6,14,38,50,83,98,165,221;113,6,4,12,28,45,97,121;72,6,11,24,28,136,185,334;948,4,3,10,24,64;217,3,4,10,23;641,2,5,14;210,1,59;591,1,62;700,1,89
1942,2,2:113,1,31;940,1,117
1943,1,2:113,2,51,107
1944,2,3:113,2,67,178;84,1,51
1945,9,9:113,1,87;269,1,160;441,1,95;822,1,67;245,1,184;367,1,118;693,1,158;290,1,171;292,1,207
1946,9,9:113,1,99;624,1,70;159,1,347;539,1,145;179,1,145;695,1,148;912,1,105;528,1,74;224,1,115
1947,1,1:113,1,134
1948,1,1:113,1,137
1949,1,1:113,1,159
1950,7,9:849,2,10,24;860,2,85,116;113,1,161;132,1,46;808,1,36;418,1,51;453,1,36
1951,6,7:113,2,199,220;158,1,16;54,1,56;55,1,150;61,1,48;370,1,110
1952,1,1:113,1,241
1953,3,7:535,5,2,8,73,80,145;841,1,164;352,1,100
1954,4,4:535,1,44;449,1,36;707,1,30;771,1,58
1955,13,14:402,2,142,233;535,1,83;437,1,355;872,1,175;141,1,209;984,1,77;635,1,23;61,1,32;644,1,113;275,1,56;651,1,119;290,1,188;754,1,92
1956,2,2:535,1,103;293,1,146
1957,1,1:535,1,104
1958,5,5:535,1,209;682,1,199;357,1,106;707,1,220;249,1,143
1959,3,5:483,3,13,29,55;535,1,213;695,1,140
1960,2,2:711,1,24;190,1,32
1961,13,14:341,2,72,166;711,1,129;672,1,171;126,1,152;340,1,223;790,1,50;182,1,56;257,1,99;990,1,87;6,1,161;29,1,92;848,1,70;292,1,233
1962,2,2:711,1,131;396,1,268
1963,11,18:712,5,1,8,75,104,159;536,3,66,85,152;235,2,6,23;957,1,54;515,1,116;21,1,215;191,1,105;847,1,42;951,1,49;937,1,37;599,1,82
1964,9,9:957,1,59;779,1,157;808,1,235;520,1,85;642,1,140;790,1,60;477,1,77;447,1,214;205,1,55
1965,10,15:811,5,42,47,50,65,73;588,2,32,41;957,1,61;164,1,42;244,1,63;464,1,154;380,1,292;1,1,109;29,1,114;32,1,276
1966,1,1:957,1,63
1967,2,2:957,1,91;289,1,131
1968,15,20:498,4,180,182,212,226;123,2,166,278;327,2,10,30;957,1,92;684,1,161;506,1,207;18,1,185;790,1,200;484,1,129;477,1,282;745,1,111;277,1,319;283,1,187;377,1,344;702,1,395
1969,12,15:834,3,84,225,248;772,2,8,18;555,1,63;144,1,87;177,1,81;444,1,61;496,1,51;195,1,65;497,1,166;450,1,68;451,1,69;805,1,69
1970,1,1:555,1,85
1971,6,6:555,1,127;48,1,178;687,1,94;21,1,167;3,1,176;231,1,114
1972,1,3:555,3,136,204,226
1973,1,1:555,1,211
1974,4,4:555,1,264;623,1,53;134,1,225;746,1,94
1975,8,8:866,1,49;471,1,132;255,1,220;329,1,107;20,1,119;67,1,237;371,1,100;29,1,68
1976,23,64:718,6,11,23,93,106,121,231;637,5,5,13,27,69,78;716,5,11,23,43,90,108;827,4,7,14,22,53;688,4,8,23,38,82;930,4,4,23,45,74;574,3,4,23,45;579,3,4,21,41;580,3,4,15,34;717,3,9,19,38;274,3,10,20,27;914,3,9,21,43;844,3,2,9,22;347,2,8,17;898,2,8,17;565,2,4,11;823,2,20,40;967,2,6,17;402,1,305;435,1,299;415,1,201;845,1,85;391,1,8
1977,1,1:827,1,64
1978,2,6:827,3,93,119,148;400,3,25,51,108
1979,1,3:827,3,102,124,144
1980,4,4:827,1,113;585,1,127;286,1,131;385,1,176
1981,4,5:21,2,137,247;827,1,121;403,1,103;291,1,52
1982,1,1:827,1,127
1983,1,1:827,1,151
1984,3,3:827,1,152;402,1,245;606,1,161
1985,3,3:827,1,172;42,1,269;656,1,87
1986,3,4:670,2,343,385;827,1,174;541,1,357
1987,4,10:402,4,7,20,282,326;806,4,10,26,65,87;827,1,181;904,1,46
1988,2,15:402,11,5,18,43,76,167,185,209,229,265,271,296;806,4,7,23,33,62
1989,1,4:402,4,10,23,32,71
1990,7,20:435,4,9,19,30,203;402,3,12,25,371;347,3,4,13,34;418,3,13,27,157;540,3,10,21,29;850,3,14,35,74;599,1,122
1991,2,2:402,1,46;391,1,43
1992,10,22:574,6,122,148,218,250,280,293;717,4,30,64,76,94;806,2,108,124;580,2,82,108;930,2,64,95;716,2,39,79;402,1,65;899,1,49;579,1,71;718,1,94
1993,2,2:402,1,102;435,1,231
1994,3,4:402,2,104,267;435,1,233;201,1,360
1995,2,2:402,1,105;435,1,235
1996,1,2:402,2,107,269
1997,4,5:402,2,109,234;435,1,159;166,1,69;478,1,106
1998,5,5:402,1,139;435,1,227;984,1,93;849,1,84;222,1,26
1999,1,2:402,2,162,203
2000,1,1:402,1,207
2001,2,2:402,1,215;517,1,118
2002,2,3:402,2,241,244;346,1,194
2003,1,1:402,1,242
2004,7,9:402,2,281,325;655,2,94,150;161,1,83;167,1,38;22,1,110;691,1,124;594,1,40
2005,9,9:402,1,303;43,1,77;436,1,143;537,1,189;568,1,122;541,1,289;932,1,82;654,1,30;940,1,123
2006,2,2:402,1,309;131,1,140
2007,1,1:402,1,311
2008,2,2:402,1,318;362,1,119
2009,5,10:745,4,16,45,78,119;402,2,337,363;899,2,12,25;437,1,105;826,1,82
2010,1,1:402,1,343
2011,1,1:402,1,345
2012,1,1:402,1,346
2013,2,2:402,1,360;400,1,112
2014,2,2:402,1,364;391,1,80
2015,4,4:402,1,374;331,1,145;561,1,125;844,1,78
2016,7,9:346,2,134,181;676,2,109,150;435,1,22;319,1,142;520,1,205;165,1,164;257,1,49
2017,1,1:435,1,52
2018,1,1:435,1,94
2019,1,1:435,1,96
2020,7,12:858,4,5,14,63,128;542,3,7,15,27;435,1,132;326,1,38;629,1,92;561,1,147;912,1,112
2021,1,1:435,1,139
2022,4,5:213,2,108,125;435,1,249;437,1,293;448,1,82
2023,8,14:366,5,152,171,180,197,206;236,3,191,203,242;435,1,263;372,1,205;200,1,154;400,1,120;201,1,212;427,1,72
2024,2,3:899,2,60,76;435,1,288
2025,1,1:435,1,295
2026,6,8:879,3,51,97,153;316,1,102;632,1,58;483,1,102;25,1,48;670,1,374
2027,1,1:316,1,111
2028,5,12:316,8,120,124,163,188,193,204,307,310;320,1,81;271,1,67;282,1,99;283,1,184
2029,1,1:316,1,133
2030,1,1:316,1,135
2031,1,1:316,1,153
2032,1,1:316,1,154
2033,1,1:316,1,156
2034,1,2:316,2,176,215
2035,1,1:316,1,222
2036,1,1:316,1,229
2037,12,13:429,2,132,193;316,1,318;895,1,112;340,1,211;792,1,164;497,1,124;24,1,278;446,1,75;587,1,117;699,1,257;825,1,132;394,1,106
2038,1,1:316,1,332
2039,1,1:316,1,371
2040,1,1:316,1,381
2041,2,5:690,3,10,22,38;884,2,4,10
2042,13,27:319,6,6,17,108,172,226,293;745,4,17,29,46,58;884,3,6,12,66;690,3,12,24,40;673,2,45,75;687,2,34,98;114,1,131;712,1,138;333,1,152;856,1,110;365,1,18;191,1,19;276,1,158
2043,1,1:884,1,44
2044,3,5:984,2,80,101;376,2,109,237;884,1,146
2045,3,5:406,2,69,162;844,2,88,229;884,1,155
2046,2,3:867,2,3,11;884,1,157
2047,2,2:884,1,169;568,1,119
2048,12,12:884,1,184;471,1,55;672,1,29;54,1,52;167,1,63;370,1,107;652,1,66;498,1,68;746,1,102;501,1,43;456,1,58;32,1,236
2049,4,8:346,3,174,202,227;482,3,13,30,161;114,1,16;58,1,36
2050,11,16:627,3,5,12,58;185,3,1,4,16;114,2,49,90;120,1,48;665,1,66;861,1,55;190,1,47;800,1,89;654,1,28;707,1,128;771,1,232
2051,6,7:673,2,58,168;114,1,74;562,1,192;998,1,28;576,1,54;391,1,38
2052,3,7:115,5,8,18,42,56,116;319,1,125;58,1,106
2053,2,2:115,1,34;155,1,98
2054,3,6:58,3,5,11,45;319,2,98,146;115,1,39
2055,4,4:115,1,69;17,1,364;923,1,11;376,1,56
2056,4,6:631,2,7,19;820,2,10,25;115,1,77;543,1,225
2057,1,2:115,2,94,206
2058,1,1:115,1,167
2059,1,1:115,1,184
2060,5,15:768,5,4,15,38,53,149;115,4,195,199,216,221;652,3,52,110,123;807,2,3,13;464,1,79
2061,5,5:115,1,220;574,1,340;875,1,29;546,1,122;231,1,89
2062,3,5:58,3,115,171,195;115,1,235;234,1,101
2063,21,27:134,3,330,338,341;174,3,4,8,29;740,2,125,234;6,2,123,249;839,1,83;557,1,52;52,1,124;355,1,35;706,1,35;61,1,26;273,1,96;830,1,32;181,1,90;796,1,97;651,1,238;544,1,98;280,1,169;654,1,107;451,1,314;469,1,33;29,1,134
2064,3,3:839,1,95;436,1,137;437,1,128
2065,1,2:116,2,118,150
2066,1,1:38,1,87
2067,1,1:38,1,89
2068,1,1:38,1,93
2069,10,10:38,1,130;624,1,142;131,1,147;192,1,41;210,1,139;450,1,402;377,1,327;291,1,60;32,1,290;670,1,231
2070,6,6:38,1,175;319,1,263;324,1,136;174,1,56;26,1,65;991,1,125
2071,2,4:403,3,22,57,91;231,1,151
2072,1,1:403,1,28
2073,7,11:256,2,24,58;246,2,17,43;247,2,16,41;276,2,97,198;403,1,59;585,1,67;203,1,46
2074,1,1:403,1,109
2075,3,4:181,2,119,139;403,1,126;436,1,28
2076,1,1:403,1,131
2077,4,4:403,1,194;330,1,75;17,1,250;538,1,86
2078,1,1:403,1,235
2079,1,1:39,1,63
2080,9,16:277,3,30,60,107;213,3,55,99,182;392,3,27,54,93;39,2,79,115;41,1,88;15,1,45;350,1,179;485,1,76;590,1,176
2081,10,10:39,1,88;319,1,310;43,1,293;53,1,84;161,1,37;176,1,162;367,1,160;745,1,130;371,1,98;372,1,162
2082,12,19:704,5,22,44,66,146,181;409,2,70,126;479,2,13,28;451,2,16,34;39,1,103;481,1,189;414,1,97;281,1,216;282,1,86;382,1,63;32,1,82;236,1,69
2083,6,8:39,2,108,160;127,2,32,83;473,1,46;269,1,42;571,1,46;451,1,91
2084,5,7:744,3,7,17,94;39,1,142;536,1,73;134,1,336;395,1,106
2085,4,4:39,1,162;20,1,137;924,1,104;456,1,211
2086,9,12:600,3,53,83,170;828,2,144,199;39,1,175;118,1,80;623,1,157;321,1,259;130,1,225;500,1,47;501,1,119
2087,3,3:39,1,192;268,1,51;376,1,64
2088,4,4:39,1,244;985,1,74;155,1,52;181,1,296
2089,3,8:253,4,24,53,91,166;731,3,8,19,35;670,1,87
2090,3,3:253,1,124;424,1,52;295,1,51
2091,1,1:253,1,125
2092,1,1:253,1,127
2093,2,2:253,1,176;225,1,37
2094,1,1:253,1,177
2095,9,11:479,2,15,30;451,2,18,36;317,1,27;471,1,136;15,1,43;22,1,140;422,1,33;409,1,82;281,1,195
2096,6,9:837,3,11,26,42;934,2,193,220;317,1,50;321,1,264;828,1,133;528,1,115
2097,1,1:117,1,62
2098,2,4:268,3,11,22,38;276,1,274
2099,2,2:268,1,50;120,1,69
2100,1,1:268,1,209
2101,4,6:867,2,7,15;998,2,22,24;47,1,24;276,1,165
2102,3,4:867,2,8,16;998,1,23;276,1,166
2103,7,7:867,1,31;414,1,193;859,1,46;560,1,123;880,1,127;689,1,140;181,1,298
2104,11,11:867,1,72;13,1,87;144,1,291;353,1,167;860,1,230;359,1,184;177,1,131;844,1,63;911,1,84;80,1,149;833,1,56
2105,5,14:40,3,72,106,261;121,3,72,106,228;522,3,139,155,173;499,3,5,35,75;42,2,94,256
2106,3,4:137,2,54,125;40,1,197;985,1,78
2107,3,3:949,1,47;13,1,132;702,1,221
2108,6,10:219,4,74,98,127,167;481,2,107,156;318,1,79;41,1,105;537,1,113;978,1,147
2109,4,4:318,1,93;128,1,35;476,1,209;456,1,248
2110,3,7:118,5,5,14,84,110,135;201,1,46;904,1,43
2111,2,3:757,2,58,104;118,1,55
2112,2,2:118,1,139;597,1,287
2113,1,1:118,1,144
2114,2,6:119,4,4,10,24,125;768,2,2,13
2115,1,1:119,1,132
2116,2,6:319,5,42,49,91,97,106;437,1,260
2117,1,1:319,1,57
2118,1,2:319,2,92,154
2119,1,1:319,1,120
2120,1,1:319,1,121
2121,2,3:192,2,57,137;319,1,129
2122,1,1:319,1,140
2123,2,2:319,1,144;201,1,78
2124,5,7:176,3,166,170,296;319,1,156;673,1,136;998,1,21;359,1,61
2125,1,1:319,1,157
2126,1,1:319,1,159
2127,3,5:694,3,7,17,45;319,1,211;176,1,54
2128,9,10:237,2,198,243;319,1,221;516,1,65;538,1,46;353,1,133;168,1,165;276,1,205;501,1,66;480,1,119
2129,2,2:319,1,282;56,1,33
2130,1,1:319,1,296
2131,1,1:13,1,34
2132,1,1:13,1,37
2133,2,2:13,1,126;631,1,87
2134,3,6:951,3,5,13,57;934,2,46,179;13,1,139
2135,8,16:333,5,3,19,45,142,151;437,4,170,270,311,472;195,2,128,197;120,1,77;350,1,118;280,1,86;451,1,79;377,1,301
2136,1,1:120,1,91
2137,1,1:120,1,97
2138,1,1:120,1,99
2139,1,1:120,1,148
2140,2,2:120,1,155;824,1,58
2141,5,6:747,2,34,84;120,1,180;893,1,49;794,1,63;389,1,65
2142,6,7:206,2,92,112;120,1,202;493,1,229;568,1,132;772,1,112;83,1,324
2143,1,1:120,1,204
2144,1,1:120,1,255
2145,1,1:120,1,262
2146,1,1:121,1,91
2147,1,1:121,1,96
2148,2,2:41,1,34;359,1,212
2149,5,5:41,1,56;42,1,192;64,1,134;409,1,113;393,1,124
2150,3,3:41,1,58;64,1,121;409,1,112
2151,1,1:41,1,62
2152,3,4:336,2,16,32;41,1,86;792,1,103
2153,2,3:41,2,90,197;172,1,67
2154,3,4:762,2,8,20;41,1,138;485,1,42
2155,2,2:41,1,322;44,1,77
2156,2,3:411,2,154,171;41,1,341
2157,2,2:41,1,342;544,1,130
2158,2,2:623,1,20;537,1,180
2159,7,7:623,1,81;45,1,20;784,1,116;566,1,93;847,1,168;32,1,372;293,1,52
2160,1,1:623,1,89
2161,6,7:482,2,78,112;623,1,114;160,1,112;769,1,70;373,1,113;940,1,59
2162,1,1:623,1,143
2163,5,6:122,2,117,155;436,1,60;739,1,67;717,1,93;221,1,267
2164,2,2:122,1,197;343,1,181
2165,6,6:682,1,85;161,1,146;581,1,131;206,1,184;207,1,171;378,1,56
2166,3,3:682,1,89;909,1,77;29,1,244
2167,4,4:682,1,211;521,1,132;987,1,47;456,1,275
2168,1,1:254,1,36
2169,6,6:254,1,112;51,1,125;508,1,66;65,1,128;1,1,88;222,1,77
2170,5,5:254,1,222;808,1,81;538,1,69;394,1,139;878,1,125
2171,4,4:254,1,226;575,1,55;179,1,203;845,1,111
2172,1,1:254,1,280
2173,2,2:254,1,307;967,1,78
2174,4,6:543,3,67,126,154;254,1,308;338,1,109;923,1,37
2175,4,4:254,1,345;760,1,81;849,1,316;380,1,123
2176,1,1:14,1,110
2177,4,4:14,1,128;164,1,47;244,1,59;542,1,17
2178,1,1:603,1,26
2179,2,4:224,3,1,12,100;603,1,178
2180,6,8:336,3,7,23,46;42,1,57;45,1,120;808,1,105;191,1,144;198,1,146
2181,4,4:42,1,123;136,1,175;372,1,128;258,1,169
2182,1,1:42,1,125
2183,2,3:42,2,140,169;898,1,59
2184,1,1:42,1,148
2185,4,4:42,1,205;124,1,49;486,1,81;426,1,80
2186,1,1:42,1,280
2187,14,21:280,5,100,118,213,222,270;377,2,200,245;6,2,125,251;755,2,115,143;42,1,298;136,1,228;785,1,116;203,1,33;261,1,265;29,1,136;79,1,41;805,1,80;852,1,67;295,1,274
2188,1,13:237,13,10,24,42,88,111,165,167,190,217,240,281,287,289
2189,1,14:237,14,14,28,43,65,77,94,103,168,183,205,211,247,283,290
2190,11,15:125,3,55,144,193;237,2,52,272;181,2,159,177;780,1,88;872,1,86;880,1,128;875,1,30;85,1,129;8,1,72;395,1,267;852,1,55
2191,6,7:828,2,18,38;237,1,64;466,1,190;168,1,135;289,1,91;224,1,166
2192,1,1:237,1,112
2193,4,10:814,4,3,11,36,112;912,3,69,130,153;511,2,114,143;237,1,120
2194,1,1:237,1,121
2195,1,1:237,1,302
2196,6,26:481,10,9,20,73,120,150,205,212,226,298,328;257,6,5,16,47,66,95,106;167,4,5,14,67,107;594,3,80,95,119;59,2,47,108;652,1,190
2197,4,13:481,9,10,21,59,201,206,218,261,285,323;409,2,139,170;123,1,181;652,1,188
2198,10,24:270,4,8,24,141,173;52,3,85,121,136;476,3,81,120,156;837,3,15,30,46;31,3,212,234,372;481,2,93,174;141,2,80,130;489,2,45,77;624,1,87;333,1,143
2199,2,2:481,1,217;585,1,205
2200,2,4:444,3,51,76,219;481,1,264
2201,6,13:238,6,14,29,256,278,295,314;481,2,268,294;594,2,115,125;471,1,45;167,1,85;215,1,187
2202,6,7:754,2,48,87;481,1,269;45,1,23;787,1,59;543,1,212;802,1,140
2203,1,1:481,1,277
2204,2,2:481,1,280;396,1,232
2205,7,12:220,3,41,43,46;481,2,282,289;479,2,66,84;451,2,60,139;125,1,154;131,1,54;377,1,74
2206,1,1:481,1,359
2207,3,9:280,4,12,40,312,332;471,3,6,23,51;283,2,26,55
2208,1,1:471,1,56
2209,14,26:129,7,8,24,48,82,100,117,140;514,2,9,22;760,2,8,21;785,2,5,13;351,2,1,12;352,2,14,39;456,2,15,33;471,1,100;505,1,24;466,1,179;473,1,26;521,1,110;485,1,54;502,1,44
2210,4,4:471,1,118;126,1,266;359,1,273;590,1,164
2211,11,19:221,4,10,25,37,178;479,3,6,21,56;451,3,4,22,51;24,2,118,275;471,1,120;320,1,91;466,1,71;140,1,71;493,1,321;370,1,144;858,1,99
2212,1,1:471,1,124
2213,2,2:471,1,130;655,1,57
2214,2,2:471,1,131;283,1,134
2215,9,9:471,1,134;897,1,185;522,1,171;567,1,62;3,1,284;409,1,136;590,1,82;213,1,180;32,1,348
2216,1,1:471,1,138
2217,2,2:672,1,93;909,1,43
2218,5,5:672,1,106;17,1,194;733,1,111;187,1,111;24,1,163
2219,1,1:672,1,161
2220,1,1:672,1,167
2221,1,1:672,1,170
2222,15,15:123,1,13;778,1,41;712,1,32;437,1,401;438,1,35;559,1,47;520,1,100;826,1,53;59,1,125;539,1,245;794,1,83;207,1,132;468,1,111;876,1,75;802,1,68
2223,1,1:123,1,31
2224,4,4:123,1,48;520,1,135;845,1,33;248,1,73
2225,8,10:506,2,8,27;520,2,10,27;123,1,49;193,1,171;586,1,119;450,1,226;452,1,623;940,1,109
2226,1,1:123,1,59
2227,1,1:123,1,66
2228,5,5:123,1,134;820,1,48;498,1,168;384,1,64;903,1,64
2229,2,2:123,1,155;17,1,354
2230,9,12:385,3,142,167,180;932,2,10,29;123,1,200;320,1,258;332,1,236;407,1,115;652,1,157;449,1,115;27,1,109
2231,3,3:123,1,203;328,1,131;288,1,18
2232,1,2:123,2,214,223
2233,25,61:43,7,64,75,113,122,138,160,218;684,6,17,34,45,58,81,117;124,3,13,26,45;131,3,42,50,68;648,3,9,24,52;650,3,10,26,44;508,3,33,59,90;378,3,13,32,47;221,3,34,147,204;411,3,128,133,152;504,2,1,11;915,2,8,22;330,2,49,62;760,2,125,138;785,2,33,86;23,2,10,23;486,2,50,97;280,2,137,210;452,2,473,549;123,1,217;466,1,47;517,1,52;352,1,65;524,1,53;449,1,75
2234,5,5:123,1,241;436,1,136;764,1,25;280,1,247;501,1,112
2235,3,3:123,1,245;408,1,39;192,1,23
2236,1,1:123,1,253
2237,2,2:123,1,269;897,1,121
2238,3,3:123,1,291;684,1,56;384,1,66
2239,4,8:437,5,94,114,197,223,277;124,1,31;590,1,72;699,1,87
2240,24,38:52,4,9,25,52,108;196,4,7,15,35,66;414,3,20,41,55;366,3,11,28,69;140,2,8,21;408,2,8,17;486,2,14,36;451,2,5,23;466,1,121;269,1,49;506,1,189;493,1,317;517,1,102;170,1,107;199,1,80;280,1,144;248,1,151;426,1,116;450,1,116;479,1,39;526,1,63;377,1,340;527,1,21;658,1,47
2241,11,13:658,3,15,30,70;414,1,86;320,1,149;140,1,74;855,1,60;160,1,202;186,1,55;485,1,82;280,1,123;479,1,63;377,1,77
2242,3,3:414,1,111;702,1,392;462,1,45
2243,1,1:414,1,158
2244,1,1:320,1,71
2245,4,4:320,1,89;933,1,66;429,1,253;236,1,71
2246,1,1:320,1,94
2247,1,1:320,1,96
2248,1,1:320,1,101
2249,2,3:320,2,116,238;350,1,247
2250,1,1:320,1,180
2251,6,6:320,1,220;437,1,240;689,1,117;443,1,50;450,1,319;528,1,99
2252,1,1:320,1,228
2253,3,3:320,1,230;159,1,407;165,1,60
2254,3,3:320,1,245;53,1,199;159,1,393
2255,1,1:43,1,168
2256,1,1:43,1,219
2257,3,8:350,6,5,21,35,98,140,228;44,1,84;165,1,41
2258,12,15:740,3,66,92,137;53,2,95,177;44,1,209;128,1,34;141,1,98;157,1,82;164,1,29;900,1,70;692,1,157;870,1,117;213,1,285;261,1,136
2259,2,2:44,1,213;193,1,53
2260,3,5:918,3,2,19,50;415,1,119;690,1,115
2261,2,2:918,1,43;405,1,146
2262,2,2:918,1,58;700,1,56
2263,1,1:918,1,75
2264,1,1:918,1,116
2265,2,2:624,1,26;271,1,209
2266,11,17:791,4,103,128,135,157;624,3,57,80,156;420,2,75,91;437,1,215;23,1,104;182,1,111;743,1,144;864,1,134;657,1,77;79,1,55;83,1,96
2267,1,6:624,6,58,74,81,99,111,157
2268,1,1:624,1,63
2269,7,8:428,2,2,22;624,1,138;340,1,180;25,1,51;378,1,133;489,1,62;225,1,54
2270,5,6:204,2,6,13;624,1,169;541,1,266;203,1,81;79,1,95
2271,5,7:872,3,69,138,193;624,1,181;780,1,178;942,1,37;292,1,75
2272,1,1:624,1,188
2273,1,1:597,1,13
2274,8,29:327,11,7,20,27,40,53,93,98,104,116,151,162;59,5,12,25,39,85,214;475,4,16,33,40,91;597,3,27,104,121;183,3,13,31,126;463,1,98;515,1,66;421,1,210
2275,1,1:597,1,29
2276,1,1:597,1,32
2277,10,11:200,2,130,174;597,1,72;125,1,216;924,1,79;55,1,99;864,1,220;197,1,93;68,1,152;966,1,73;657,1,179
2278,5,7:396,3,12,39,75;597,1,128;779,1,55;577,1,54;192,1,24
2279,1,2:597,2,160,165
2280,1,1:597,1,186
2281,5,8:286,3,15,42,153;201,2,158,329;597,1,223;418,1,79;59,1,193
2282,1,1:597,1,228
2283,1,1:597,1,286
2284,1,1:597,1,332
2285,2,2:778,1,39;125,1,348
2286,7,21:173,9,13,33,56,59,78,91,99,126,178;125,4,6,16,58,76;136,3,16,39,61;755,2,10,23;321,1,78;126,1,252;880,1,54
2287,14,41:125,6,10,20,33,66,103,302;321,6,5,11,22,28,48,122;323,6,7,20,36,45,58,88;872,5,4,12,21,43,57;173,4,20,40,50,115;136,3,15,38,60;559,2,147,221;158,2,5,11;221,2,7,22;436,1,65;875,1,40;693,1,59;26,1,46;936,1,44
2288,4,4:125,1,23;144,1,163;493,1,359;946,1,70
2289,3,3:125,1,71;452,1,580;599,1,121
2290,1,1:125,1,90
2291,2,3:125,2,102,164;998,1,30
2292,1,1:125,1,115
2293,3,3:125,1,117;641,1,31;367,1,71
2294,3,3:125,1,153;840,1,45;173,1,143
2295,1,2:125,2,159,288
2296,2,2:125,1,175;64,1,120
2297,3,3:125,1,177;358,1,65;28,1,112
2298,7,13:579,3,2,19,79;574,2,2,21;580,2,2,13;930,2,2,21;231,2,73,126;125,1,214;164,1,71
2299,2,2:125,1,251;47,1,95
2300,1,1:125,1,264
2301,15,25:256,4,4,11,43,88;482,4,7,24,156,194;406,3,1,11,120;416,2,2,13;541,2,259,271;125,1,297;255,1,109;350,1,81;927,1,93;644,1,188;444,1,67;445,1,46;467,1,255;376,1,147;295,1,289
2302,9,23:136,7,13,36,58,118,156,166,250;322,6,7,14,39,55,89,118;173,3,6,26,108;880,2,70,150;125,1,317;321,1,52;323,1,79;126,1,141;27,1,79
2303,4,4:125,1,350;493,1,240;990,1,81;657,1,156
2304,1,1:321,1,82
2305,2,2:321,1,203;128,1,165
2306,1,1:321,1,215
2307,1,1:321,1,231
2308,6,6:321,1,234;324,1,146;873,1,149;22,1,243;365,1,50;847,1,86
2309,6,6:321,1,245;18,1,192;173,1,117;259,1,104;912,1,141;83,1,117
2310,5,5:321,1,258;541,1,227;450,1,414;940,1,67;456,1,290
2311,6,7:599,2,87,107;321,1,269;643,1,152;224,1,211;8,1,298;852,1,90
2312,2,2:323,1,89;440,1,149
2313,4,4:126,1,17;437,1,457;147,1,129;32,1,396
2314,14,17:606,3,135,143,185;456,2,147,152;126,1,67;334,1,53;841,1,51;733,1,88;164,1,111;181,1,132;284,1,104;286,1,268;6,1,120;772,1,61;224,1,138;754,1,110
2315,1,1:126,1,77
2316,1,1:126,1,78
2317,1,1:126,1,168
2318,3,3:126,1,221;58,1,155;670,1,395
2319,2,7:880,6,15,30,43,56,125,144;126,1,257
2320,4,4:126,1,272;880,1,96;238,1,125;500,1,86
2321,5,9:817,4,4,17,39,250;219,2,23,180;585,1,301;203,1,49;754,1,76
2322,1,1:817,1,86
2323,1,1:817,1,236
2324,1,1:817,1,248
2325,1,1:817,1,270
2326,2,3:324,2,52,72;670,1,134
2327,1,3:324,3,144,189,212
2328,1,1:324,1,148
2329,2,2:324,1,166;205,1,45
2330,2,4:660,3,6,16,33;324,1,188
2331,1,1:324,1,194
2332,1,1:324,1,209
2333,9,20:360,5,1,13,33,58,87;85,4,44,64,110,122;663,3,10,28,129;8,3,17,39,80;324,1,227;142,1,46;143,1,44;877,1,63;708,1,55
2334,6,16:946,5,3,13,80,90,157;936,5,12,24,34,71,83;127,2,4,16;221,2,169,184;879,1,197;184,1,74
2335,3,3:127,1,35;208,1,83;72,1,42
2336,1,1:127,1,39
2337,5,6:127,2,65,135;437,1,166;979,1,117;844,1,117;600,1,94
2338,2,2:127,1,142;78,1,136
2339,1,1:127,1,158
2340,2,2:127,1,161;511,1,54
2341,1,1:536,1,69
2342,2,2:536,1,99;192,1,257
2343,3,3:128,1,49;438,1,75;978,1,22
2344,2,21:437,20,3,22,76,95,115,171,198,224,243,248,253,261,271,278,312,327,348,372,397,473;128,1,83
2345,33,51:327,3,90,95,101;573,3,9,19,37;844,3,6,13,193;718,3,5,17,30;366,3,99,130,190;676,3,1,15,53;415,2,17,36;165,2,143,168;716,2,3,15;717,2,3,13;914,2,4,16;444,2,175,183;128,1,173;779,1,79;141,1,206;922,1,53;408,1,98;52,1,46;161,1,54;164,1,91;275,1,59;257,1,79;238,1,374;195,1,155;201,1,292;377,1,174;217,1,142;548,1,108;290,1,195;457,1,144;721,1,50;596,1,86;391,1,17
2346,6,7:128,2,178,200;52,1,137;165,1,132;257,1,46;280,1,323;377,1,234
2347,4,6:683,3,8,17,23;67,1,140;376,1,260;428,1,87
2348,10,15:751,4,12,26,44,75;382,3,7,16,25;514,1,74;474,1,42;521,1,155;523,1,63;798,1,35;380,1,146;454,1,59;389,1,41
2349,4,6:872,2,126,151;210,2,107,127;45,1,21;391,1,32
2350,16,22:842,4,4,16,29,95;46,2,142,628;181,2,60,64;373,2,66,85;45,1,31;505,1,67;270,1,191;899,1,35;420,1,150;740,1,193;184,1,48;199,1,87;876,1,100;587,1,94;216,1,95;596,1,77
2351,3,5:141,3,116,194,197;45,1,86;159,1,214
2352,7,11:180,3,19,38,72;220,3,6,18,29;45,1,90;899,1,73;719,1,165;296,1,93;664,1,77
2353,1,1:45,1,126
2354,5,8:159,2,242,308;180,2,127,135;453,2,71,112;45,1,256;271,1,227
2355,1,1:45,1,261
2356,4,4:45,1,358;135,1,44;169,1,52;646,1,45
2357,1,1:45,1,377
2358,1,1:45,1,378
2359,8,12:742,4,16,33,71,124;331,2,9,19;504,1,63;341,1,56;407,1,89;271,1,170;767,1,144;226,1,136
2360,3,3:129,1,53;343,1,177;275,1,139
2361,1,1:129,1,164
2362,4,5:589,2,4,15;129,1,168;437,1,48;373,1,242
2363,6,9:566,3,13,38,48;373,2,151,164;325,1,107;705,1,227;845,1,116;973,1,66
2364,7,26:141,8,9,23,36,68,84,112,188,230;346,7,15,35,60,110,140,188,211;463,6,14,17,38,41,67,70;215,2,212,229;159,1,68;271,1,85;59,1,76
2365,1,1:463,1,101
2366,1,1:463,1,118
2367,1,1:463,1,120
2368,10,14:600,3,37,105,177;864,2,11,27;791,2,11,33;463,1,122;828,1,71;269,1,66;408,1,34;743,1,52;499,1,88;528,1,22
2369,1,1:463,1,125
2370,1,1:463,1,211
2371,3,3:463,1,228;159,1,412;496,1,47
2372,3,4:183,2,165,202;463,1,230;248,1,244
2373,3,11:130,5,13,27,41,47,126;544,4,5,14,25,136;279,2,105,142
2374,2,5:455,3,8,21,68;130,2,82,132
2375,9,10:77,2,5,13;130,1,133;164,1,37;350,1,68;238,1,50;1,1,120;221,1,235;224,1,114;940,1,185
2376,13,32:270,4,14,30,65,161;159,4,174,247,331,380;477,4,93,146,170,191;238,3,147,182,377;497,3,46,108,155;68,3,59,218,268;498,3,13,34,59;130,2,167,202;484,2,11,29;760,1,132;518,1,70;510,1,61;387,1,127
2377,1,1:130,1,216
2378,6,8:436,3,3,8,12;665,1,49;493,1,410;629,1,107;68,1,140;226,1,153
2379,2,2:665,1,55;453,1,95
2380,2,2:255,1,187;745,1,129
2381,5,10:439,6,5,17,28,43,70,98;326,1,51;158,1,90;489,1,65;389,1,84
2382,8,9:785,2,85,90;326,1,82;763,1,30;873,1,218;962,1,44;443,1,36;511,1,89;395,1,113
2383,1,2:2,2,50,142
2384,1,1:2,1,121
2385,1,1:2,1,199
2386,1,1:2,1,201
2387,1,1:2,1,278
2388,2,2:2,1,283;359,1,237
2389,6,8:505,3,3,12,54;779,1,164;493,1,135;541,1,281;793,1,68;657,1,155
2390,2,2:505,1,83;218,1,150
2391,13,15:343,2,68,100;161,2,127,140;712,1,30;674,1,47;423,1,117;824,1,141;802,1,97;452,1,231;259,1,139;72,1,215;978,1,65;32,1,40;664,1,223
2392,5,5:712,1,59;363,1,162;238,1,271;585,1,137;222,1,39
2393,8,11:875,3,6,16,67;247,2,91,179;712,1,144;173,1,175;246,1,83;198,1,120;378,1,155;85,1,124
2394,4,5:873,2,8,23;712,1,147;875,1,48;376,1,57
2395,1,4:436,4,5,10,38,69
2396,1,2:436,2,17,25
2397,5,8:82,3,6,21,39;404,2,6,25;436,1,23;927,1,40;209,1,150
2398,1,1:436,1,41
2399,1,1:436,1,56
2400,3,4:436,2,61,67;134,1,37;337,1,176
2401,2,2:436,1,66;829,1,171
2402,7,7:436,1,130;493,1,391;343,1,157;714,1,118;939,1,62;81,1,55;858,1,123
2403,2,2:436,1,146;477,1,268
2404,1,1:713,1,49
2405,1,1:828,1,58
2406,1,1:828,1,61
2407,3,4:828,2,110,142;546,1,215;32,1,197
2408,6,10:828,3,131,173,183;269,2,72,229;393,2,117,158;526,1,36;378,1,99;655,1,121
2409,1,1:828,1,155
2410,2,3:376,2,2,21;893,1,82
2411,1,1:893,1,83
2412,1,1:893,1,85
2413,9,13:676,4,61,120,148,176;497,2,112,125;625,1,59;416,1,46;518,1,71;746,1,72;206,1,102;973,1,34;804,1,32
2414,1,1:625,1,64
2415,1,1:985,1,44
2416,3,4:243,2,4,17;147,1,144;561,1,154
2417,6,6:243,1,87;686,1,197;566,1,77;274,1,59;650,1,48;719,1,138
2418,2,5:437,4,9,28,430,481;350,1,39
2419,1,1:437,1,49
2420,1,1:437,1,59
2421,1,1:437,1,61
2422,1,1:437,1,75
2423,2,2:437,1,89;215,1,17
2424,1,4:437,4,90,120,232,353
2425,1,1:437,1,147
2426,1,1:437,1,150
2427,2,2:437,1,157;134,1,40
2428,8,8:437,1,194;762,1,148;415,1,128;151,1,194;195,1,154;456,1,91;721,1,140;862,1,73
2429,2,2:437,1,203;82,1,58
2430,8,9:68,2,209,228;437,1,209;780,1,256;762,1,264;420,1,79;864,1,213;791,1,131;221,1,133
2431,3,4:337,2,67,194;437,1,235;335,1,73
2432,1,1:437,1,255
2433,1,2:437,2,256,263
2434,1,1:437,1,257
2435,1,1:437,1,262
2436,8,8:437,1,272;605,1,137;789,1,55;547,1,76;804,1,51;225,1,79;850,1,120;8,1,83
2437,1,1:437,1,284
2438,1,1:437,1,287
2439,1,1:437,1,290
2440,2,3:350,2,124,188;437,1,307
2441,2,2:437,1,316;231,1,145
2442,2,2:437,1,317;583,1,96
2443,2,2:437,1,325;376,1,66
2444,1,1:437,1,333
2445,1,1:437,1,345
2446,1,1:437,1,357
2447,2,2:437,1,360;934,1,171
2448,8,14:525,3,1,18,36;269,2,83,198;524,2,11,13;378,2,109,168;655,2,68,131;437,1,363;358,1,89;743,1,147
2449,2,2:437,1,398;663,1,64
2450,8,12:236,4,29,58,209,246;429,2,182,297;437,1,411;740,1,103;717,1,101;844,1,99;670,1,41;296,1,95
2451,1,1:437,1,423
2452,3,3:437,1,447;697,1,65;452,1,164
2453,1,1:437,1,495
2454,8,50:238,28,9,24,58,77,83,85,88,98,111,165,174,186,193,199,233,236,238,247,254,266,273,289,294,303,317,332,356,409;131,5,7,17,41,56,166;366,4,104,133,193,219;286,4,20,47,194,214;650,3,13,29,51;27,3,6,14,32;450,2,142,155;68,1,312
2455,1,1:131,1,53
2456,1,1:327,1,80
2457,1,1:327,1,100
2458,9,15:705,3,77,197,205;841,2,71,140;159,2,102,359;209,2,62,106;31,2,198,206;327,1,111;134,1,31;162,1,167;417,1,264
2459,1,1:327,1,132
2460,13,20:721,4,101,124,144,162;466,2,95,142;737,2,8,74;668,2,92,144;695,2,35,89;760,1,145;518,1,20;272,1,112;908,1,64;191,1,143;261,1,92;290,1,92;389,1,89
2461,2,3:864,2,101,149;466,1,151
2462,1,1:684,1,71
2463,2,2:684,1,119;980,1,86
2464,2,4:473,3,10,22,41;468,1,38
2465,2,2:473,1,45;835,1,52
2466,4,4:132,1,82;864,1,137;284,1,53;32,1,367
2467,2,3:269,2,18,36;77,1,76
2468,1,1:269,1,129
2469,2,5:269,4,135,174,208,242;946,1,166
2470,2,2:779,1,27;261,1,90
2471,2,2:779,1,57;134,1,34
2472,3,3:779,1,59;921,1,40;261,1,111
2473,2,2:779,1,65;332,1,61
2474,1,1:779,1,66
2475,5,10:256,3,6,13,20;938,3,6,12,15;606,2,132,181;779,1,100;213,1,233
2476,4,7:585,4,82,90,116,131;779,1,118;256,1,59;276,1,197
2477,5,7:520,2,244,264;283,2,111,123;779,1,126;444,1,214;936,1,93
2478,2,2:779,1,141;192,1,208
2479,2,2:970,1,42;450,1,299
2480,4,6:879,2,70,114;766,2,171,219;693,1,82;797,1,57
2481,1,2:879,2,161,179
2482,3,3:879,1,213;856,1,81;669,1,35
2483,1,1:879,1,217
2484,1,2:15,2,6,22
2485,1,1:15,1,139
2486,2,5:733,3,331,373,427;133,2,94,199
2487,7,15:764,4,5,12,39,55;568,4,8,19,35,103;634,3,6,14,25;133,1,107;626,1,191;692,1,189;834,1,96
2488,1,1:133,1,208
2489,6,6:133,1,216;329,1,165;343,1,208;419,1,77;179,1,212;716,1,55
2490,7,7:133,1,223;631,1,44;634,1,48;881,1,92;373,1,243;25,1,151;592,1,42
2491,1,3:812,3,6,14,30
2492,1,1:673,1,31
2493,1,3:673,3,32,34,36
2494,1,1:673,1,65
2495,1,1:673,1,68
2496,7,7:673,1,88;574,1,255;697,1,55;593,1,47;454,1,56;754,1,56;887,1,71
2497,1,1:673,1,90
2498,1,1:673,1,104
2499,2,2:673,1,143;394,1,30
2500,1,1:673,1,150
2501,1,2:673,2,151,161
2502,1,1:673,1,160
2503,2,2:673,1,165;856,1,94
2504,4,4:328,1,121;354,1,34;927,1,49;792,1,173
2505,1,1:329,1,108
2506,1,1:329,1,132
2507,3,3:134,1,29;946,1,115;207,1,122
2508,2,2:134,1,35;192,1,139
2509,2,2:134,1,42;921,1,55
2510,1,1:134,1,43
2511,4,4:134,1,51;790,1,32;768,1,36;695,1,32
2512,1,1:134,1,54
2513,1,4:134,4,63,81,118,393
2514,3,3:134,1,76;937,1,48;599,1,34
2515,1,1:134,1,77
2516,3,4:415,2,45,111;134,1,139;845,1,95
2517,3,3:134,1,147;849,1,325;215,1,123
2518,1,1:134,1,164
2519,1,1:134,1,170
2520,1,1:134,1,176
2521,1,1:134,1,182
2522,1,1:134,1,203
2523,5,5:134,1,228;16,1,38;567,1,75;193,1,199;904,1,51
2524,1,1:134,1,347
2525,1,2:134,2,351,360
2526,4,4:134,1,354;341,1,233;784,1,75;425,1,41
2527,1,1:134,1,367
2528,7,7:134,1,438;562,1,72;53,1,315;187,1,77;24,1,81;80,1,134;913,1,77
2529,3,4:894,2,6,14;953,1,101;274,1,120
2530,1,1:894,1,124
2531,1,2:915,2,58,66
2532,4,4:330,1,82;408,1,33;377,1,49;655,1,27
2533,1,3:780,3,5,25,48
2534,2,3:780,2,10,30;652,1,58
2535,10,11:206,2,198,220;780,1,107;762,1,247;705,1,156;173,1,76;644,1,83;651,1,89;477,1,86;207,1,199;72,1,75
2536,2,2:780,1,122;720,1,240
2537,1,1:780,1,172
2538,1,1:780,1,193
2539,5,5:780,1,205;729,1,129;861,1,100;641,1,114;68,1,158
2540,3,3:780,1,206;861,1,101;68,1,159
2541,1,1:780,1,207
2542,5,6:670,2,168,334;780,1,232;5,1,90;30,1,104;825,1,75
2543,2,2:780,1,259;663,1,154
2544,1,1:529,1,153
2545,1,1:529,1,155
2546,1,1:529,1,209
2547,1,1:529,1,211
2548,2,2:16,1,35;677,1,25
2549,7,9:331,2,6,16;227,2,2,11;274,1,141;807,1,78;748,1,165;848,1,40;720,1,196
2550,1,1:331,1,70
2551,1,1:331,1,71
2552,2,4:331,3,75,437,465;511,1,111
2553,4,4:331,1,95;653,1,84;205,1,130;226,1,109
2554,5,7:517,2,2,16;452,2,459,640;331,1,133;542,1,49;228,1,37
2555,2,2:331,1,182;733,1,51
2556,2,2:331,1,184;421,1,167
2557,1,2:331,2,195,233
2558,1,2:331,2,197,235
2559,1,1:331,1,222
2560,6,7:51,2,15,32;331,1,257;845,1,148;69,1,99;213,1,160;887,1,58
2561,3,3:331,1,368;718,1,186;585,1,146
2562,1,1:331,1,371
2563,19,23:331,2,392,395;361,2,91,142;722,2,155,158;462,2,3,19;762,1,179;142,1,175;17,1,25;58,1,136;420,1,137;61,1,179;577,1,33;741,1,85;540,1,90;192,1,226;400,1,80;281,1,96;590,1,52;285,1,80;427,1,42
2564,3,3:135,1,82;63,1,149;448,1,88
2565,2,6:332,5,3,15,137,195,211;178,1,118
2566,1,5:332,5,5,17,142,198,216
2567,3,4:332,2,12,24;845,1,138;599,1,66
2568,1,1:332,1,52
2569,1,1:332,1,53
2570,1,1:332,1,54
2571,1,1:332,1,84
2572,3,5:332,3,146,192,213;350,1,210;234,1,155
2573,1,1:332,1,162
2574,2,2:332,1,229;340,1,171
2575,1,2:806,2,15,31
2576,1,1:806,1,45
2577,2,2:806,1,63;78,1,81
2578,15,28:68,5,145,163,166,211,230;192,4,29,48,111,237;860,3,162,235,301;395,3,13,33,243;444,2,8,16;747,2,41,76;872,1,18;729,1,130;638,1,194;639,1,99;641,1,36;445,1,65;201,1,92;206,1,329;834,1,125
2579,4,4:872,1,134;493,1,194;784,1,67;224,1,195
2580,3,7:198,3,22,44,88;276,3,28,56,66;136,1,127
2581,3,4:377,2,50,100;136,1,168;794,1,69
2582,5,6:136,2,208,256;417,1,205;85,1,70;663,1,76;395,1,174
2583,1,1:136,1,251
2584,2,2:760,1,43;46,1,295
2585,1,1:760,1,63
2586,1,1:760,1,68
2587,1,2:474,2,10,29
2588,1,1:474,1,118
2589,1,1:474,1,120
2590,1,2:333,2,16,32
2591,5,6:948,2,40,49;333,1,41;482,1,96;215,1,181;967,1,51
2592,1,1:674,1,30
2593,1,2:137,2,12,27
2594,1,1:137,1,72
2595,1,1:137,1,74
2596,1,1:137,1,95
2597,1,1:137,1,113
2598,1,1:137,1,239
2599,1,1:137,1,242
2600,1,1:138,1,84
2601,1,1:138,1,86
2602,3,3:138,1,184;22,1,232;590,1,145
2603,6,8:197,2,95,130;497,2,4,14;334,1,37;190,1,135;485,1,34;79,1,96
2604,1,1:334,1,61
2605,1,1:334,1,100
2606,2,2:941,1,22;824,1,29
2607,1,1:139,1,30
2608,8,20:475,4,3,20,79,96;4,4,24,55,88,117;248,4,17,37,63,132;140,2,13,26;183,2,75,154;211,2,170,175;271,1,217;450,1,259
2609,2,3:140,2,28,122;426,1,74
2610,1,1:141,1,149
2611,4,5:359,2,129,158;141,1,180;210,1,166;69,1,116
2612,1,1:515,1,47
2613,1,1:515,1,62
2614,1,1:515,1,64
2615,1,2:515,2,65,95
2616,2,10:59,9,8,21,35,65,86,131,139,180,189;515,1,91
2617,2,6:400,4,7,33,72,115;515,2,93,98
2618,7,17:398,6,8,19,39,63,97,113;195,3,17,34,81;200,3,14,44,90;855,2,1,11;509,1,56;450,1,61;451,1,57
2619,5,5:855,1,65;61,1,162;482,1,241;589,1,116;452,1,138
2620,2,3:762,2,7,19;544,1,141
2621,2,2:762,1,58;714,1,78
2622,1,1:762,1,68
2623,8,8:762,1,157;714,1,157;25,1,122;404,1,97;699,1,292;222,1,75;32,1,259;236,1,238
2624,6,7:762,2,209,230;507,1,56;153,1,143;160,1,83;353,1,50;740,1,268
2625,1,1:762,1,267
2626,1,1:335,1,30
2627,2,2:335,1,36;714,1,77
2628,4,4:335,1,63;889,1,145;55,1,140;287,1,51
2629,1,1:335,1,120
2630,1,1:335,1,130
2631,1,1:142,1,56
2632,1,1:143,1,63
2633,2,3:415,2,52,220;355,1,78
2634,1,2:415,2,68,132
2635,1,2:415,2,95,211
2636,5,11:688,3,15,30,44;573,3,10,20,41;565,2,7,14;637,2,8,16;415,1,159
2637,1,1:415,1,174
2638,1,1:415,1,249
2639,3,3:415,1,250;590,1,96;670,1,322
2640,1,1:415,1,251
2641,1,1:405,1,55
2642,1,2:405,2,107,149
2643,2,2:895,1,38;739,1,104
2644,5,6:790,2,68,162;626,1,113;150,1,40;356,1,102;702,1,386
2645,1,1:626,1,223
2646,2,2:626,1,239;697,1,57
2647,2,2:626,1,250;339,1,58
2648,1,1:685,1,40
2649,1,1:685,1,81
2650,1,1:685,1,84
2651,1,1:685,1,102
2652,2,2:685,1,146;376,1,54
2653,1,1:556,1,51
2654,5,6:781,2,75,134;144,1,72;829,1,111;707,1,203;84,1,64
2655,5,11:55,4,3,14,28,153;926,3,13,28,71;829,2,58,168;144,1,247;558,1,26
2656,1,1:144,1,302
2657,7,7:889,1,40;785,1,99;476,1,158;580,1,151;716,1,93;193,1,211;461,1,59
2658,5,8:874,4,34,44,67,89;829,1,98;976,1,36;169,1,55;364,1,148
2659,2,2:829,1,100;364,1,150
2660,1,1:829,1,177
2661,1,1:781,1,69
2662,1,1:781,1,88
2663,1,1:781,1,149
2664,1,1:506,1,132
2665,1,1:336,1,71
2666,5,6:520,2,64,215;516,1,72;191,1,133;946,1,185;379,1,101
2667,1,1:337,1,175
2668,2,3:493,2,152,367;292,1,211
2669,9,10:477,2,76,273;493,1,257;48,1,251;840,1,58;733,1,133;784,1,48;365,1,223;487,1,62;595,1,113
2670,5,6:787,2,61,69;493,1,289;184,1,157;197,1,90;933,1,62
2671,5,5:493,1,299;648,1,89;195,1,234;509,1,188;449,1,74
2672,1,1:493,1,382
2673,1,1:493,1,438
2674,1,1:338,1,20
2675,1,1:338,1,21
2676,1,1:338,1,24
2677,1,1:338,1,44
2678,1,1:338,1,52
2679,4,6:543,3,68,127,155;338,1,110;46,1,224;923,1,39
2680,1,1:338,1,148
2681,1,2:338,2,190,208
2682,1,1:557,1,70
2683,1,1:557,1,73
2684,1,1:557,1,85
2685,3,3:629,1,55;831,1,99;217,1,105
2686,1,1:728,1,50
2687,1,1:339,1,60
2688,1,1:339,1,72
2689,1,1:729,1,65
2690,1,1:729,1,71
2691,1,1:729,1,96
2692,1,2:729,2,101,202
2693,1,1:729,1,115
2694,2,2:729,1,143;367,1,117
2695,3,5:571,2,18,37;483,2,7,23;729,1,155
2696,1,2:729,2,158,253
2697,1,1:729,1,249
2698,1,1:729,1,251
2699,1,2:666,2,1,20
2700,1,1:558,1,49
2701,1,1:808,1,90
2702,1,1:808,1,103
2703,1,1:808,1,104
2704,1,1:808,1,107
2705,1,1:808,1,108
2706,1,1:808,1,255
2707,2,11:46,10,157,230,273,298,348,411,425,485,495,529;911,1,101
2708,2,2:46,1,168;575,1,52
2709,2,6:46,5,272,424,484,494,528;8,1,186
2710,4,4:46,1,311;897,1,98;767,1,45;850,1,89
2711,1,1:47,1,22
2712,1,1:47,1,25
2713,1,1:47,1,67
2714,1,1:47,1,90
2715,1,1:47,1,96
2716,7,10:158,2,173,211;822,2,155,235;206,2,190,302;47,1,109;54,1,183;182,1,227;546,1,47
2717,4,6:919,3,4,13,74;275,1,42;26,1,62;913,1,56
2718,2,2:919,1,39;227,1,42
2719,2,2:919,1,78;540,1,56
2720,8,26:767,7,3,6,12,36,65,68,119;863,5,1,13,37,86,149;856,5,1,13,31,92,199;3,4,197,219,359,385;909,2,3,6;562,1,293;157,1,155;354,1,71
2721,6,6:863,1,67;977,1,64;688,1,113;496,1,86;770,1,103;456,1,298
2722,2,2:863,1,76;373,1,215
2723,1,1:494,1,45
2724,1,1:763,1,96
2725,1,1:146,1,23
2726,2,2:146,1,143;605,1,193
2727,2,2:146,1,151;376,1,94
2728,11,24:630,4,1,11,60,99;539,4,9,33,80,115;761,3,5,12,31;693,3,14,30,206;49,2,7,23;826,2,44,86;363,2,13,27;17,1,124;901,1,90;447,1,56;376,1,279
2729,2,4:49,2,15,31;630,2,10,20
2730,1,2:49,2,16,32
2731,3,9:880,4,12,27,40,145;231,3,9,21,29;809,2,60,90
2732,3,3:873,1,77;714,1,26;722,1,141
2733,1,1:873,1,176
2734,2,2:340,1,218;447,1,176
2735,1,1:17,1,63
2736,1,1:17,1,69
2737,1,1:17,1,72
2738,1,2:17,2,149,226
2739,1,1:17,1,151
2740,1,1:17,1,202
2741,1,1:17,1,216
2742,1,1:17,1,229
2743,1,1:17,1,230
2744,1,1:17,1,231
2745,1,1:17,1,236
2746,1,1:17,1,238
2747,1,1:17,1,242
2748,1,1:17,1,243
2749,2,2:17,1,253;192,1,101
2750,2,2:17,1,257;460,1,67
2751,1,1:17,1,270
2752,1,1:17,1,288
2753,7,11:520,3,138,219,274;764,2,48,87;787,2,7,16;17,1,314;984,1,167;761,1,54;450,1,144
2754,1,1:17,1,351
2755,1,1:17,1,355
2756,1,1:17,1,360
2757,1,1:17,1,363
2758,1,1:17,1,365
2759,1,1:17,1,366
2760,1,1:17,1,367
2761,1,1:17,1,368
2762,1,2:17,2,371,379
2763,1,1:17,1,372
2764,1,1:17,1,373
2765,1,1:17,1,374
2766,2,3:282,2,5,25;17,1,375
2767,1,1:17,1,376
2768,1,1:17,1,380
2769,1,1:17,1,381
2770,1,1:147,1,78
2771,1,1:147,1,118
2772,1,1:18,1,41
2773,2,3:69,2,152,180;148,1,90
2774,1,1:148,1,105
2775,4,4:686,1,66;947,1,51;182,1,63;449,1,57
2776,1,1:686,1,154
2777,1,1:686,1,161
2778,1,1:947,1,77
2779,1,2:730,2,4,14
2780,1,3:730,3,5,15,67
2781,2,3:730,2,8,18;772,1,209
2782,1,1:730,1,60
2783,1,1:730,1,66
2784,3,5:200,2,131,175;201,2,5,25;730,1,119
2785,1,3:559,3,6,22,144
2786,1,1:559,1,112
2787,2,3:984,2,43,109;995,1,26
2788,7,7:149,1,45;159,1,280;176,1,50;743,1,78;245,1,134;77,1,60;527,1,33
2789,1,1:149,1,66
2790,1,1:149,1,79
2791,1,1:149,1,89
2792,3,5:687,2,33,97;562,2,255,262;191,1,18
2793,4,9:406,3,8,18,45;416,2,9,20;347,2,7,16;898,2,7,16
2794,1,1:416,1,48
2795,1,1:416,1,67
2796,6,6:416,1,84;418,1,386;22,1,162;400,1,138;831,1,56;385,1,149
2797,2,4:406,3,57,59,149;757,1,85
2798,3,3:406,1,79;256,1,35;521,1,30
2799,2,2:406,1,124;521,1,131
2800,1,1:920,1,100
2801,1,1:150,1,129
2802,4,5:638,2,74,86;840,1,31;715,1,82;222,1,15
2803,1,2:840,2,36,80
2804,1,2:840,2,38,82
2805,1,1:840,1,39
2806,1,1:840,1,40
2807,2,2:840,1,41;796,1,31
2808,1,1:840,1,42
2809,1,1:840,1,43
2810,2,2:840,1,46;207,1,99
2811,3,3:518,1,56;210,1,58;219,1,209
2812,11,40:822,12,2,11,22,30,47,85,120,145,158,187,212,241;181,9,9,18,69,102,112,146,153,171,185;54,8,11,25,32,59,141,162,202,222;943,3,67,90,102;195,2,164,218;705,1,54;21,1,185;830,1,44;910,1,16;27,1,112;411,1,125
2813,1,1:705,1,73
2814,3,4:705,2,108,209;943,1,43;417,1,236
2815,5,9:417,4,2,8,188,237;705,2,109,210;841,1,68;158,1,92;708,1,186
2816,2,2:705,1,140;221,1,264
2817,1,1:705,1,217
2818,3,3:341,1,100;590,1,230;292,1,68
2819,1,1:341,1,107
2820,2,7:820,4,15,30,37,52;631,3,12,24,27
2821,1,1:631,1,25
2822,1,1:631,1,26
2823,2,2:631,1,45;720,1,44
2824,1,1:631,1,56
2825,1,1:631,1,62
2826,1,1:631,1,66
2827,1,1:631,1,70
2828,3,3:631,1,72;256,1,18;577,1,50
2829,1,1:631,1,73
2830,1,1:631,1,75
2831,1,1:631,1,76
2832,1,1:631,1,115
2833,3,4:899,2,1,14;921,1,21;358,1,74
2834,2,2:921,1,62;689,1,123
2835,5,5:921,1,80;874,1,100;25,1,175;32,1,232;862,1,36
2836,6,6:921,1,132;181,1,168;5,1,165;6,1,225;29,1,229;30,1,192
2837,2,3:151,2,33,200;581,1,46
2838,2,2:152,1,162;452,1,660
2839,1,1:561,1,26
2840,1,2:561,2,29,94
2841,2,2:561,1,37;791,1,72
2842,1,1:561,1,48
2843,1,2:561,2,100,130
2844,1,2:561,2,102,132
2845,1,1:561,1,110
2846,1,1:561,1,115
2847,2,2:561,1,117;660,1,87
2848,1,1:561,1,153
2849,2,2:19,1,123;498,1,174
2850,1,2:849,2,136,150
2851,1,1:849,1,157
2852,2,2:849,1,224;283,1,183
2853,1,1:849,1,226
2854,2,2:849,1,246;282,1,72
2855,3,3:849,1,294;4,1,223;296,1,186
2856,1,1:849,1,328
2857,1,3:256,3,5,12,19
2858,2,2:256,1,31;660,1,89
2859,4,4:256,1,40;348,1,85;990,1,54;221,1,96
2860,1,1:256,1,60
2861,2,4:450,3,344,389,399;256,1,100
2862,2,2:256,1,102;384,1,72
2863,2,3:702,2,58,405;605,1,32
2864,1,1:605,1,39
2865,1,1:605,1,159
2866,3,4:714,2,163,176;605,1,252;567,1,40
2867,1,1:977,1,46
2868,1,1:977,1,48
2869,1,3:153,3,7,15,19
2870,1,1:153,1,38
2871,2,5:807,3,9,19,25;439,2,10,22
2872,4,4:439,1,31;632,1,94;167,1,84;909,1,71
2873,1,1:439,1,72
2874,2,3:632,2,45,89;807,1,45
2875,2,5:55,3,55,60,161;632,2,47,101
2876,1,1:632,1,57
2877,1,1:632,1,91
2878,1,1:632,1,109
2879,4,4:343,1,92;802,1,118;654,1,55;803,1,92
2880,5,8:202,4,91,112,128,159;343,1,93;802,1,119;654,1,57;803,1,93
2881,4,4:343,1,95;802,1,121;654,1,66;803,1,95
2882,2,2:343,1,152;214,1,180
2883,3,3:343,1,174;699,1,105;670,1,111
2884,1,1:782,1,94
2885,3,8:667,4,70,73,76,79;858,2,28,114;913,2,8,25
2886,1,2:667,2,74,80
2887,1,1:731,1,61
2888,1,1:874,1,37
2889,1,2:874,2,69,91
2890,1,1:874,1,71
2891,1,1:874,1,73
2892,1,1:874,1,152
2893,1,1:874,1,155
2894,1,1:874,1,157
2895,2,2:344,1,22;442,1,29
2896,2,2:344,1,36;280,1,274
2897,22,36:407,3,4,14,28;795,3,16,35,61;912,3,6,20,80;387,3,6,21,66;660,3,4,14,31;861,2,16,33;748,2,57,157;720,2,88,188;978,2,33,103;344,1,60;975,1,75;418,1,126;822,1,210;742,1,63;798,1,93;951,1,60;383,1,42;75,1,52;750,1,32;751,1,91;82,1,34;83,1,166
2898,25,55:373,5,6,13,37,99,167;793,4,4,20,34,116;799,4,9,19,30,59;6,4,122,130,238,248;922,3,4,12,33;798,3,25,78,188;746,3,6,20,42;814,3,1,9,34;29,3,131,170,209;454,3,4,10,40;991,3,6,14,34;861,2,14,31;931,2,41,76;5,2,253,270;344,1,67;975,1,73;734,1,80;348,1,110;275,1,113;795,1,56;800,1,61;948,1,23;223,1,90;751,1,89;720,1,250
2899,3,3:344,1,74;567,1,92;4,1,277
2900,5,5:407,1,107;5,1,260;30,1,185;935,1,39;387,1,201
2901,5,9:975,3,9,20,39;979,3,18,38,72;275,1,21;30,1,112;454,1,70
2902,1,1:975,1,27
2903,1,1:975,1,91
2904,1,1:975,1,93
2905,4,4:975,1,94;180,1,85;792,1,125;29,1,113
2906,2,2:976,1,34;193,1,233
2907,1,1:976,1,58
2908,3,3:976,1,73;484,1,99;931,1,55
2909,6,10:848,3,1,11,22;996,2,3,17;953,2,12,60;519,1,119;922,1,61;790,1,19
2910,6,7:482,2,47,215;519,1,151;440,1,40;980,1,71;954,1,26;219,1,81
2911,3,4:996,2,9,23;772,1,106;939,1,57
2912,3,4:848,2,26,158;996,1,41;487,1,88
2913,2,2:996,1,58;848,1,164
2914,5,6:52,2,55,154;996,1,68;238,1,316;587,1,79;503,1,33
2915,1,1:959,1,38
2916,2,2:922,1,20;497,1,74
2917,6,8:398,3,85,101,123;922,1,62;176,1,219;946,1,167;500,1,44;221,1,295
2918,3,3:562,1,92;359,1,219;281,1,92
2919,1,2:562,2,114,124
2920,4,7:562,2,115,126;293,2,108,126;230,2,69,75;937,1,47
2921,5,7:747,2,1,10;388,2,1,11;562,1,180;25,1,132;75,1,48
2922,4,7:644,4,94,131,213,249;562,1,199;245,1,17;651,1,214
2923,1,1:945,1,62
2924,1,1:945,1,64
2925,1,1:923,1,12
2926,1,1:923,1,13
2927,1,1:923,1,60
2928,1,1:923,1,61
2929,2,2:923,1,64;411,1,116
2930,1,1:923,1,74
2931,1,1:923,1,98
2932,1,1:923,1,105
2933,3,3:841,1,35;418,1,305;380,1,181
2934,9,16:464,4,20,41,71,184;704,3,13,35,55;652,2,10,35;462,2,64,72;841,1,118;864,1,111;370,1,51;371,1,87;470,1,44
2935,1,1:998,1,25
2936,4,6:441,2,72,79;276,2,140,163;998,1,26;182,1,162
2937,6,6:440,1,23;766,1,158;930,1,113;581,1,111;695,1,84;289,1,119
2938,1,1:440,1,44
2939,1,1:440,1,68
2940,1,1:440,1,69
2941,1,1:440,1,97
2942,1,1:440,1,109
2943,4,4:440,1,135;649,1,167;376,1,188;378,1,248
2944,1,1:732,1,70
2945,1,1:50,1,50
2946,1,1:50,1,52
2947,2,3:980,2,3,13;50,1,86
2948,1,1:979,1,47
2949,1,2:51,2,16,33
2950,1,1:51,1,57
2951,1,1:51,1,66
2952,1,1:51,1,68
2953,1,1:897,1,82
2954,3,4:230,2,93,98;897,1,110;741,1,77
2955,2,2:408,1,24;787,1,83
2956,1,1:408,1,26
2957,1,1:408,1,41
2958,5,11:520,3,55,71,246;444,3,1,9,40;213,2,85,116;606,2,142,182;408,1,50
2959,1,1:408,1,81
2960,1,1:408,1,84
2961,1,2:520,2,7,24
2962,4,5:181,2,147,235;520,1,46;358,1,75;825,1,193
2963,1,1:520,1,69
2964,3,3:520,1,75;641,1,59;258,1,112
2965,1,1:520,1,95
2966,1,1:520,1,189
2967,4,5:159,2,118,235;520,1,193;583,1,277;31,1,301
2968,2,2:520,1,197;411,1,169
2969,1,1:520,1,207
2970,10,12:500,3,11,26,91;520,1,251;159,1,249;21,1,205;192,1,174;195,1,182;377,1,309;837,1,66;657,1,36;470,1,174
2971,1,1:733,1,38
2972,1,1:733,1,43
2973,1,1:733,1,44
2974,1,1:733,1,45
2975,1,1:733,1,46
2976,1,1:733,1,47
2977,1,1:733,1,52
2978,4,9:824,5,3,7,105,114,116;541,2,174,344;733,1,71;961,1,45
2979,7,8:972,2,122,137;733,1,98;372,1,175;207,1,47;216,1,37;456,1,242;249,1,183
2980,2,2:733,1,185;581,1,87
2981,1,2:733,2,201,211
2982,1,2:733,2,244,248
2983,1,1:733,1,340
2984,1,1:733,1,342
2985,1,1:733,1,396
2986,1,1:733,1,422
2987,1,1:733,1,443
2988,1,1:842,1,125
2989,2,2:52,1,117;380,1,196
2990,3,4:676,2,11,25;861,1,64;746,1,61
2991,1,1:861,1,71
2992,1,1:861,1,77
2993,4,4:861,1,103;158,1,39;288,1,31;700,1,149
2994,1,1:861,1,126
2995,1,1:53,1,64
2996,1,1:53,1,67
2997,1,1:53,1,86
2998,1,1:53,1,275
2999,1,1:53,1,279
3000,1,1:53,1,287
3001,1,1:734,1,82
3002,1,1:564,1,37
3003,1,1:564,1,106
3004,3,3:564,1,107;574,1,56;909,1,17
3005,4,5:236,2,127,196;880,1,94;186,1,60;485,1,87
3006,2,20:158,19,6,12,53,58,74,89,94,100,107,117,130,141,150,156,169,177,185,207,221;489,1,58
3007,1,1:158,1,18
3008,1,1:158,1,22
3009,1,1:158,1,30
3010,1,1:158,1,77
3011,4,4:158,1,182;198,1,155;530,1,59;499,1,145
3012,1,1:158,1,202
3013,1,1:521,1,113
3014,1,1:521,1,166
3015,1,2:783,2,13,36
3016,2,4:783,2,15,38;350,2,12,28
3017,6,11:783,2,22,45;350,2,15,31;743,2,10,29;195,2,59,63;600,2,11,26;423,1,46
3018,3,5:783,2,23,46;350,2,16,32;499,1,89
3019,3,4:350,2,76,151;783,1,83;743,1,153
3020,2,4:522,2,18,39;358,2,16,36
3021,1,1:522,1,48
3022,1,1:522,1,72
3023,1,1:522,1,74
3024,1,1:346,1,116
3025,2,2:346,1,166;690,1,130
3026,1,1:346,1,178
3027,1,1:346,1,222
3028,1,1:159,1,153
3029,1,1:159,1,243
3030,1,1:271,1,48
3031,1,1:271,1,64
3032,2,2:271,1,66;372,1,136
3033,1,1:347,1,47
3034,1,1:347,1,66
3035,1,1:347,1,67
3036,1,1:347,1,68
3037,1,1:347,1,69
3038,1,1:988,1,20
3039,1,1:988,1,35
3040,7,10:791,2,14,36;930,2,13,32;457,2,8,23;988,1,48;497,1,170;26,1,133;452,1,327
3041,3,4:942,2,9,21;988,1,54;452,1,674
3042,2,2:898,1,46;641,1,115
3043,3,3:898,1,48;220,1,45;8,1,171
3044,2,2:898,1,53;846,1,28
3045,1,1:161,1,44
3046,1,1:161,1,46
3047,1,1:161,1,47
3048,1,1:161,1,49
3049,4,4:161,1,69;181,1,170;64,1,322;295,1,183
3050,1,1:735,1,45
3051,1,1:735,1,93
3052,1,1:54,1,102
3053,1,1:54,1,112
3054,1,1:20,1,66
3055,1,3:162,3,8,22,44
3056,1,4:162,4,13,27,57,155
3057,1,1:162,1,39
3058,1,2:162,2,56,154
3059,3,3:162,1,60;176,1,69;385,1,81
3060,6,8:63,2,116,119;258,2,14,41;162,1,66;638,1,50;422,1,62;447,1,52
3061,2,4:200,3,30,60,177;162,1,67
3062,1,1:162,1,69
3063,4,4:924,1,100;689,1,102;715,1,45;456,1,132
3064,1,3:565,3,53,90,115
3065,6,10:757,4,39,62,78,95;670,2,295,408;565,1,118;637,1,21;61,1,79;599,1,43
3066,1,1:565,1,131
3067,2,2:757,1,71;578,1,97
3068,1,1:757,1,114
3069,1,1:688,1,59
3070,2,3:688,2,68,151;637,1,99
3071,2,3:688,2,70,153;637,1,101
3072,2,3:688,2,86,106;376,1,78
3073,2,2:688,1,138;174,1,19
3074,1,4:961,4,1,7,18,30
3075,1,1:961,1,48
3076,1,1:961,1,49
3077,1,1:417,1,115
3078,3,3:417,1,270;487,1,27;371,1,72
3079,1,1:417,1,272
3080,1,1:163,1,24
3081,1,1:163,1,43
3082,1,1:163,1,45
3083,1,1:163,1,74
3084,1,1:163,1,80
3085,2,2:163,1,82;447,1,201
3086,3,3:163,1,90;182,1,138;257,1,58
3087,1,3:348,3,76,154,184
3088,1,1:348,1,195
3089,1,1:55,1,54
3090,1,1:55,1,154
3091,1,1:55,1,163
3092,2,2:538,1,81;257,1,48
3093,1,1:538,1,117
3094,1,1:538,1,139
3095,3,3:538,1,189;370,1,167;31,1,342
3096,1,1:538,1,193
3097,1,1:689,1,66
3098,1,1:689,1,204
3099,1,1:714,1,113
3100,2,2:714,1,136;508,1,69
3101,1,1:714,1,243
3102,2,2:714,1,267;991,1,89
3103,1,1:980,1,33
3104,1,1:980,1,54
3105,1,1:164,1,15
3106,2,2:164,1,18;244,1,23
3107,1,1:164,1,20
3108,3,3:164,1,26;770,1,92;1,1,102
3109,5,5:164,1,75;447,1,112;946,1,162;209,1,82;210,1,65
3110,1,1:244,1,24
3111,1,1:244,1,25
3112,1,1:244,1,27
3113,1,1:244,1,28
3114,1,1:244,1,29
3115,2,2:244,1,30;362,1,73
3116,1,1:244,1,31
3117,2,3:178,2,80,144;165,1,40
3118,1,1:165,1,45
3119,3,3:165,1,55;173,1,132;489,1,139
3120,2,4:165,3,77,111,119;581,1,28
3121,1,1:165,1,83
3122,1,1:165,1,158
3123,17,35:199,7,76,90,153,172,200,236,268;24,4,67,119,276,289;280,4,14,42,314,355;187,3,12,34,66;929,2,7,21;195,2,56,68;426,2,18,38;451,2,11,29;349,1,24;444,1,46;186,1,47;485,1,68;486,1,64;372,1,90;209,1,158;283,1,173;456,1,322
3124,1,6:350,6,4,20,34,97,139,227
3125,1,2:350,2,84,133
3126,1,1:350,1,207
3127,6,7:166,2,134,163;545,1,26;589,1,55;654,1,149;707,1,226;708,1,73
3128,2,2:785,1,57;351,1,33
3129,1,1:785,1,59
3130,1,1:351,1,35
3131,3,3:351,1,58;418,1,393;381,1,214
3132,1,1:566,1,11
3133,2,2:566,1,43;80,1,170
3134,1,2:737,2,13,105
3135,2,4:737,2,22,100;567,2,88,116
3136,2,2:737,1,26;379,1,58
3137,1,1:737,1,102
3138,1,3:353,3,104,125,174
3139,1,2:638,2,49,54
3140,1,1:638,1,51
3141,2,3:638,2,78,97;3,1,190
3142,1,1:638,1,81
3143,1,6:638,6,82,101,122,132,136,145
3144,1,2:638,2,100,121
3145,1,1:638,1,118
3146,1,1:638,1,133
3147,1,1:638,1,135
3148,1,1:786,1,27
3149,1,4:786,4,63,123,133,139
3150,1,1:786,1,110
3151,1,1:786,1,128
3152,1,1:786,1,146
3153,1,1:787,1,24
3154,1,3:787,3,37,47,65
3155,1,1:787,1,48
3156,1,1:787,1,57
3157,1,1:787,1,66
3158,1,1:787,1,67
3159,1,1:787,1,85
3160,1,1:639,1,48
3161,1,1:639,1,74
3162,1,1:639,1,75
3163,1,1:639,1,103
3164,1,1:639,1,168
3165,5,15:188,7,18,40,59,88,120,149,196;745,4,11,40,74,105;826,2,11,23;276,1,180;460,1,71
3166,1,1:826,1,30
3167,1,2:441,2,6,22
3168,1,1:441,1,77
3169,1,1:441,1,102
3170,2,2:640,1,42;191,1,100
3171,2,4:7,3,43,74,90;21,1,264
3172,1,10:354,10,4,9,15,52,57,144,156,192,202,221
3173,6,6:354,1,88;58,1,51;576,1,109;209,1,187;389,1,47;9,1,155
3174,1,1:354,1,120
3175,3,4:770,2,114,129;354,1,162;82,1,69
3176,1,1:354,1,188
3177,1,1:926,1,38
3178,1,1:926,1,66
3179,1,1:690,1,79
3180,4,4:690,1,96;831,1,96;589,1,138;427,1,55
3181,1,1:690,1,105
3182,1,1:690,1,118
3183,1,1:690,1,128
3184,1,1:690,1,131
3185,1,1:690,1,132
3186,1,1:690,1,133
3187,2,2:690,1,136;217,1,108
3188,1,1:690,1,137
3189,1,1:690,1,138
3190,1,1:567,1,63
3191,2,2:567,1,81;675,1,75
3192,1,1:567,1,83
3193,1,1:567,1,102
3194,2,2:567,1,104;29,1,110
3195,2,2:567,1,113;459,1,69
3196,1,1:567,1,114
3197,2,2:567,1,122;940,1,119
3198,1,1:567,1,127
3199,1,1:568,1,127
3200,2,2:860,1,105;887,1,39
3201,1,1:860,1,106
3202,1,1:860,1,185
3203,1,1:860,1,266
3204,1,2:56,2,4,13
3205,2,2:56,1,40;721,1,150
3206,1,1:56,1,112
3207,2,2:356,1,107;361,1,174
3208,1,3:167,3,6,15,108
3209,2,2:167,1,19;899,1,27
3210,2,2:167,1,20;172,1,22
3211,3,3:57,1,110;583,1,205;69,1,177
3212,1,1:57,1,131
3213,12,20:951,4,8,16,40,64;770,3,111,125,142;220,3,82,92,120;222,2,34,98;57,1,136;822,1,182;497,1,182;26,1,251;942,1,82;934,1,198;548,1,112;528,1,84
3214,1,1:418,1,66
3215,1,1:418,1,109
3216,1,1:418,1,119
3217,1,1:418,1,129
3218,6,6:418,1,134;574,1,182;201,1,141;500,1,61;288,1,43;594,1,131
3219,1,1:418,1,145
3220,2,2:418,1,149;796,1,114
3221,2,2:418,1,169;58,1,22
3222,1,1:418,1,180
3223,1,1:418,1,221
3224,1,1:418,1,234
3225,1,1:418,1,242
3226,2,2:418,1,253;191,1,131
3227,1,1:418,1,267
3228,1,1:418,1,355
3229,1,1:418,1,371
3230,1,5:789,5,1,8,52,78,109
3231,1,1:169,1,35
3232,1,1:169,1,36
3233,2,2:169,1,38;645,1,109
3234,1,1:169,1,54
3235,1,1:169,1,57
3236,1,1:169,1,59
3237,1,4:987,4,2,9,21,40
3238,2,2:171,1,32;3,1,253
3239,1,1:171,1,52
3240,2,3:294,2,15,32;171,1,139
3241,1,1:171,1,145
3242,2,2:172,1,21;224,1,113
3243,1,1:172,1,48
3244,1,4:641,4,4,13,103,129
3245,1,1:641,1,22
3246,2,2:641,1,48;590,1,73
3247,3,3:641,1,83;444,1,24;445,1,47
3248,1,1:570,1,34
3249,7,10:22,2,216,251;238,2,133,275;447,2,117,158;570,1,55;280,1,266;587,1,110;479,1,142
3250,1,1:570,1,75
3251,2,4:994,3,7,27,55;460,1,69
3252,2,4:899,2,13,26;444,2,83,222
3253,1,1:899,1,51
3254,1,1:899,1,64
3255,1,1:173,1,122
3256,1,1:173,1,123
3257,1,2:571,2,19,38
3258,3,3:571,1,68;29,1,181;229,1,77
3259,4,7:881,3,2,16,34;447,2,10,25;476,1,134;206,1,298
3260,1,1:881,1,47
3261,1,2:358,2,17,37
3262,1,1:358,1,67
3263,4,4:58,1,114;482,1,71;541,1,63;585,1,329
3264,2,2:58,1,122;864,1,36
3265,1,1:58,1,183
3266,3,3:59,1,80;24,1,53;68,1,97
3267,1,1:739,1,52
3268,1,1:739,1,126
3269,1,1:739,1,131
3270,1,1:22,1,99
3271,3,4:22,2,102,206;64,1,325;447,1,163
3272,1,1:22,1,178
3273,3,3:22,1,259;25,1,155;590,1,134
3274,1,2:22,2,288,384
3275,1,1:706,1,45
3276,1,1:706,1,50
3277,1,2:706,2,123,186
3278,1,2:900,2,30,53
3279,1,2:900,2,32,55
3280,1,1:900,1,37
3281,1,1:691,1,61
3282,1,1:691,1,102
3283,1,1:668,1,48
3284,2,4:231,3,10,22,30;359,1,125
3285,1,1:359,1,135
3286,1,2:359,2,139,154
3287,1,1:359,1,148
3288,2,2:359,1,190;677,1,28
3289,2,2:359,1,191;80,1,84
3290,1,1:359,1,209
3291,2,2:359,1,214;231,1,132
3292,1,1:359,1,233
3293,2,2:359,1,236;595,1,76
3294,1,1:359,1,238
3295,3,3:359,1,241;583,1,155;707,1,199
3296,2,3:280,2,28,56;359,1,255
3297,2,2:359,1,266;509,1,116
3298,1,1:359,1,282
3299,1,1:573,1,45
3300,1,1:573,1,109
3301,2,2:820,1,39;284,1,24
3302,1,1:820,1,43
3303,4,5:931,2,48,86;962,1,36;770,1,122;934,1,157
3304,1,1:675,1,32
3305,3,7:182,5,6,14,25,52,172;176,1,49;23,1,38
3306,1,1:176,1,56
3307,2,2:176,1,83;702,1,352
3308,2,4:176,3,128,156,163;844,1,76
3309,2,5:176,3,129,157,164;62,2,99,126
3310,2,3:176,2,133,144;443,1,61
3311,1,1:176,1,141
3312,1,3:176,3,145,207,212
3313,1,2:176,2,205,215
3314,1,2:176,2,206,216
3315,1,2:642,2,2,11
3316,1,1:642,1,25
3317,1,1:642,1,26
3318,3,4:642,2,112,149;495,1,28;911,1,78
3319,1,2:908,2,7,20
3320,3,6:927,3,2,15,54;822,2,79,132;181,1,44
3321,1,1:475,1,107
3322,3,7:499,3,22,52,118;488,3,20,41,58;475,1,109
3323,5,10:649,4,14,28,59,77;67,3,81,155,239;420,1,55;584,1,58;424,1,67
3324,1,1:420,1,93
3325,2,5:548,4,16,36,57,140;420,1,94
3326,1,3:495,3,5,11,44
3327,1,2:495,2,41,125
3328,1,2:574,2,12,31
3329,1,2:574,2,13,32
3330,9,22:930,5,15,34,48,71,78;574,4,49,129,132,224;580,4,38,89,92,139;32,3,137,183,201;579,2,45,75;718,1,110;654,1,139;216,1,170;752,1,113
3331,1,1:574,1,58
3332,1,1:574,1,59
3333,1,1:574,1,178
3334,4,5:409,2,110,111;574,1,268;648,1,69;80,1,116
3335,4,4:574,1,333;580,1,103;930,1,89;718,1,230
3336,1,1:60,1,68
3337,1,1:60,1,78
3338,11,28:938,5,3,9,16,30,53;227,4,5,14,23,51;389,4,3,18,50,86;26,3,60,89,116;76,3,3,10,41;7,3,6,20,30;934,2,53,229;575,1,127;942,1,51;221,1,302;937,1,27
3339,1,1:61,1,46
3340,1,3:178,3,3,12,32
3341,1,1:362,1,77
3342,1,1:362,1,105
3343,1,2:821,2,2,21
3344,1,1:821,1,44
3345,1,1:821,1,46
3346,2,2:643,1,130;742,1,61
3347,1,1:843,1,44
3348,1,1:843,1,46
3349,1,2:62,2,34,131
3350,1,1:62,1,39
3351,1,2:62,2,98,125
3352,2,3:363,2,81,143;539,1,129
3353,1,1:482,1,49
3354,1,4:482,4,56,70,87,148
3355,1,1:482,1,221
3356,1,1:766,1,70
3357,2,2:179,1,170;446,1,37
3358,1,1:179,1,204
3359,2,2:179,1,242;790,1,91
3360,1,1:740,1,78
3361,1,1:740,1,80
3362,2,2:273,1,57;186,1,67
3363,2,2:273,1,70;718,1,128
3364,3,3:273,1,107;485,1,62;286,1,84
3365,1,1:273,1,184
3366,2,4:180,2,12,31;24,2,22,44
3367,1,1:180,1,82
3368,1,1:180,1,83
3369,3,3:63,1,219;217,1,42;596,1,76
3370,2,4:364,2,10,24;844,2,91,120
3371,1,1:364,1,59
3372,1,1:364,1,61
3373,1,1:364,1,67
3374,1,1:364,1,69
3375,2,2:364,1,84;372,1,93
3376,1,1:364,1,86
3377,1,1:364,1,109
3378,1,1:364,1,111
3379,1,1:364,1,143
3380,1,1:3,1,228
3381,1,1:3,1,232
3382,1,1:3,1,270
3383,2,2:3,1,302;32,1,84
3384,1,2:3,2,341,345
3385,3,3:3,1,357;798,1,114;81,1,68
3386,2,2:644,1,88;651,1,94
3387,4,4:830,1,48;181,1,106;822,1,135;72,1,236
3388,2,2:909,1,14;796,1,30
3389,1,1:909,1,16
3390,1,1:909,1,46
3391,2,2:790,1,116;845,1,118
3392,1,1:790,1,152
3393,3,4:676,2,102,164;790,1,170;462,1,89
3394,1,2:768,2,37,158
3395,3,3:768,1,90;221,1,304;937,1,67
3396,1,1:768,1,155
3397,1,1:577,1,49
3398,1,1:578,1,59
3399,1,1:578,1,96
3400,1,1:578,1,108
3401,1,1:578,1,110
3402,1,1:928,1,56
3403,1,1:928,1,71
3404,4,4:953,1,17;365,1,119;192,1,88;284,1,41
3405,1,1:953,1,94
3406,2,5:181,3,32,213,261;822,2,40,127
3407,3,4:181,2,51,63;864,1,120;4,1,193
3408,3,7:822,5,4,13,107,176,222;181,1,67;8,1,187
3409,5,5:181,1,163;275,1,47;410,1,44;677,1,53;84,1,60
3410,1,1:822,1,102
3411,5,9:934,3,7,19,161;221,3,199,220,249;822,1,218;26,1,166;220,1,35
3412,1,1:182,1,40
3413,1,1:182,1,68
3414,1,1:182,1,77
3415,2,6:182,5,122,126,154,164,201;852,1,100
3416,2,2:182,1,127;277,1,152
3417,1,1:182,1,196
3418,2,6:742,4,6,23,46,111;477,2,82,150
3419,1,1:648,1,42
3420,1,1:648,1,43
3421,2,2:648,1,44;911,1,120
3422,2,2:648,1,45;911,1,121
3423,1,2:648,2,61,96
3424,1,1:648,1,63
3425,1,1:183,1,84
3426,3,4:211,2,10,27;183,1,103;450,1,286
3427,1,1:476,1,196
3428,1,1:476,1,224
3429,1,1:476,1,226
3430,3,6:743,2,11,30;864,2,12,28;791,2,12,34
3431,2,2:743,1,59;279,1,137
3432,2,9:864,8,15,31,37,99,144,175,197,223;743,1,127
3433,1,1:864,1,55
3434,1,1:864,1,62
3435,1,1:864,1,76
3436,1,1:864,1,78
3437,1,1:864,1,82
3438,1,1:864,1,85
3439,1,2:864,2,103,151
3440,1,1:864,1,139
3441,1,1:864,1,142
3442,1,1:864,1,158
3443,1,1:864,1,163
3444,1,1:864,1,180
3445,2,2:864,1,183;210,1,105
3446,1,1:864,1,187
3447,1,1:791,1,46
3448,1,1:791,1,47
3449,1,1:791,1,51
3450,1,1:791,1,75
3451,1,1:649,1,85
3452,1,1:649,1,139
3453,1,1:954,1,21
3454,4,4:422,1,35;693,1,219;409,1,92;235,1,180
3455,1,1:422,1,71
3456,1,1:185,1,62
3457,1,1:792,1,101
3458,2,2:579,1,46;580,1,39
3459,1,1:579,1,67
3460,1,1:579,1,80
3461,1,1:579,1,91
3462,3,6:580,3,26,183,209;579,2,96,134;716,1,68
3463,1,1:580,1,44
3464,1,1:580,1,46
3465,2,4:396,3,23,50,88;580,1,71
3466,1,1:580,1,146
3467,1,1:580,1,191
3468,1,1:930,1,83
3469,1,1:716,1,63
3470,1,1:716,1,121
3471,1,1:716,1,123
3472,1,1:716,1,124
3473,1,1:716,1,132
3474,1,1:716,1,140
3475,1,1:716,1,145
3476,1,1:716,1,152
3477,1,1:717,1,51
3478,1,1:717,1,55
3479,3,3:717,1,103;823,1,75;664,1,80
3480,1,1:274,1,71
3481,1,1:274,1,72
3482,2,5:823,4,1,21,100,122;914,1,45
3483,3,3:914,1,47;844,1,145;823,1,124
3484,3,5:823,3,48,80,82;914,1,51;718,1,145
3485,4,10:670,4,221,309,327,351;844,3,25,34,101;718,2,79,136;428,1,124
3486,1,1:844,1,37
3487,2,2:844,1,43;543,1,26
3488,1,1:844,1,44
3489,1,1:844,1,70
3490,1,2:844,2,83,198
3491,1,1:844,1,84
3492,1,2:844,2,92,121
3493,1,3:844,3,109,141,202
3494,1,1:844,1,133
3495,2,6:844,4,143,173,217,244;823,2,3,23
3496,1,2:844,2,150,221
3497,1,1:844,1,151
3498,2,2:844,1,153;825,1,78
3499,1,1:844,1,164
3500,1,1:844,1,166
3501,2,2:844,1,186;600,1,188
3502,1,1:844,1,189
3503,1,1:844,1,199
3504,1,1:844,1,215
3505,1,1:844,1,236
3506,1,3:823,3,9,29,52
3507,1,3:823,3,11,31,54
3508,1,2:823,2,19,39
3509,1,1:823,1,60
3510,1,1:823,1,93
3511,3,3:823,1,103;824,1,61;912,1,147
3512,1,1:718,1,25
3513,1,1:718,1,27
3514,1,1:718,1,51
3515,1,1:718,1,58
3516,1,1:718,1,64
3517,1,1:718,1,137
3518,1,1:718,1,149
3519,1,1:718,1,159
3520,1,1:718,1,163
3521,1,1:718,1,167
3522,1,1:718,1,193
3523,1,1:718,1,209
3524,2,2:365,1,26;245,1,73
3525,1,1:365,1,28
3526,1,1:365,1,29
3527,1,1:365,1,32
3528,1,1:365,1,39
3529,1,1:365,1,46
3530,1,1:365,1,52
3531,1,1:365,1,59
3532,1,1:365,1,61
3533,1,1:365,1,102
3534,1,2:365,2,110,221
3535,4,6:396,2,177,256;295,2,317,327;444,1,68;285,1,134
3536,1,1:444,1,108
3537,1,2:444,2,182,191
3538,1,1:581,1,64
3539,1,1:581,1,66
3540,2,2:581,1,106;458,1,56
3541,1,1:581,1,148
3542,1,1:581,1,167
3543,2,2:275,1,127;398,1,106
3544,2,2:761,1,65;662,1,129
3545,1,1:761,1,75
3546,1,1:761,1,217
3547,1,1:911,1,39
3548,1,1:911,1,40
3549,1,1:911,1,42
3550,1,1:911,1,53
3551,3,11:366,4,103,132,192,218;238,4,5,20,54,329;650,3,12,28,50
3552,1,1:650,1,46
3553,3,3:650,1,56;186,1,58;485,1,85
3554,1,1:496,1,70
3555,1,2:187,2,22,44
3556,1,1:187,1,61
3557,2,2:187,1,69;509,1,102
3558,4,6:24,3,246,264,294;187,1,141;653,1,61;805,1,21
3559,2,7:188,4,16,38,57,86;745,3,27,56,120
3560,1,1:188,1,174
3561,3,7:189,3,15,36,63;247,3,25,50,60;198,1,57
3562,3,5:277,3,94,136,230;189,1,98;198,1,115
3563,3,3:189,1,192;69,1,103;213,1,164
3564,2,2:366,1,77;199,1,104
3565,5,11:540,4,5,16,24,38;425,4,1,6,17,39;497,1,185;400,1,137;664,1,226
3566,1,1:540,1,41
3567,1,1:540,1,57
3568,1,2:540,2,58,65
3569,2,2:541,1,74;396,1,165
3570,1,1:541,1,102
3571,1,2:541,2,117,200
3572,1,1:541,1,144
3573,1,2:541,2,167,222
3574,1,1:541,1,170
3575,1,1:541,1,260
3576,1,2:541,2,276,285
3577,1,1:541,1,321
3578,1,1:541,1,341
3579,2,2:541,1,362;373,1,133
3580,5,19:547,6,5,10,23,33,64,74;228,5,2,12,44,53,89;793,4,8,24,60,136;373,3,61,81,147;955,1,41
3581,3,8:793,3,16,32,117;746,3,14,28,177;798,2,32,95
3582,3,7:946,5,33,64,100,131,147;793,1,94;989,1,20
3583,2,3:946,2,61,97;793,1,99
3584,1,1:794,1,59
3585,1,1:257,1,43
3586,4,4:257,1,76;5,1,233;76,1,102;220,1,135
3587,3,3:190,1,106;373,1,122;78,1,97
3588,1,1:190,1,120
3589,1,1:190,1,147
3590,1,1:190,1,159
3591,1,1:191,1,13
3592,4,4:191,1,50;498,1,177;378,1,66;386,1,42
3593,2,2:191,1,116;548,1,79
3594,1,1:191,1,118
3595,2,2:191,1,129;837,1,104
3596,3,3:692,1,41;546,1,198;224,1,39
3597,1,1:692,1,44
3598,1,1:692,1,48
3599,1,1:692,1,83
3600,1,1:692,1,87
3601,1,1:692,1,128
3602,1,1:692,1,129
3603,3,3:795,1,71;205,1,50;799,1,46
3604,1,1:931,1,47
3605,1,1:931,1,79
3606,2,2:931,1,80;722,1,73
3607,1,1:931,1,90
3608,2,9:192,7,2,10,18,69,179,189,210;445,2,5,10
3609,1,4:192,4,7,15,183,217
3610,1,1:192,1,42
3611,1,1:192,1,60
3612,1,2:192,2,61,85
3613,1,2:192,2,78,247
3614,1,2:192,2,79,248
3615,1,2:192,2,80,249
3616,1,2:192,2,81,250
3617,2,2:192,1,132;450,1,429
3618,1,1:192,1,161
3619,3,3:192,1,232;845,1,129;284,1,101
3620,4,5:995,2,4,10;445,1,61;477,1,32;391,1,68
3621,2,2:367,1,50;467,1,267
3622,3,3:367,1,97;543,1,47;477,1,275
3623,1,1:508,1,61
3624,1,1:582,1,78
3625,1,1:796,1,32
3626,1,1:796,1,34
3627,1,1:796,1,35
3628,1,1:796,1,54
3629,1,1:796,1,118
3630,1,1:651,1,99
3631,1,1:651,1,137
3632,1,1:542,1,20
3633,1,1:542,1,24
3634,1,1:193,1,215
3635,1,1:769,1,64
3636,1,1:769,1,137
3637,1,1:583,1,91
3638,1,1:583,1,118
3639,3,4:215,2,18,156;583,1,119;25,1,166
3640,1,1:583,1,252
3641,1,1:583,1,269
3642,1,1:64,1,133
3643,1,1:64,1,171
3644,1,1:64,1,214
3645,1,1:64,1,216
3646,1,1:64,1,230
3647,1,1:64,1,305
3648,1,1:64,1,315
3649,1,2:64,2,316,332
3650,1,1:64,1,331
3651,1,1:369,1,63
3652,2,2:369,1,103;396,1,89
3653,1,1:543,1,25
3654,1,1:543,1,105
3655,2,2:543,1,210;802,1,138
3656,1,1:870,1,61
3657,1,1:870,1,63
3658,1,1:744,1,42
3659,2,3:195,2,60,64;423,1,47
3660,1,1:423,1,53
3661,1,1:423,1,55
3662,1,1:423,1,130
3663,1,1:524,1,42
3664,1,1:238,1,48
3665,1,1:238,1,49
3666,2,2:238,1,119;216,1,127
3667,1,1:238,1,124
3668,1,1:238,1,127
3669,1,1:238,1,224
3670,4,8:201,3,127,151,213;238,2,261,286;429,2,130,149;258,1,160
3671,2,2:238,1,283;698,1,165
3672,1,1:238,1,400
3673,1,1:238,1,403
3674,1,1:485,1,106
3675,3,5:195,3,16,33,79;372,1,192;450,1,66
3676,1,1:195,1,47
3677,1,1:195,1,49
3678,1,1:195,1,72
3679,2,4:197,3,81,138,155;195,1,157
3680,3,3:477,1,174;995,1,45;940,1,77
3681,1,1:477,1,193
3682,1,1:477,1,198
3683,1,1:477,1,200
3684,1,1:477,1,210
3685,1,1:477,1,219
3686,1,1:477,1,270
3687,1,1:477,1,283
3688,1,2:196,2,24,102
3689,1,1:497,1,40
3690,1,1:497,1,43
3691,1,1:497,1,114
3692,1,1:497,1,127
3693,1,2:497,2,130,137
3694,2,2:497,1,161;664,1,145
3695,1,1:467,1,207
3696,1,1:467,1,212
3697,2,5:377,4,97,133,160,210;467,1,266
3698,2,3:801,2,43,66;467,1,274
3699,2,3:398,2,150,152;965,1,44
3700,1,1:965,1,45
3701,1,1:965,1,46
3702,1,1:965,1,47
3703,1,1:965,1,48
3704,1,1:965,1,61
3705,1,1:24,1,100
3706,1,1:24,1,109
3707,1,1:24,1,145
3708,1,1:24,1,152
3709,2,2:24,1,184;6,1,242
3710,2,2:24,1,316;858,1,135
3711,1,1:509,1,90
3712,2,2:509,1,127;546,1,138
3713,1,1:509,1,145
3714,1,1:4,1,111
3715,1,1:4,1,113
3716,4,4:4,1,119;200,1,125;248,1,153;393,1,72
3717,2,2:4,1,121;424,1,61
3718,1,1:67,1,63
3719,1,1:67,1,88
3720,1,1:67,1,108
3721,1,1:67,1,110
3722,1,1:67,1,114
3723,1,1:67,1,247
3724,1,2:584,2,1,18
3725,1,4:584,4,7,24,44,91
3726,1,1:584,1,76
3727,1,4:745,4,15,44,83,118
3728,1,3:745,3,24,53,122
3729,1,1:745,1,84
3730,1,1:745,1,146
3731,3,6:246,2,18,44;247,2,17,42;198,2,130,138
3732,2,4:246,3,26,52,62;198,1,55
3733,1,1:246,1,177
3734,1,1:246,1,183
3735,1,1:246,1,213
3736,3,3:247,1,63;276,1,69;425,1,151
3737,2,4:276,3,258,339,374;247,1,99
3738,1,1:247,1,192
3739,1,1:247,1,197
3740,1,1:276,1,177
3741,1,1:276,1,273
3742,1,1:276,1,276
3743,2,2:277,1,70;392,1,101
3744,1,1:277,1,131
3745,1,1:277,1,163
3746,1,1:694,1,96
3747,1,1:446,1,117
3748,2,2:370,1,177;224,1,203
3749,5,13:652,5,59,129,169,226,264;704,5,46,101,137,152,173;370,1,208;371,1,79;807,1,30
3750,2,2:371,1,50;749,1,78
3751,1,1:371,1,82
3752,1,1:652,1,74
3753,1,1:652,1,141
3754,2,2:510,1,42;498,1,205
3755,1,1:510,1,43
3756,4,17:498,10,3,24,47,77,92,120,164,191,221,235;209,3,12,26,175;68,2,3,21;69,2,4,22
3757,1,1:68,1,330
3758,1,1:68,1,336
3759,1,1:68,1,347
3760,1,1:498,1,110
3761,1,1:498,1,175
3762,1,2:807,2,2,12
3763,1,1:807,1,36
3764,3,3:807,1,79;528,1,105;386,1,72
3765,1,1:807,1,95
3766,4,8:372,3,18,40,60;200,3,8,38,85;447,1,88;424,1,39
3767,2,2:447,1,180;942,1,55
3768,7,15:258,4,22,49,67,88;424,3,6,18,38;372,3,17,39,59;286,2,66,260;200,1,86;70,1,66;294,1,67
3769,2,2:424,1,54;296,1,107
3770,1,1:424,1,69
3771,2,2:424,1,76;201,1,270
3772,1,4:372,4,14,36,77,227
3773,3,10:372,6,20,42,62,110,143,195;258,3,25,52,70;449,1,43
3774,2,8:258,6,26,53,71,96,140,152;372,2,21,43
3775,2,3:258,2,15,42;372,1,75
3776,1,1:372,1,97
3777,1,1:372,1,122
3778,1,1:372,1,131
3779,1,1:372,1,138
3780,2,3:377,2,15,35;372,1,190
3781,1,1:372,1,199
3782,1,1:372,1,225
3783,2,4:278,3,2,13,30;207,1,167
3784,1,1:278,1,74
3785,1,2:258,2,17,44
3786,1,1:258,1,65
3787,2,3:296,2,30,62;258,1,87
3788,1,2:258,2,94,150
3789,1,1:199,1,218
3790,1,3:200,3,13,43,89
3791,2,6:200,3,16,46,92;248,3,12,32,155
3792,2,4:200,3,17,47,93;248,1,128
3793,1,3:200,3,23,53,71
3794,1,1:200,1,113
3795,1,1:525,1,126
3796,1,1:400,1,119
3797,2,4:201,3,10,30,50;664,1,189
3798,1,1:201,1,66
3799,5,16:213,5,19,38,61,93,287;590,4,25,50,92,247;656,3,22,44,75;8,3,111,174,190;201,1,80
3800,1,2:201,2,88,288
3801,1,2:201,2,156,328
3802,1,1:201,1,161
3803,1,3:845,3,8,18,78
3804,1,3:845,3,10,20,134
3805,1,1:845,1,21
3806,1,1:845,1,28
3807,1,1:845,1,31
3808,2,2:845,1,49;973,1,69
3809,1,1:845,1,53
3810,1,1:845,1,55
3811,1,1:845,1,75
3812,1,1:845,1,89
3813,1,1:845,1,140
3814,1,1:845,1,145
3815,1,1:845,1,152
3816,1,1:845,1,162
3817,1,1:425,1,43
3818,1,1:425,1,45
3819,3,4:546,2,48,133;425,1,129;202,1,158
3820,1,1:425,1,147
3821,5,17:202,7,7,19,36,49,74,95,188;380,4,6,14,28,192;588,3,3,9,23;660,2,35,123;227,1,78
3822,1,1:202,1,94
3823,1,1:202,1,103
3824,2,2:202,1,104;205,1,52
3825,4,4:202,1,127;934,1,180;6,1,156;528,1,75
3826,1,1:202,1,140
3827,2,2:585,1,96;702,1,246
3828,3,3:585,1,97;656,1,89;887,1,41
3829,1,2:585,2,149,386
3830,1,1:585,1,296
3831,2,2:585,1,438;235,1,283
3832,1,1:585,1,446
3833,8,13:222,3,29,73,89;544,2,41,94;26,2,31,68;1,2,119,134;206,1,259;25,1,90;546,1,173;32,1,99
3834,1,1:544,1,101
3835,1,1:544,1,145
3836,1,1:653,1,107
3837,4,7:222,4,1,5,12,149;653,1,144;586,1,83;220,1,77
3838,7,14:222,5,2,6,13,61,151;593,4,5,13,26,65;653,1,145;586,1,84;449,1,132;284,1,45;548,1,88
3839,1,1:824,1,44
3840,1,1:824,1,70
3841,2,2:824,1,83;530,1,70
3842,1,1:824,1,101
3843,1,1:824,1,143
3844,1,1:203,1,38
3845,1,1:203,1,44
3846,2,2:203,1,55;211,1,115
3847,3,3:203,1,73;1,1,64;389,1,53
3848,1,1:586,1,35
3849,4,7:530,2,13,33;30,2,22,52;385,2,5,25;528,1,71
3850,1,1:530,1,51
3851,1,1:530,1,52
3852,6,8:385,3,78,206,246;530,1,53;25,1,93;6,1,81;30,1,63;222,1,83
3853,10,19:385,4,6,26,79,207;548,4,20,40,61,142;30,3,23,53,64;26,2,12,24;530,1,54;25,1,94;6,1,82;220,1,26;222,1,84;528,1,72
3854,1,1:530,1,124
3855,1,1:205,1,60
3856,1,1:205,1,63
3857,1,1:373,1,64
3858,1,1:676,1,30
3859,1,1:676,1,106
3860,1,4:676,4,107,111,195,205
3861,1,1:676,1,245
3862,1,1:946,1,27
3863,1,1:946,1,113
3864,1,1:946,1,174
3865,2,6:798,3,5,11,181;799,3,6,16,28
3866,1,1:798,1,47
3867,2,3:746,2,30,190;989,1,94
3868,1,1:746,1,41
3869,1,1:746,1,53
3870,2,2:746,1,152;590,1,212
3871,1,1:746,1,187
3872,1,1:800,1,69
3873,1,1:989,1,40
3874,1,1:831,1,25
3875,1,3:831,3,37,40,79
3876,1,1:831,1,101
3877,1,1:831,1,103
3878,1,1:831,1,138
3879,1,1:206,1,30
3880,13,24:804,4,4,14,21,60;383,3,3,7,28;971,3,4,9,13;720,3,64,214,229;701,3,2,15,57;206,1,100;207,1,101;25,1,42;375,1,50;287,1,37;748,1,33;955,1,24;223,1,79
3881,5,5:206,1,103;218,1,159;383,1,9;749,1,98;971,1,34
3882,1,1:206,1,105
3883,1,1:206,1,132
3884,1,2:207,2,54,188
3885,1,1:207,1,55
3886,1,1:207,1,97
3887,2,2:207,1,98;32,1,433
3888,1,1:207,1,102
3889,2,2:207,1,224;248,1,148
3890,14,21:801,3,2,10,20;991,3,68,94,132;78,3,10,23,171;219,2,87,163;374,1,55;210,1,97;814,1,65;804,1,71;73,1,41;912,1,145;223,1,68;751,1,65;388,1,119;390,1,49
3891,1,1:374,1,101
3892,6,10:752,3,6,15,32;747,2,20,58;388,2,22,56;208,1,42;217,1,165;30,1,221
3893,1,1:747,1,61
3894,1,1:747,1,104
3895,1,1:747,1,107
3896,4,5:470,2,27,96;747,1,109;28,1,140;489,1,95
3897,1,1:208,1,69
3898,1,1:208,1,86
3899,1,2:208,2,94,135
3900,1,1:208,1,117
3901,1,1:972,1,109
3902,1,1:972,1,111
3903,1,1:972,1,120
3904,1,1:966,1,78
3905,1,1:449,1,112
3906,1,1:449,1,135
3907,1,2:279,2,1,15
3908,1,1:279,1,103
3909,1,1:279,1,127
3910,1,2:409,2,79,133
3911,1,2:398,2,129,135
3912,1,1:398,1,154
3913,1,1:902,1,97
3914,2,3:209,2,63,107;722,1,221
3915,1,1:209,1,208
3916,5,5:876,1,168;654,1,160;707,1,152;750,1,36;31,1,224
3917,1,1:499,1,127
3918,1,3:695,3,23,46,76
3919,1,1:695,1,61
3920,2,2:695,1,81;229,1,108
3921,1,1:695,1,92
3922,1,1:280,1,316
3923,10,33:284,5,8,16,19,71,91;587,4,7,23,39,54;213,4,102,123,143,236;259,4,9,36,63,168;606,4,106,124,148,177;261,4,11,22,108,204;590,3,178,190,197;260,3,10,43,76;426,1,102;656,1,119
3924,3,4:213,2,173,196;587,1,55;656,1,92
3925,1,2:281,2,24,48
3926,1,1:281,1,79
3927,2,2:281,1,81;249,1,65
3928,1,1:281,1,232
3929,8,19:770,4,8,21,69,152;25,3,1,12,31;847,3,7,15,99;934,3,1,13,152;811,2,1,4;215,2,1,8;942,1,53;937,1,35
3930,1,1:25,1,95
3931,1,1:588,1,69
3932,1,1:770,1,145
3933,2,5:210,3,1,11,22;591,2,11,29
3934,3,4:219,2,88,164;210,1,98;73,1,44
3935,1,1:210,1,117
3936,1,1:210,1,146
3937,1,1:210,1,161
3938,6,12:814,3,7,15,40;388,3,9,19,33;913,3,13,30,52;752,1,39;858,1,49;389,1,68
3939,2,2:814,1,121;912,1,163
3940,1,1:814,1,124
3941,3,8:30,4,21,51,69,71;5,3,22,51,61;385,1,96
3942,1,2:5,2,29,58
3943,1,1:5,1,70
3944,2,5:978,4,1,7,163,189;5,1,267
3945,1,1:26,1,124
3946,1,1:26,1,126
3947,1,4:26,4,162,169,178,235
3948,1,1:26,1,212
3949,1,1:26,1,262
3950,1,3:500,3,8,23,58
3951,2,5:750,3,7,19,44;801,2,31,45
3952,1,1:696,1,45
3953,1,3:846,3,25,89,113
3954,1,1:846,1,26
3955,1,1:846,1,27
3956,1,1:846,1,30
3957,2,4:385,3,8,28,84;376,1,90
3958,5,8:385,4,9,29,85,247;376,1,91;6,1,87;78,1,66;32,1,98
3959,1,1:376,1,101
3960,1,1:376,1,116
3961,1,1:376,1,133
3962,1,1:376,1,252
3963,1,1:376,1,263
3964,1,3:933,3,6,18,49
3965,2,2:589,1,54;511,1,71
3966,2,2:589,1,78;212,1,53
3967,1,1:589,1,153
3968,1,1:697,1,27
3969,1,1:697,1,29
3970,1,1:697,1,44
3971,1,1:697,1,49
3972,1,1:697,1,53
3973,1,1:464,1,174
3974,1,3:282,3,19,39,75
3975,2,2:282,1,88;83,1,129
3976,1,1:282,1,96
3977,1,1:282,1,98
3978,1,1:282,1,123
3979,1,1:282,1,125
3980,1,1:248,1,90
3981,1,1:426,1,104
3982,1,1:802,1,100
3983,2,2:802,1,157;803,1,106
3984,2,2:802,1,159;803,1,104
3985,1,1:654,1,113
3986,1,1:707,1,136
3987,1,1:707,1,206
3988,1,1:698,1,126
3989,1,1:698,1,176
3990,1,1:771,1,103
3991,1,1:771,1,106
3992,1,1:771,1,133
3993,1,1:803,1,54
3994,1,1:211,1,92
3995,1,1:211,1,116
3996,1,1:450,1,34
3997,1,1:450,1,39
3998,1,1:450,1,44
3999,1,1:450,1,58
4000,1,1:450,1,64
4001,1,1:450,1,105
4002,1,1:450,1,149
4003,1,1:450,1,152
4004,1,1:450,1,312
4005,2,2:450,1,345;995,1,34
4006,1,1:450,1,370
4007,1,1:450,1,371
4008,1,1:450,1,375
4009,1,1:450,1,390
4010,1,1:450,1,396
4011,1,1:450,1,411
4012,3,6:935,3,1,9,25;599,2,58,89;450,1,422
4013,1,1:450,1,424
4014,2,2:479,1,55;451,1,50
4015,2,2:479,1,59;451,1,54
4016,2,2:479,1,64;451,1,58
4017,1,2:451,2,9,27
4018,1,1:451,1,65
4019,1,1:451,1,244
4020,1,2:526,2,5,20
4021,1,2:526,2,6,21
4022,1,2:526,2,8,23
4023,2,2:526,1,37;79,1,49
4024,1,1:283,1,63
4025,1,1:283,1,65
4026,1,1:283,1,66
4027,1,2:283,2,94,105
4028,1,1:283,1,132
4029,1,1:377,1,213
4030,2,2:377,1,352;226,1,82
4031,1,1:452,1,334
4032,1,1:452,1,340
4033,1,1:452,1,539
4034,1,1:452,1,565
4035,1,1:378,1,84
4036,1,1:378,1,86
4037,2,2:378,1,147;292,1,271
4038,1,1:655,1,71
4039,1,1:655,1,72
4040,1,1:655,1,74
4041,1,1:284,1,40
4042,1,1:284,1,77
4043,1,1:284,1,145
4044,1,1:284,1,158
4045,1,1:284,1,162
4046,1,1:284,1,163
4047,1,1:590,1,80
4048,1,1:590,1,152
4049,1,1:590,1,215
4050,2,2:590,1,224;548,1,119
4051,3,6:656,3,10,32,55;213,2,81,270;261,1,198
4052,2,2:213,1,191;595,1,53
4053,1,2:213,2,205,219
4054,1,1:656,1,63
4055,1,1:656,1,65
4056,1,1:656,1,84
4057,2,4:259,2,27,54;260,2,33,66
4058,1,1:259,1,123
4059,1,1:259,1,151
4060,1,1:606,1,29
4061,2,2:606,1,153;236,1,168
4062,1,1:261,1,301
4063,1,1:285,1,65
4064,1,2:286,2,8,35
4065,1,2:286,2,9,36
4066,1,1:286,1,100
4067,1,1:286,1,104
4068,1,4:286,4,113,118,156,201
4069,1,1:286,1,192
4070,1,1:286,1,229
4071,1,1:70,1,83
4072,2,2:973,1,30;937,1,70
4073,1,1:973,1,35
4074,1,1:973,1,46
4075,1,1:379,1,31
4076,1,1:379,1,46
4077,1,1:379,1,53
4078,1,1:837,1,76
4079,4,6:934,3,61,88,99;214,1,31;76,1,27;937,1,84
4080,1,1:214,1,50
4081,1,1:214,1,53
4082,1,2:214,2,57,69
4083,1,1:214,1,143
4084,1,2:214,2,168,242
4085,1,1:214,1,218
4086,1,1:214,1,244
4087,1,1:811,1,43
4088,1,1:546,1,79
4089,1,1:546,1,178
4090,1,1:847,1,66
4091,2,2:847,1,95;995,1,33
4092,2,2:847,1,162;457,1,73
4093,1,1:215,1,112
4094,1,1:215,1,148
4095,2,4:380,3,4,12,26;547,1,22
4096,2,2:380,1,247;699,1,82
4097,1,7:72,7,30,138,186,198,318,336,351
4098,1,1:72,1,81
4099,1,1:381,1,125
4100,1,1:216,1,75
4101,1,1:216,1,166
4102,1,1:217,1,17
4103,1,1:217,1,44
4104,1,1:217,1,104
4105,1,1:217,1,158
4106,1,1:995,1,15
4107,1,1:995,1,18
4108,1,1:995,1,21
4109,1,1:951,1,17
4110,1,1:951,1,19
4111,1,1:951,1,21
4112,1,2:1,2,14,33
4113,1,1:1,1,139
4114,1,1:934,1,63
4115,1,1:934,1,143
4116,1,1:934,1,177
4117,2,3:934,2,181,230;76,1,42
4118,2,4:382,2,6,15;591,2,16,34
4119,2,3:719,2,7,22;935,1,45
4120,1,4:719,4,51,71,135,155
4121,1,6:547,6,4,9,34,44,54,89
4122,1,1:287,1,35
4123,4,5:73,2,122,130;804,1,69;772,1,165;9,1,85
4124,2,2:748,1,38;720,1,69
4125,5,6:659,2,11,25;748,1,121;912,1,51;720,1,152;701,1,79
4126,2,2:748,1,166;720,1,197
4127,2,6:73,4,56,101,133,182;218,2,11,24
4128,2,2:218,1,143;74,1,101
4129,2,2:218,1,157;749,1,79
4130,3,3:218,1,221;73,1,32;74,1,75
4131,1,1:218,1,230
4132,1,1:74,1,55
4133,3,3:912,1,43;752,1,63;470,1,54
4134,1,1:912,1,67
4135,1,2:6,2,10,20
4136,1,1:6,1,88
4137,3,3:6,1,90;80,1,94;32,1,95
4138,1,1:29,1,146
4139,1,1:29,1,160
4140,1,1:29,1,179
4141,2,4:30,2,94,98;825,2,66,70
4142,1,1:30,1,107
4143,1,1:385,1,53
4144,1,1:385,1,83
4145,1,1:385,1,124
4146,1,1:385,1,223
4147,2,2:385,1,235;825,1,170
4148,1,2:404,2,10,29
4149,1,1:404,1,69
4150,1,3:428,3,5,25,46
4151,1,1:428,1,111
4152,1,1:548,1,72
4153,1,1:548,1,73
4154,1,1:548,1,127
4155,1,1:548,1,133
4156,1,1:548,1,136
4157,1,3:220,3,5,17,28
4158,2,6:937,4,3,10,65,100;220,2,11,23
4159,1,1:220,1,40
4160,1,1:220,1,42
4161,1,1:220,1,48
4162,1,1:220,1,111
4163,2,2:220,1,142;937,1,32
4164,1,1:936,1,31
4165,1,1:221,1,259
4166,1,1:937,1,49
4167,1,1:937,1,58
4168,1,1:937,1,121
4169,1,4:938,4,5,11,14,28
4170,1,1:938,1,27
4171,1,1:938,1,55
4172,1,1:772,1,134
4173,1,1:699,1,49
4174,1,1:699,1,86
4175,1,1:699,1,184
4176,2,2:699,1,319;288,1,24
4177,2,3:967,2,1,12;288,1,10
4178,1,1:657,1,138
4179,1,1:77,1,79
4180,1,1:222,1,57
4181,1,1:886,1,27
4182,1,1:886,1,28
4183,1,1:528,1,90
4184,1,1:454,1,52
4185,1,1:454,1,66
4186,1,1:223,1,51
4187,1,1:223,1,53
4188,1,1:991,1,22
4189,1,1:78,1,74
4190,1,1:78,1,76
4191,1,1:386,1,49
4192,1,1:386,1,70
4193,1,1:289,1,48
4194,1,4:501,4,2,15,32,93
4195,1,1:455,1,28
4196,1,1:455,1,77
4197,1,1:411,1,87
4198,1,1:411,1,170
4199,1,3:658,3,14,29,69
4200,2,4:31,3,211,233,371;489,1,57
4201,1,1:489,1,64
4202,1,1:290,1,58
4203,1,1:600,1,186
4204,1,1:600,1,189
4205,1,1:291,1,84
4206,1,1:291,1,89
4207,1,1:224,1,28
4208,1,1:224,1,30
4209,1,1:224,1,33
4210,1,1:224,1,35
4211,1,2:224,2,67,70
4212,1,1:224,1,164
4213,1,1:224,1,168
4214,1,1:940,1,40
4215,1,1:940,1,50
4216,1,1:940,1,63
4217,1,1:940,1,95
4218,2,2:940,1,120;394,1,73
4219,1,1:940,1,126
4220,1,1:940,1,131
4221,1,1:940,1,135
4222,1,1:940,1,147
4223,1,1:940,1,182
4224,1,1:832,1,77
4225,1,1:79,1,47
4226,1,1:80,1,112
4227,2,2:80,1,113;462,1,174
4228,1,1:80,1,131
4229,1,1:754,1,47
4230,1,1:978,1,67
4231,1,1:978,1,69
4232,1,2:978,2,122,155
4233,1,1:978,1,130
4234,1,1:978,1,141
4235,1,1:978,1,173
4236,1,1:857,1,16
4237,1,1:857,1,29
4238,1,1:857,1,38
4239,1,1:857,1,81
4240,1,1:857,1,83
4241,1,1:480,1,88
4242,1,1:456,1,61
4243,1,1:456,1,198
4244,1,1:456,1,222
4245,1,1:456,1,264
4246,1,2:457,2,62,147
4247,1,1:470,1,25
4248,2,2:470,1,111;702,1,87
4249,1,1:225,1,32
4250,1,1:225,1,33
4251,1,1:225,1,35
4252,1,1:225,1,38
4253,2,2:225,1,116;226,1,61
4254,1,1:226,1,76
4255,1,1:226,1,110
4256,1,1:226,1,112
4257,2,2:226,1,177;459,1,86
4258,1,2:388,2,6,16
4259,1,1:32,1,97
4260,1,1:32,1,102
4261,1,1:32,1,295
4262,1,1:32,1,416
4263,1,1:511,1,142
4264,1,1:677,1,13
4265,1,1:677,1,16
4266,1,1:677,1,24
4267,1,1:677,1,26
4268,1,1:677,1,27
4269,1,1:677,1,29
4270,1,3:292,3,6,21,82
4271,1,1:292,1,42
4272,1,1:292,1,64
4273,1,1:292,1,66
4274,1,2:292,2,87,253
4275,1,1:292,1,134
4276,1,1:292,1,138
4277,1,1:721,1,226
4278,1,1:701,1,140
4279,1,1:858,1,51
4280,1,2:459,2,6,16
4281,1,2:459,2,7,17
4282,1,1:459,1,60
4283,1,1:459,1,76
4284,1,1:862,1,24
4285,1,1:862,1,106
4286,1,1:595,1,44
4287,1,1:595,1,130
4288,3,9:877,3,5,17,29;852,3,5,19,36;755,3,9,22,34
4289,6,12:85,4,41,62,109,119;663,4,9,27,117,127;877,1,61;8,1,70;395,1,60;708,1,53
4290,1,1:877,1,80
4291,1,1:83,1,93
4292,1,1:83,1,113
4293,1,1:83,1,131
4294,1,1:83,1,304
4295,1,3:429,3,10,30,80
4296,1,1:429,1,104
4297,1,2:887,2,9,20
4298,1,1:887,1,61
4299,1,1:7,1,45
4300,1,2:7,2,46,93
4301,1,1:7,1,48
4302,1,1:7,1,50
4303,1,1:390,1,34
4304,1,1:390,1,36
4305,1,1:84,1,47
4306,1,1:84,1,55
4307,1,1:84,1,57
4308,1,1:84,1,75
4309,1,2:660,2,8,18
4310,1,2:660,2,9,19
4311,1,2:596,2,2,8
4312,1,1:596,1,53
4313,1,1:596,1,64
4314,1,2:391,2,2,5
4315,2,2:391,1,36;231,1,134
4316,1,2:229,2,34,100
4317,1,1:230,1,81
4318,1,1:230,1,129
4319,1,1:702,1,110
4320,1,1:702,1,116
4321,1,1:702,1,156
4322,1,1:702,1,327
4323,1,1:702,1,355
4324,1,1:702,1,356
4325,1,1:702,1,376
4326,1,2:231,2,12,24
4327,1,1:231,1,67
4328,1,1:231,1,77
4329,1,1:231,1,140
4330,1,2:531,2,18,36
4331,1,1:531,1,72
4332,1,1:599,1,51
4333,2,2:703,1,43;393,1,140
4334,1,1:703,1,45
4335,1,1:703,1,91
4336,1,1:392,1,132
4337,1,1:392,1,160
4338,1,2:294,2,17,34
4339,1,1:294,1,65
4340,1,1:393,1,113
4341,1,1:393,1,122
4342,1,1:394,1,21
4343,1,1:394,1,45
4344,1,1:670,1,80
4345,1,1:670,1,107
4346,1,1:670,1,255
4347,1,2:670,2,335,349
4348,1,1:670,1,347
4349,1,1:670,1,369
4350,1,2:460,2,3,10
4351,1,1:662,1,130
4352,1,1:722,1,164
4353,1,1:722,1,195
4354,1,1:461,1,54
4355,1,1:461,1,56
4356,1,1:462,1,170
4357,1,1:462,1,171
4358,1,1:462,1,172
4359,1,1:967,1,80
4360,1,1:967,1,96
4361,2,4:85,2,61,94;663,2,71,98
4362,1,1:663,1,156
4363,1,2:8,2,8,30
4364,1,2:8,2,18,40
4365,1,2:8,2,52,223
4366,1,2:8,2,110,189
4367,1,1:8,1,173
4368,1,1:8,1,209
4369,1,1:8,1,211
4370,1,1:8,1,231
4371,1,1:8,1,233
4372,1,1:8,1,237
4373,1,1:8,1,239
4374,1,1:8,1,253
4375,1,1:8,1,255
4376,1,1:8,1,295
4377,1,2:395,2,12,32
4378,1,1:395,1,57
4379,1,1:395,1,105
4380,1,1:852,1,60
4381,1,8:755,8,12,25,38,96,104,134,155,168
4382,1,1:755,1,77
4383,1,3:396,3,22,49,87
4384,1,1:396,1,189
4385,1,1:396,1,262
4386,1,1:295,1,103
4387,1,1:295,1,107
4388,1,1:295,1,193
4389,1,3:295,3,265,301,321
4390,1,3:296,3,14,46,77
4391,1,2:296,2,32,64
4392,1,1:296,1,119
4393,1,1:296,1,176
4394,1,2:249,2,4,21
4395,1,1:249,1,62
4396,1,1:249,1,63
4397,1,6:249,6,114,125,140,155,169,191
4398,1,2:235,2,9,26
4399,2,5:664,3,21,24,48;235,2,10,27
4400,1,1:235,1,86
4401,1,2:235,2,175,257
4402,1,1:235,1,242
4403,1,1:235,1,251
4404,1,1:235,1,271
4405,1,1:878,1,20
